time,open,high,low,close,Volume
2000-01-03T06:30:00-08:00,148.25,148.25,143.875,144.625,519613
2000-01-03T10:30:00-08:00,144.6875,145.5625,144.25,145.5625,277066
2000-01-04T06:30:00-08:00,143.53125,144.0625,140.65625,141.4375,509141
2000-01-04T10:30:00-08:00,141.53125,141.875,139.625,140.0625,285571
2000-01-05T06:30:00-08:00,139.9375,140.625,137.25,139.875,724150
2000-01-05T10:30:00-08:00,139.84375,141.53125,139.71875,140.28125,494185
2000-01-06T06:30:00-08:00,139.625,141.40625,139.25,141.0625,318522
2000-01-06T10:30:00-08:00,140.9375,141.5,139.59375,140.34375,223568
2000-01-07T06:30:00-08:00,140.3125,142.6875,140.0625,142.625,496457
2000-01-07T10:30:00-08:00,142.59375,144.4375,142.125,144.4375,234648
2000-01-10T06:30:00-08:00,146.25,146.90625,145.03125,145.625,388946
2000-01-10T10:30:00-08:00,145.71875,146.78125,145.40625,145.8125,168654
2000-01-11T06:30:00-08:00,145.8125,146.09375,144.71875,145.125,452416
2000-01-11T10:30:00-08:00,145.125,145.5625,143.5,144.09375,291765
2000-01-12T06:30:00-08:00,144.59375,144.59375,142.875,144.15625,499586
2000-01-12T10:30:00-08:00,144.15625,144.375,143.125,143.34375,181674
2000-01-13T06:30:00-08:00,144.46875,144.65625,143.28125,144.15625,299413
2000-01-13T10:30:00-08:00,144.25,145.75,144,145.125,188892
2000-01-14T06:30:00-08:00,146.53125,147.46875,145.96875,146.71875,490799
2000-01-14T10:30:00-08:00,146.78125,147.125,146.125,146.5,216367
2000-01-18T06:30:00-08:00,145.34375,146.46875,145.1875,146,441729
2000-01-18T10:30:00-08:00,146,146.625,145.5,145.625,196942
2000-01-19T06:30:00-08:00,145.3125,146.40625,145,146,296212
2000-01-19T10:30:00-08:00,146.09375,146.46875,145.15625,145.6875,254842
2000-01-20T06:30:00-08:00,146.96875,146.96875,143.8125,144.75,261016
2000-01-20T10:30:00-08:00,144.75,145.4375,144.5,144.5,290416
2000-01-21T06:30:00-08:00,145.5,145.5,144.125,144.8125,486899
2000-01-21T10:30:00-08:00,144.8125,145.125,144.09375,144.125,133795
2000-01-24T06:30:00-08:00,145.65625,145.84375,143.28125,143.625,273028
2000-01-24T10:30:00-08:00,143.625,143.71875,139.40625,140.0625,496130
2000-01-25T06:30:00-08:00,140.5,141.46875,139.625,139.75,614464
2000-01-25T10:30:00-08:00,139.75,141.625,139,141,356269
2000-01-26T06:30:00-08:00,141,141.53125,140.09375,141.0625,264007
2000-01-26T10:30:00-08:00,141.0625,141.5,140.28125,140.65625,226677
2000-01-27T06:30:00-08:00,141.84375,142.21875,139.6875,140.5625,745949
2000-01-27T10:30:00-08:00,140.59375,140.75,138.125,140,343384
2000-01-28T06:30:00-08:00,139.4375,140.0625,136.625,137.5,690181
2000-01-28T10:30:00-08:00,137.4375,138.375,135.53125,136.46875,438560
2000-01-31T06:30:00-08:00,135.8125,136.84375,135,136.3125,555762
2000-01-31T10:30:00-08:00,136.1875,139.4375,135.8125,139.4375,483666
2000-02-01T06:30:00-08:00,139.75,140.59375,138.53125,140.375,512043
2000-02-01T10:30:00-08:00,140.25,141.6875,139.84375,140.90625,284525
2000-02-02T06:30:00-08:00,141.28125,141.84375,140.625,141.375,252175
2000-02-02T10:30:00-08:00,141.25,142.25,140.375,141.28125,349478
2000-02-03T06:30:00-08:00,140.875,142.40625,140,141.90625,532135
2000-02-03T10:30:00-08:00,141.9375,142.96875,141.4375,142.84375,223369
2000-02-04T06:30:00-08:00,143.1875,144,142.875,143.625,312995
2000-02-04T10:30:00-08:00,143.6875,143.84375,142.125,142.78125,157697
2000-02-07T06:30:00-08:00,142.5625,142.71875,141.625,141.96875,220237
2000-02-07T10:30:00-08:00,141.875,142.78125,141.4375,142.71875,354344
2000-02-08T06:30:00-08:00,143.96875,144.53125,143.625,144,334671
2000-02-08T10:30:00-08:00,143.96875,144.5625,143.78125,144.28125,133841
2000-02-09T06:30:00-08:00,144.46875,144.46875,142.34375,142.53125,420547
2000-02-09T10:30:00-08:00,142.65625,143.125,141.375,141.40625,384033
2000-02-10T06:30:00-08:00,141.625,142.5625,141,142.1875,385067
2000-02-10T10:30:00-08:00,142,142,140.875,141.875,278308
2000-02-11T06:30:00-08:00,141.84375,141.9375,140.25,140.6875,374708
2000-02-11T10:30:00-08:00,140.53125,140.84375,138.03125,139.1875,462374
2000-02-14T06:30:00-08:00,139.78125,139.78125,138.5,138.5,500857
2000-02-14T10:30:00-08:00,138.59375,139.46875,138.3125,139.25,315093
2000-02-15T06:30:00-08:00,139.25,139.5,137.78125,139.375,513868
2000-02-15T10:30:00-08:00,139.25,141.21875,138.90625,140.75,488286
2000-02-16T06:30:00-08:00,140.375,140.9375,139.03125,139.375,572795
2000-02-16T10:30:00-08:00,139.375,140.15625,138.78125,139.09375,292984
2000-02-17T06:30:00-08:00,140.4375,140.4375,138.21875,139.5625,457199
2000-02-17T10:30:00-08:00,139.65625,140.125,138.28125,139.0625,269352
2000-02-18T06:30:00-08:00,138.875,138.875,136.15625,136.5,451634
2000-02-18T10:30:00-08:00,136.5,136.78125,134.625,135.1875,418539
2000-02-22T06:30:00-08:00,135.1875,135.96875,133.53125,134.46875,859800
2000-02-22T10:30:00-08:00,134.5,136.34375,133.53125,135.40625,710922
2000-02-23T06:30:00-08:00,135.625,136.03125,134.5,135.8125,464099
2000-02-23T10:30:00-08:00,135.8125,137.46875,135.5,136.5,729194
2000-02-24T06:30:00-08:00,136.6875,137.03125,133.5625,134.5,1069236
2000-02-24T10:30:00-08:00,134.40625,136.34375,133.09375,135.625,606914
2000-02-25T06:30:00-08:00,135.1875,136.71875,134.5625,134.59375,656050
2000-02-25T10:30:00-08:00,134.59375,134.84375,133.125,133.75,340564
2000-02-28T06:30:00-08:00,133.375,134.96875,132.71875,134.28125,924974
2000-02-28T10:30:00-08:00,134.125,136.6875,134,135.0625,357460
2000-02-29T06:30:00-08:00,136.0625,136.9375,135.75,136.75,508391
2000-02-29T10:30:00-08:00,136.625,137.4375,136.125,136.90625,268419
2000-03-01T06:30:00-08:00,137.625,138.5,137.40625,137.875,479068
2000-03-01T10:30:00-08:00,138,138.84375,137.21875,138.3125,184508
2000-03-02T06:30:00-08:00,138.6875,138.96875,137.34375,138,514311
2000-03-02T10:30:00-08:00,138,139.125,137.65625,138.71875,241673
2000-03-03T06:30:00-08:00,140.4375,141.71875,139.71875,141.1875,618664
2000-03-03T10:30:00-08:00,141.3125,141.5,140.65625,141.3125,595045
2000-03-06T06:30:00-08:00,140.8125,141.34375,140.0625,140.5,771837
2000-03-06T10:30:00-08:00,140.5625,140.75,138.75,139.375,423482
2000-03-07T06:30:00-08:00,140,140.15625,136.875,137.4375,1213361
2000-03-07T10:30:00-08:00,137.375,138.0625,135.21875,136.03125,583097
2000-03-08T06:30:00-08:00,136.46875,136.9375,135.03125,136.40625,790700
2000-03-08T10:30:00-08:00,136.1875,137.84375,136.1875,137.03125,386940
2000-03-09T06:30:00-08:00,137.25,138.84375,136.125,138.46875,384516
2000-03-09T10:30:00-08:00,138.59375,140.59375,138.1875,140.59375,131355
2000-03-10T06:30:00-08:00,140.1875,142,139.8125,140.71875,575948
2000-03-10T10:30:00-08:00,140.75,141.1875,139.53125,140,203534
2000-03-13T06:30:00-08:00,136.6875,140.46875,136.5,139.5,769737
2000-03-13T10:30:00-08:00,139.4375,139.96875,138,138.875,273109
2000-03-14T06:30:00-08:00,139.28125,140.09375,137.625,138.46875,509224
2000-03-14T10:30:00-08:00,138.46875,138.875,136.15625,136.5,276253
2000-03-15T06:30:00-08:00,136.875,138.96875,136.0625,138.8125,518288
2000-03-15T10:30:00-08:00,138.75,140.4375,138.40625,139.5,454022
2000-03-16T06:30:00-08:00,141.625,144.875,140.875,143.5,1473202
2000-03-16T10:30:00-08:00,143.71875,146.6875,143.21875,146.3125,741335
2000-03-17T06:30:00-08:00,145.8125,148,145.4375,146.78125,729887
2000-03-17T10:30:00-08:00,146.90625,147.5,146,146.6875,256330
2000-03-20T06:30:00-08:00,146.875,147.34375,146.1875,146.34375,676100
2000-03-20T10:30:00-08:00,146.46875,146.9375,144.78125,145.96875,577317
2000-03-21T06:30:00-08:00,145.53125,147.5,144.5,147.125,739268
2000-03-21T10:30:00-08:00,147.125,149.71875,146.28125,149.71875,567854
2000-03-22T06:30:00-08:00,149.5625,150.125,148.6875,149.0625,565444
2000-03-22T10:30:00-08:00,149,150.84375,148.75,150,246674
2000-03-23T06:30:00-08:00,149.15625,152.46875,149.15625,152.25,634880
2000-03-23T10:30:00-08:00,152.25,153.46875,151.875,152.625,419812
2000-03-24T06:30:00-08:00,152.875,155.75,152.5625,153.90625,728632
2000-03-24T10:30:00-08:00,154,154.0625,151.71875,153.28125,426025
2000-03-27T06:30:00-08:00,153.375,153.78125,152.25,152.8125,607326
2000-03-27T10:30:00-08:00,152.75,153.0625,152,152.5,231422
2000-03-28T06:30:00-08:00,151.25,152.96875,151,151.875,405331
2000-03-28T10:30:00-08:00,151.75,152.59375,150.78125,151,189322
2000-03-29T06:30:00-08:00,151.5625,152.21875,149.65625,150.375,404840
2000-03-29T10:30:00-08:00,150.375,152.46875,150,151.03125,251140
2000-03-30T06:30:00-08:00,150.15625,151.90625,149.875,150.78125,348983
2000-03-30T10:30:00-08:00,150.8125,151.1875,147.125,148.875,568857
2000-03-31T06:30:00-08:00,149.625,150.6875,148.4375,150.4375,563038
2000-03-31T10:30:00-08:00,150.4375,152.3125,150.09375,150.5625,290552
2000-04-03T06:30:00-07:00,150.125,150.875,148.6875,149.34375,513898
2000-04-03T10:30:00-07:00,149.375,151.03125,149.375,150.75,209955
2000-04-04T06:30:00-07:00,151.75,153,141.375,144.875,1101171
2000-04-04T10:30:00-07:00,145.5,151.25,144.75,150,625694
2000-04-05T06:30:00-07:00,147.875,150.8125,147.625,149.625,468732
2000-04-05T10:30:00-07:00,149.625,150.78125,148.28125,148.875,300312
2000-04-06T06:30:00-07:00,150.25,151.6875,149.5625,150.75,415526
2000-04-06T10:30:00-07:00,150.90625,151,149,150.3125,183175
2000-04-07T06:30:00-07:00,151.5625,152.125,150.5,151.625,237270
2000-04-07T10:30:00-07:00,151.46875,151.96875,150.65625,151.375,317177
2000-04-10T06:30:00-07:00,151.75,153.09375,151.125,151.46875,596627
2000-04-10T10:30:00-07:00,151.4375,152.34375,150.3125,150.78125,325889
2000-04-11T06:30:00-07:00,148.59375,151.625,148.375,151.1875,601023
2000-04-11T10:30:00-07:00,151.15625,151.625,149.46875,150.0625,165974
2000-04-12T06:30:00-07:00,150.375,151.15625,148.4375,150.1875,687374
2000-04-12T10:30:00-07:00,150.21875,150.59375,146.5625,146.625,324793
2000-04-13T06:30:00-07:00,147.46875,148.15625,145.15625,147,770917
2000-04-13T10:30:00-07:00,147,147.78125,143.78125,144,440357
2000-04-14T06:30:00-07:00,142.625,142.8125,138.25,139.75,1189978
2000-04-14T10:30:00-07:00,139.75,140,133.625,135.8125,831481
2000-04-17T06:30:00-07:00,135.1875,138.25,134.6875,136.5625,1709234
2000-04-17T10:30:00-07:00,136.625,140.125,135.09375,140.0625,681973
2000-04-18T06:30:00-07:00,140.5625,143.5,139.78125,143.125,695133
2000-04-18T10:30:00-07:00,143.1875,144.21875,142,144.21875,400038
2000-04-19T06:30:00-07:00,144.5,145.125,142.96875,144.34375,398489
2000-04-19T10:30:00-07:00,144.125,144.46875,142.53125,143,244537
2000-04-20T06:30:00-07:00,143.5625,143.9375,142.375,143.03125,555878
2000-04-20T10:30:00-07:00,143,143.875,142.4375,143.375,278729
2000-04-24T06:30:00-07:00,141.5,143.28125,141.03125,142.5,818508
2000-04-24T10:30:00-07:00,142.28125,143.28125,140.5,143,244784
2000-04-25T06:30:00-07:00,144.625,146.375,144.4375,146.25,776201
2000-04-25T10:30:00-07:00,146.25,147.96875,146,147.875,649918
2000-04-26T06:30:00-07:00,147.96875,148.75,146.75,147,417039
2000-04-26T10:30:00-07:00,147.09375,147.75,146,146.375,342654
2000-04-27T06:30:00-07:00,143,146.25,143,145.1875,1117740
2000-04-27T10:30:00-07:00,145.28125,147.34375,145.1875,146.5,459423
2000-04-28T06:30:00-07:00,147,147.84375,145.0625,146.0625,553854
2000-04-28T10:30:00-07:00,145.9375,146.21875,145.0625,145.21875,279517
2000-05-01T06:30:00-07:00,146.5625,147.8125,145.84375,147,335785
2000-05-01T10:30:00-07:00,146.75,148.46875,146.625,147.1875,323483
2000-05-02T06:30:00-07:00,145.5,147.125,145.5,146.6875,440507
2000-05-02T10:30:00-07:00,146.6875,146.84375,144.5,144.625,418784
2000-05-03T06:30:00-07:00,144,144,141.15625,141.40625,678692
2000-05-03T10:30:00-07:00,141.59375,142.125,139.78125,141.625,492088
2000-05-04T06:30:00-07:00,142,142.34375,140.875,141.3125,348471
2000-05-04T10:30:00-07:00,141.1875,142.1875,140.75,141.3125,231663
2000-05-05T06:30:00-07:00,141.0625,144,140.9375,143.46875,475464
2000-05-05T10:30:00-07:00,143.46875,143.875,142.625,143.34375,181675
2000-05-08T06:30:00-07:00,142.75,143.375,142.03125,142.3125,309827
2000-05-08T10:30:00-07:00,142.28125,143.21875,141.84375,142.53125,156382
2000-05-09T06:30:00-07:00,143.0625,143.40625,141.0625,141.5,299557
2000-05-09T10:30:00-07:00,141.5625,142.375,140.25,141.625,242223
2000-05-10T06:30:00-07:00,140.5,140.96875,137.8125,137.9375,485831
2000-05-10T10:30:00-07:00,138.03125,140.625,137.75,138.59375,521275
2000-05-11T06:30:00-07:00,140.125,141.40625,139.125,140.8125,478681
2000-05-11T10:30:00-07:00,140.8125,141.5,140.09375,140.9375,206080
2000-05-12T06:30:00-07:00,141.8125,143.46875,141.625,142.875,465688
2000-05-12T10:30:00-07:00,142.875,143.1875,142.15625,142.40625,128498
2000-05-15T06:30:00-07:00,142.75,144.34375,142,144.25,253785
2000-05-15T10:30:00-07:00,144.125,145.59375,143.3125,145.375,179903
2000-05-16T06:30:00-07:00,146.5625,147.46875,146.34375,147.125,365673
2000-05-16T10:30:00-07:00,147.125,147.71875,145.3125,147,414948
2000-05-17T06:30:00-07:00,145.6875,145.9375,144.46875,145.3125,325720
2000-05-17T10:30:00-07:00,144.96875,146.1875,144.75,145.25,234044
2000-05-18T06:30:00-07:00,145.625,146.3125,144.375,144.625,236671
2000-05-18T10:30:00-07:00,144.5,145.4375,143.9375,144.0625,170465
2000-05-19T06:30:00-07:00,142.5625,143.21875,141,141,350820
2000-05-19T10:30:00-07:00,141,141.875,140.40625,140.875,240203
2000-05-22T06:30:00-07:00,141.25,141.46875,137.1875,138.125,616354
2000-05-22T10:30:00-07:00,138,140.75,137,140.40625,406729
2000-05-23T06:30:00-07:00,140.4375,140.8125,138.78125,139.625,456381
2000-05-23T10:30:00-07:00,139.625,140.21875,137.5625,137.5625,276032
2000-05-24T06:30:00-07:00,138,139.75,136.5,137.25,613494
2000-05-24T10:30:00-07:00,137.21875,140.6875,136.96875,140.40625,477447
2000-05-25T06:30:00-07:00,140.6875,141.8125,140.375,141.3125,347112
2000-05-25T10:30:00-07:00,141.25,141.46875,137.71875,138.875,354919
2000-05-26T06:30:00-07:00,138.8125,139.6875,137.53125,138.21875,366140
2000-05-26T10:30:00-07:00,138.125,138.625,137.3125,138.3125,105733
2000-05-30T06:30:00-07:00,140,141.03125,139.46875,141,296461
2000-05-30T10:30:00-07:00,140.9375,142.6875,140.5625,142.625,194303
2000-05-31T06:30:00-07:00,142.5625,143.96875,142.09375,143.3125,366306
2000-05-31T10:30:00-07:00,143.46875,144,142.25,142.40625,192198
2000-06-01T06:30:00-07:00,143.6875,145.375,143,144.5,518081
2000-06-01T10:30:00-07:00,144.5,145.34375,143.75,145.15625,286497
2000-06-02T06:30:00-07:00,148.9375,149.09375,147.46875,147.78125,653696
2000-06-02T10:30:00-07:00,147.8125,148.5625,147.5,148.09375,193338
2000-06-05T06:30:00-07:00,147.46875,148.21875,147,147.875,484019
2000-06-05T10:30:00-07:00,147.875,148,146.875,147.25,198404
2000-06-06T06:30:00-07:00,146.625,147.78125,146.375,147.5,249255
2000-06-06T10:30:00-07:00,147.46875,147.625,145.90625,146.34375,212228
2000-06-07T06:30:00-07:00,146.625,147.25,146,147,254454
2000-06-07T10:30:00-07:00,146.90625,148,146.53125,147.5625,198541
2000-06-08T06:30:00-07:00,147.5,147.75,146.125,146.71875,458742
2000-06-08T10:30:00-07:00,146.71875,147.09375,146.0625,146.5625,104057
2000-06-09T06:30:00-07:00,147.5,147.96875,145.9375,146.125,128791
2000-06-09T10:30:00-07:00,146.21875,146.75,145.625,146.34375,163028
2000-06-12T06:30:00-07:00,146.96875,146.96875,145.3125,145.8125,130330
2000-06-12T10:30:00-07:00,145.84375,146.0625,145.125,145.28125,188898
2000-06-13T06:30:00-07:00,144.8125,146.46875,144.625,145.90625,435487
2000-06-13T10:30:00-07:00,146,147.75,145.6875,147.46875,210651
2000-06-14T06:30:00-07:00,148.25,148.875,147.46875,148,346271
2000-06-14T10:30:00-07:00,147.96875,148.40625,147.1875,147.5,290217
2000-06-15T06:30:00-07:00,148.125,148.4375,146.84375,148.28125,259997
2000-06-15T10:30:00-07:00,148.375,148.75,147.53125,148.25,316687
2000-06-16T06:30:00-07:00,148.3125,148.3125,146.75,147.21875,351285
2000-06-16T10:30:00-07:00,147.3125,147.6875,145.875,146.875,162193
2000-06-19T06:30:00-07:00,146.46875,147.5,146.25,147.4375,185308
2000-06-19T10:30:00-07:00,147.3125,149.15625,147.3125,148.65625,291010
2000-06-20T06:30:00-07:00,148.1875,148.875,147.09375,147.8125,400004
2000-06-20T10:30:00-07:00,147.75,148.28125,147,147.8125,148301
2000-06-21T06:30:00-07:00,146.9375,147.90625,146.875,147.375,110088
2000-06-21T10:30:00-07:00,147.46875,148.4375,147.125,147.9375,195343
2000-06-22T06:30:00-07:00,147.5625,147.6875,145.6875,146.40625,365122
2000-06-22T10:30:00-07:00,146.40625,146.71875,145,145.53125,266868
2000-06-23T06:30:00-07:00,145.8125,146.125,144.84375,145.3125,247115
2000-06-23T10:30:00-07:00,145.3125,145.40625,143.875,144.375,166348
2000-06-26T06:30:00-07:00,145.375,146.25,144.875,145.46875,315464
2000-06-26T10:30:00-07:00,145.46875,145.8125,144.90625,145.75,168759
2000-06-27T06:30:00-07:00,145.96875,146.71875,145.59375,145.625,181445
2000-06-27T10:30:00-07:00,145.625,146.1875,145.3125,145.5625,168470
2000-06-28T06:30:00-07:00,145.625,146.1875,145.4375,146.03125,128232
2000-06-28T10:30:00-07:00,145.9375,146.96875,145.3125,145.625,258110
2000-06-29T06:30:00-07:00,144.75,144.875,143.5,144.40625,237340
2000-06-29T10:30:00-07:00,144.375,145.75,144.1875,144.4375,261217
2000-06-30T06:30:00-07:00,143.9375,145.25,143.875,145,365465
2000-06-30T10:30:00-07:00,144.875,145.53125,144.03125,145.375,322942
2000-07-03T06:30:00-07:00,145.4375,147.4375,145.1875,147.28125,145937
2000-07-05T06:30:00-07:00,146.375,146.65625,145.71875,145.8125,151676
2000-07-05T10:30:00-07:00,145.8125,146.28125,144.375,145.09375,101416
2000-07-06T06:30:00-07:00,144.9375,145.5625,144.21875,145.3125,348734
2000-07-06T10:30:00-07:00,145.3125,146.46875,145.1875,145.875,185980
2000-07-07T06:30:00-07:00,146.6875,148.46875,146.25,147.9375,188150
2000-07-07T10:30:00-07:00,147.875,148.78125,147.875,148.09375,88756
2000-07-10T06:30:00-07:00,147.875,148.71875,147.625,148.59375,132278
2000-07-10T10:30:00-07:00,148.46875,148.90625,147.71875,147.96875,113413
2000-07-11T06:30:00-07:00,147.46875,149.125,147.15625,148.375,302777
2000-07-11T10:30:00-07:00,148.3125,148.40625,147.3125,148.375,227038
2000-07-12T06:30:00-07:00,149.28125,149.5625,148.6875,149.25,367387
2000-07-12T10:30:00-07:00,149.1875,150.125,149.03125,149.59375,199343
2000-07-13T06:30:00-07:00,149.96875,149.96875,149.1875,149.625,230326
2000-07-13T10:30:00-07:00,149.59375,150.375,149.4375,149.875,297356
2000-07-14T06:30:00-07:00,150.4375,150.8125,149.65625,150.5,363824
2000-07-14T10:30:00-07:00,150.5,151.25,150.34375,150.875,143516
2000-07-17T06:30:00-07:00,150.96875,151.78125,150.6875,151.71875,212988
2000-07-17T10:30:00-07:00,151.625,151.96875,151.0625,151.0625,133922
2000-07-18T06:30:00-07:00,150.625,150.625,149.34375,149.96875,196072
2000-07-18T10:30:00-07:00,149.9375,150.125,149.34375,149.6875,155095
2000-07-19T06:30:00-07:00,149.46875,149.90625,148.25,148.8125,475937
2000-07-19T10:30:00-07:00,148.78125,149.25,148.25,148.4375,238828
2000-07-20T06:30:00-07:00,149,150.5,148.8125,149.5625,310485
2000-07-20T10:30:00-07:00,149.4375,150.125,149.4375,149.8125,105629
2000-07-21T06:30:00-07:00,149.75,149.75,148.28125,148.75,250587
2000-07-21T10:30:00-07:00,148.71875,148.90625,147.875,148.25,274077
2000-07-24T06:30:00-07:00,148.125,148.84375,147.25,147.53125,360652
2000-07-24T10:30:00-07:00,147.46875,147.71875,146.5625,146.65625,197350
2000-07-25T06:30:00-07:00,147.75,147.8125,146.78125,147.25,286664
2000-07-25T10:30:00-07:00,147.25,147.84375,147,147.4375,152240
2000-07-26T06:30:00-07:00,146.96875,147.15625,145.625,146.15625,530591
2000-07-26T10:30:00-07:00,146.15625,147.15625,145.6875,146.15625,500303
2000-07-27T06:30:00-07:00,145.9375,146.625,144.6875,145.625,459215
2000-07-27T10:30:00-07:00,145.59375,146.375,144.8125,145.5,245895
2000-07-28T06:30:00-07:00,145.71875,145.90625,142.125,143.3125,292427
2000-07-28T10:30:00-07:00,143.3125,143.40625,141.5,142.25,276296
2000-07-31T06:30:00-07:00,142.9375,144.125,142.0625,144,253635
2000-07-31T10:30:00-07:00,144,144.125,142.90625,143.4375,246953
2000-08-01T06:30:00-07:00,143.625,144.25,143.125,144,234096
2000-08-01T10:30:00-07:00,143.96875,144.71875,143.625,144,149657
2000-08-02T06:30:00-07:00,143.875,145.40625,143.625,145,474687
2000-08-02T10:30:00-07:00,145.03125,145.21875,144.15625,144.25,241252
2000-08-03T06:30:00-07:00,142.875,144.90625,142.625,144.5625,313994
2000-08-03T10:30:00-07:00,144.5,145.8125,144.21875,145.5,134010
2000-08-04T06:30:00-07:00,146.3125,146.5625,145.40625,146.125,199896
2000-08-04T10:30:00-07:00,146.125,146.71875,145.625,146.53125,149619
2000-08-07T06:30:00-07:00,146.71875,148.21875,146.375,148,254572
2000-08-07T10:30:00-07:00,148.0625,148.4375,147.6875,148.125,155428
2000-08-08T06:30:00-07:00,147.5,148.46875,147.5,148,210445
2000-08-08T10:30:00-07:00,148.0625,148.8125,147.9375,148.5625,115783
2000-08-09T06:30:00-07:00,149.125,149.21875,147.875,148.6875,294406
2000-08-09T10:30:00-07:00,148.5625,148.875,147.375,147.6875,235399
2000-08-10T06:30:00-07:00,147.53125,147.84375,146.75,147.0625,227338
2000-08-10T10:30:00-07:00,147.0625,147.0625,146.28125,146.5625,175621
2000-08-11T06:30:00-07:00,146.625,147.84375,145.5625,147.6875,315473
2000-08-11T10:30:00-07:00,147.78125,148,147.3125,147.4375,144267
2000-08-14T06:30:00-07:00,147.78125,147.96875,147.0625,147.90625,152402
2000-08-14T10:30:00-07:00,147.875,149.5,147.84375,149.375,118609
2000-08-15T06:30:00-07:00,149.34375,149.59375,148.5625,149.1875,279629
2000-08-15T10:30:00-07:00,149.0625,149.8125,148.625,149.03125,198180
2000-08-16T06:30:00-07:00,149.3125,149.9375,148.5,148.75,241889
2000-08-16T10:30:00-07:00,148.6875,148.78125,147.84375,148.46875,256148
2000-08-17T06:30:00-07:00,148.6875,150.0625,148.34375,149.96875,322624
2000-08-17T10:30:00-07:00,149.84375,150.4375,149.5625,149.9375,197197
2000-08-18T06:30:00-07:00,150.375,150.375,149.4375,149.75,263590
2000-08-18T10:30:00-07:00,149.625,150.03125,149.21875,149.65625,184540
2000-08-21T06:30:00-07:00,150.03125,150.71875,149.875,150.1875,99399
2000-08-21T10:30:00-07:00,150.125,150.4375,149.40625,150.34375,109140
2000-08-22T06:30:00-07:00,150.5625,150.96875,150.28125,150.84375,129561
2000-08-22T10:30:00-07:00,150.875,151.3125,150.09375,150.21875,162353
2000-08-23T06:30:00-07:00,149.8125,150.96875,149.28125,150.78125,356126
2000-08-23T10:30:00-07:00,150.8125,151.28125,150.5,150.90625,180769
2000-08-24T06:30:00-07:00,151.15625,151.40625,150.5,151.25,333773
2000-08-24T10:30:00-07:00,151.15625,151.53125,150.75,151.4375,111140
2000-08-25T06:30:00-07:00,151.15625,151.625,150.9375,151.53125,215073
2000-08-25T10:30:00-07:00,151.59375,151.59375,151,151.09375,64213
2000-08-28T06:30:00-07:00,151.25,152.90625,151.25,152.75,371966
2000-08-28T10:30:00-07:00,152.71875,152.8125,151.78125,151.78125,148828
2000-08-29T06:30:00-07:00,151.4375,151.875,150.90625,151.875,183298
2000-08-29T10:30:00-07:00,151.6875,151.875,151.125,151.5,147315
2000-08-30T06:30:00-07:00,151.21875,151.5,150.5,150.875,216515
2000-08-30T10:30:00-07:00,150.875,151.125,150.4375,150.65625,152613
2000-08-31T06:30:00-07:00,151.0625,152.5625,150.90625,152.375,318154
2000-08-31T10:30:00-07:00,152.375,153.09375,152.25,152.25,136454
2000-09-01T06:30:00-07:00,153.25,153.59375,152,152.75,201151
2000-09-01T10:30:00-07:00,152.75,152.78125,152.1875,152.5625,101353
2000-09-05T06:30:00-07:00,151.875,152.1875,151,151.40625,218285
2000-09-05T10:30:00-07:00,151.5,151.6875,150.8125,151.25,100082
2000-09-06T06:30:00-07:00,151.1875,151.78125,150.53125,150.53125,191320
2000-09-06T10:30:00-07:00,150.53125,150.75,149.6875,149.6875,198100
2000-09-07T06:30:00-07:00,150.25,150.875,149.8125,150.65625,271430
2000-09-07T10:30:00-07:00,150.6875,151.0625,150.375,150.75,114867
2000-09-08T06:30:00-07:00,150.28125,150.5,149.3125,150.125,195391
2000-09-08T10:30:00-07:00,150.0625,150.46875,149.5625,149.71875,119481
2000-09-11T06:30:00-07:00,149.75,151.1875,149.3125,150.125,202229
2000-09-11T10:30:00-07:00,150.0625,150.5,148.6875,149.46875,178523
2000-09-12T06:30:00-07:00,149.75,150.25,149.28125,149.84375,178759
2000-09-12T10:30:00-07:00,149.71875,149.875,148.4375,148.75,294275
2000-09-13T06:30:00-07:00,148,149.34375,147.65625,148.46875,274180
2000-09-13T10:30:00-07:00,148.59375,149.28125,148.5,148.875,169642
2000-09-14T06:30:00-07:00,149.875,149.9375,149.0625,149.3125,162573
2000-09-14T10:30:00-07:00,149.21875,149.28125,148.15625,148.53125,157150
2000-09-15T06:30:00-07:00,148.1875,148.25,147.21875,147.375,191010
2000-09-15T10:30:00-07:00,147.4375,147.46875,146.03125,146.75,204987
2000-09-18T06:30:00-07:00,146.375,146.96875,144.59375,144.59375,255269
2000-09-18T10:30:00-07:00,144.59375,145.625,144.1875,144.6875,214849
2000-09-19T06:30:00-07:00,145.125,145.9375,144.6875,145.3125,311275
2000-09-19T10:30:00-07:00,145.34375,146.3125,145.25,146.0625,321422
2000-09-20T06:30:00-07:00,145.6875,146.03125,143.375,143.46875,220274
2000-09-20T10:30:00-07:00,143.40625,145.71875,143.15625,145.21875,432222
2000-09-21T06:30:00-07:00,144.46875,145.1875,143.75,144.90625,320180
2000-09-21T10:30:00-07:00,144.84375,145.5625,143.875,145.03125,171684
2000-09-22T06:30:00-07:00,142.625,143.75,142.40625,143.25,390420
2000-09-22T10:30:00-07:00,143.21875,145.15625,143.125,145.15625,342977
2000-09-25T06:30:00-07:00,145.93,146.06,144.9,145.15,537132
2000-09-25T10:30:00-07:00,145.12,145.18,143.71,144.12,190136
2000-09-26T06:30:00-07:00,144.375,145,143.03125,143.625,295620
2000-09-26T10:30:00-07:00,143.78125,144.25,142.625,142.875,202641
2000-09-27T06:30:00-07:00,143.5625,143.96875,142.5,143.4375,336941
2000-09-27T10:30:00-07:00,143.53125,143.53125,142.125,142.8125,212473
2000-09-28T06:30:00-07:00,143.1875,145.5625,142.875,145.40625,406655
2000-09-28T10:30:00-07:00,145.1875,146.3125,145.1875,146.1875,262983
2000-09-29T06:30:00-07:00,145.46875,145.65625,144.375,144.90625,319239
2000-09-29T10:30:00-07:00,144.90625,145.6875,143.75,143.78125,460625
2000-10-02T06:30:00-07:00,144.28125,144.90625,143.375,143.65625,192273
2000-10-02T10:30:00-07:00,143.71875,144.0625,143.125,143.8125,321473
2000-10-03T06:30:00-07:00,144.53125,145.375,143.78125,145.25,342211
2000-10-03T10:30:00-07:00,145.25,145.75,142.53125,142.625,499400
2000-10-04T06:30:00-07:00,142.875,143.75,141.75,143.0625,426882
2000-10-04T10:30:00-07:00,143.125,144.25,142.6875,143.5625,160880
2000-10-05T06:30:00-07:00,143.40625,144.625,143.3125,143.96875,263900
2000-10-05T10:30:00-07:00,144,144.84375,143.65625,143.875,140974
2000-10-06T06:30:00-07:00,143.875,144.625,140.875,141.15625,548043
2000-10-06T10:30:00-07:00,141.125,141.71875,139.75,141,433435
2000-10-09T06:30:00-07:00,141.3125,141.3125,139.375,140.6875,318379
2000-10-09T10:30:00-07:00,140.65625,141.25,140.03125,140.4375,125864
2000-10-10T06:30:00-07:00,140.09375,141.25,139,140.125,419630
2000-10-10T10:30:00-07:00,140.28125,140.28125,138.5625,138.875,170105
2000-10-11T06:30:00-07:00,137.625,138.5625,135.125,137.40625,644753
2000-10-11T10:30:00-07:00,137.4375,138.3125,135.9375,136.5625,381091
2000-10-12T06:30:00-07:00,137.28125,137.59375,133.25,134.375,766316
2000-10-12T10:30:00-07:00,134.28125,134.6875,132.78125,133.15625,346741
2000-10-13T06:30:00-07:00,132.9375,136.6875,132.875,136.3125,716174
2000-10-13T10:30:00-07:00,136.21875,137.65625,136.125,137.59375,379024
2000-10-16T06:30:00-07:00,137.40625,138.21875,136.6875,137.1875,341863
2000-10-16T10:30:00-07:00,137.375,138.21875,137.15625,137.46875,179106
2000-10-17T06:30:00-07:00,138.4375,138.5625,135.40625,135.40625,372459
2000-10-17T10:30:00-07:00,135.625,135.71875,134.40625,135.46875,363136
2000-10-18T06:30:00-07:00,132.625,135.5,130.15625,134.625,750296
2000-10-18T10:30:00-07:00,134.5625,136.125,133.90625,134.40625,259949
2000-10-19T06:30:00-07:00,136.84375,138.46875,136.4375,138.46875,544234
2000-10-19T10:30:00-07:00,138.375,139.4375,137.875,139.03125,267817
2000-10-20T06:30:00-07:00,138.375,140.8125,138.375,140.65625,404833
2000-10-20T10:30:00-07:00,140.75,141.1875,139.6875,139.875,270390
2000-10-23T06:30:00-07:00,139.9375,141.03125,139.5,139.6875,303900
2000-10-23T10:30:00-07:00,139.75,140.3125,138.9375,140,200874
2000-10-24T06:30:00-07:00,140.96875,141.9375,140.3125,140.4375,276764
2000-10-24T10:30:00-07:00,140.46875,140.6875,139,140.125,224241
2000-10-25T06:30:00-07:00,138.75,139.5625,137.375,137.625,424956
2000-10-25T10:30:00-07:00,137.625,138.53125,136.375,136.90625,338759
2000-10-26T06:30:00-07:00,137.125,137.65625,134.40625,134.4375,440273
2000-10-26T10:30:00-07:00,134.5,137.65625,134.03125,136.625,376825
2000-10-27T06:30:00-07:00,137.875,138.5,136.625,138.25,459882
2000-10-27T10:30:00-07:00,138.28125,138.84375,137.5,138.375,356353
2000-10-30T06:30:00-08:00,138.4375,139.84375,138.15625,138.9375,482571
2000-10-30T10:30:00-08:00,139,141.09375,138.75,140.25,374705
2000-10-31T06:30:00-08:00,141.03125,142.65625,140.84375,142.625,446291
2000-10-31T10:30:00-08:00,142.625,143.6875,142.34375,142.96875,242120
2000-11-01T06:30:00-08:00,142.25,143.25,142.03125,142.3125,414928
2000-11-01T10:30:00-08:00,142.40625,142.6875,141.21875,142.40625,222256
2000-11-02T06:30:00-08:00,143.15625,143.875,142.5,142.90625,304019
2000-11-02T10:30:00-08:00,142.78125,143.5,142.65625,143.03125,114720
2000-11-03T06:30:00-08:00,143.46875,143.75,142.375,142.875,346263
2000-11-03T10:30:00-08:00,142.8125,143.21875,142.4375,143.09375,127755
2000-11-06T06:30:00-08:00,143.15625,144.25,143.125,144.03125,232690
2000-11-06T10:30:00-08:00,144.09375,144.125,143.03125,143.6875,107904
2000-11-07T06:30:00-08:00,143.125,144,142.5625,143.8125,296665
2000-11-07T10:30:00-08:00,143.84375,144,143.03125,143.46875,196561
2000-11-08T06:30:00-08:00,144.0625,144.0625,142.0625,142.125,331660
2000-11-08T10:30:00-08:00,142.0625,142.5,141.03125,141.25,223323
2000-11-09T06:30:00-08:00,140,141.21875,139.0625,139.21875,376789
2000-11-09T10:30:00-08:00,139.28125,140.75,137.25,140.40625,519577
2000-11-10T06:30:00-08:00,139,139.4375,137.75,138.34375,519990
2000-11-10T10:30:00-08:00,138.40625,138.84375,136.875,136.96875,302134
2000-11-13T06:30:00-08:00,135.625,136.1875,133.03125,134.625,1164390
2000-11-13T10:30:00-08:00,134.5,136.96875,134.4375,135.375,485281
2000-11-14T06:30:00-08:00,137.46875,139.625,137,138.875,494235
2000-11-14T10:30:00-08:00,138.8125,139.5,138.15625,138.75,244592
2000-11-15T06:30:00-08:00,139.0625,139.9375,138.09375,139.75,309565
2000-11-15T10:30:00-08:00,139.75,140.09375,137.75,139.1875,468336
2000-11-16T06:30:00-08:00,138.5625,139.875,138,138.125,380961
2000-11-16T10:30:00-08:00,138.125,138.8125,137.3125,137.75,245207
2000-11-17T06:30:00-08:00,137.3125,139,135.75,136.375,455280
2000-11-17T10:30:00-08:00,136.46875,137.53125,136.25,137.46875,132979
2000-11-20T06:30:00-08:00,135.75,136.375,134.5,134.75,280683
2000-11-20T10:30:00-08:00,134.84375,136.375,134.375,134.6875,216156
2000-11-21T06:30:00-08:00,134.875,135.5,133.59375,134.875,282688
2000-11-21T10:30:00-08:00,134.875,136.1875,134.875,135.15625,156067
2000-11-22T06:30:00-08:00,134.34375,134.875,132.53125,133.65625,377010
2000-11-22T10:30:00-08:00,133.5,134.375,132.4375,132.5,150986
2000-11-24T06:30:00-08:00,133.625,134.96875,133.625,134.84375,341186
2000-11-27T06:30:00-08:00,136.46875,136.6875,135.5,136.03125,463197
2000-11-27T10:30:00-08:00,136.03125,136.5,135.3125,135.5,95211
2000-11-28T06:30:00-08:00,135.125,136.59375,134.21875,135.125,257884
2000-11-28T10:30:00-08:00,135.125,135.875,133.8125,133.8125,161032
2000-11-29T06:30:00-08:00,134.375,135.90625,133.25,134,446673
2000-11-29T10:30:00-08:00,133.875,135,133.34375,134.625,193523
2000-11-30T06:30:00-08:00,132.5,133.5,130.875,131.375,477245
2000-11-30T10:30:00-08:00,131.40625,133.0625,129.75,131.625,532932
2000-12-01T06:30:00-08:00,133.1875,134.0625,132.25,133.59375,471469
2000-12-01T10:30:00-08:00,133.625,133.75,131,131.875,254886
2000-12-04T06:30:00-08:00,131.875,133.625,131.5,132.5625,373023
2000-12-04T10:30:00-08:00,132.5,133.875,132.5,133,236316
2000-12-05T06:30:00-08:00,134.875,137.6875,134.40625,136.625,570469
2000-12-05T10:30:00-08:00,136.625,138.1875,136.625,138.125,238597
2000-12-06T06:30:00-08:00,137.78125,138.34375,136.875,137.125,676999
2000-12-06T10:30:00-08:00,137,137.3125,135.03125,135.53125,536867
2000-12-07T06:30:00-08:00,134.875,135.875,134.8125,135.0625,390509
2000-12-07T10:30:00-08:00,135.03125,135.15625,134.375,134.96875,201473
2000-12-08T06:30:00-08:00,137.0625,137.8125,136.09375,137.34375,479387
2000-12-08T10:30:00-08:00,137.46875,139.125,136.875,137.65625,334410
2000-12-11T06:30:00-08:00,137.375,139.25,136.71875,138.625,399818
2000-12-11T10:30:00-08:00,138.71875,139.5625,138.21875,138.625,192616
2000-12-12T06:30:00-08:00,138.1875,138.59375,137.71875,138.0625,272679
2000-12-12T10:30:00-08:00,138.125,138.5,137.375,137.75,158326
2000-12-13T06:30:00-08:00,139.25,139.40625,137,137.4375,414200
2000-12-13T10:30:00-08:00,137.375,137.84375,136.28125,136.53125,139375
2000-12-14T06:30:00-08:00,135.875,136.5,134.5625,135.53125,432162
2000-12-14T10:30:00-08:00,135.5,135.78125,134.1875,134.1875,302482
2000-12-15T06:30:00-08:00,133.125,133.125,130.5625,131.25,495198
2000-12-15T10:30:00-08:00,131.3125,133.125,130.8125,131.4375,336877
2000-12-18T06:30:00-08:00,132.0625,133.46875,132.0625,132.8125,424004
2000-12-18T10:30:00-08:00,132.84375,133,131.75,132.375,236276
2000-12-19T06:30:00-08:00,132.46875,134.40625,132,134.34375,283836
2000-12-19T10:30:00-08:00,134.21875,134.96875,130.5,130.5625,593432
2000-12-20T06:30:00-08:00,128.625,128.9375,127.125,127.5,613387
2000-12-20T10:30:00-08:00,127.46875,128,126.09375,126.6875,327825
2000-12-21T06:30:00-08:00,126,128.84375,125.53125,128.21875,924205
2000-12-21T10:30:00-08:00,128.21875,128.71875,126.6875,127.6875,403700
2000-12-22T06:30:00-08:00,129,130.59375,128.84375,130.0625,643105
2000-12-22T10:30:00-08:00,130,130.84375,129,130.84375,246138
2000-12-26T06:30:00-08:00,130.84375,131.9375,130.625,130.625,214779
2000-12-26T10:30:00-08:00,130.78125,131.90625,130.28125,131.875,231459
2000-12-27T06:30:00-08:00,132,133.46875,131.25,132.78125,256071
2000-12-27T10:30:00-08:00,132.84375,133.65625,132.4375,133.125,177958
2000-12-28T06:30:00-08:00,132.8125,133.71875,132.59375,133.34375,433739
2000-12-28T10:30:00-08:00,133.25,133.8125,132.90625,133.59375,293693
2000-12-29T06:30:00-08:00,134.0625,134.28125,132.78125,132.90625,343906
2000-12-29T10:30:00-08:00,132.9375,133.4375,131.875,132.25,420388
2001-01-02T06:30:00-08:00,132,132.15625,129.3125,129.8125,479669
2001-01-02T10:30:00-08:00,129.78125,129.78125,127.5625,128.25,381405
2001-01-03T06:30:00-08:00,128.3125,136,127.65625,133.5,881425
2001-01-03T10:30:00-08:00,133.9375,136,132.46875,135,873220
2001-01-04T06:30:00-08:00,134.9375,135.46875,133.6875,134.3125,599994
2001-01-04T10:30:00-08:00,134.25,134.40625,133,133.40625,242971
2001-01-05T06:30:00-08:00,133.46875,133.625,130.28125,131.3125,928166
2001-01-05T10:30:00-08:00,131.125,131.46875,129.28125,130.25,322437
2001-01-08T06:30:00-08:00,129.875,130.0625,128.5625,128.875,385068
2001-01-08T10:30:00-08:00,128.9375,129.75,127.6875,129.75,223531
2001-01-09T06:30:00-08:00,131.03125,131.5,129.6875,130.25,329529
2001-01-09T10:30:00-08:00,130.375,130.84375,129.625,130.125,186042
2001-01-10T06:30:00-08:00,129,131.59375,128.8125,130.1875,610366
2001-01-10T10:30:00-08:00,130.1875,131.8125,130.03125,131.65625,194897
2001-01-11T06:30:00-08:00,131.09375,132.875,131.09375,132.5,400004
2001-01-11T10:30:00-08:00,132.5,133.46875,132.3125,132.75,213013
2001-01-12T06:30:00-08:00,132.6875,133.71875,131.4375,131.75,402590
2001-01-12T10:30:00-08:00,131.625,132.46875,131.28125,131.90625,238817
2001-01-16T06:30:00-08:00,132,132.46875,131.5,132,284931
2001-01-16T10:30:00-08:00,132.09375,133.1875,131.90625,132.5625,473461
2001-01-17T06:30:00-08:00,134.84375,135.03125,133.875,134,418374
2001-01-17T10:30:00-08:00,134,134.375,132.625,132.9375,329691
2001-01-18T06:30:00-08:00,133.4375,135.34375,132.9375,135.1875,538140
2001-01-18T10:30:00-08:00,135.15625,135.6875,134.78125,135.03125,246727
2001-01-19T06:30:00-08:00,136.1875,136.1875,133.875,134.4375,501977
2001-01-19T10:30:00-08:00,134.375,135.25,134.0625,134.46875,229245
2001-01-22T06:30:00-08:00,134.25,135.78125,133.8125,133.9375,389670
2001-01-22T10:30:00-08:00,133.9375,134.78125,133.5625,134.625,272293
2001-01-23T06:30:00-08:00,134.46875,135.53125,134.15625,135.375,441183
2001-01-23T10:30:00-08:00,135.4375,136.65625,135.28125,136.125,349083
2001-01-24T06:30:00-08:00,136.25,137.3125,135.875,136.40625,403688
2001-01-24T10:30:00-08:00,136.375,136.9375,135.84375,136.6875,165153
2001-01-25T06:30:00-08:00,136.25,137.25,135.65625,136.78125,709700
2001-01-25T10:30:00-08:00,136.65625,136.875,135.75,136.0625,316309
2001-01-26T06:30:00-08:00,135.15625,135.84375,134.4375,135.59375,457455
2001-01-26T10:30:00-08:00,135.6875,136.125,135.34375,135.78125,200010
2001-01-29T06:30:00-08:00,135.5,136.42,135.37,136.27,405701
2001-01-29T10:30:00-08:00,136.27,136.9,136.13,136.65,169350
2001-01-30T06:30:00-08:00,136.3,137.04,135.79,136.95,438675
2001-01-30T10:30:00-08:00,136.96,137.92,136.65,137.75,217686
2001-01-31T06:30:00-08:00,137.4,138.24,137.4,137.85,371869
2001-01-31T10:30:00-08:00,137.78,138.7,136.6,137.06,550636
2001-02-01T06:30:00-08:00,137.1,137.5,136.26,136.69,520062
2001-02-01T10:30:00-08:00,136.68,137.56,136.25,137.48,264079
2001-02-02T06:30:00-08:00,137.4,137.99,135.56,136,543749
2001-02-02T10:30:00-08:00,136.05,136.3,135,135.08,247031
2001-02-05T06:30:00-08:00,134.8,135.6,134.8,135.07,226897
2001-02-05T10:30:00-08:00,135,135.9,134.75,135.89,149632
2001-02-06T06:30:00-08:00,135.3,136.7,135.3,136.39,546093
2001-02-06T10:30:00-08:00,136.3,136.33,135.22,135.42,152654
2001-02-07T06:30:00-08:00,134.72,135.4,134.05,134.11,299892
2001-02-07T10:30:00-08:00,134.12,134.82,133.68,134.22,229930
2001-02-08T06:30:00-08:00,134.8,135.4,134.01,134.12,313894
2001-02-08T10:30:00-08:00,134.19,134.5,133.48,133.48,241864
2001-02-09T06:30:00-08:00,133.35,133.35,132.3,132.74,671570
2001-02-09T10:30:00-08:00,132.62,132.7,131.26,131.83,290961
2001-02-12T06:30:00-08:00,131.7,133.26,131.7,132.56,382186
2001-02-12T10:30:00-08:00,132.63,133.5,132.62,133.14,176303
2001-02-13T06:30:00-08:00,133.7,134.17,133.22,133.68,384085
2001-02-13T10:30:00-08:00,133.61,133.69,132,132.12,225440
2001-02-14T06:30:00-08:00,132.6,132.65,130.66,131.17,484453
2001-02-14T10:30:00-08:00,131.23,132.42,131.06,132.15,303776
2001-02-15T06:30:00-08:00,132.84,133.52,132.5,133.1,317227
2001-02-15T10:30:00-08:00,133.1,133.45,132.65,132.96,225119
2001-02-16T06:30:00-08:00,131,131.29,130.45,130.5,294049
2001-02-16T10:30:00-08:00,130.5,130.99,129.51,130.46,319915
2001-02-20T06:30:00-08:00,131.04,131.14,129.05,129.12,315804
2001-02-20T10:30:00-08:00,129.07,129.53,128.16,128.32,210412
2001-02-21T06:30:00-08:00,127.9,128.84,127.3,127.8,666651
2001-02-21T10:30:00-08:00,127.85,128.04,125.52,125.6,338617
2001-02-22T06:30:00-08:00,126.35,126.35,123.02,125.72,1598345
2001-02-22T10:30:00-08:00,125.7,126.54,123.92,125.52,445129
2001-02-23T06:30:00-08:00,125.08,125.24,122.3,122.51,908404
2001-02-23T10:30:00-08:00,122.64,125.54,121.8,124.89,642843
2001-02-26T06:30:00-08:00,125.8,125.98,124.5,125.63,555577
2001-02-26T10:30:00-08:00,125.62,127.25,125.2,127.25,395580
2001-02-27T06:30:00-08:00,126.8,127.84,126,126.51,792489
2001-02-27T10:30:00-08:00,126.51,126.89,125.51,126.35,302242
2001-02-28T06:30:00-08:00,126.75,126.84,123.85,124.61,847164
2001-02-28T10:30:00-08:00,124.68,125.35,123.27,124.2,512734
2001-03-01T06:30:00-08:00,124.05,124.1,122.1,122.1,637029
2001-03-01T10:30:00-08:00,122.17,124.5,121.75,124.4,732060
2001-03-02T06:30:00-08:00,122.5,125.25,122.3,125.07,764572
2001-03-02T10:30:00-08:00,125.16,125.65,123.6,123.72,457209
2001-03-05T06:30:00-08:00,124.15,124.78,123.81,124.35,329454
2001-03-05T10:30:00-08:00,124.3,124.71,124.06,124.4,145662
2001-03-06T06:30:00-08:00,126.35,127.3,125.86,126.5,454352
2001-03-06T10:30:00-08:00,126.55,126.84,125.6,125.87,210457
2001-03-07T06:30:00-08:00,126.9,126.9,125.78,126.6,397750
2001-03-07T10:30:00-08:00,126.64,126.74,125.76,126.64,201906
2001-03-08T06:30:00-08:00,126.6,127.22,126.14,126.55,388313
2001-03-08T10:30:00-08:00,126.52,127.06,126.2,126.9,170023
2001-03-09T06:30:00-08:00,126.1,126.1,123.76,124.04,578286
2001-03-09T10:30:00-08:00,124.06,124.39,123.11,123.67,381016
2001-03-12T06:30:00-08:00,122.34,122.5,120.3,121.1,572428
2001-03-12T10:30:00-08:00,121.1,121.13,117.75,118.44,595823
2001-03-13T06:30:00-08:00,119.4,119.5,117.53,118.97,882062
2001-03-13T10:30:00-08:00,118.99,120.44,118.48,120.2,338805
2001-03-14T06:30:00-08:00,117.05,119.29,115.75,116.39,1207332
2001-03-14T10:30:00-08:00,116.2,117.83,116.01,117.2,502202
2001-03-15T06:30:00-08:00,118.45,118.86,117.51,117.95,526642
2001-03-15T10:30:00-08:00,118.02,118.47,117.52,117.71,269463
2001-03-16T06:30:00-08:00,117.13,117.4,115.06,115.99,956648
2001-03-16T10:30:00-08:00,115.89,116.44,114.81,115.31,485603
2001-03-19T06:30:00-08:00,115.76,116.13,114.82,115.52,440124
2001-03-19T10:30:00-08:00,115.6,117.69,115.53,117.3,509588
2001-03-20T06:30:00-08:00,117.9,118.26,117,117.94,420512
2001-03-20T10:30:00-08:00,117.9,118.46,114.22,114.25,918130
2001-03-21T06:30:00-08:00,114.18,115.26,113,113.01,1083060
2001-03-21T10:30:00-08:00,113.04,114.48,111.9,112.34,599380
2001-03-22T06:30:00-08:00,112.02,112.4,108.62,109.8,1570401
2001-03-22T10:30:00-08:00,109.81,112.6,108.04,111.9,998564
2001-03-23T06:30:00-08:00,113.25,113.95,111.83,113.47,809382
2001-03-23T10:30:00-08:00,113.36,114.48,113.02,114.25,397536
2001-03-26T06:30:00-08:00,115.7,116.27,115.02,115.71,532778
2001-03-26T10:30:00-08:00,115.74,115.74,114.77,115.5,334757
2001-03-27T06:30:00-08:00,115.62,117.93,115.28,117.79,823611
2001-03-27T10:30:00-08:00,117.76,118.65,117.29,118.37,397482
2001-03-28T06:30:00-08:00,116.9,116.95,115.13,115.8,664347
2001-03-28T10:30:00-08:00,115.8,116.2,114.9,115.45,337515
2001-03-29T06:30:00-08:00,114.63,116.5,114.44,115.65,458605
2001-03-29T10:30:00-08:00,115.65,115.8,113.7,114.98,416684
2001-03-30T06:30:00-08:00,115.55,115.95,114.5,115.3,473115
2001-03-30T10:30:00-08:00,115.33,116.65,115.31,116.12,361638
2001-04-02T06:30:00-07:00,116.3,117.38,114.63,114.8,603269
2001-04-02T10:30:00-07:00,114.77,115.18,113.8,114.54,402865
2001-04-03T06:30:00-07:00,113.98,114.15,111.51,111.7,753798
2001-04-03T10:30:00-07:00,111.87,112.2,110.1,110.67,512348
2001-04-04T06:30:00-07:00,110.57,112.1,109.3,111.01,1004608
2001-04-04T10:30:00-07:00,111.04,111.68,109.58,110.31,476512
2001-04-05T06:30:00-07:00,113.3,114.3,112.5,114.28,946984
2001-04-05T10:30:00-07:00,114.22,115.49,113.8,115.22,521111
2001-04-06T06:30:00-07:00,113.99,114.4,112.15,112.58,1065333
2001-04-06T10:30:00-07:00,112.61,113.92,112.06,113.05,393369
2001-04-09T06:30:00-07:00,114,114.99,113.1,113.25,621085
2001-04-09T10:30:00-07:00,113.2,114.1,112.78,114,242088
2001-04-10T06:30:00-07:00,115.45,117.75,115.17,117.36,992007
2001-04-10T10:30:00-07:00,117.34,117.66,116.5,117.09,614852
2001-04-11T06:30:00-07:00,118.78,118.99,116.35,117.2,875375
2001-04-11T10:30:00-07:00,117.23,117.43,116.14,116.96,385919
2001-04-12T06:30:00-07:00,116.3,118.25,115.96,118.07,515997
2001-04-12T10:30:00-07:00,118.03,118.63,117.54,118.55,322531
2001-04-16T06:30:00-07:00,118.29,118.89,117.77,118.35,392685
2001-04-16T10:30:00-07:00,118.24,118.77,116.91,118.23,262198
2001-04-17T06:30:00-07:00,117.31,119.66,117.02,118.25,673584
2001-04-17T10:30:00-07:00,118.3,119.45,118.06,119.42,343812
2001-04-18T06:30:00-07:00,121.06,126,120.69,124.55,1252552
2001-04-18T10:30:00-07:00,124.54,125.26,123.86,124.14,718835
2001-04-19T06:30:00-07:00,124.25,124.98,123.58,124.59,792776
2001-04-19T10:30:00-07:00,124.58,125.83,124.54,125.72,561324
2001-04-20T06:30:00-07:00,124.9,125.4,123.66,124.31,480546
2001-04-20T10:30:00-07:00,124.34,124.87,123.97,124.5,219832
2001-04-23T06:30:00-07:00,123.65,123.89,122.39,122.65,478852
2001-04-23T10:30:00-07:00,122.56,122.8,121.91,122.7,299461
2001-04-24T06:30:00-07:00,122.52,123.65,122.22,122.78,620388
2001-04-24T10:30:00-07:00,122.75,122.88,121.1,121.13,322776
2001-04-25T06:30:00-07:00,121.42,122.39,120.95,121.9,405120
2001-04-25T10:30:00-07:00,121.92,123.67,121.85,123.24,366237
2001-04-26T06:30:00-07:00,123.73,125.18,123.51,125.18,518325
2001-04-26T10:30:00-07:00,125.15,125.22,123.5,123.74,431813
2001-04-27T06:30:00-07:00,124.92,125.17,124.2,125.01,439506
2001-04-27T10:30:00-07:00,124.95,125.68,124.41,125.55,279512
2001-04-30T06:30:00-07:00,126.45,127.27,126.1,126.95,446994
2001-04-30T10:30:00-07:00,127,127.09,124.67,125.21,414936
2001-05-01T06:30:00-07:00,125.07,125.73,124.6,125.7,533885
2001-05-01T10:30:00-07:00,125.7,126.97,125.46,126.94,430280
2001-05-02T06:30:00-07:00,127.41,127.69,126,126.55,479993
2001-05-02T10:30:00-07:00,126.6,127.63,126.52,126.89,392650
2001-05-03T06:30:00-07:00,126.12,126.15,124.35,124.63,583135
2001-05-03T10:30:00-07:00,124.63,125.35,124.22,125.16,296560
2001-05-04T06:30:00-07:00,123.65,126.61,123.44,126.11,697223
2001-05-04T10:30:00-07:00,126.15,127.2,126.02,126.95,334592
2001-05-07T06:30:00-07:00,127,127.38,126.23,126.39,362646
2001-05-07T10:30:00-07:00,126.39,127.27,126.23,126.57,208584
2001-05-08T06:30:00-07:00,126.86,127.1,125.56,126.03,458296
2001-05-08T10:30:00-07:00,125.94,126.61,125.81,126.52,198679
2001-05-09T06:30:00-07:00,125.25,126.55,125.06,126.17,703910
2001-05-09T10:30:00-07:00,126.12,126.3,125.29,125.96,227360
2001-05-10T06:30:00-07:00,127.26,127.5,125.98,126.55,456587
2001-05-10T10:30:00-07:00,126.55,126.65,125.77,125.99,176430
2001-05-11T06:30:00-07:00,126,126.49,124.6,125.18,462981
2001-05-11T10:30:00-07:00,125.19,125.2,124.4,124.82,259661
2001-05-14T06:30:00-07:00,124.9,125.19,124.46,124.72,448993
2001-05-14T10:30:00-07:00,124.72,125.44,124.46,125.23,295938
2001-05-15T06:30:00-07:00,125.55,125.65,125.03,125.34,333244
2001-05-15T10:30:00-07:00,125.31,126.22,124.85,125.3,526703
2001-05-16T06:30:00-07:00,124.84,127.26,124.62,127.15,606831
2001-05-16T10:30:00-07:00,127.14,129.2,127.02,128.96,642862
2001-05-17T06:30:00-07:00,128.97,130.08,128.56,129.91,782129
2001-05-17T10:30:00-07:00,129.95,129.99,129.04,129.31,352837
2001-05-18T06:30:00-07:00,129.09,129.72,128.63,128.7,368544
2001-05-18T10:30:00-07:00,128.66,129.67,128.5,129.62,242517
2001-05-21T06:30:00-07:00,129.84,131.18,129.15,130.9,679121
2001-05-21T10:30:00-07:00,130.86,131.8,130.52,131.77,348880
2001-05-22T06:30:00-07:00,131.83,132.09,131.07,131.91,507688
2001-05-22T10:30:00-07:00,131.94,132.04,131.11,131.37,256535
2001-05-23T06:30:00-07:00,131.05,131.05,129.45,129.76,645569
2001-05-23T10:30:00-07:00,129.77,130.14,129.29,129.29,462170
2001-05-24T06:30:00-07:00,129.47,130,128.62,128.65,467031
2001-05-24T10:30:00-07:00,128.73,129.89,128.55,129.7,254231
2001-05-25T06:30:00-07:00,129.65,129.7,128.23,128.37,424623
2001-05-25T10:30:00-07:00,128.42,128.74,128.01,128.23,249321
2001-05-29T06:30:00-07:00,128.22,128.34,127.15,127.32,506388
2001-05-29T10:30:00-07:00,127.28,127.63,126.9,127.3,271972
2001-05-30T06:30:00-07:00,126.59,127.09,125.45,125.5,566835
2001-05-30T10:30:00-07:00,125.52,125.95,125,125.29,411874
2001-05-31T06:30:00-07:00,125.43,126.5,125.26,126.37,593386
2001-05-31T10:30:00-07:00,126.35,126.76,126,126.1,340279
2001-06-01T06:30:00-07:00,126.2,126.43,125.12,126.08,552815
2001-06-01T10:30:00-07:00,126.05,127.09,126.01,126.64,258593
2001-06-04T06:30:00-07:00,126.8,127.22,126.08,126.75,372024
2001-06-04T10:30:00-07:00,126.68,127.27,126.5,127.18,127008
2001-06-05T06:30:00-07:00,127.49,128.6,127.27,128.33,504638
2001-06-05T10:30:00-07:00,128.3,129.23,128.12,128.87,285639
2001-06-06T06:30:00-07:00,128.83,128.83,127.45,127.8,850517
2001-06-06T10:30:00-07:00,127.76,128.25,127.36,127.48,276916
2001-06-07T06:30:00-07:00,127.05,128.13,127,127.45,400210
2001-06-07T10:30:00-07:00,127.45,128.29,127.44,128.24,236909
2001-06-08T06:30:00-07:00,127.7,127.87,126.14,126.45,449244
2001-06-08T10:30:00-07:00,126.47,127.25,126.32,127,249670
2001-06-11T06:30:00-07:00,126.71,126.99,125.56,125.67,431594
2001-06-11T10:30:00-07:00,125.72,126.22,125.41,125.94,250439
2001-06-12T06:30:00-07:00,124.86,125.07,124.04,124.72,477640
2001-06-12T10:30:00-07:00,124.7,126.74,124.7,126.13,428422
2001-06-13T06:30:00-07:00,126.17,126.58,125.53,125.85,472993
2001-06-13T10:30:00-07:00,125.82,126.07,124.67,124.74,260116
2001-06-14T06:30:00-07:00,124.18,124.3,122.96,123.15,681712
2001-06-14T10:30:00-07:00,123.1,123.43,122.24,122.48,542959
2001-06-15T06:30:00-07:00,120.91,122.4,120.4,122,746891
2001-06-15T10:30:00-07:00,122.04,122.36,121.32,121.62,259215
2001-06-18T06:30:00-07:00,121.65,122.44,121.23,121.55,566097
2001-06-18T10:30:00-07:00,121.54,121.79,120.95,121.08,154669
2001-06-19T06:30:00-07:00,122.38,122.89,121.38,121.95,477203
2001-06-19T10:30:00-07:00,122,122.13,120.89,121.46,226278
2001-06-20T06:30:00-07:00,121.19,122.85,121.1,121.76,530609
2001-06-20T10:30:00-07:00,121.75,122.86,121.41,122.6,284720
2001-06-21T06:30:00-07:00,122.22,123.88,122.15,123.88,703652
2001-06-21T10:30:00-07:00,123.85,124.31,123.65,123.88,452755
2001-06-22T06:30:00-07:00,123.49,123.59,122.5,122.91,680651
2001-06-22T10:30:00-07:00,122.85,123.38,122.16,122.75,482396
2001-06-25T06:30:00-07:00,123.28,123.44,121.9,122.34,516593
2001-06-25T10:30:00-07:00,122.38,122.38,121.5,122.13,278102
2001-06-26T06:30:00-07:00,120.9,121.69,120.57,121.56,491727
2001-06-26T10:30:00-07:00,121.54,122.39,121.54,121.84,275142
2001-06-27T06:30:00-07:00,121.6,122.24,121.38,122,310912
2001-06-27T10:30:00-07:00,122.07,122.22,120.91,121.35,657225
2001-06-28T06:30:00-07:00,122,123.94,121.93,123.74,601966
2001-06-28T10:30:00-07:00,123.7,123.94,122.6,122.89,366037
2001-06-29T06:30:00-07:00,122.8,123.84,122.26,123.65,566795
2001-06-29T10:30:00-07:00,123.74,124.01,123,123.2,314223
2001-07-02T06:30:00-07:00,122.8,124.32,122.62,124.1,510256
2001-07-02T10:30:00-07:00,124.14,124.25,123.53,123.9,274069
2001-07-03T06:30:00-07:00,123.98,124.1,123.05,124.1,331380
2001-07-05T06:30:00-07:00,123.07,123.65,122.27,122.39,331527
2001-07-05T10:30:00-07:00,122.39,122.73,122.11,122.13,147622
2001-07-06T06:30:00-07:00,121.31,121.49,119.26,119.68,494107
2001-07-06T10:30:00-07:00,119.7,119.86,119.05,119.19,443639
2001-07-09T06:30:00-07:00,119.49,120.23,119.2,120.09,562443
2001-07-09T10:30:00-07:00,120.02,120.54,119.83,120.1,196413
2001-07-10T06:30:00-07:00,120.29,120.64,119.25,119.34,373425
2001-07-10T10:30:00-07:00,119.34,119.4,118.21,118.35,456625
2001-07-11T06:30:00-07:00,118.1,118.89,117.09,118.58,912201
2001-07-11T10:30:00-07:00,118.51,118.62,117.73,118.27,498857
2001-07-12T06:30:00-07:00,119.5,120.62,119.31,120.31,648127
2001-07-12T10:30:00-07:00,120.35,121.47,120.21,121.24,471654
2001-07-13T06:30:00-07:00,120.84,122.17,120.62,121.92,551266
2001-07-13T10:30:00-07:00,121.95,122.32,121.48,121.9,402723
2001-07-16T06:30:00-07:00,121.77,122.28,120.85,120.85,315731
2001-07-16T10:30:00-07:00,120.9,120.9,120.29,120.6,308376
2001-07-17T06:30:00-07:00,120.2,121.04,119.83,120.94,364350
2001-07-17T10:30:00-07:00,120.9,121.94,120.79,121.67,327412
2001-07-18T06:30:00-07:00,120.56,121.64,120.06,120.7,431746
2001-07-18T10:30:00-07:00,120.65,121.14,120.21,121.1,226917
2001-07-19T06:30:00-07:00,122.18,122.98,121.63,122.19,577152
2001-07-19T10:30:00-07:00,122.15,122.39,120.76,121.83,323322
2001-07-20T06:30:00-07:00,121.15,121.94,120.92,121.04,404472
2001-07-20T10:30:00-07:00,121.14,121.64,121.07,121.44,235067
2001-07-23T06:30:00-07:00,121.8,121.88,119.7,120.07,431674
2001-07-23T10:30:00-07:00,120,120.39,119.22,119.36,288874
2001-07-24T06:30:00-07:00,119,119.2,117.66,118.1,636646
2001-07-24T10:30:00-07:00,118.09,118.34,116.75,117.39,549716
2001-07-25T06:30:00-07:00,117.92,118.7,117.46,117.83,690448
2001-07-25T10:30:00-07:00,117.85,119.48,117.71,119.3,459192
2001-07-26T06:30:00-07:00,119.06,119.57,118.56,119.29,670958
2001-07-26T10:30:00-07:00,119.29,120.85,119.14,120.74,513463
2001-07-27T06:30:00-07:00,120.83,121.35,119.91,121.26,542982
2001-07-27T10:30:00-07:00,121.25,121.29,120.66,121.04,207445
2001-07-30T06:30:00-07:00,121.19,121.35,120.3,120.91,445974
2001-07-30T10:30:00-07:00,120.91,121.04,120.35,120.82,274588
2001-07-31T06:30:00-07:00,121,122.55,120.86,122.38,562193
2001-07-31T10:30:00-07:00,122.35,122.68,121.4,121.46,277140
2001-08-01T06:30:00-07:00,121.97,122.7,121.55,122.41,640851
2001-08-01T10:30:00-07:00,122.41,122.49,121.57,121.96,471460
2001-08-02T06:30:00-07:00,123.23,123.25,122.1,122.45,529234
2001-08-02T10:30:00-07:00,122.44,122.57,121.89,122.4,493769
2001-08-03T06:30:00-07:00,122.36,122.36,120.9,121.28,678379
2001-08-03T10:30:00-07:00,121.28,121.98,121.06,121.87,330169
2001-08-06T06:30:00-07:00,121.35,121.51,120.37,120.55,467243
2001-08-06T10:30:00-07:00,120.57,120.59,120.1,120.45,295623
2001-08-07T06:30:00-07:00,120.27,121.2,119.91,120.65,496119
2001-08-07T10:30:00-07:00,120.68,120.88,120.27,120.82,319114
2001-08-08T06:30:00-07:00,120.12,121.16,120.05,120.32,610908
2001-08-08T10:30:00-07:00,120.34,120.48,118.43,118.65,763247
2001-08-09T06:30:00-07:00,118.7,118.9,117.86,118.63,862691
2001-08-09T10:30:00-07:00,118.62,118.97,117.95,118.74,424098
2001-08-10T06:30:00-07:00,118.8,119.37,117.34,119.26,743306
2001-08-10T10:30:00-07:00,119.25,119.84,119,119.44,339775
2001-08-13T06:30:00-07:00,119.6,119.73,118.81,119.34,391475
2001-08-13T10:30:00-07:00,119.35,119.85,119.24,119.49,288292
2001-08-14T06:30:00-07:00,120.14,120.35,119.19,119.3,690197
2001-08-14T10:30:00-07:00,119.29,119.52,118.8,119.11,366512
2001-08-15T06:30:00-07:00,119.23,119.61,118.16,118.7,489551
2001-08-15T10:30:00-07:00,118.68,119.13,118.2,118.28,258243
2001-08-16T06:30:00-07:00,117.8,117.96,117.01,117.56,580484
2001-08-16T10:30:00-07:00,117.55,118.75,117.37,118.62,422646
2001-08-17T06:30:00-07:00,117.65,117.87,116.5,116.88,602344
2001-08-17T10:30:00-07:00,116.85,116.87,116.01,116.64,501481
2001-08-20T06:30:00-07:00,116.8,117.52,116.55,117.11,634783
2001-08-20T10:30:00-07:00,117.11,117.66,116.85,117.52,330414
2001-08-21T06:30:00-07:00,117.8,118.44,117.65,118.38,464479
2001-08-21T10:30:00-07:00,118.36,118.54,116.03,116.13,862348
2001-08-22T06:30:00-07:00,116.75,116.84,115.78,116.59,643207
2001-08-22T10:30:00-07:00,116.55,117.43,116.05,117.05,441617
2001-08-23T06:30:00-07:00,116.96,117.52,116.72,117.1,494926
2001-08-23T10:30:00-07:00,117.14,117.29,116.52,116.7,286297
2001-08-24T06:30:00-07:00,117.21,119,116.74,118.77,633129
2001-08-24T10:30:00-07:00,118.78,119.1,118.37,119,447331
2001-08-27T06:30:00-07:00,118.97,119.04,118.26,118.54,358080
2001-08-27T10:30:00-07:00,118.58,119.2,118.47,118.49,262636
2001-08-28T06:30:00-07:00,118.28,118.49,116.96,117.37,655807
2001-08-28T10:30:00-07:00,117.39,117.59,116.59,116.64,444594
2001-08-29T06:30:00-07:00,117.13,117.18,115.52,115.87,968464
2001-08-29T10:30:00-07:00,115.86,115.96,115.17,115.39,492150
2001-08-30T06:30:00-07:00,114.85,115.74,113.07,113.47,977745
2001-08-30T10:30:00-07:00,113.48,113.8,112.93,113.28,428473
2001-08-31T06:30:00-07:00,113.4,114.77,113.13,114.17,1091483
2001-08-31T10:30:00-07:00,114.15,114.2,113.61,113.92,412340
2001-09-04T06:30:00-07:00,113.85,116.05,113.44,115.85,1395627
2001-09-04T10:30:00-07:00,115.86,116.17,113.6,113.65,844054
2001-09-05T06:30:00-07:00,113.7,114.19,111.95,112.29,1126607
2001-09-05T10:30:00-07:00,112.25,114.15,112.15,113.65,886187
2001-09-06T06:30:00-07:00,112.65,113.3,111.12,111.82,1424906
2001-09-06T10:30:00-07:00,111.88,111.96,111.09,111.1,542816
2001-09-07T06:30:00-07:00,110.02,111.25,108.87,108.99,1892191
2001-09-07T10:30:00-07:00,108.95,110.05,108.69,109.13,1048982
2001-09-10T06:30:00-07:00,107.7,110.35,107.7,109.4,1604679
2001-09-10T10:30:00-07:00,109.4,110,109.1,109.83,580902
2001-09-17T06:30:00-07:00,101,106.4,101,104.9,2268015
2001-09-17T10:30:00-07:00,104.9,105.18,104.1,104.3,841411
2001-09-18T06:30:00-07:00,104.33,105.3,103.7,105.19,1285079
2001-09-18T10:30:00-07:00,105.17,105.2,103.36,103.82,864426
2001-09-19T06:30:00-07:00,104.1,104.5,100.8,101.23,1724079
2001-09-19T10:30:00-07:00,101.26,102.57,98.56,102.02,2417893
2001-09-20T06:30:00-07:00,100.4,101.17,98.8,99.54,2353449
2001-09-20T10:30:00-07:00,99.55,100.46,98.81,98.96,939962
2001-09-21T06:30:00-07:00,94.05,98.99,93.8,96.65,3616127
2001-09-21T10:30:00-07:00,96.69,97.1,95.9,96.85,1023454
2001-09-24T06:30:00-07:00,99.72,100.82,99.06,100.5,1690279
2001-09-24T10:30:00-07:00,100.5,101.16,100.13,100.48,791673
2001-09-25T06:30:00-07:00,100.75,102,100.2,100.48,1642887
2001-09-25T10:30:00-07:00,100.55,101.49,99.9,101.48,824237
2001-09-26T06:30:00-07:00,102.35,102.4,100.49,100.76,1169540
2001-09-26T10:30:00-07:00,100.78,101,100.43,101,507035
2001-09-27T06:30:00-07:00,101.25,101.45,100,100.33,1046369
2001-09-27T10:30:00-07:00,100.32,102.25,100.19,102.05,819758
2001-09-28T06:30:00-07:00,102.98,104.14,102.5,104.1,1319638
2001-09-28T10:30:00-07:00,104.05,104.31,103.56,104.25,719010
2001-10-01T06:30:00-07:00,103.9,104.1,102.83,103.82,1371124
2001-10-01T10:30:00-07:00,103.84,104.32,103.51,104,639407
2001-10-02T06:30:00-07:00,104,104.88,103.85,104.5,733272
2001-10-02T10:30:00-07:00,104.55,105.38,103.65,105.38,1118471
2001-10-03T06:30:00-07:00,104.6,107.08,104.35,107,2033394
2001-10-03T10:30:00-07:00,106.93,107.88,106.72,107.34,998592
2001-10-04T06:30:00-07:00,108.29,108.75,107.18,108.28,1692648
2001-10-04T10:30:00-07:00,108.27,108.48,106.75,107.1,1309022
2001-10-05T06:30:00-07:00,107.25,107.38,105.52,106.12,1976918
2001-10-05T10:30:00-07:00,106.12,107.62,105.91,107.26,835247
2001-10-08T06:30:00-07:00,106.27,107.3,105.87,106.68,783199
2001-10-08T10:30:00-07:00,106.71,106.88,105.93,106.53,388399
2001-10-09T06:30:00-07:00,106.61,106.75,105.6,106.02,962974
2001-10-09T10:30:00-07:00,106.04,106.4,105.62,105.92,448317
2001-10-10T06:30:00-07:00,105.8,108.13,105.52,107.91,1327314
2001-10-10T10:30:00-07:00,107.92,108.55,107.65,108.4,555125
2001-10-11T06:30:00-07:00,108.95,110.3,108.95,110.1,1533016
2001-10-11T10:30:00-07:00,110,110.07,109.15,110.01,693804
2001-10-12T06:30:00-07:00,109.15,109.89,107.3,107.8,2195648
2001-10-12T10:30:00-07:00,107.81,109.55,107.6,109.52,781903
2001-10-15T06:30:00-07:00,108.63,108.87,108.06,108.61,927786
2001-10-15T10:30:00-07:00,108.61,109.45,108.55,109.34,596158
2001-10-16T06:30:00-07:00,109.8,110.61,108.95,109.55,1036665
2001-10-16T10:30:00-07:00,109.55,110.24,109.25,110.06,467580
2001-10-17T06:30:00-07:00,111.07,111.15,108.65,108.81,1869114
2001-10-17T10:30:00-07:00,108.77,109.48,107.9,107.9,836234
2001-10-18T06:30:00-07:00,107.82,108.16,106.87,107.1,1191157
2001-10-18T10:30:00-07:00,107.08,107.55,106.75,107.21,424100
2001-10-19T06:30:00-07:00,107,107.2,106.01,106.58,1145704
2001-10-19T10:30:00-07:00,106.58,107.91,106.46,107.55,965530
2001-10-22T06:30:00-07:00,107.3,108.63,107.21,108.4,906423
2001-10-22T10:30:00-07:00,108.34,109.49,107.91,109.26,727154
2001-10-23T06:30:00-07:00,109.96,110.28,108.82,109,1412910
2001-10-23T10:30:00-07:00,109.05,109.31,108.37,108.8,608773
2001-10-24T06:30:00-07:00,108.98,109.45,108.22,109.15,1077115
2001-10-24T10:30:00-07:00,109.08,109.2,108.5,108.85,465235
2001-10-25T06:30:00-07:00,107.45,108.07,106.74,107.89,1134270
2001-10-25T10:30:00-07:00,107.83,110.32,107.75,110.31,1469816
2001-10-26T06:30:00-07:00,109.95,111.23,109.67,110.99,1069051
2001-10-26T10:30:00-07:00,110.95,111.48,110.42,110.77,677382
2001-10-29T06:30:00-08:00,110.16,110.55,108.6,108.66,1167010
2001-10-29T10:30:00-08:00,108.65,109.05,108.06,108.23,601881
2001-10-30T06:30:00-08:00,107.35,107.35,105.56,106.46,1687779
2001-10-30T10:30:00-08:00,106.55,107.2,106,106.2,836257
2001-10-31T06:30:00-08:00,106.9,107.86,106.01,106.58,1642445
2001-10-31T10:30:00-08:00,106.55,107.77,106.2,106.27,1058583
2001-11-01T06:30:00-08:00,106.6,108.45,105.69,108.36,1894918
2001-11-01T10:30:00-08:00,108.37,109.01,108.05,108.67,930530
2001-11-02T06:30:00-08:00,108.44,109.38,107.87,109.28,1184004
2001-11-02T10:30:00-08:00,109.26,109.37,108.76,109.06,434856
2001-11-05T06:30:00-08:00,110.12,111.09,109.95,110.37,1113252
2001-11-05T10:30:00-08:00,110.35,111.05,110.28,110.58,451450
2001-11-06T06:30:00-08:00,110.35,110.7,110.15,110.25,568114
2001-11-06T10:30:00-08:00,110.27,112.45,109.85,112.29,1632818
2001-11-07T06:30:00-08:00,111.77,113.05,111.7,112.82,1149793
2001-11-07T10:30:00-08:00,112.78,113.12,111.64,111.96,689893
2001-11-08T06:30:00-08:00,112.87,114.08,112.6,113.41,1288781
2001-11-08T10:30:00-08:00,113.4,113.7,111.9,112.35,828024
2001-11-09T06:30:00-08:00,112.25,112.9,111.44,112.64,1266551
2001-11-09T10:30:00-08:00,112.61,112.74,112.18,112.44,264941
2001-11-12T06:30:00-08:00,111,112.6,110,112.21,1729621
2001-11-12T10:30:00-08:00,112.25,112.65,111.9,112.16,745263
2001-11-13T06:30:00-08:00,113.44,114.43,113.18,114.26,820855
2001-11-13T10:30:00-08:00,114.27,114.4,113.58,114.39,593913
2001-11-14T06:30:00-08:00,115.17,115.4,113.71,114.13,1090420
2001-11-14T10:30:00-08:00,114.13,115,113.91,114.62,646183
2001-11-15T06:30:00-08:00,114.37,115.18,113.98,114.6,1117529
2001-11-15T10:30:00-08:00,114.6,114.85,113.93,114.6,499828
2001-11-16T06:30:00-08:00,115.08,115.1,113.74,113.81,1031011
2001-11-16T10:30:00-08:00,113.78,114.39,113.4,114.31,708240
2001-11-19T06:30:00-08:00,114.92,115.57,114.58,114.7,826862
2001-11-19T10:30:00-08:00,114.68,115.57,114.45,115.53,460770
2001-11-20T06:30:00-08:00,115.37,115.66,114.87,115.38,811871
2001-11-20T10:30:00-08:00,115.38,115.8,114.64,114.81,747319
2001-11-21T06:30:00-08:00,114.5,114.67,113.51,113.94,825082
2001-11-21T10:30:00-08:00,113.9,114.29,113.68,114.15,294132
2001-11-23T06:30:00-08:00,114.04,115.75,114,115.68,640562
2001-11-26T06:30:00-08:00,115.75,116.1,115.07,115.84,712439
2001-11-26T10:30:00-08:00,115.78,116.34,115.75,116.21,651904
2001-11-27T06:30:00-08:00,115.62,115.98,114.51,115.95,1010304
2001-11-27T10:30:00-08:00,115.98,116.9,115.07,115.4,845257
2001-11-28T06:30:00-08:00,114.74,115.17,114.08,114.27,1098370
2001-11-28T10:30:00-08:00,114.28,114.6,113.25,113.34,822832
2001-11-29T06:30:00-08:00,113.66,114.12,113,113.4,893188
2001-11-29T10:30:00-08:00,113.32,114.56,113.31,114.48,637361
2001-11-30T06:30:00-08:00,114.4,114.82,114.02,114.4,718066
2001-11-30T10:30:00-08:00,114.38,114.91,114.24,114.3,566324
2001-12-03T06:30:00-08:00,113.65,114.08,113.01,114.03,1037609
2001-12-03T10:30:00-08:00,114.05,114.07,113.21,113.42,410004
2001-12-04T06:30:00-08:00,113.91,114.17,113.35,113.63,912561
2001-12-04T10:30:00-08:00,113.74,115,113.62,115,613957
2001-12-05T06:30:00-08:00,115.61,117.48,115.58,117.1,1574828
2001-12-05T10:30:00-08:00,117.09,118,116.8,117.64,845590
2001-12-06T06:30:00-08:00,117.34,117.94,116.93,117.55,1025438
2001-12-06T10:30:00-08:00,117.58,117.64,117.01,117.3,673532
2001-12-07T06:30:00-08:00,116.9,117.09,116.12,116.51,1240272
2001-12-07T10:30:00-08:00,116.55,116.55,115.7,116.45,588889
2001-12-10T06:30:00-08:00,115.85,116.39,114.88,115,908540
2001-12-10T10:30:00-08:00,114.99,115.29,114.46,114.46,440039
2001-12-11T06:30:00-08:00,114.9,115.12,114.61,114.96,530605
2001-12-11T10:30:00-08:00,114.93,115.72,113.9,114.19,1454327
2001-12-12T06:30:00-08:00,114.55,114.78,113.11,113.44,993071
2001-12-12T10:30:00-08:00,113.49,114.33,113.21,114.29,597683
2001-12-13T06:30:00-08:00,113.45,113.7,112.73,113.57,1215501
2001-12-13T10:30:00-08:00,113.58,113.58,112.28,112.36,558424
2001-12-14T06:30:00-08:00,112.33,112.74,112,112.38,884197
2001-12-14T10:30:00-08:00,112.38,113.49,112.16,112.9,690345
2001-12-17T06:30:00-08:00,112.99,114.27,112.9,114.1,988404
2001-12-17T10:30:00-08:00,114.04,114.36,113.71,113.99,353247
2001-12-18T06:30:00-08:00,114.63,115.15,114.43,114.72,845345
2001-12-18T10:30:00-08:00,114.76,115.08,114.34,114.9,350987
2001-12-19T06:30:00-08:00,114.09,115.88,114,115.22,1496198
2001-12-19T10:30:00-08:00,115.22,115.92,115.21,115.5,445981
2001-12-20T06:30:00-08:00,115.5,115.8,115,115.03,942890
2001-12-20T10:30:00-08:00,115.01,115.39,114.63,114.69,460786
2001-12-21T06:30:00-08:00,115.03,115.07,114.2,114.37,751353
2001-12-21T10:30:00-08:00,114.32,114.99,114.25,114.66,482138
2001-12-24T06:30:00-08:00,114.83,115.04,114.61,114.73,585435
2001-12-26T06:30:00-08:00,114.65,116.21,114.65,115.81,535602
2001-12-26T10:30:00-08:00,115.81,116.07,115.19,115.25,371548
2001-12-27T06:30:00-08:00,115.3,115.93,115.25,115.78,539947
2001-12-27T10:30:00-08:00,115.75,115.96,115.26,115.93,283285
2001-12-28T06:30:00-08:00,116.29,116.75,115.95,116.31,741160
2001-12-28T10:30:00-08:00,116.3,116.42,116,116.21,209745
2001-12-31T06:30:00-08:00,116.15,116.39,115.66,116.1,795043
2001-12-31T10:30:00-08:00,116.1,116.24,114.85,114.89,429275
2002-01-02T06:30:00-08:00,115.11,115.13,113.81,114.42,1082080
2002-01-02T10:30:00-08:00,114.42,115.65,114.38,115.59,592473
2002-01-03T06:30:00-08:00,115.65,116.49,115.54,116.11,998515
2002-01-03T10:30:00-08:00,116.09,116.83,115.92,116.76,496559
2002-01-04T06:30:00-08:00,117.17,117.98,116.55,117.12,1529952
2002-01-04T10:30:00-08:00,117.1,117.7,116.93,117.41,458651
2002-01-07T06:30:00-08:00,117.7,117.99,116.85,117.15,739593
2002-01-07T10:30:00-08:00,117.14,117.36,116.56,116.74,428545
2002-01-08T06:30:00-08:00,116.79,117.06,116.2,116.78,770596
2002-01-08T10:30:00-08:00,116.77,116.85,115.97,116.36,379052
2002-01-09T06:30:00-08:00,116.68,117.78,116.65,117.45,757734
2002-01-09T10:30:00-08:00,117.42,117.53,115.34,115.7,712188
2002-01-10T06:30:00-08:00,115.69,116.02,115.3,115.82,776410
2002-01-10T10:30:00-08:00,115.81,116.35,115.71,115.97,448342
2002-01-11T06:30:00-08:00,116.21,116.28,115.25,115.46,524984
2002-01-11T10:30:00-08:00,115.46,115.64,114.71,114.77,711771
2002-01-14T06:30:00-08:00,114.65,114.84,114.1,114.28,674029
2002-01-14T10:30:00-08:00,114.35,114.8,114.1,114.12,504118
2002-01-15T06:30:00-08:00,114.55,115.39,114.3,114.59,836746
2002-01-15T10:30:00-08:00,114.58,115.04,113.9,114.88,723877
2002-01-16T06:30:00-08:00,114.3,114.4,113.55,113.77,857618
2002-01-16T10:30:00-08:00,113.77,114.3,113,113.05,652709
2002-01-17T06:30:00-08:00,113.76,114.19,113.4,113.86,1092409
2002-01-17T10:30:00-08:00,113.9,114.24,113.57,114.13,514656
2002-01-18T06:30:00-08:00,113,113.85,113,113.28,1177726
2002-01-18T10:30:00-08:00,113.32,113.48,112.67,113.05,380945
2002-01-22T06:30:00-08:00,113.75,113.93,112.35,112.47,764224
2002-01-22T10:30:00-08:00,112.49,112.68,112.02,112.25,352240
2002-01-23T06:30:00-08:00,112.63,113.28,112.02,113.1,745896
2002-01-23T10:30:00-08:00,113.1,113.55,112.92,113.14,381278
2002-01-24T06:30:00-08:00,113.64,114.25,113.5,113.78,750399
2002-01-24T10:30:00-08:00,113.77,113.99,113.32,113.54,394555
2002-01-25T06:30:00-08:00,113.12,114.18,113.04,114,785810
2002-01-25T10:30:00-08:00,113.97,114.17,113.5,113.59,382270
2002-01-28T06:30:00-08:00,113.9,114.19,112.92,113.12,580597
2002-01-28T10:30:00-08:00,113.14,113.63,112.95,113.63,369425
2002-01-29T06:30:00-08:00,113.85,114.13,111.29,111.71,1605853
2002-01-29T10:30:00-08:00,111.68,111.78,110.05,110.28,1115069
2002-01-30T06:30:00-08:00,110.39,110.84,108.4,109.57,2174613
2002-01-30T10:30:00-08:00,109.58,110.13,109.52,110.01,134550
2002-02-01T10:30:00-08:00,112.5,112.8,112.3,112.6,346578
2002-02-04T06:30:00-08:00,112.23,112.23,110.06,110.22,1391866
2002-02-04T10:30:00-08:00,110.22,110.66,109.44,109.69,1011805
2002-02-05T06:30:00-08:00,109.4,110.19,108.53,109.47,1790449
2002-02-05T10:30:00-08:00,109.47,110.49,108.8,109.27,1288465
2002-02-06T06:30:00-08:00,109.65,109.74,108.06,109.35,2217467
2002-02-06T10:30:00-08:00,109.32,109.56,108.51,108.7,752588
2002-02-07T06:30:00-08:00,108.72,109.86,108.16,109.29,1609375
2002-02-07T10:30:00-08:00,109.3,109.66,108.28,108.38,565406
2002-02-08T06:30:00-08:00,108.63,109.44,108.35,108.5,991353
2002-02-08T10:30:00-08:00,108.47,110.04,108.3,109.92,675552
2002-02-11T06:30:00-08:00,110.05,111,109.82,110.93,1135325
2002-02-11T10:30:00-08:00,110.92,111.63,110.86,111.59,602827
2002-02-12T06:30:00-08:00,110.96,111.53,110.62,111.3,820420
2002-02-12T10:30:00-08:00,111.34,111.71,110.93,111.13,505791
2002-02-13T06:30:00-08:00,111.48,112.54,111.35,112.28,1207191
2002-02-13T10:30:00-08:00,112.28,112.39,111.81,112.26,432116
2002-02-14T06:30:00-08:00,112.51,112.97,111.9,112.79,1103008
2002-02-14T10:30:00-08:00,112.77,112.84,111.59,111.98,887176
2002-02-15T06:30:00-08:00,112.15,112.24,111.02,111.23,1251218
2002-02-15T10:30:00-08:00,111.23,111.4,110.71,110.83,557521
2002-02-19T06:30:00-08:00,110.23,110.29,109.2,109.45,952956
2002-02-19T10:30:00-08:00,109.45,109.6,108.61,108.74,473886
2002-02-20T06:30:00-08:00,109.05,109.37,107.82,108.63,1412943
2002-02-20T10:30:00-08:00,108.64,110.38,108.44,110.32,1438538
2002-02-21T06:30:00-08:00,109.93,110.63,109.77,110.25,1389991
2002-02-21T10:30:00-08:00,110.25,110.29,108.4,108.6,927872
2002-02-22T06:30:00-08:00,108.35,108.91,107.87,108.5,1579840
2002-02-22T10:30:00-08:00,108.47,109.94,108.2,109.37,994651
2002-02-25T06:30:00-08:00,109.74,110.74,109.7,110.73,911980
2002-02-25T10:30:00-08:00,110.72,111.81,110.57,111.5,636145
2002-02-26T06:30:00-08:00,111.6,112.04,110.57,111.18,1584662
2002-02-26T10:30:00-08:00,111.24,111.96,110.9,111.36,545406
2002-02-27T06:30:00-08:00,111.96,112.86,111.85,112.51,1179492
2002-02-27T10:30:00-08:00,112.57,112.63,110.65,111.58,1442036
2002-02-28T06:30:00-08:00,111.83,112.75,111.65,112.05,1508107
2002-02-28T10:30:00-08:00,112.09,112.19,111.14,111.19,735500
2002-03-01T06:30:00-08:00,111.72,113.18,111.51,113,1717889
2002-03-01T10:30:00-08:00,113.03,113.73,112.77,113.66,772244
2002-03-04T06:30:00-08:00,113.89,115.54,113.65,115.21,1533481
2002-03-04T10:30:00-08:00,115.23,115.99,114.9,115.93,1086068
2002-03-05T06:30:00-08:00,115.33,116.4,114.97,115.42,1447824
2002-03-05T10:30:00-08:00,115.39,115.73,114.97,115.21,683125
2002-03-06T06:30:00-08:00,115.1,116.47,115.07,116.13,1080232
2002-03-06T10:30:00-08:00,116.11,117.15,115.74,116.81,812973
2002-03-07T06:30:00-08:00,117.36,117.5,116.02,116.33,1183825
2002-03-07T10:30:00-08:00,116.35,116.37,115.57,116.33,594996
2002-03-08T06:30:00-08:00,117.38,117.9,116.89,117.2,1357161
2002-03-08T10:30:00-08:00,117.2,117.5,116.48,116.93,537124
2002-03-11T06:30:00-08:00,116.89,117.09,116.45,116.88,762542
2002-03-11T10:30:00-08:00,116.91,117.9,116.79,117.34,598400
2002-03-12T06:30:00-08:00,116.1,116.73,115.94,116.64,850866
2002-03-12T10:30:00-08:00,116.64,117.12,116.37,117.1,764459
2002-03-13T06:30:00-08:00,116.63,116.75,115.95,116.35,1035359
2002-03-13T10:30:00-08:00,116.34,116.4,115.64,115.95,547701
2002-03-14T06:30:00-08:00,116.04,116.43,115.67,116.03,667766
2002-03-14T10:30:00-08:00,116.01,116.17,115.63,115.86,370224
2002-03-15T06:30:00-08:00,115.97,116.87,115.9,116.47,1585510
2002-03-15T10:30:00-08:00,116.48,116.95,116.46,116.79,426984
2002-03-18T06:30:00-08:00,117.1,117.56,116.1,116.45,1089565
2002-03-18T10:30:00-08:00,116.46,117.04,116.1,116.76,439467
2002-03-19T06:30:00-08:00,117.3,117.6,116.93,117.48,727125
2002-03-19T10:30:00-08:00,117.49,117.74,116.82,117.25,907653
2002-03-20T06:30:00-08:00,116.47,116.58,115.94,116.32,971378
2002-03-20T10:30:00-08:00,116.34,116.36,115.39,115.43,579900
2002-03-21T06:30:00-08:00,115.3,115.37,114.12,114.87,1674087
2002-03-21T10:30:00-08:00,114.89,115.83,114.52,115.6,846362
2002-03-22T06:30:00-08:00,115.5,115.94,114.7,115.56,905274
2002-03-22T10:30:00-08:00,115.55,115.61,114.87,115.09,498307
2002-03-25T06:30:00-08:00,115.09,115.36,114.03,114.4,969762
2002-03-25T10:30:00-08:00,114.4,114.54,113.38,113.42,719312
2002-03-26T06:30:00-08:00,113.52,115.02,113.47,114.43,1128582
2002-03-26T10:30:00-08:00,114.4,114.63,113.51,114.08,708021
2002-03-27T06:30:00-08:00,114.03,115.01,113.76,114.69,901446
2002-03-27T10:30:00-08:00,114.69,114.96,114.19,114.67,917752
2002-03-28T06:30:00-08:00,114.97,115.77,114.68,115.15,1188366
2002-03-28T10:30:00-08:00,115.15,115.44,114.89,114.91,452487
2002-04-01T06:30:00-08:00,114.23,114.45,113.5,114.44,915017
2002-04-01T10:30:00-08:00,114.45,115.1,114.32,114.83,524374
2002-04-02T06:30:00-08:00,113.98,114.4,113.8,113.8,920543
2002-04-02T10:30:00-08:00,113.83,114.28,113.77,113.97,460636
2002-04-03T06:30:00-08:00,114.01,114.21,112.91,113.37,1357918
2002-04-03T10:30:00-08:00,113.33,113.38,112.16,112.74,1036885
2002-04-04T06:30:00-08:00,112.6,113.4,112.35,112.46,1559897
2002-04-04T10:30:00-08:00,112.46,112.99,112.23,112.89,731731
2002-04-05T06:30:00-08:00,113.19,113.63,112.18,112.51,1097622
2002-04-05T10:30:00-08:00,112.49,113.09,112.46,112.53,726292
2002-04-08T06:30:00-07:00,111.32,112.45,111.23,112.44,947491
2002-04-08T10:30:00-07:00,112.42,112.88,112.23,112.8,517863
2002-04-09T06:30:00-07:00,113.18,113.18,112.32,112.46,822727
2002-04-09T10:30:00-07:00,112.46,112.68,111.93,112.07,498135
2002-04-10T06:30:00-07:00,112.1,113.31,112.09,112.45,986387
2002-04-10T10:30:00-07:00,112.46,113.54,112.44,113.35,612963
2002-04-11T06:30:00-07:00,112.89,113.05,111.03,111.27,1280595
2002-04-11T10:30:00-07:00,111.28,111.54,110.5,110.72,1035757
2002-04-12T06:30:00-07:00,111.02,111.58,110.57,111.07,982118
2002-04-12T10:30:00-07:00,111.08,111.65,110.97,111.33,382753
2002-04-15T06:30:00-07:00,111.62,111.86,110.2,111.1,1184144
2002-04-15T10:30:00-07:00,111.13,111.29,110.52,110.63,364027
2002-04-16T06:30:00-07:00,111.7,112.9,111.67,112.69,880275
2002-04-16T10:30:00-07:00,112.69,113.32,112.65,113.12,448647
2002-04-17T06:30:00-07:00,113.39,113.67,112.92,113.03,842841
2002-04-17T10:30:00-07:00,113.03,113.21,112.6,113.05,317361
2002-04-18T06:30:00-07:00,112.9,113.46,111.15,112.5,2006108
2002-04-18T10:30:00-07:00,112.5,112.98,112.26,112.75,360863
2002-04-19T06:30:00-07:00,113.2,113.24,112.58,113,605780
2002-04-19T10:30:00-07:00,112.98,113,112.56,112.85,362064
2002-04-22T06:30:00-07:00,112.38,112.43,111.21,111.48,824306
2002-04-22T10:30:00-07:00,111.48,111.51,110.84,111.14,448988
2002-04-23T06:30:00-07:00,111.09,111.48,110.73,111.13,1059077
2002-04-23T10:30:00-07:00,111.11,111.35,110.17,110.38,528723
2002-04-24T06:30:00-07:00,110.56,111.24,110.28,110.88,883757
2002-04-24T10:30:00-07:00,110.89,111.06,109.51,109.59,800304
2002-04-25T06:30:00-07:00,109.21,109.74,108.72,109.48,1753005
2002-04-25T10:30:00-07:00,109.5,109.68,108.85,109.44,633092
2002-04-26T06:30:00-07:00,109.79,110.01,108.33,108.85,1167533
2002-04-26T10:30:00-07:00,108.78,109.07,107.9,107.95,509790
2002-04-29T06:30:00-07:00,107.93,108.26,107.1,107.36,897986
2002-04-29T10:30:00-07:00,107.34,107.69,106.63,106.82,745873
2002-04-30T06:30:00-07:00,107.02,108.59,106.64,108.33,1334364
2002-04-30T10:30:00-07:00,108.38,108.64,107.84,107.97,503443
2002-05-01T06:30:00-07:00,107.97,108.13,106.8,107.74,1285584
2002-05-01T10:30:00-07:00,107.79,109.25,107.78,108.96,1045158
2002-05-02T06:30:00-07:00,109.1,109.53,108.53,108.72,1020436
2002-05-02T10:30:00-07:00,108.76,109.08,108.2,108.8,482874
2002-05-03T06:30:00-07:00,108.6,108.7,107.2,107.49,1102590
2002-05-03T10:30:00-07:00,107.51,108.23,107.24,107.67,631603
2002-05-06T06:30:00-07:00,107.64,107.99,107.15,107.23,999415
2002-05-06T10:30:00-07:00,107.23,107.29,105.51,105.62,995427
2002-05-07T06:30:00-07:00,106.1,106.27,105.39,106.05,1466108
2002-05-07T10:30:00-07:00,106.07,106.32,105.2,105.23,564879
2002-05-08T06:30:00-07:00,107.05,108.98,106.79,108.77,1895903
2002-05-08T10:30:00-07:00,108.74,109.36,108.51,109.19,739740
2002-05-09T06:30:00-07:00,108.65,109.02,107.62,108.43,1230157
2002-05-09T10:30:00-07:00,108.42,108.73,107.58,107.65,399462
2002-05-10T06:30:00-07:00,107.91,107.96,106.38,106.62,942956
2002-05-10T10:30:00-07:00,106.6,106.88,105.72,105.98,725817
2002-05-13T06:30:00-07:00,106.22,107.68,105.79,107.52,925591
2002-05-13T10:30:00-07:00,107.54,107.95,107.12,107.82,433831
2002-05-14T06:30:00-07:00,109.62,109.8,109,109.7,1176857
2002-05-14T10:30:00-07:00,109.71,110.26,109.36,110.1,693581
2002-05-15T06:30:00-07:00,109.5,110.35,109.29,110.24,1121326
2002-05-15T10:30:00-07:00,110.26,110.91,109.4,109.55,1563382
2002-05-16T06:30:00-07:00,109.7,110.29,109.33,109.86,1051701
2002-05-16T10:30:00-07:00,109.88,110.43,109.88,110.35,741051
2002-05-17T06:30:00-07:00,110.66,111.16,110.1,110.6,1080120
2002-05-17T10:30:00-07:00,110.59,111.17,110.25,111.11,762479
2002-05-20T06:30:00-07:00,110.64,110.69,109.54,109.95,884604
2002-05-20T10:30:00-07:00,109.94,110.18,109.49,109.64,415762
2002-05-21T06:30:00-07:00,110.11,110.48,109.03,109.3,983746
2002-05-21T10:30:00-07:00,109.25,109.32,108.32,108.48,588654
2002-05-22T06:30:00-07:00,108.22,109.08,108.06,108.49,902624
2002-05-22T10:30:00-07:00,108.52,109.12,108,109.05,628045
2002-05-23T06:30:00-07:00,109.26,109.45,108.48,108.96,700490
2002-05-23T10:30:00-07:00,108.99,110.24,108.75,110.16,593465
2002-05-24T06:30:00-07:00,109.98,110.2,109.12,109.32,608324
2002-05-24T10:30:00-07:00,109.33,109.38,108.66,108.78,467606
2002-05-28T06:30:00-07:00,109.05,109.13,107.45,107.91,1543466
2002-05-28T10:30:00-07:00,107.89,108.25,107.66,107.9,698158
2002-05-29T06:30:00-07:00,107.62,108.02,107.29,107.43,881737
2002-05-29T10:30:00-07:00,107.43,107.82,107.25,107.25,558748
2002-05-30T06:30:00-07:00,106.55,107.51,105.9,106.25,1181109
2002-05-30T10:30:00-07:00,106.25,107.31,106.12,107,575774
2002-05-31T06:30:00-07:00,107.4,108.56,107.21,108.35,1166399
2002-05-31T10:30:00-07:00,108.38,108.4,107.08,107.22,544029
2002-06-03T06:30:00-07:00,107.09,107.6,105.55,105.78,1235302
2002-06-03T10:30:00-07:00,105.77,106.18,104.25,104.3,1079543
2002-06-04T06:30:00-07:00,104.15,104.71,103.55,103.92,1290810
2002-06-04T10:30:00-07:00,103.95,105.2,103.57,104.41,1056850
2002-06-05T06:30:00-07:00,104.95,105.55,104.35,105.1,1035385
2002-06-05T10:30:00-07:00,105.11,105.62,104.76,105.5,531014
2002-06-06T06:30:00-07:00,105.54,105.6,103.57,104.19,1142531
2002-06-06T10:30:00-07:00,104.19,104.23,103.15,103.42,708590
2002-06-07T06:30:00-07:00,101.78,103.15,101.72,102.81,1177661
2002-06-07T10:30:00-07:00,102.8,103.92,102.75,103.26,935950
2002-06-10T06:30:00-07:00,103.24,104.24,103.02,104.09,1194817
2002-06-10T10:30:00-07:00,104.09,104.46,103.42,103.56,589828
2002-06-11T06:30:00-07:00,104.13,104.54,102.91,103.1,851608
2002-06-11T10:30:00-07:00,103.1,103.37,101.76,101.82,891243
2002-06-12T06:30:00-07:00,101.71,102.47,100.78,102.18,1715571
2002-06-12T10:30:00-07:00,102.19,102.81,101.4,102.61,1133933
2002-06-13T06:30:00-07:00,102.13,103,101.54,102.65,1229248
2002-06-13T10:30:00-07:00,102.64,102.8,101.34,101.48,652551
2002-06-14T06:30:00-07:00,100.31,100.99,98.5,100.2,2767238
2002-06-14T10:30:00-07:00,100.18,101.56,100.05,101.29,981606
2002-06-17T06:30:00-07:00,101.92,103.88,101.85,103.41,1064099
2002-06-17T10:30:00-07:00,103.41,104.29,103.4,104.19,606683
2002-06-18T06:30:00-07:00,103.74,104.74,103.63,104.05,1139756
2002-06-18T10:30:00-07:00,104.05,104.64,104,104.25,477053
2002-06-19T06:30:00-07:00,103.5,104.43,103.18,103.48,1249516
2002-06-19T10:30:00-07:00,103.54,103.68,102.26,102.54,722929
2002-06-20T06:30:00-07:00,102.26,103.05,101.52,102.07,1419366
2002-06-20T10:30:00-07:00,102.08,102.37,100.96,101.2,917301
2002-06-21T06:30:00-07:00,100.47,100.93,99.31,99.5,1824185
2002-06-21T10:30:00-07:00,99.5,99.97,98.68,99.19,797957
2002-06-24T06:30:00-07:00,98.61,99.4,97.25,98.6,1607475
2002-06-24T10:30:00-07:00,98.65,100.69,98.45,99.68,1330954
2002-06-25T06:30:00-07:00,100.3,100.89,99.52,99.82,1575746
2002-06-25T10:30:00-07:00,99.8,99.85,97.54,97.9,1090158
2002-06-26T06:30:00-07:00,95.2,97.57,95.19,96.66,1737894
2002-06-26T10:30:00-07:00,96.67,98.15,95.6,97.62,1110924
2002-06-27T06:30:00-07:00,98.5,98.65,96.57,97.88,1810600
2002-06-27T10:30:00-07:00,97.92,99.45,97.83,99.45,913051
2002-06-28T06:30:00-07:00,99.3,100.5,99.05,100.15,1082423
2002-06-28T10:30:00-07:00,100.15,100.48,99.06,99.25,715215
2002-07-01T06:30:00-07:00,99.18,99.8,98.05,98.58,968635
2002-07-01T10:30:00-07:00,98.6,98.8,96.95,97,885813
2002-07-02T06:30:00-07:00,96.86,97.2,94.77,95.43,1965161
2002-07-02T10:30:00-07:00,95.41,96.25,94.9,95.02,1301936
2002-07-03T06:30:00-07:00,94.62,95.7,93.72,94.37,1852670
2002-07-03T10:30:00-07:00,94.37,95.78,94.14,95.69,1124052
2002-07-05T06:30:00-07:00,96.78,99.53,96.66,99.31,1874727
2002-07-08T06:30:00-07:00,98.98,99.7,97.67,97.98,1164636
2002-07-08T10:30:00-07:00,97.96,98.78,97.56,98.03,634059
2002-07-09T06:30:00-07:00,97.73,98.34,97.23,97.51,1427205
2002-07-09T10:30:00-07:00,97.51,97.53,95.4,95.61,1098836
2002-07-10T06:30:00-07:00,96,96.07,93.74,94.05,2234728
2002-07-10T10:30:00-07:00,94,94.18,92.2,92.29,2265125
2002-07-11T06:30:00-07:00,91.76,92.85,90.32,91.5,3773073
2002-07-11T10:30:00-07:00,91.44,93.35,91.41,93.15,1746600
2002-07-12T06:30:00-07:00,93.33,93.89,91.55,93.08,2120589
2002-07-12T10:30:00-07:00,93.13,93.45,91.52,92.46,1298699
2002-07-15T06:30:00-07:00,91.64,91.64,89.15,89.51,3592201
2002-07-15T10:30:00-07:00,89.55,92.2,87.89,92.1,3260393
2002-07-16T06:30:00-07:00,91.12,92.38,89.87,91.65,3517529
2002-07-16T10:30:00-07:00,91.6,92.23,90.03,90.57,1516667
2002-07-17T06:30:00-07:00,92.46,93.3,89.75,90.49,3120619
2002-07-17T10:30:00-07:00,90.49,91.45,89.97,91,1481201
2002-07-18T06:30:00-07:00,90.7,91.1,89.65,90.25,1611643
2002-07-18T10:30:00-07:00,90.27,90.34,88.24,88.33,1344772
2002-07-19T06:30:00-07:00,86.76,87.55,85.84,85.98,3198022
2002-07-19T10:30:00-07:00,86.05,86.8,84.3,84.8,2780066
2002-07-22T06:30:00-07:00,84.1,85.91,81.45,82.71,4568309
2002-07-22T10:30:00-07:00,82.75,84.8,82.03,82.21,2829953
2002-07-23T06:30:00-07:00,82.55,83.24,80.52,80.67,3543780
2002-07-23T10:30:00-07:00,80.7,81.83,79.75,80,2824360
2002-07-24T06:30:00-07:00,78.13,82.64,77.68,81.2,5831574
2002-07-24T10:30:00-07:00,81.2,84.94,80.97,84.8,3898072
2002-07-25T06:30:00-07:00,84.27,85.85,83.12,83.99,4846230
2002-07-25T10:30:00-07:00,83.95,85.05,81.6,84.2,3562491
2002-07-26T06:30:00-07:00,84.65,85.28,83.8,84.2,2376924
2002-07-26T10:30:00-07:00,84.3,85.69,83.9,85.6,1450387
2002-07-29T06:30:00-07:00,87.5,89.18,87.3,88.86,3004579
2002-07-29T10:30:00-07:00,88.85,90.34,88.66,90.23,1969473
2002-07-30T06:30:00-07:00,89.32,91.3,88.72,91.18,2746961
2002-07-30T10:30:00-07:00,91.15,91.4,89.59,90.63,1799441
2002-07-31T06:30:00-07:00,90.49,90.85,89.25,89.96,2313087
2002-07-31T10:30:00-07:00,89.99,91.45,89.37,91.38,1554809
2002-08-01T06:30:00-07:00,90.88,91.25,88.79,89.45,2962885
2002-08-01T10:30:00-07:00,89.44,90.04,88.46,88.64,2693413
2002-08-02T06:30:00-07:00,88.5,88.91,86.15,86.64,3058286
2002-08-02T10:30:00-07:00,86.64,86.98,85.62,86.65,1938220
2002-08-05T06:30:00-07:00,86.49,86.93,84.53,85.06,2340192
2002-08-05T10:30:00-07:00,85.12,85.24,83.6,83.73,1950608
2002-08-06T06:30:00-07:00,85.23,87.76,85.11,87.24,3921738
2002-08-06T10:30:00-07:00,87.28,87.9,86.07,86.4,1979382
2002-08-07T06:30:00-07:00,87.87,88.5,86.14,86.25,2232365
2002-08-07T10:30:00-07:00,86.25,88.25,85.77,88.17,1755779
2002-08-08T06:30:00-07:00,88.42,90,87.8,89.85,2703279
2002-08-08T10:30:00-07:00,89.84,91.1,89.55,90.98,1889754
2002-08-09T06:30:00-07:00,90.1,91.4,89.35,90.63,2408189
2002-08-09T10:30:00-07:00,90.64,91.94,90.6,91.24,1628808
2002-08-12T06:30:00-07:00,89.99,90.61,89.55,90,1625928
2002-08-12T10:30:00-07:00,90.02,91.27,89.91,90.69,835004
2002-08-13T06:30:00-07:00,90.15,91.66,90.08,91.28,1387768
2002-08-13T10:30:00-07:00,91.25,91.58,88.67,88.75,3256764
2002-08-14T06:30:00-07:00,89.02,89.33,88.02,88.55,2145046
2002-08-14T10:30:00-07:00,88.52,92.62,88.52,92.35,3026798
2002-08-15T06:30:00-07:00,92.84,93.99,92.2,92.92,2969764
2002-08-15T10:30:00-07:00,92.95,93.57,92.5,93.4,1370114
2002-08-16T06:30:00-07:00,92.82,94.08,92,93.57,2380587
2002-08-16T10:30:00-07:00,93.56,94.07,93,93.24,1001724
2002-08-19T06:30:00-07:00,93.46,95.25,93.18,95.12,1851937
2002-08-19T10:30:00-07:00,95.08,95.75,94.76,95.52,1355802
2002-08-20T06:30:00-07:00,94.82,95.02,93.62,93.76,2034591
2002-08-20T10:30:00-07:00,93.76,94.83,93.7,94.27,946348
2002-08-21T06:30:00-07:00,95.06,95.48,93.57,94.95,2295039
2002-08-21T10:30:00-07:00,94.92,95.75,94.18,95.5,1508409
2002-08-22T06:30:00-07:00,95.49,96.69,95.07,96.26,1846603
2002-08-22T10:30:00-07:00,96.26,97.15,95.65,96.76,1814554
2002-08-23T06:30:00-07:00,96.01,96.15,94.7,94.94,1640959
2002-08-23T10:30:00-07:00,94.92,95.4,94.15,94.52,1070935
2002-08-26T06:30:00-07:00,94.91,95.2,93.5,94.25,1747100
2002-08-26T10:30:00-07:00,94.23,95.64,94.1,95.27,1302738
2002-08-27T06:30:00-07:00,95.7,96.25,94.2,94.59,2249655
2002-08-27T10:30:00-07:00,94.62,94.88,93.5,93.9,1207963
2002-08-28T06:30:00-07:00,93.28,93.49,92,92.77,2384205
2002-08-28T10:30:00-07:00,92.8,92.8,91.8,92.3,1441972
2002-08-29T06:30:00-07:00,91.27,93.05,90.81,92.51,2649613
2002-08-29T10:30:00-07:00,92.51,92.83,91.75,92.3,1462949
2002-08-30T06:30:00-07:00,91.68,93.26,91.4,93,1798674
2002-08-30T10:30:00-07:00,93,93.39,91.85,92.09,1106826
2002-09-03T06:30:00-07:00,90.73,90.79,88.78,89.24,2988620
2002-09-03T10:30:00-07:00,89.25,89.61,88.16,88.21,1698418
2002-09-04T06:30:00-07:00,88.61,89.38,88.06,88.94,2999526
2002-09-04T10:30:00-07:00,88.96,90.25,88.67,89.74,1780177
2002-09-05T06:30:00-07:00,88.49,89.43,87.5,88.96,3246736
2002-09-05T10:30:00-07:00,88.95,89.35,88.1,88.46,1628170
2002-09-06T06:30:00-07:00,89.75,90.45,89.34,90.27,2367843
2002-09-06T10:30:00-07:00,90.3,90.57,89.72,89.86,1133918
2002-09-09T06:30:00-07:00,89.1,90.28,88.8,90.22,1733356
2002-09-09T10:30:00-07:00,90.25,91.35,90.03,90.8,1501313
2002-09-10T06:30:00-07:00,91.14,91.61,90.62,91.15,2195086
2002-09-10T10:30:00-07:00,91.15,91.59,90.56,91.55,1452110
2002-09-11T06:30:00-07:00,92.47,93.33,91.91,92.01,1323648
2002-09-11T10:30:00-07:00,92.01,92.36,91.35,91.5,1121558
2002-09-12T06:30:00-07:00,90.75,90.84,89.75,90.04,2337041
2002-09-12T10:30:00-07:00,90.05,90.1,88.99,89.26,1852743
2002-09-13T06:30:00-07:00,88.69,89.9,88.25,89.64,2718709
2002-09-13T10:30:00-07:00,89.61,89.85,88.9,89.54,1287319
2002-09-16T06:30:00-07:00,89.31,89.75,88.46,89.03,1539819
2002-09-16T10:30:00-07:00,89.07,89.83,88.96,89.73,923868
2002-09-17T06:30:00-07:00,90.89,91.19,88.57,89.01,2846152
2002-09-17T10:30:00-07:00,89.05,89.13,87.75,87.97,1654663
2002-09-18T06:30:00-07:00,87.01,87.51,86.28,86.79,2439953
2002-09-18T10:30:00-07:00,86.78,88.5,86.74,87.49,2415406
2002-09-19T06:30:00-07:00,85.99,86.8,85.7,86.11,2487277
2002-09-19T10:30:00-07:00,86.1,86.21,84.78,84.85,2045122
2002-09-20T06:30:00-07:00,84.92,85.2,84.05,84.9,2602420
2002-09-20T10:30:00-07:00,84.91,85.14,84.17,84.66,1171995
2002-09-23T06:30:00-07:00,83.65,84.05,82.69,83.4,2811930
2002-09-23T10:30:00-07:00,83.4,84.06,82.84,83.59,1688378
2002-09-24T06:30:00-07:00,82.44,83.65,82.11,82.8,2994531
2002-09-24T10:30:00-07:00,82.82,83.3,81.85,82.15,3113661
2002-09-25T06:30:00-07:00,83.37,83.94,82.04,83.93,3165789
2002-09-25T10:30:00-07:00,83.89,84.77,83.75,84.11,2362706
2002-09-26T06:30:00-07:00,85.02,85.95,84.45,84.66,3279908
2002-09-26T10:30:00-07:00,84.64,85.91,84.5,85.86,1706943
2002-09-27T06:30:00-07:00,85,85.63,84,84.29,3418020
2002-09-27T10:30:00-07:00,84.29,84.39,82.8,82.85,2494462
2002-09-30T06:30:00-07:00,82,82,80.01,81.24,4418987
2002-09-30T10:30:00-07:00,81.23,82.8,81.17,81.6,2428960
2002-10-01T06:30:00-07:00,82.43,83.72,81.47,83.61,3339499
2002-10-01T10:30:00-07:00,83.63,85.1,83.13,85,2663638
2002-10-02T06:30:00-07:00,84.69,85.53,83.8,85.04,3004954
2002-10-02T10:30:00-07:00,85.02,85.07,82.6,83.05,2304171
2002-10-03T06:30:00-07:00,83.14,84.35,81.95,82.11,3635964
2002-10-03T10:30:00-07:00,82.17,83.3,82.02,82.05,1787418
2002-10-04T06:30:00-07:00,82.8,82.92,80.06,80.16,3228682
2002-10-04T10:30:00-07:00,80.16,81.55,79.58,80.38,3207804
2002-10-07T06:30:00-07:00,80.06,81.2,79.4,80.04,3046719
2002-10-07T10:30:00-07:00,80.05,80.35,78.55,78.82,1815998
2002-10-08T06:30:00-07:00,79.81,80.18,78.2,79.1,3639358
2002-10-08T10:30:00-07:00,79.1,81.31,78.94,80.11,3593470
2002-10-09T06:30:00-07:00,79.09,79.7,78.05,78.57,3937489
2002-10-09T10:30:00-07:00,78.55,79.44,77.78,77.96,3252455
2002-10-10T06:30:00-07:00,77.94,80.35,77.07,80.12,4578993
2002-10-10T10:30:00-07:00,80.1,81.07,79.75,80.66,2419986
2002-10-11T06:30:00-07:00,82.1,84.32,81.82,84.21,4488593
2002-10-11T10:30:00-07:00,84.14,84.73,82.94,83.9,2785012
2002-10-14T06:30:00-07:00,83.2,84.85,83.04,84.35,2609283
2002-10-14T10:30:00-07:00,84.41,84.64,83.82,84.5,1215954
2002-10-15T06:30:00-07:00,86.99,88.1,86.85,87.86,3860448
2002-10-15T10:30:00-07:00,87.86,88.5,87.51,88.42,2749154
2002-10-16T06:30:00-07:00,87.41,87.8,86.1,86.44,3881960
2002-10-16T10:30:00-07:00,86.45,86.7,85.92,86.32,1861509
2002-10-17T06:30:00-07:00,88.87,89.23,87.85,88.27,3753301
2002-10-17T10:30:00-07:00,88.27,88.62,87.85,88.17,1794542
2002-10-18T06:30:00-07:00,87.65,89.11,86.93,88.53,3205518
2002-10-18T10:30:00-07:00,88.53,88.85,88.06,88.7,1137355
2002-10-21T06:30:00-07:00,88.12,90.2,87.57,90,2669898
2002-10-21T10:30:00-07:00,90,90.5,89.58,90.28,1568285
2002-10-22T06:30:00-07:00,89.05,90.01,88.82,89.05,2379971
2002-10-22T10:30:00-07:00,89.1,89.48,88.52,89.37,1427847
2002-10-23T06:30:00-07:00,88.77,89.5,87.68,88,2814212
2002-10-23T10:30:00-07:00,87.98,89.99,87.9,89.97,2124000
2002-10-24T06:30:00-07:00,90.75,90.9,89.67,90.15,2543572
2002-10-24T10:30:00-07:00,90.18,90.21,88.1,88.6,2145580
2002-10-25T06:30:00-07:00,88.21,89.38,87.94,89.07,2512993
2002-10-25T10:30:00-07:00,89.02,90.16,88.73,90.03,1338344
2002-10-28T06:30:00-08:00,91.15,91.29,89.45,90.65,2135499
2002-10-28T10:30:00-08:00,90.61,90.73,88.87,89.41,1400613
2002-10-29T06:30:00-08:00,89.08,89.49,87,87.49,3342423
2002-10-29T10:30:00-08:00,87.55,89.1,87.17,88.6,1916788
2002-10-30T06:30:00-08:00,88.68,89.96,88.23,89.38,2190898
2002-10-30T10:30:00-08:00,89.38,89.78,88.62,89.45,1407019
2002-10-31T06:30:00-08:00,89.66,90.3,88.92,89.28,2115507
2002-10-31T10:30:00-08:00,89.28,89.65,88.19,88.86,1293632
2002-11-01T06:30:00-08:00,88.35,90.2,88.05,89.91,2718285
2002-11-01T10:30:00-08:00,89.93,90.82,89.45,90.55,1566095
2002-11-04T06:30:00-08:00,91.8,92.94,91.6,92.65,2357224
2002-11-04T10:30:00-08:00,92.62,92.67,90.9,91.15,1887151
2002-11-05T06:30:00-08:00,90.84,91.86,90.84,91.2,1841403
2002-11-05T10:30:00-08:00,91.2,92.07,90.93,91.97,933940
2002-11-06T06:30:00-08:00,92.48,92.48,91.4,91.65,2113596
2002-11-06T10:30:00-08:00,91.62,93.07,90.79,92.77,3641447
2002-11-07T06:30:00-08:00,92.02,92.22,90.35,90.78,2608810
2002-11-07T10:30:00-08:00,90.76,91.26,90.22,90.57,1477607
2002-11-08T06:30:00-08:00,90.53,91.57,89.52,90.15,2337050
2002-11-08T10:30:00-08:00,90.14,90.2,89.55,89.87,1047085
2002-11-11T06:30:00-08:00,89.51,89.56,88.3,88.76,1863714
2002-11-11T10:30:00-08:00,88.72,88.93,87.8,88.05,1172615
2002-11-12T06:30:00-08:00,88.66,89.73,88.37,89.41,2046784
2002-11-12T10:30:00-08:00,89.42,89.91,88.4,88.75,1553795
2002-11-13T06:30:00-08:00,88.32,89.74,87.45,89.06,3622209
2002-11-13T10:30:00-08:00,89.08,89.29,87.74,88.68,1780405
2002-11-14T06:30:00-08:00,90.07,90.8,89.77,90.72,1793989
2002-11-14T10:30:00-08:00,90.7,91,90.35,90.87,1058998
2002-11-15T06:30:00-08:00,90,91.15,89.95,90.68,2122099
2002-11-15T10:30:00-08:00,90.69,91.55,90.55,91.38,1185504
2002-11-18T06:30:00-08:00,92.15,92.15,90.85,91.34,1674709
2002-11-18T10:30:00-08:00,91.3,91.59,90.4,90.5,854843
2002-11-19T06:30:00-08:00,90.02,91.1,89.76,90.65,1745987
2002-11-19T10:30:00-08:00,90.64,91.1,89.77,90.23,1249059
2002-11-20T06:30:00-08:00,89.98,91.88,89.95,91.76,2052749
2002-11-20T10:30:00-08:00,91.75,92.07,91.23,91.94,1281558
2002-11-21T06:30:00-08:00,92.6,93.93,92.43,93.82,3258912
2002-11-21T10:30:00-08:00,93.82,94.11,93.36,93.9,1631755
2002-11-22T06:30:00-08:00,93.48,94.09,93.27,93.73,1627111
2002-11-22T10:30:00-08:00,93.7,94.27,93.45,93.62,1229905
2002-11-25T06:30:00-08:00,93.43,94.26,92.77,93.1,2226491
2002-11-25T10:30:00-08:00,93.1,94.09,93.1,93.79,929993
2002-11-26T06:30:00-08:00,93.07,93.45,92.25,92.66,2166328
2002-11-26T10:30:00-08:00,92.67,92.69,91.62,91.85,1657070
2002-11-27T06:30:00-08:00,92.52,94.44,92.52,94.4,2271522
2002-11-27T10:30:00-08:00,94.35,94.65,94.15,94.33,970316
2002-11-29T06:30:00-08:00,94.62,94.75,93.77,93.95,1709963
2002-11-29T10:30:00-08:00,93.93,94.11,93.93,93.98,659
2002-12-02T06:30:00-08:00,95.47,96.05,93.83,94.17,2670070
2002-12-02T10:30:00-08:00,94.15,94.16,93.22,93.89,1269431
2002-12-03T06:30:00-08:00,93.25,93.4,92.35,92.85,1789736
2002-12-03T10:30:00-08:00,92.85,93.19,92.44,92.55,1370671
2002-12-04T06:30:00-08:00,91.77,92.55,91.43,92.15,3209643
2002-12-04T10:30:00-08:00,92.15,93.14,91.75,92.37,2337914
2002-12-05T06:30:00-08:00,92.7,92.8,91.1,91.25,2145299
2002-12-05T10:30:00-08:00,91.24,91.99,91.13,91.16,1076719
2002-12-06T06:30:00-08:00,90.12,91.83,89.98,91.59,3005026
2002-12-06T10:30:00-08:00,91.62,92.17,91.2,91.8,1369156
2002-12-09T06:30:00-08:00,91.07,91.46,90.19,90.37,1812374
2002-12-09T10:30:00-08:00,90.34,90.75,89.62,89.67,1253616
2002-12-10T06:30:00-08:00,90.02,90.71,89.76,90.46,1882802
2002-12-10T10:30:00-08:00,90.5,91.1,90.27,90.92,1127635
2002-12-11T06:30:00-08:00,90.36,91.62,90.16,91.1,2012917
2002-12-11T10:30:00-08:00,91.07,91.45,90.64,91.06,1389029
2002-12-12T06:30:00-08:00,91.2,91.49,90.2,90.8,2106453
2002-12-12T10:30:00-08:00,90.8,91,90.4,90.73,972164
2002-12-13T06:30:00-08:00,89.91,90.48,89.36,90.07,2078743
2002-12-13T10:30:00-08:00,90.07,90.34,89.48,89.54,928829
2002-12-16T06:30:00-08:00,89.82,91.34,89.66,91.07,1626268
2002-12-16T10:30:00-08:00,91.06,91.68,90.9,91.63,1391744
2002-12-17T06:30:00-08:00,91.35,91.74,90.92,91.11,1682957
2002-12-17T10:30:00-08:00,91.11,91.37,90.74,90.9,924568
2002-12-18T06:30:00-08:00,90.32,90.4,89.33,89.78,2024634
2002-12-18T10:30:00-08:00,89.76,90.09,89.36,89.65,943448
2002-12-19T06:30:00-08:00,89.35,90.7,88.82,88.96,2469579
2002-12-19T10:30:00-08:00,88.95,89.25,88.6,89.05,998916
2002-12-20T06:30:00-08:00,89.2,90.02,89.1,89.89,1384819
2002-12-20T10:30:00-08:00,89.85,89.95,89.3,89.69,987135
2002-12-23T06:30:00-08:00,89.59,90.47,89.31,90,1344631
2002-12-23T10:30:00-08:00,90,90.01,89.51,89.93,568576
2002-12-24T06:30:00-08:00,89.59,89.86,89.25,89.36,1027121
2002-12-24T10:30:00-08:00,89.35,89.35,89.35,89.35,10
2002-12-26T06:30:00-08:00,89.7,90.61,89.64,90.21,758088
2002-12-26T10:30:00-08:00,90.22,90.24,88.84,89.04,686498
2002-12-27T06:30:00-08:00,88.96,89.29,88.06,88.26,1107505
2002-12-27T10:30:00-08:00,88.27,88.29,87.52,87.68,826436
2002-12-30T06:30:00-08:00,87.79,88.08,87.22,87.9,1746793
2002-12-30T10:30:00-08:00,87.85,88.47,87.85,88.09,801851
2002-12-31T06:30:00-08:00,87.99,88.36,87.11,88.27,1717016
2002-12-31T10:30:00-08:00,88.33,88.43,87.88,88.16,954707
2003-01-02T06:30:00-08:00,88.85,90.7,88.55,90.44,2610476
2003-01-02T10:30:00-08:00,90.43,91.15,90.38,91.11,952875
2003-01-03T06:30:00-08:00,90.98,91.38,90.6,90.91,1846404
2003-01-03T10:30:00-08:00,90.9,91.2,90.5,91.11,900306
2003-01-06T06:30:00-08:00,91.24,93.13,91.17,93.07,2187916
2003-01-06T10:30:00-08:00,93.04,93.49,92.82,93.12,1335804
2003-01-07T06:30:00-08:00,92.9,93.13,92.2,92.86,2216810
2003-01-07T10:30:00-08:00,92.85,93.37,92.29,92.56,1284585
2003-01-08T06:30:00-08:00,92.2,92.4,91.52,91.71,2005340
2003-01-08T10:30:00-08:00,91.73,91.75,91.05,91.22,1463248
2003-01-09T06:30:00-08:00,91.79,93.05,91.79,92.63,1969466
2003-01-09T10:30:00-08:00,92.66,93.18,92.37,92.99,1051976
2003-01-10T06:30:00-08:00,91.95,93.64,91.8,92.64,2517957
2003-01-10T10:30:00-08:00,92.65,93.3,92.64,93.03,846521
2003-01-13T06:30:00-08:00,93.54,93.86,92.44,92.87,1864924
2003-01-13T10:30:00-08:00,92.89,93.4,92.73,92.85,930822
2003-01-14T06:30:00-08:00,92.69,93.34,92.41,93.22,1485395
2003-01-14T10:30:00-08:00,93.22,93.49,92.92,93.43,626182
2003-01-15T06:30:00-08:00,93.54,93.57,91.91,92.12,1792574
2003-01-15T10:30:00-08:00,92.12,92.52,91.95,92.13,958753
2003-01-16T06:30:00-08:00,92.5,92.93,91.67,91.8,2812518
2003-01-16T10:30:00-08:00,91.82,91.97,91.45,91.82,1068861
2003-01-17T06:30:00-08:00,90.99,91.34,90.35,90.47,2310414
2003-01-17T10:30:00-08:00,90.5,90.64,90.15,90.49,1024864
2003-01-21T06:30:00-08:00,90.87,90.92,89.63,90.05,2320853
2003-01-21T10:30:00-08:00,90.07,90.1,89.03,89.07,1147596
2003-01-22T06:30:00-08:00,88.77,89.32,88.45,89.01,2396659
2003-01-22T10:30:00-08:00,89.02,89.22,88.01,88.06,1644911
2003-01-23T06:30:00-08:00,88.75,88.97,87.95,88.62,2676979
2003-01-23T10:30:00-08:00,88.6,89.38,88.55,89.08,1489162
2003-01-24T06:30:00-08:00,88.59,88.68,86.26,86.44,4084120
2003-01-24T10:30:00-08:00,86.44,86.83,86.17,86.33,1768377
2003-01-27T06:30:00-08:00,85.73,86.8,84.65,85.3,3673298
2003-01-27T10:30:00-08:00,85.27,85.5,84.66,85.03,1620462
2003-01-28T06:30:00-08:00,85.6,86.1,85.13,85.74,3052226
2003-01-28T10:30:00-08:00,85.74,86.4,85.62,86.11,1318884
2003-01-29T06:30:00-08:00,85.44,86.6,84.78,86.3,2910800
2003-01-29T10:30:00-08:00,86.33,87.18,85.92,86.75,1599001
2003-01-30T06:30:00-08:00,86.79,86.88,85.56,85.88,2549270
2003-01-30T10:30:00-08:00,85.88,85.97,84.63,84.77,1558575
2003-01-31T06:30:00-08:00,84.15,86.12,84.15,86,2917256
2003-01-31T10:30:00-08:00,85.99,86.21,85.16,85.81,1561680
2003-02-03T06:30:00-08:00,86.16,86.81,85.92,86.49,2485646
2003-02-03T10:30:00-08:00,86.47,86.78,86.04,86.27,939927
2003-02-04T06:30:00-08:00,85.31,85.43,84.3,84.84,2349837
2003-02-04T10:30:00-08:00,84.87,85.23,84.59,85.14,1534839
2003-02-05T06:30:00-08:00,85.75,86.54,84.89,85.89,2705340
2003-02-05T10:30:00-08:00,85.88,86.1,84.48,84.64,1920833
2003-02-06T06:30:00-08:00,84.43,84.89,83.65,84.42,3405140
2003-02-06T10:30:00-08:00,84.42,84.66,83.66,84.2,1613472
2003-02-07T06:30:00-08:00,84.91,84.99,83.26,83.37,2533203
2003-02-07T10:30:00-08:00,83.37,83.48,82.97,83.27,1304086
2003-02-10T06:30:00-08:00,83.46,84.13,82.65,83.71,3127899
2003-02-10T10:30:00-08:00,83.72,84.02,83.27,83.94,1082529
2003-02-11T06:30:00-08:00,84.36,84.7,83.68,83.86,2353889
2003-02-11T10:30:00-08:00,83.85,83.93,82.83,83.21,1759288
2003-02-12T06:30:00-08:00,83.16,83.62,82.5,82.65,2130824
2003-02-12T10:30:00-08:00,82.61,82.94,82.22,82.25,1008513
2003-02-13T06:30:00-08:00,82.15,82.37,81.06,81.22,2258612
2003-02-13T10:30:00-08:00,81.21,82.66,81,82.09,1946886
2003-02-14T06:30:00-08:00,82.37,83.6,81.82,82.68,3551857
2003-02-14T10:30:00-08:00,82.7,83.9,82.47,83.88,1602590
2003-02-18T06:30:00-08:00,84.53,85.75,84.49,85.38,2173202
2003-02-18T10:30:00-08:00,85.38,85.69,84.99,85.5,1222545
2003-02-19T06:30:00-08:00,85.32,85.47,84.69,84.73,1512003
2003-02-19T10:30:00-08:00,84.73,84.94,84.28,84.93,1234911
2003-02-20T06:30:00-08:00,85.21,85.42,84.18,84.21,1686326
2003-02-20T10:30:00-08:00,84.22,84.54,84.05,84.09,921171
2003-02-21T06:30:00-08:00,84.38,85.37,83.46,85.08,3040622
2003-02-21T10:30:00-08:00,85.07,85.74,85.07,85.34,1281645
2003-02-24T06:30:00-08:00,84.93,85,83.65,84.01,1567747
2003-02-24T10:30:00-08:00,84,84.18,83.59,83.68,1163814
2003-02-25T06:30:00-08:00,82.95,83.19,82.22,82.88,2501967
2003-02-25T10:30:00-08:00,82.92,84.49,82.76,84.29,2471771
2003-02-26T06:30:00-08:00,84.02,84.53,83.39,83.69,1822525
2003-02-26T10:30:00-08:00,83.68,83.96,83.08,83.16,1366212
2003-02-27T06:30:00-08:00,83.7,84.75,83.16,84.4,3196983
2003-02-27T10:30:00-08:00,84.39,84.53,83.55,84.17,1390760
2003-02-28T06:30:00-08:00,84.47,85.23,84.27,84.59,2398450
2003-02-28T10:30:00-08:00,84.59,84.8,84.16,84.61,1513904
2003-03-03T06:30:00-08:00,85.26,85.78,84.48,84.59,2443261
2003-03-03T10:30:00-08:00,84.59,84.76,83.72,83.94,1545508
2003-03-04T06:30:00-08:00,83.95,84.01,83.15,83.45,1681592
2003-03-04T10:30:00-08:00,83.43,83.51,82.65,82.73,1204564
2003-03-05T06:30:00-08:00,82.61,83.48,82.36,83.24,2504324
2003-03-05T10:30:00-08:00,83.21,83.52,82.62,83.5,1375078
2003-03-06T06:30:00-08:00,82.87,83.52,82.47,82.67,2626422
2003-03-06T10:30:00-08:00,82.64,83.09,82.48,82.7,1011527
2003-03-07T06:30:00-08:00,81.61,83.5,81.43,83.08,3892619
2003-03-07T10:30:00-08:00,83.06,83.5,82.4,83.37,1566664
2003-03-10T06:30:00-08:00,82.6,82.86,81.57,81.72,2450048
2003-03-10T10:30:00-08:00,81.74,82.02,81.1,81.23,1396319
2003-03-11T06:30:00-08:00,81.48,82,80.74,81.39,2997512
2003-03-11T10:30:00-08:00,81.4,81.61,80.52,80.54,1510325
2003-03-12T06:30:00-08:00,80.38,80.79,79.38,79.5,3235462
2003-03-12T10:30:00-08:00,79.5,81.01,79.42,80.97,2604586
2003-03-13T06:30:00-08:00,82.18,82.65,81.53,82.6,3610328
2003-03-13T10:30:00-08:00,82.61,83.83,82.55,83.78,2915208
2003-03-14T06:30:00-08:00,84.2,84.77,83.35,83.73,4364816
2003-03-14T10:30:00-08:00,83.72,84.25,83.4,83.9,1565690
2003-03-17T06:30:00-08:00,83.4,86.5,83.22,85.96,5336940
2003-03-17T10:30:00-08:00,86,86.95,85.91,86.83,2464146
2003-03-18T06:30:00-08:00,87.15,87.25,86.28,86.87,3007902
2003-03-18T10:30:00-08:00,86.87,87.32,86.42,87.19,1764932
2003-03-19T06:30:00-08:00,87.28,87.7,86.68,87.33,2708061
2003-03-19T10:30:00-08:00,87.39,88.16,86.92,87.95,1804118
2003-03-20T06:30:00-08:00,87.33,88.3,86.35,88.15,4173477
2003-03-20T10:30:00-08:00,88.14,88.59,87.71,88.13,1977677
2003-03-21T06:30:00-08:00,88.8,89.64,87.93,89.35,3854196
2003-03-21T10:30:00-08:00,89.29,89.88,88.7,89.74,2507074
2003-03-24T06:30:00-08:00,88.02,88.14,86.72,86.95,3530744
2003-03-24T10:30:00-08:00,86.93,87.17,86.35,86.58,2239569
2003-03-25T06:30:00-08:00,86.74,88.24,86.44,88.08,3444891
2003-03-25T10:30:00-08:00,88.08,88.2,87.02,87.67,2224354
2003-03-26T06:30:00-08:00,87.56,87.85,87.03,87.48,1864421
2003-03-26T10:30:00-08:00,87.46,87.85,86.8,87.2,2232644
2003-03-27T06:30:00-08:00,86.4,87.24,85.99,87.01,2350173
2003-03-27T10:30:00-08:00,87.01,87.66,86.85,87.1,1873134
2003-03-28T06:30:00-08:00,86.47,87.28,86.28,86.91,1960420
2003-03-28T10:30:00-08:00,86.91,86.91,86.25,86.59,989952
2003-03-31T06:30:00-08:00,85.32,85.6,84.4,85.42,2983261
2003-03-31T10:30:00-08:00,85.42,86.05,84.95,84.98,1864057
2003-04-01T06:30:00-08:00,85.25,86.25,84.91,85.82,2919071
2003-04-01T10:30:00-08:00,85.86,86.39,85.6,86.1,1829346
2003-04-02T06:30:00-08:00,87.54,88.68,87.5,88.28,3078094
2003-04-02T10:30:00-08:00,88.28,88.77,88.16,88.39,1232132
2003-04-03T06:30:00-08:00,88.87,88.99,87.86,88.39,2687450
2003-04-03T10:30:00-08:00,88.4,88.89,87.8,87.84,1734143
2003-04-04T06:30:00-08:00,88.43,88.59,87.62,87.99,2384920
2003-04-04T10:30:00-08:00,88,88.29,87.67,88.12,879709
2003-04-07T06:30:00-07:00,90.34,90.85,89.63,89.97,4198562
2003-04-07T10:30:00-07:00,89.99,90.05,88.19,88.23,2111266
2003-04-08T06:30:00-07:00,88.3,88.51,87.71,88.26,2487988
2003-04-08T10:30:00-07:00,88.3,88.65,87.95,88.13,1118395
2003-04-09T06:30:00-07:00,88.36,89.1,87.12,87.49,3494195
2003-04-09T10:30:00-07:00,87.48,87.8,86.77,86.86,1568755
2003-04-10T06:30:00-07:00,87.09,87.21,86.54,87.04,2259893
2003-04-10T10:30:00-07:00,86.97,87.51,86.95,87.45,1215194
2003-04-11T06:30:00-07:00,88.16,88.7,87,87.05,3184123
2003-04-11T10:30:00-07:00,87.01,87.38,86.86,87.17,873615
2003-04-14T06:30:00-07:00,87.47,88.57,87.22,88.38,1820066
2003-04-14T10:30:00-07:00,88.38,88.87,88.1,88.84,1406261
2003-04-15T06:30:00-07:00,88.84,89.46,88.42,88.93,2353276
2003-04-15T10:30:00-07:00,88.95,89.44,88.69,89.42,1306529
2003-04-16T06:30:00-07:00,89.91,90.06,88.66,88.96,3240066
2003-04-16T10:30:00-07:00,88.93,88.96,88.03,88.23,1529605
2003-04-17T06:30:00-07:00,88.3,89.49,88.19,89.43,2293265
2003-04-17T10:30:00-07:00,89.44,89.72,89.19,89.65,1154045
2003-04-21T06:30:00-07:00,89.86,90.16,89.06,89.7,1739824
2003-04-21T10:30:00-07:00,89.68,89.81,89.23,89.5,913946
2003-04-22T06:30:00-07:00,89.1,91.11,88.89,90.87,3250785
2003-04-22T10:30:00-07:00,90.87,91.56,90.8,91.51,1873997
2003-04-23T06:30:00-07:00,91.62,92.3,91.24,91.9,2666573
2003-04-23T10:30:00-07:00,91.9,92.33,91.54,92.2,1327044
2003-04-24T06:30:00-07:00,91.53,91.85,90.96,91.3,2238855
2003-04-24T10:30:00-07:00,91.28,92.08,91.15,91.42,1677875
2003-04-25T06:30:00-07:00,91.3,91.47,90.02,90.39,2378191
2003-04-25T10:30:00-07:00,90.4,90.6,90.05,90.15,1470596
2003-04-28T06:30:00-07:00,90.44,91.98,90.3,91.56,2653317
2003-04-28T10:30:00-07:00,91.56,92.19,91.39,91.86,1465849
2003-04-29T06:30:00-07:00,92.14,92.8,91.4,91.92,3159355
2003-04-29T10:30:00-07:00,91.93,92.48,91.51,92.1,1357634
2003-04-30T06:30:00-07:00,91.91,92.49,91.41,92.19,2713544
2003-04-30T10:30:00-07:00,92.2,92.57,91.85,91.88,1116231
2003-05-01T06:30:00-07:00,91.92,92.02,90.5,91.29,2372706
2003-05-01T10:30:00-07:00,91.27,92.38,91.27,91.92,2146535
2003-05-02T06:30:00-07:00,91.56,93.29,91.49,92.98,3079344
2003-05-02T10:30:00-07:00,93.03,93.47,92.96,93.34,1161987
2003-05-05T06:30:00-07:00,93.47,93.78,92.77,93.55,2188268
2003-05-05T10:30:00-07:00,93.54,93.59,92.82,92.96,908325
2003-05-06T06:30:00-07:00,93.04,94.15,93,94.14,1742573
2003-05-06T10:30:00-07:00,94.1,94.38,93.17,93.8,2052965
2003-05-07T06:30:00-07:00,93.42,94.14,92.97,93.31,2336550
2003-05-07T10:30:00-07:00,93.32,93.6,93.04,93.31,908648
2003-05-08T06:30:00-07:00,92.52,93.33,92.28,92.63,2582023
2003-05-08T10:30:00-07:00,92.62,92.69,92.29,92.34,885374
2003-05-09T06:30:00-07:00,92.86,93.8,92.61,93.66,2082149
2003-05-09T10:30:00-07:00,93.65,93.79,93.26,93.71,797232
2003-05-12T06:30:00-07:00,93.5,94.95,93.28,94.75,2247834
2003-05-12T10:30:00-07:00,94.74,95.12,94.62,94.9,950798
2003-05-13T06:30:00-07:00,94.53,95.18,94.3,94.82,2259259
2003-05-13T10:30:00-07:00,94.81,94.89,94.26,94.64,1162518
2003-05-14T06:30:00-07:00,95.09,95.24,93.94,94.41,1691159
2003-05-14T10:30:00-07:00,94.43,94.56,93.91,94.36,998109
2003-05-15T06:30:00-07:00,94.89,95.32,94.25,94.89,2400697
2003-05-15T10:30:00-07:00,94.92,95.15,94.8,95.13,1304639
2003-05-16T06:30:00-07:00,94.89,95.43,94.26,94.81,2123372
2003-05-16T10:30:00-07:00,94.83,95.3,94.78,94.86,873171
2003-05-19T06:30:00-07:00,94.2,94.42,92.68,92.92,2546910
2003-05-19T10:30:00-07:00,92.92,93.04,92.41,92.51,923633
2003-05-20T06:30:00-07:00,92.82,93.03,92.27,92.32,2250714
2003-05-20T10:30:00-07:00,92.32,92.6,91.59,92.44,2473102
2003-05-21T06:30:00-07:00,92.11,92.88,91.91,92.69,2501448
2003-05-21T10:30:00-07:00,92.72,92.83,92.33,92.77,1250981
2003-05-22T06:30:00-07:00,92.95,93.79,92.68,93.59,2350449
2003-05-22T10:30:00-07:00,93.6,94.04,93.36,93.68,890346
2003-05-23T06:30:00-07:00,93.53,93.98,93.14,93.84,1404778
2003-05-23T10:30:00-07:00,93.84,93.98,93.66,93.75,674308
2003-05-27T06:30:00-07:00,93.3,95.33,93.18,95.26,2472878
2003-05-27T10:30:00-07:00,95.27,95.84,95.1,95.62,1318861
2003-05-28T06:30:00-07:00,95.85,96.47,95.43,95.85,2322233
2003-05-28T10:30:00-07:00,95.86,96.1,95.53,95.82,932014
2003-05-29T06:30:00-07:00,95.88,96.74,95.33,95.43,2675327
2003-05-29T10:30:00-07:00,95.42,95.92,95.08,95.37,2163165
2003-05-30T06:30:00-07:00,95.9,97.04,95.77,96.65,2734607
2003-05-30T10:30:00-07:00,96.63,97.09,96.45,96.92,1322535
2003-06-02T06:30:00-07:00,97.53,98.34,97.25,98.23,2526742
2003-06-02T10:30:00-07:00,98.23,98.45,97.03,97.18,1722649
2003-06-03T06:30:00-07:00,97.15,97.84,96.85,97.09,1989167
2003-06-03T10:30:00-07:00,97.08,97.7,96.92,97.68,861057
2003-06-04T06:30:00-07:00,97.66,98.94,97.56,98.6,2506351
2003-06-04T10:30:00-07:00,98.6,99.35,98.53,99.13,1473677
2003-06-05T06:30:00-07:00,98.58,99.49,98.27,99.11,2816051
2003-06-05T10:30:00-07:00,99.11,99.59,98.76,99.53,1224630
2003-06-06T06:30:00-07:00,100.4,101.4,99.45,99.96,3810635
2003-06-06T10:30:00-07:00,99.96,100.38,99.15,99.22,1457109
2003-06-09T06:30:00-07:00,98.76,99.1,98.07,98.32,2184619
2003-06-09T10:30:00-07:00,98.33,98.42,97.77,98.11,1191520
2003-06-10T06:30:00-07:00,98.46,98.89,98.19,98.82,2028143
2003-06-10T10:30:00-07:00,98.81,99.06,98.25,99.05,629349
2003-06-11T06:30:00-07:00,99.16,99.64,98.71,99.52,1930965
2003-06-11T10:30:00-07:00,99.56,100.38,99.26,100.33,1584308
2003-06-12T06:30:00-07:00,100.75,100.9,99.62,100.22,2238750
2003-06-12T10:30:00-07:00,100.28,100.62,99.74,100.48,1117720
2003-06-13T06:30:00-07:00,100.61,100.74,99.14,99.24,2863157
2003-06-13T10:30:00-07:00,99.25,99.62,98.95,99.43,1091402
2003-06-16T06:30:00-07:00,99.96,101.25,99.8,100.96,1945585
2003-06-16T10:30:00-07:00,100.97,101.66,100.95,101.64,1262867
2003-06-17T06:30:00-07:00,102.07,102.179,101.23,101.94,2213192
2003-06-17T10:30:00-07:00,101.91,102.17,101.5,101.75,1083657
2003-06-18T06:30:00-07:00,101.29,102.14,101,101.791,2081364
2003-06-18T10:30:00-07:00,101.8,101.88,101.12,101.55,1018389
2003-06-19T06:30:00-07:00,101.64,101.73,100.24,100.69,2639973
2003-06-19T10:30:00-07:00,100.69,100.78,99.84,100,1069485
2003-06-20T06:30:00-07:00,100.37,100.5,99.709,99.78,1805387
2003-06-20T10:30:00-07:00,99.75,100.002,99.53,99.75,916345
2003-06-23T06:30:00-07:00,99.48,99.64,98.13,98.3,1991954
2003-06-23T10:30:00-07:00,98.29,98.46,97.92,98.36,1024499
2003-06-24T06:30:00-07:00,98.15,99.09,98.02,98.66,2404089
2003-06-24T10:30:00-07:00,98.72,99.06,98.56,98.65,928882
2003-06-25T06:30:00-07:00,98.53,99.44,98.51,99.23,1217864
2003-06-25T10:30:00-07:00,99.22,99.34,97.67,97.86,2778448
2003-06-26T06:30:00-07:00,97.78,98.68,97.6,98.5,2006921
2003-06-26T10:30:00-07:00,98.51,98.979,98.46,98.87,800398
2003-06-27T06:30:00-07:00,98.747,99.19,98.2,98.52,2596548
2003-06-27T10:30:00-07:00,98.52,98.58,97.66,97.86,1500233
2003-06-30T06:30:00-07:00,98.22,98.669,97.59,98.3,1724423
2003-06-30T10:30:00-07:00,98.29,98.6,97.68,97.689,1033324
2003-07-01T06:30:00-07:00,97.253,97.67,96.43,97.55,2797564
2003-07-01T10:30:00-07:00,97.55,98.66,97.25,98.56,1634642
2003-07-02T06:30:00-07:00,98.77,99.47,98.57,99.36,1919928
2003-07-02T10:30:00-07:00,99.35,99.68,99,99.6,1175056
2003-07-03T06:30:00-07:00,99.07,99.8,97.904,98.62,2753614
2003-07-07T06:30:00-07:00,99.653,100.89,99.65,100.56,1770560
2003-07-07T10:30:00-07:00,100.6,100.9,100.42,100.74,809022
2003-07-08T06:30:00-07:00,100.5,101,100.17,100.61,1668514
2003-07-08T10:30:00-07:00,100.61,101.29,100.48,101.03,920443
2003-07-09T06:30:00-07:00,100.92,101.4,100.03,100.4,2065218
2003-07-09T10:30:00-07:00,100.39,101.1,100.32,100.57,1000761
2003-07-10T06:30:00-07:00,99.84,100.04,98.75,98.98,3095707
2003-07-10T10:30:00-07:00,98.97,99.32,98.63,99.22,1301025
2003-07-11T06:30:00-07:00,99.39,100.45,99.39,100.19,2149270
2003-07-11T10:30:00-07:00,100.19,100.28,99.6,100.14,900175
2003-07-14T06:30:00-07:00,101.2,101.9,101.07,101.52,1741786
2003-07-14T10:30:00-07:00,101.53,101.8,99.915,100.73,1713892
2003-07-15T06:30:00-07:00,101.38,101.46,100.06,100.19,2194807
2003-07-15T10:30:00-07:00,100.2,100.63,99.95,100.38,1258128
2003-07-16T06:30:00-07:00,100.81,100.87,99.23,99.58,2560366
2003-07-16T10:30:00-07:00,99.57,99.785,99.3,99.76,873373
2003-07-17T06:30:00-07:00,99.15,99.58,98.3,98.46,2755541
2003-07-17T10:30:00-07:00,98.43,98.75,98.16,98.491,1602004
2003-07-18T06:30:00-07:00,99.02,99.25,98.46,99.02,2124522
2003-07-18T10:30:00-07:00,99.02,99.8,98.92,99.58,947002
2003-07-21T06:30:00-07:00,99.45,99.49,98.02,98.3,1875009
2003-07-21T10:30:00-07:00,98.31,98.47,97.85,98.24,1061038
2003-07-22T06:30:00-07:00,98.69,99.41,97.91,99,2774127
2003-07-22T10:30:00-07:00,98.99,99.4,98.56,99.12,1565523
2003-07-23T06:30:00-07:00,99.21,99.35,98.28,98.73,1798797
2003-07-23T10:30:00-07:00,98.72,99.37,98.64,99.231,1348762
2003-07-24T06:30:00-07:00,99.99,100.34,99.46,99.93,1817121
2003-07-24T10:30:00-07:00,99.92,100.05,98.37,98.5,1606182
2003-07-25T06:30:00-07:00,98.66,99.45,98.04,99.33,2284657
2003-07-25T10:30:00-07:00,99.31,100.29,99.24,100.23,1407552
2003-07-28T06:30:00-07:00,100.37,100.49,99.67,99.98,1854982
2003-07-28T10:30:00-07:00,99.98,100.37,99.75,100.04,1211598
2003-07-29T06:30:00-07:00,100.14,100.27,98.68,100.1,3710912
2003-07-29T10:30:00-07:00,100.1,100.26,99.09,99.319,1164109
2003-07-30T06:30:00-07:00,99.6,99.79,98.93,99.29,1556014
2003-07-30T10:30:00-07:00,99.3,99.48,98.95,99.11,905079
2003-07-31T06:30:00-07:00,99.98,100.94,99.172,100.79,3005482
2003-07-31T10:30:00-07:00,100.77,100.86,99.25,99.41,1810843
2003-08-01T06:30:00-07:00,99.19,99.29,98.24,98.66,2801652
2003-08-01T10:30:00-07:00,98.65,98.81,98.25,98.38,1591499
2003-08-04T06:30:00-07:00,98.31,98.43,97.024,98.25,2945377
2003-08-04T10:30:00-07:00,98.32,99,97.84,98.71,1981766
2003-08-05T06:30:00-07:00,98.411,98.76,97.701,98.03,2183475
2003-08-05T10:30:00-07:00,98.01,98.21,96.84,96.85,2694773
2003-08-06T06:30:00-07:00,96.69,97.76,96.423,97.72,2526685
2003-08-06T10:30:00-07:00,97.72,98.06,97.07,97.13,1660552
2003-08-07T06:30:00-07:00,97.17,97.86,96.758,97.73,2063412
2003-08-07T10:30:00-07:00,97.72,97.978,97.4,97.89,1131275
2003-08-08T06:30:00-07:00,98.32,98.547,97.76,98.19,1759152
2003-08-08T10:30:00-07:00,98.2,98.36,97.89,98.22,701027
2003-08-11T06:30:00-07:00,98.26,99.04,97.84,98.33,2168606
2003-08-11T10:30:00-07:00,98.34,98.582,98.16,98.509,696335
2003-08-12T06:30:00-07:00,98.71,98.9,98.42,98.59,829329
2003-08-12T10:30:00-07:00,98.59,99.56,98.45,99.54,1863258
2003-08-13T06:30:00-07:00,99.82,99.849,98.74,99.17,2215160
2003-08-13T10:30:00-07:00,99.17,99.35,98.53,98.89,993269
2003-08-14T06:30:00-07:00,99.1,99.75,98.509,99.34,1775708
2003-08-14T10:30:00-07:00,99.31,99.62,99.21,99.54,896203
2003-08-15T06:30:00-07:00,99.36,99.79,99.122,99.29,677867
2003-08-15T10:30:00-07:00,99.3,99.58,99.184,99.52,264978
2003-08-18T06:30:00-07:00,99.93,100.5,99.74,100.42,1363142
2003-08-18T10:30:00-07:00,100.39,100.6,100.28,100.5,680252
2003-08-19T06:30:00-07:00,100.687,100.94,100.2,100.38,2099496
2003-08-19T10:30:00-07:00,100.38,100.85,100,100.82,1089865
2003-08-20T06:30:00-07:00,100.29,100.89,100.164,100.71,1215795
2003-08-20T10:30:00-07:00,100.7,100.89,100.41,100.5,558415
2003-08-21T06:30:00-07:00,101.05,101.52,100.4,100.83,3028109
2003-08-21T10:30:00-07:00,100.82,101.06,100.54,100.87,804275
2003-08-22T06:30:00-07:00,101.75,101.818,100.27,100.45,2557633
2003-08-22T10:30:00-07:00,100.46,100.52,99.74,99.77,1576839
2003-08-25T06:30:00-07:00,99.71,101.35,99.28,99.72,1508922
2003-08-25T10:30:00-07:00,99.71,99.9,99.54,99.82,580503
2003-08-26T06:30:00-07:00,99.5,99.91,98.83,99.09,1995816
2003-08-26T10:30:00-07:00,99.08,100.39,98.99,100.18,1826802
2003-08-27T06:30:00-07:00,100.05,100.36,99.82,100.25,1103956
2003-08-27T10:30:00-07:00,100.26,100.35,100.02,100.24,637217
2003-08-28T06:30:00-07:00,100.4,100.57,99.66,100.28,1758561
2003-08-28T10:30:00-07:00,100.28,101,100.08,100.84,769944
2003-08-29T06:30:00-07:00,100.61,101.15,100.48,100.88,1420569
2003-08-29T10:30:00-07:00,100.89,101.46,100.84,101.37,875604
2003-09-02T06:30:00-07:00,101.64,102.14,101.06,101.85,2166639
2003-09-02T10:30:00-07:00,101.88,102.88,101.63,102.77,1800972
2003-09-03T06:30:00-07:00,103.03,103.47,102.78,103.36,2630112
2003-09-03T10:30:00-07:00,103.36,103.56,102.88,103.19,1173725
2003-09-04T06:30:00-07:00,103.1,103.55,102.76,103.26,1666217
2003-09-04T10:30:00-07:00,103.29,103.53,103.21,103.43,684302
2003-09-05T06:30:00-07:00,102.94,103.549,102.52,102.7,1811361
2003-09-05T10:30:00-07:00,102.69,102.92,102.4,102.67,999826
2003-09-08T06:30:00-07:00,103.04,103.79,102.93,103.68,1860566
2003-09-08T10:30:00-07:00,103.68,103.88,103.44,103.8,1052128
2003-09-09T06:30:00-07:00,103.37,103.46,102.72,103.14,1998961
2003-09-09T10:30:00-07:00,103.14,103.33,102.68,102.927,837700
2003-09-10T06:30:00-07:00,102.54,102.77,102.15,102.35,1992358
2003-09-10T10:30:00-07:00,102.35,102.41,101.55,101.68,1844151
2003-09-11T06:30:00-07:00,102.1,102.62,101.84,102.55,2274258
2003-09-11T10:30:00-07:00,102.512,102.76,102.19,102.267,998327
2003-09-12T06:30:00-07:00,101.91,102.18,101.35,101.8,2298708
2003-09-12T10:30:00-07:00,101.78,102.64,101.65,102.52,1211913
2003-09-15T06:30:00-07:00,102.52,102.63,101.95,102.26,1283065
2003-09-15T10:30:00-07:00,102.26,102.38,102.01,102.12,557793
2003-09-16T06:30:00-07:00,102.232,102.93,102.17,102.86,1250494
2003-09-16T10:30:00-07:00,102.87,103.64,102.56,103.55,1869566
2003-09-17T06:30:00-07:00,103.48,103.785,103.31,103.35,1356978
2003-09-17T10:30:00-07:00,103.35,103.43,103.06,103.22,1288457
2003-09-18T06:30:00-07:00,103.4,104.36,103.2,104.31,1906273
2003-09-18T10:30:00-07:00,104.3,104.7,104.3,104.59,783021
2003-09-19T06:30:00-07:00,104.27,104.27,103.57,103.68,1513446
2003-09-19T10:30:00-07:00,103.67,103.98,103.4,103.86,740750
2003-09-22T06:30:00-07:00,102.85,102.96,102.22,102.42,2054465
2003-09-22T10:30:00-07:00,102.42,102.58,102.03,102.49,987788
2003-09-23T06:30:00-07:00,102.59,103,102.36,102.83,1697196
2003-09-23T10:30:00-07:00,102.82,103.29,102.68,103.09,929392
2003-09-24T06:30:00-07:00,103.118,103.22,101.39,101.53,2167685
2003-09-24T10:30:00-07:00,101.48,101.66,101.07,101.2,1431420
2003-09-25T06:30:00-07:00,101.41,101.88,100.72,101.44,2913918
2003-09-25T10:30:00-07:00,101.48,101.6,100.54,100.59,1333604
2003-09-26T06:30:00-07:00,100.44,100.66,99.88,100.43,2502284
2003-09-26T10:30:00-07:00,100.44,100.59,99.85,99.98,1075697
2003-09-29T06:30:00-07:00,100.3,100.93,99.79,100.8,2237148
2003-09-29T10:30:00-07:00,100.83,100.99,100.5,100.87,824910
2003-09-30T06:30:00-07:00,100.53,100.53,99.25,100.32,4004366
2003-09-30T10:30:00-07:00,100.32,100.6,99.71,99.86,1603346
2003-10-01T06:30:00-07:00,100.24,101.33,100.2,101.31,2640100
2003-10-01T10:30:00-07:00,101.26,102.12,101.19,102,2642626
2003-10-02T06:30:00-07:00,101.93,102.48,101.63,102.04,2582428
2003-10-02T10:30:00-07:00,102.02,102.51,101.92,102.34,1124222
2003-10-03T06:30:00-07:00,103.67,104.28,103.43,104.11,2786782
2003-10-03T10:30:00-07:00,104.1,104.2,103.08,103.26,1372042
2003-10-06T06:30:00-07:00,103.482,103.88,103.2,103.78,938231
2003-10-06T10:30:00-07:00,103.78,103.99,103.58,103.722,474484
2003-10-07T06:30:00-07:00,103.26,103.84,102.91,103.49,1938308
2003-10-07T10:30:00-07:00,103.49,104.26,103.11,104.19,1350104
2003-10-08T06:30:00-07:00,104.33,104.39,103.61,103.75,1679951
2003-10-08T10:30:00-07:00,103.73,103.94,103.41,103.71,898859
2003-10-09T06:30:00-07:00,104.88,105.22,104.47,104.96,1822741
2003-10-09T10:30:00-07:00,104.96,105.04,103.83,104.169,1433359
2003-10-10T06:30:00-07:00,104.27,104.48,103.91,104.3,1369009
2003-10-10T10:30:00-07:00,104.3,104.38,103.93,104.2,602187
2003-10-13T06:30:00-07:00,104.715,105.29,104.59,104.61,1517326
2003-10-13T10:30:00-07:00,104.63,104.94,104.51,104.86,708696
2003-10-14T06:30:00-07:00,104.8,104.9,104.36,104.72,1714695
2003-10-14T10:30:00-07:00,104.74,105.36,104.66,105.29,1012688
2003-10-15T06:30:00-07:00,105.86,105.89,104.91,105.28,2178446
2003-10-15T10:30:00-07:00,105.28,105.37,104.64,105.01,1343533
2003-10-16T06:30:00-07:00,104.68,105.73,104.65,105.43,1960564
2003-10-16T10:30:00-07:00,105.45,105.51,104.85,105.33,1135209
2003-10-17T06:30:00-07:00,105.47,105.63,104.39,104.51,2111677
2003-10-17T10:30:00-07:00,104.51,104.59,103.98,104.23,956302
2003-10-20T06:30:00-07:00,104.447,104.68,103.94,104.47,1592107
2003-10-20T10:30:00-07:00,104.47,104.825,104.14,104.8,924007
2003-10-21T06:30:00-07:00,104.82,105.28,104.6,105.13,1370991
2003-10-21T10:30:00-07:00,105.12,105.27,104.79,104.96,1099456
2003-10-22T06:30:00-07:00,104.03,104.19,103.4,103.498,1829017
2003-10-22T10:30:00-07:00,103.51,103.65,103.19,103.4,1226907
2003-10-23T06:30:00-07:00,102.89,103.69,102.84,103.6,2646892
2003-10-23T10:30:00-07:00,103.61,103.95,103.33,103.74,1257185
2003-10-24T06:30:00-07:00,102.83,103.24,102.19,102.37,2513326
2003-10-24T10:30:00-07:00,102.37,103.29,102.18,103.28,1666547
2003-10-27T06:30:00-08:00,103.74,104.18,103.48,103.66,1816469
2003-10-27T10:30:00-08:00,103.65,103.76,103.27,103.44,893986
2003-10-28T06:30:00-08:00,103.98,104.33,103.82,104.04,1360136
2003-10-28T10:30:00-08:00,104.04,105.069,103.96,105.02,1486068
2003-10-29T06:30:00-08:00,104.77,105.43,104.69,105.35,1515810
2003-10-29T10:30:00-08:00,105.36,105.4,104.75,105.25,1085084
2003-10-30T06:30:00-08:00,105.79,105.83,104.8,105.38,2343495
2003-10-30T10:30:00-08:00,105.41,105.68,104.87,105.09,1028177
2003-10-31T06:30:00-08:00,105.41,105.74,105.22,105.48,1429101
2003-10-31T10:30:00-08:00,105.47,105.7,105.26,105.42,599755
2003-11-03T06:30:00-08:00,105.75,106.53,105.71,106.4,2200514
2003-11-03T10:30:00-08:00,106.4,106.61,106.14,106.32,992965
2003-11-04T06:30:00-08:00,105.99,106.27,105.66,105.76,2122152
2003-11-04T10:30:00-08:00,105.77,105.98,105.58,105.78,794480
2003-11-05T06:30:00-08:00,105.5,105.96,104.9,105.15,1738403
2003-11-05T10:30:00-08:00,105.15,105.83,105.03,105.63,840804
2003-11-06T06:30:00-08:00,105.6,105.75,105.12,105.65,1366405
2003-11-06T10:30:00-08:00,105.66,106.39,105.58,106.26,1004238
2003-11-07T06:30:00-08:00,106.64,106.72,106,106.36,1594439
2003-11-07T10:30:00-08:00,106.37,106.54,105.65,105.81,994334
2003-11-10T06:30:00-08:00,105.74,105.84,105.27,105.46,1487150
2003-11-10T10:30:00-08:00,105.46,105.56,105.01,105.18,765731
2003-11-11T06:30:00-08:00,105.09,105.33,104.8,105.22,1927807
2003-11-11T10:30:00-08:00,105.21,105.25,104.86,105.08,510543
2003-11-12T06:30:00-08:00,105.23,105.97,105.16,105.89,1371022
2003-11-12T10:30:00-08:00,105.87,106.47,105.84,106.38,1046699
2003-11-13T06:30:00-08:00,106.01,106.25,105.78,106.06,1564000
2003-11-13T10:30:00-08:00,106.05,106.52,105.91,106.35,916894
2003-11-14T06:30:00-08:00,106.4,106.95,106,106.33,1962404
2003-11-14T10:30:00-08:00,106.31,106.41,105.29,105.55,1931656
2003-11-17T06:30:00-08:00,104.91,105.14,104.04,104.14,2585787
2003-11-17T10:30:00-08:00,104.13,105.04,104.09,104.86,1237884
2003-11-18T06:30:00-08:00,105.24,105.45,104.68,104.87,1613053
2003-11-18T10:30:00-08:00,104.84,104.92,103.9,103.91,1589286
2003-11-19T06:30:00-08:00,104.03,104.58,103.92,104.54,1515864
2003-11-19T10:30:00-08:00,104.55,105.01,104.43,104.85,942831
2003-11-20T06:30:00-08:00,104,105.24,103.82,105.1,2767749
2003-11-20T10:30:00-08:00,105.11,105.18,103.83,103.9,1894572
2003-11-21T06:30:00-08:00,104.25,104.33,103.62,104.23,1861476
2003-11-21T10:30:00-08:00,104.24,104.26,103.8,104.04,834824
2003-11-24T06:30:00-08:00,104.69,105.54,104.68,105.26,1505156
2003-11-24T10:30:00-08:00,105.26,105.77,105.25,105.73,917427
2003-11-25T06:30:00-08:00,105.73,106.11,105.45,105.87,1960434
2003-11-25T10:30:00-08:00,105.89,106.42,105.79,106.01,1110865
2003-11-26T06:30:00-08:00,106.42,106.44,105.39,106.12,2086853
2003-11-26T10:30:00-08:00,106.13,106.45,106.01,106.38,668213
2003-11-28T06:30:00-08:00,106.29,106.66,106.201,106.49,1010277
2003-11-28T10:30:00-08:00,106.49,106.49,106.45,106.45,92
2003-12-01T06:30:00-08:00,106.85,107.54,106.83,107.35,1877645
2003-12-01T10:30:00-08:00,107.33,107.68,106.8,107.57,1250055
2003-12-02T06:30:00-08:00,107.38,107.68,107.24,107.57,1523173
2003-12-02T10:30:00-08:00,107.56,107.77,107.07,107.27,1346764
2003-12-03T06:30:00-08:00,107.65,108.08,107.32,107.83,1958042
2003-12-03T10:30:00-08:00,107.83,108.05,107.08,107.12,1817702
2003-12-04T06:30:00-08:00,107.17,107.65,107.1,107.33,1663504
2003-12-04T10:30:00-08:00,107.33,107.7,106.94,107.68,1275102
2003-12-05T06:30:00-08:00,107.12,107.52,106.91,106.91,1268247
2003-12-05T10:30:00-08:00,106.96,107.01,106.62,106.81,1011860
2003-12-08T06:30:00-08:00,106.74,107.14,106.68,107.08,1447581
2003-12-08T10:30:00-08:00,107.09,107.64,106.8,107.52,1133106
2003-12-09T06:30:00-08:00,107.9,107.93,107.18,107.31,1452792
2003-12-09T10:30:00-08:00,107.32,107.62,106.54,106.62,2373714
2003-12-10T06:30:00-08:00,106.77,106.98,106.44,106.55,1494814
2003-12-10T10:30:00-08:00,106.59,106.77,105.98,106.54,1000626
2003-12-11T06:30:00-08:00,106.68,107.59,106.67,107.39,1929904
2003-12-11T10:30:00-08:00,107.39,108.1,107.21,107.84,1535336
2003-12-12T06:30:00-08:00,107.97,108.04,107.39,107.73,2279906
2003-12-12T10:30:00-08:00,107.73,108.2,107.61,108.13,848876
2003-12-15T06:30:00-08:00,109.17,109.23,108.24,108.24,2043677
2003-12-15T10:30:00-08:00,108.26,108.51,107.48,107.53,1385509
2003-12-16T06:30:00-08:00,107.68,107.99,107.52,107.91,1993711
2003-12-16T10:30:00-08:00,107.91,108.31,107.74,108.17,1133986
2003-12-17T06:30:00-08:00,108.06,108.2,107.8,107.87,1212318
2003-12-17T10:30:00-08:00,107.85,108.38,107.83,108.34,965978
2003-12-18T06:30:00-08:00,108.55,109.23,108.39,109.13,1530922
2003-12-18T10:30:00-08:00,109.13,109.72,109.09,109.6,1058723
2003-12-19T06:30:00-08:00,109.3,109.37,108.59,108.77,2909285
2003-12-19T10:30:00-08:00,108.77,109.11,108.58,109.03,785358
2003-12-22T06:30:00-08:00,108.8,109.4,108.78,108.99,1777373
2003-12-22T10:30:00-08:00,108.98,109.47,108.98,109.46,663614
2003-12-23T06:30:00-08:00,109.48,109.95,109.38,109.61,1670403
2003-12-23T10:30:00-08:00,109.6,109.87,109.38,109.79,643817
2003-12-24T06:30:00-08:00,109.52,109.88,109.43,109.62,780960
2003-12-26T06:30:00-08:00,109.71,110.08,109.63,109.7,752028
2003-12-29T06:30:00-08:00,110.1,110.7,110.09,110.62,1217830
2003-12-29T10:30:00-08:00,110.61,111.17,110.52,111.15,621504
2003-12-30T06:30:00-08:00,111.09,111.27,110.88,111.03,1207431
2003-12-30T10:30:00-08:00,111.04,111.22,110.93,111.12,469545
2003-12-31T06:30:00-08:00,111.22,111.52,110.97,111.19,1388428
2003-12-31T10:30:00-08:00,111.18,111.52,110.84,111.15,1394235
2004-01-02T06:30:00-08:00,111.73,112.19,111.6,111.72,2169071
2004-01-02T10:30:00-08:00,111.72,111.77,110.73,111,1209730
2004-01-05T06:30:00-08:00,111.69,112.16,111.59,111.92,1673376
2004-01-05T10:30:00-08:00,111.92,112.45,111.87,112.37,895001
2004-01-06T06:30:00-08:00,112.16,112.49,112.1,112.22,1214077
2004-01-06T10:30:00-08:00,112.23,112.73,112.22,112.62,659978
2004-01-07T06:30:00-08:00,112.39,112.78,111.89,112.72,1841945
2004-01-07T10:30:00-08:00,112.71,112.92,112.29,112.9,847171
2004-01-08T06:30:00-08:00,113.28,113.34,112.77,113.15,1981073
2004-01-08T10:30:00-08:00,113.16,113.41,112.91,113.32,1341395
2004-01-09T06:30:00-08:00,112.79,113.44,112.54,113.37,2574321
2004-01-09T10:30:00-08:00,113.37,113.38,112.34,112.53,1341985
2004-01-12T06:30:00-08:00,112.53,112.84,112.36,112.66,1810548
2004-01-12T10:30:00-08:00,112.65,113.12,112.59,113.09,1093387
2004-01-13T06:30:00-08:00,113.06,113.23,111.82,112.28,1992579
2004-01-13T10:30:00-08:00,112.28,112.48,111.76,112.47,1297457
2004-01-14T06:30:00-08:00,112.79,113.17,112.67,112.87,1582376
2004-01-14T10:30:00-08:00,112.86,113.42,112.85,113.31,988700
2004-01-15T06:30:00-08:00,113.57,113.88,112.73,113.83,2617962
2004-01-15T10:30:00-08:00,113.81,114.06,113.28,113.53,1004403
2004-01-16T06:30:00-08:00,114.02,114.19,113.63,113.95,1939197
2004-01-16T10:30:00-08:00,113.97,114.31,113.87,114.25,744262
2004-01-20T06:30:00-08:00,114.53,114.65,113.82,114.15,1945797
2004-01-20T10:30:00-08:00,114.15,114.36,114.03,114.21,776107
2004-01-21T06:30:00-08:00,114.13,114.57,113.72,114.53,1405463
2004-01-21T10:30:00-08:00,114.54,115.3,114.36,115.07,1309063
2004-01-22T06:30:00-08:00,115.14,115.38,114.67,114.85,1946512
2004-01-22T10:30:00-08:00,114.85,115.06,114.58,114.73,722074
2004-01-23T06:30:00-08:00,115,115.37,114.43,114.52,1625943
2004-01-23T10:30:00-08:00,114.55,114.65,113.95,114.36,1215488
2004-01-26T06:30:00-08:00,114.39,114.8,114.39,114.75,1501929
2004-01-26T10:30:00-08:00,114.77,115.91,114.65,115.8,1253097
2004-01-27T06:30:00-08:00,115.75,115.85,114.75,114.85,1696747
2004-01-27T10:30:00-08:00,114.83,115.16,114.7,114.7,1106564
2004-01-28T06:30:00-08:00,114.98,115.28,114.95,115.09,1153019
2004-01-28T10:30:00-08:00,115.1,115.23,112.94,113.23,3516734
2004-01-29T06:30:00-08:00,113.59,113.68,112.67,112.82,2919269
2004-01-29T10:30:00-08:00,112.83,113.85,112.56,113.75,2398923
2004-01-30T06:30:00-08:00,113.52,113.72,113.1,113.52,1722248
2004-01-30T10:30:00-08:00,113.52,113.64,113.09,113.44,996185
2004-02-02T06:30:00-08:00,113.7,114.68,113.12,114.61,2242834
2004-02-02T10:30:00-08:00,114.6,114.64,113.35,113.83,1332999
2004-02-03T06:30:00-08:00,113.74,114.14,113.44,113.99,1442249
2004-02-03T10:30:00-08:00,113.98,114.07,113.57,113.96,772340
2004-02-04T06:30:00-08:00,113.19,113.73,112.95,113.52,2016042
2004-02-04T10:30:00-08:00,113.51,113.65,112.79,113.03,1576353
2004-02-05T06:30:00-08:00,113.17,113.47,112.78,113.35,1870804
2004-02-05T10:30:00-08:00,113.36,113.54,112.98,113.3,1375558
2004-02-06T06:30:00-08:00,113.42,114.47,113.2,114.23,2035198
2004-02-06T10:30:00-08:00,114.265,114.69,114.14,114.66,730888
2004-02-09T06:30:00-08:00,114.67,114.84,114.42,114.77,1187170
2004-02-09T10:30:00-08:00,114.77,114.87,114.29,114.34,1078295
2004-02-10T06:30:00-08:00,114.28,115.14,114.26,114.96,1253572
2004-02-10T10:30:00-08:00,114.96,115.08,114.52,114.9,986395
2004-02-11T06:30:00-08:00,114.85,115.86,114.66,115.73,2247666
2004-02-11T10:30:00-08:00,115.72,116.39,115.69,116.19,1639440
2004-02-12T06:30:00-08:00,115.97,116.27,115.61,115.78,1469406
2004-02-12T10:30:00-08:00,115.78,115.99,115.58,115.67,934237
2004-02-13T06:30:00-08:00,115.82,116.2,114.75,114.96,3208246
2004-02-13T10:30:00-08:00,114.96,115.25,114.89,115.12,803073
2004-02-17T06:30:00-08:00,115.85,116.31,115.77,116.11,1347308
2004-02-17T10:30:00-08:00,116.11,116.43,116.05,116.14,918379
2004-02-18T06:30:00-08:00,116.2,116.25,115.85,116.03,1266783
2004-02-18T10:30:00-08:00,116.03,116.1,115.35,115.66,1154389
2004-02-19T06:30:00-08:00,116.33,116.39,115.83,116.03,1956010
2004-02-19T10:30:00-08:00,116.03,116.28,115.13,115.22,2110887
2004-02-20T06:30:00-08:00,115.48,115.5,114.32,114.5,2236837
2004-02-20T10:30:00-08:00,114.47,115.48,114.41,115,1653986
2004-02-23T06:30:00-08:00,115.22,115.26,114.21,114.49,2355603
2004-02-23T10:30:00-08:00,114.49,114.68,114.17,114.55,1077046
2004-02-24T06:30:00-08:00,114.27,114.99,113.99,114.77,2643942
2004-02-24T10:30:00-08:00,114.75,114.8,113.9,114.45,1408240
2004-02-25T06:30:00-08:00,114.46,115.03,114.32,114.75,2019519
2004-02-25T10:30:00-08:00,114.75,115.06,114.66,114.91,805956
2004-02-26T06:30:00-08:00,114.61,115.29,114.34,115.05,1785502
2004-02-26T10:30:00-08:00,115.05,115.26,114.88,115.04,714783
2004-02-27T06:30:00-08:00,115.19,115.74,114.63,115.12,2321321
2004-02-27T10:30:00-08:00,115.12,115.55,115,115.08,1147026
2004-03-01T06:30:00-08:00,115.41,115.92,115.25,115.88,1580047
2004-03-01T10:30:00-08:00,115.87,116.34,115.68,116.11,812589
2004-03-02T06:30:00-08:00,115.94,116.23,115.49,115.67,1629339
2004-03-02T10:30:00-08:00,115.66,115.89,115.23,115.49,1371074
2004-03-03T06:30:00-08:00,115.2,115.47,114.92,115.42,1388711
2004-03-03T10:30:00-08:00,115.41,115.87,115.4,115.7,961516
2004-03-04T06:30:00-08:00,115.72,116.1,115.52,116.03,1215393
2004-03-04T10:30:00-08:00,116.03,116.08,115.81,116.04,487816
2004-03-05T06:30:00-08:00,115.37,116.95,115.36,116.33,2882193
2004-03-05T10:30:00-08:00,116.33,116.6,116.13,116.29,958848
2004-03-08T06:30:00-08:00,116.34,116.62,116.07,116.13,1210552
2004-03-08T10:30:00-08:00,116.13,116.2,115.22,115.27,1823956
2004-03-09T06:30:00-08:00,115.07,115.2,114.47,114.74,1451335
2004-03-09T10:30:00-08:00,114.73,114.85,114.24,114.66,1035907
2004-03-10T06:30:00-08:00,114.72,114.75,113.83,113.92,2030542
2004-03-10T10:30:00-08:00,113.93,114.05,112.79,113,3086105
2004-03-11T06:30:00-08:00,112.4,113.27,112.19,113.1,2738668
2004-03-11T10:30:00-08:00,113.1,113.18,111.15,111.33,2852548
2004-03-12T06:30:00-08:00,111.73,112.54,111.58,112.13,3767906
2004-03-12T10:30:00-08:00,112.14,112.7,112.04,112.69,1123130
2004-03-15T06:30:00-08:00,112.27,112.35,111.1,111.3,3358704
2004-03-15T10:30:00-08:00,111.27,111.76,110.9,111.03,1907659
2004-03-16T06:30:00-08:00,111.78,112.06,111.29,111.61,2707529
2004-03-16T10:30:00-08:00,111.61,112,110.84,111.73,2778295
2004-03-17T06:30:00-08:00,112.18,113.02,112.1,112.94,2339444
2004-03-17T10:30:00-08:00,112.94,113.25,112.79,113,1229328
2004-03-18T06:30:00-08:00,112.7,113.25,111.93,112.87,3640806
2004-03-18T10:30:00-08:00,112.87,113.25,112.42,112.91,1709821
2004-03-19T06:30:00-08:00,112.41,112.57,111.9,111.96,2171036
2004-03-19T10:30:00-08:00,111.95,112.21,111.16,111.28,1535770
2004-03-22T06:30:00-08:00,110.54,110.57,109.4,109.72,3106648
2004-03-22T10:30:00-08:00,109.76,109.89,109.1,109.75,2026645
2004-03-23T06:30:00-08:00,110.25,110.39,109.36,109.67,2931875
2004-03-23T10:30:00-08:00,109.66,110.4,109.58,109.69,1430869
2004-03-24T06:30:00-08:00,109.64,110.14,108.85,109.91,3198949
2004-03-24T10:30:00-08:00,109.93,109.94,109,109.41,1172696
2004-03-25T06:30:00-08:00,110.08,110.95,109.79,110.92,2237974
2004-03-25T10:30:00-08:00,110.91,111.3,110.78,111.11,1561169
2004-03-26T06:30:00-08:00,110.955,111.69,110.83,111.53,1948336
2004-03-26T10:30:00-08:00,111.54,111.79,111.08,111.17,1211415
2004-03-29T06:30:00-08:00,111.63,112.64,111.58,112.45,2450938
2004-03-29T10:30:00-08:00,112.49,112.74,112.12,112.48,1550498
2004-03-30T06:30:00-08:00,112.3,112.75,112.22,112.46,2030624
2004-03-30T10:30:00-08:00,112.45,113.07,112.41,112.97,1444357
2004-03-31T06:30:00-08:00,112.99,113.02,112.38,112.86,2447224
2004-03-31T10:30:00-08:00,112.86,113.4,112.61,112.87,1819378
2004-04-01T06:30:00-08:00,113.07,113.87,113.05,113.52,2959099
2004-04-01T10:30:00-08:00,113.54,113.73,113.21,113.49,1205750
2004-04-02T06:30:00-08:00,114.81,114.84,113.91,114.36,2931455
2004-04-02T10:30:00-08:00,114.36,114.54,113.95,114.42,1485196
2004-04-05T06:30:00-07:00,114.46,114.88,114.44,114.73,2028508
2004-04-05T10:30:00-07:00,114.73,115.37,114.64,115.34,843188
2004-04-06T06:30:00-07:00,114.83,115.06,114.62,114.84,1652887
2004-04-06T10:30:00-07:00,114.83,115.18,114.81,115.08,805166
2004-04-07T06:30:00-07:00,114.94,114.98,114.11,114.37,2223844
2004-04-07T10:30:00-07:00,114.37,114.93,114.13,114.5,1801737
2004-04-08T06:30:00-07:00,115.41,115.41,114.39,114.59,2013749
2004-04-08T10:30:00-07:00,114.58,114.63,113.74,114.23,2331134
2004-04-12T06:30:00-07:00,114.58,115.08,114.57,114.7,1130031
2004-04-12T10:30:00-07:00,114.7,114.95,114.67,114.85,501280
2004-04-13T06:30:00-07:00,115.25,115.28,113.71,113.83,1983136
2004-04-13T10:30:00-07:00,113.83,113.85,113.08,113.29,1720124
2004-04-14T06:30:00-07:00,112.61,113.64,112.58,113.17,2287329
2004-04-14T10:30:00-07:00,113.17,113.2888,112.56,113.15,1777360
2004-04-15T06:30:00-07:00,113.45,113.78,112.67,112.86,2720881
2004-04-15T10:30:00-07:00,112.85,113.39,112.36,113.17,1190984
2004-04-16T06:30:00-07:00,113.43,114.05,112.98,113.73,2347420
2004-04-16T10:30:00-07:00,113.73,113.96,113.5,113.73,723778
2004-04-19T06:30:00-07:00,113.55,113.84,113.27,113.54,1780419
2004-04-19T10:30:00-07:00,113.54,113.99,113.43,113.88,748818
2004-04-20T06:30:00-07:00,114.08,114.32,113.65,113.79,1759402
2004-04-20T10:30:00-07:00,113.79,113.98,112.11,112.13,2788024
2004-04-21T06:30:00-07:00,112.2,112.79,111.87,112.44,3348306
2004-04-21T10:30:00-07:00,112.44,112.95,112.44,112.81,1215671
2004-04-22T06:30:00-07:00,112.48,114.22,112.44,114.19,3507525
2004-04-22T10:30:00-07:00,114.19,114.67,114.15,114.44,2227422
2004-04-23T06:30:00-07:00,114.41,114.44,113.79,114.24,1675106
2004-04-23T10:30:00-07:00,114.24,114.57,114.07,114.44,905548
2004-04-26T06:30:00-07:00,114.5,114.94,114.02,114.22,1461536
2004-04-26T10:30:00-07:00,114.21,114.35,113.6,113.92,1318876
2004-04-27T06:30:00-07:00,114.23,115.12,114.13,114.78,2040475
2004-04-27T10:30:00-07:00,114.77,114.94,113.96,114.22,1636508
2004-04-28T06:30:00-07:00,113.89,113.9,112.75,113.03,2309528
2004-04-28T10:30:00-07:00,113.05,113.28,112.5,112.58,1553724
2004-04-29T06:30:00-07:00,112.72,113.32,112.04,112.21,3176954
2004-04-29T10:30:00-07:00,112.21,112.63,111.16,111.85,2464493
2004-04-30T06:30:00-07:00,112.17,112.38,111.49,111.69,2382639
2004-04-30T10:30:00-07:00,111.69,112.13,111.1,111.13,1182890
2004-05-03T06:30:00-07:00,111.37,112.29,111.35,111.79,1857291
2004-05-03T10:30:00-07:00,111.77,112.22,111.56,112.14,1100599
2004-05-04T06:30:00-07:00,112.25,112.43,111.66,111.99,1752923
2004-05-04T10:30:00-07:00,112,113.26,111.7,112.36,3129827
2004-05-05T06:30:00-07:00,112.41,112.89,112.16,112.42,2150773
2004-05-05T10:30:00-07:00,112.42,112.96,112.39,112.58,1034642
2004-05-06T06:30:00-07:00,111.98,112.4,111,111.43,3219444
2004-05-06T10:30:00-07:00,111.43,112.09,111.22,111.85,1477028
2004-05-07T06:30:00-07:00,111.22,112.23,111.1,111.46,2437690
2004-05-07T10:30:00-07:00,111.46,111.47,110.26,110.3,2754113
2004-05-10T06:30:00-07:00,109.44,109.79,108.36,109.3,4319446
2004-05-10T10:30:00-07:00,109.32,109.36,108.52,109.13,1655730
2004-05-11T06:30:00-07:00,109.46,110.05,109.35,109.67,2287110
2004-05-11T10:30:00-07:00,109.68,110.04,109.33,110.01,1278938
2004-05-12T06:30:00-07:00,109.57,109.66,108.2,108.36,4348323
2004-05-12T10:30:00-07:00,108.35,110.3,108.06,110.3,3628841
2004-05-13T06:30:00-07:00,109.76,110.81,109.63,110.25,3489570
2004-05-13T10:30:00-07:00,110.22,110.39,109.67,110.15,1445884
2004-05-14T06:30:00-07:00,109.96,110.7,109.27,110.38,3202213
2004-05-14T10:30:00-07:00,110.39,110.74,109.93,110.04,1328842
2004-05-17T06:30:00-07:00,108.89,109.5,108.41,108.92,3439263
2004-05-17T10:30:00-07:00,108.93,109.42,108.66,108.861,1407224
2004-05-18T06:30:00-07:00,109.49,109.94,109.33,109.74,1753454
2004-05-18T10:30:00-07:00,109.73,109.87,109.51,109.69,946030
2004-05-19T06:30:00-07:00,110.5,111.18,110.33,110.72,2539214
2004-05-19T10:30:00-07:00,110.72,110.98,109.32,109.41,2482109
2004-05-20T06:30:00-07:00,109.45,109.87,109.04,109.51,2400759
2004-05-20T10:30:00-07:00,109.51,109.81,109.36,109.52,1168149
2004-05-21T06:30:00-07:00,109.97,110.55,109.62,110.2,2788695
2004-05-21T10:30:00-07:00,110.2,110.2,109.47,109.93,1564530
2004-05-24T06:30:00-07:00,110.53,110.76,109.68,109.95,2861188
2004-05-24T10:30:00-07:00,109.95,110.31,109.78,110.09,973766
2004-05-25T06:30:00-07:00,109.9,111.14,109.6,111.09,2678567
2004-05-25T10:30:00-07:00,111.1,111.98,111.06,111.92,1759594
2004-05-26T06:30:00-07:00,111.66,112.1,111.51,111.99,2003164
2004-05-26T10:30:00-07:00,111.99,112.29,111.771,112.09,1327144
2004-05-27T06:30:00-07:00,112.54,113.03,112.06,112.15,2903127
2004-05-27T10:30:00-07:00,112.16,112.9,112.12,112.72,1175845
2004-05-28T06:30:00-07:00,112.73,112.8,112.36,112.58,1413342
2004-05-28T10:30:00-07:00,112.58,112.87,112.44,112.71,566773
2004-06-01T06:30:00-07:00,112.46,112.86,112.08,112.37,2105482
2004-06-01T10:30:00-07:00,112.36,112.79,111.87,112.69,1609877
2004-06-02T06:30:00-07:00,113.03,113.09,112.46,112.82,1915334
2004-06-02T10:30:00-07:00,112.82,113.48,112.77,113.12,1569469
2004-06-03T06:30:00-07:00,112.81,113.19,112.51,112.98,2101917
2004-06-03T10:30:00-07:00,112.99,112.99,112.23,112.23,1095298
2004-06-04T06:30:00-07:00,112.98,113.58,112.79,113.4,2016802
2004-06-04T10:30:00-07:00,113.39,113.42,112.71,112.91,893230
2004-06-07T06:30:00-07:00,113.43,114.09,113.42,114.06,1850753
2004-06-07T10:30:00-07:00,114.06,114.7,114.05,114.65,1095240
2004-06-08T06:30:00-07:00,114.39,114.65,114.17,114.56,1687495
2004-06-08T10:30:00-07:00,114.56,114.92,114.38,114.85,1281426
2004-06-09T06:30:00-07:00,114.51,114.7,114.06,114.19,1632345
2004-06-09T10:30:00-07:00,114.19,114.25,113.73,113.77,1552942
2004-06-10T06:30:00-07:00,114.04,114.3,113.93,114.1,1401143
2004-06-10T10:30:00-07:00,114.1,114.32,113.97,114.3,581184
2004-06-14T06:30:00-07:00,113.82,113.84,113.1,113.15,1780820
2004-06-14T10:30:00-07:00,113.14,113.35,112.87,113.19,1237900
2004-06-15T06:30:00-07:00,113.9,114.445,113.9,114.26,1939080
2004-06-15T10:30:00-07:00,114.26,114.33,113.51,113.95,1516863
2004-06-16T06:30:00-07:00,114,114.15,113.7,113.93,1540347
2004-06-16T10:30:00-07:00,113.92,114.2,113.87,114.02,994790
2004-06-17T06:30:00-07:00,113.85,113.98,113.33,113.93,1811018
2004-06-17T10:30:00-07:00,113.93,114.07,113.68,113.85,804494
2004-06-18T06:30:00-07:00,113.2,114.22,113.2,113.92,1948337
2004-06-18T10:30:00-07:00,113.92,114.04,113.48,113.71,938998
2004-06-21T06:30:00-07:00,113.75,114.14,113.6,113.9,1169545
2004-06-21T10:30:00-07:00,113.9,114.02,113.18,113.31,1048750
2004-06-22T06:30:00-07:00,113.13,113.38,112.67,112.98,2102558
2004-06-22T10:30:00-07:00,112.98,113.82,112.96,113.78,1325078
2004-06-23T06:30:00-07:00,113.61,113.93,113.42,113.77,1480791
2004-06-23T10:30:00-07:00,113.77,114.84,113.66,114.69,1703262
2004-06-24T06:30:00-07:00,114.56,114.93,114.46,114.77,2123603
2004-06-24T10:30:00-07:00,114.76,114.82,114.26,114.42,1192490
2004-06-25T06:30:00-07:00,114.41,114.94,114.32,114.44,1768179
2004-06-25T10:30:00-07:00,114.43,114.55,113.95,114.13,1027137
2004-06-28T06:30:00-07:00,114.52,114.61,114.25,114.49,1697410
2004-06-28T10:30:00-07:00,114.49,114.5,113.43,113.68,2090212
2004-06-29T06:30:00-07:00,113.53,114.17,113.42,113.97,1693783
2004-06-29T10:30:00-07:00,113.96,114.12,113.77,113.98,839396
2004-06-30T06:30:00-07:00,114.07,114.2,113.65,113.85,1585342
2004-06-30T10:30:00-07:00,113.86,114.79,113.7,114.45,2687229
2004-07-01T06:30:00-07:00,114.25,114.4,112.85,112.95,3010653
2004-07-01T10:30:00-07:00,112.94,113.4,112.58,113.2,2192223
2004-07-02T06:30:00-07:00,113.16,113.29,112.6,112.95,2270704
2004-07-02T10:30:00-07:00,112.95,113.04,112.68,112.8,858802
2004-07-06T06:30:00-07:00,112.37,112.45,111.72,111.87,2259736
2004-07-06T10:30:00-07:00,111.88,112.29,111.63,111.96,1240807
2004-07-07T06:30:00-07:00,111.81,112.37,111.75,112.34,1710732
2004-07-07T10:30:00-07:00,112.35,112.57,112.07,112.14,955074
2004-07-08T06:30:00-07:00,111.81,112.32,111.54,111.9,2222984
2004-07-08T10:30:00-07:00,111.91,111.97,111.2,111.22,1723170
2004-07-09T06:30:00-07:00,111.71,111.94,111.39,111.64,1984883
2004-07-09T10:30:00-07:00,111.65,111.76,111.38,111.64,601114
2004-07-12T06:30:00-07:00,111.52,111.71,111,111.18,1992909
2004-07-12T10:30:00-07:00,111.18,112.04,111.09,111.78,1458242
2004-07-13T06:30:00-07:00,111.92,112.02,111.63,111.8,1448001
2004-07-13T10:30:00-07:00,111.8,112,111.66,111.89,775163
2004-07-14T06:30:00-07:00,111.26,112.39,111.2,111.78,3178846
2004-07-14T10:30:00-07:00,111.78,111.94,111.12,111.5,1808553
2004-07-15T06:30:00-07:00,111.74,111.91,111.13,111.64,2144150
2004-07-15T10:30:00-07:00,111.64,111.68,111.01,111.04,1189938
2004-07-16T06:30:00-07:00,111.57,111.67,110.85,111.1,2175657
2004-07-16T10:30:00-07:00,111.09,111.18,110.44,110.53,1274099
2004-07-19T06:30:00-07:00,110.75,110.9,110.01,110.19,2298971
2004-07-19T10:30:00-07:00,110.2,110.96,109.99,110.45,1500405
2004-07-20T06:30:00-07:00,110.53,110.88,110.25,110.83,1996297
2004-07-20T10:30:00-07:00,110.84,111.31,110.75,111.24,2122344
2004-07-21T06:30:00-07:00,111.82,112.06,111.07,111.14,2760123
2004-07-21T10:30:00-07:00,111.14,111.22,109.76,109.79,2039702
2004-07-22T06:30:00-07:00,109.36,109.83,108.77,109.32,4248839
2004-07-22T10:30:00-07:00,109.31,110.39,109.28,109.99,2352829
2004-07-23T06:30:00-07:00,109.62,109.7,109.01,109.4,2472447
2004-07-23T10:30:00-07:00,109.4,109.44,108.69,108.92,2015098
2004-07-26T06:30:00-07:00,109.19,109.43,108.32,108.76,2856448
2004-07-26T10:30:00-07:00,108.76,108.96,108.21,108.85,1803424
2004-07-27T06:30:00-07:00,109.05,109.57,108.97,109.37,2881279
2004-07-27T10:30:00-07:00,109.38,110.11,109.1,109.88,1712789
2004-07-28T06:30:00-07:00,109.55,109.87,108.59,108.93,3642800
2004-07-28T10:30:00-07:00,108.93,110.37,108.75,110.03,2675089
2004-07-29T06:30:00-07:00,110.54,110.85,110.15,110.58,2351854
2004-07-29T10:30:00-07:00,110.58,110.86,110,110.55,2295390
2004-07-30T06:30:00-07:00,110.32,110.85,110.16,110.45,2086422
2004-07-30T10:30:00-07:00,110.44,110.68,110.1,110.67,1360467
2004-08-02T06:30:00-07:00,110.19,110.89,110.05,110.76,1943980
2004-08-02T10:30:00-07:00,110.77,111.36,110.74,111.1,1680638
2004-08-03T06:30:00-07:00,110.93,111.06,110.56,110.74,1943797
2004-08-03T10:30:00-07:00,110.72,110.9,110.32,110.35,1799666
2004-08-04T06:30:00-07:00,109.89,110.25,109.64,109.85,2356505
2004-08-04T10:30:00-07:00,109.85,110.75,109.83,110.28,1587902
2004-08-05T06:30:00-07:00,110.29,110.38,109.07,109.2,2397198
2004-08-05T10:30:00-07:00,109.17,109.49,108.37,108.52,2376919
2004-08-06T06:30:00-07:00,107.63,107.965,107.3,107.63,4200220
2004-08-06T10:30:00-07:00,107.63,107.67,106.62,106.83,2668596
2004-08-09T06:30:00-07:00,107.02,107.38,106.87,107.21,2402609
2004-08-09T10:30:00-07:00,107.2,107.48,106.99,107.01,1106386
2004-08-10T06:30:00-07:00,107.31,107.9,107.26,107.78,1957234
2004-08-10T10:30:00-07:00,107.78,108.4,107.35,108.37,2883908
2004-08-11T06:30:00-07:00,107.68,108.08,107.1,107.81,3509523
2004-08-11T10:30:00-07:00,107.82,108.33,107.5,108.09,1568780
2004-08-12T06:30:00-07:00,107.68,107.95,106.77,107.01,2807459
2004-08-12T10:30:00-07:00,107,107.36,106.82,106.85,1748827
2004-08-13T06:30:00-07:00,107.1,107.35,106.72,106.91,2464305
2004-08-13T10:30:00-07:00,106.92,107.18,106.59,107.07,1269239
2004-08-16T06:30:00-07:00,107.14,108.45,107.1,108.3,2614643
2004-08-16T10:30:00-07:00,108.3,108.64,108.22,108.53,1522027
2004-08-17T06:30:00-07:00,108.75,109.28,108.61,108.85,2468284
2004-08-17T10:30:00-07:00,108.86,108.95,108.53,108.71,1343142
2004-08-18T06:30:00-07:00,108.52,109.52,108.49,109.24,2306506
2004-08-18T10:30:00-07:00,109.23,110.13,109.2,110.09,1458644
2004-08-19T06:30:00-07:00,109.81,110.02,109.48,109.76,1850486
2004-08-19T10:30:00-07:00,109.76,109.85,109.18,109.61,1702553
2004-08-20T06:30:00-07:00,109.61,110.35,109.51,110.24,2504536
2004-08-20T10:30:00-07:00,110.24,110.63,110.23,110.44,1848859
2004-08-23T06:30:00-07:00,110.55,110.69,110.23,110.33,2085279
2004-08-23T10:30:00-07:00,110.32,110.77,110.05,110.2,1119208
2004-08-24T06:30:00-07:00,110.64,110.73,109.85,110.32,1830406
2004-08-24T10:30:00-07:00,110.31,110.39,109.95,110.19,933669
2004-08-25T06:30:00-07:00,110.33,110.96,109.9,110.91,1953975
2004-08-25T10:30:00-07:00,110.92,111.27,110.74,111.12,1405758
2004-08-26T06:30:00-07:00,110.96,111.25,110.85,111.05,1511964
2004-08-26T10:30:00-07:00,111.05,111.31,110.89,111.16,998094
2004-08-27T06:30:00-07:00,111.2,111.5,111.05,111.43,1526605
2004-08-27T10:30:00-07:00,111.44,111.63,111.33,111.46,848074
2004-08-30T06:30:00-07:00,111.23,111.34,110.89,110.94,1536367
2004-08-30T10:30:00-07:00,110.95,111.05,110.51,110.58,920598
2004-08-31T06:30:00-07:00,110.7,110.92,110.11,110.26,2565983
2004-08-31T10:30:00-07:00,110.25,111.08,110.1,111.07,1387236
2004-09-01T06:30:00-07:00,110.95,111.64,110.48,111.16,3628137
2004-09-01T10:30:00-07:00,111.16,111.31,110.93,111.31,980326
2004-09-02T06:30:00-07:00,111.24,111.6,111.24,111.45,1329947
2004-09-02T10:30:00-07:00,111.45,112.66,111.44,112.55,2509490
2004-09-03T06:30:00-07:00,112.3,112.82,112.04,112.29,1806176
2004-09-03T10:30:00-07:00,112.28,112.38,112.01,112.09,828551
2004-09-07T06:30:00-07:00,112.54,113.09,112.45,113.04,1951580
2004-09-07T10:30:00-07:00,113.032,113.13,112.32,112.81,1493023
2004-09-08T06:30:00-07:00,112.62,113.06,112.36,112.67,2056189
2004-09-08T10:30:00-07:00,112.67,112.82,112.31,112.35,1045544
2004-09-09T06:30:00-07:00,112.57,112.78,112.03,112.57,2238830
2004-09-09T10:30:00-07:00,112.57,112.88,112.4,112.5,1028475
2004-09-10T06:30:00-07:00,112.52,112.74,112.09,112.67,1444225
2004-09-10T10:30:00-07:00,112.66,113.27,112.49,113.0908,1223007
2004-09-13T06:30:00-07:00,113.28,113.74,113.09,113.58,2209210
2004-09-13T10:30:00-07:00,113.59,113.6,113.01,113.31,1811409
2004-09-14T06:30:00-07:00,113.3,113.69,113.19,113.47,1716621
2004-09-14T10:30:00-07:00,113.46,113.68,113.31,113.61,902127
2004-09-15T06:30:00-07:00,113.3,113.36,112.68,112.87,2327528
2004-09-15T10:30:00-07:00,112.88,113.16,112.71,112.74,1251019
2004-09-16T06:30:00-07:00,112.85,113.37,112.84,113.19,1437484
2004-09-16T10:30:00-07:00,113.19,113.33,112.92,113.1,767663
2004-09-17T06:30:00-07:00,112.95,113.36,112.69,113.11,1995342
2004-09-17T10:30:00-07:00,113.12,113.27,112.87,113.11,896466
2004-09-20T06:30:00-07:00,112.67,112.99,112.36,112.57,2113569
2004-09-20T10:30:00-07:00,112.57,112.72,112.28,112.52,1224900
2004-09-21T06:30:00-07:00,112.75,112.92,112.54,112.82,1390504
2004-09-21T10:30:00-07:00,112.82,113.47,112.79,113.24,2286027
2004-09-22T06:30:00-07:00,112.5,112.52,111.71,111.9,2991973
2004-09-22T10:30:00-07:00,111.89,111.97,111.5,111.63,1642530
2004-09-23T06:30:00-07:00,111.6,111.7,111.04,111.24,2931905
2004-09-23T10:30:00-07:00,111.23,111.55,111.12,111.14,1123361
2004-09-24T06:30:00-07:00,111.17,111.64,111.13,111.51,2260765
2004-09-24T10:30:00-07:00,111.52,111.73,111.24,111.34,1142517
2004-09-27T06:30:00-07:00,111.1,111.2,110.71,111.09,2229945
2004-09-27T10:30:00-07:00,111.08,111.14,110.58,110.67,1506168
2004-09-28T06:30:00-07:00,110.91,111.15,110.41,110.83,1972323
2004-09-28T10:30:00-07:00,110.84,111.51,110.8,111.35,1690963
2004-09-29T06:30:00-07:00,111.21,111.59,111,111.42,2185698
2004-09-29T10:30:00-07:00,111.4,111.79,111.2,111.74,985804
2004-09-30T06:30:00-07:00,111.55,111.82,111.26,111.48,2154376
2004-09-30T10:30:00-07:00,111.49,111.98,111.45,111.74,1439270
2004-10-01T06:30:00-07:00,112.26,113.45,112.21,113.32,3924772
2004-10-01T10:30:00-07:00,113.32,113.52,113.1,113.48,1404097
2004-10-04T06:30:00-07:00,114.1,114.44,113.91,114,2102286
2004-10-04T10:30:00-07:00,114,114.28,113.8,113.85,965768
2004-10-05T06:30:00-07:00,113.85,114.16,113.61,113.99,2020925
2004-10-05T10:30:00-07:00,113.99,114.04,113.54,113.83,1552429
2004-10-06T06:30:00-07:00,113.77,114.15,113.68,113.91,2481085
2004-10-06T10:30:00-07:00,113.91,114.6,113.86,114.57,1498977
2004-10-07T06:30:00-07:00,114.38,114.4,113.59,113.71,2229537
2004-10-07T10:30:00-07:00,113.7,113.97,113.36,113.38,1327563
2004-10-08T06:30:00-07:00,113.34,113.69,112.87,113.12,3144486
2004-10-08T10:30:00-07:00,113.12,113.13,112.35,112.58,1733384
2004-10-11T06:30:00-07:00,112.78,112.96,112.64,112.8,1289454
2004-10-11T10:30:00-07:00,112.8,113.02,112.74,112.87,630446
2004-10-12T06:30:00-07:00,112.2,112.42,111.94,112.14,2368281
2004-10-12T10:30:00-07:00,112.15,112.83,112.1,112.53,1353015
2004-10-13T06:30:00-07:00,113,113.07,111.69,111.69,3085332
2004-10-13T10:30:00-07:00,111.69,111.83,111.32,111.67,2090726
2004-10-14T06:30:00-07:00,111.68,111.93,110.9,111.03,3678825
2004-10-14T10:30:00-07:00,111.03,111.16,110.58,110.7,2393338
2004-10-15T06:30:00-07:00,111.02,111.58,110.58,111.55,4502148
2004-10-15T10:30:00-07:00,111.56,111.74,111.05,111.17,1580417
2004-10-18T06:30:00-07:00,110.89,111.83,110.7,111.82,2529822
2004-10-18T10:30:00-07:00,111.82,111.86,111.41,111.8,1026783
2004-10-19T06:30:00-07:00,112.02,112.23,111.29,111.52,3197165
2004-10-19T10:30:00-07:00,111.5,111.59,110.66,110.72,1677102
2004-10-20T06:30:00-07:00,110.38,110.82,109.75,110.64,3907192
2004-10-20T10:30:00-07:00,110.64,110.81,110.23,110.72,1340942
2004-10-21T06:30:00-07:00,110.79,111.29,110.21,110.37,2952990
2004-10-21T10:30:00-07:00,110.36,111.32,110.29,111.04,1836957
2004-10-22T06:30:00-07:00,111.19,111.25,110.45,110.5284,2186460
2004-10-22T10:30:00-07:00,110.53,110.55,109.86,109.95,2182470
2004-10-25T06:30:00-07:00,109.75,110.12,109.35,109.92,2743674
2004-10-25T10:30:00-07:00,109.93,110.12,109.72,109.87,1333937
2004-10-26T06:30:00-07:00,110.13,111.17,109.88,110.93,3093981
2004-10-26T10:30:00-07:00,110.93,111.43,110.8,111.4,1690817
2004-10-27T06:30:00-07:00,111.38,112.72,111.12,112.61,4483273
2004-10-27T10:30:00-07:00,112.59,113.1,112.5,112.96,2118590
2004-10-28T06:30:00-07:00,112.78,113.22,112.49,113.22,3244582
2004-10-28T10:30:00-07:00,113.22,113.56,112.91,113.17,1969862
2004-10-29T06:30:00-07:00,113.12,113.64,112.9,113.28,2604670
2004-10-29T10:30:00-07:00,113.27,113.52,113.01,113.38,1558285
2004-11-01T06:30:00-08:00,113.56,113.84,113.2,113.26,2195517
2004-11-01T10:30:00-08:00,113.27,113.6,113.2,113.49,886801
2004-11-02T06:30:00-08:00,113.67,114.57,113.57,114.53,2364341
2004-11-02T10:30:00-08:00,114.52,114.55,113.22,113.5,2864209
2004-11-03T06:30:00-08:00,115.03,115.36,114.7,114.93,4716585
2004-11-03T10:30:00-08:00,114.93,115.11,114.24,114.77,2330683
2004-11-04T06:30:00-08:00,114.78,116.18,114.68,116.15,3280866
2004-11-04T10:30:00-08:00,116.15,116.67,116.08,116.57,1973059
2004-11-05T06:30:00-08:00,117.05,117.64,116.49,117.15,4580528
2004-11-05T10:30:00-08:00,117.14,117.24,116.74,117.1,1265722
2004-11-08T06:30:00-08:00,117.01,117.23,116.72,116.87,2116748
2004-11-08T10:30:00-08:00,116.88,117.15,116.85,117,1070189
2004-11-09T06:30:00-08:00,117.08,117.5,116.76,117.04,2547387
2004-11-09T10:30:00-08:00,117.05,117.44,116.88,117,1582591
2004-11-10T06:30:00-08:00,117.09,117.24,116.76,117.09,1846428
2004-11-10T10:30:00-08:00,117.09,117.55,116.8,116.92,2287097
2004-11-11T06:30:00-08:00,117.2,117.65,117.11,117.5,1620543
2004-11-11T10:30:00-08:00,117.52,118.12,117.48,117.99,1829964
2004-11-12T06:30:00-08:00,117.97,118.38,117.68,118.32,2942799
2004-11-12T10:30:00-08:00,118.32,118.97,118.2,118.91,2237223
2004-11-15T06:30:00-08:00,118.5,118.73,118.23,118.54,2405279
2004-11-15T10:30:00-08:00,118.51,118.68,118.3,118.67,1009999
2004-11-16T06:30:00-08:00,118.36,118.41,117.83,118.06,2613577
2004-11-16T10:30:00-08:00,118.06,118.16,117.73,117.76,1183132
2004-11-17T06:30:00-08:00,118.37,119.14,118.34,119.01,2687407
2004-11-17T10:30:00-08:00,118.99,118.99,118.07,118.4,2418512
2004-11-18T06:30:00-08:00,118.53,118.72,118.23,118.46,1991431
2004-11-18T10:30:00-08:00,118.46,118.8,118.35,118.68,1063400
2004-11-19T06:30:00-08:00,118.7,118.72,117.31,117.51,3285407
2004-11-19T10:30:00-08:00,117.5,117.55,117.14,117.32,1310349
2004-11-22T06:30:00-08:00,117.17,117.67,117.03,117.67,1882937
2004-11-22T10:30:00-08:00,117.67,118.12,117.64,117.95,1544339
2004-11-23T06:30:00-08:00,117.93,118.24,117.37,117.68,2601094
2004-11-23T10:30:00-08:00,117.69,118.26,117.57,118,1400651
2004-11-24T06:30:00-08:00,118.27,118.59,118.07,118.35,1930984
2004-11-24T10:30:00-08:00,118.35,118.55,118.15,118.54,806301
2004-11-26T06:30:00-08:00,118.51,118.98,118.3,118.35,1381176
2004-11-29T06:30:00-08:00,118.79,119.01,117.48,117.98,3094466
2004-11-29T10:30:00-08:00,117.98,118.68,117.96,118.13,2122573
2004-11-30T06:30:00-08:00,118,118.24,117.64,117.99,3078265
2004-11-30T10:30:00-08:00,117.98,118.09,117.71,117.73,1486038
2004-12-01T06:30:00-08:00,118.16,119.31,118.1,119.16,2996029
2004-12-01T10:30:00-08:00,119.16,119.47,118.99,119.47,1504434
2004-12-02T06:30:00-08:00,119.1,119.87,119.01,119.21,4051300
2004-12-02T10:30:00-08:00,119.2,119.57,119.11,119.39,1579405
2004-12-03T06:30:00-08:00,119.31,120.14,119.09,119.39,3346274
2004-12-03T10:30:00-08:00,119.38,119.63,119.2,119.43,1179484
2004-12-06T06:30:00-08:00,119.21,119.43,118.84,119.23,2092016
2004-12-06T10:30:00-08:00,119.23,119.64,119.22,119.34,890238
2004-12-07T06:30:00-08:00,119.49,119.61,118.6,118.79,2371160
2004-12-07T10:30:00-08:00,118.77,118.8,118.05,118.08,2232447
2004-12-08T06:30:00-08:00,118.21,118.81,118.01,118.78,3005347
2004-12-08T10:30:00-08:00,118.78,118.82,118.37,118.62,1086919
2004-12-09T06:30:00-08:00,118.14,119.01,117.73,118.94,3992526
2004-12-09T10:30:00-08:00,118.95,119.46,118.57,119.3,1805209
2004-12-10T06:30:00-08:00,118.91,119.4,118.85,119.26,3014805
2004-12-10T10:30:00-08:00,119.26,119.56,119.09,119.17,1651521
2004-12-13T06:30:00-08:00,119.76,119.95,119.35,119.8,1769699
2004-12-13T10:30:00-08:00,119.8,120.31,119.74,120.29,1833377
2004-12-14T06:30:00-08:00,120.18,120.51,120.18,120.43,1691311
2004-12-14T10:30:00-08:00,120.42,120.96,120.32,120.79,2211086
2004-12-15T06:30:00-08:00,120.7,121.03,120.31,120.82,2742723
2004-12-15T10:30:00-08:00,120.81,121.11,120.58,120.97,1403965
2004-12-16T06:30:00-08:00,120.72,121.24,120.51,120.84,2609004
2004-12-16T10:30:00-08:00,120.85,120.9,120.22,120.7,2212781
2004-12-17T06:30:00-08:00,119.46,119.97,119.18,119.49,3324717
2004-12-17T10:30:00-08:00,119.47,119.71,119.16,119.42,1730824
2004-12-20T06:30:00-08:00,119.73,120.29,119.35,119.48,2765782
2004-12-20T10:30:00-08:00,119.47,119.54,119.17,119.27,1443722
2004-12-21T06:30:00-08:00,119.6,120.17,119.46,120.03,2130885
2004-12-21T10:30:00-08:00,120.04,120.48,119.97,120.4,1061417
2004-12-22T06:30:00-08:00,120.38,121.08,120.32,120.79,1902012
2004-12-22T10:30:00-08:00,120.79,120.93,120.51,120.91,873612
2004-12-23T06:30:00-08:00,120.87,121.28,120.83,120.99,1702190
2004-12-23T10:30:00-08:00,120.99,121.1,120.81,120.99,789143
2004-12-27T06:30:00-08:00,121.2,121.36,120.47,120.65,1831479
2004-12-27T10:30:00-08:00,120.66,120.86,120.41,120.42,739639
2004-12-28T06:30:00-08:00,120.64,121.3,120.6,120.96,1512479
2004-12-28T10:30:00-08:00,120.97,121.27,120.95,121.24,671027
2004-12-29T06:30:00-08:00,121.08,121.33,120.95,121.02,1254217
2004-12-29T10:30:00-08:00,121.03,121.3,120.95,121.29,674193
2004-12-30T06:30:00-08:00,121.4,121.56,121.28,121.48,1206065
2004-12-30T10:30:00-08:00,121.49,121.57,121.21,121.23,615935
2004-12-31T06:30:00-08:00,121.3,121.44,121.16,121.28,930718
2004-12-31T10:30:00-08:00,121.27,121.66,121.03,121.04,1125342
2005-01-03T06:30:00-08:00,121.56,121.76,120.26,120.32,3289255
2005-01-03T10:30:00-08:00,120.33,120.56,119.9,120.06,1899131
2005-01-04T06:30:00-08:00,120.46,120.54,119.51,119.65,3146479
2005-01-04T10:30:00-08:00,119.67,119.7,118.44,118.74,3151511
2005-01-05T06:30:00-08:00,118.74,119.23,118.42,119.08,4288253
2005-01-05T10:30:00-08:00,119.09,119.25,118.29,118.32,1650326
2005-01-06T06:30:00-08:00,118.44,119.04,118.26,118.94,2869091
2005-01-06T10:30:00-08:00,118.94,119.15,118.59,118.7,1698962
2005-01-07T06:30:00-08:00,118.97,119.23,118.13,118.93,3587342
2005-01-07T10:30:00-08:00,118.93,119.11,118.49,118.56,1372152
2005-01-10T06:30:00-08:00,118.34,119.46,118.34,119.4,3361682
2005-01-10T10:30:00-08:00,119.4,119.45,118.59,118.94,2024792
2005-01-11T06:30:00-08:00,118.64,118.65,117.99,118.25,4042504
2005-01-11T10:30:00-08:00,118.25,118.74,118.17,118.29,1897318
2005-01-12T06:30:00-08:00,118.4,118.46,117.52,118.12,4570757
2005-01-12T10:30:00-08:00,118.12,118.84,117.9,118.8,2272880
2005-01-13T06:30:00-08:00,118.64,118.73,118.25,118.43,2768462
2005-01-13T10:30:00-08:00,118.44,118.7,117.5,117.68,2372334
2005-01-14T06:30:00-08:00,117.97,118.5,117.76,118.32,2814054
2005-01-14T10:30:00-08:00,118.32,118.53,118.12,118.42,1112665
2005-01-18T06:30:00-08:00,118.05,119.35,117.95,119.24,3236531
2005-01-18T10:30:00-08:00,119.23,119.6,119.2,119.54,1589028
2005-01-19T06:30:00-08:00,119.43,119.52,118.89,119.14,2759288
2005-01-19T10:30:00-08:00,119.14,119.22,118.4,118.41,2158544
2005-01-20T06:30:00-08:00,117.89,118.2,117.29,117.52,4058100
2005-01-20T10:30:00-08:00,117.54,118.09,117.42,117.57,2579271
2005-01-21T06:30:00-08:00,117.79,118,117.43,117.55,2498963
2005-01-21T10:30:00-08:00,117.54,117.56,116.74,116.76,3514165
2005-01-24T06:30:00-08:00,117.09,117.34,116.71,117.28,3760399
2005-01-24T10:30:00-08:00,117.28,117.3,116.37,116.42,1840257
2005-01-25T06:30:00-08:00,116.91,117.47,116.84,117.43,4467154
2005-01-25T10:30:00-08:00,117.42,117.44,116.72,116.87,2024715
2005-01-26T06:30:00-08:00,117.32,117.58,117.04,117.31,3379268
2005-01-26T10:30:00-08:00,117.31,117.6,117.21,117.41,1728328
2005-01-27T06:30:00-08:00,117.19,117.75,117.02,117.29,2974762
2005-01-27T10:30:00-08:00,117.29,117.58,116.98,117.42,2075397
2005-01-28T06:30:00-08:00,117.49,117.55,116.61,116.87,3643030
2005-01-28T10:30:00-08:00,116.87,117.21,116.63,117.13,1833267
2005-01-31T06:30:00-08:00,117.97,118.25,117.72,118.04,2879563
2005-01-31T10:30:00-08:00,118.04,118.18,117.71,118.07,1630880
2005-02-01T06:30:00-08:00,118.25,118.88,118.1,118.81,2633404
2005-02-01T10:30:00-08:00,118.81,119.08,118.69,118.91,1843004
2005-02-02T06:30:00-08:00,119.06,119.33,118.9,119.21,2352433
2005-02-02T10:30:00-08:00,119.22,119.59,118.91,119.3401,2768281
2005-02-03T06:30:00-08:00,119.06,119.15,118.57,118.75,2808690
2005-02-03T10:30:00-08:00,118.8,119.16,118.7,119.05,1428270
2005-02-04T06:30:00-08:00,119,119.77,118.98,119.6604,2555479
2005-02-04T10:30:00-08:00,119.68,120.43,119.64,120.33,1821129
2005-02-07T06:30:00-08:00,120.22,120.52,120.1,120.17,3088317
2005-02-07T10:30:00-08:00,120.18,120.345,119.96,120.24,1208042
2005-02-08T06:30:00-08:00,120.17,120.65,120.07,120.29,2335059
2005-02-08T10:30:00-08:00,120.28,120.5,120.22,120.34,1013465
2005-02-09T06:30:00-08:00,120.42,120.49,119.59,119.88,3108897
2005-02-09T10:30:00-08:00,119.88,119.95,119.25,119.3,2232735
2005-02-10T06:30:00-08:00,119.66,119.81,119.26,119.79,2602206
2005-02-10T10:30:00-08:00,119.77,120.02,119.59,119.83,1841901
2005-02-11T06:30:00-08:00,119.71,121.04,119.46,120.79,3889828
2005-02-11T10:30:00-08:00,120.79,120.99,120.67,120.72,1167287
2005-02-14T06:30:00-08:00,120.69,120.79,120.48,120.66,1998595
2005-02-14T10:30:00-08:00,120.66,120.86,120.53,120.78,932706
2005-02-15T06:30:00-08:00,120.8,121.43,120.68,120.85,2561943
2005-02-15T10:30:00-08:00,120.85,121.24,120.76,121.2,1475164
2005-02-16T06:30:00-08:00,120.93,121.13,120.67,120.89,2515403
2005-02-16T10:30:00-08:00,120.89,121.46,120.76,121.19,1835124
2005-02-17T06:30:00-08:00,121.23,121.33,120.44,120.68,3224714
2005-02-17T10:30:00-08:00,120.69,120.77,120.24,120.29,1753788
2005-02-18T06:30:00-08:00,120.17,120.44,119.9,120.27,2811708
2005-02-18T10:30:00-08:00,120.27,120.47,120.19,120.35,1072245
2005-02-22T06:30:00-08:00,119.9,120.47,119.27,119.43,4386518
2005-02-22T10:30:00-08:00,119.43,119.45,118.58,118.67,2756109
2005-02-23T06:30:00-08:00,118.97,119.28,118.71,118.98,3979367
2005-02-23T10:30:00-08:00,118.97,119.57,118.89,119.34,2308551
2005-02-24T06:30:00-08:00,119.24,119.7,118.98,119.33,3638101
2005-02-24T10:30:00-08:00,119.34,120.32,119.31,120.26,2755245
2005-02-25T06:30:00-08:00,120.27,121.27,120.18,120.93,3645659
2005-02-25T10:30:00-08:00,120.95,121.49,120.93,121.38,1947932
2005-02-28T06:30:00-08:00,121.15,121.3,120.28,120.44,3794094
2005-02-28T10:30:00-08:00,120.45,120.94,120.05,120.54,1581308
2005-03-01T06:30:00-08:00,120.78,121.48,120.78,120.98,2955120
2005-03-01T10:30:00-08:00,120.98,121.52,120.96,121.3,1339869
2005-03-02T06:30:00-08:00,120.76,121.93,120.65,121.79,3338616
2005-03-02T10:30:00-08:00,121.79,121.85,120.92,121.29,2613406
2005-03-03T06:30:00-08:00,121.66,121.9,120.7,121.15,4050078
2005-03-03T10:30:00-08:00,121.15,121.58,121.1,121.36,1617339
2005-03-04T06:30:00-08:00,122.05,122.57,121.8,122.37,3541276
2005-03-04T10:30:00-08:00,122.37,122.83,122.34,122.56,1540934
2005-03-07T06:30:00-08:00,122.66,123.25,122.59,122.97,2774269
2005-03-07T10:30:00-08:00,122.99,123.14,122.74,122.78,1138324
2005-03-08T06:30:00-08:00,122.67,122.9,122.31,122.61,2514260
2005-03-08T10:30:00-08:00,122.6,122.73,122.11,122.21,1639644
2005-03-09T06:30:00-08:00,121.97,122.29,121.34,121.57,3875936
2005-03-09T10:30:00-08:00,121.59,121.84,120.98,121,1983128
2005-03-10T06:30:00-08:00,121.2,121.42,120.4,121.17,3965567
2005-03-10T10:30:00-08:00,121.17,121.5,120.97,121.2,1869865
2005-03-11T06:30:00-08:00,121.31,121.72,120.71,120.86,2824131
2005-03-11T10:30:00-08:00,120.86,120.88,120.16,120.41,2253736
2005-03-14T06:30:00-08:00,120.61,120.86,120.38,120.42,2039152
2005-03-14T10:30:00-08:00,120.41,121.06,120.28,121.04,1381355
2005-03-15T06:30:00-08:00,121.42,121.46,120.52,120.57,3740146
2005-03-15T10:30:00-08:00,120.57,120.72,120.13,120.17,1979674
2005-03-16T06:30:00-08:00,119.7,119.88,119.16,119.5,4238788
2005-03-16T10:30:00-08:00,119.5,119.53,118.9,119.18,2235275
2005-03-17T06:30:00-08:00,119.31,119.74,118.98,119.44,3960124
2005-03-17T10:30:00-08:00,119.44,119.71,119.17,119.41,1895420
2005-03-18T06:30:00-08:00,119.11,119.16,118.28,118.42,3016158
2005-03-18T10:30:00-08:00,118.42,118.92,118.15,118.81,2316010
2005-03-21T06:30:00-08:00,118.71,118.78,117.76,118.23,4019100
2005-03-21T10:30:00-08:00,118.24,118.64,118.05,118.26,1644035
2005-03-22T06:30:00-08:00,118.37,118.77,118.33,118.74,2307860
2005-03-22T10:30:00-08:00,118.75,118.93,117.06,117.13,5669204
2005-03-23T06:30:00-08:00,116.945,117.47,116.75,117.18,4587127
2005-03-23T10:30:00-08:00,117.18,117.59,117.06,117.08,1695655
2005-03-24T06:30:00-08:00,117.46,117.99,117.34,117.7,2395947
2005-03-24T10:30:00-08:00,117.7,117.86,117.11,117.15,2003591
2005-03-28T06:30:00-08:00,117.42,117.88,117.34,117.61,2563739
2005-03-28T10:30:00-08:00,117.61,117.94,117.33,117.36,1530659
2005-03-29T06:30:00-08:00,117.14,117.9,116.91,117.08,3438930
2005-03-29T10:30:00-08:00,117.08,117.19,116.25,116.41,3075012
2005-03-30T06:30:00-08:00,116.78,117.81,116.77,117.76,3445494
2005-03-30T10:30:00-08:00,117.76,118.13,117.42,118.12,2408847
2005-03-31T06:30:00-08:00,118.19,118.44,117.87,118.12,3369704
2005-03-31T10:30:00-08:00,118.12,118.46,117.95,117.96,2138772
2005-04-01T06:30:00-08:00,118.63,118.99,117.16,117.37,5518078
2005-04-01T10:30:00-08:00,117.37,117.47,116.91,117.22,2290344
2005-04-04T06:30:00-07:00,117.36,117.43,116.74,116.9,3761856
2005-04-04T10:30:00-07:00,116.91,117.86,116.87,117.6,2866195
2005-04-05T06:30:00-07:00,117.78,118.38,117.77,118.14,2737241
2005-04-05T10:30:00-07:00,118.14,118.32,117.67,118.09,1727064
2005-04-06T06:30:00-07:00,118.45,118.95,118.3,118.75,3097409
2005-04-06T10:30:00-07:00,118.75,118.79,118.18,118.38,1620250
2005-04-07T06:30:00-07:00,118.41,119.17,118.32,118.87,2592842
2005-04-07T10:30:00-07:00,118.87,119.23,118.57,119.14,1688787
2005-04-08T06:30:00-07:00,119.17,119.21,118.52,118.65,3356930
2005-04-08T10:30:00-07:00,118.66,118.79,118.08,118.1,2164071
2005-04-11T06:30:00-07:00,118.29,118.42,117.83,118.13,2722508
2005-04-11T10:30:00-07:00,118.12,118.34,118,118.18,1221491
2005-04-12T06:30:00-07:00,117.89,117.93,117.13,117.3,3081459
2005-04-12T10:30:00-07:00,117.3,119.06,117.07,118.75,4845175
2005-04-13T06:30:00-07:00,118.56,118.8,117.99,118.05,3360453
2005-04-13T10:30:00-07:00,118.05,118.08,117.13,117.43,2953666
2005-04-14T06:30:00-07:00,117.44,117.5,116.41,116.43,5113213
2005-04-14T10:30:00-07:00,116.44,116.99,116.13,116.2,3675432
2005-04-15T06:30:00-07:00,115.74,116.2,114.92,115.43,7322719
2005-04-15T10:30:00-07:00,115.43,115.62,114.16,114.28,4237795
2005-04-18T06:30:00-07:00,114.12,114.96,113.96,114.71,6999041
2005-04-18T10:30:00-07:00,114.71,114.94,114.28,114.6,2111130
2005-04-19T06:30:00-07:00,115.1,115.33,114.83,115.14,3934712
2005-04-19T10:30:00-07:00,115.13,115.53,115.11,115.29,1990409
2005-04-20T06:30:00-07:00,115.4,115.63,114.53,114.53,5104654
2005-04-20T10:30:00-07:00,114.52,114.71,113.6,113.82,4293196
2005-04-21T06:30:00-07:00,114.79,115.32,114.38,115.2,5249107
2005-04-21T10:30:00-07:00,115.18,116.04,115.17,116,2453212
2005-04-22T06:30:00-07:00,115.74,116,115.45,115.76,3699685
2005-04-22T10:30:00-07:00,115.77,115.92,114.27,115.29,4469612
2005-04-25T06:30:00-07:00,115.86,116.5,115.72,116.14,2995792
2005-04-25T10:30:00-07:00,116.16,116.39,115.75,116.28,1874826
2005-04-26T06:30:00-07:00,115.96,116.77,115.7,115.77,3511504
2005-04-26T10:30:00-07:00,115.76,116.14,115.22,115.22,3452349
2005-04-27T06:30:00-07:00,114.86,116.07,114.44,115.86,5439536
2005-04-27T10:30:00-07:00,115.86,115.96,115.51,115.69,2430391
2005-04-28T06:30:00-07:00,115.27,115.68,114.83,114.99,3359005
2005-04-28T10:30:00-07:00,114.99,115.35,114.35,114.39,3261667
2005-04-29T06:30:00-07:00,115.07,115.16,113.97,114.83,6205549
2005-04-29T10:30:00-07:00,114.81,115.79,114.57,115.71,3035875
2005-05-02T06:30:00-07:00,116.07,116.41,115.82,115.86,3004209
2005-05-02T10:30:00-07:00,115.86,116.38,115.52,116.36,1813227
2005-05-03T06:30:00-07:00,116.07,116.43,116.02,116.22,2159579
2005-05-03T10:30:00-07:00,116.22,116.85,115.69,116.24,5400287
2005-05-04T06:30:00-07:00,116.65,117.22,116.28,117.06,4897541
2005-05-04T10:30:00-07:00,117.04,117.75,116.95,117.64,2357210
2005-05-05T06:30:00-07:00,117.67,118,116.74,117.06,6103607
2005-05-05T10:30:00-07:00,117.07,117.63,116.85,117.39,3193267
2005-05-06T06:30:00-07:00,117.93,117.97,117.2,117.59,4016987
2005-05-06T10:30:00-07:00,117.58,117.76,117.12,117.21,1656094
2005-05-09T06:30:00-07:00,117.21,117.85,117.05,117.75,2376281
2005-05-09T10:30:00-07:00,117.74,118.03,117.49,118.02,1656424
2005-05-10T06:30:00-07:00,117.36,117.41,116.8,117.39,3474137
2005-05-10T10:30:00-07:00,117.38,117.5,116.39,116.69,3092254
2005-05-11T06:30:00-07:00,116.93,117.01,115.85,116.761,6124435
2005-05-11T10:30:00-07:00,116.76,117.4,116.52,117.22,2172470
2005-05-12T06:30:00-07:00,117.32,117.59,116.83,117.16,4506757
2005-05-12T10:30:00-07:00,117.15,117.17,115.95,116.08,3661902
2005-05-13T06:30:00-07:00,116.3,116.62,115.61,115.98,4489648
2005-05-13T10:30:00-07:00,115.98,116.04,114.8,115.6,3590947
2005-05-16T06:30:00-07:00,115.7,116.39,115.66,116.33,2597299
2005-05-16T10:30:00-07:00,116.33,116.83,116.22,116.78,2065197
2005-05-17T06:30:00-07:00,116.43,116.74,116.16,116.55,2984506
2005-05-17T10:30:00-07:00,116.56,117.7,116.41,117.59,2649181
2005-05-18T06:30:00-07:00,118.07,119.08,118.01,118.87,5161769
2005-05-18T10:30:00-07:00,118.87,119.05,118.65,118.8,2005199
2005-05-19T06:30:00-07:00,119.02,119.32,118.73,119.15,3460361
2005-05-19T10:30:00-07:00,119.15,119.41,118.7,119.37,2518120
2005-05-20T06:30:00-07:00,119.34,119.39,118.74,119.03,3043666
2005-05-20T10:30:00-07:00,119.03,119.34,119,119.15,1314369
2005-05-23T06:30:00-07:00,119.21,119.69,119.19,119.5,3058027
2005-05-23T10:30:00-07:00,119.49,120.04,119.39,119.65,1857475
2005-05-24T06:30:00-07:00,119.44,119.67,119.2,119.34,2874405
2005-05-24T10:30:00-07:00,119.34,119.83,119.23,119.64,1998822
2005-05-25T06:30:00-07:00,119.35,119.39,118.84,118.85,2626850
2005-05-25T10:30:00-07:00,118.85,119.47,118.83,119.33,1705833
2005-05-26T06:30:00-07:00,119.79,120.1,119.62,119.83,2696454
2005-05-26T10:30:00-07:00,119.83,120.21,119.79,120.04,1381133
2005-05-27T06:30:00-07:00,120.06,120.18,119.8,120.09,1629265
2005-05-27T10:30:00-07:00,120.1,120.25,120.02,120.18,648945
2005-05-31T06:30:00-07:00,120.08,120.17,119.47,119.66,2131624
2005-05-31T10:30:00-07:00,119.64,120.05,119.43,119.44,1516434
2005-06-01T06:30:00-07:00,119.52,120.92,119.45,120.83,4013561
2005-06-01T10:30:00-07:00,120.86,120.92,120,120.54,2111160
2005-06-02T06:30:00-07:00,120.23,120.65,120.1,120.49,2271989
2005-06-02T10:30:00-07:00,120.5,120.84,120.37,120.71,1331369
2005-06-03T06:30:00-07:00,120.55,120.89,119.75,120,3590248
2005-06-03T10:30:00-07:00,120,120.18,119.73,119.94,1774990
2005-06-06T06:30:00-07:00,120.02,120.05,119.55,119.83,2394940
2005-06-06T10:30:00-07:00,119.84,120.2,119.82,120.14,1141855
2005-06-07T06:30:00-07:00,120.39,121.25,120.32,121.04,3106506
2005-06-07T10:30:00-07:00,121.04,121.09,120.05,120.06,3250505
2005-06-08T06:30:00-07:00,120.43,120.59,120.13,120.4,2079672
2005-06-08T10:30:00-07:00,120.39,120.4,119.67,119.85,2155536
2005-06-09T06:30:00-07:00,119.74,120.58,119.44,120.16,4198754
2005-06-09T10:30:00-07:00,120.17,120.52,119.99,120.49,1226390
2005-06-10T06:30:00-07:00,120.56,120.65,119.67,119.79,2261487
2005-06-10T10:30:00-07:00,119.8,120.25,119.6,120.21,1160716
2005-06-13T06:30:00-07:00,119.94,121.08,119.81,120.81,2722524
2005-06-13T10:30:00-07:00,120.8,120.82,120.18,120.49,1729635
2005-06-14T06:30:00-07:00,120.45,120.86,120.38,120.64,1771207
2005-06-14T10:30:00-07:00,120.64,121.2,120.56,120.83,1411397
2005-06-15T06:30:00-07:00,121.16,121.24,120.23,120.37,3256245
2005-06-15T10:30:00-07:00,120.37,121.12,120.25,121.06,1676304
2005-06-16T06:30:00-07:00,121.09,121.64,120.92,121.31,2887272
2005-06-16T10:30:00-07:00,121.31,121.63,121.16,121.47,1371349
2005-06-17T06:30:00-07:00,121.54,121.9,121.2,121.51,3395807
2005-06-17T10:30:00-07:00,121.51,121.76,121.39,121.59,1318606
2005-06-20T06:30:00-07:00,121.08,121.35,120.94,121.18,2001823
2005-06-20T10:30:00-07:00,121.19,121.84,121.12,121.51,1722951
2005-06-21T06:30:00-07:00,121.5,121.65,121.03,121.41,2220919
2005-06-21T10:30:00-07:00,121.41,121.61,121.15,121.3,1520202
2005-06-22T06:30:00-07:00,121.68,121.94,121.1,121.45,2373003
2005-06-22T10:30:00-07:00,121.45,121.51,121.07,121.36,1308928
2005-06-23T06:30:00-07:00,121.32,121.6,121.01,121.16,2551078
2005-06-23T10:30:00-07:00,121.16,121.19,119.97,120.01,3191752
2005-06-24T06:30:00-07:00,119.88,119.99,119.54,119.62,2983534
2005-06-24T10:30:00-07:00,119.62,119.66,119.05,119.09,2301452
2005-06-27T06:30:00-07:00,118.97,119.41,118.95,119.15,2990364
2005-06-27T10:30:00-07:00,119.15,119.23,118.75,119.04,1510634
2005-06-28T06:30:00-07:00,119.4,120.1,119.37,120.05,2503796
2005-06-28T10:30:00-07:00,120.05,120.24,119.9,120.15,1513806
2005-06-29T06:30:00-07:00,120.36,120.4,120.02,120.18,1941775
2005-06-29T10:30:00-07:00,120.18,120.24,119.81,119.94,1842995
2005-06-30T06:30:00-07:00,120.22,120.32,119.87,119.91,1729086
2005-06-30T10:30:00-07:00,119.91,120.2,118.95,119.06,3889469
2005-07-01T06:30:00-07:00,119.45,119.8,119.27,119.41,3042747
2005-07-01T10:30:00-07:00,119.41,119.54,119.21,119.5,1170230
2005-07-05T06:30:00-07:00,119.25,120.6,119.19,120.33,3058724
2005-07-05T10:30:00-07:00,120.32,120.65,120.13,120.48,1720665
2005-07-06T06:30:00-07:00,120.39,120.65,119.86,120.18,3030722
2005-07-06T10:30:00-07:00,120.18,120.28,119.45,119.48,2129931
2005-07-07T06:30:00-07:00,118.29,119.45,118.26,119.21,6663238
2005-07-07T10:30:00-07:00,119.21,119.89,119.07,119.77,2488295
2005-07-08T06:30:00-07:00,119.96,121.1,119.72,120.92,4137181
2005-07-08T10:30:00-07:00,120.92,121.32,120.78,121.22,1862443
2005-07-11T06:30:00-07:00,121.33,122.06,121.31,121.62,3489831
2005-07-11T10:30:00-07:00,121.61,122.04,121.5,122.02,1342778
2005-07-12T06:30:00-07:00,121.89,122.1,121.64,122.06,2691247
2005-07-12T10:30:00-07:00,122.05,122.63,121.99,122.22,2239853
2005-07-13T06:30:00-07:00,122.27,122.47,121.99,122.22,2559597
2005-07-13T10:30:00-07:00,122.22,122.52,122.1,122.35,1182766
2005-07-14T06:30:00-07:00,122.98,123.44,122.55,122.85,4118378
2005-07-14T10:30:00-07:00,122.85,122.89,122.49,122.74,1574905
2005-07-15T06:30:00-07:00,122.79,122.84,122.36,122.55,3372287
2005-07-15T10:30:00-07:00,122.55,123.04,122.53,122.77,1737442
2005-07-18T06:30:00-07:00,122.5,122.63,122.2,122.31,2404564
2005-07-18T10:30:00-07:00,122.281,122.57,122.17,122.2,1023550
2005-07-19T06:30:00-07:00,122.71,123.03,122.49,122.75,2698535
2005-07-19T10:30:00-07:00,122.75,123.11,122.6,123,2894530
2005-07-20T06:30:00-07:00,122.59,123.28,122.3,123.24,3673570
2005-07-20T10:30:00-07:00,123.26,123.73,123.1,123.54,2526742
2005-07-21T06:30:00-07:00,123.55,123.61,122.47,123.26,5349479
2005-07-21T10:30:00-07:00,123.27,123.37,122.57,122.7,3114200
2005-07-22T06:30:00-07:00,122.88,123.21,122.63,122.87,2689601
2005-07-22T10:30:00-07:00,122.88,123.51,122.79,123.43,1771191
2005-07-25T06:30:00-07:00,123.41,123.95,123.25,123.45,3005928
2005-07-25T10:30:00-07:00,123.45,123.53,122.85,122.93,2354508
2005-07-26T06:30:00-07:00,123.23,123.5,122.95,123.12,2694426
2005-07-26T10:30:00-07:00,123.12,123.53,123.08,123.23,1405509
2005-07-27T06:30:00-07:00,123.5,123.52,123.05,123.3,2184453
2005-07-27T10:30:00-07:00,123.3,123.85,123.26,123.79,1648958
2005-07-28T06:30:00-07:00,123.99,124.42,123.64,124.38,2628832
2005-07-28T10:30:00-07:00,124.38,124.64,124.31,124.5,1849489
2005-07-29T06:30:00-07:00,124.41,124.63,123.78,123.92,3408941
2005-07-29T10:30:00-07:00,123.91,124.21,123.5,123.58,1929548
2005-08-01T06:30:00-07:00,123.84,123.96,123.45,123.57,2450248
2005-08-01T10:30:00-07:00,123.57,124.04,123.55,123.56,1327979
2005-08-02T06:30:00-07:00,123.84,124.56,123.74,124.36,2720802
2005-08-02T10:30:00-07:00,124.33,124.6,124.18,124.46,1332887
2005-08-03T06:30:00-07:00,124.24,124.74,124.12,124.57,1788766
2005-08-03T10:30:00-07:00,124.59,124.7,124.24,124.64,1582842
2005-08-04T06:30:00-07:00,124.22,124.31,123.63,123.73,2983745
2005-08-04T10:30:00-07:00,123.73,123.96,123.6,123.66,1442590
2005-08-05T06:30:00-07:00,123.45,123.54,122.67,122.89,2927402
2005-08-05T10:30:00-07:00,122.89,122.98,122.68,122.78,1676794
2005-08-08T06:30:00-07:00,123.17,123.41,122.62,122.71,3124761
2005-08-08T10:30:00-07:00,122.71,122.8,122.38,122.43,1419033
2005-08-09T06:30:00-07:00,123.03,123.33,123.01,123.16,1915407
2005-08-09T10:30:00-07:00,123.16,123.59,122.87,123.34,2644152
2005-08-10T06:30:00-07:00,123.83,124.5,123.67,123.92,3811568
2005-08-10T10:30:00-07:00,123.922,124.06,122.82,123.13,3362526
2005-08-11T06:30:00-07:00,123.27,124.02,123.14,123.422,3671794
2005-08-11T10:30:00-07:00,123.43,123.98,123.01,123.97,1588461
2005-08-12T06:30:00-07:00,123.58,123.67,122.75,123,3354905
2005-08-12T10:30:00-07:00,123,123.69,122.84,123.24,1737846
2005-08-15T06:30:00-07:00,123.2,123.83,122.83,123.76,2406149
2005-08-15T10:30:00-07:00,123.75,123.87,123.57,123.65,1050035
2005-08-16T06:30:00-07:00,123.44,123.52,122.6,122.81,3935477
2005-08-16T10:30:00-07:00,122.81,122.84,122.11,122.11,2416292
2005-08-17T06:30:00-07:00,122.2,122.87,122.03,122.79,3780951
2005-08-17T10:30:00-07:00,122.799,122.8,122.23,122.3,1846931
2005-08-18T06:30:00-07:00,122.05,122.49,121.84,122.49,2990960
2005-08-18T10:30:00-07:00,122.49,122.56,121.96,122.11,2103997
2005-08-19T06:30:00-07:00,122.64,122.82,122.27,122.44,2439603
2005-08-19T10:30:00-07:00,122.43,122.56,122.2,122.27,1290979
2005-08-22T06:30:00-07:00,122.58,123.23,121.88,122.25,4241106
2005-08-22T10:30:00-07:00,122.25,122.49,122.08,122.48,1856777
2005-08-23T06:30:00-07:00,122.5,122.61,121.67,121.93,3279803
2005-08-23T10:30:00-07:00,121.93,122.47,121.9,122.07,1658466
2005-08-24T06:30:00-07:00,121.95,122.73,121.77,122.45,3752282
2005-08-24T10:30:00-07:00,122.44,122.49,121.19,121.24,3772661
2005-08-25T06:30:00-07:00,121.34,121.62,121.21,121.4,2272023
2005-08-25T10:30:00-07:00,121.4,121.67,121.3,121.52,1076404
2005-08-26T06:30:00-07:00,121.48,121.49,120.68,120.8,3173148
2005-08-26T10:30:00-07:00,120.79,121.36,120.74,120.82,2218457
2005-08-29T06:30:00-07:00,120.41,121.4,120.38,121.29,3302042
2005-08-29T10:30:00-07:00,121.29,121.78,121.23,121.6,1634592
2005-08-30T06:30:00-07:00,121.25,121.3,120.5,120.9,3965590
2005-08-30T10:30:00-07:00,120.9,121.24,120.39,121.18,2962512
2005-08-31T06:30:00-07:00,121.19,121.64,120.74,121.45,5135554
2005-08-31T10:30:00-07:00,121.44,122.48,121.26,122.4,3375882
2005-09-01T06:30:00-07:00,122.51,123.15,121.93,122.7,4527159
2005-09-01T10:30:00-07:00,122.7,122.79,122.16,122.53,2143337
2005-09-02T06:30:00-07:00,122.83,122.88,122.12,122.55,3009160
2005-09-02T10:30:00-07:00,122.56,122.68,122.1,122.13,868024
2005-09-06T06:30:00-07:00,122.68,123.5,122.65,123.29,3281916
2005-09-06T10:30:00-07:00,123.3,123.76,123.22,123.75,1768695
2005-09-07T06:30:00-07:00,123.63,123.98,123.46,123.77,1877431
2005-09-07T10:30:00-07:00,123.76,124.13,123.6,124.02,1544779
2005-09-08T06:30:00-07:00,123.66,124,123.46,123.74,1959424
2005-09-08T10:30:00-07:00,123.74,123.77,123.31,123.58,1290206
2005-09-09T06:30:00-07:00,123.83,124.68,123.8,124.6,2633429
2005-09-09T10:30:00-07:00,124.6,124.74,124.44,124.48,1309748
2005-09-12T06:30:00-07:00,124.45,124.67,124.32,124.46,2081067
2005-09-12T10:30:00-07:00,124.45,124.66,124.27,124.42,984263
2005-09-13T06:30:00-07:00,124.13,124.16,123.56,123.85,2816972
2005-09-13T10:30:00-07:00,123.86,124.42,123.52,123.55,2386626
2005-09-14T06:30:00-07:00,123.76,123.92,123.35,123.76,2431973
2005-09-14T10:30:00-07:00,123.76,123.77,123.02,123.18,2201692
2005-09-15T06:30:00-07:00,123.51,123.65,122.9,123.1,3817230
2005-09-15T10:30:00-07:00,123.06,123.29,122.94,123.21,1584331
2005-09-16T06:30:00-07:00,123.28,123.37,122.87,123.15,3867454
2005-09-16T10:30:00-07:00,123.14,123.74,123.11,123.69,2179027
2005-09-19T06:30:00-07:00,123.49,123.55,122.93,123,3110866
2005-09-19T10:30:00-07:00,123,123.12,122.64,122.96,1618050
2005-09-20T06:30:00-07:00,123.21,123.61,123.18,123.2,2118810
2005-09-20T10:30:00-07:00,123.2,123.33,121.87,122.1,5207249
2005-09-21T06:30:00-07:00,121.81,121.87,121.2,121.3,5041327
2005-09-21T10:30:00-07:00,121.31,121.53,120.86,120.8815,3523685
2005-09-22T06:30:00-07:00,120.95,121.37,120.44,121.03,4650611
2005-09-22T10:30:00-07:00,121.03,121.66,120.98,121.45,2752727
2005-09-23T06:30:00-07:00,121.24,121.47,120.9,121.27,3114202
2005-09-23T10:30:00-07:00,121.27,121.89,121.27,121.56,2182626
2005-09-26T06:30:00-07:00,122.04,122.24,121.51,121.61,3783648
2005-09-26T10:30:00-07:00,121.6,121.69,121.08,121.47,2075197
2005-09-27T06:30:00-07:00,121.52,121.66,121.02,121.29,3420284
2005-09-27T10:30:00-07:00,121.27,121.99,121.2,121.5,2699677
2005-09-28T06:30:00-07:00,121.92,122.12,121.31,121.42,2440596
2005-09-28T10:30:00-07:00,121.42,122.01,121.2,121.68,2882459
2005-09-29T06:30:00-07:00,121.56,122.32,121.08,122.24,4093722
2005-09-29T10:30:00-07:00,122.25,122.86,122.19,122.81,1974304
2005-09-30T06:30:00-07:00,122.61,122.97,122.45,122.61,2522308
2005-09-30T10:30:00-07:00,122.61,122.95,122.56,122.809,1539414
2005-10-03T06:30:00-07:00,122.95,123.34,122.48,122.6,3110593
2005-10-03T10:30:00-07:00,122.6,122.92,122.45,122.68,1370999
2005-10-04T06:30:00-07:00,122.79,123.03,122.48,122.84,2381673
2005-10-04T10:30:00-07:00,122.85,122.85,121.33,121.38,3190139
2005-10-05T06:30:00-07:00,121.29,121.31,120.22,120.85,5561120
2005-10-05T10:30:00-07:00,120.83,120.96,119.6,119.64,4022706
2005-10-06T06:30:00-07:00,119.79,120.26,119.43,119.73,6573094
2005-10-06T10:30:00-07:00,119.74,119.82,118.17,119.15,6007801
2005-10-07T06:30:00-07:00,119.7,120.05,119.13,119.57,4342736
2005-10-07T10:30:00-07:00,119.57,119.72,119.25,119.66,1543906
2005-10-10T06:30:00-07:00,119.68,119.71,118.85,119.37,3073355
2005-10-10T10:30:00-07:00,119.35,119.51,118.61,118.77,1854375
2005-10-11T06:30:00-07:00,118.98,119.39,118.43,118.93,3984023
2005-10-11T10:30:00-07:00,118.94,119.24,118.32,118.54,2749202
2005-10-12T06:30:00-07:00,118.39,119.13,117.56,118.06,5814002
2005-10-12T10:30:00-07:00,118.05,118.12,117.41,117.85,3550836
2005-10-13T06:30:00-07:00,117.46,118.08,116.88,117.13,5197500
2005-10-13T10:30:00-07:00,117.14,118.07,116.9,117.75,3877076
2005-10-14T06:30:00-07:00,118.1,118.61,117.56,118.33,5702134
2005-10-14T10:30:00-07:00,118.32,118.81,118.11,118.75,1984498
2005-10-17T06:30:00-07:00,118.76,119.27,118.45,118.68,4486352
2005-10-17T10:30:00-07:00,118.71,119.17,118.56,119.07,1460974
2005-10-18T06:30:00-07:00,118.95,118.96,118.2,118.33,3768847
2005-10-18T10:30:00-07:00,118.33,118.55,117.87,117.9,2765167
2005-10-19T06:30:00-07:00,117.56,118.08,117.12,117.87,6794233
2005-10-19T10:30:00-07:00,117.9,119.66,117.84,119.63,3421900
2005-10-20T06:30:00-07:00,119.52,119.81,118.85,118.97,5133470
2005-10-20T10:30:00-07:00,118.97,119.05,117.3,117.72,5348243
2005-10-21T06:30:00-07:00,118.27,118.66,117.51,118.47,5808032
2005-10-21T10:30:00-07:00,118.47,118.78,117.95,118.02,2103022
2005-10-24T06:30:00-07:00,118.45,119.55,118.41,119.38,4521370
2005-10-24T10:30:00-07:00,119.37,120.06,119.31,120.04,2232733
2005-10-25T06:30:00-07:00,119.73,120.24,119.31,119.41,4219430
2005-10-25T10:30:00-07:00,119.4,119.87,118.94,119.73,2888412
2005-10-26T06:30:00-07:00,119.51,120.54,119.35,119.75,4721644
2005-10-26T10:30:00-07:00,119.7401,120.01,119.19,119.24,2478507
2005-10-27T06:30:00-07:00,119.2,119.37,118.46,118.47,3243530
2005-10-27T10:30:00-07:00,118.47,118.83,117.94,117.98,2893833
2005-10-28T06:30:00-07:00,118.42,119.3,118.14,119.11,3705338
2005-10-28T10:30:00-07:00,119.11,119.95,118.95,119.91,2715864
2005-10-31T06:30:00-08:00,120.29,121.01,120.2,120.71,4005390
2005-10-31T10:30:00-08:00,120.7299,121.3,120.53,120.71,2675105
2005-11-01T06:30:00-08:00,120.55,120.69,120.25,120.38,2702264
2005-11-01T10:30:00-08:00,120.38,120.9,120.22,120.32,3114528
2005-11-02T06:30:00-08:00,120.17,121.56,120.13,121.4,3933797
2005-11-02T10:30:00-08:00,121.4,121.66,121.23,121.62,2418416
2005-11-03T06:30:00-08:00,122.15,122.66,121.96,122.37,4658676
2005-11-03T10:30:00-08:00,122.38,122.46,121.75,122.15,2689698
2005-11-04T06:30:00-08:00,122.4,122.46,121.55,121.86,3629402
2005-11-04T10:30:00-08:00,121.87,122.22,121.65,122.11,1280043
2005-11-07T06:30:00-08:00,122.4,122.53,121.85,122.24,2749370
2005-11-07T10:30:00-08:00,122.23,122.62,122.11,122.44,1665214
2005-11-08T06:30:00-08:00,121.95,122.42,121.79,122.12,2649939
2005-11-08T10:30:00-08:00,122.13,122.31,121.97,122.07,922414
2005-11-09T06:30:00-08:00,122.08,122.95,121.86,122.72,3292731
2005-11-09T10:30:00-08:00,122.73,122.76,122.19,122.25,1897022
2005-11-10T06:30:00-08:00,122.34,122.6,121.75,122.47,3592024
2005-11-10T10:30:00-08:00,122.45,123.52,122.41,123.34,3332748
2005-11-11T06:30:00-08:00,123.35,123.59,123.28,123.44,2074595
2005-11-11T10:30:00-08:00,123.42,123.84,123.4,123.65,1063457
2005-11-14T06:30:00-08:00,123.76,124.02,123.41,123.51,3001615
2005-11-14T10:30:00-08:00,123.52,123.77,123.45,123.66,992962
2005-11-15T06:30:00-08:00,123.58,124.09,123.3,123.87,3220967
2005-11-15T10:30:00-08:00,123.87,123.9,122.86,123.15,3164190
2005-11-16T06:30:00-08:00,123.37,123.55,122.98,123.29,2896345
2005-11-16T10:30:00-08:00,123.29,123.49,123.07,123.47,1388960
2005-11-17T06:30:00-08:00,123.75,124.04,123.59,123.93,2557044
2005-11-17T10:30:00-08:00,123.93,124.62,123.9,124.53,2694406
2005-11-18T06:30:00-08:00,125.02,125.55,124.33,124.49,4328848
2005-11-18T10:30:00-08:00,124.49,125.23,124.46,125.09,1711781
2005-11-21T06:30:00-08:00,125.15,125.52,124.98,125.28,2512362
2005-11-21T10:30:00-08:00,125.28,125.91,125.26,125.77,1685063
2005-11-22T06:30:00-08:00,125.56,125.89,125.42,125.76,2277257
2005-11-22T10:30:00-08:00,125.77,126.52,125.64,126.37,3111527
2005-11-23T06:30:00-08:00,126.25,127.24,126.21,127.15,2448419
2005-11-23T10:30:00-08:00,127.15,127.41,126.8,126.88,1839242
2005-11-25T06:30:00-08:00,126.98,127.22,126.81,127.13,1372034
2005-11-28T06:30:00-08:00,127.25,127.27,126.31,126.45,3122776
2005-11-28T10:30:00-08:00,126.47,126.47,126.04,126.15,1733202
2005-11-29T06:30:00-08:00,126.63,126.98,126.32,126.35,2715576
2005-11-29T10:30:00-08:00,126.36,126.61,126.1,126.11,1900490
2005-11-30T06:30:00-08:00,126.14,126.52,125.82,125.93,2470432
2005-11-30T10:30:00-08:00,125.93,126.04,125.29,125.33,2039788
2005-12-01T06:30:00-08:00,126.02,126.99,125.98,126.96,4081859
2005-12-01T10:30:00-08:00,126.96,127.03,126.72,126.9,1774061
2005-12-02T06:30:00-08:00,126.77,127.08,126.5,126.68,2775677
2005-12-02T10:30:00-08:00,126.68,127.03,126.6,126.86,1078212
2005-12-05T06:30:00-08:00,126.64,126.73,126.18,126.65,2964357
2005-12-05T10:30:00-08:00,126.65,126.66,126.34,126.63,1812197
2005-12-06T06:30:00-08:00,127.03,127.74,126.82,127.56,3041124
2005-12-06T10:30:00-08:00,127.56,127.68,126.63,126.73,2201188
2005-12-07T06:30:00-08:00,126.79,126.87,126.06,126.06,3366860
2005-12-07T10:30:00-08:00,126.09,126.21,125.68,126.15,2757087
2005-12-08T06:30:00-08:00,126.21,126.82,125.86,125.97,3476910
2005-12-08T10:30:00-08:00,125.99,126.21,125.48,126.03,2015983
2005-12-09T06:30:00-08:00,126.16,126.37,125.82,126.28,2702367
2005-12-09T10:30:00-08:00,126.28,126.78,126.27,126.41,1883015
2005-12-12T06:30:00-08:00,126.71,126.86,125.98,126.11,3176703
2005-12-12T10:30:00-08:00,126.1,126.59,125.96,126.5,1319581
2005-12-13T06:30:00-08:00,126.4,126.72,126.29,126.64,1611624
2005-12-13T10:30:00-08:00,126.65,127.7,126.53,127.18,5411541
2005-12-14T06:30:00-08:00,127.2,127.77,127.14,127.68,3585645
2005-12-14T10:30:00-08:00,127.81,127.92,127.69,127.75,679969
2005-12-15T06:30:00-08:00,127.84,128,127.18,127.509,3277685
2005-12-15T10:30:00-08:00,127.5,127.77,127.28,127.53,1712923
2005-12-16T06:30:00-08:00,127.27,127.38,126.77,126.86,2326373
2005-12-16T10:30:00-08:00,126.85,127.01,126.49,126.6,1117894
2005-12-19T06:30:00-08:00,126.73,126.87,126.36,126.54,2187262
2005-12-19T10:30:00-08:00,126.54,126.56,125.69,125.77,2253040
2005-12-20T06:30:00-08:00,125.86,126.22,125.48,126.09,2950745
2005-12-20T10:30:00-08:00,126.08,126.13,125.56,125.78,1404209
2005-12-21T06:30:00-08:00,126.17,126.76,126.16,126.36,2660941
2005-12-21T10:30:00-08:00,126.37,126.41,125.8,126.12,1855801
2005-12-22T06:30:00-08:00,126.31,126.49,126.08,126.35,1844415
2005-12-22T10:30:00-08:00,126.35,126.66,126.33,126.66,1095549
2005-12-23T06:30:00-08:00,126.79,126.86,126.42,126.6899,2066310
2005-12-23T10:30:00-08:00,126.6899,126.82,126.57,126.75,592408
2005-12-27T06:30:00-08:00,126.92,127.05,125.64,125.75,2366809
2005-12-27T10:30:00-08:00,125.76,125.92,125.48,125.53,1755687
2005-12-28T06:30:00-08:00,125.74,125.95,125.5,125.65,1583807
2005-12-28T10:30:00-08:00,125.65,125.99,125.62,125.64,949297
2005-12-29T06:30:00-08:00,125.72,125.96,125.56,125.76,1524232
2005-12-29T10:30:00-08:00,125.77,125.87,125.25,125.31,1472077
2005-12-30T06:30:00-08:00,125,125,124.5,124.57,1837057
2005-12-30T10:30:00-08:00,124.58,125.06,124.56,124.56,1801158
2006-01-03T06:30:00-08:00,125.1,125.3,124.39,124.91,2826317
2006-01-03T10:30:00-08:00,124.93,127,124.81,126.76,3326653
2006-01-04T06:30:00-08:00,126.83,127.49,126.7,127.03,2662241
2006-01-04T10:30:00-08:00,127.04,127.4,126.72,127.26,1652906
2006-01-05T06:30:00-08:00,127.17,127.59,126.9,127.16,2621718
2006-01-05T10:30:00-08:00,127.16,127.29,126.88,127.23,1463351
2006-01-06T06:30:00-08:00,128.05,128.14,127.43,128.09,3236232
2006-01-06T10:30:00-08:00,128.08,128.58,128.02,128.41,1918522
2006-01-09T06:30:00-08:00,128.42,128.84,128.38,128.71,2196965
2006-01-09T10:30:00-08:00,128.72,129.06,128.5,128.93,1901564
2006-01-10T06:30:00-08:00,128.4,128.95,128.26,128.9,2671847
2006-01-10T10:30:00-08:00,128.9,128.97,128.43,128.88,1290266
2006-01-11T06:30:00-08:00,129.02,129.23,128.73,128.89,2733686
2006-01-11T10:30:00-08:00,128.91,129.44,128.86,129.35,1736955
2006-01-12T06:30:00-08:00,129.1,129.28,129,129.12,1546193
2006-01-12T10:30:00-08:00,129.13,129.15,128.44,128.59,2270038
2006-01-13T06:30:00-08:00,128.57,128.9,128.27,128.51,2515848
2006-01-13T10:30:00-08:00,128.52,128.74,128.2,128.71,1364769
2006-01-17T06:30:00-08:00,128.2,128.35,127.81,127.97,2888518
2006-01-17T10:30:00-08:00,127.97,128.42,127.89,128.26,1490876
2006-01-18T06:30:00-08:00,127.59,128.23,127.23,127.25,4074748
2006-01-18T10:30:00-08:00,127.24,127.91,127.16,127.79,2260131
2006-01-19T06:30:00-08:00,128.09,128.67,127.81,128.55,4441244
2006-01-19T10:30:00-08:00,128.55,128.77,128.25,128.37,2462398
2006-01-20T06:30:00-08:00,128.28,128.31,126.57,126.84,5879956
2006-01-20T10:30:00-08:00,126.81,126.84,126,126.13,4180210
2006-01-23T06:30:00-08:00,126.21,126.82,126.13,126.6,3343540
2006-01-23T10:30:00-08:00,126.59,126.66,126.14,126.33,1404048
2006-01-24T06:30:00-08:00,126.63,127.09,126.42,126.67,3195021
2006-01-24T10:30:00-08:00,126.67,127.15,126.57,126.6,1720212
2006-01-25T06:30:00-08:00,127.04,127.18,126.01,126.49,5139768
2006-01-25T10:30:00-08:00,126.49,126.53,125.84,126.47,2567366
2006-01-26T06:30:00-08:00,127.28,127.67,126.76,127.11,3929991
2006-01-26T10:30:00-08:00,127.11,127.58,126.98,127.41,1933847
2006-01-27T06:30:00-08:00,127.65,128.66,127.45,128.21,3816082
2006-01-27T10:30:00-08:00,128.2,128.48,127.93,128.3,1890113
2006-01-30T06:30:00-08:00,128.44,128.77,128.35,128.61,1938991
2006-01-30T10:30:00-08:00,128.6,128.81,128.3657,128.53,1224866
2006-01-31T06:30:00-08:00,128.32,128.36,127.9,127.99,2067014
2006-01-31T10:30:00-08:00,127.99,128.54,127.66,127.95,3661432
2006-02-01T06:30:00-08:00,127.82,128.33,127.73,128.0001,3740035
2006-02-01T10:30:00-08:00,128,128.35,127.72,128.24,1948835
2006-02-02T06:30:00-08:00,128.1,128.14,126.8,127.0288,4475958
2006-02-02T10:30:00-08:00,127.0299,127.28,126.82,127.12,1871945
2006-02-03T06:30:00-08:00,126.61,127.13,126.14,127.01,4015342
2006-02-03T10:30:00-08:00,127.01,127.15,126.24,126.4,2112560
2006-02-06T06:30:00-08:00,126.44,126.8,126.35,126.59,2288593
2006-02-06T10:30:00-08:00,126.59,126.73,126.17,126.56,1868647
2006-02-07T06:30:00-08:00,126.37,126.66,125.5,125.67,3956702
2006-02-07T10:30:00-08:00,125.68,125.92,125.4,125.57,2441571
2006-02-08T06:30:00-08:00,125.89,126.37,125.6,126.1,3640303
2006-02-08T10:30:00-08:00,126.09,126.78,125.96,126.62,1823179
2006-02-09T06:30:00-08:00,126.91,127.6,126.81,127.15,3183126
2006-02-09T10:30:00-08:00,127.15,127.36,126.37,126.5,2221686
2006-02-10T06:30:00-08:00,126.44,126.6,125.58,126,3693556
2006-02-10T10:30:00-08:00,126,127.13,125.97,126.82,2191022
2006-02-13T06:30:00-08:00,126.57,126.79,126.3,126.38,2203534
2006-02-13T10:30:00-08:00,126.38,126.53,125.95,126.46,2015110
2006-02-14T06:30:00-08:00,126.46,127.55,126.19,127.39,4756424
2006-02-14T10:30:00-08:00,127.39,128.03,127.35,127.71,3157774
2006-02-15T06:30:00-08:00,127.66,128.32,127.24,127.68,4799786
2006-02-15T10:30:00-08:00,127.67,128.19,127.63,128.14,2277772
2006-02-16T06:30:00-08:00,128.34,128.86,128.18,128.66,3399284
2006-02-16T10:30:00-08:00,128.66,129.12,128.39,129.1,1747302
2006-02-17T06:30:00-08:00,129.09,129.16,128.58,128.96,2508367
2006-02-17T10:30:00-08:00,128.95,129.15,128.76,128.88,1079641
2006-02-21T06:30:00-08:00,129.12,129.4,128.31,128.5,2576885
2006-02-21T10:30:00-08:00,128.51,128.72,128.29,128.53,1360390
2006-02-22T06:30:00-08:00,128.77,129.62,128.65,129.57,2448240
2006-02-22T10:30:00-08:00,129.57,129.65,129.25,129.43,1056003
2006-02-23T06:30:00-08:00,129.27,129.64,128.71,129.58,2500106
2006-02-23T10:30:00-08:00,129.57,129.6,128.97,129.01,1260809
2006-02-24T06:30:00-08:00,129.11,129.35,128.76,129.13,1939785
2006-02-24T10:30:00-08:00,129.12,129.48,128.96,129.24,1033467
2006-02-27T06:30:00-08:00,129.4,129.94,129.28,129.82,2045109
2006-02-27T10:30:00-08:00,129.82,130.04,129.63,129.68,1250863
2006-02-28T06:30:00-08:00,129.19,129.31,128.17,128.53,4085743
2006-02-28T10:30:00-08:00,128.53,128.73,128.13,128.25,2315114
2006-03-01T06:30:00-08:00,128.6,129.3,128.5,129.18,3051537
2006-03-01T10:30:00-08:00,129.18,129.49,129.13,129.4,1239377
2006-03-02T06:30:00-08:00,128.9,129.42,128.61,128.78,3580303
2006-03-02T10:30:00-08:00,128.77,129.35,128.76,129.22,1302488
2006-03-03T06:30:00-08:00,128.66,129.86,128.66,129.81,3402662
2006-03-03T10:30:00-08:00,129.81,130.07,128.99,129,2586066
2006-03-06T06:30:00-08:00,129.14,129.18,128.58,128.6,2235247
2006-03-06T10:30:00-08:00,128.59,128.64,127.85,128.15,2669784
2006-03-07T06:30:00-08:00,127.91,128.06,127.4,127.54,3342310
2006-03-07T10:30:00-08:00,127.54,127.99,127.4,127.86,2083378
2006-03-08T06:30:00-08:00,127.7,128.06,127.18,127.75,3566123
2006-03-08T10:30:00-08:00,127.78,128.44,127.58,128.21,2332530
2006-03-09T06:30:00-08:00,128.33,128.68,127.75,127.84,3120024
2006-03-09T10:30:00-08:00,127.84,128.17,127.57,127.58,1835691
2006-03-10T06:30:00-08:00,127.7,128.84,127.44,128.56,3378658
2006-03-10T10:30:00-08:00,128.55,128.68,128.01,128.52,1809116
2006-03-13T06:30:00-08:00,128.84,129.16,128.53,128.68,2622150
2006-03-13T10:30:00-08:00,128.69,128.96,128.53,128.81,1408083
2006-03-14T06:30:00-08:00,128.71,129.83,128.61,129.79,3736317
2006-03-14T10:30:00-08:00,129.79,130.23,129.72,130.12,2056528
2006-03-15T06:30:00-08:00,130.15,130.25,129.85,130.1,2017464
2006-03-15T10:30:00-08:00,130.11,130.86,130.08,130.76,2316856
2006-03-16T06:30:00-08:00,130.97,131.47,130.84,131.18,3590654
2006-03-16T10:30:00-08:00,131.1899,131.25,130.87,131.01,1969962
2006-03-17T06:30:00-08:00,130.68,130.9,130.38,130.6,2389752
2006-03-17T10:30:00-08:00,130.59,130.68,130.42,130.57,1648304
2006-03-20T06:30:00-08:00,130.64,130.9,130.21,130.59,2713122
2006-03-20T10:30:00-08:00,130.57,130.57,130.28,130.39,1029732
2006-03-21T06:30:00-08:00,130.34,130.99,129.94,130.63,3838221
2006-03-21T10:30:00-08:00,130.62,130.7,129.45,129.6,3977053
2006-03-22T06:30:00-08:00,129.51,130.29,129.45,130.21,3009907
2006-03-22T10:30:00-08:00,130.22,130.51,129.92,130.42,1486700
2006-03-23T06:30:00-08:00,130.23,130.35,129.66,130.09,2533728
2006-03-23T10:30:00-08:00,130.09,130.21,129.67,130.08,1304318
2006-03-24T06:30:00-08:00,129.99,130.57,129.74,129.9,2821133
2006-03-24T10:30:00-08:00,129.9,130.34,129.86,130.14,1083290
2006-03-27T06:30:00-08:00,130.03,130.2,129.74,130.04,1866628
2006-03-27T10:30:00-08:00,130.04,130.28,129.96,130.08,1094671
2006-03-28T06:30:00-08:00,129.93,130.53,129.88,130.4,2165688
2006-03-28T10:30:00-08:00,130.4,130.44,129.05,129.22,5183556
2006-03-29T06:30:00-08:00,129.41,130.5,129.29,130.31,3795423
2006-03-29T10:30:00-08:00,130.31,130.48,130.06,130.21,1688979
2006-03-30T06:30:00-08:00,130.11,130.98,129.69,129.81,4446115
2006-03-30T10:30:00-08:00,129.8,130.17,129.55,129.96,1805394
2006-03-31T06:30:00-08:00,130.03,130.24,129.57,129.63,2661634
2006-03-31T10:30:00-08:00,129.62,129.81,129.37,129.4896,2353270
2006-04-03T06:30:00-07:00,130.08,130.87,129.89,130.66,3594620
2006-04-03T10:30:00-07:00,130.68,130.69,129.58,129.69,2102416
2006-04-04T06:30:00-07:00,129.74,130.46,129.36,130.19,3208238
2006-04-04T10:30:00-07:00,130.19,130.73,130.14,130.53,1929255
2006-04-05T06:30:00-07:00,130.61,131.12,130.39,130.97,3167188
2006-04-05T10:30:00-07:00,130.98,131.28,130.77,131.04,1406662
2006-04-06T06:30:00-07:00,130.85,131.01,130.19,130.66,3050441
2006-04-06T10:30:00-07:00,130.67,131.21,130.65,130.82,1754013
2006-04-07T06:30:00-07:00,131.06,131.4,129.54,129.81,4360939
2006-04-07T10:30:00-07:00,129.82,130.09,129.35,129.47,2238670
2006-04-10T06:30:00-07:00,129.71,130.08,129.53,129.72,2258423
2006-04-10T10:30:00-07:00,129.73,129.73,129.27,129.6,1548386
2006-04-11T06:30:00-07:00,129.86,130.06,128.67,128.89,3808547
2006-04-11T10:30:00-07:00,128.87,128.92,128.25,128.65,2559260
2006-04-12T06:30:00-07:00,128.77,129.13,128.61,128.82,2775942
2006-04-12T10:30:00-07:00,128.83,128.9,128.63,128.84,1304210
2006-04-13T06:30:00-07:00,128.58,129.25,128.31,128.84,3669039
2006-04-13T10:30:00-07:00,128.85,129.03,128.59,128.86,972183
2006-04-17T06:30:00-07:00,128.79,129.25,128.44,128.57,3106872
2006-04-17T10:30:00-07:00,128.57,128.64,128.02,128.52,2931981
2006-04-18T06:30:00-07:00,128.95,130.18,128.93,130.02,3670934
2006-04-18T10:30:00-07:00,130.01,130.94,129.75,130.73,4093467
2006-04-19T06:30:00-07:00,130.72,131.06,130.24,130.63,5880509
2006-04-19T10:30:00-07:00,130.64,131.07,130.53,130.99,1449203
2006-04-20T06:30:00-07:00,131,131.86,130.6,131.19,5488649
2006-04-20T10:30:00-07:00,131.19,131.4,131.0058,131.15,1644538
2006-04-21T06:30:00-07:00,131.73,131.79,131.26,131.45,2935457
2006-04-21T10:30:00-07:00,131.44,131.54,130.62,131.1,3616222
2006-04-24T06:30:00-07:00,130.92,130.95,130.38,130.72,3570888
2006-04-24T10:30:00-07:00,130.72,131.07,130.61,130.83,1273211
2006-04-25T06:30:00-07:00,131.05,131.12,129.92,130.08,5242538
2006-04-25T10:30:00-07:00,130.09,130.44,129.93,130.22,2360120
2006-04-26T06:30:00-07:00,130.5,131.14,130.46,130.72,3499789
2006-04-26T10:30:00-07:00,130.71,130.97,130.3,130.58,1767689
2006-04-27T06:30:00-07:00,129.9,131.63,129.59,131.3,6956692
2006-04-27T10:30:00-07:00,131.29,131.47,130.95,131.01,2206875
2006-04-28T06:30:00-07:00,130.79,131.75,130.71,131.27,2887601
2006-04-28T10:30:00-07:00,131.26,131.39,130.95,131.14,1601108
2006-05-01T06:30:00-07:00,131.47,131.8,131.18,131.42,2807556
2006-05-01T10:30:00-07:00,131.42,131.57,130.32,130.57,2913331
2006-05-02T06:30:00-07:00,131,131.38,130.74,131.29,2655760
2006-05-02T10:30:00-07:00,131.31,131.46,131.06,131.37,1170222
2006-05-03T06:30:00-07:00,131.2,131.32,130.63,130.83,3233210
2006-05-03T10:30:00-07:00,130.83,131,130.45,130.8212,2053987
2006-05-04T06:30:00-07:00,131.06,131.62,130.97,131.24,2791611
2006-05-04T10:30:00-07:00,131.25,131.48,131.17,131.28,1021236
2006-05-05T06:30:00-07:00,132.04,132.48,131.85,132.27,3519281
2006-05-05T10:30:00-07:00,132.27,132.8,132.27,132.71,1557966
2006-05-08T06:30:00-07:00,132.51,132.77,132.37,132.59,1647289
2006-05-08T10:30:00-07:00,132.59,132.77,132.51,132.56,697452
2006-05-09T06:30:00-07:00,132.42,132.77,132.31,132.51,1547608
2006-05-09T10:30:00-07:00,132.5,132.63,132.39,132.53,691741
2006-05-10T06:30:00-07:00,132.41,132.6,132.33,132.49,1453862
2006-05-10T10:30:00-07:00,132.4901,132.75,131.89,132.43,3721801
2006-05-11T06:30:00-07:00,132.52,132.55,130.77,130.9,4707958
2006-05-11T10:30:00-07:00,130.9,131.14,130.52,130.78,2341050
2006-05-12T06:30:00-07:00,130.45,130.72,129.47,129.69,6614415
2006-05-12T10:30:00-07:00,129.67,130.1,129.19,129.25,2020580
2006-05-15T06:30:00-07:00,128.79,129.71,128.75,129.02,4735921
2006-05-15T10:30:00-07:00,129.03,129.74,128.61,129.62,3212357
2006-05-16T06:30:00-07:00,129.76,130,129.01,129.82,3920544
2006-05-16T10:30:00-07:00,129.82,129.95,129.35,129.36,1462314
2006-05-17T06:30:00-07:00,128.67,129.1,127.36,127.53,7621603
2006-05-17T10:30:00-07:00,127.53,127.89,126.95,127.2,4671493
2006-05-18T06:30:00-07:00,127.36,127.75,127.04,127.51,5052890
2006-05-18T10:30:00-07:00,127.52,127.61,126.36,126.36,2887013
2006-05-19T06:30:00-07:00,126.87,127.41,125.8,127.28,7569322
2006-05-19T10:30:00-07:00,127.27,127.49,126.41,126.96,3709321
2006-05-22T06:30:00-07:00,126.28,126.85,125.5,126.25,6494437
2006-05-22T10:30:00-07:00,126.26,127.17,125.7,126.42,3556574
2006-05-23T06:30:00-07:00,127.18,127.63,126.97,127.28,4022778
2006-05-23T10:30:00-07:00,127.27,127.46,125.81,125.87,2999789
2006-05-24T06:30:00-07:00,125.68,126.75,124.94,124.95,8473086
2006-05-24T10:30:00-07:00,124.95,126.55,124.76,126.08,6589990
2006-05-25T06:30:00-07:00,126.91,127.33,126.43,126.97,4284754
2006-05-25T10:30:00-07:00,126.96,127.66,126.93,127.63,2347304
2006-05-26T06:30:00-07:00,128,128.25,127.51,128.1,3203757
2006-05-26T10:30:00-07:00,128.11,128.37,128,128.3,1346514
2006-05-30T06:30:00-07:00,127.97,128,126.88,126.96,3737273
2006-05-30T10:30:00-07:00,126.96,127.12,126.26,126.29,2256939
2006-05-31T06:30:00-07:00,126.58,127.37,126.56,126.95,3568997
2006-05-31T10:30:00-07:00,126.93,127.38,126.3,127.3,3894590
2006-06-01T06:30:00-07:00,127.39,128.28,127.27,128.18,3572606
2006-06-01T10:30:00-07:00,128.2,128.94,128.02,128.82,2509126
2006-06-02T06:30:00-07:00,129.24,129.43,128.32,128.95,5708576
2006-06-02T10:30:00-07:00,128.95,129.29,128.67,129.13,1996393
2006-06-05T06:30:00-07:00,128.79,128.86,128.34,128.42,2888178
2006-06-05T10:30:00-07:00,128.42,128.5,126.77,126.9,4807683
2006-06-06T06:30:00-07:00,127.21,127.38,125.76,126.62,8267876
2006-06-06T10:30:00-07:00,126.63,126.88,126,126.74,3479242
2006-06-07T06:30:00-07:00,126.91,127.65,126.44,127.28,5369863
2006-06-07T10:30:00-07:00,127.29,127.3,125.9,125.9,4163651
2006-06-08T06:30:00-07:00,125.58,126.18,123.87,124.61,11694299
2006-06-08T10:30:00-07:00,124.6,126.39,124.55,126.12,7377799
2006-06-09T06:30:00-07:00,126.36,126.67,125.34,125.51,5901657
2006-06-09T10:30:00-07:00,125.53,126.34,125.46,125.52,2439260
2006-06-12T06:30:00-07:00,125.88,125.93,124.93,125.23,4552629
2006-06-12T10:30:00-07:00,125.23,125.31,123.98,124,4117016
2006-06-13T06:30:00-07:00,123.78,124.84,123.39,123.5,8808646
2006-06-13T10:30:00-07:00,123.49,123.98,122.66,122.73,6634304
2006-06-14T06:30:00-07:00,122.84,123.63,122.55,122.72,7521171
2006-06-14T10:30:00-07:00,122.72,123.5,122.34,123.5,5030343
2006-06-15T06:30:00-07:00,123.9,124.88,123.86,124.5,5211941
2006-06-15T10:30:00-07:00,124.5,126.36,124.31,126,5901998
2006-06-16T06:30:00-07:00,125.19,125.56,124.46,124.83,5687508
2006-06-16T10:30:00-07:00,124.82,125.4,124.68,124.98,2420968
2006-06-19T06:30:00-07:00,125.4,125.48,123.93,124.03,4458084
2006-06-19T10:30:00-07:00,124.04,124.34,123.55,123.82,3710892
2006-06-20T06:30:00-07:00,124.01,124.81,123.72,124.25,3863218
2006-06-20T10:30:00-07:00,124.26,124.4,123.73,123.88,2180839
2006-06-21T06:30:00-07:00,124,125.64,123.96,125.37,4737530
2006-06-21T10:30:00-07:00,125.37,125.7,124.96,125.13,2168817
2006-06-22T06:30:00-07:00,124.95,125.06,124.22,124.42,4425368
2006-06-22T10:30:00-07:00,124.42,124.69,124.04,124.45,2373963
2006-06-23T06:30:00-07:00,124.33,125.3,124.03,124.94,3451496
2006-06-23T10:30:00-07:00,124.96,125.2,124.35,124.38,1576853
2006-06-26T06:30:00-07:00,124.54,124.83,124.25,124.59,1936822
2006-06-26T10:30:00-07:00,124.59,125.05,124.5,125.04,1377866
2006-06-27T06:30:00-07:00,125.01,125.29,124.13,124.38,3534502
2006-06-27T10:30:00-07:00,124.38,124.47,123.77,123.87,2595745
2006-06-28T06:30:00-07:00,124.19,124.35,123.65,124.06,2982583
2006-06-28T10:30:00-07:00,124.06,124.71,123.9,124.58,2333218
2006-06-29T06:30:00-07:00,125.2,125.92,125.17,125.43,3036826
2006-06-29T10:30:00-07:00,125.44,127.28,125.39,127.22,4786058
2006-06-30T06:30:00-07:00,127.47,127.65,126.96,127.19,2504913
2006-06-30T10:30:00-07:00,127.19,127.57,126.99,126.99,1947061
2006-07-03T06:30:00-07:00,127.43,128.01,127.31,127.8,2171731
2006-07-05T06:30:00-07:00,127.28,127.37,126.52,127.08,4012903
2006-07-05T10:30:00-07:00,127.07,127.45,126.82,127.03,1850290
2006-07-06T06:30:00-07:00,127.2,127.85,127.17,127.45,2757944
2006-07-06T10:30:00-07:00,127.4494,127.66,127.08,127.37,1500340
2006-07-07T06:30:00-07:00,127.18,127.56,126.84,127.04,3288737
2006-07-07T10:30:00-07:00,127.04,127.18,126.29,126.53,2196592
2006-07-10T06:30:00-07:00,126.95,127.43,126.77,126.84,3345538
2006-07-10T10:30:00-07:00,126.84,126.95,126.41,126.73,1888399
2006-07-11T06:30:00-07:00,126.61,126.66,125.94,126.13,3921570
2006-07-11T10:30:00-07:00,126.13,127.41,126.01,127.27,3048733
2006-07-12T06:30:00-07:00,127.21,127.4,126.12,126.15,4478575
2006-07-12T10:30:00-07:00,126.15,126.28,125.72,125.96,3356073
2006-07-13T06:30:00-07:00,125.5,125.68,124.83,124.97,5086129
2006-07-13T10:30:00-07:00,124.96,125.03,124.12,124.19,3825014
2006-07-14T06:30:00-07:00,124.17,124.26,122.83,123.57,6042466
2006-07-14T10:30:00-07:00,123.57,123.87,123.15,123.63,3082396
2006-07-17T06:30:00-07:00,123.5,124.1,123.15,123.7,5183436
2006-07-17T10:30:00-07:00,123.69,123.84,123.29,123.41,1672391
2006-07-18T06:30:00-07:00,123.73,124.05,122.64,122.8,5454991
2006-07-18T10:30:00-07:00,122.8,123.89,122.48,123.68,4701800
2006-07-19T06:30:00-07:00,124.18,126.08,124.16,125.94,6017086
2006-07-19T10:30:00-07:00,125.94,126.26,125.72,125.97,2661254
2006-07-20T06:30:00-07:00,126.12,126.3,125.66,125.85,5185746
2006-07-20T10:30:00-07:00,125.86,125.93,124.92,124.96,4109156
2006-07-21T06:30:00-07:00,125.15,125.17,123.87,124.1,5536387
2006-07-21T10:30:00-07:00,124.09,124.49,123.95,124.11,2355939
2006-07-24T06:30:00-07:00,124.44,126.09,124.44,125.62,4928202
2006-07-24T10:30:00-07:00,125.62,126.32,125.5,126.13,3103869
2006-07-25T06:30:00-07:00,125.98,126.77,125.72,126.1292,4370059
2006-07-25T10:30:00-07:00,126.13,127.3,125.85,126.95,3488352
2006-07-26T06:30:00-07:00,126.59,127.09,126.2,126.86,3648041
2006-07-26T10:30:00-07:00,126.86,127.45,126.78,126.89,3655482
2006-07-27T06:30:00-07:00,127.32,127.69,126.94,127.05,3936388
2006-07-27T10:30:00-07:00,127.03,127.07,126.2,126.36,3284417
2006-07-28T06:30:00-07:00,126.99,128.06,126.86,127.82,4578271
2006-07-28T10:30:00-07:00,127.82,128.14,127.57,127.85,1909851
2006-07-31T06:30:00-07:00,127.7,127.9,126.55,127.61,2659020
2006-07-31T10:30:00-07:00,127.6,127.96,127.58,127.67,1338007
2006-08-01T06:30:00-07:00,127.33,127.38,126.6,126.78,3000638
2006-08-01T10:30:00-07:00,126.78,127.34,126.64,127.17,2163117
2006-08-02T06:30:00-07:00,127.58,128.46,127.55,128.25,3229670
2006-08-02T10:30:00-07:00,128.25,128.43,127.65,127.92,2042069
2006-08-03T06:30:00-07:00,127.33,128.33,127.15,128.17,3148186
2006-08-03T10:30:00-07:00,128.17,128.55,128.04,128.12,2350513
2006-08-04T06:30:00-07:00,129.06,129.43,127.72,127.87,4562650
2006-08-04T10:30:00-07:00,127.86,128.13,127.48,128.08,2201745
2006-08-07T06:30:00-07:00,127.9,128.05,127.53,127.95,2292484
2006-08-07T10:30:00-07:00,127.95,128.08,127.4,127.76,1572370
2006-08-08T06:30:00-07:00,128.09,128.17,127.84,127.92,1984700
2006-08-08T10:30:00-07:00,127.92,128.46,126.95,127.33,4655969
2006-08-09T06:30:00-07:00,128.2,128.6,127.63,127.76,3654015
2006-08-09T10:30:00-07:00,127.72,127.93,126.61,126.79,3102035
2006-08-10T06:30:00-07:00,126.53,127.13,126.29,126.84,3360743
2006-08-10T10:30:00-07:00,126.83,127.5,126.82,127.28,2172064
2006-08-11T06:30:00-07:00,127.17,127.2,126.39,126.47,2500266
2006-08-11T10:30:00-07:00,126.46,127,126.45,126.84,1552116
2006-08-14T06:30:00-07:00,127.63,128.16,127.38,127.88,3065461
2006-08-14T10:30:00-07:00,127.89,127.99,126.92,127.06,2246074
2006-08-15T06:30:00-07:00,128.21,128.51,127.9,128.25,3472613
2006-08-15T10:30:00-07:00,128.25,128.87,128.18,128.71,2052253
2006-08-16T06:30:00-07:00,129.34,129.6,129.04,129.31,3571604
2006-08-16T10:30:00-07:00,129.32,129.89,129.25,129.74,2297174
2006-08-17T06:30:00-07:00,129.58,130.37,129.49,130.25,3571460
2006-08-17T10:30:00-07:00,130.25,130.27,129.64,130.03,2484520
2006-08-18T06:30:00-07:00,130.19,130.22,129.59,130.06,3303392
2006-08-18T10:30:00-07:00,130.05,130.48,130.05,130.46,1622893
2006-08-21T06:30:00-07:00,130.17,130.25,129.8,130,2627684
2006-08-21T10:30:00-07:00,129.99,130.25,129.9,130.1,1082658
2006-08-22T06:30:00-07:00,129.94,130.52,129.89,130.02,2743584
2006-08-22T10:30:00-07:00,130.0295,130.27,129.68,130.13,2585099
2006-08-23T06:30:00-07:00,130.18,130.44,129.43,129.58,3758004
2006-08-23T10:30:00-07:00,129.58,129.6,129.19,129.56,1820777
2006-08-24T06:30:00-07:00,130,130.1,129.4,129.69,3062000
2006-08-24T10:30:00-07:00,129.69,129.95,129.52,129.88,1845717
2006-08-25T06:30:00-07:00,129.64,130.25,129.55,129.76,2858532
2006-08-25T10:30:00-07:00,129.77,130.11,129.71,129.84,968071
2006-08-28T06:30:00-07:00,129.66,130.7,129.64,130.57,3403024
2006-08-28T10:30:00-07:00,130.57,130.82,130.4,130.48,1725974
2006-08-29T06:30:00-07:00,130.49,130.54,129.85,130.01,2819023
2006-08-29T10:30:00-07:00,130.01,130.83,129.81,130.76,2673993
2006-08-30T06:30:00-07:00,130.87,131.04,130.55,130.7,3000130
2006-08-30T10:30:00-07:00,130.7,130.95,130.62,130.74,1600430
2006-08-31T06:30:00-07:00,130.85,130.95,130.58,130.71,1882185
2006-08-31T10:30:00-07:00,130.71,130.99,130.64,130.71,1056937
2006-09-01T06:30:00-07:00,131.14,131.58,130.84,131.51,2948968
2006-09-01T10:30:00-07:00,131.5,131.56,131.26,131.47,1056138
2006-09-05T06:30:00-07:00,131.51,131.84,131.2,131.64,2556548
2006-09-05T10:30:00-07:00,131.65,131.85,131.42,131.7,1402409
2006-09-06T06:30:00-07:00,131.12,131.16,130.71,130.95,2446889
2006-09-06T10:30:00-07:00,130.95,131.03,130.33,130.42,2149599
2006-09-07T06:30:00-07:00,130.06,130.23,129.35,130.01,4335805
2006-09-07T10:30:00-07:00,130.02,130.57,129.71,129.82,3332061
2006-09-08T06:30:00-07:00,130.08,130.25,129.84,130.22,1881704
2006-09-08T10:30:00-07:00,130.21,130.46,130.1,130.3,1748776
2006-09-11T06:30:00-07:00,129.86,130.69,129.48,130.64,4051523
2006-09-11T10:30:00-07:00,130.64,130.68,130.11,130.38,1847974
2006-09-12T06:30:00-07:00,130.57,131.26,130.54,131.06,3085777
2006-09-12T10:30:00-07:00,131.06,131.83,131.05,131.64,2420597
2006-09-13T06:30:00-07:00,131.64,132.21,131.52,132.03,3071108
2006-09-13T10:30:00-07:00,132.03,132.45,132.02,132.23,1859376
2006-09-14T06:30:00-07:00,131.96,132.17,131.75,132.01,3071794
2006-09-14T10:30:00-07:00,132.01,132.22,131.84,132.05,1605378
2006-09-15T06:30:00-07:00,132.32,132.39,131.68,131.82,3474989
2006-09-15T10:30:00-07:00,131.81,132.17,131.5042,131.82,2169841
2006-09-18T06:30:00-07:00,131.8,132.39,131.65,132.35,3082268
2006-09-18T10:30:00-07:00,132.34,132.36,131.69,132.03,2167567
2006-09-19T06:30:00-07:00,132.12,132.14,131.1,131.23,4831831
2006-09-19T10:30:00-07:00,131.21,131.79,131.07,131.75,2584405
2006-09-20T06:30:00-07:00,132.25,132.68,132.23,132.46,2906315
2006-09-20T10:30:00-07:00,132.44,132.76,132.06,132.41,3374574
2006-09-21T06:30:00-07:00,132.61,132.75,131.7,131.82,4744435
2006-09-21T10:30:00-07:00,131.81,132.05,131.42,131.71,2919479
2006-09-22T06:30:00-07:00,131.67,131.68,131,131.29,3876875
2006-09-22T10:30:00-07:00,131.3,131.54,131.01,131.4,1877525
2006-09-25T06:30:00-07:00,131.73,132.37,131.05,132.17,4649514
2006-09-25T10:30:00-07:00,132.16,132.85,132.06,132.54,2575576
2006-09-26T06:30:00-07:00,132.5,133.24,132.4,133.11,3820811
2006-09-26T10:30:00-07:00,133.12,133.59,133.01,133.54,1970721
2006-09-27T06:30:00-07:00,133.49,133.97,133.4,133.8,3238650
2006-09-27T10:30:00-07:00,133.8,133.81,133.27,133.64,2804086
2006-09-28T06:30:00-07:00,133.74,133.97,133.28,133.67,3438793
2006-09-28T10:30:00-07:00,133.67,133.99,133.61,133.78,1405575
2006-09-29T06:30:00-07:00,133.8,133.94,133.59,133.67,2160907
2006-09-29T10:30:00-07:00,133.67,133.83,133.48,133.48,1474172
2006-10-02T06:30:00-07:00,133.54,133.83,133.36,133.64,2104886
2006-10-02T10:30:00-07:00,133.64,133.68,132.95,133.07,1792574
2006-10-03T06:30:00-07:00,132.89,133.79,132.65,133.56,4449867
2006-10-03T10:30:00-07:00,133.56,133.79,133.26,133.44,2067206
2006-10-04T06:30:00-07:00,133.23,134.14,133.08,134.14,3053405
2006-10-04T10:30:00-07:00,134.14,135,134.12,134.96,3498142
2006-10-05T06:30:00-07:00,134.93,135.19,134.75,135.02,3079636
2006-10-05T10:30:00-07:00,135.01,135.41,134.94,135.3,1781536
2006-10-06T06:30:00-07:00,134.95,135,134.4,134.66,3528300
2006-10-06T10:30:00-07:00,134.66,135.09,134.57,135.03,1583816
2006-10-09T06:30:00-07:00,134.85,135.22,134.64,135.17,2383468
2006-10-09T10:30:00-07:00,135.1709,135.3,134.95,135.09,1159904
2006-10-10T06:30:00-07:00,135.11,135.45,134.89,134.99,2914875
2006-10-10T10:30:00-07:00,135,135.36,134.84,135.35,1809305
2006-10-11T06:30:00-07:00,134.84,135.43,134.76,135.28,2866031
2006-10-11T10:30:00-07:00,135.27,135.31,134.3,134.99,4397218
2006-10-12T06:30:00-07:00,135.45,135.93,135.4,135.8,2637489
2006-10-12T10:30:00-07:00,135.79,136.39,135.72,136.26,2236979
2006-10-13T06:30:00-07:00,136.16,136.52,136.04,136.5,2596869
2006-10-13T10:30:00-07:00,136.49,136.71,136.23,136.56,1648634
2006-10-16T06:30:00-07:00,136.52,136.87,136.42,136.81,2196231
2006-10-16T10:30:00-07:00,136.82,137.05,136.81,136.89,1244351
2006-10-17T06:30:00-07:00,136.47,136.47,135.67,136.06,4444698
2006-10-17T10:30:00-07:00,136.06,136.7,136.03,136.46,2797424
2006-10-18T06:30:00-07:00,137.04,137.37,136.17,136.19,4408774
2006-10-18T10:30:00-07:00,136.2,136.7,136.1,136.58,1973665
2006-10-19T06:30:00-07:00,136.39,136.88,136.23,136.59,3134279
2006-10-19T10:30:00-07:00,136.58,136.79,136.45,136.71,1782942
2006-10-20T06:30:00-07:00,136.81,136.88,136.33,136.75,2500790
2006-10-20T10:30:00-07:00,136.74,136.95,136.58,136.85,1210851
2006-10-23T06:30:00-07:00,136.56,137.8,136.39,137.7,3430414
2006-10-23T10:30:00-07:00,137.7,137.77,137.26,137.68,1637845
2006-10-24T06:30:00-07:00,137.29,137.68,137.22,137.42,2910919
2006-10-24T10:30:00-07:00,137.43,137.83,137.31,137.77,1563433
2006-10-25T06:30:00-07:00,137.74,138.07,137.63,137.89,2627521
2006-10-25T10:30:00-07:00,137.89,138.68,137.59,138.2,3109972
2006-10-26T06:30:00-07:00,138.67,138.73,137.98,138.53,2947549
2006-10-26T10:30:00-07:00,138.53,139,138.5,138.86,2492327
2006-10-27T06:30:00-07:00,138.6,138.75,138.2,138.44,2576512
2006-10-27T10:30:00-07:00,138.43,138.45,137.64,137.91,2977260
2006-10-30T06:30:00-08:00,137.66,138.1,137.4,137.92,3018107
2006-10-30T10:30:00-08:00,137.92,138.2,137.74,137.89,1666466
2006-10-31T06:30:00-08:00,138.07,138.26,137.25,137.38,3490005
2006-10-31T10:30:00-08:00,137.38,138.06,137.37,137.78,2528156
2006-11-01T06:30:00-08:00,138.22,138.31,137.21,137.51,4438530
2006-11-01T10:30:00-08:00,137.51,137.58,136.72,136.91,2808180
2006-11-02T06:30:00-08:00,136.51,137.01,136.36,136.76,3367611
2006-11-02T10:30:00-08:00,136.75,136.91,136.54,136.81,1536214
2006-11-03T06:30:00-08:00,137.27,137.39,136.2,136.53,3655405
2006-11-03T10:30:00-08:00,136.52,136.83,136.38,136.61,1777949
2006-11-06T06:30:00-08:00,136.96,138.02,136.95,137.9,3818858
2006-11-06T10:30:00-08:00,137.9,138.28,137.77,138.09,1821500
2006-11-07T06:30:00-08:00,138.2,138.98,138,138.7299,3432239
2006-11-07T10:30:00-08:00,138.72,138.86,138.32,138.44,2591266
2006-11-08T06:30:00-08:00,138,138.49,137.79,138.23,4839231
2006-11-08T10:30:00-08:00,138.22,139.05,138.2,138.74,2764325
2006-11-09T06:30:00-08:00,139.01,139.14,138.43,138.46,4502085
2006-11-09T10:30:00-08:00,138.45,138.62,137.9,138.1,3603901
2006-11-10T06:30:00-08:00,138.14,138.34,137.82,137.91,2643848
2006-11-10T10:30:00-08:00,137.91,138.3,137.72,138.27,1535532
2006-11-13T06:30:00-08:00,138.18,139.04,138.07,138.64,3060528
2006-11-13T10:30:00-08:00,138.64,138.91,138.52,138.68,1316120
2006-11-14T06:30:00-08:00,138.97,139.09,138.12,138.69,3317913
2006-11-14T10:30:00-08:00,138.7,139.74,138.6,139.57,3179756
2006-11-15T06:30:00-08:00,139.58,140.13,139.53,140.08,2540202
2006-11-15T10:30:00-08:00,140.09,140.45,139.83,139.97,2892576
2006-11-16T06:30:00-08:00,140.45,140.5,140.1,140.4,2924167
2006-11-16T10:30:00-08:00,140.39,140.67,140.23,140.23,2162967
2006-11-17T06:30:00-08:00,139.93,140.42,139.74,140.17,2712672
2006-11-17T10:30:00-08:00,140.18,140.4,139.97,140.38,1644707
2006-11-20T06:30:00-08:00,140.27,140.74,140.1,140.58,2806494
2006-11-20T10:30:00-08:00,140.58,140.7,140.1,140.37,2122554
2006-11-21T06:30:00-08:00,140.49,140.63,140.29,140.46,3367495
2006-11-21T10:30:00-08:00,140.47,140.67,140.44,140.59,1138251
2006-11-22T06:30:00-08:00,140.75,141.16,140.5,140.71,2874354
2006-11-22T10:30:00-08:00,140.71,140.95,140.67,140.92,784970
2006-11-24T06:30:00-08:00,140.23,140.84,140.2,140.35,2153206
2006-11-27T06:30:00-08:00,140.28,140.35,138.62,138.88,4369446
2006-11-27T10:30:00-08:00,138.89,138.94,138.44,138.5,2599212
2006-11-28T06:30:00-08:00,138.24,139.1,138.11,138.56,5064424
2006-11-28T10:30:00-08:00,138.56,139.16,138.51,139.02,1992745
2006-11-29T06:30:00-08:00,139.47,140.41,139.42,139.79,3765563
2006-11-29T10:30:00-08:00,139.79,140.53,139.57,140.36,2481006
2006-11-30T06:30:00-08:00,140.43,140.69,139.76,140.66,3620746
2006-11-30T10:30:00-08:00,140.65,141.05,140.24,140.46,2584324
2006-12-01T06:30:00-08:00,140.53,140.66,139.32,139.67,4899317
2006-12-01T10:30:00-08:00,139.65,140.469,138.99,140.06,4262473
2006-12-04T06:30:00-08:00,140.26,141.2,140.23,141.15,4201631
2006-12-04T10:30:00-08:00,141.16,141.55,141.14,141.33,2795259
2006-12-05T06:30:00-08:00,141.55,141.96,141.26,141.72,3470183
2006-12-05T10:30:00-08:00,141.71,141.95,141.64,141.89,1844055
2006-12-06T06:30:00-08:00,141.85,142.07,141.5,141.92,2532053
2006-12-06T10:30:00-08:00,141.93,142,141.58,141.76,1664674
2006-12-07T06:30:00-08:00,142.02,142.3,141.43,141.86,2586834
2006-12-07T10:30:00-08:00,141.86,141.89,141.11,141.2,2391913
2006-12-08T06:30:00-08:00,141.13,141.9,140.78,141.455,3732053
2006-12-08T10:30:00-08:00,141.47,141.67,141.29,141.4,1082684
2006-12-11T06:30:00-08:00,141.42,142.08,141.34,141.81,2181416
2006-12-11T10:30:00-08:00,141.82,141.89,141.66,141.74,836140
2006-12-12T06:30:00-08:00,141.69,141.86,140.89,141.22,2960203
2006-12-12T10:30:00-08:00,141.22,141.73,141.07,141.62,2760160
2006-12-13T06:30:00-08:00,142.24,142.33,141.56,141.86,2382528
2006-12-13T10:30:00-08:00,141.86,141.99,141.61,141.84,1687763
2006-12-14T06:30:00-08:00,141.9,142.98,141.84,142.92,3345964
2006-12-14T10:30:00-08:00,142.92,143.24,142.82,142.98,1723154
2006-12-15T06:30:00-08:00,142.66,142.89,142.34,142.45,3097728
2006-12-15T10:30:00-08:00,142.47,142.59,142.24,142.38,1631052
2006-12-18T06:30:00-08:00,142.53,142.88,142.09,142.31,2439922
2006-12-18T10:30:00-08:00,142.29,142.49,141.75,141.94,1709340
2006-12-19T06:30:00-08:00,141.55,142.01,141.19,141.59,3449358
2006-12-19T10:30:00-08:00,141.6,142.56,141.57,142.28,2108421
2006-12-20T06:30:00-08:00,142.29,142.66,142.2,142.26,2355510
2006-12-20T10:30:00-08:00,142.25,142.37,142.05,142.09,1360839
2006-12-21T06:30:00-08:00,142.27,142.43,141.4,141.62,2943494
2006-12-21T10:30:00-08:00,141.62,141.79,141.32,141.63,1472749
2006-12-22T06:30:00-08:00,141.64,141.65,140.78,140.82,3929542
2006-12-22T10:30:00-08:00,140.82,141.2,140.8,140.85,1158236
2006-12-26T06:30:00-08:00,140.82,141.43,140.78,141.22,1646065
2006-12-26T10:30:00-08:00,141.22,141.58,141.2,141.54,786728
2006-12-27T06:30:00-08:00,141.86,142.34,141.83,142.22,1844598
2006-12-27T10:30:00-08:00,142.23,142.6,142.2,142.59,1130056
2006-12-28T06:30:00-08:00,142.41,142.5,141.99,142.17,1821476
2006-12-28T10:30:00-08:00,142.17,142.7,142.16,142.19,1012026
2006-12-29T06:30:00-08:00,142.09,142.54,141.97,142.14,1930354
2006-12-29T10:30:00-08:00,142.14,142.23,141.43,141.51,1859953
2007-01-03T06:30:00-08:00,142.24,142.86,141.93,142.18,3151284
2007-01-03T10:30:00-08:00,142.17,142.22,140.57,141.47,3241579
2007-01-04T06:30:00-08:00,141.24,141.66,140.61,141.28,2987417
2007-01-04T10:30:00-08:00,141.28,142.05,141.1,141.66,1961373
2007-01-05T06:30:00-08:00,141.35,141.39,140.38,140.8195,3788960
2007-01-05T10:30:00-08:00,140.82,140.97,140.46,140.76,1488746
2007-01-08T06:30:00-08:00,140.82,140.9,140.25,140.68,2530047
2007-01-08T10:30:00-08:00,140.67,141.41,140.67,141.18,1960587
2007-01-09T06:30:00-08:00,141.31,141.47,140.4,140.76,2603306
2007-01-09T10:30:00-08:00,140.75,141.36,140.75,141.13,2047537
2007-01-10T06:30:00-08:00,140.54,141.1,140.3,141.05,2753292
2007-01-10T10:30:00-08:00,141.05,141.53,140.91,141.4,1963336
2007-01-11T06:30:00-08:00,141.56,142.62,141.5,142.26,2584118
2007-01-11T10:30:00-08:00,142.28,142.5,142.01,142.27,1630751
2007-01-12T06:30:00-08:00,142.12,143.03,142.11,142.85,2742432
2007-01-12T10:30:00-08:00,142.85,143.03,142.74,142.96,1453049
2007-01-16T06:30:00-08:00,143.04,143.44,142.78,142.86,2081814
2007-01-16T10:30:00-08:00,142.86,143.19,142.73,143.03,1225081
2007-01-17T06:30:00-08:00,142.85,143.43,142.75,143.24,2008892
2007-01-17T10:30:00-08:00,143.24,143.45,142.73,143,1697802
2007-01-18T06:30:00-08:00,143.17,143.25,142.45,142.74,2721884
2007-01-18T10:30:00-08:00,142.75,142.85,142.31,142.46,1606098
2007-01-19T06:30:00-08:00,142.55,143.1,142.46,142.82,2758967
2007-01-19T10:30:00-08:00,142.82,143,142.66,142.94,1308813
2007-01-22T06:30:00-08:00,143.07,143.1,141.93,142.18,2885503
2007-01-22T10:30:00-08:00,142.18,142.41,141.97,142.2,1865056
2007-01-23T06:30:00-08:00,142.28,143.08,142.07,143.04,2407965
2007-01-23T10:30:00-08:00,143.04,143.05,142.43,142.75,1772774
2007-01-24T06:30:00-08:00,142.97,143.51,142.91,143.36,2274344
2007-01-24T10:30:00-08:00,143.36,143.98,143.3,143.91,2087614
2007-01-25T06:30:00-08:00,143.84,143.92,142.99,143.13,2136182
2007-01-25T10:30:00-08:00,143.13,143.13,142.14,142.35,3454311
2007-01-26T06:30:00-08:00,142.58,142.65,141.58,141.69,3421476
2007-01-26T10:30:00-08:00,141.69,142.42,141.66,142.19,1933752
2007-01-29T06:30:00-08:00,142.19,142.63,142.08,142.45,2356562
2007-01-29T10:30:00-08:00,142.44,142.49,141.74,141.99,2389161
2007-01-30T06:30:00-08:00,142.35,142.76,142.06,142.54,3170277
2007-01-30T10:30:00-08:00,142.54,142.83,142.44,142.76,1305565
2007-01-31T06:30:00-08:00,142.61,143.01,142.4,142.86,2192644
2007-01-31T10:30:00-08:00,142.86,144.13,142.67,143.82,4246962
2007-02-01T06:30:00-08:00,144.15,144.41,143.91,144.17,3392839
2007-02-01T10:30:00-08:00,144.17,144.66,144.14,144.57,1673868
2007-02-02T06:30:00-08:00,144.73,144.89,144.39,144.81,2180331
2007-02-02T10:30:00-08:00,144.81,144.95,144.62,144.78,1184868
2007-02-05T06:30:00-08:00,144.7,144.82,144.34,144.63,2145117
2007-02-05T10:30:00-08:00,144.63,144.94,144.63,144.7,999331
2007-02-06T06:30:00-08:00,144.97,145.03,144.33,144.58,3126805
2007-02-06T10:30:00-08:00,144.57,144.92,144.53,144.79,1366657
2007-02-07T06:30:00-08:00,145.12,145.36,144.87,145.26,2258256
2007-02-07T10:30:00-08:00,145.26,145.29,144.57,145.04,2053563
2007-02-08T06:30:00-08:00,144.81,144.91,144.27,144.69,3316987
2007-02-08T10:30:00-08:00,144.7,145.12,144.62,144.88,2088073
2007-02-09T06:30:00-08:00,145.07,145.33,144.32,144.45,2673273
2007-02-09T10:30:00-08:00,144.44,144.45,143.4,143.93,3366412
2007-02-12T06:30:00-08:00,143.95,144.04,143.45,143.6302,2686264
2007-02-12T10:30:00-08:00,143.63,143.66,143.19,143.42,2296584
2007-02-13T06:30:00-08:00,143.76,144.48,143.76,144.37,4021990
2007-02-13T10:30:00-08:00,144.3601,144.55,144.2,144.52,1817389
2007-02-14T06:30:00-08:00,144.8,145.76,144.78,145.56,4214586
2007-02-14T10:30:00-08:00,145.56,145.9,145.5,145.64,1903947
2007-02-15T06:30:00-08:00,145.67,145.85,145.43,145.69,2159861
2007-02-15T10:30:00-08:00,145.69,145.95,145.69,145.83,1352307
2007-02-16T06:30:00-08:00,145.44,145.61,145.23,145.43,2141863
2007-02-16T10:30:00-08:00,145.42,145.74,145.38,145.69,913152
2007-02-20T06:30:00-08:00,145.56,146.07,144.87,145.8,3739715
2007-02-20T10:30:00-08:00,145.8,146.2,145.79,146.1,1438713
2007-02-21T06:30:00-08:00,145.61,146.07,145.35,145.99,3519460
2007-02-21T10:30:00-08:00,145.99,146,145.6,145.89,2421616
2007-02-22T06:30:00-08:00,146.05,146.42,145.2,145.69,5096129
2007-02-22T10:30:00-08:00,145.68,145.84,145.41,145.83,1895057
2007-02-23T06:30:00-08:00,145.74,145.79,145.03,145.29,5162890
2007-02-23T10:30:00-08:00,145.29,145.55,144.75,145.36,1881300
2007-02-26T06:30:00-08:00,145.84,145.95,144.75,144.91,2863809
2007-02-26T10:30:00-08:00,144.92,145.22,144.77,145.19,1872808
2007-02-27T06:30:00-08:00,143.88,143.92,142.6,142.61,5327055
2007-02-27T10:30:00-08:00,142.64,142.68,139,140,8053961
2007-02-28T06:30:00-08:00,140.42,141.98,139.88,141.5,5940369
2007-02-28T10:30:00-08:00,141.51,141.57,140.71,140.93,2556238
2007-03-01T06:30:00-08:00,139.35,141.14,138.19,140.68,6234111
2007-03-01T10:30:00-08:00,140.68,141.25,140.3,140.59,3064339
2007-03-02T06:30:00-08:00,140.09,140.65,139.01,139.2,4926680
2007-03-02T10:30:00-08:00,139.19,139.72,138.9,138.96,3550000
2007-03-05T06:30:00-08:00,137.93,139.52,137.82,138.49,7947125
2007-03-05T10:30:00-08:00,138.49,139.09,137.66,137.69,4109434
2007-03-06T06:30:00-08:00,138.78,139.34,138.44,139.249,6056184
2007-03-06T10:30:00-08:00,139.24,140.12,139.15,139.81,5876405
2007-03-07T06:30:00-08:00,139.74,140.23,139.4,140.1,5715971
2007-03-07T10:30:00-08:00,140.1,140.46,139.45,139.47,4418298
2007-03-08T06:30:00-08:00,140.54,141.15,140.48,141.04,5017259
2007-03-08T10:30:00-08:00,141.05,141.16,140.07,140.55,4385818
2007-03-09T06:30:00-08:00,141.3,141.42,140.26,140.71,5588733
2007-03-09T10:30:00-08:00,140.72,140.88,140.08,140.62,3427549
2007-03-12T06:30:00-07:00,140.42,140.78,140.16,140.6372,2370058
2007-03-12T10:30:00-07:00,140.63,141.33,140.56,141.03,2826680
2007-03-13T06:30:00-07:00,140.24,140.77,139.36,139.46,7631968
2007-03-13T10:30:00-07:00,139.47,139.48,138.11,138.15,7407044
2007-03-14T06:30:00-07:00,138.43,138.88,136.75,137.9,14374188
2007-03-14T10:30:00-07:00,137.91,139.24,137.74,139.14,7000595
2007-03-15T06:30:00-07:00,139.04,139.99,138.8,139.62,7525254
2007-03-15T10:30:00-07:00,139.62,139.83,139.08,139.57,3825689
2007-03-16T06:30:00-07:00,139.31,139.63,138.53,138.85,5898292
2007-03-16T10:30:00-07:00,138.85,138.94,138.12,138.48,3769156
2007-03-19T06:30:00-07:00,139.27,140.2,139.15,139.86,5591771
2007-03-19T10:30:00-07:00,139.86,140.33,139.75,140.07,2136512
2007-03-20T06:30:00-07:00,140.08,141.01,139.96,140.74,4926747
2007-03-20T10:30:00-07:00,140.74,141.04,140.49,140.93,2411388
2007-03-21T06:30:00-07:00,141.1,141.26,140.82,141.21,2912208
2007-03-21T10:30:00-07:00,141.21,143.65,141.14,143.33,11514568
2007-03-22T06:30:00-07:00,143.47,143.64,142.79,143.36,8342668
2007-03-22T10:30:00-07:00,143.36,143.68,143.05,143.31,2438403
2007-03-23T06:30:00-07:00,143.29,143.81,143.15,143.39,5038464
2007-03-23T10:30:00-07:00,143.38,143.66,143.19,143.49,1997258
2007-03-26T06:30:00-07:00,143.5,143.53,142.09,142.79,7408148
2007-03-26T10:30:00-07:00,142.795,143.65,142.795,143.59,2804068
2007-03-27T06:30:00-07:00,143.13,143.16,142.39,142.83,5770561
2007-03-27T10:30:00-07:00,142.83,142.98,142.58,142.71,3286319
2007-03-28T06:30:00-07:00,142.23,142.47,141.26,142.05,9314743
2007-03-28T10:30:00-07:00,142.06,142.35,141.5,141.54,4893389
2007-03-29T06:30:00-07:00,142.54,142.61,141.43,141.62,7709472
2007-03-29T10:30:00-07:00,141.62,142.27,141.19,142.12,5241757
2007-03-30T06:30:00-07:00,142.17,142.84,140.56,141.72,8210705
2007-03-30T10:30:00-07:00,141.72,142.24,141.59,141.94,2931790
2007-04-02T06:30:00-07:00,142.16,142.34,141.48,142.03,5285817
2007-04-02T10:30:00-07:00,142.02,142.46,141.76,142.3,2327037
2007-04-03T06:30:00-07:00,142.97,143.84,142.91,143.83,4954262
2007-04-03T10:30:00-07:00,143.8286,143.98,143.58,143.66,2496803
2007-04-04T06:30:00-07:00,143.69,143.95,143.16,143.68,3984622
2007-04-04T10:30:00-07:00,143.68,143.94,143.43,143.79,1673664
2007-04-05T06:30:00-07:00,143.67,144.31,143.61,144.21,2683281
2007-04-05T10:30:00-07:00,144.2,144.44,144.2,144.28,1782679
2007-04-09T06:30:00-07:00,144.59,144.78,144.15,144.7,2940732
2007-04-09T10:30:00-07:00,144.7,144.8,144.31,144.43,1631502
2007-04-10T06:30:00-07:00,144.33,144.85,144.27,144.61,3638433
2007-04-10T10:30:00-07:00,144.62,144.83,144.53,144.8,1606109
2007-04-11T06:30:00-07:00,144.82,144.86,143.81,144.35,5271331
2007-04-11T10:30:00-07:00,144.35,144.44,143.54,143.83,4730203
2007-04-12T06:30:00-07:00,143.75,144.53,143.34,144.51,7857852
2007-04-12T10:30:00-07:00,144.52,144.92,144.43,144.74,3043412
2007-04-13T06:30:00-07:00,144.9,145.04,144.36,144.921,5263176
2007-04-13T10:30:00-07:00,144.93,145.29,144.88,145.25,2311274
2007-04-16T06:30:00-07:00,145.86,146.86,145.82,146.65,5212605
2007-04-16T10:30:00-07:00,146.66,146.8,146.41,146.78,1965037
2007-04-17T06:30:00-07:00,146.96,147.4,146.65,146.9,6835666
2007-04-17T10:30:00-07:00,146.89,147.27,146.85,147.07,2566783
2007-04-18T06:30:00-07:00,146.6,147.31,146.57,147.15,5363187
2007-04-18T10:30:00-07:00,147.15,147.7,147.04,147.15,2811525
2007-04-19T06:30:00-07:00,146.54,147.4,146.36,147.35,6719637
2007-04-19T10:30:00-07:00,147.36,147.37,146.88,147.03,2862066
2007-04-20T06:30:00-07:00,148.22,148.47,147.69,148.02,7071576
2007-04-20T10:30:00-07:00,148.03,148.48,147.92,148.47,2817494
2007-04-23T06:30:00-07:00,148.37,148.73,148.21,148.39,4183969
2007-04-23T10:30:00-07:00,148.38,148.4,147.97,148.1,2335589
2007-04-24T06:30:00-07:00,148.23,148.29,147.32,147.87,7391295
2007-04-24T10:30:00-07:00,147.87,148.4,147.74,148.04,3017788
2007-04-25T06:30:00-07:00,148.73,149.01,148.16,148.89,5905487
2007-04-25T10:30:00-07:00,148.89,149.66,148.815,149.46,3852056
2007-04-26T06:30:00-07:00,149.49,149.67,149.1,149.3,6020249
2007-04-26T10:30:00-07:00,149.29,149.8,149.18,149.39,2439099
2007-04-27T06:30:00-07:00,149.03,149.47,148.84,149.45,5810795
2007-04-27T10:30:00-07:00,149.45,149.74,149.22,149.4,3039907
2007-04-30T06:30:00-07:00,149.63,149.74,149.14,149.55,4587166
2007-04-30T10:30:00-07:00,149.55,149.6285,148.21,148.23,4661889
2007-05-01T06:30:00-07:00,148.52,148.68,147.67,147.96,8876167
2007-05-01T10:30:00-07:00,147.96,148.73,147.94,148.61,3674849
2007-05-02T06:30:00-07:00,148.9,149.87,148.75,149.77,5381242
2007-05-02T10:30:00-07:00,149.76,149.95,149.47,149.62,2817264
2007-05-03T06:30:00-07:00,149.95,150.37,149.73,150.04,4986186
2007-05-03T10:30:00-07:00,150.05,150.4,149.99,150.26,2487177
2007-05-04T06:30:00-07:00,150.75,151.12,150.22,150.56,5777174
2007-05-04T10:30:00-07:00,150.57,150.72,150.34,150.65,2903310
2007-05-07T06:30:00-07:00,150.88,151.2,150.81,150.94,4337136
2007-05-07T10:30:00-07:00,150.94,151.06,150.88,150.96,1606024
2007-05-08T06:30:00-07:00,150.57,150.79,150.13,150.69,5234280
2007-05-08T10:30:00-07:00,150.68,150.92,150.58,150.86,2305554
2007-05-09T06:30:00-07:00,150.64,151.16,150.51,151.04,3021223
2007-05-09T10:30:00-07:00,151.04,151.52,150.37,151.38,5998863
2007-05-10T06:30:00-07:00,150.73,151.02,149.69,149.83,8580391
2007-05-10T10:30:00-07:00,149.83,150.1,149.27,149.33,5703266
2007-05-11T06:30:00-07:00,149.75,150.61,149.72,150.48,7475714
2007-05-11T10:30:00-07:00,150.47,150.82,150.19,150.81,2870097
2007-05-14T06:30:00-07:00,150.86,151.3,150.65,150.77,5950717
2007-05-14T10:30:00-07:00,150.77,150.82,149.79,150.55,4669381
2007-05-15T06:30:00-07:00,150.7,151.665,150.45,151.35,9591623
2007-05-15T10:30:00-07:00,151.34,151.4,150.19,150.38,6770595
2007-05-16T06:30:00-07:00,150.8,151.14,150.38,150.8,6978127
2007-05-16T10:30:00-07:00,150.81,151.63,150.81,151.61,3666528
2007-05-17T06:30:00-07:00,151.38,151.73,151.11,151.43,5322532
2007-05-17T10:30:00-07:00,151.44,151.96,151.35,151.44,4430635
2007-05-18T06:30:00-07:00,151.94,152.44,151.81,152.28,5768420
2007-05-18T10:30:00-07:00,152.28,152.5,152.1,152.5,2935155
2007-05-21T06:30:00-07:00,152.58,153.2,152.5,153.08,4220658
2007-05-21T10:30:00-07:00,153.07,153.23,152.5,152.71,2446209
2007-05-22T06:30:00-07:00,152.71,153.02,152.4,152.87,4700832
2007-05-22T10:30:00-07:00,152.86,153.16,152.55,152.6,2903027
2007-05-23T06:30:00-07:00,152.95,153.5,152.82,153.39,5568023
2007-05-23T10:30:00-07:00,153.39,153.45,152.37,152.38,6277025
2007-05-24T06:30:00-07:00,152.53,153.21,151.24,151.65,11256079
2007-05-24T10:30:00-07:00,151.65,151.75,150.74,151.01,6304943
2007-05-25T06:30:00-07:00,151.49,152.02,151.18,151.63,5586229
2007-05-25T10:30:00-07:00,151.63,151.89,151.44,151.86,2279663
2007-05-29T06:30:00-07:00,151.94,152.5,151.5,151.67,5067553
2007-05-29T10:30:00-07:00,151.66,152.17,151.45,152.08,3005560
2007-05-30T06:30:00-07:00,151.46,152.56,151.34,152.45,6646266
2007-05-30T10:30:00-07:00,152.44,153.38,151.92,153.37,5636845
2007-05-31T06:30:00-07:00,153.66,153.89,153.12,153.25,6467078
2007-05-31T10:30:00-07:00,153.24,153.7,153.16,153.35,2812933
2007-06-01T06:30:00-07:00,153.88,154.4,153.51,153.91,6896067
2007-06-01T10:30:00-07:00,153.91,153.98,153.62,153.96,2159096
2007-06-04T06:30:00-07:00,153.53,154.13,153.48,153.94,4286148
2007-06-04T10:30:00-07:00,153.95,154.39,153.8,154.24,2648717
2007-06-05T06:30:00-07:00,153.72,153.9,152.86,153.12,7934611
2007-06-05T10:30:00-07:00,153.11,153.63,153.04,153.445,3604905
2007-06-06T06:30:00-07:00,152.91,152.95,151.76,151.88,9256631
2007-06-06T10:30:00-07:00,151.88,152.4,151.82,152.1,4940926
2007-06-07T06:30:00-07:00,151.55,152.06,150.12,150.26,12442303
2007-06-07T10:30:00-07:00,150.28,150.65,149.25,149.36,8884757
2007-06-08T06:30:00-07:00,149.42,150.1,149.09,149.94,9503233
2007-06-08T10:30:00-07:00,149.93,151.19,149.89,151.05,6471142
2007-06-11T06:30:00-07:00,150.96,151.95,150.7,151.84,6123731
2007-06-11T10:30:00-07:00,151.84,151.93,151.18,151.3,3199252
2007-06-12T06:30:00-07:00,150.67,151.02,150.07,150.76,9170134
2007-06-12T10:30:00-07:00,150.75,151.54,149.67,149.67,11038926
2007-06-13T06:30:00-07:00,150.43,151.02,150.19,150.33,7124281
2007-06-13T10:30:00-07:00,150.34,151.98,150.26,151.95,7022845
2007-06-14T06:30:00-07:00,152.06,153.12,152.03,152.68,8187379
2007-06-14T10:30:00-07:00,152.69,152.99,152.57,152.71,3910813
2007-06-15T06:30:00-07:00,153.25,153.66,152.96,153.13,7705512
2007-06-15T10:30:00-07:00,153.125,153.34,152.93,153.04,3386455
2007-06-18T06:30:00-07:00,153.36,153.39,152.66,153.1,5237169
2007-06-18T10:30:00-07:00,153.1,153.17,152.79,152.9,2400002
2007-06-19T06:30:00-07:00,152.64,153.38,152.36,153.12,6040046
2007-06-19T10:30:00-07:00,153.12,153.27,152.68,153.2,3929454
2007-06-20T06:30:00-07:00,153.59,153.59,152.19,152.39,9726905
2007-06-20T10:30:00-07:00,152.38,152.71,150.96,151,6977142
2007-06-21T06:30:00-07:00,151.08,151.79,150.25,151.73,14003361
2007-06-21T10:30:00-07:00,151.73,152.11,151.39,151.98,4616727
2007-06-22T06:30:00-07:00,151.5,151.77,149.94,150.68,12257519
2007-06-22T10:30:00-07:00,150.68,151.03,149.85,150.24,6618707
2007-06-25T06:30:00-07:00,150.24,151.25,149.55,150.82,10481612
2007-06-25T10:30:00-07:00,150.81,151.05,149.02,149.61,10756143
2007-06-26T06:30:00-07:00,150.21,150.46,149.21,150.03,10161061
2007-06-26T10:30:00-07:00,150.03,150.1,148.82,149.06,7832778
2007-06-27T06:30:00-07:00,148.24,149.52,148.06,149.11,11235115
2007-06-27T10:30:00-07:00,149.11,150.56,148.86,150.55,6735528
2007-06-28T06:30:00-07:00,150.37,151.11,150.31,150.9,5567003
2007-06-28T10:30:00-07:00,150.9,151.41,150.32,150.4,9094351
2007-06-29T06:30:00-07:00,150.83,151.65,150.24,150.52,7737470
2007-06-29T10:30:00-07:00,150.52,150.82,149.16,149.97,9610516
2007-07-02T06:30:00-07:00,150.84,151.55,150.77,151.2,5795191
2007-07-02T10:30:00-07:00,151.2,151.8,151.19,151.8,2769899
2007-07-03T06:30:00-07:00,152.17,152.5,151.99,152.35,5229032
2007-07-03T10:30:00-07:00,152.35,152.39,152.2,152.24,61170
2007-07-05T06:30:00-07:00,152.43,152.56,151.63,151.95,5374837
2007-07-05T10:30:00-07:00,151.95,152.53,151.84,152.43,2288253
2007-07-06T06:30:00-07:00,152.38,152.89,151.93,152.62,4437938
2007-07-06T10:30:00-07:00,152.6299,153.17,152.52,152.95,2415869
2007-07-09T06:30:00-07:00,153.15,153.33,152.62,153.1,4423075
2007-07-09T10:30:00-07:00,153.1,153.36,152.86,153.09,2415096
2007-07-10T06:30:00-07:00,152.27,152.61,151.81,152.01,8174873
2007-07-10T10:30:00-07:00,152.01,152.2,150.87,150.9,7686102
2007-07-11T06:30:00-07:00,150.73,151.8,150.52,151.55,9439360
2007-07-11T10:30:00-07:00,151.56,151.89,151.04,151.83,5485120
2007-07-12T06:30:00-07:00,152.36,153.65,152.34,153.61,6939662
2007-07-12T10:30:00-07:00,153.62,154.75,153.35,154.73,5210257
2007-07-13T06:30:00-07:00,154.57,155.21,154.39,154.96,6239982
2007-07-13T10:30:00-07:00,154.96,155.46,154.89,155.12,3690012
2007-07-16T06:30:00-07:00,154.99,155.53,154.87,155.07,5132944
2007-07-16T10:30:00-07:00,155.07,155.17,154.58,154.9,4125992
2007-07-17T06:30:00-07:00,155.02,155.48,154.68,154.85,6848967
2007-07-17T10:30:00-07:00,154.85,155.48,154.82,154.85,3907092
2007-07-18T06:30:00-07:00,154.32,154.78,153.3,153.68,13553175
2007-07-18T10:30:00-07:00,153.69,154.74,153.5,154.59,7465199
2007-07-19T06:30:00-07:00,155.2,155.53,154.78,155.18,8170288
2007-07-19T10:30:00-07:00,155.18,155.39,154.75,155.21,5041491
2007-07-20T06:30:00-07:00,154.87,154.99,152.83,153.4,14171630
2007-07-20T10:30:00-07:00,153.4,154.15,153.13,153.33,7638201
2007-07-23T06:30:00-07:00,154.29,154.72,153.84,154.3,6432570
2007-07-23T10:30:00-07:00,154.29,154.52,153.94,154.06,4296990
2007-07-24T06:30:00-07:00,153.11,153.5,152.57,152.91,10691123
2007-07-24T10:30:00-07:00,152.91,153.14,150.76,151.12,11583271
2007-07-25T06:30:00-07:00,152.03,152.39,150.25,150.64,16225433
2007-07-25T10:30:00-07:00,150.64,152.15,150.4,151.74,7658510
2007-07-26T06:30:00-07:00,150.16,150.8,147.67,148.27,22719567
2007-07-26T10:30:00-07:00,148.26,148.8,146.39,148.55,17980044
2007-07-27T06:30:00-07:00,148.26,148.87,146.12,147.1701,22409493
2007-07-27T10:30:00-07:00,147.17,148.14,145.24,146.04,12121372
2007-07-30T06:30:00-07:00,145.89,146.81,145.33,146.58,14842923
2007-07-30T10:30:00-07:00,146.58,147.81,146.23,147.27,9348424
2007-07-31T06:30:00-07:00,148.33,148.88,147.38,147.96,13348198
2007-07-31T10:30:00-07:00,147.96,148.05,145.41,145.41,13418539
2007-08-01T06:30:00-07:00,145.21,146.48,144.3,144.98,25289413
2007-08-01T10:30:00-07:00,144.98,147.01,143.95,146.62,14253662
2007-08-02T06:30:00-07:00,146.77,147.44,146.1,146.43,15577277
2007-08-02T10:30:00-07:00,146.44,147.76,146.15,147.28,10742216
2007-08-03T06:30:00-07:00,147.26,147.58,145.64,146.23,16534646
2007-08-03T10:30:00-07:00,146.22,146.78,143.24,143.34,14870789
2007-08-06T06:30:00-07:00,144.22,145.18,142.76,144.47,19919230
2007-08-06T10:30:00-07:00,144.47,146.83,144.01,146.77,9047399
2007-08-07T06:30:00-07:00,145.94,147.53,145.67,147.41,9092189
2007-08-07T10:30:00-07:00,147.41,149,145.6,147.68,16522271
2007-08-08T06:30:00-07:00,148.41,149.83,148.35,149.71,11728006
2007-08-08T10:30:00-07:00,149.7,150.59,147.91,149.87,13578317
2007-08-09T06:30:00-07:00,147.45,148.95,146.7,147.16,18674363
2007-08-09T10:30:00-07:00,147.16,147.79,145.64,145.7,12261958
2007-08-10T06:30:00-07:00,144.24,146.5,143.12,145.1,24493817
2007-08-10T10:30:00-07:00,145.1,146.23,144.1,145.54,10699125
2007-08-13T06:30:00-07:00,146.5,146.89,145.55,145.85,9847376
2007-08-13T10:30:00-07:00,145.84,146.58,145.28,145.51,6052403
2007-08-14T06:30:00-07:00,145.69,145.84,143.3,143.96,13465880
2007-08-14T10:30:00-07:00,143.96,144.44,142.75,142.77,10927504
2007-08-15T06:30:00-07:00,142.7,144.46,142.13,143.54,15046083
2007-08-15T10:30:00-07:00,143.56,144.38,140.62,140.9,14078082
2007-08-16T06:30:00-07:00,139.79,140.76,137.25,138.39,27166297
2007-08-16T10:30:00-07:00,138.38,141.95,137.93,141.73,21747089
2007-08-17T06:30:00-07:00,145.56,145.81,142.32,144.3,21142566
2007-08-17T10:30:00-07:00,144.3,145.22,143.67,144.74,8601919
2007-08-20T06:30:00-07:00,145.13,145.36,143.29,143.5,10624369
2007-08-20T10:30:00-07:00,143.49,145.47,143.29,144.75,6733502
2007-08-21T06:30:00-07:00,144.59,145.97,144.14,145.29,9777573
2007-08-21T10:30:00-07:00,145.29,145.48,144.52,144.93,3913159
2007-08-22T06:30:00-07:00,146.01,146.6,145.33,145.7,10385145
2007-08-22T10:30:00-07:00,145.69,146.8,145.5,146.66,4929805
2007-08-23T06:30:00-07:00,147.33,147.65,145.61,145.78,12466493
2007-08-23T10:30:00-07:00,145.79,146.73,145.74,146.57,6024518
2007-08-24T06:30:00-07:00,146.49,147.53,146.28,147.43,7161036
2007-08-24T10:30:00-07:00,147.43,148.25,147.24,148.16,4492123
2007-08-27T06:30:00-07:00,147.87,147.93,146.97,147.48,5610934
2007-08-27T10:30:00-07:00,147.48,147.78,146.81,146.91,3808154
2007-08-28T06:30:00-07:00,146.16,146.25,144.82,145.16,10153966
2007-08-28T10:30:00-07:00,145.17,145.4,143.46,143.66,9788375
2007-08-29T06:30:00-07:00,144.39,145.63,143.96,144.61,9886019
2007-08-29T10:30:00-07:00,144.6,146.74,144.47,146.71,8238081
2007-08-30T06:30:00-07:00,145.45,147.19,145.31,146.57,12169085
2007-08-30T10:30:00-07:00,146.58,146.72,145.54,146.14,5325342
2007-08-31T06:30:00-07:00,147.67,148.43,146.83,148.09,10835613
2007-08-31T10:30:00-07:00,148.09,148.5,147.45,147.47,4854546
2007-09-04T06:30:00-07:00,147.47,149.13,147.4,148.96,6202545
2007-09-04T10:30:00-07:00,148.96,149.98,148.85,149.23,4551930
2007-09-05T06:30:00-07:00,148.18,148.36,147.14,147.63,8491413
2007-09-05T10:30:00-07:00,147.63,147.95,147,147.56,5972147
2007-09-06T06:30:00-07:00,147.95,148.61,147.12,147.91,7649977
2007-09-06T10:30:00-07:00,147.92,148.43,147.78,148.27,3663756
2007-09-07T06:30:00-07:00,146.48,146.89,145.6,146.55,11380152
2007-09-07T10:30:00-07:00,146.54,146.69,145.26,145.84,7671784
2007-09-10T06:30:00-07:00,146.51,146.72,144.33,145.33,10521207
2007-09-10T10:30:00-07:00,145.33,146.65,144.88,145.51,5948008
2007-09-11T06:30:00-07:00,146.23,147.09,146.13,146.81,8039176
2007-09-11T10:30:00-07:00,146.81,147.7,146.7,147.64,6486077
2007-09-12T06:30:00-07:00,147.28,148.21,146.98,147.67,8366452
2007-09-12T10:30:00-07:00,147.67,148.44,147.48,147.64,5180711
2007-09-13T06:30:00-07:00,148.57,149.45,148.2,149.32,7582232
2007-09-13T10:30:00-07:00,149.31,149.4,148.49,148.81,4789957
2007-09-14T06:30:00-07:00,147.95,149.03,147.74,148.98,6424130
2007-09-14T10:30:00-07:00,148.98,149.09,148.36,148.92,3917912
2007-09-17T06:30:00-07:00,148.29,148.65,147.63,148.22,6399163
2007-09-17T10:30:00-07:00,148.23,148.52,147.93,148.13,3641080
2007-09-18T06:30:00-07:00,148.83,149.57,148.37,149.12,7173037
2007-09-18T10:30:00-07:00,149.12,152.5,148.67,152.4,15098059
2007-09-19T06:30:00-07:00,153.41,154.39,153.25,153.35,11198641
2007-09-19T10:30:00-07:00,153.36,153.77,152.71,153.36,6460888
2007-09-20T06:30:00-07:00,153.35,153.43,152.68,152.79,6941385
2007-09-20T10:30:00-07:00,152.79,152.98,152.11,152.33,6213378
2007-09-21T06:30:00-07:00,152.7,152.89,152.28,152.72,6151105
2007-09-21T10:30:00-07:00,152.72,152.77,152.25,152.27,3450955
2007-09-24T06:30:00-07:00,152.43,152.82,151.93,152.06,7234079
2007-09-24T10:30:00-07:00,152.06,152.07,151.36,151.55,5357113
2007-09-25T06:30:00-07:00,150.83,151.62,150.48,151.42,7912758
2007-09-25T10:30:00-07:00,151.43,151.65,151.12,151.63,3749344
2007-09-26T06:30:00-07:00,152.26,152.62,151.86,152.3,5815450
2007-09-26T10:30:00-07:00,152.31,152.77,151.64,152.37,5552016
2007-09-27T06:30:00-07:00,152.88,152.98,152.35,152.67,5659967
2007-09-27T10:30:00-07:00,152.68,153.08,152.46,152.95,3517228
2007-09-28T06:30:00-07:00,152.85,153.19,152.22,152.66,6541995
2007-09-28T10:30:00-07:00,152.66,152.93,151.98,152.47,5060219
2007-10-01T06:30:00-07:00,152.61,154.44,152.5,154.35,8916998
2007-10-01T10:30:00-07:00,154.36,154.75,154.2,154.52,4242028
2007-10-02T06:30:00-07:00,154.62,154.65,153.81,153.84,7124229
2007-10-02T10:30:00-07:00,153.84,154.5,153.83,154.43,3335011
2007-10-03T06:30:00-07:00,153.82,154.41,153.49,153.86,6422707
2007-10-03T10:30:00-07:00,153.86,153.97,153.45,153.8,4032346
2007-10-04T06:30:00-07:00,154.1,154.26,153.59,153.98,4486650
2007-10-04T10:30:00-07:00,153.99,154.19,153.82,154.16,2411302
2007-10-05T06:30:00-07:00,155.02,155.53,154.63,155.441,6246491
2007-10-05T10:30:00-07:00,155.43,156.1,155.4,155.6,4655330
2007-10-08T06:30:00-07:00,155.39,155.49,154.8,155.02,4339051
2007-10-08T10:30:00-07:00,155.02,155.2,154.77,155.19,2162902
2007-10-09T06:30:00-07:00,155.6,155.71,155.06,155.0921,4484472
2007-10-09T10:30:00-07:00,155.09,156.44,155.03,156.41,4323227
2007-10-10T06:30:00-07:00,156.04,156.17,155.41,155.42,5627749
2007-10-10T10:30:00-07:00,155.42,156.44,155.42,156.03,3935701
2007-10-11T06:30:00-07:00,156.92,157.52,156.76,157.36,5409094
2007-10-11T10:30:00-07:00,157.36,157.37,154.54,155.34,15847822
2007-10-12T06:30:00-07:00,155.46,156.23,155.27,155.82,6305154
2007-10-12T10:30:00-07:00,155.82,156.2,155.61,156.05,4074467
2007-10-15T06:30:00-07:00,156.27,156.36,154.22,154.61,9398762
2007-10-15T10:30:00-07:00,154.6095,154.9,153.94,154.83,5417904
2007-10-16T06:30:00-07:00,154.41,154.52,153.55,153.91,9496512
2007-10-16T10:30:00-07:00,153.91,154.21,153.47,153.7608,5291557
2007-10-17T06:30:00-07:00,154.98,155.09,152.85,153.03,9721791
2007-10-17T10:30:00-07:00,153.03,154.06,152.47,154.03,8985751
2007-10-18T06:30:00-07:00,153.45,153.91,153.08,153.5,7520326
2007-10-18T10:30:00-07:00,153.5,154.19,153.47,153.82,4684422
2007-10-19T06:30:00-07:00,153.1,153.15,151.39,151.54,13138342
2007-10-19T10:30:00-07:00,151.54,151.95,149.9,149.97,13003301
2007-10-22T06:30:00-07:00,148.83,150.69,148.66,150.68,16618852
2007-10-22T10:30:00-07:00,150.68,150.76,149.47,150.59,6487216
2007-10-23T06:30:00-07:00,151.3,151.61,150.25,150.86,9859093
2007-10-23T10:30:00-07:00,150.87,151.95,150.73,151.95,6260610
2007-10-24T06:30:00-07:00,151.21,151.48,148.84,149.78,17468141
2007-10-24T10:30:00-07:00,149.78,151.73,148.95,151.56,12671020
2007-10-25T06:30:00-07:00,151.68,152.29,150.08,150.31,12734351
2007-10-25T10:30:00-07:00,150.32,151.75,149.88,151.32,8628745
2007-10-26T06:30:00-07:00,153.06,153.23,151.9,152.72,9566402
2007-10-26T10:30:00-07:00,152.7299,153.5,152.46,153.45,4830999
2007-10-29T06:30:00-07:00,153.92,154.44,153.55,153.91,6285072
2007-10-29T10:30:00-07:00,153.91,154.32,153.73,154,3555502
2007-10-30T06:30:00-07:00,153.43,153.7,152.96,153.53,7512708
2007-10-30T10:30:00-07:00,153.53,153.75,152.87,153.06,4281260
2007-10-31T06:30:00-07:00,153.98,154.32,153.5199,154.18,5856259
2007-10-31T10:30:00-07:00,154.2,155.27,152.84,154.78,13889254
2007-11-01T06:30:00-07:00,153.33,153.41,151.75,152.5,16920469
2007-11-01T10:30:00-07:00,152.5,152.56,150.59,150.78,12135153
2007-11-02T06:30:00-07:00,151.54,151.56,149.21,150.54,21336276
2007-11-02T10:30:00-07:00,150.54,151.13,149.68,151.12,7943251
2007-11-05T06:30:00-08:00,149.63,150.78,149.36,149.92,9204688
2007-11-05T10:30:00-08:00,149.93,151.16,148.97,150.19,11410228
2007-11-06T06:30:00-08:00,150.84,151.2,149.9,150.92,9480999
2007-11-06T10:30:00-08:00,150.91,152.1,150.86,152.09,6287577
2007-11-07T06:30:00-08:00,150.43,151.13,148.41,148.88,13120999
2007-11-07T10:30:00-08:00,148.88,149.86,147.55,147.58,13358797
2007-11-08T06:30:00-08:00,147.98,148.41,145.07,145.96,22656534
2007-11-08T10:30:00-08:00,145.96,148.15,145.38,147.53,12050447
2007-11-09T06:30:00-08:00,145.51,146.82,144.89,146.27,14928610
2007-11-09T10:30:00-08:00,146.275,147.54,145.26,145.27,10077248
2007-11-12T06:30:00-08:00,145.2,146.61,144.74,146.15,13042516
2007-11-12T10:30:00-08:00,146.16,146.19,143.93,143.99,9366643
2007-11-13T06:30:00-08:00,145.26,146.34,145.22,146.12,9504708
2007-11-13T10:30:00-08:00,146.12,148.31,146.09,148.2,7801153
2007-11-14T06:30:00-08:00,149.22,149.4,148.15,149,10371527
2007-11-14T10:30:00-08:00,149.01,149.04,146.78,147.1,8231097
2007-11-15T06:30:00-08:00,146.79,147.49,146.04,146.43,11037368
2007-11-15T10:30:00-08:00,146.44,146.79,144.52,145.35,12043620
2007-11-16T06:30:00-08:00,146.28,146.47,144.57,145.72,15388375
2007-11-16T10:30:00-08:00,145.7,146.29,144.62,146.04,10942254
2007-11-19T06:30:00-08:00,145.28,145.36,143.21,143.72,15036357
2007-11-19T10:30:00-08:00,143.72,144.61,143.19,143.55,9521924
2007-11-20T06:30:00-08:00,143.64,145.53,142.62,142.76,19425906
2007-11-20T10:30:00-08:00,142.75,144.86,142.11,144.2,18496382
2007-11-21T06:30:00-08:00,143.08,143.78,141.74,142.8,15943651
2007-11-21T10:30:00-08:00,142.77,143.91,141.76,141.81,6913636
2007-11-23T06:30:00-08:00,143.07,144.34,142.7,144,7528705
2007-11-23T10:30:00-08:00,143.95,143.95,143.5996,143.93,16595
2007-11-26T06:30:00-08:00,144.38,144.88,143.18,143.548,10659664
2007-11-26T10:30:00-08:00,143.54,143.84,140.78,140.8,8243043
2007-11-27T06:30:00-08:00,141.74,143.1,140.95,142.93,15422181
2007-11-27T10:30:00-08:00,142.94,143.23,141.16,143.12,9724123
2007-11-28T06:30:00-08:00,144.21,146.57,144.14,146.48,13478280
2007-11-28T10:30:00-08:00,146.47,147.47,146.39,147.25,9048134
2007-11-29T06:30:00-08:00,146.61,147.72,146.1,146.7,11772283
2007-11-29T10:30:00-08:00,146.7,147.5,146.3,147.27,6355851
2007-11-30T06:30:00-08:00,149.04,149.25,147.9,148.6,12175025
2007-11-30T10:30:00-08:00,148.61,148.8,147.33,148.44,7255040
2007-12-03T06:30:00-08:00,148.21,148.45,147.39,147.79,7220857
2007-12-03T10:30:00-08:00,147.79,147.92,147.29,147.55,5978900
2007-12-04T06:30:00-08:00,146.66,147.34,146.31,146.88,7842582
2007-12-04T10:30:00-08:00,146.89,147.17,146.51,146.56,4700308
2007-12-05T06:30:00-08:00,147.92,149,147.83,148.3,9007868
2007-12-05T10:30:00-08:00,148.3,148.97,147.86,148.86,6228569
2007-12-06T06:30:00-08:00,148.63,149.91,148.57,149.63,6501809
2007-12-06T10:30:00-08:00,149.63,151.21,149.4,151.11,7068522
2007-12-07T06:30:00-08:00,151.42,151.5,150.68,150.8,7693883
2007-12-07T10:30:00-08:00,150.81,151.34,150.62,150.74,3487510
2007-12-10T06:30:00-08:00,151.25,152.25,150.86,152,6336513
2007-12-10T10:30:00-08:00,152.01,152.07,151.48,152.03,3504671
2007-12-11T06:30:00-08:00,152.14,152.33,151.6,152.232,4525447
2007-12-11T10:30:00-08:00,152.24,152.89,147.96,148.23,17454607
2007-12-12T06:30:00-08:00,151.52,151.75,148.86,149.29,13963881
2007-12-12T10:30:00-08:00,149.29,149.91,147.2,149.16,10677271
2007-12-13T06:30:00-08:00,148.32,149,147.3,147.98,11376229
2007-12-13T10:30:00-08:00,147.98,149.39,147.51,149.3,8809351
2007-12-14T06:30:00-08:00,148.05,149.1,147.9,148.55,6864693
2007-12-14T10:30:00-08:00,148.54,148.55,147.17,147.18,6199927
2007-12-17T06:30:00-08:00,146.62,146.87,145.68,145.91,8544608
2007-12-17T10:30:00-08:00,145.91,146.04,144.94,145.08,6071414
2007-12-18T06:30:00-08:00,146.09,146.21,143.96,145.23,12974026
2007-12-18T10:30:00-08:00,145.22,146.48,145.15,145.82,9793797
2007-12-19T06:30:00-08:00,145.95,146.89,145.11,145.34,11548426
2007-12-19T10:30:00-08:00,145.35,146.5,144.94,145.62,6581742
2007-12-20T06:30:00-08:00,146.84,146.86,145.18,145.81,9095651
2007-12-20T10:30:00-08:00,145.8,146.59,145.63,146.53,6899122
2007-12-21T06:30:00-08:00,147.37,147.84,147.09,147.45,7268307
2007-12-21T10:30:00-08:00,147.45,148.27,147.425,148.19,4295096
2007-12-24T06:30:00-08:00,148.74,149.48,148.48,149.32,4478841
2007-12-24T10:30:00-08:00,149.34,149.38,149.2,149.2,4273
2007-12-26T06:30:00-08:00,148.78,149.36,148.5,149.19,3083355
2007-12-26T10:30:00-08:00,149.19,149.62,149.12,149.47,2589265
2007-12-27T06:30:00-08:00,149.01,149.03,147.73,148.13,6860177
2007-12-27T10:30:00-08:00,148.13,148.34,147.32,147.52,3491285
2007-12-28T06:30:00-08:00,148.54,148.61,146.9,147.1,6345196
2007-12-28T10:30:00-08:00,147.11,147.75,146.96,147.55,3476917
2007-12-31T06:30:00-08:00,147.11,147.18,146.25,146.97,4849524
2007-12-31T10:30:00-08:00,146.96,147.33,146.36,146.42,3302100
2008-01-02T06:30:00-08:00,146.53,146.99,144.16,144.39,9936970
2008-01-02T10:30:00-08:00,144.4,145.58,143.88,144.55,7225630
2008-01-03T06:30:00-08:00,144.92,145.49,144.51,145,7122276
2008-01-03T10:30:00-08:00,145,145.49,144.12,144.46,3648765
2008-01-04T06:30:00-08:00,143.34,143.44,141.72,141.97,11210658
2008-01-04T10:30:00-08:00,141.97,142.18,140.92,140.93,7611910
2008-01-07T06:30:00-08:00,141.81,142.23,140.1,141.85,12775037
2008-01-07T10:30:00-08:00,141.85,141.92,140.2,141.46,8272881
2008-01-08T06:30:00-08:00,142.1,142.9,140.88,141.82,15168538
2008-01-08T10:30:00-08:00,141.82,142.36,138.63,138.81,14394957
2008-01-09T06:30:00-08:00,139.09,139.89,138.34,138.63,12736099
2008-01-09T10:30:00-08:00,138.63,140.79,137.7,140.78,13816087
2008-01-10T06:30:00-08:00,139.7,142.13,139.37,141.15,16752380
2008-01-10T10:30:00-08:00,141.15,142.8,139.98,141.8,12148633
2008-01-11T06:30:00-08:00,140.75,141.57,140.08,140.55,13629322
2008-01-11T10:30:00-08:00,140.55,140.8,139.28,140.01,10457181
2008-01-14T06:30:00-08:00,141.16,141.35,140.4,140.73,8291147
2008-01-14T10:30:00-08:00,140.73,141.86,140.67,141.46,5377428
2008-01-15T06:30:00-08:00,139.74,140.1,138.24,138.64,11117252
2008-01-15T10:30:00-08:00,138.63,139.16,137.9,137.95,8858896
2008-01-16T06:30:00-08:00,137.37,138.5,136.28,137.36,17305891
2008-01-16T10:30:00-08:00,137.37,139.12,137.1,137.14,14610330
2008-01-17T06:30:00-08:00,137.58,137.7,134.5,135.35,20043193
2008-01-17T10:30:00-08:00,135.35,135.75,132.93,133.23,14146310
2008-01-18T06:30:00-08:00,134.2,135.02,131.1,131.9499,21519614
2008-01-18T10:30:00-08:00,131.94,132.73,131.4,132.49,10379975
2008-01-22T06:30:00-08:00,126.45,132.25,126,131,23778124
2008-01-22T10:30:00-08:00,131,132.21,130.07,131.02,11309797
2008-01-23T06:30:00-08:00,127.12,131,126.84,128.42,23807896
2008-01-23T10:30:00-08:00,128.42,133.88,127.88,133.81,17073517
2008-01-24T06:30:00-08:00,134.28,135.26,133.31,133.99,14567604
2008-01-24T10:30:00-08:00,134,135.46,133.8,135,8372859
2008-01-25T06:30:00-08:00,136.5,136.76,133.58,133.67,14382302
2008-01-25T10:30:00-08:00,133.67,134.05,132.6,132.98,9193797
2008-01-28T06:30:00-08:00,133.29,134.68,132.06,134.29,11915765
2008-01-28T10:30:00-08:00,134.3,135.33,133.73,135.32,7356164
2008-01-29T06:30:00-08:00,136.1,136.32,134.88,135.708,9097172
2008-01-29T10:30:00-08:00,135.69,136.45,135.38,136.07,5038714
2008-01-30T06:30:00-08:00,135.58,136.19,135.23,135.87,6979469
2008-01-30T10:30:00-08:00,135.87,138.54,135.05,135.37,22744826
2008-01-31T06:30:00-08:00,133.42,137.46,133.2,136.34,17057988
2008-01-31T10:30:00-08:00,136.35,138.54,136.28,137.33,9941705
2008-02-01T06:30:00-08:00,137.92,139.61,137.52,138.53,11813898
2008-02-01T10:30:00-08:00,138.55,139.51,138.28,139.45,5411197
2008-02-04T06:30:00-08:00,139.19,139.3,138.05,138.21,6869935
2008-02-04T10:30:00-08:00,138.21,138.58,137.88,138,3909874
2008-02-05T06:30:00-08:00,135.86,136.25,134.55,134.76,14713444
2008-02-05T10:30:00-08:00,134.76,135.14,133.68,133.7,9385446
2008-02-06T06:30:00-08:00,134.58,135.25,133.45,134.42,11488671
2008-02-06T10:30:00-08:00,134.42,134.44,132.41,132.71,9967910
2008-02-07T06:30:00-08:00,132.08,133.92,131.73,133.6901,15463708
2008-02-07T10:30:00-08:00,133.7,134.79,132.33,133.78,10963921
2008-02-08T06:30:00-08:00,133.27,134.22,132.35,132.79,10186524
2008-02-08T10:30:00-08:00,132.8,133.72,132.1,133.12,8216340
2008-02-11T06:30:00-08:00,133.12,134.13,132.04,134.05,11533667
2008-02-11T10:30:00-08:00,134.05,134.23,133.45,133.91,5823392
2008-02-12T06:30:00-08:00,134.91,136.31,134.56,135.83,12704009
2008-02-12T10:30:00-08:00,135.83,135.94,133.98,134.94,9795029
2008-02-13T06:30:00-08:00,136.06,136.68,135.14,136.451,10249917
2008-02-13T10:30:00-08:00,136.44,137.06,136.08,136.71,5635561
2008-02-14T06:30:00-08:00,136.94,137,135.25,135.42,10944393
2008-02-14T10:30:00-08:00,135.4215,135.89,134.79,135.01,7657688
2008-02-15T06:30:00-08:00,134.55,135,133.91,134.16,8427982
2008-02-15T10:30:00-08:00,134.16,135.16,134.13,135.06,4463797
2008-02-19T06:30:00-08:00,136.67,136.89,135.45,136.35,7372479
2008-02-19T10:30:00-08:00,136.36,136.38,134.61,135.04,5887766
2008-02-20T06:30:00-08:00,134,135.9,133.76,135.26,11646726
2008-02-20T10:30:00-08:00,135.27,136.55,135,136.11,8885435
2008-02-21T06:30:00-08:00,136.66,137.01,134.8,135.13,11677518
2008-02-21T10:30:00-08:00,135.13,135.38,134.07,134.47,6506904
2008-02-22T06:30:00-08:00,134.98,135.07,133.01,133.34,8604901
2008-02-22T10:30:00-08:00,133.37,135.65,132.86,135.64,7700049
2008-02-25T06:30:00-08:00,135.54,136.52,134.78,135.52,7324629
2008-02-25T10:30:00-08:00,135.54,137.65,135.25,137.31,7908060
2008-02-26T06:30:00-08:00,136.72,138.95,136.5,138.44,10133074
2008-02-26T10:30:00-08:00,138.44,138.84,137.81,138.35,5392189
2008-02-27T06:30:00-08:00,137.56,139.14,137.41,138.8,8558416
2008-02-27T10:30:00-08:00,138.81,138.9,137.66,138.12,5179637
2008-02-28T06:30:00-08:00,137.25,137.96,136.55,136.8,8292943
2008-02-28T10:30:00-08:00,136.79,137.67,136.7,136.99,4775099
2008-02-29T06:30:00-08:00,135.59,135.68,134.31,134.64,9655821
2008-02-29T10:30:00-08:00,134.6315,134.64,132.78,133.23,7752635
2008-03-03T06:30:00-08:00,133.16,133.81,132.43,133.31,9627297
2008-03-03T10:30:00-08:00,133.3,133.6,132.24,133.41,5634203
2008-03-04T06:30:00-08:00,132.23,133,131.28,131.895,11326017
2008-03-04T10:30:00-08:00,131.9,133.4,130.99,132.92,10041512
2008-03-05T06:30:00-08:00,133.4,134.77,132.99,133.13,12710889
2008-03-05T10:30:00-08:00,133.12,133.73,132.34,133.7,8118259
2008-03-06T06:30:00-08:00,132.98,133.22,131.55,131.66,11953152
2008-03-06T10:30:00-08:00,131.66,132.16,130.66,130.82,7434714
2008-03-07T06:30:00-08:00,129.72,131.74,129.445,129.87,12723026
2008-03-07T10:30:00-08:00,129.87,130.6,128.58,129.71,10510814
2008-03-10T06:30:00-07:00,129.77,129.93,128.15,128.59,11634971
2008-03-10T10:30:00-07:00,128.57,128.76,127.59,127.86,8020725
2008-03-11T06:30:00-07:00,130.72,130.96,128.95,130.131,14406956
2008-03-11T10:30:00-07:00,130.13,132.46,129.73,132.38,9787114
2008-03-12T06:30:00-07:00,132.75,133.77,131.93,132.78,11012324
2008-03-12T10:30:00-07:00,132.77,132.78,131.16,131.31,7116613
2008-03-13T06:30:00-07:00,129.61,131.95,128.6,131.8,17478320
2008-03-13T10:30:00-07:00,131.8,132.64,131.45,131.92,10288585
2008-03-14T06:30:00-07:00,132.78,132.81,128.15,128.96,21203443
2008-03-14T10:30:00-07:00,128.96,130.43,127.78,129.29,12854299
2008-03-17T06:30:00-07:00,126.35,129.02,126.07,126.55,16391430
2008-03-17T10:30:00-07:00,126.56,129.26,126.19,127.92,10665398
2008-03-18T06:30:00-07:00,130.6,132.05,130.42,131.87,9716064
2008-03-18T10:30:00-07:00,131.88,133.38,129.98,133.34,14033810
2008-03-19T06:30:00-07:00,134.14,134.65,132.41,132.51,13479301
2008-03-19T10:30:00-07:00,132.5,132.58,130.24,130.36,10848685
2008-03-20T06:30:00-07:00,130.03,131.39,129.26,131.09,11109732
2008-03-20T10:30:00-07:00,131.1,132.91,131.02,132.75,7075061
2008-03-24T06:30:00-07:00,133.31,135.81,133.24,135.55,10924271
2008-03-24T10:30:00-07:00,135.55,135.66,134.54,134.79,5588200
2008-03-25T06:30:00-07:00,134.82,135.33,133.77,135.09,9054410
2008-03-25T10:30:00-07:00,135.1,135.55,134.82,135.04,4787399
2008-03-26T06:30:00-07:00,134.46,134.54,133.45,133.75,9019753
2008-03-26T10:30:00-07:00,133.74,134.59,133.5,133.83,5579402
2008-03-27T06:30:00-07:00,134.19,134.44,132.75,133.86,9907645
2008-03-27T10:30:00-07:00,133.87,134.05,132.36,132.45,7028794
2008-03-28T06:30:00-07:00,133,133.36,132.29,132.54,8059670
2008-03-28T10:30:00-07:00,132.54,132.56,131.06,131.4,6776379
2008-03-31T06:30:00-07:00,131.28,132.62,131.09,132.57,7953528
2008-03-31T10:30:00-07:00,132.57,132.73,131.78,131.95,5869518
2008-04-01T06:30:00-07:00,133.6,135.91,133.51,135.83,11976822
2008-04-01T10:30:00-07:00,135.83,136.84,135.35,136.81,9786483
2008-04-02T06:30:00-07:00,137.06,137.67,136.25,136.94,12324233
2008-04-02T10:30:00-07:00,136.94,137.51,135.98,136.65,7301956
2008-04-03T06:30:00-07:00,135.94,137.44,135.71,137.27,9554481
2008-04-03T10:30:00-07:00,137.28,137.33,136.39,136.78,5765803
2008-04-04T06:30:00-07:00,136.95,137.94,136.12,137.9399,10545725
2008-04-04T10:30:00-07:00,137.93,137.96,136.55,136.95,5743540
2008-04-07T06:30:00-07:00,137.87,138.57,137.3,138.14,7691085
2008-04-07T10:30:00-07:00,138.12,138.245,136.74,137.05,6430667
2008-04-08T06:30:00-07:00,136.18,136.92,136.1,136.36,7101600
2008-04-08T10:30:00-07:00,136.35,136.73,135.95,136.45,6600345
2008-04-09T06:30:00-07:00,136.61,136.8,135.01,135.37,11499541
2008-04-09T10:30:00-07:00,135.36,135.7,134.89,135.39,6089129
2008-04-10T06:30:00-07:00,135.4,136.67,134.9,136.32,11054468
2008-04-10T10:30:00-07:00,136.32,136.64,135.55,135.94,6322939
2008-04-11T06:30:00-07:00,134.46,135.12,133.91,134.01,11669307
2008-04-11T10:30:00-07:00,134.02,134.04,133.01,133.28,7140275
2008-04-14T06:30:00-07:00,133.19,133.54,132.57,133.22,9952462
2008-04-14T10:30:00-07:00,133.22,133.28,132.55,132.81,4681363
2008-04-15T06:30:00-07:00,133.57,133.69,132.33,132.91,9435116
2008-04-15T10:30:00-07:00,132.92,133.56,132.76,133.51,5392326
2008-04-16T06:30:00-07:00,134.54,135.69,134.51,135.55,10224384
2008-04-16T10:30:00-07:00,135.55,136.5,135.16,136.23,5870914
2008-04-17T06:30:00-07:00,136.02,136.65,135.66,136.38,9574561
2008-04-17T10:30:00-07:00,136.38,136.82,136,136.48,5527518
2008-04-18T06:30:00-07:00,138.95,139.56,138.26,139.49,10768655
2008-04-18T10:30:00-07:00,139.49,139.53,138.51,138.93,6565704
2008-04-21T06:30:00-07:00,138.21,138.65,137.85,138.49,6468199
2008-04-21T10:30:00-07:00,138.48,138.98,138.13,138.78,4046620
2008-04-22T06:30:00-07:00,138.19,138.31,136.92,137.25,9553749
2008-04-22T10:30:00-07:00,137.25,137.69,136.9,137.69,4884218
2008-04-23T06:30:00-07:00,138.1,138.78,137.12,137.68,11940650
2008-04-23T10:30:00-07:00,137.68,138.16,137.45,137.99,5049275
2008-04-24T06:30:00-07:00,138.09,139.41,137.04,138.97,13272039
2008-04-24T10:30:00-07:00,138.96,139.74,138.7,138.79,7355093
2008-04-25T06:30:00-07:00,139.4,139.53,137.91,138.4915,10846240
2008-04-25T10:30:00-07:00,138.5,139.89,138.29,139.76,6740693
2008-04-28T06:30:00-07:00,139.88,140.16,139.38,140.04,6148215
2008-04-28T10:30:00-07:00,140.04,140.25,139.41,139.62,3736834
2008-04-29T06:30:00-07:00,139.4,139.73,138.61,139.2,7359380
2008-04-29T10:30:00-07:00,139.2,139.61,138.97,139.07,4481811
2008-04-30T06:30:00-07:00,139.28,139.93,139.24,139.7,5511953
2008-04-30T10:30:00-07:00,139.7,140.59,138.35,138.42,12402651
2008-05-01T06:30:00-07:00,138.39,141,138.27,140.67,11243154
2008-05-01T10:30:00-07:00,140.67,141.02,140.24,140.93,5932062
2008-05-02T06:30:00-07:00,142.33,142.37,140.62,140.99,10292203
2008-05-02T10:30:00-07:00,140.99,141.43,140.56,141.34,5460929
2008-05-05T06:30:00-07:00,141.06,141.61,140.41,140.635,7837229
2008-05-05T10:30:00-07:00,140.64,140.9,140.42,140.71,3419084
2008-05-06T06:30:00-07:00,140,141.77,139.69,141.52,10094616
2008-05-06T10:30:00-07:00,141.51,142.2,141.22,141.88,5971093
2008-05-07T06:30:00-07:00,141.89,142.04,140.72,140.88,7890452
2008-05-07T10:30:00-07:00,140.88,140.94,139.13,139.28,9665918
2008-05-08T06:30:00-07:00,139.74,140.07,138.98,140,9961194
2008-05-08T10:30:00-07:00,140,140.32,139.24,139.84,5614188
2008-05-09T06:30:00-07:00,138.6,139.39,138.45,138.62,8607218
2008-05-09T10:30:00-07:00,138.63,139.39,138.5,138.93,4791248
2008-05-12T06:30:00-07:00,139.25,140.13,138.73,139.72,8374701
2008-05-12T10:30:00-07:00,139.72,140.53,139.58,140.47,5227387
2008-05-13T06:30:00-07:00,140.81,140.89,139.73,140.21,9317202
2008-05-13T10:30:00-07:00,140.2,140.78,140.15,140.4,4517020
2008-05-14T06:30:00-07:00,141.09,142.07,141.01,141.99,8091912
2008-05-14T10:30:00-07:00,141.98,142.2,140.88,140.96,7279350
2008-05-15T06:30:00-07:00,141.04,141.92,140.83,141.72,8905581
2008-05-15T10:30:00-07:00,141.72,142.63,141.54,142.55,6071992
2008-05-16T06:30:00-07:00,142.86,142.87,141.61,142.23,12073581
2008-05-16T10:30:00-07:00,142.23,142.8,141.97,142.65,5886109
2008-05-19T06:30:00-07:00,142.81,144.3,142.49,144.19,8562704
2008-05-19T10:30:00-07:00,144.19,144.2,142.3,142.84,7127737
2008-05-20T06:30:00-07:00,142.26,142.34,141.37,141.71,8933540
2008-05-20T10:30:00-07:00,141.72,141.73,141.06,141.64,6310452
2008-05-21T06:30:00-07:00,141.81,142.12,140.99,141.09,10813206
2008-05-21T10:30:00-07:00,141.09,141.34,139.04,139.31,12214300
2008-05-22T06:30:00-07:00,139.43,140.16,139.23,139.65,10103779
2008-05-22T10:30:00-07:00,139.66,140.17,139.32,139.56,5138315
2008-05-23T06:30:00-07:00,139.04,139.2,137.57,137.845,9997116
2008-05-23T10:30:00-07:00,137.85,138.38,137.63,137.87,5593042
2008-05-27T06:30:00-07:00,137.8,138.66,137.53,137.99,8383364
2008-05-27T10:30:00-07:00,137.98,139,137.87,138.75,5844403
2008-05-28T06:30:00-07:00,139.18,139.28,138.05,138.81,8882442
2008-05-28T10:30:00-07:00,138.81,139.37,138.23,139.37,6155472
2008-05-29T06:30:00-07:00,139.13,140.79,139.08,140.51,10193558
2008-05-29T10:30:00-07:00,140.52,140.93,139.96,140.03,5620525
2008-05-30T06:30:00-07:00,140.47,140.7,140.05,140.49,5938831
2008-05-30T10:30:00-07:00,140.49,140.74,140.08,140.15,3702650
2008-06-02T06:30:00-07:00,139.82,139.86,138,138.33,10140300
2008-06-02T10:30:00-07:00,138.33,139.03,138.18,138.83,5569006
2008-06-03T06:30:00-07:00,139.33,139.62,138.72,138.75,9440784
2008-06-03T10:30:00-07:00,138.76,138.77,137.23,138.04,15110526
2008-06-04T06:30:00-07:00,137.77,139.16,137.7,138.71,12169953
2008-06-04T10:30:00-07:00,138.72,138.93,137.46,138.04,10307920
2008-06-05T06:30:00-07:00,138.58,140.2,138.32,140.04,11761928
2008-06-05T10:30:00-07:00,140.04,140.83,139.33,140.64,8586492
2008-06-06T06:30:00-07:00,139.56,139.8,137.78,138.05,17362242
2008-06-06T10:30:00-07:00,138.06,138.34,136.34,136.38,13970252
2008-06-09T06:30:00-07:00,136.84,137.5,136.11,136.39,11177629
2008-06-09T10:30:00-07:00,136.39,136.75,135.41,136.64,10023216
2008-06-10T06:30:00-07:00,135.67,137.1,135.52,137,15337144
2008-06-10T10:30:00-07:00,136.99,137.01,135.81,136.14,7468533
2008-06-11T06:30:00-07:00,135.97,136.085,134.31,134.81,16152547
2008-06-11T10:30:00-07:00,134.81,135.15,133.93,133.96,8467440
2008-06-12T06:30:00-07:00,134.6,135.77,134.53,135.08,11079212
2008-06-12T10:30:00-07:00,135.09,135.13,133.52,134.44,10387256
2008-06-13T06:30:00-07:00,135.17,136.35,134.61,135.33,14277344
2008-06-13T10:30:00-07:00,135.34,136.42,134.87,136.39,7360236
2008-06-16T06:30:00-07:00,135.56,136.76,135.46,136.74,10016369
2008-06-16T10:30:00-07:00,136.74,136.93,136.295,136.42,6190650
2008-06-17T06:30:00-07:00,137.06,137.12,135.7,136.2,11148835
2008-06-17T10:30:00-07:00,136.2,136.36,135.45,135.51,5624649
2008-06-18T06:30:00-07:00,134.7,135.08,133.78,133.98,14164388
2008-06-18T10:30:00-07:00,133.98,134.9,133.71,134.32,9950353
2008-06-19T06:30:00-07:00,134.15,134.67,133.5,134.461,16641003
2008-06-19T10:30:00-07:00,134.46,135.24,133.97,134.71,10924574
2008-06-20T06:30:00-07:00,132.84,133.09,132.01,132.14,14764575
2008-06-20T10:30:00-07:00,132.14,132.14,131.22,131.59,10269890
2008-06-23T06:30:00-07:00,132.04,132.23,131.32,131.79,9124511
2008-06-23T10:30:00-07:00,131.8,132.09,131.36,131.63,4664683
2008-06-24T06:30:00-07:00,131.03,132.38,130.19,132,16446755
2008-06-24T10:30:00-07:00,132,132.44,130.97,131.25,7861804
2008-06-25T06:30:00-07:00,131.71,132.73,131.62,132.37,9275316
2008-06-25T10:30:00-07:00,132.38,133.4,131.74,132,15014393
2008-06-26T06:30:00-07:00,130.57,130.75,128.86,128.94,16796205
2008-06-26T10:30:00-07:00,128.94,129.57,128.17,128.2,10491464
2008-06-27T06:30:00-07:00,128.28,128.86,127.26,127.37,15855622
2008-06-27T10:30:00-07:00,127.375,128.27,127.035,127.8,11445010
2008-06-30T06:30:00-07:00,127.89,128.91,127.3,128.41,14371595
2008-06-30T10:30:00-07:00,128.42,128.63,127.68,127.84,8919017
2008-07-01T06:30:00-07:00,126.52,128.24,125.93,126.59,19671931
2008-07-01T10:30:00-07:00,126.58,128.46,126.23,128.37,14533047
2008-07-02T06:30:00-07:00,128.79,129.16,127.49,127.95,14653700
2008-07-02T10:30:00-07:00,127.94,128.41,126.04,126.07,12167464
2008-07-03T06:30:00-07:00,127.09,127.12,124.99,126.39,20144790
2008-07-03T10:30:00-07:00,126.39,126.44,126.32,126.38,5999
2008-07-07T06:30:00-07:00,126.79,127.34,124.05,124.36,18448984
2008-07-07T10:30:00-07:00,124.36,126.34,123.92,125.09,15030386
2008-07-08T06:30:00-07:00,124.98,125.92,124.2,125.4,20357755
2008-07-08T10:30:00-07:00,125.41,127.39,124.87,127.3,13079864
2008-07-09T06:30:00-07:00,127.49,127.74,126.39,126.67,17458395
2008-07-09T10:30:00-07:00,126.66,126.89,124.39,124.43,12512639
2008-07-10T06:30:00-07:00,124.44,125.37,123.65,125.24,22952233
2008-07-10T10:30:00-07:00,125.25,125.79,123.58,125.38,16421239
2008-07-11T06:30:00-07:00,123.91,124.61,122.49,123.05,24272242
2008-07-11T10:30:00-07:00,123.05,125.75,122.96,124.02,20125653
2008-07-14T06:30:00-07:00,125.26,125.5,122.4,122.83,18994449
2008-07-14T10:30:00-07:00,122.82,123.79,122.54,122.82,11187981
2008-07-15T06:30:00-07:00,121.82,123.25,120.02,122.3,33107641
2008-07-15T10:30:00-07:00,122.3,123.49,121.41,121.45,12567579
2008-07-16T06:30:00-07:00,121.45,123.34,121.1,123.21,20209983
2008-07-16T10:30:00-07:00,123.21,124.57,122.68,124.47,11305564
2008-07-17T06:30:00-07:00,125.15,125.86,124.09,125.54,19679556
2008-07-17T10:30:00-07:00,125.55,126.26,124.87,125.91,11654982
2008-07-18T06:30:00-07:00,126.16,126.29,125.15,125.53,14445354
2008-07-18T10:30:00-07:00,125.53,126.14,125.35,125.92,6010418
2008-07-21T06:30:00-07:00,126.51,126.8,125.62,126.15,11786145
2008-07-21T10:30:00-07:00,126.15,126.38,125.54,126,7109879
2008-07-22T06:30:00-07:00,125.14,126.35,124.89,126.04,16335331
2008-07-22T10:30:00-07:00,126.05,127.8,125.74,127.69,10933472
2008-07-23T06:30:00-07:00,127.9,129.15,127.55,128.0556,19164151
2008-07-23T10:30:00-07:00,128.06,128.68,127.65,128.22,9835166
2008-07-24T06:30:00-07:00,128.34,128.41,126.42,126.65,13954340
2008-07-24T10:30:00-07:00,126.66,126.73,125.16,125.42,9565681
2008-07-25T06:30:00-07:00,125.88,126.49,125.28,125.52,12844568
2008-07-25T10:30:00-07:00,125.52,125.93,125.17,125.71,6349416
2008-07-28T06:30:00-07:00,125.49,126.06,124.2,124.369,10732868
2008-07-28T10:30:00-07:00,124.36,124.56,123.42,123.56,7746249
2008-07-29T06:30:00-07:00,123.99,125.5,123.84,125.5,14917435
2008-07-29T10:30:00-07:00,125.49,126.3,125.06,126.27,9334744
2008-07-30T06:30:00-07:00,127.01,128.13,126.5,127.02,20865162
2008-07-30T10:30:00-07:00,127.02,128.47,126.55,128.45,10013619
2008-07-31T06:30:00-07:00,127.39,128.57,127.17,127.81,15936788
2008-07-31T10:30:00-07:00,127.8,128.35,126.63,126.77,8951517
2008-08-01T06:30:00-07:00,127.12,127.28,125.46,126.22,15219731
2008-08-01T10:30:00-07:00,126.21,126.63,125.72,126.11,7154294
2008-08-04T06:30:00-07:00,126.04,126.12,124.85,125.28,11099260
2008-08-04T10:30:00-07:00,125.28,126.14,124.76,124.92,6937419
2008-08-05T06:30:00-07:00,126.01,127.38,125.9,127.27,10175630
2008-08-05T10:30:00-07:00,127.27,128.47,126.78,128.42,12857267
2008-08-06T06:30:00-07:00,128.01,128.73,127.675,128.55,12001736
2008-08-06T10:30:00-07:00,128.55,129.3,128.28,129.089,7586970
2008-08-07T06:30:00-07:00,127.96,128.44,127.33,128.24,11777141
2008-08-07T10:30:00-07:00,128.24,128.39,126.54,126.88,9940947
2008-08-08T06:30:00-07:00,126.59,129.34,126.38,129.29,16160085
2008-08-08T10:30:00-07:00,129.29,129.93,129.23,129.62,7672863
2008-08-11T06:30:00-07:00,129.45,131.27,129.23,131.26,11863109
2008-08-11T10:30:00-07:00,131.26,131.51,129.94,130.65,11122165
2008-08-12T06:30:00-07:00,130.28,130.355,129.59,129.82,10936236
2008-08-12T10:30:00-07:00,129.82,130.07,128.73,129.25,8654362
2008-08-13T06:30:00-07:00,128.79,128.94,127.67,128.35,13757517
2008-08-13T10:30:00-07:00,128.35,129.65,128.34,128.82,11059004
2008-08-14T06:30:00-07:00,127.84,130.28,127.75,129.8,13408323
2008-08-14T10:30:00-07:00,129.81,129.97,129.1,129.54,7465882
2008-08-15T06:30:00-07:00,129.91,130.5,129.3,129.9,12241592
2008-08-15T10:30:00-07:00,129.9,130.15,129.63,130.05,4155376
2008-08-18T06:30:00-07:00,130.44,130.48,128.41,128.65,9559375
2008-08-18T10:30:00-07:00,128.64,128.71,127.66,128.25,6441850
2008-08-19T06:30:00-07:00,127.43,127.69,126.55,127.13,10517646
2008-08-19T10:30:00-07:00,127.13,127.43,126.53,127,6221361
2008-08-20T06:30:00-07:00,127.39,127.95,126.34,127.14,14630157
2008-08-20T10:30:00-07:00,127.13,127.78,126.59,127.71,6601068
2008-08-21T06:30:00-07:00,126.74,127.85,126.6,127.6381,10987740
2008-08-21T10:30:00-07:00,127.64,128.44,127.46,127.99,6186532
2008-08-22T06:30:00-07:00,128.69,129.645,128.56,129.27,9804843
2008-08-22T10:30:00-07:00,129.27,129.56,128.97,129.52,4603556
2008-08-25T06:30:00-07:00,128.78,128.84,126.89,127.28,10321338
2008-08-25T10:30:00-07:00,127.27,127.54,126.75,127.1,5607439
2008-08-26T06:30:00-07:00,127.01,127.87,126.65,127.11,9203260
2008-08-26T10:30:00-07:00,127.1,127.47,126.58,127.43,6208723
2008-08-27T06:30:00-07:00,127.56,128.83,127.3,128.53,9968467
2008-08-27T10:30:00-07:00,128.54,128.8,127.97,128.46,5423267
2008-08-28T06:30:00-07:00,129.2,130,129.11,129.9,9492885
2008-08-28T10:30:00-07:00,129.9,130.34,129.68,130.3,5083833
2008-08-29T06:30:00-07:00,129.68,130.14,128.77,129.4,11546137
2008-08-29T10:30:00-07:00,129.4,129.46,128.61,128.69,5006975
2008-09-02T06:30:00-07:00,130.06,130.71,128.81,129.11,12352725
2008-09-02T10:30:00-07:00,129.12,129.28,127.52,128.09,10728635
2008-09-03T06:30:00-07:00,127.89,128.5,126.93,127.36,14734002
2008-09-03T10:30:00-07:00,127.36,128.03,127.03,127.96,9847215
2008-09-04T06:30:00-07:00,126.97,127.23,124.56,124.65,18005659
2008-09-04T10:30:00-07:00,124.65,125,124,124.09,13278092
2008-09-05T06:30:00-07:00,123.3,124.09,122,123.78,16353666
2008-09-05T10:30:00-07:00,123.78,124.95,123.52,124.64,8591337
2008-09-08T06:30:00-07:00,128.05,128.24,125.09,126,23420447
2008-09-08T10:30:00-07:00,126,127.25,125.19,127.25,10062699
2008-09-09T06:30:00-07:00,127.1,127.36,124.99,125.281,19517153
2008-09-09T10:30:00-07:00,125.29,125.38,122.92,122.94,14362782
2008-09-10T06:30:00-07:00,123.89,124.19,122.55,123.6,16213246
2008-09-10T10:30:00-07:00,123.6,124.9,123.43,123.6,9997837
2008-09-11T06:30:00-07:00,122.12,124.2,121.6,123.02,20428407
2008-09-11T10:30:00-07:00,123.02,125.55,123.02,125.51,13040518
2008-09-12T06:30:00-07:00,124.29,125.98,123.83,125.05,16979204
2008-09-12T10:30:00-07:00,125.05,125.98,124.77,125.74,8899481
2008-09-15T06:30:00-07:00,121.83,124.27,121.7,122.785,14345152
2008-09-15T10:30:00-07:00,122.78,122.97,120.15,120.37,11407449
2008-09-16T06:30:00-07:00,117.2,120.94,117.15,120.198,23118179
2008-09-16T10:30:00-07:00,120.19,122.09,117.97,121.96,19686131
2008-09-17T06:30:00-07:00,119.57,120.38,116.71,117.24,26321945
2008-09-17T10:30:00-07:00,117.24,119.69,116.02,116.29,23486675
2008-09-18T06:30:00-07:00,118.06,119,113.8,116.13,34059243
2008-09-18T10:30:00-07:00,116.12,121.79,115.89,120.54,28293913
2008-09-19T06:30:00-07:00,126.92,127.9,123.33,125.56,21872057
2008-09-19T10:30:00-07:00,125.57,125.59,123.52,125.03,13374049
2008-09-22T06:30:00-07:00,124.45,124.75,122.33,122.46,10789886
2008-09-22T10:30:00-07:00,122.46,122.95,120.36,120.61,10799982
2008-09-23T06:30:00-07:00,120.86,122.02,118.82,119.11,14958054
2008-09-23T10:30:00-07:00,119.11,121.19,118.5,118.72,14534143
2008-09-24T06:30:00-07:00,119.19,119.68,118.08,119.41,15454265
2008-09-24T10:30:00-07:00,119.4,119.6,117.79,118.84,9837516
2008-09-25T06:30:00-07:00,119.56,121.87,119.07,121.39,15603146
2008-09-25T10:30:00-07:00,121.4,121.91,120.23,121.01,10413514
2008-09-26T06:30:00-07:00,118.82,120.22,118.51,120.02,14285694
2008-09-26T10:30:00-07:00,120.01,121.5,119.23,121.37,10654437
2008-09-29T06:30:00-07:00,119.18,119.34,115.76,116.87,19170693
2008-09-29T10:30:00-07:00,116.87,116.91,110.97,112.82,21567703
2008-09-30T06:30:00-07:00,113.51,115.04,112.72,115.01,12966044
2008-09-30T10:30:00-07:00,115,116.8,114.9,116.61,13607536
2008-10-01T06:30:00-07:00,115.19,116.64,113.95,115.6499,17313420
2008-10-01T10:30:00-07:00,115.65,116.69,114.74,116,11843429
2008-10-02T06:30:00-07:00,114.95,115.11,112.06,112.51,16407950
2008-10-02T10:30:00-07:00,112.52,113.11,111.06,111.3,13916811
2008-10-03T06:30:00-07:00,112.84,115.45,112.8,113.84,18811074
2008-10-03T10:30:00-07:00,113.84,114.03,109.68,109.97,21739179
2008-10-06T06:30:00-07:00,107.12,107.62,102.53,103.79,27959224
2008-10-06T10:30:00-07:00,103.79,106.44,100.64,106.272,25634338
2008-10-07T06:30:00-07:00,106.82,107.33,102.26,102.69,23642706
2008-10-07T10:30:00-07:00,102.7,103.85,99.65,99.74,22870907
2008-10-08T06:30:00-07:00,97.59,102.12,96.81,99.16,35566011
2008-10-08T10:30:00-07:00,99.15,102.18,98.15,98.44,22952265
2008-10-09T06:30:00-07:00,99.66,100.62,95.93,97.86,24122604
2008-10-09T10:30:00-07:00,97.87,98.35,90.9,91.76,23114545
2008-10-10T06:30:00-07:00,86.8,92.04,83.58,86.68,38372148
2008-10-10T10:30:00-07:00,86.69,93.94,84.05,90.45,30469126
2008-10-13T06:30:00-07:00,93.87,96.53,93.17,96.38,20196967
2008-10-13T10:30:00-07:00,96.37,101.01,95.09,100.82,18145295
2008-10-14T06:30:00-07:00,104.71,105.3,99.12,100.6899,27332759
2008-10-14T10:30:00-07:00,100.69,101.26,97.11,99.9,20352736
2008-10-15T06:30:00-07:00,97.47,97.8,94.04,94.33,24433219
2008-10-15T10:30:00-07:00,94.34,94.75,90.5,90.71,19749693
2008-10-16T06:30:00-07:00,91.29,92.59,86.54,90.02,38541939
2008-10-16T10:30:00-07:00,90.02,94.77,89.05,94.42,21110216
2008-10-17T06:30:00-07:00,92,97.42,91.65,97.22,23398592
2008-10-17T10:30:00-07:00,97.23,98.59,93.97,94.07,19549063
2008-10-20T06:30:00-07:00,95.35,97.04,94.35,96.48,16706269
2008-10-20T10:30:00-07:00,96.47,98.55,96.05,98.48,12118963
2008-10-21T06:30:00-07:00,96.96,98.64,95.4,96.39,17361446
2008-10-21T10:30:00-07:00,96.4,98.41,95.22,95.53,14233932
2008-10-22T06:30:00-07:00,93.2,93.5001,91.18,91.46,20720525
2008-10-22T10:30:00-07:00,91.47,91.83,87.53,90.14,21857700
2008-10-23T06:30:00-07:00,90.28,92.45,87.76,88,29885375
2008-10-23T10:30:00-07:00,88,91.24,85.81,91.03,28393469
2008-10-24T06:30:00-07:00,84.03,89,83.81,87.67,28762615
2008-10-24T10:30:00-07:00,87.68,89.92,85.98,87.63,19577548
2008-10-27T06:30:00-07:00,85.96,89.06,85.51,89.04,21949282
2008-10-27T10:30:00-07:00,89.06,89.51,84.68,84.87,13998913
2008-10-28T06:30:00-07:00,87.33,88.31,84.53,87.1,24399259
2008-10-28T10:30:00-07:00,87.11,94.13,86,94,22981514
2008-10-29T06:30:00-07:00,93.77,95.42,92.79,94.71,20111026
2008-10-29T10:30:00-07:00,94.71,97.17,92.1,92.72,29247350
2008-10-30T06:30:00-07:00,95.77,96.51,92.9,94.19,21658954
2008-10-30T10:30:00-07:00,94.19,95.95,93.77,95.45,16853530
2008-10-31T06:30:00-07:00,95.05,97.85,94.48,97.52,18164551
2008-10-31T10:30:00-07:00,97.52,98.57,95.72,97.24,18777977
2008-11-03T06:30:00-08:00,96.74,97.69,96.3,96.79,11282924
2008-11-03T10:30:00-08:00,96.79,97.22,95.95,96.76,6918911
2008-11-04T06:30:00-08:00,99.02,100.72,98.19,100.3,16740210
2008-11-04T10:30:00-08:00,100.3,100.86,98.75,100.39,15022252
2008-11-05T06:30:00-08:00,99.1,100.2,97.14,97.65,20175651
2008-11-05T10:30:00-08:00,97.65,97.91,95,95.45,15711069
2008-11-06T06:30:00-08:00,94.46,95.43,90.66,91.17,26306477
2008-11-06T10:30:00-08:00,91.18,92.39,90.12,90.66,20018656
2008-11-07T06:30:00-08:00,91.6,93.26,90.86,92.71,21986325
2008-11-07T10:30:00-08:00,92.71,93.38,91.13,93.21,16696065
2008-11-10T06:30:00-08:00,95.25,95.53,91.49,92.28,18624885
2008-11-10T10:30:00-08:00,92.26,92.91,90.93,92.22,13533946
2008-11-11T06:30:00-08:00,90.76,90.94,88.67,89.14,22462121
2008-11-11T10:30:00-08:00,89.17,92.03,88.9,90.11,26095171
2008-11-12T06:30:00-08:00,88.23,88.95,86.81,87.27,23245410
2008-11-12T10:30:00-08:00,87.27,87.3,85.27,85.69,17399838
2008-11-13T06:30:00-08:00,86.13,87.07,82.09,84.07,32756978
2008-11-13T10:30:00-08:00,84.07,91.65,83.92,91.53,44137393
2008-11-14T06:30:00-08:00,89.41,91.07,87.25,88.65,26518779
2008-11-14T10:30:00-08:00,88.63,92.05,87.32,87.55,27217677
2008-11-17T06:30:00-08:00,86.38,88.55,85.16,87.41,24332968
2008-11-17T10:30:00-08:00,87.43,87.79,85.2,85.4,14138981
2008-11-18T06:30:00-08:00,85.15,87,84.27,84.81,24288127
2008-11-18T10:30:00-08:00,84.81,86.25,82.91,86.2,28023539
2008-11-19T06:30:00-08:00,85.91,86.86,83.04,83.15,24810198
2008-11-19T10:30:00-08:00,83.12,84.14,80.93,81.13,27516757
2008-11-20T06:30:00-08:00,80.13,82.51,77.92,80.09,49203194
2008-11-20T10:30:00-08:00,80.09,81,75.09,75.77,36341021
2008-11-21T06:30:00-08:00,77.46,77.75,74.35,75.83,34508567
2008-11-21T10:30:00-08:00,75.84,80.52,74.58,80.34,35106810
2008-11-24T06:30:00-08:00,81.92,84.63,81.17,84.035,26794744
2008-11-24T10:30:00-08:00,84.04,86.98,83.37,84.94,22276345
2008-11-25T06:30:00-08:00,87.3,87.51,84.08,85.18,28703419
2008-11-25T10:30:00-08:00,85.2,86.85,83.83,86.03,19301972
2008-11-26T06:30:00-08:00,84.3,87.75,84.25,87.35,18521887
2008-11-26T10:30:00-08:00,87.37,89.14,86.7,89.04,14824995
2008-11-28T06:30:00-08:00,88.63,90.03,88.48,89.83,8165025
2008-12-01T06:30:00-08:00,87.51,87.53,84.39,84.82,19114353
2008-12-01T10:30:00-08:00,84.84,85.43,81.97,82.11,20484845
2008-12-02T06:30:00-08:00,83.47,85.24,82.24,84.78,20509617
2008-12-02T10:30:00-08:00,84.77,85.49,82.3,85.4,23194659
2008-12-03T06:30:00-08:00,83.4,86.95,83.14,85.05,24116447
2008-12-03T10:30:00-08:00,85.03,87.82,83.9,87.51,22711758
2008-12-04T06:30:00-08:00,86.06,88.05,85.93,86.09,21772072
2008-12-04T10:30:00-08:00,86.08,87.52,83.74,84.9,21204727
2008-12-05T06:30:00-08:00,83.63,84.66,82.25,83.93,21885506
2008-12-05T10:30:00-08:00,83.93,88.41,83.91,88.05,27141890
2008-12-08T06:30:00-08:00,90.34,91.63,90.03,90.47,27617384
2008-12-08T10:30:00-08:00,90.46,92.38,89.8,91.24,21561269
2008-12-09T06:30:00-08:00,90.37,92.13,89.89,90.3,21438440
2008-12-09T10:30:00-08:00,90.29,90.67,88.99,89.39,19356796
2008-12-10T06:30:00-08:00,90.33,91.36,89.75,90.45,18268139
2008-12-10T10:30:00-08:00,90.47,90.7,89,90.35,17687304
2008-12-11T06:30:00-08:00,89.53,91,89.05,90.14,17583912
2008-12-11T10:30:00-08:00,90.15,90.34,87.37,87.95,19733415
2008-12-12T06:30:00-08:00,85.51,88.58,85.21,87.73,24426645
2008-12-12T10:30:00-08:00,87.74,88.9,86.67,88.46,15522404
2008-12-15T06:30:00-08:00,89.02,89.14,86.71,87.27,14558577
2008-12-15T10:30:00-08:00,87.26,88,86.29,87.49,11600134
2008-12-16T06:30:00-08:00,88.3,89.14,88.19,88.96,15090092
2008-12-16T10:30:00-08:00,88.95,92.01,88.73,91.85,26880280
2008-12-17T06:30:00-08:00,90.84,91.99,90.07,91.68,17280966
2008-12-17T10:30:00-08:00,91.67,92.43,90.83,91,12786169
2008-12-18T06:30:00-08:00,91.4,91.66,90.51,90.93,15648463
2008-12-18T10:30:00-08:00,90.92,91.02,88.22,89.14,17820760
2008-12-19T06:30:00-08:00,89.1,90.38,88.4,89.19,17754291
2008-12-19T10:30:00-08:00,89.22,89.48,88.09,88.39,12760128
2008-12-22T06:30:00-08:00,88.58,88.66,86.91,87.4,10988461
2008-12-22T10:30:00-08:00,87.4,87.4,85.5,86.93,12252534
2008-12-23T06:30:00-08:00,87.53,87.92,86.17,86.52,13912761
2008-12-23T10:30:00-08:00,86.53,86.95,85.8,86.17,8866267
2008-12-24T06:30:00-08:00,86.46,86.87,86,86.65,7034539
2008-12-26T06:30:00-08:00,87.24,87.3,86.51,86.65,4465845
2008-12-26T10:30:00-08:00,86.67,87.27,86.64,87.13,4142568
2008-12-29T06:30:00-08:00,87.24,87.31,85.61,85.63,8990559
2008-12-29T10:30:00-08:00,85.62,86.92,85.61,86.9,7014925
2008-12-30T06:30:00-08:00,87.51,88.47,87.09,88.02,13706285
2008-12-30T10:30:00-08:00,88.01,89.04,87.72,88.88,8704517
2008-12-31T06:30:00-08:00,89.08,90.19,88.88,89.77,10782004
2008-12-31T10:30:00-08:00,89.76,90.97,89.75,90.26,11289509
2009-01-02T06:30:00-08:00,90.44,92.38,89.85,92.34,15509372
2009-01-02T10:30:00-08:00,92.35,93.44,92.14,92.97,13513235
2009-01-05T06:30:00-08:00,92.63,93.35,91.9,93.08,16551967
2009-01-05T10:30:00-08:00,93.08,93.65,92.1,92.81,13010769
2009-01-06T06:30:00-08:00,93.64,94.45,92.68,93.14,19707110
2009-01-06T10:30:00-08:00,93.13,94.21,92.88,93.45,15196466
2009-01-07T06:30:00-08:00,91.98,92.25,91.25,91.6,15793751
2009-01-07T10:30:00-08:00,91.59,91.75,90.2,90.69,12068312
2009-01-08T06:30:00-08:00,90.16,90.8,89.67,89.83,14802730
2009-01-08T10:30:00-08:00,89.82,91.09,89.75,91.08,9615352
2009-01-09T06:30:00-08:00,91.16,91.31,89.04,89.44,17518890
2009-01-09T10:30:00-08:00,89.44,90.16,88.82,89.01,11246678
2009-01-12T06:30:00-08:00,88.84,88.91,87.35,87.57,12247910
2009-01-12T10:30:00-08:00,87.56,87.8,86.42,87,12513254
2009-01-13T06:30:00-08:00,86.73,87.76,86.51,86.86,20985560
2009-01-13T10:30:00-08:00,86.86,87.47,86.21,87.09,19736967
2009-01-14T06:30:00-08:00,85.54,85.75,83.69,84.11,25263639
2009-01-14T10:30:00-08:00,84.12,85.04,83.72,84.36,20587034
2009-01-15T06:30:00-08:00,84.11,84.28,81.73,82.57,25464761
2009-01-15T10:30:00-08:00,82.58,85.25,82.5,84.49,25999981
2009-01-16T06:30:00-08:00,85.86,85.96,83.05,83.78,23576780
2009-01-16T10:30:00-08:00,83.8,85.49,83.72,84.96,13738899
2009-01-20T06:30:00-08:00,84.23,84.46,82.12,82.68,21647194
2009-01-20T10:30:00-08:00,82.68,82.68,80.47,80.62,18135380
2009-01-21T06:30:00-08:00,81.95,82.45,80.47,81.26,24701226
2009-01-21T10:30:00-08:00,81.28,84.24,81.22,84.04,17900883
2009-01-22T06:30:00-08:00,82.42,82.97,81.18,82.05,23162042
2009-01-22T10:30:00-08:00,82.04,84.04,81.79,82.8,20256379
2009-01-23T06:30:00-08:00,80.9,83.48,80.58,83.11,26624282
2009-01-23T10:30:00-08:00,83.11,83.99,82.51,83.09,15809052
2009-01-26T06:30:00-08:00,83.59,85.35,83.44,84.37,22357122
2009-01-26T10:30:00-08:00,84.37,84.45,82.81,83.71,18007147
2009-01-27T06:30:00-08:00,84.13,85.14,83.56,84.69,19276489
2009-01-27T10:30:00-08:00,84.69,85.08,84.02,84.57,10872162
2009-01-28T06:30:00-08:00,86.4,87.25,86.07,87.21,14653125
2009-01-28T10:30:00-08:00,87.22,87.95,86.55,87.42,18844957
2009-01-29T06:30:00-08:00,86.11,86.35,84.84,85.17,17355368
2009-01-29T10:30:00-08:00,85.18,85.47,84.47,84.57,12688490
2009-01-30T06:30:00-08:00,84.98,85.25,82.96,83.49,22001508
2009-01-30T10:30:00-08:00,83.49,83.69,82.22,82.7,18304993
2009-02-02T06:30:00-08:00,81.56,83.13,81.31,82.35,20077862
2009-02-02T10:30:00-08:00,82.36,83.18,81.71,82.59,13898734
2009-02-03T06:30:00-08:00,83.1,83.4,82.23,82.72,17499337
2009-02-03T10:30:00-08:00,82.72,84.36,82.67,83.8,15153119
2009-02-04T06:30:00-08:00,84.3,85.37,83.92,84.52,19569702
2009-02-04T10:30:00-08:00,84.52,84.55,83.04,83.31,18093014
2009-02-05T06:30:00-08:00,82.7,85.17,82.13,84.37,22477254
2009-02-05T10:30:00-08:00,84.38,85.285,84.11,84.65,15524649
2009-02-06T06:30:00-08:00,84.86,87.15,84.69,87.05,18509431
2009-02-06T10:30:00-08:00,87.05,87.33,86.41,86.96,16733504
2009-02-09T06:30:00-08:00,86.96,87.74,86.33,87.25,14243336
2009-02-09T10:30:00-08:00,87.26,87.49,86.49,87.15,11051395
2009-02-10T06:30:00-08:00,86.28,87.03,83.12,83.37,34124546
2009-02-10T10:30:00-08:00,83.36,83.7,82.45,82.96,19312893
2009-02-11T06:30:00-08:00,83.45,84.05,82.88,83.33,22415427
2009-02-11T10:30:00-08:00,83.34,83.99,82.415,83.66,17785500
2009-02-12T06:30:00-08:00,82.17,82.95,81.31,82.15,28950852
2009-02-12T10:30:00-08:00,82.15,83.82,81.05,83.71,24021955
2009-02-13T06:30:00-08:00,83.55,84.22,82.75,83.33,19262055
2009-02-13T10:30:00-08:00,83.33,84.01,82.78,82.78,14822560
2009-02-17T06:30:00-08:00,80.16,80.62,79.18,79.4,23783287
2009-02-17T10:30:00-08:00,79.4,80.44,79.17,79.22,18331425
2009-02-18T06:30:00-08:00,79.79,79.94,78.28,79.15,22869384
2009-02-18T10:30:00-08:00,79.14,79.43,78.55,79.08,13269578
2009-02-19T06:30:00-08:00,79.84,80.15,78.52,79.4,20215020
2009-02-19T10:30:00-08:00,79.4,79.41,78.02,78.28,15446922
2009-02-20T06:30:00-08:00,76.73,77.87,75.77,76.14,23583491
2009-02-20T10:30:00-08:00,76.14,78.33,76.05,77.41,22404258
2009-02-23T06:30:00-08:00,78.27,78.27,75.32,75.69,22913581
2009-02-23T10:30:00-08:00,75.69,76.21,74.59,74.78,19144111
2009-02-24T06:30:00-08:00,75.29,76.58,74.84,76.56,25756778
2009-02-24T10:30:00-08:00,76.56,77.95,76.52,77.56,22521233
2009-02-25T06:30:00-08:00,77.14,77.35,75.63,76.19,29685758
2009-02-25T10:30:00-08:00,76.19,78.41,76.18,76.88,24012640
2009-02-26T06:30:00-08:00,77.83,78.37,76.53,76.95,19932561
2009-02-26T10:30:00-08:00,76.93,77.3,75.54,75.67,18221229
2009-02-27T06:30:00-08:00,74.01,75.38,73.82,75.02,21951252
2009-02-27T10:30:00-08:00,75.03,75.57,73.86,74,18585491
2009-03-02T06:30:00-08:00,72.52,72.92,70.87,71.03,24459630
2009-03-02T10:30:00-08:00,71.04,71.74,70.38,70.59,18810530
2009-03-03T06:30:00-08:00,71.6,71.69,69.65,70.06,25849742
2009-03-03T10:30:00-08:00,70.06,71.44,69.77,70.03,20105886
2009-03-04T06:30:00-08:00,71.24,71.95,70.41,71.33,29408333
2009-03-04T10:30:00-08:00,71.33,72.87,71.21,71.73,21253952
2009-03-05T06:30:00-08:00,70.1,70.86,68.81,69.42,29076029
2009-03-05T10:30:00-08:00,69.42,69.43,68.18,68.77,23287274
2009-03-06T06:30:00-08:00,69.4,70.45,67.59,67.74,25922794
2009-03-06T10:30:00-08:00,67.74,69,67.11,68.85,19515317
2009-03-09T06:30:00-07:00,67.95,70,67.95,68.35,21284026
2009-03-09T10:30:00-07:00,68.35,68.97,67.74,68.07,13662310
2009-03-10T06:30:00-07:00,69.51,72.07,69.37,71.6,26101237
2009-03-10T10:30:00-07:00,71.59,72.36,71.24,72.21,16793030
2009-03-11T06:30:00-07:00,73.01,73.74,72.18,72.27,23882623
2009-03-11T10:30:00-07:00,72.28,73.32,71.84,72.6,15216656
2009-03-12T06:30:00-07:00,72.62,74.47,71.97,74.16,24557242
2009-03-12T10:30:00-07:00,74.17,75.75,74.11,75.5,21626978
2009-03-13T06:30:00-07:00,76.01,76.38,74.74,75.78,22651277
2009-03-13T10:30:00-07:00,75.78,76.32,75.48,76.11,11284140
2009-03-16T06:30:00-07:00,76.96,77.95,76.55,77.68,21109170
2009-03-16T10:30:00-07:00,77.68,77.96,75.81,75.94,17321964
2009-03-17T06:30:00-07:00,76.07,77.4,75.45,77.2,18360683
2009-03-17T10:30:00-07:00,77.21,78.29,76.7,78.25,16768002
2009-03-18T06:30:00-07:00,77.81,78.34,77.08,78.23,20581172
2009-03-18T10:30:00-07:00,78.22,80.89,78.2,79.88,26930893
2009-03-19T06:30:00-07:00,80.93,80.99,78.72,79.38,29664183
2009-03-19T10:30:00-07:00,79.37,79.84,78.69,78.87,14670844
2009-03-20T06:30:00-07:00,78.76,78.85,77.19,77.26,24703771
2009-03-20T10:30:00-07:00,77.25,77.55,76.53,76.7,21044870
2009-03-23T06:30:00-07:00,78.74,80.53,78.4,79.81,22977099
2009-03-23T10:30:00-07:00,79.815,82.26,79.6,82.26,22794560
2009-03-24T06:30:00-07:00,81.24,82.35,80.88,82.26,22476296
2009-03-24T10:30:00-07:00,82.26,82.26,80.51,80.61,16153873
2009-03-25T06:30:00-07:00,81.23,82.69,80.88,81,23702001
2009-03-25T10:30:00-07:00,81,81.57,79.07,81.39,24725129
2009-03-26T06:30:00-07:00,82.25,83.25,81.49,83,22002885
2009-03-26T10:30:00-07:00,82.99,83.3,82.06,83.16,14835418
2009-03-27T06:30:00-07:00,82.05,82.53,81.53,81.88,17563717
2009-03-27T10:30:00-07:00,81.88,82.37,81.32,81.62,15283888
2009-03-30T06:30:00-07:00,79.8,79.87,78.41,78.78,22522459
2009-03-30T10:30:00-07:00,78.77,78.94,77.96,78.79,16736027
2009-03-31T06:30:00-07:00,79.56,80.32,79.05,80.21,17236247
2009-03-31T10:30:00-07:00,80.21,81.07,79.57,79.57,20827208
2009-04-01T06:30:00-07:00,78.53,80.91,78.33,80.56,22359075
2009-04-01T10:30:00-07:00,80.56,81.42,80.18,81.03,16710785
2009-04-02T06:30:00-07:00,83.1,84.6,82.73,83.85,28833093
2009-04-02T10:30:00-07:00,83.86,84.46,83.03,83.4,18546450
2009-04-03T06:30:00-07:00,83.49,83.76,82.68,83.55,16321459
2009-04-03T10:30:00-07:00,83.56,84.27,83.26,84.25,12483237
2009-04-06T06:30:00-07:00,83.34,83.54,82.29,82.6,14675458
2009-04-06T10:30:00-07:00,82.6,83.8,82.42,83.53,11013706
2009-04-07T06:30:00-07:00,82.25,82.65,81.67,81.8,16309949
2009-04-07T10:30:00-07:00,81.79,82.36,81.51,81.58,9741036
2009-04-08T06:30:00-07:00,82.06,82.94,81.54,82.72,13374071
2009-04-08T10:30:00-07:00,82.71,82.8,81.6,82.54,9823077
2009-04-09T06:30:00-07:00,84.7,85.18,84.34,84.87,18071992
2009-04-09T10:30:00-07:00,84.87,85.81,84.73,85.8,13518597
2009-04-13T06:30:00-07:00,84.92,85.73,84.59,85.59,11826615
2009-04-13T10:30:00-07:00,85.6,86.54,85.39,85.84,9798486
2009-04-14T06:30:00-07:00,85.03,85.76,84.09,84.39,13263934
2009-04-14T10:30:00-07:00,84.38,84.94,84.11,84.33,11331002
2009-04-15T06:30:00-07:00,83.84,84.87,83.61,84.52,13353669
2009-04-15T10:30:00-07:00,84.52,85.42,83.87,85.3,11287037
2009-04-16T06:30:00-07:00,85.93,85.96,84.77,85.81,15294712
2009-04-16T10:30:00-07:00,85.8,87.15,85.37,86.53,16982284
2009-04-17T06:30:00-07:00,86.83,87.24,86.15,87.17,15171024
2009-04-17T10:30:00-07:00,87.18,87.65,86.95,87.1,13207010
2009-04-20T06:30:00-07:00,85.54,85.66,83.73,83.75,15116646
2009-04-20T10:30:00-07:00,83.74,84.04,83.34,83.42,12690234
2009-04-21T06:30:00-07:00,82.82,84.64,82.76,84.3,19155986
2009-04-21T10:30:00-07:00,84.31,85.13,84.03,85.04,12962114
2009-04-22T06:30:00-07:00,84.29,86.13,84.07,85.54,21508991
2009-04-22T10:30:00-07:00,85.56,86.34,84.34,84.54,13241949
2009-04-23T06:30:00-07:00,84.71,84.96,83.63,84.71,13145948
2009-04-23T10:30:00-07:00,84.71,85.42,84.15,85.35,13608290
2009-04-24T06:30:00-07:00,86.03,86.95,85.69,86.82,11858345
2009-04-24T10:30:00-07:00,86.81,87.31,85.74,86.64,15369619
2009-04-27T06:30:00-07:00,85.68,87.01,85.56,85.92,14229888
2009-04-27T10:30:00-07:00,85.92,86.37,85.55,85.84,12613963
2009-04-28T06:30:00-07:00,84.97,86.31,84.76,85.86,12569846
2009-04-28T10:30:00-07:00,85.86,86.59,85.53,85.58,8653078
2009-04-29T06:30:00-07:00,86.52,87.88,86.3,87.83,11650721
2009-04-29T10:30:00-07:00,87.82,88.36,86.85,87.44,12500608
2009-04-30T06:30:00-07:00,88.55,89.02,87.15,87.31,15449853
2009-04-30T10:30:00-07:00,87.305,87.97,86.94,87.38,11239896
2009-05-01T06:30:00-07:00,87.44,87.89,86.72,87.89,12064836
2009-05-01T10:30:00-07:00,87.89,88.2,87.14,87.86,8606503
2009-05-04T06:30:00-07:00,88.55,90.04,88.38,89.82,13797036
2009-05-04T10:30:00-07:00,89.82,90.92,89.78,90.92,12125194
2009-05-05T06:30:00-07:00,90.57,90.92,89.88,90.08,12901517
2009-05-05T10:30:00-07:00,90.08,90.69,89.84,90.5,8060182
2009-05-06T06:30:00-07:00,91.68,91.74,90.61,90.98,14869755
2009-05-06T10:30:00-07:00,90.99,92.2,90.9,92.14,12404671
2009-05-07T06:30:00-07:00,93.03,93.15,90.98,90.99,14582908
2009-05-07T10:30:00-07:00,91,91.11,90.29,90.84,12257437
2009-05-08T06:30:00-07:00,92.03,92.8,91.44,92.56,16719531
2009-05-08T10:30:00-07:00,92.56,93.22,92.325,93.02,12367597
2009-05-11T06:30:00-07:00,91.68,92.11,91.05,91.67,11409291
2009-05-11T10:30:00-07:00,91.67,91.94,91.06,91.2,9031783
2009-05-12T06:30:00-07:00,91.63,91.82,89.85,90.12,12869159
2009-05-12T10:30:00-07:00,90.14,91.68,90.05,91.05,13021225
2009-05-13T06:30:00-07:00,89.7,90,88.6,88.62,15500495
2009-05-13T10:30:00-07:00,88.62,89.14,88.5,88.71,12524475
2009-05-14T06:30:00-07:00,88.76,89.85,88.51,89.4,13880402
2009-05-14T10:30:00-07:00,89.4,90.11,89.32,89.45,10124538
2009-05-15T06:30:00-07:00,89.37,90,88.6,88.63,12446158
2009-05-15T10:30:00-07:00,88.64,88.83,88.15,88.7,10310989
2009-05-18T06:30:00-07:00,89.55,90.62,89.38,90.41,11028233
2009-05-18T10:30:00-07:00,90.42,91.3,90.19,91.26,8999864
2009-05-19T06:30:00-07:00,91.18,91.89,90.82,91.78,11321749
2009-05-19T10:30:00-07:00,91.78,91.97,91.03,91.13,8033643
2009-05-20T06:30:00-07:00,91.95,92.79,91.17,91.52,16415707
2009-05-20T10:30:00-07:00,91.52,91.91,90.42,90.59,10504026
2009-05-21T06:30:00-07:00,89.45,89.8,88.73,88.9,14017042
2009-05-21T10:30:00-07:00,88.9,89.22,88.27,89.21,9831793
2009-05-22T06:30:00-07:00,89.46,89.92,88.68,89.66,10684003
2009-05-22T10:30:00-07:00,89.66,90,89.01,89.06,6208592
2009-05-26T06:30:00-07:00,88.36,91.42,88.32,91.27,15490902
2009-05-26T10:30:00-07:00,91.28,91.56,90.8,91.32,8731336
2009-05-27T06:30:00-07:00,91.44,91.75,90.94,91.39,10936331
2009-05-27T10:30:00-07:00,91.39,91.39,89.53,89.67,11871085
2009-05-28T06:30:00-07:00,90.46,91.02,89.1,90.77,15887578
2009-05-28T10:30:00-07:00,90.77,91.33,90.4,90.95,6742901
2009-05-29T06:30:00-07:00,91.41,91.68,90.68,91.27,10623315
2009-05-29T10:30:00-07:00,91.27,92.67,90.82,92.51,7713726
2009-06-01T06:30:00-07:00,93.67,94.91,93.43,94.68,12715430
2009-06-01T10:30:00-07:00,94.69,95.17,94.38,94.76,9869382
2009-06-02T06:30:00-07:00,94.4,95.36,94.17,94.8,12272282
2009-06-02T10:30:00-07:00,94.81,95.22,94.72,94.85,8251964
2009-06-03T06:30:00-07:00,94.04,94.12,92.93,93.01,11216364
2009-06-03T10:30:00-07:00,93,93.65,92.76,93.65,11537388
2009-06-04T06:30:00-07:00,93.98,94.44,93.3,94.35,10366511
2009-06-04T10:30:00-07:00,94.35,94.67,94.26,94.57,8591536
2009-06-05T06:30:00-07:00,95.49,95.66,93.8,94.72,15269580
2009-06-05T10:30:00-07:00,94.71,94.89,93.95,94.55,6995495
2009-06-08T06:30:00-07:00,93.84,93.99,93.04,93.39,10356547
2009-06-08T10:30:00-07:00,93.39,95.1,93.33,94.32,9481034
2009-06-09T06:30:00-07:00,94.69,94.98,94.02,94.645,11853154
2009-06-09T10:30:00-07:00,94.63,95.14,94.46,94.66,7949686
2009-06-10T06:30:00-07:00,95.48,95.49,93.68,93.75,13111094
2009-06-10T10:30:00-07:00,93.74,94.4,93.2,94.355,10924627
2009-06-11T06:30:00-07:00,94.58,96.09,94.56,96.09,13667385
2009-06-11T10:30:00-07:00,96.08,96.11,94.81,94.86,10590774
2009-06-12T06:30:00-07:00,94.4,94.8,94,94.51,10880100
2009-06-12T10:30:00-07:00,94.52,95.13,94.46,95.11,7172024
2009-06-15T06:30:00-07:00,93.96,94.02,92.53,92.57,13871063
2009-06-15T10:30:00-07:00,92.57,93.01,92.43,92.86,9032178
2009-06-16T06:30:00-07:00,93.23,93.29,91.75,91.95,13308276
2009-06-16T10:30:00-07:00,91.96,92.28,91.58,91.66,9049246
2009-06-17T06:30:00-07:00,91.59,92.02,90.83,91.92,15992218
2009-06-17T10:30:00-07:00,91.93,92.33,91.41,91.57,8877412
2009-06-18T06:30:00-07:00,91.69,92.67,91.26,92.61,14844105
2009-06-18T10:30:00-07:00,92.61,92.63,92.02,92.19,8641866
2009-06-19T06:30:00-07:00,92.58,92.7,91.81,91.91,13062023
2009-06-19T10:30:00-07:00,91.92,92.38,91.52,91.97,9550860
2009-06-22T06:30:00-07:00,91.14,91.19,89.36,89.51,15904771
2009-06-22T10:30:00-07:00,89.51,89.96,89.27,89.27,8779677
2009-06-23T06:30:00-07:00,89.47,89.87,88.85,89.46,13265460
2009-06-23T10:30:00-07:00,89.47,89.77,89.21,89.44,5591114
2009-06-24T06:30:00-07:00,90.16,91.07,90.04,90.81,11120910
2009-06-24T10:30:00-07:00,90.8,90.87,89.6,90.11,12582479
2009-06-25T06:30:00-07:00,89.67,92.16,89.57,92.02,18159749
2009-06-25T10:30:00-07:00,92.02,92.09,91.38,92.02,9887549
2009-06-26T06:30:00-07:00,91.77,92.03,91.28,91.7,12481882
2009-06-26T10:30:00-07:00,91.69,92.23,91.52,91.78,7400726
2009-06-29T06:30:00-07:00,92.11,92.81,91.6,92.66,11763034
2009-06-29T10:30:00-07:00,92.66,92.81,92.42,92.725,6554234
2009-06-30T06:30:00-07:00,92.7,93.05,91.27,91.52,16288938
2009-06-30T10:30:00-07:00,91.51,92.08,91.37,92.03,9552995
2009-07-01T06:30:00-07:00,92.35,93.23,92.33,92.96,13242560
2009-07-01T10:30:00-07:00,92.95,92.96,92.22,92.33,7793564
2009-07-02T06:30:00-07:00,91.13,91.16,90.1,90.24,13802830
2009-07-02T10:30:00-07:00,90.24,90.3,89.76,89.81,8432283
2009-07-06T06:30:00-07:00,88.94,89.67,88.66,89.47,13419211
2009-07-06T10:30:00-07:00,89.48,89.93,89.21,89.9,8302918
2009-07-07T06:30:00-07:00,89.71,89.82,88.69,89.09,12160406
2009-07-07T10:30:00-07:00,89.11,89.28,88.01,88.09,12470082
2009-07-08T06:30:00-07:00,88.6,88.8,87.08,87.81,18083030
2009-07-08T10:30:00-07:00,87.8,88.34,87.01,88.01,13213770
2009-07-09T06:30:00-07:00,88.61,88.77,87.91,88.61,13103164
2009-07-09T10:30:00-07:00,88.63,88.9,88.15,88.23,5458028
2009-07-10T06:30:00-07:00,87.7,88.49,87.36,87.83,13859462
2009-07-10T10:30:00-07:00,87.82,88.22,87.68,87.95,6567624
2009-07-13T06:30:00-07:00,88.3,89.75,87.59,89.68,14583058
2009-07-13T10:30:00-07:00,89.69,90.16,89.53,90.11,10362439
2009-07-14T06:30:00-07:00,90.38,90.64,89.73,90.34,11541499
2009-07-14T10:30:00-07:00,90.34,90.69,90.11,90.68,6630250
2009-07-15T06:30:00-07:00,91.81,92.8,91.69,92.8,12391788
2009-07-15T10:30:00-07:00,92.81,93.51,92.77,93.33,11924184
2009-07-16T06:30:00-07:00,93,93.55,92.83,93.12,10664700
2009-07-16T10:30:00-07:00,93.12,94.51,93.08,94.16,14612107
2009-07-17T06:30:00-07:00,94.06,94.14,93.54,94.02,10246914
2009-07-17T10:30:00-07:00,94.03,94.32,93.74,94.13,5938637
2009-07-20T06:30:00-07:00,94.69,94.99,94.19,94.58,9361384
2009-07-20T10:30:00-07:00,94.57,95.28,94.48,95.14,7697948
2009-07-21T06:30:00-07:00,95.87,95.9,94.42,94.74,12629659
2009-07-21T10:30:00-07:00,94.74,95.58,94.64,95.58,7699013
2009-07-22T06:30:00-07:00,94.96,96.13,94.89,95.76,12984563
2009-07-22T10:30:00-07:00,95.76,95.9,95.3,95.54,7090294
2009-07-23T06:30:00-07:00,95.61,97.91,95.53,97.81,15878043
2009-07-23T10:30:00-07:00,97.82,98.08,97.48,97.67,12292959
2009-07-24T06:30:00-07:00,97.2,97.64,96.69,97.53,13721164
2009-07-24T10:30:00-07:00,97.53,98.14,97.53,98.06,8736465
2009-07-27T06:30:00-07:00,97.88,98.4,97.34,97.57,9360759
2009-07-27T10:30:00-07:00,97.57,98.38,97.53,98.35,4652128
2009-07-28T06:30:00-07:00,97.66,98.37,97.06,97.58,9797063
2009-07-28T10:30:00-07:00,97.59,98.25,97.49,98.06,7416185
2009-07-29T06:30:00-07:00,97.45,97.93,97.02,97.09,10585179
2009-07-29T10:30:00-07:00,97.09,97.8,96.98,97.66,6962312
2009-07-30T06:30:00-07:00,98.83,99.82,98.6,99.45,11847699
2009-07-30T10:30:00-07:00,99.45,99.63,98.655,98.7,8246113
2009-07-31T06:30:00-07:00,98.65,99.45,98.38,98.99,8533318
2009-07-31T10:30:00-07:00,99,99.47,98.69,98.82,6514064
2009-08-03T06:30:00-07:00,99.85,100.35,99.32,100.17,10812308
2009-08-03T10:30:00-07:00,100.17,100.53,100.04,100.39,5692221
2009-08-04T06:30:00-07:00,99.99,100.84,99.78,100.65,10054492
2009-08-04T10:30:00-07:00,100.66,100.69,100.15,100.69,7951451
2009-08-05T06:30:00-07:00,100.77,100.85,99.58,100.22,10854020
2009-08-05T10:30:00-07:00,100.21,100.79,100.03,100.41,7738389
2009-08-06T06:30:00-07:00,100.87,101.01,99.7,100.01,10209675
2009-08-06T10:30:00-07:00,100.02,100.21,99.42,99.89,6503976
2009-08-07T06:30:00-07:00,100.94,101.995,100.4,101.96,12613596
2009-08-07T10:30:00-07:00,101.97,102.02,101.19,101.19,7843170
2009-08-10T06:30:00-07:00,100.77,101.22,100.41,100.51,8568690
2009-08-10T10:30:00-07:00,100.52,100.98,100.27,100.97,5695025
2009-08-11T06:30:00-07:00,100.54,100.61,99.46,99.5,10808100
2009-08-11T10:30:00-07:00,99.51,100.11,99.51,99.65,6683353
2009-08-12T06:30:00-07:00,99.56,101.2,99.55,101.15,11476936
2009-08-12T10:30:00-07:00,101.15,101.56,100.49,100.79,10453104
2009-08-13T06:30:00-07:00,101.26,101.61,100.26,101.16,11890338
2009-08-13T10:30:00-07:00,101.17,101.58,100.7,101.58,6701649
2009-08-14T06:30:00-07:00,101.52,101.59,99.7,100.02,12973915
2009-08-14T10:30:00-07:00,100.01,100.74,99.86,100.73,6478280
2009-08-17T06:30:00-07:00,98.86,98.94,98.18,98.54,12693106
2009-08-17T10:30:00-07:00,98.54,98.65,98.12,98.24,8193161
2009-08-18T06:30:00-07:00,98.54,99.35,98.36,99.2,11547769
2009-08-18T10:30:00-07:00,99.2,99.44,99.02,99.19,6689626
2009-08-19T06:30:00-07:00,98.31,100.3,98.25,100.13,12783264
2009-08-19T10:30:00-07:00,100.13,100.22,99.61,100.01,6512309
2009-08-20T06:30:00-07:00,100.09,100.93,99.87,100.82,9782589
2009-08-20T10:30:00-07:00,100.82,101.22,100.67,101.02,6259021
2009-08-21T06:30:00-07:00,101.82,102.95,101.63,102.73,15160377
2009-08-21T10:30:00-07:00,102.73,103.13,102.5,102.92,9707174
2009-08-24T06:30:00-07:00,103.39,103.94,102.81,102.81,11784798
2009-08-24T10:30:00-07:00,102.81,103.2,102.59,102.93,7895640
2009-08-25T06:30:00-07:00,103.37,104.24,103.12,103.28,13057496
2009-08-25T10:30:00-07:00,103.28,103.5,102.94,103.16,7013376
2009-08-26T06:30:00-07:00,102.84,103.64,102.49,102.87,12061511
2009-08-26T10:30:00-07:00,102.87,103.32,102.86,103.18,5743269
2009-08-27T06:30:00-07:00,103.11,103.15,101.94,102.72,10762717
2009-08-27T10:30:00-07:00,102.73,103.72,102.73,103.45,8675134
2009-08-28T06:30:00-07:00,104.25,104.35,102.67,103.12,9222285
2009-08-28T10:30:00-07:00,103.13,103.45,102.99,103.34,4566730
2009-08-31T06:30:00-07:00,102.37,102.56,101.79,102.02,10216362
2009-08-31T10:30:00-07:00,102.02,102.58,101.95,102.47,6513811
2009-09-01T06:30:00-07:00,101.95,103.24,100.23,100.48,21186447
2009-09-01T10:30:00-07:00,100.47,100.75,99.99,100.16,10512278
2009-09-02T06:30:00-07:00,99.78,100.44,99.57,100.24,12358814
2009-09-02T10:30:00-07:00,100.25,100.41,99.81,99.84,6442934
2009-09-03T06:30:00-07:00,100.4,100.62,99.6,100.28,9122895
2009-09-03T10:30:00-07:00,100.28,100.77,99.92,100.66,5960275
2009-09-04T06:30:00-07:00,100.85,102.05,100.55,101.99,8813284
2009-09-04T10:30:00-07:00,101.98,102.09,101.63,102.07,6234075
2009-09-08T06:30:00-07:00,103,103.05,102.39,102.68,10208967
2009-09-08T10:30:00-07:00,102.68,103.01,102.51,102.9,5915227
2009-09-09T06:30:00-07:00,103.12,104.08,102.8,103.88,10334815
2009-09-09T10:30:00-07:00,103.89,103.94,103.18,103.75,8017441
2009-09-10T06:30:00-07:00,103.8,104.36,103.22,104.21,9232738
2009-09-10T10:30:00-07:00,104.21,104.86,104.18,104.81,6796088
2009-09-11T06:30:00-07:00,104.96,105.3,104.28,104.62,9337149
2009-09-11T10:30:00-07:00,104.62,104.98,104.42,104.76,4785284
2009-09-14T06:30:00-07:00,103.88,104.9,103.88,104.66,7571375
2009-09-14T10:30:00-07:00,104.66,105.46,104.65,105.33,6160197
2009-09-15T06:30:00-07:00,105.45,105.85,104.765,105.78,11992986
2009-09-15T10:30:00-07:00,105.79,106.11,105.55,105.72,7178097
2009-09-16T06:30:00-07:00,106.1,107.24,105.73,107.2,18698565
2009-09-16T10:30:00-07:00,107.21,107.34,106.91,107.31,11996336
2009-09-17T06:30:00-07:00,107.17,108.06,106.57,106.7,18885245
2009-09-17T10:30:00-07:00,106.7,107.39,106.65,107.15,7114037
2009-09-18T06:30:00-07:00,107.15,107.15,106.37,106.91,9949370
2009-09-18T10:30:00-07:00,106.91,107.14,106.71,106.71,5076074
2009-09-21T06:30:00-07:00,105.89,106.61,105.665,106.38,10178070
2009-09-21T10:30:00-07:00,106.38,106.71,106.19,106.45,5445468
2009-09-22T06:30:00-07:00,107.08,107.37,106.6,107.09,9193408
2009-09-22T10:30:00-07:00,107.1,107.31,106.96,107.09,4800352
2009-09-23T06:30:00-07:00,107.32,107.41,106.68,107.22,7881914
2009-09-23T10:30:00-07:00,107.23,108.02,105.99,106.1,12752757
2009-09-24T06:30:00-07:00,106.41,106.64,104.78,104.95,13560743
2009-09-24T10:30:00-07:00,104.96,105.33,104.56,105.04,9569136
2009-09-25T06:30:00-07:00,104.8,105.35,104.09,104.38,14185918
2009-09-25T10:30:00-07:00,104.38,104.93,104.3,104.465,7805541
2009-09-28T06:30:00-07:00,104.86,106.465,104.84,106.38,9391667
2009-09-28T10:30:00-07:00,106.38,106.54,106.01,106.3,6129976
2009-09-29T06:30:00-07:00,106.51,107.02,105.78,106.45,11298493
2009-09-29T10:30:00-07:00,106.44,106.52,106.01,106.02,4312163
2009-09-30T06:30:00-07:00,106.36,106.46,104.63,106.15,17190105
2009-09-30T10:30:00-07:00,106.14,106.25,105.16,105.56,12341928
2009-10-01T06:30:00-07:00,105.34,105.37,103.36,103.52,19435382
2009-10-01T10:30:00-07:00,103.53,103.94,102.95,102.97,10737754
2009-10-02T06:30:00-07:00,102.02,103.1,101.99,102.97,20736845
2009-10-02T10:30:00-07:00,102.98,103.03,102.36,102.54,7119040
2009-10-05T06:30:00-07:00,102.9,103.86,102.6,103.78,13278927
2009-10-05T10:30:00-07:00,103.78,104.31,103.59,104.05,6525053
2009-10-06T06:30:00-07:00,104.77,106.11,104.72,105.59,12303403
2009-10-06T10:30:00-07:00,105.58,105.7,104.73,105.52,10509007
2009-10-07T06:30:00-07:00,105.27,105.9,105.07,105.51,9351860
2009-10-07T10:30:00-07:00,105.52,105.87,105.22,105.83,5680955
2009-10-08T06:30:00-07:00,106.55,107.17,106.15,106.83,18404485
2009-10-08T10:30:00-07:00,106.84,106.98,106.5,106.6,10488133
2009-10-09T06:30:00-07:00,106.64,107.03,106.37,106.92,12084624
2009-10-09T10:30:00-07:00,106.92,107.25,106.76,107.25,6120519
2009-10-12T06:30:00-07:00,107.76,108.09,107.65,107.91,8388279
2009-10-12T10:30:00-07:00,107.91,107.98,107.28,107.72,9905510
2009-10-13T06:30:00-07:00,107.39,107.65,106.77,107.45,16606594
2009-10-13T10:30:00-07:00,107.45,107.65,107.09,107.52,8096258
2009-10-14T06:30:00-07:00,108.72,108.98,108.26,108.81,11112252
2009-10-14T10:30:00-07:00,108.82,109.42,108.73,109.32,7175009
2009-10-15T06:30:00-07:00,108.79,109.25,108.73,109.18,10752643
2009-10-15T10:30:00-07:00,109.18,109.7,109.1,109.65,6869406
2009-10-16T06:30:00-07:00,108.8,109.06,108.23,109.01,13012701
2009-10-16T10:30:00-07:00,109.01,109.27,108.73,108.89,8762699
2009-10-19T06:30:00-07:00,109.07,110.03,108.73,109.88,9366373
2009-10-19T10:30:00-07:00,109.88,110.13,109.78,109.84,5655417
2009-10-20T06:30:00-07:00,109.95,109.98,108.68,109.05,11021340
2009-10-20T10:30:00-07:00,109.05,109.32,108.83,109.22,5689433
2009-10-21T06:30:00-07:00,109.04,110.31,108.99,109.82,10888084
2009-10-21T10:30:00-07:00,109.82,110.015,108.15,108.25,14127357
2009-10-22T06:30:00-07:00,108.19,108.62,107.51,108.47,12331638
2009-10-22T10:30:00-07:00,108.47,109.68,108.37,109.34,10293115
2009-10-23T06:30:00-07:00,109.69,109.75,108.06,108.17,12951789
2009-10-23T10:30:00-07:00,108.16,108.29,107.64,108.06,10839635
2009-10-26T06:30:00-07:00,108.2,109.31,106.69,107.07,19781115
2009-10-26T10:30:00-07:00,107.07,107.37,106.615,106.84,8345518
2009-10-27T06:30:00-07:00,107.03,107.39,106.16,106.33,14682667
2009-10-27T10:30:00-07:00,106.33,107.01,106.18,106.42,8354253
2009-10-28T06:30:00-07:00,106.15,106.47,104.85,105.29,18127751
2009-10-28T10:30:00-07:00,105.3,105.46,104.35,104.43,11354691
2009-10-29T06:30:00-07:00,105.19,106.41,104.95,106.27,15523899
2009-10-29T10:30:00-07:00,106.27,106.85,106.24,106.63,9055552
2009-10-30T06:30:00-07:00,106.31,106.62,103.8,104.06,18650438
2009-10-30T10:30:00-07:00,104.07,104.52,103.45,103.64,17817027
2009-11-02T06:30:00-08:00,104.13,105.4,103.08,103.9,19343460
2009-11-02T10:30:00-08:00,103.9,104.49,103.08,104.37,12397748
2009-11-03T06:30:00-08:00,103.74,104.62,103.545,104.22,18229229
2009-11-03T10:30:00-08:00,104.21,104.8,104.13,104.67,8329096
2009-11-04T06:30:00-08:00,105.51,106.255,105.25,105.68,15933110
2009-11-04T10:30:00-08:00,105.68,106.33,104.65,104.83,14699616
2009-11-05T06:30:00-08:00,105.66,106.67,105.44,106.46,16154724
2009-11-05T10:30:00-08:00,106.46,106.88,106.31,106.86,7961684
2009-11-06T06:30:00-08:00,106.26,107.39,106.05,107.07,14831355
2009-11-06T10:30:00-08:00,107.07,107.25,106.67,107.16,6243158
2009-11-09T06:30:00-08:00,107.95,109.05,107.875,108.96,12671573
2009-11-09T10:30:00-08:00,108.96,109.61,108.92,109.58,9653337
2009-11-10T06:30:00-08:00,109.31,109.92,108.97,109.22,14239519
2009-11-10T10:30:00-08:00,109.22,109.8,109.12,109.57,6646637
2009-11-11T06:30:00-08:00,110.31,110.82,109.64,109.97,15493089
2009-11-11T10:30:00-08:00,109.98,110.18,109.62,110.13,6059106
2009-11-12T06:30:00-08:00,109.99,110.57,109.18,109.38,12264099
2009-11-12T10:30:00-08:00,109.37,109.58,108.75,109.02,6569947
2009-11-13T06:30:00-08:00,109.31,110.09,108.75,109.96,11539533
2009-11-13T10:30:00-08:00,109.97,109.98,109.1,109.64,6832146
2009-11-16T06:30:00-08:00,110.38,111.57,110.32,111.33,13363522
2009-11-16T10:30:00-08:00,111.34,111.69,110.84,111.2,11564122
2009-11-17T06:30:00-08:00,110.92,111.23,110.5,111,9346367
2009-11-17T10:30:00-08:00,111,111.38,110.89,111.32,6280533
2009-11-18T06:30:00-08:00,111.26,111.43,110.58,110.76,9775624
2009-11-18T10:30:00-08:00,110.75,111.32,110.75,111.28,5466920
2009-11-19T06:30:00-08:00,110.51,110.56,109.145,109.42,17298227
2009-11-19T10:30:00-08:00,109.42,110,109.34,109.8,8602541
2009-11-20T06:30:00-08:00,109.25,109.76,109.01,109.19,11000073
2009-11-20T10:30:00-08:00,109.19,109.75,109.15,109.52,7344982
2009-11-23T06:30:00-08:00,110.72,111.63,110.71,110.96,14348807
2009-11-23T10:30:00-08:00,110.97,111.07,110.6,110.91,6918595
2009-11-24T06:30:00-08:00,111,111,110.08,110.7,11287634
2009-11-24T10:30:00-08:00,110.7,111.14,110.57,110.94,6932346
2009-11-25T06:30:00-08:00,111.17,111.48,110.82,111.27,8137435
2009-11-25T10:30:00-08:00,111.27,111.5,111.18,111.38,4843298
2009-11-27T06:30:00-08:00,108.4,110.32,108.29,109.5,16013102
2009-11-27T10:30:00-08:00,109.45,109.45,109.34,109.34,4400
2009-11-30T06:30:00-08:00,109.48,110.15,109.02,109.36,12512632
2009-11-30T10:30:00-08:00,109.36,110.14,109.21,109.97,9908490
2009-12-01T06:30:00-08:00,110.92,111.57,110.73,111.51,14568004
2009-12-01T10:30:00-08:00,111.52,111.66,111.13,111.25,7772865
2009-12-02T06:30:00-08:00,111.28,112.01,110.92,111.15,10378378
2009-12-02T10:30:00-08:00,111.16,111.45,110.99,111.31,6512197
2009-12-03T06:30:00-08:00,111.55,112.18,111.03,111.41,14187781
2009-12-03T10:30:00-08:00,111.41,111.57,110.29,110.43,9103855
2009-12-04T06:30:00-08:00,111.85,112.38,110.04,110.69,24544181
2009-12-04T10:30:00-08:00,110.69,111.17,110.06,111.01,11512554
2009-12-07T06:30:00-08:00,110.94,111.52,110.88,111.4,10801060
2009-12-07T10:30:00-08:00,111.4,111.42,110.5,110.77,7448969
2009-12-08T06:30:00-08:00,110.07,110.25,109.27,109.64,12861829
2009-12-08T10:30:00-08:00,109.63,109.93,109.39,109.65,7700948
2009-12-09T06:30:00-08:00,109.58,110.01,109.03,109.34,11636979
2009-12-09T10:30:00-08:00,109.34,110.18,109.11,110.01,6774358
2009-12-10T06:30:00-08:00,110.7,111.11,110.5,110.64,10966222
2009-12-10T10:30:00-08:00,110.64,110.99,110.45,110.65,6349135
2009-12-11T06:30:00-08:00,111.11,111.36,110.62,111.02,10786414
2009-12-11T10:30:00-08:00,111.03,111.3,110.94,111.19,5665756
2009-12-14T06:30:00-08:00,111.87,112,111.37,111.81,9424821
2009-12-14T10:30:00-08:00,111.8,111.93,111.63,111.88,4375700
2009-12-15T06:30:00-08:00,111.46,111.92,111.3,111.43,9103228
2009-12-15T10:30:00-08:00,111.43,111.58,111,111.31,6373842
2009-12-16T06:30:00-08:00,111.8,112.13,111.75,111.95,9377141
2009-12-16T10:30:00-08:00,111.95,112.05,111.27,111.49,9744350
2009-12-17T06:30:00-08:00,110.72,110.92,110.08,110.37,14640830
2009-12-17T10:30:00-08:00,110.37,110.61,110.15,110.16,9150937
2009-12-18T06:30:00-08:00,110.2,110.3,109.28,110.03,14623388
2009-12-18T10:30:00-08:00,110.04,110.28,109.72,110.23,8908276
2009-12-21T06:30:00-08:00,110.76,111.69,110.76,111.43,9847156
2009-12-21T10:30:00-08:00,111.43,111.52,111.14,111.34,4687897
2009-12-22T06:30:00-08:00,111.57,111.96,111.43,111.79,8042463
2009-12-22T10:30:00-08:00,111.79,111.89,111.6,111.72,4501340
2009-12-23T06:30:00-08:00,112,112.1,111.5,111.97,6874981
2009-12-23T10:30:00-08:00,111.975,112.1,111.86,111.97,5287429
2009-12-24T06:30:00-08:00,112.19,112.61,112.18,112.6,4109390
2009-12-28T06:30:00-08:00,112.9,112.98,112.59,112.69,4068884
2009-12-28T10:30:00-08:00,112.69,112.76,112.32,112.74,4166377
2009-12-29T06:30:00-08:00,113.01,113.03,112.585,112.7,7320306
2009-12-29T10:30:00-08:00,112.7,112.87,112.55,112.58,4288760
2009-12-30T06:30:00-08:00,112.23,112.64,112.17,112.31,5659703
2009-12-30T10:30:00-08:00,112.32,112.62,112.27,112.55,2728288
2009-12-31T06:30:00-08:00,112.77,112.8,112.15,112.25,4806688
2009-12-31T10:30:00-08:00,112.24,112.35,111.44,111.45,5687063
2010-01-04T06:30:00-08:00,112.37,113.39,112.36,113.36,10829635
2010-01-04T10:30:00-08:00,113.365,113.38,113.17,113.31,5426135
2010-01-05T06:30:00-08:00,113.26,113.68,112.85,113.225,9333219
2010-01-05T10:30:00-08:00,113.225,113.67,113.04,113.63,5756357
2010-01-06T06:30:00-08:00,113.52,113.88,113.43,113.75,9134839
2010-01-06T10:30:00-08:00,113.745,113.985,113.55,113.73,6481623
2010-01-07T06:30:00-08:00,113.5,114.03,113.18,113.94,10235563
2010-01-07T10:30:00-08:00,113.94,114.325,113.88,114.19,7957091
2010-01-08T06:30:00-08:00,113.89,114.25,113.66,114.16,10370540
2010-01-08T10:30:00-08:00,114.16,114.61,114.02,114.56,5873591
2010-01-11T06:30:00-08:00,115.08,115.12,114.24,114.41,8993795
2010-01-11T10:30:00-08:00,114.4,114.85,114.38,114.74,5355540
2010-01-12T06:30:00-08:00,113.97,114.21,113.22,113.34,16173392
2010-01-12T10:30:00-08:00,113.35,113.685,113.3,113.66,7777529
2010-01-13T06:30:00-08:00,113.95,114.535,113.37,114.4,16513912
2010-01-13T10:30:00-08:00,114.4,114.94,114.28,114.64,9268226
2010-01-14T06:30:00-08:00,114.49,114.99,114.43,114.76,9999088
2010-01-14T10:30:00-08:00,114.76,115.14,114.76,114.92,7040093
2010-01-15T06:30:00-08:00,114.73,114.83,113.2,113.4,24471721
2010-01-15T10:30:00-08:00,113.39,113.775,113.305,113.66,10662411
2010-01-19T06:30:00-08:00,113.59,114.945,113.59,114.82,14702467
2010-01-19T10:30:00-08:00,114.82,115.13,114.76,115.06,6240185
2010-01-20T06:30:00-08:00,114.25,114.29,112.99,113.2,21245301
2010-01-20T10:30:00-08:00,113.2,113.995,113.16,113.9,11885166
2010-01-21T06:30:00-08:00,113.92,114.26,111.56,111.89,31521372
2010-01-21T10:30:00-08:00,111.89,112.41,111.66,111.68,16447635
2010-01-22T06:30:00-08:00,111.21,111.62,110.56,110.96,24640462
2010-01-22T10:30:00-08:00,110.97,111,109.1,109.23,26169040
2010-01-25T06:30:00-08:00,110.21,110.35,109.42,110.14,18789998
2010-01-25T10:30:00-08:00,110.14,110.4,109.73,109.76,8485354
2010-01-26T06:30:00-08:00,109.34,110.46,109.05,110.23,21619070
2010-01-26T10:30:00-08:00,110.225,110.45,109.2,109.3,13380311
2010-01-27T06:30:00-08:00,109.17,109.51,108.58,108.68,20217555
2010-01-27T10:30:00-08:00,108.67,110.08,108.33,109.83,20284492
2010-01-28T06:30:00-08:00,110.19,110.25,107.91,108.77,29142306
2010-01-28T10:30:00-08:00,108.77,109.35,108.32,108.55,19082005
2010-01-29T06:30:00-08:00,109.04,109.79,108.24,108.75,29295672
2010-01-29T10:30:00-08:00,108.75,108.8,107.22,107.45,23997653
2010-02-01T06:30:00-08:00,108.16,108.92,108.08,108.83,21209909
2010-02-01T10:30:00-08:00,108.83,109.07,108.5,109.01,9664313
2010-02-02T06:30:00-08:00,109.26,110.21,108.88,110.21,19874923
2010-02-02T10:30:00-08:00,110.21,110.59,110.01,110.4,14927331
2010-02-03T06:30:00-08:00,109.88,110.42,109.51,110.01,15664149
2010-02-03T10:30:00-08:00,110.01,110.18,109.68,109.86,8883829
2010-02-04T06:30:00-08:00,108.98,109.03,106.95,107.3,33305404
2010-02-04T10:30:00-08:00,107.31,107.43,106.425,106.47,23397719
2010-02-05T06:30:00-08:00,106.56,106.88,105.28,105.33,36713685
2010-02-05T10:30:00-08:00,105.33,106.865,104.58,106.74,38914071
2010-02-08T06:30:00-08:00,106.74,107.33,106.09,106.68,20714907
2010-02-08T10:30:00-08:00,106.69,106.85,105.81,105.89,13589294
2010-02-09T06:30:00-08:00,107.12,108.14,106.28,107.42,39971384
2010-02-09T10:30:00-08:00,107.43,107.68,107.02,107.24,16687870
2010-02-10T06:30:00-08:00,107.05,107.6,106.11,107.565,26285123
2010-02-10T10:30:00-08:00,107.56,107.58,106.82,107.01,12164325
2010-02-11T06:30:00-08:00,106.87,108.16,106.25,108.07,23491594
2010-02-11T10:30:00-08:00,108.06,108.25,107.82,108.1,11837634
2010-02-12T06:30:00-08:00,106.99,107.98,106.51,107.2,28950945
2010-02-12T10:30:00-08:00,107.2,108.06,107.03,108.02,20663163
2010-02-16T06:30:00-08:00,108.86,109.35,108.43,109.34,17199846
2010-02-16T10:30:00-08:00,109.34,109.85,109.17,109.73,12467825
2010-02-17T06:30:00-08:00,110.27,110.41,109.75,110.18,20874989
2010-02-17T10:30:00-08:00,110.19,110.34,109.85,110.26,11012874
2010-02-18T06:30:00-08:00,110.08,110.65,110.04,110.37,16782537
2010-02-18T10:30:00-08:00,110.38,111.14,110.38,110.96,15341877
2010-02-19T06:30:00-08:00,110.62,111.57,110.36,111.31,22085426
2010-02-19T10:30:00-08:00,111.31,111.42,110.97,111.19,13248017
2010-02-22T06:30:00-08:00,111.54,111.58,110.83,111.115,13422901
2010-02-22T10:30:00-08:00,111.11,111.5,110.96,111.13,7658776
2010-02-23T06:30:00-08:00,110.86,111.2,109.585,109.91,21178152
2010-02-23T10:30:00-08:00,109.91,110.2,109.525,109.79,11547540
2010-02-24T06:30:00-08:00,110.14,111,109.86,110.87,20376530
2010-02-24T10:30:00-08:00,110.87,110.95,110.37,110.82,10954410
2010-02-25T06:30:00-08:00,109.24,109.55,108.95,109.34,23871431
2010-02-25T10:30:00-08:00,109.34,110.745,109.34,110.71,23727707
2010-02-26T06:30:00-08:00,110.77,111.07,110.11,110.8,18945852
2010-02-26T10:30:00-08:00,110.79,111.12,110.67,110.75,9117245
2010-03-01T06:30:00-08:00,111.2,111.96,111.17,111.72,17522336
2010-03-01T10:30:00-08:00,111.72,112,111.67,111.9,9807511
2010-03-02T06:30:00-08:00,112.37,112.66,112.11,112.52,16655846
2010-03-02T10:30:00-08:00,112.52,112.74,112,112.17,14490604
2010-03-03T06:30:00-08:00,112.49,112.97,112.3,112.57,15144716
2010-03-03T10:30:00-08:00,112.58,112.73,112.02,112.28,11081998
2010-03-04T06:30:00-08:00,112.45,112.75,112.03,112.405,16360281
2010-03-04T10:30:00-08:00,112.4,112.8,112.2,112.65,8597198
2010-03-05T06:30:00-08:00,113.37,113.95,113.1,113.89,16537116
2010-03-05T10:30:00-08:00,113.89,114.34,113.79,114.25,15516926
2010-03-08T06:30:00-08:00,114.26,114.52,114.07,114.36,16209460
2010-03-08T10:30:00-08:00,114.36,114.47,114.22,114.27,7311553
2010-03-09T06:30:00-08:00,113.91,114.95,113.87,114.91,15830695
2010-03-09T10:30:00-08:00,114.91,114.99,114.08,114.45,15188168
2010-03-10T06:30:00-08:00,114.51,115.27,114.41,114.83,21020787
2010-03-10T10:30:00-08:00,114.83,115.22,114.65,114.98,13252515
2010-03-11T06:30:00-08:00,114.7,115.08,114.35,114.9,15345629
2010-03-11T10:30:00-08:00,114.9,115.48,114.75,115.46,10266430
2010-03-12T06:30:00-08:00,115.95,115.97,115.145,115.46,18512268
2010-03-12T10:30:00-08:00,115.46,115.6,115.19,115.44,9127206
2010-03-15T06:30:00-07:00,115.26,115.48,114.6,114.88,15827252
2010-03-15T10:30:00-07:00,114.88,115.575,114.77,115.5,10370355
2010-03-16T06:30:00-07:00,115.81,116.23,115.5,115.99,16017885
2010-03-16T10:30:00-07:00,115.98,116.52,115.81,116.41,15763550
2010-03-17T06:30:00-07:00,116.76,117.29,116.71,117.24,17028706
2010-03-17T10:30:00-07:00,117.24,117.48,116.73,117.11,14766663
2010-03-18T06:30:00-07:00,117.11,117.27,116.57,116.87,21164759
2010-03-18T10:30:00-07:00,116.87,117.13,116.78,117.03,12604736
2010-03-19T06:30:00-07:00,116.94,116.97,115.67,115.91,25413751
2010-03-19T10:30:00-07:00,115.92,116.09,115.52,115.96,14477660
2010-03-22T06:30:00-07:00,115.31,116.72,115.24,116.57,21147971
2010-03-22T10:30:00-07:00,116.57,116.79,116.42,116.58,10966217
2010-03-23T06:30:00-07:00,116.76,116.99,116.38,116.92,17169148
2010-03-23T10:30:00-07:00,116.92,117.51,116.7,117.42,14082454
2010-03-24T06:30:00-07:00,116.96,117.32,116.61,116.84,19041700
2010-03-24T10:30:00-07:00,116.85,117.09,116.6,116.83,9164536
2010-03-25T06:30:00-07:00,117.65,118.1,117.24,117.93,21956145
2010-03-25T10:30:00-07:00,117.94,117.94,116.51,116.63,21061007
2010-03-26T06:30:00-07:00,116.87,117.42,116.12,116.44,24749814
2010-03-26T10:30:00-07:00,116.43,116.83,116.25,116.65,11930711
2010-03-29T06:30:00-07:00,117.18,117.53,116.97,117.28,14484091
2010-03-29T10:30:00-07:00,117.28,117.43,117.07,117.35,8030705
2010-03-30T06:30:00-07:00,117.46,117.83,116.91,117.17,19250071
2010-03-30T10:30:00-07:00,117.175,117.57,117.07,117.37,7929569
2010-03-31T06:30:00-07:00,116.95,117.51,116.61,117.36,17752357
2010-03-31T10:30:00-07:00,117.37,117.52,116.75,116.98,12766727
2010-04-01T06:30:00-07:00,117.79,118.22,117.71,117.88,16063847
2010-04-01T10:30:00-07:00,117.88,117.94,117.1,117.81,12842051
2010-04-05T06:30:00-07:00,118.25,118.84,117.92,118.75,13508209
2010-04-05T10:30:00-07:00,118.75,118.84,118.565,118.78,7942555
2010-04-06T06:30:00-07:00,118.43,118.91,118.29,118.85,12970839
2010-04-06T10:30:00-07:00,118.86,119.25,118.76,119.01,10130685
2010-04-07T06:30:00-07:00,118.8,119.08,118.36,119.02,17964588
2010-04-07T10:30:00-07:00,119.01,119.03,117.81,118.38,16976217
2010-04-08T06:30:00-07:00,117.95,118.77,117.6,118.67,18289311
2010-04-08T10:30:00-07:00,118.67,118.97,118.6,118.77,9137751
2010-04-09T06:30:00-07:00,119.02,119.35,118.8,119.19,17040329
2010-04-09T10:30:00-07:00,119.2,119.595,118.98,119.53,7677727
2010-04-12T06:30:00-07:00,119.7,120.05,119.56,119.94,11497333
2010-04-12T10:30:00-07:00,119.93,120,119.6,119.755,9313227
2010-04-13T06:30:00-07:00,119.62,119.72,119,119.57,16653943
2010-04-13T10:30:00-07:00,119.575,120.03,119.56,119.86,9148925
2010-04-14T06:30:00-07:00,120.29,120.86,120.08,120.86,19398115
2010-04-14T10:30:00-07:00,120.86,121.19,120.64,121.18,10578182
2010-04-15T06:30:00-07:00,120.99,121.53,120.95,121.42,19265505
2010-04-15T10:30:00-07:00,121.425,121.51,121.1,121.31,11076571
2010-04-16T06:30:00-07:00,120.86,121.075,118.76,119.195,49382577
2010-04-16T10:30:00-07:00,119.195,119.83,119.12,119.36,19466662
2010-04-19T06:30:00-07:00,119.01,119.81,118.47,118.91,26268995
2010-04-19T10:30:00-07:00,118.92,119.92,118.575,119.84,15475664
2010-04-20T06:30:00-07:00,120.56,120.98,120.17,120.82,19298843
2010-04-20T10:30:00-07:00,120.815,120.95,120.61,120.87,8965125
2010-04-21T06:30:00-07:00,120.95,121.22,120.31,120.68,20795819
2010-04-21T10:30:00-07:00,120.68,120.84,119.99,120.65,13584763
2010-04-22T06:30:00-07:00,119.81,120.51,119.13,120.42,27960263
2010-04-22T10:30:00-07:00,120.42,121.17,120.27,120.99,13350076
2010-04-23T06:30:00-07:00,120.94,121.51,120.63,121.2,21152415
2010-04-23T10:30:00-07:00,121.2,121.855,121.13,121.8,11838728
2010-04-26T06:30:00-07:00,121.86,122.12,121.64,121.75,16367906
2010-04-26T10:30:00-07:00,121.75,121.88,121.23,121.34,11420621
2010-04-27T06:30:00-07:00,120.65,121.27,118.84,119.94,35241726
2010-04-27T10:30:00-07:00,119.93,119.97,118.27,118.48,23009453
2010-04-28T06:30:00-07:00,119.05,119.44,118.27,119.1,30100836
2010-04-28T10:30:00-07:00,119.1,119.68,118.91,119.32,15887883
2010-04-29T06:30:00-07:00,120.1,121.06,120.07,120.83,23710186
2010-04-29T10:30:00-07:00,120.83,121.11,120.64,120.84,11796638
2010-04-30T06:30:00-07:00,120.88,121.01,119.31,119.71,28760330
2010-04-30T10:30:00-07:00,119.72,119.94,118.78,118.81,18159687
2010-05-03T06:30:00-07:00,119.39,120.55,119.2,120.35,19877440
2010-05-03T10:30:00-07:00,120.345,120.68,120.18,120.4,14840145
2010-05-04T06:30:00-07:00,119.02,119.03,117.04,117.47,33377910
2010-05-04T10:30:00-07:00,117.46,117.88,116.93,117.55,22425391
2010-05-05T06:30:00-07:00,116.56,117.79,115.97,117.26,29435273
2010-05-05T10:30:00-07:00,117.26,117.37,116.24,116.83,18699895
2010-05-06T06:30:00-07:00,116.26,117,114.92,115.23,37815504
2010-05-06T10:30:00-07:00,115.23,115.24,106.28,112.88,46539811
2010-05-07T06:30:00-07:00,112.64,113.76,109.58,111.59,50491665
2010-05-07T10:30:00-07:00,111.59,112.47,110.575,111.25,27488802
2010-05-10T06:30:00-07:00,115.82,116.64,115.02,115.49,41037625
2010-05-10T10:30:00-07:00,115.51,116.25,114.92,116.17,20214601
2010-05-11T06:30:00-07:00,115.07,117.08,114.91,116.9,27004182
2010-05-11T10:30:00-07:00,116.89,117.36,115.58,115.82,23907186
2010-05-12T06:30:00-07:00,116.29,117.42,116.09,117.16,25207971
2010-05-12T10:30:00-07:00,117.16,117.6,116.89,117.45,16871347
2010-05-13T06:30:00-07:00,117.13,117.67,116.67,117.28,19268442
2010-05-13T10:30:00-07:00,117.29,117.45,115.89,116,17915746
2010-05-14T06:30:00-07:00,115.12,115.325,112.87,113.51,34110185
2010-05-14T10:30:00-07:00,113.51,114.12,112.91,113.9,22291714
2010-05-17T06:30:00-07:00,114.2,114.51,111.775,112.72,27426515
2010-05-17T10:30:00-07:00,112.71,114.15,112.33,113.96,20947115
2010-05-18T06:30:00-07:00,114.88,115.22,113.05,113.46,32710702
2010-05-18T10:30:00-07:00,113.47,113.62,112.03,112.42,30059708
2010-05-19T06:30:00-07:00,111.77,112.77,110.39,111.905,42555733
2010-05-19T10:30:00-07:00,111.9,112.31,111.22,111.8,22504962
2010-05-20T06:30:00-07:00,109.38,109.89,107.61,108.84,47169864
2010-05-20T10:30:00-07:00,108.85,109.88,107.53,107.56,34397092
2010-05-21T06:30:00-07:00,105.91,109.38,105.64,108.31,41760869
2010-05-21T10:30:00-07:00,108.31,109.18,107.3,109.12,28732822
2010-05-24T06:30:00-07:00,108.51,109.38,108.11,109.09,25692133
2010-05-24T10:30:00-07:00,109.09,109.19,107.61,107.72,16187435
2010-05-25T06:30:00-07:00,105.11,106.37,104.39,105.81,32342500
2010-05-25T10:30:00-07:00,105.84,107.87,105.42,107.81,25076483
2010-05-26T06:30:00-07:00,108.49,109.47,108.18,108.81,32762875
2010-05-26T10:30:00-07:00,108.8,109.18,106.86,107.15,25754712
2010-05-27T06:30:00-07:00,109.2,109.98,108.79,109.74,28428318
2010-05-27T10:30:00-07:00,109.74,110.8,109.67,110.78,19695718
2010-05-28T06:30:00-07:00,110.65,110.68,108.97,109.63,27767066
2010-05-28T10:30:00-07:00,109.625,110.46,108.85,109.36,18112170
2010-06-01T06:30:00-07:00,108.35,109.95,108.19,109.66,28571108
2010-06-01T10:30:00-07:00,109.67,109.75,107.37,107.52,20193267
2010-06-02T06:30:00-07:00,108.08,109.21,107.61,108.96,21769238
2010-06-02T10:30:00-07:00,108.96,110.34,108.53,110.3,17783012
2010-06-03T06:30:00-07:00,110.65,111.06,109.59,109.86,22109726
2010-06-03T10:30:00-07:00,109.86,110.87,109.79,110.71,14498967
2010-06-04T06:30:00-07:00,108.61,109.32,107.81,108.03,30441651
2010-06-04T10:30:00-07:00,108.03,108.07,106.465,107,33749374
2010-06-07T06:30:00-07:00,107.2,107.6,106.29,107.31,24311338
2010-06-07T10:30:00-07:00,107.31,107.37,105.41,105.5,19926647
2010-06-08T06:30:00-07:00,105.57,106.31,104.65,105.55,37526851
2010-06-08T10:30:00-07:00,105.555,106.83,104.83,106.58,24937636
2010-06-09T06:30:00-07:00,107.24,108.28,106.84,107.71,22172313
2010-06-09T10:30:00-07:00,107.71,107.74,105.67,106.02,20485307
2010-06-10T06:30:00-07:00,107.86,108.83,107.69,108.12,29352211
2010-06-10T10:30:00-07:00,108.12,109.28,108.02,109.19,19675677
2010-06-11T06:30:00-07:00,108.19,109.4,108.13,109.03,21404250
2010-06-11T10:30:00-07:00,109.04,109.75,108.51,109.66,12986504
2010-06-14T06:30:00-07:00,110.52,111.12,110.11,110.44,20414545
2010-06-14T10:30:00-07:00,110.44,110.675,109.4,109.52,16302216
2010-06-15T06:30:00-07:00,110.28,111.35,110.09,111.19,21965482
2010-06-15T10:30:00-07:00,111.19,112.09,111.14,111.98,17728375
2010-06-16T06:30:00-07:00,111.42,112.29,111.2,112.04,20097221
2010-06-16T10:30:00-07:00,112.05,112.42,111.51,111.94,14751662
2010-06-17T06:30:00-07:00,112.28,112.33,111.05,111.62,24556956
2010-06-17T10:30:00-07:00,111.63,112.22,111.2,112.13,19377462
2010-06-18T06:30:00-07:00,111.83,112.13,111.37,111.67,18287213
2010-06-18T10:30:00-07:00,111.67,111.88,111.49,111.72,11646998
2010-06-21T06:30:00-07:00,113.12,113.2,112.1,112.35,23235800
2010-06-21T10:30:00-07:00,112.35,112.41,110.79,111.36,19959729
2010-06-22T06:30:00-07:00,111.42,111.89,110.91,111.1,19440277
2010-06-22T10:30:00-07:00,111.1,111.39,109.42,109.57,19640533
2010-06-23T06:30:00-07:00,109.64,109.65,108.49,109.23,24183207
2010-06-23T10:30:00-07:00,109.22,110.03,108.8,109.2,21772616
2010-06-24T06:30:00-07:00,108.69,108.83,107.44,108.08,27131075
2010-06-24T10:30:00-07:00,108.08,108.65,107.14,107.43,23225588
2010-06-25T06:30:00-07:00,107.74,108.12,106.77,108.12,26074189
2010-06-25T10:30:00-07:00,108.12,108.42,107.55,107.86,16938941
2010-06-28T06:30:00-07:00,108.03,108.32,107.15,107.67,23699407
2010-06-28T10:30:00-07:00,107.67,108.12,107.48,107.48,10311174
2010-06-29T06:30:00-07:00,106.02,106.06,104.27,104.45,36751819
2010-06-29T10:30:00-07:00,104.45,104.9,103.56,104.21,32307274
2010-06-30T06:30:00-07:00,103.92,104.88,103.85,104.59,25529626
2010-06-30T10:30:00-07:00,104.59,104.69,102.88,103.12,22358942
2010-07-01T06:30:00-07:00,103.16,103.49,101.13,102.51,46858781
2010-07-01T10:30:00-07:00,102.5,103.13,102.09,102.8,26335353
2010-07-02T06:30:00-07:00,103.11,103.42,101.62,101.81,24540721
2010-07-02T10:30:00-07:00,101.8,103.11,101.77,102.24,13093466
2010-07-06T06:30:00-07:00,103.64,104.36,102.9,103.18,25661638
2010-07-06T10:30:00-07:00,103.18,103.26,101.88,102.87,20908341
2010-07-07T06:30:00-07:00,103.13,105.08,103.02,105.04,26867516
2010-07-07T10:30:00-07:00,105.03,106.24,104.83,106.13,21681227
2010-07-08T06:30:00-07:00,106.98,107.275,106.05,106.48,25978968
2010-07-08T10:30:00-07:00,106.48,107.17,105.92,107.15,16470806
2010-07-09T06:30:00-07:00,107.13,107.69,106.94,107.32,15715098
2010-07-09T10:30:00-07:00,107.31,107.96,107.26,107.92,10879030
2010-07-12T06:30:00-07:00,107.6,108.23,107.16,107.92,17151225
2010-07-12T10:30:00-07:00,107.92,108.09,107.65,108.02,9488076
2010-07-13T06:30:00-07:00,109.15,109.89,108.94,109.39,24208281
2010-07-13T10:30:00-07:00,109.4,110.09,109.27,109.66,15515948
2010-07-14T06:30:00-07:00,109.31,110.07,108.97,109.72,18916404
2010-07-14T10:30:00-07:00,109.73,109.81,108.87,109.66,18293465
2010-07-15T06:30:00-07:00,109.61,109.69,108.17,109.13,22545097
2010-07-15T10:30:00-07:00,109.14,110.06,108.64,109.72,21744960
2010-07-16T06:30:00-07:00,109.09,109.17,107.07,107.12,26091227
2010-07-16T10:30:00-07:00,107.11,107.43,106.45,106.65,21987969
2010-07-19T06:30:00-07:00,107.07,107.43,106.22,106.78,20103310
2010-07-19T10:30:00-07:00,106.77,107.63,106.63,107.32,14899552
2010-07-20T06:30:00-07:00,105.87,107.08,105.82,107.07,22535859
2010-07-20T10:30:00-07:00,107.06,108.56,107.01,108.48,24163851
2010-07-21T06:30:00-07:00,109.03,109.07,107.96,108.44,20862684
2010-07-21T10:30:00-07:00,108.435,108.68,106.63,107.1,31070809
2010-07-22T06:30:00-07:00,108.34,109.84,108.34,109.64,29637681
2010-07-22T10:30:00-07:00,109.64,109.94,109.07,109.45,16755413
2010-07-23T06:30:00-07:00,109.24,110.23,108.93,110.23,26054053
2010-07-23T10:30:00-07:00,110.24,110.56,109.865,110.41,15857441
2010-07-26T06:30:00-07:00,110.6,111.47,110.29,111.33,20162535
2010-07-26T10:30:00-07:00,111.33,111.67,110.96,111.59,11897347
2010-07-27T06:30:00-07:00,112.17,112.29,111.11,111.27,27611037
2010-07-27T10:30:00-07:00,111.27,111.81,111.22,111.52,12085504
2010-07-28T06:30:00-07:00,111.32,111.66,110.88,111.21,17404193
2010-07-28T10:30:00-07:00,111.2,111.31,110.46,110.81,13866951
2010-07-29T06:30:00-07:00,111.52,111.82,109.42,110.19,25160948
2010-07-29T10:30:00-07:00,110.19,110.98,110.01,110.3,19157448
2010-07-30T06:30:00-07:00,109.17,110.63,108.98,110.02,22436056
2010-07-30T10:30:00-07:00,110.02,110.86,109.56,110.31,15770715
2010-08-02T06:30:00-07:00,111.99,112.67,111.54,112.42,18266432
2010-08-02T10:30:00-07:00,112.42,112.94,112.32,112.75,11887930
2010-08-03T06:30:00-07:00,112.48,112.77,111.85,112.295,16270495
2010-08-03T10:30:00-07:00,112.3,112.51,111.98,112.2,8431730
2010-08-04T06:30:00-07:00,112.52,113.02,112.16,112.535,17891813
2010-08-04T10:30:00-07:00,112.54,113.11,112.47,112.97,9809371
2010-08-05T06:30:00-07:00,112.25,112.78,112.08,112.5,15208779
2010-08-05T10:30:00-07:00,112.505,112.905,112.5,112.84,8378662
2010-08-06T06:30:00-07:00,111.74,112.57,110.93,111.23,25913108
2010-08-06T10:30:00-07:00,111.22,112.43,111.12,112.4,15766359
2010-08-09T06:30:00-07:00,112.92,112.96,112.32,112.76,11691751
2010-08-09T10:30:00-07:00,112.77,113.18,112.73,112.99,6980558
2010-08-10T06:30:00-07:00,112.03,112.22,111.38,111.61,14224892
2010-08-10T10:30:00-07:00,111.61,112.98,111.55,112.41,22210268
2010-08-11T06:30:00-07:00,110.65,110.67,109.24,109.55,28132060
2010-08-11T10:30:00-07:00,109.55,109.72,109.12,109.3,19599090
2010-08-12T06:30:00-07:00,107.65,109,107.6,108.71,23459820
2010-08-12T10:30:00-07:00,108.71,109.02,108.28,108.65,14224856
2010-08-13T06:30:00-07:00,108.29,108.95,108.18,108.73,17808157
2010-08-13T10:30:00-07:00,108.74,108.9,108.22,108.29,9546525
2010-08-16T06:30:00-07:00,107.57,108.6,107.18,108.48,15870139
2010-08-16T10:30:00-07:00,108.47,108.53,107.82,108.28,9937028
2010-08-17T06:30:00-07:00,109.19,110.32,108.88,110.315,19390784
2010-08-17T10:30:00-07:00,110.32,110.38,109.55,109.61,12007359
2010-08-18T06:30:00-07:00,109.53,110.305,108.91,110.22,20143417
2010-08-18T10:30:00-07:00,110.23,110.37,109.78,109.78,12824194
2010-08-19T06:30:00-07:00,109.22,109.49,107.43,107.81,25524789
2010-08-19T10:30:00-07:00,107.81,108.35,107.49,107.93,15119617
2010-08-20T06:30:00-07:00,107.56,107.69,106.75,107.18,19582377
2010-08-20T10:30:00-07:00,107.18,107.7,107.05,107.54,12915446
2010-08-23T06:30:00-07:00,108.04,108.57,107.3,107.67,15994091
2010-08-23T10:30:00-07:00,107.665,107.95,107.07,107.11,10439899
2010-08-24T06:30:00-07:00,105.95,106.39,104.98,106.16,28775543
2010-08-24T10:30:00-07:00,106.16,106.27,105.49,105.58,18167557
2010-08-25T06:30:00-07:00,104.95,105.43,104.3,105.09,23973000
2010-08-25T10:30:00-07:00,105.09,106.34,105.04,105.93,17533925
2010-08-26T06:30:00-07:00,106.43,106.575,105.57,105.77,20124754
2010-08-26T10:30:00-07:00,105.77,105.88,104.88,105.19,18115920
2010-08-27T06:30:00-07:00,105.89,106.5,104.32,106.33,29843202
2010-08-27T10:30:00-07:00,106.33,106.97,106.29,106.86,14655468
2010-08-30T06:30:00-07:00,106.58,106.91,105.97,106.02,16016801
2010-08-30T10:30:00-07:00,106.02,106.16,105.3,105.33,13203948
2010-08-31T06:30:00-07:00,104.91,105.98,104.49,105.67,22410138
2010-08-31T10:30:00-07:00,105.67,105.85,104.83,105.37,21444621
2010-09-01T06:30:00-07:00,106.74,108.48,106.67,108.26,26891818
2010-09-01T10:30:00-07:00,108.27,108.61,108.06,108.47,16514343
2010-09-02T06:30:00-07:00,108.72,109.2,108.5,108.81,19688006
2010-09-02T10:30:00-07:00,108.8,109.48,108.79,109.46,9833345
2010-09-03T06:30:00-07:00,110.54,110.99,109.95,110.58,20446407
2010-09-03T10:30:00-07:00,110.58,110.94,110.48,110.91,12287203
2010-09-07T06:30:00-07:00,110.37,110.51,109.75,109.93,14177469
2010-09-07T10:30:00-07:00,109.93,110.23,109.56,109.67,8811362
2010-09-08T06:30:00-07:00,109.86,110.85,109.81,110.655,12988936
2010-09-08T10:30:00-07:00,110.66,110.71,110.11,110.39,11499304
2010-09-09T06:30:00-07:00,111.65,111.68,110.73,110.74,12860395
2010-09-09T10:30:00-07:00,110.73,111.26,110.62,110.93,9643768
2010-09-10T06:30:00-07:00,111.12,111.555,110.87,111.33,12153197
2010-09-10T10:30:00-07:00,111.32,111.61,111.26,111.515,8150485
2010-09-13T06:30:00-07:00,112.58,112.95,112.13,112.47,14554202
2010-09-13T10:30:00-07:00,112.46,112.86,112.22,112.72,9932258
2010-09-14T06:30:00-07:00,112.5,113.29,112.08,112.83,18358148
2010-09-14T10:30:00-07:00,112.84,113.22,112.62,112.64,12374833
2010-09-15T06:30:00-07:00,112.33,113.02,111.98,112.85,16581420
2010-09-15T10:30:00-07:00,112.85,113.21,112.58,113.1,11797552
2010-09-16T06:30:00-07:00,112.73,112.91,112.35,112.67,18674980
2010-09-16T10:30:00-07:00,112.67,113.12,112.54,113.07,11170787
2010-09-17T06:30:00-07:00,113.03,113.14,112.18,112.45,20002442
2010-09-17T10:30:00-07:00,112.45,112.74,112.35,112.49,10236970
2010-09-20T06:30:00-07:00,112.88,113.83,112.62,113.7,21065739
2010-09-20T10:30:00-07:00,113.7,114.46,113.61,114.22,15979404
2010-09-21T06:30:00-07:00,114.29,114.33,113.76,113.81,14423341
2010-09-21T10:30:00-07:00,113.81,114.84,113.51,113.98,32617957
2010-09-22T06:30:00-07:00,113.8,114.43,113.115,113.32,21918936
2010-09-22T10:30:00-07:00,113.32,113.73,113.27,113.43,12722569
2010-09-23T06:30:00-07:00,112.49,113.67,112.27,113.31,20805633
2010-09-23T10:30:00-07:00,113.31,113.4,112.19,112.49,14505205
2010-09-24T06:30:00-07:00,113.75,114.79,113.66,114.76,18464978
2010-09-24T10:30:00-07:00,114.77,114.89,114.56,114.8,11776668
2010-09-27T06:30:00-07:00,114.86,114.87,114.32,114.5,12068201
2010-09-27T10:30:00-07:00,114.5,114.99,114.17,114.29,8015729
2010-09-28T06:30:00-07:00,114.42,114.62,113.19,114.39,20796118
2010-09-28T10:30:00-07:00,114.4,115.03,114.1,114.71,13464725
2010-09-29T06:30:00-07:00,114.39,114.86,114.02,114.55,17775275
2010-09-29T10:30:00-07:00,114.54,114.9,114.08,114.43,13399870
2010-09-30T06:30:00-07:00,115.05,115.79,113.59,114.43,32404035
2010-09-30T10:30:00-07:00,114.42,114.64,114.01,114.11,14292642
2010-10-01T06:30:00-07:00,114.96,115.11,113.93,114.56,20918231
2010-10-01T10:30:00-07:00,114.56,114.85,114.3,114.62,8047007
2010-10-04T06:30:00-07:00,114.37,114.85,113.185,113.54,17434396
2010-10-04T10:30:00-07:00,113.54,113.77,113.25,113.74,10494569
2010-10-05T06:30:00-07:00,114.8,116.1,114.67,115.98,23593004
2010-10-05T10:30:00-07:00,115.98,116.32,115.88,116.03,12300686
2010-10-06T06:30:00-07:00,116.02,116.33,115.56,115.71,17416907
2010-10-06T10:30:00-07:00,115.71,116.04,115.63,116.03,8299891
2010-10-07T06:30:00-07:00,116.5,116.53,115.19,115.51,20646316
2010-10-07T10:30:00-07:00,115.51,116.01,115.38,115.89,9032034
2010-10-08T06:30:00-07:00,116.05,116.71,115.61,116.555,16361008
2010-10-08T10:30:00-07:00,116.55,116.86,116.23,116.56,10703786
2010-10-11T06:30:00-07:00,116.72,116.965,116.49,116.8,13038984
2010-10-11T10:30:00-07:00,116.81,116.88,116.25,116.63,6802953
2010-10-12T06:30:00-07:00,116.27,116.6,115.65,116.42,16086487
2010-10-12T10:30:00-07:00,116.42,117.35,116.3,117.04,14922377
2010-10-13T06:30:00-07:00,117.66,118.43,117.38,118.27,16024342
2010-10-13T10:30:00-07:00,118.275,118.55,117.81,117.9,15276288
2010-10-14T06:30:00-07:00,117.8,118.01,116.92,117.05,21035328
2010-10-14T10:30:00-07:00,117.05,117.51,116.72,117.5,13037667
2010-10-15T06:30:00-07:00,118.28,118.35,116.76,117.56,26612706
2010-10-15T10:30:00-07:00,117.56,117.78,117.17,117.71,13371280
2010-10-18T06:30:00-07:00,117.74,118.27,117.52,118.03,12992528
2010-10-18T10:30:00-07:00,118.03,118.66,117.99,118.55,8235906
2010-10-19T06:30:00-07:00,117.17,117.84,116.76,117.28,20678838
2010-10-19T10:30:00-07:00,117.28,117.4,116.03,116.71,23423254
2010-10-20T06:30:00-07:00,116.94,118.39,116.87,118.26,21480751
2010-10-20T10:30:00-07:00,118.27,118.44,117.79,117.88,13014289
2010-10-21T06:30:00-07:00,118.4,119.08,117.93,118.22,22038758
2010-10-21T10:30:00-07:00,118.215,118.22,117.21,118.12,15224748
2010-10-22T06:30:00-07:00,118.31,118.53,118.01,118.27,10478727
2010-10-22T10:30:00-07:00,118.27,118.41,118.09,118.38,6309574
2010-10-25T06:30:00-07:00,119.15,119.76,118.72,119.07,15711221
2010-10-25T10:30:00-07:00,119.07,119.28,118.61,118.68,10134289
2010-10-26T06:30:00-07:00,118.1,118.79,117.87,118.54,14748739
2010-10-26T10:30:00-07:00,118.54,118.84,118.23,118.69,10386371
2010-10-27T06:30:00-07:00,117.88,118.36,117.26,117.54,18857728
2010-10-27T10:30:00-07:00,117.55,118.5,117.44,118.37,11744395
2010-10-28T06:30:00-07:00,119.06,119.11,117.84,118.2,17938890
2010-10-28T10:30:00-07:00,118.21,118.7,118.075,118.48,9885745
2010-10-29T06:30:00-07:00,118.28,118.71,118.08,118.53,15048735
2010-10-29T10:30:00-07:00,118.53,118.7,118.33,118.47,9061615
2010-11-01T06:30:00-07:00,119.07,119.74,118.7,118.82,18223974
2010-11-01T10:30:00-07:00,118.83,119.05,117.86,118.55,11719084
2010-11-02T06:30:00-07:00,119.42,119.64,119.1,119.52,15504042
2010-11-02T10:30:00-07:00,119.53,119.75,119.38,119.46,9631555
2010-11-03T06:30:00-07:00,119.675,119.76,118.95,119.13,13990230
2010-11-03T10:30:00-07:00,119.13,120.01,118.45,119.96,24489124
2010-11-04T06:30:00-07:00,121.27,121.96,121.13,121.88,19622934
2010-11-04T10:30:00-07:00,121.88,122.32,121.64,122.25,17016046
2010-11-05T06:30:00-07:00,122.34,122.91,122.185,122.58,20160736
2010-11-05T10:30:00-07:00,122.59,122.81,122.2,122.73,11370219
2010-11-08T06:30:00-08:00,122.32,122.58,121.94,122.49,15405363
2010-11-08T10:30:00-08:00,122.49,122.68,122.31,122.53,10231910
2010-11-09T06:30:00-08:00,122.82,122.94,122.04,122.07,17136958
2010-11-09T10:30:00-08:00,122.07,122.17,121.12,121.61,20394347
2010-11-10T06:30:00-08:00,121.58,121.9,120.66,121.78,28369260
2010-11-10T10:30:00-08:00,121.78,122.155,121.65,122.08,12308767
2010-11-11T06:30:00-08:00,121.05,121.42,120.69,121.27,17600549
2010-11-11T10:30:00-08:00,121.27,121.81,121.26,121.65,10295172
2010-11-12T06:30:00-08:00,120.82,121.35,119.65,119.95,25962100
2010-11-12T10:30:00-08:00,119.95,120.41,119.71,120.19,14947036
2010-11-15T06:30:00-08:00,120.58,121.04,120.23,120.925,17953761
2010-11-15T10:30:00-08:00,120.925,120.99,119.98,120.03,12523276
2010-11-16T06:30:00-08:00,119.29,119.485,117.75,118.14,32696367
2010-11-16T10:30:00-08:00,118.15,118.42,117.59,118.14,18488423
2010-11-17T06:30:00-08:00,118.21,118.7,117.87,118.56,16399693
2010-11-17T10:30:00-08:00,118.57,118.64,117.89,118.22,12451115
2010-11-18T06:30:00-08:00,119.36,120.39,119.35,120.27,17963082
2010-11-18T10:30:00-08:00,120.27,120.32,119.85,119.97,10108084
2010-11-19T06:30:00-08:00,119.9,120.13,119.25,119.97,14325965
2010-11-19T10:30:00-08:00,119.97,120.34,119.96,120.28,8098327
2010-11-22T06:30:00-08:00,119.69,120.24,118.77,119.1,19786071
2010-11-22T10:30:00-08:00,119.11,120.2,119.11,120.15,11471744
2010-11-23T06:30:00-08:00,118.77,119.01,117.99,118.64,19660470
2010-11-23T10:30:00-08:00,118.65,118.72,118.17,118.42,14430120
2010-11-24T06:30:00-08:00,119.2,120.16,119.19,120.13,14590170
2010-11-24T10:30:00-08:00,120.13,120.23,119.89,120.2,7252500
2010-11-26T06:30:00-08:00,119.16,119.81,118.83,118.96,10194443
2010-11-26T10:30:00-08:00,118.9,118.9,118.8,118.8,4800
2010-11-29T06:30:00-08:00,118.52,118.75,117.74,118.18,20935676
2010-11-29T10:30:00-08:00,118.175,119.475,118.05,119.17,14238855
2010-11-30T06:30:00-08:00,117.97,119.17,117.81,119.065,22469952
2010-11-30T10:30:00-08:00,119.07,119.13,118.41,118.44,14152085
2010-12-01T06:30:00-08:00,120.2,121.24,120.19,120.9,22232678
2010-12-01T10:30:00-08:00,120.89,121.21,120.85,121,11355180
2010-12-02T06:30:00-08:00,121.19,122.43,121.14,122.29,17915154
2010-12-02T10:30:00-08:00,122.29,122.65,122.24,122.57,11633007
2010-12-03T06:30:00-08:00,122.14,122.63,122.11,122.38,13932153
2010-12-03T10:30:00-08:00,122.38,123.03,122.29,122.86,9054410
2010-12-06T06:30:00-08:00,122.62,122.9,122.5,122.78,11863996
2010-12-06T10:30:00-08:00,122.78,123.035,122.73,122.73,6723941
2010-12-07T06:30:00-08:00,123.94,124.01,123.18,123.57,19293046
2010-12-07T10:30:00-08:00,123.57,123.82,122.76,122.83,17890227
2010-12-08T06:30:00-08:00,122.98,123.38,122.42,122.98,14804249
2010-12-08T10:30:00-08:00,122.97,123.38,122.94,123.26,8279960
2010-12-09T06:30:00-08:00,123.97,124.02,123.16,123.605,12379363
2010-12-09T10:30:00-08:00,123.61,123.88,123.38,123.79,6033556
2010-12-10T06:30:00-08:00,124.14,124.36,123.73,124.28,10371738
2010-12-10T10:30:00-08:00,124.28,124.59,124.28,124.51,9202610
2010-12-13T06:30:00-08:00,125.04,125.14,124.67,125.07,12318064
2010-12-13T10:30:00-08:00,125.07,125.2,124.52,124.54,10426310
2010-12-14T06:30:00-08:00,124.75,125.12,124.62,125.11,11825721
2010-12-14T10:30:00-08:00,125.11,125.23,124.29,124.66,12332531
2010-12-15T06:30:00-08:00,124.44,124.93,124.21,124.41,12273988
2010-12-15T10:30:00-08:00,124.41,124.52,123.89,124.1,13233627
2010-12-16T06:30:00-08:00,124.19,124.9,123.75,124.8,13647892
2010-12-16T10:30:00-08:00,124.805,124.91,124.54,124.8,9498946
2010-12-17T06:30:00-08:00,124.08,124.35,123.83,124.3,11069128
2010-12-17T10:30:00-08:00,124.3,124.45,124.12,124.34,8299559
2010-12-20T06:30:00-08:00,124.64,124.7,123.99,124.59,11513323
2010-12-20T10:30:00-08:00,124.58,124.9,124.54,124.57,8211551
2010-12-21T06:30:00-08:00,124.99,125.34,124.88,125.25,9577182
2010-12-21T10:30:00-08:00,125.25,125.47,125.24,125.35,5592430
2010-12-22T06:30:00-08:00,125.48,125.82,125.41,125.73,7273530
2010-12-22T10:30:00-08:00,125.72,125.82,125.53,125.77,5571004
2010-12-23T06:30:00-08:00,125.64,125.77,125.5,125.59,7271690
2010-12-23T10:30:00-08:00,125.59,125.61,125.29,125.59,3798690
2010-12-27T06:30:00-08:00,125.13,125.7,125.04,125.67,6749636
2010-12-27T10:30:00-08:00,125.66,125.77,125.62,125.67,3199774
2010-12-28T06:30:00-08:00,125.89,125.95,125.5,125.7,5111870
2010-12-28T10:30:00-08:00,125.71,125.905,125.69,125.8,3074680
2010-12-29T06:30:00-08:00,125.98,126.19,125.9,126.17,5077694
2010-12-29T10:30:00-08:00,126.16,126.2,125.92,125.93,3807958
2010-12-30T06:30:00-08:00,125.8,126.06,125.535,125.64,5661118
2010-12-30T10:30:00-08:00,125.645,125.95,125.645,125.77,4524742
2010-12-31T06:30:00-08:00,125.52,125.865,125.335,125.815,5468355
2010-12-31T10:30:00-08:00,125.81,125.865,125.53,125.79,6534595
2011-01-03T06:30:00-08:00,126.71,127.6,126.66,127.385,12780729
2011-01-03T10:30:00-08:00,127.385,127.48,127.02,127.05,10413884
2011-01-04T06:30:00-08:00,127.33,127.37,126.19,126.53,13542150
2011-01-04T10:30:00-08:00,126.53,126.99,126.51,126.93,9670647
2011-01-05T06:30:00-08:00,126.56,127.65,126.47,127.51,12688074
2011-01-05T10:30:00-08:00,127.52,127.72,127.42,127.62,6733035
2011-01-06T06:30:00-08:00,127.69,127.82,127.01,127.19,11589804
2011-01-06T10:30:00-08:00,127.2,127.59,127.05,127.36,6799350
2011-01-07T06:30:00-08:00,127.56,127.76,126.15,126.62,16929968
2011-01-07T10:30:00-08:00,126.62,127.23,126.59,127.13,8461370
2011-01-10T06:30:00-08:00,126.58,126.97,126.2,126.92,14644717
2011-01-10T10:30:00-08:00,126.92,127.16,126.735,126.98,6717968
2011-01-11T06:30:00-08:00,127.44,127.74,127.18,127.42,11704509
2011-01-11T10:30:00-08:00,127.42,127.51,126.95,127.44,8095631
2011-01-12T06:30:00-08:00,128.21,128.72,127.99,128.55,9872526
2011-01-12T10:30:00-08:00,128.55,128.615,128.3,128.59,7066526
2011-01-13T06:30:00-08:00,128.63,128.69,128.18,128.54,10702351
2011-01-13T10:30:00-08:00,128.55,128.6,128.05,128.41,10030860
2011-01-14T06:30:00-08:00,128.2,129.01,128.11,128.93,11578224
2011-01-14T10:30:00-08:00,128.925,129.33,128.92,129.29,8129988
2011-01-18T06:30:00-08:00,129.18,129.48,129.04,129.44,12309981
2011-01-18T10:30:00-08:00,129.435,129.64,129.36,129.53,6264368
2011-01-19T06:30:00-08:00,129.41,129.5,128.29,128.61,14776653
2011-01-19T10:30:00-08:00,128.61,128.69,127.91,128.24,11512632
2011-01-20T06:30:00-08:00,127.96,128.2,127.14,127.69,19469555
2011-01-20T10:30:00-08:00,127.685,128.4,127.68,128.09,11661795
2011-01-21T06:30:00-08:00,128.88,129.17,128.26,128.47,16650818
2011-01-21T10:30:00-08:00,128.48,128.69,128.24,128.39,8607804
2011-01-24T06:30:00-08:00,128.285,129.16,128.27,129.05,10714232
2011-01-24T10:30:00-08:00,129.05,129.25,128.76,129.13,7761447
2011-01-25T06:30:00-08:00,128.75,129.21,128.22,128.61,16705688
2011-01-25T10:30:00-08:00,128.63,129.18,128.11,129.15,14074207
2011-01-26T06:30:00-08:00,129.49,129.98,129.23,129.795,12300596
2011-01-26T10:30:00-08:00,129.8,130.05,129.52,129.68,10726588
2011-01-27T06:30:00-08:00,129.7,130.16,129.47,129.935,12152582
2011-01-27T10:30:00-08:00,129.94,130.21,129.79,130.02,7532057
2011-01-28T06:30:00-08:00,130.14,130.35,127.68,127.78,33297755
2011-01-28T10:30:00-08:00,127.79,128.24,127.52,127.69,17604752
2011-01-31T06:30:00-08:00,128.08,128.78,127.76,128.595,15672421
2011-01-31T10:30:00-08:00,128.59,128.68,128.18,128.67,10173057
2011-02-01T06:30:00-08:00,129.46,130.94,129.39,130.84,17138409
2011-02-01T10:30:00-08:00,130.84,130.97,130.59,130.75,10211848
2011-02-02T06:30:00-08:00,130.4,130.84,130.34,130.61,13461142
2011-02-02T10:30:00-08:00,130.61,130.74,130.34,130.47,7718506
2011-02-03T06:30:00-08:00,130.26,130.53,129.57,130.39,17301575
2011-02-03T10:30:00-08:00,130.39,130.98,130.22,130.78,11476286
2011-02-04T06:30:00-08:00,130.83,131.02,130.23,130.91,15573212
2011-02-04T10:30:00-08:00,130.92,131.2,130.79,131.15,7998228
2011-02-07T06:30:00-08:00,131.44,132.4,131.44,132.25,11432851
2011-02-07T10:30:00-08:00,132.25,132.265,131.75,131.96,6769447
2011-02-08T06:30:00-08:00,132.09,132.46,131.73,132.18,11654219
2011-02-08T10:30:00-08:00,132.18,132.64,132.13,132.59,5703129
2011-02-09T06:30:00-08:00,132.21,132.62,131.85,132.29,16329049
2011-02-09T10:30:00-08:00,132.29,132.29,131.62,132.28,9197099
2011-02-10T06:30:00-08:00,131.6,132.34,131.305,131.96,16639233
2011-02-10T10:30:00-08:00,131.97,132.47,131.88,132.33,12372337
2011-02-11T06:30:00-08:00,131.8,133.12,131.77,132.84,14805103
2011-02-11T10:30:00-08:00,132.83,133.28,132.8,133.12,7715090
2011-02-14T06:30:00-08:00,133.03,133.38,132.88,133.3,9234731
2011-02-14T10:30:00-08:00,133.29,133.535,133.23,133.42,6035478
2011-02-15T06:30:00-08:00,133.02,133.22,132.66,133.05,11003562
2011-02-15T10:30:00-08:00,133.04,133.16,132.67,133.01,7150632
2011-02-16T06:30:00-08:00,133.46,134.01,133.195,133.54,15629297
2011-02-16T10:30:00-08:00,133.54,133.96,133.5,133.83,7942387
2011-02-17T06:30:00-08:00,133.44,134.3,133.34,134.265,12797346
2011-02-17T10:30:00-08:00,134.27,134.43,134.19,134.27,7211466
2011-02-18T06:30:00-08:00,134.37,134.69,134.13,134.47,11457899
2011-02-18T10:30:00-08:00,134.47,134.56,134.06,134.56,8446986
2011-02-22T06:30:00-08:00,133.12,133.86,131.78,131.94,23165629
2011-02-22T10:30:00-08:00,131.935,132.19,131.48,131.84,14463677
2011-02-23T06:30:00-08:00,131.75,132.07,130.21,130.64,23514891
2011-02-23T10:30:00-08:00,130.635,131.58,130.47,131.03,15731723
2011-02-24T06:30:00-08:00,130.88,131.44,130.17,130.28,25024136
2011-02-24T10:30:00-08:00,130.27,131.28,129.7,130.93,20008882
2011-02-25T06:30:00-08:00,131.49,132.37,131.4,132.32,15293442
2011-02-25T10:30:00-08:00,132.31,132.41,132.14,132.32,8679308
2011-02-28T06:30:00-08:00,132.82,133.32,132.41,132.48,13399359
2011-02-28T10:30:00-08:00,132.485,133.16,132.38,133.13,7836101
2011-03-01T06:30:00-08:00,133.57,133.68,131.52,131.62,23305690
2011-03-01T10:30:00-08:00,131.61,131.77,130.92,130.92,13964535
2011-03-02T06:30:00-08:00,130.75,131.82,130.6,131.23,22145645
2011-03-02T10:30:00-08:00,131.24,131.67,130.86,131.2,11193805
2011-03-03T06:30:00-08:00,132.39,133.33,132.39,133.17,17315976
2011-03-03T10:30:00-08:00,133.17,133.62,133.13,133.46,10668629
2011-03-04T06:30:00-08:00,133.37,133.48,131.62,131.84,26443756
2011-03-04T10:30:00-08:00,131.83,132.55,131.61,132.45,13930765
2011-03-07T06:30:00-08:00,132.86,133.15,130.74,130.97,24075544
2011-03-07T10:30:00-08:00,130.97,131.83,130.89,131.41,12978861
2011-03-08T06:30:00-08:00,131.64,133,131.07,132.74,18025718
2011-03-08T10:30:00-08:00,132.73,132.9,132.37,132.57,7725689
2011-03-09T06:30:00-08:00,132.32,132.79,131.6,132.52,19297571
2011-03-09T10:30:00-08:00,132.52,132.59,132.11,132.4,7991186
2011-03-10T06:30:00-08:00,131,131.02,129.91,130.39,27666524
2011-03-10T10:30:00-08:00,130.39,130.64,129.81,129.92,17154240
2011-03-11T06:30:00-08:00,129.52,130.78,129.5,130.45,22969720
2011-03-11T10:30:00-08:00,130.45,131.31,130.415,130.84,10392636
2011-03-14T06:30:00-07:00,129.99,130.48,129.07,129.44,19006174
2011-03-14T10:30:00-07:00,129.445,130.29,129.26,130.08,13421248
2011-03-15T06:30:00-07:00,126.58,128.52,126.51,127.88,31358253
2011-03-15T10:30:00-07:00,127.89,129.32,127.89,128.63,17959605
2011-03-16T06:30:00-07:00,128.15,128.57,126.51,126.86,36955591
2011-03-16T10:30:00-07:00,126.85,127.22,125.29,126.21,30771102
2011-03-17T06:30:00-07:00,128,128.38,127.43,127.48,20505570
2011-03-17T10:30:00-07:00,127.48,128.19,127.11,127.79,15386536
2011-03-18T06:30:00-07:00,128.84,128.88,127.91,128.27,20948302
2011-03-18T10:30:00-07:00,128.27,128.35,127.51,127.79,13684321
2011-03-21T06:30:00-07:00,129.38,130.01,129.2,129.63,16788893
2011-03-21T10:30:00-07:00,129.62,129.91,129.43,129.73,8418342
2011-03-22T06:30:00-07:00,129.71,129.88,129.25,129.32,12698497
2011-03-22T10:30:00-07:00,129.315,129.56,129.18,129.3,7991834
2011-03-23T06:30:00-07:00,128.93,129.3,128.32,129.22,14585966
2011-03-23T10:30:00-07:00,129.23,130,129.22,129.66,11092334
2011-03-24T06:30:00-07:00,130.4,130.87,129.68,130.66,16590142
2011-03-24T10:30:00-07:00,130.65,131.08,130.43,130.9,9349675
2011-03-25T06:30:00-07:00,131.24,131.86,130.95,131.62,15374422
2011-03-25T10:30:00-07:00,131.63,131.71,131.27,131.28,9032919
2011-03-28T06:30:00-07:00,131.59,131.92,131.35,131.59,9608045
2011-03-28T10:30:00-07:00,131.6,131.63,130.94,130.98,8059594
2011-03-29T06:30:00-07:00,130.87,131.55,130.44,131.44,13810124
2011-03-29T10:30:00-07:00,131.44,131.9,131.41,131.85,5917906
2011-03-30T06:30:00-07:00,132.55,133.16,132.37,133.02,12457082
2011-03-30T10:30:00-07:00,133.03,133.07,132.7,132.76,6057031
2011-03-31T06:30:00-07:00,132.6,132.96,132.46,132.86,11652074
2011-03-31T10:30:00-07:00,132.86,132.955,132.54,132.57,9273547
2011-04-01T06:30:00-07:00,133.41,133.77,133,133.47,13739097
2011-04-01T10:30:00-07:00,133.46,133.6,132.84,133.15,11829171
2011-04-04T06:30:00-07:00,133.44,133.67,133.105,133.24,11811318
2011-04-04T10:30:00-07:00,133.23,133.26,132.88,133.25,8218487
2011-04-05T06:30:00-07:00,133,133.83,132.95,133.7,13816221
2011-04-05T10:30:00-07:00,133.7,133.73,133.11,133.21,9940327
2011-04-06T06:30:00-07:00,133.88,133.99,133.12,133.41,14712557
2011-04-06T10:30:00-07:00,133.41,133.71,133.33,133.62,7462279
2011-04-07T06:30:00-07:00,133.42,133.93,132.67,133.165,23633839
2011-04-07T10:30:00-07:00,133.16,133.41,132.95,133.36,10400945
2011-04-08T06:30:00-07:00,133.91,133.99,133.1,133.23,11897100
2011-04-08T10:30:00-07:00,133.22,133.25,132.32,132.85,13664555
2011-04-11T06:30:00-07:00,133,133.445,132.49,132.67,11951758
2011-04-11T10:30:00-07:00,132.67,132.83,132.14,132.47,9092142
2011-04-12T06:30:00-07:00,131.72,131.98,130.99,131.41,19016174
2011-04-12T10:30:00-07:00,131.41,131.835,131.17,131.47,11759252
2011-04-13T06:30:00-07:00,132.08,132.18,130.97,131.31,16857793
2011-04-13T10:30:00-07:00,131.31,131.81,131.05,131.46,11604402
2011-04-14T06:30:00-07:00,130.7,131.43,130.27,131.23,17512113
2011-04-14T10:30:00-07:00,131.24,131.76,131.05,131.56,10064757
2011-04-15T06:30:00-07:00,131.8,132.36,131.41,132.13,15630379
2011-04-15T10:30:00-07:00,132.13,132.26,131.88,132.05,9041502
2011-04-18T06:30:00-07:00,130.59,130.6,129.51,129.87,19389469
2011-04-18T10:30:00-07:00,129.87,130.8,129.86,130.56,12747779
2011-04-19T06:30:00-07:00,130.76,131.06,130.445,130.95,13787832
2011-04-19T10:30:00-07:00,130.95,131.35,130.93,131.29,7700610
2011-04-20T06:30:00-07:00,132.9,133.39,132.8,132.97,16252387
2011-04-20T10:30:00-07:00,132.97,133.2,132.87,133.13,9101520
2011-04-21T06:30:00-07:00,133.79,133.83,133.35,133.71,11152237
2011-04-21T10:30:00-07:00,133.71,133.8,133.58,133.75,6060345
2011-04-25T06:30:00-07:00,133.68,133.85,133.2,133.55,5331944
2011-04-25T10:30:00-07:00,133.55,133.72,133.495,133.61,2536458
2011-04-26T06:30:00-07:00,134.05,135.06,133.91,134.76,11093869
2011-04-26T10:30:00-07:00,134.76,134.99,134.615,134.79,6366388
2011-04-27T06:30:00-07:00,135.06,135.11,134.5,134.97,9982298
2011-04-27T10:30:00-07:00,134.97,135.87,134.88,135.65,9179564
2011-04-28T06:30:00-07:00,135.43,135.96,135.41,135.72,12574821
2011-04-28T10:30:00-07:00,135.72,136.29,135.61,136.11,8569994
2011-04-29T06:30:00-07:00,136.17,136.5,135.98,136.44,8539948
2011-04-29T10:30:00-07:00,136.45,136.57,136.23,136.43,6315487
2011-05-02T06:30:00-07:00,137.09,137.18,136.15,136.56,13926738
2011-05-02T10:30:00-07:00,136.56,136.65,135.95,136.23,6971703
2011-05-03T06:30:00-07:00,135.96,136.19,135.54,135.55,9429749
2011-05-03T10:30:00-07:00,135.54,135.81,135.05,135.73,10467531
2011-05-04T06:30:00-07:00,135.67,135.73,134.23,134.67,18232667
2011-05-04T10:30:00-07:00,134.675,135.215,134.64,134.83,10973991
2011-05-05T06:30:00-07:00,134.08,134.95,133.69,134.66,17822944
2011-05-05T10:30:00-07:00,134.66,134.75,133.02,133.62,18951460
2011-05-06T06:30:00-07:00,134.94,135.62,134.06,134.34,21459157
2011-05-06T10:30:00-07:00,134.33,134.6,133.68,134.17,12202075
2011-05-09T06:30:00-07:00,134.2,135.08,133.98,134.77,12819025
2011-05-09T10:30:00-07:00,134.77,135.11,134.73,134.74,5936064
2011-05-10T06:30:00-07:00,135.16,135.65,135.01,135.455,8219273
2011-05-10T10:30:00-07:00,135.45,136.11,135.38,135.89,8014486
2011-05-11T06:30:00-07:00,135.67,135.68,133.99,134.18,14879466
2011-05-11T10:30:00-07:00,134.18,134.56,133.825,134.44,11806284
2011-05-12T06:30:00-07:00,134.09,135.2,133.4,135.03,17780674
2011-05-12T10:30:00-07:00,135.04,135.36,134.79,135.11,8117076
2011-05-13T06:30:00-07:00,135.17,135.33,133.57,133.96,18220417
2011-05-13T10:30:00-07:00,133.96,134.34,133.76,134.03,7635212
2011-05-16T06:30:00-07:00,133.56,134.6,133.3,133.66,12786169
2011-05-16T10:30:00-07:00,133.67,134.01,132.97,133.21,9309863
2011-05-17T06:30:00-07:00,132.69,133.35,132.12,132.81,17946620
2011-05-17T10:30:00-07:00,132.79,133.22,132.57,133.18,11787940
2011-05-18T06:30:00-07:00,133.24,134.18,132.95,134.03,10786668
2011-05-18T10:30:00-07:00,134.03,134.495,133.97,134.37,8640579
2011-05-19T06:30:00-07:00,134.8,135.02,133.94,134.65,10946267
2011-05-19T10:30:00-07:00,134.66,134.82,134.14,134.67,6864569
2011-05-20T06:30:00-07:00,134.33,134.43,133.36,134.25,16756189
2011-05-20T10:30:00-07:00,134.26,134.52,133.51,133.63,9902200
2011-05-23T06:30:00-07:00,131.98,132.28,131.59,131.81,16485571
2011-05-23T10:30:00-07:00,131.815,132.46,131.815,132.04,12416850
2011-05-24T06:30:00-07:00,132.44,132.73,131.76,131.84,14466676
2011-05-24T10:30:00-07:00,131.845,132.37,131.7,131.96,7663621
2011-05-25T06:30:00-07:00,131.42,132.6,131.38,132.18,14476388
2011-05-25T10:30:00-07:00,132.175,132.93,132.16,132.38,9681849
2011-05-26T06:30:00-07:00,132.03,132.97,131.78,132.89,15604761
2011-05-26T10:30:00-07:00,132.89,133.23,132.74,132.98,11375673
2011-05-27T06:30:00-07:00,133.38,133.86,133.19,133.52,11935726
2011-05-27T10:30:00-07:00,133.53,133.6,133.23,133.52,6240590
2011-05-31T06:30:00-07:00,134.77,134.88,133.85,134.16,12180695
2011-05-31T10:30:00-07:00,134.17,134.9,134.16,134.9,10541290
2011-06-01T06:30:00-07:00,134.5,134.6,132.5,132.62,18551405
2011-06-01T10:30:00-07:00,132.62,132.86,131.76,131.87,15521144
2011-06-02T06:30:00-07:00,131.97,132.24,130.96,131.81,18541764
2011-06-02T10:30:00-07:00,131.8,132.16,131.52,131.71,9501416
2011-06-03T06:30:00-07:00,130.15,131.42,130.08,131.04,20999464
2011-06-03T10:30:00-07:00,131.04,131.2,130.27,130.43,12321129
2011-06-06T06:30:00-07:00,130.09,130.36,129.535,129.825,13464208
2011-06-06T10:30:00-07:00,129.82,129.86,128.88,129.04,13794539
2011-06-07T06:30:00-07:00,129.7,129.99,129.36,129.74,13379386
2011-06-07T10:30:00-07:00,129.74,130.065,128.87,128.94,12776016
2011-06-08T06:30:00-07:00,128.76,129.19,128.43,128.87,16840543
2011-06-08T10:30:00-07:00,128.87,128.89,128.18,128.42,16259263
2011-06-09T06:30:00-07:00,128.77,129.81,128.46,129.64,13532630
2011-06-09T10:30:00-07:00,129.65,129.925,129.35,129.38,8354926
2011-06-10T06:30:00-07:00,128.84,128.93,127.53,127.7,17848430
2011-06-10T10:30:00-07:00,127.7,128.42,127.26,127.58,18194772
2011-06-13T06:30:00-07:00,127.88,128.22,127.05,127.54,16988712
2011-06-13T10:30:00-07:00,127.53,128.24,127.46,127.7,13551675
2011-06-14T06:30:00-07:00,128.87,129.6,128.82,129.58,13386493
2011-06-14T10:30:00-07:00,129.575,129.77,129.18,129.32,12345886
2011-06-15T06:30:00-07:00,128.25,128.645,126.815,127.13,23931360
2011-06-15T10:30:00-07:00,127.13,127.44,126.68,127.03,21934420
2011-06-16T06:30:00-07:00,127.08,127.97,126.68,127.46,22320449
2011-06-16T10:30:00-07:00,127.46,127.48,126.32,127.31,18998767
2011-06-17T06:30:00-07:00,127.93,127.94,126.81,126.98,21188109
2011-06-17T10:30:00-07:00,126.98,127.46,126.62,127.05,14863921
2011-06-20T06:30:00-07:00,126.62,127.97,126.58,127.72,14624959
2011-06-20T10:30:00-07:00,127.73,127.94,127.41,127.73,10162504
2011-06-21T06:30:00-07:00,128.36,129.55,128.19,129.14,18152000
2011-06-21T10:30:00-07:00,129.14,129.7,129.08,129.45,11174421
2011-06-22T06:30:00-07:00,129.05,129.81,128.92,129.58,13223007
2011-06-22T10:30:00-07:00,129.59,129.76,128.59,128.68,14680380
2011-06-23T06:30:00-07:00,127.16,127.39,126.19,127.28,26374216
2011-06-23T10:30:00-07:00,127.275,128.365,126.63,128.31,25245952
2011-06-24T06:30:00-07:00,128.27,128.36,126.77,127.1,21239725
2011-06-24T10:30:00-07:00,127.1,127.36,126.62,126.8,14966935
2011-06-27T06:30:00-07:00,126.89,127.94,126.64,127.66,13732324
2011-06-27T10:30:00-07:00,127.66,128.43,127.59,127.95,13454119
2011-06-28T06:30:00-07:00,128.44,129.4,128.27,129.33,12807826
2011-06-28T10:30:00-07:00,129.33,129.63,129.16,129.61,10673981
2011-06-29T06:30:00-07:00,130.18,130.93,129.71,130.75,16628482
2011-06-29T10:30:00-07:00,130.745,130.885,130.16,130.74,16320881
2011-06-30T06:30:00-07:00,131.14,132.1,130.99,131.77,16818510
2011-06-30T10:30:00-07:00,131.77,132.18,131.67,131.98,12075479
2011-07-01T06:30:00-07:00,132.01,133.6,131.78,133.57,14203792
2011-07-01T10:30:00-07:00,133.58,134.09,133.52,133.91,10632640
2011-07-05T06:30:00-07:00,133.78,133.97,133.39,133.9,9437858
2011-07-05T10:30:00-07:00,133.89,134.08,133.41,133.79,16376426
2011-07-06T06:30:00-07:00,133.49,134.13,133.11,133.81,12587446
2011-07-06T10:30:00-07:00,133.82,133.99,133.64,133.97,8018413
2011-07-07T06:30:00-07:00,135.16,135.47,134.88,135.44,12371740
2011-07-07T10:30:00-07:00,135.44,135.7,135.33,135.39,9885950
2011-07-08T06:30:00-07:00,133.83,134.25,133.39,134.04,15090904
2011-07-08T10:30:00-07:00,134.04,134.44,133.8,134.39,9823254
2011-07-11T06:30:00-07:00,132.76,133.17,131.85,132,15362851
2011-07-11T10:30:00-07:00,132,132.225,131.66,131.97,11915966
2011-07-12T06:30:00-07:00,131.69,132.4,131.57,131.88,15618271
2011-07-12T10:30:00-07:00,131.87,132.78,131.36,131.4,16407003
2011-07-13T06:30:00-07:00,132.11,133.21,131.87,132.76,13387218
2011-07-13T10:30:00-07:00,132.76,132.91,131.52,131.82,11046983
2011-07-14T06:30:00-07:00,132.17,132.775,130.68,131.16,19905158
2011-07-14T10:30:00-07:00,131.16,131.69,130.72,130.93,16620184
2011-07-15T06:30:00-07:00,131.66,131.87,130.77,131.31,19683702
2011-07-15T10:30:00-07:00,131.31,131.71,130.85,131.7,10978928
2011-07-18T06:30:00-07:00,131.08,131.28,129.63,129.98,14735087
2011-07-18T10:30:00-07:00,129.99,130.64,129.99,130.61,12102241
2011-07-19T06:30:00-07:00,131.34,132.1,131.32,132.04,12586601
2011-07-19T10:30:00-07:00,132.04,132.89,131.96,132.73,12968461
2011-07-20T06:30:00-07:00,133.06,133.15,132.42,132.88,11715663
2011-07-20T10:30:00-07:00,132.88,133.1,132.54,132.65,7748685
2011-07-21T06:30:00-07:00,133.37,134.82,133.145,134.76,20996122
2011-07-21T10:30:00-07:00,134.76,134.76,134.37,134.49,10892042
2011-07-22T06:30:00-07:00,134.52,134.72,133.77,134.6,11692075
2011-07-22T10:30:00-07:00,134.61,134.71,134.32,134.57,6440134
2011-07-25T06:30:00-07:00,133.3,134.485,133.16,134.38,12761121
2011-07-25T10:30:00-07:00,134.37,134.44,133.77,133.84,8513665
2011-07-26T06:30:00-07:00,133.74,133.9,133.03,133.49,11486525
2011-07-26T10:30:00-07:00,133.49,133.96,133.115,133.33,9667171
2011-07-27T06:30:00-07:00,132.59,132.6,131.22,131.35,22335353
2011-07-27T10:30:00-07:00,131.35,131.625,130.43,130.61,17057524
2011-07-28T06:30:00-07:00,130.6,131.76,130.45,131.285,19420582
2011-07-28T10:30:00-07:00,131.29,131.48,130.01,130.22,15563026
2011-07-29T06:30:00-07:00,128.91,130.55,128.36,129.71,33645357
2011-07-29T10:30:00-07:00,129.71,130.19,129.23,129.37,16363006
2011-08-01T06:30:00-07:00,130.83,130.95,127.54,127.96,34896736
2011-08-01T10:30:00-07:00,127.96,129,127.74,128.8,17925495
2011-08-02T06:30:00-07:00,127.81,128.5,126.63,127.05,26311011
2011-08-02T10:30:00-07:00,127.06,127.105,125.49,125.5,27098151
2011-08-03T06:30:00-07:00,125.66,125.9,123.54,124.95,47689796
2011-08-03T10:30:00-07:00,124.95,126.305,124.94,126.2,26720807
2011-08-04T06:30:00-07:00,124.42,124.62,121.76,122.98,51519577
2011-08-04T10:30:00-07:00,122.98,122.99,120.07,120.2,48085375
2011-08-05T06:30:00-07:00,121.75,122.07,116.86,121.16,85116292
2011-08-05T10:30:00-07:00,121.17,121.75,118.98,120.03,37696336
2011-08-08T06:30:00-07:00,116.91,118.35,115.03,115.51,60584269
2011-08-08T10:30:00-07:00,115.51,115.57,112.02,112.28,60452795
2011-08-09T06:30:00-07:00,114.07,115.46,112.21,114.59,54802394
2011-08-09T10:30:00-07:00,114.59,117.48,110.27,117.46,58836605
2011-08-10T06:30:00-07:00,115.26,115.44,112.72,114.07,51192484
2011-08-10T10:30:00-07:00,114.06,116.26,111.96,112.26,35254869
2011-08-11T06:30:00-07:00,113.26,117,112.85,116.59,37970023
2011-08-11T10:30:00-07:00,116.59,118.91,115.9,117.25,26859771
2011-08-12T06:30:00-07:00,118.52,119.21,117.28,118.5,28520133
2011-08-12T10:30:00-07:00,118.5,118.9,117.61,118.15,15546126
2011-08-15T06:30:00-07:00,119.19,120.24,119.005,119.86,24897698
2011-08-15T10:30:00-07:00,119.86,120.73,119.715,120.66,17508382
2011-08-16T06:30:00-07:00,119.47,120.685,118.31,118.8,30374680
2011-08-16T10:30:00-07:00,118.8,120.15,118.69,119.57,15594328
2011-08-17T06:30:00-07:00,120.24,121.19,119,119.14,24922312
2011-08-17T10:30:00-07:00,119.13,119.785,118.72,119.68,14047610
2011-08-18T06:30:00-07:00,116.5,116.64,113.69,114.52,53070473
2011-08-18T10:30:00-07:00,114.52,114.945,113.39,114.54,34869952
2011-08-19T06:30:00-07:00,112.96,115.88,112.9,114.26,43245420
2011-08-19T10:30:00-07:00,114.25,114.305,112.5,112.72,30513934
2011-08-22T06:30:00-07:00,115.17,115.22,112.46,113.52,28276814
2011-08-22T10:30:00-07:00,113.52,113.71,112.42,112.77,16611479
2011-08-23T06:30:00-07:00,113.16,115.59,112.58,115.15,36775599
2011-08-23T10:30:00-07:00,115.15,116.54,114.36,116.47,26001972
2011-08-24T06:30:00-07:00,116.19,117.94,115.925,117.13,25385591
2011-08-24T10:30:00-07:00,117.17,118.24,116.69,118.09,12531714
2011-08-25T06:30:00-07:00,118.73,119.4,115.91,116.85,30896311
2011-08-25T10:30:00-07:00,116.85,117.12,115.87,116.31,16834407
2011-08-26T06:30:00-07:00,115.69,118.42,113.85,118.29,35242532
2011-08-26T10:30:00-07:00,118.29,118.51,117.2,117.97,12901949
2011-08-29T06:30:00-07:00,119.57,120.93,119.48,120.755,16079120
2011-08-29T10:30:00-07:00,120.76,121.43,120.56,121.36,10206873
2011-08-30T06:30:00-07:00,120.84,121.87,119.94,121.16,24812212
2011-08-30T10:30:00-07:00,121.17,122.42,120.835,121.62,16625095
2011-08-31T06:30:00-07:00,122.46,123.5,122.28,122.73,24405326
2011-08-31T10:30:00-07:00,122.73,122.85,121.3,122.33,21646747
2011-09-01T06:30:00-07:00,122.3,123.39,121.69,121.98,22987930
2011-09-01T10:30:00-07:00,121.97,121.99,120.79,120.9,12926892
2011-09-02T06:30:00-07:00,118.42,119.07,118.08,118.34,22398251
2011-09-02T10:30:00-07:00,118.34,118.5,117.43,117.82,17240894
2011-09-06T06:30:00-07:00,114.38,116.16,114.38,115.91,26366568
2011-09-06T10:30:00-07:00,115.9,117.16,115.72,117,19798778
2011-09-07T06:30:00-07:00,118.76,119.86,118.37,119.8,18732935
2011-09-07T10:30:00-07:00,119.8,120.33,119.58,120.28,13169816
2011-09-08T06:30:00-07:00,119.57,120.93,119.39,120.07,20760526
2011-09-08T10:30:00-07:00,120.06,120.35,118.77,119.04,18361909
2011-09-09T06:30:00-07:00,117.69,118.1,115.52,116.24,37918543
2011-09-09T10:30:00-07:00,116.24,116.31,115.28,115.89,23434875
2011-09-12T06:30:00-07:00,114.47,116.25,114.45,114.7,24524121
2011-09-12T10:30:00-07:00,114.7,116.76,114.05,116.67,23360725
2011-09-13T06:30:00-07:00,117.05,117.96,116.22,117.52,21605118
2011-09-13T10:30:00-07:00,117.52,118.18,117.03,117.73,15839758
2011-09-14T06:30:00-07:00,118.33,118.83,116.72,118.72,20273010
2011-09-14T10:30:00-07:00,118.72,120.78,118.69,119.35,22953943
2011-09-15T06:30:00-07:00,120.61,120.99,119.57,120.75,21400907
2011-09-15T10:30:00-07:00,120.75,121.46,120.6,121.44,14658688
2011-09-16T06:30:00-07:00,121.29,121.97,120.32,121.23,26786112
2011-09-16T10:30:00-07:00,121.22,121.58,120.8,121.52,13786087
2011-09-19T06:30:00-07:00,119.53,119.92,118.72,119.26,19882328
2011-09-19T10:30:00-07:00,119.26,120.93,119.2,120.32,16164027
2011-09-20T06:30:00-07:00,120.83,121.99,120.01,121.81,19122255
2011-09-20T10:30:00-07:00,121.805,121.87,120.1,120.17,16114156
2011-09-21T06:30:00-07:00,120.25,120.59,119.05,119.55,17025623
2011-09-21T10:30:00-07:00,119.55,120.17,116.52,116.52,27910743
2011-09-22T06:30:00-07:00,113.24,114.2,112.38,112.6,37916298
2011-09-22T10:30:00-07:00,112.6,113.4,111.3,112.95,36293861
2011-09-23T06:30:00-07:00,112.17,114.03,112.02,113.08,25445229
2011-09-23T10:30:00-07:00,113.08,114.16,112.86,113.5,16119439
2011-09-26T06:30:00-07:00,114.61,115.06,112.99,114.02,22861714
2011-09-26T10:30:00-07:00,114.02,116.4,113.77,116.22,15865252
2011-09-27T06:30:00-07:00,118.53,119.28,118.19,119.05,22541527
2011-09-27T10:30:00-07:00,119.06,119.56,116.84,117.51,19564084
2011-09-28T06:30:00-07:00,117.78,118.48,116.73,116.77,22089811
2011-09-28T10:30:00-07:00,116.765,116.82,114.97,115.12,21628183
2011-09-29T06:30:00-07:00,117.05,117.63,115.56,115.71,24338727
2011-09-29T10:30:00-07:00,115.71,116.04,113.94,116,22699286
2011-09-30T06:30:00-07:00,114.45,115.44,114.01,114.69,22040117
2011-09-30T10:30:00-07:00,114.69,115.1,113.08,113.14,21115020
2011-10-03T06:30:00-07:00,112.48,113.94,110.86,111.23,29181605
2011-10-03T10:30:00-07:00,111.235,111.32,109.82,109.88,25736437
2011-10-04T06:30:00-07:00,108.35,110.35,107.43,109.36,46388429
2011-10-04T10:30:00-07:00,109.37,112.57,107.89,112.41,27764624
2011-10-05T06:30:00-07:00,112.62,113.49,111.58,113.39,24261092
2011-10-05T10:30:00-07:00,113.4,114.71,113.17,114.45,17148469
2011-10-06T06:30:00-07:00,114.36,116.07,113.52,115.45,21880194
2011-10-06T10:30:00-07:00,115.45,116.66,115.17,116.5,13606258
2011-10-07T06:30:00-07:00,117.18,117.24,115.09,115.55,26271485
2011-10-07T10:30:00-07:00,115.53,117.03,115.06,115.68,17917308
2011-10-10T06:30:00-07:00,117.68,119.23,117.67,119.065,19498219
2011-10-10T10:30:00-07:00,119.06,119.59,118.24,119.56,11528780
2011-10-11T06:30:00-07:00,118.87,120.04,118.75,119.66,17380139
2011-10-11T10:30:00-07:00,119.7,119.93,119.24,119.65,12147162
2011-10-12T06:30:00-07:00,120.6,121.92,120.33,121.62,17826887
2011-10-12T10:30:00-07:00,121.62,122.13,120.71,120.72,17644735
2011-10-13T06:30:00-07:00,120.04,120.21,119.12,120.14,19787407
2011-10-13T10:30:00-07:00,120.14,120.87,119.92,120.49,11893990
2011-10-14T06:30:00-07:00,121.91,122.27,121.23,121.66,15408590
2011-10-14T10:30:00-07:00,121.65,122.59,121.59,122.57,11041355
2011-10-17T06:30:00-07:00,121.99,122.06,120.5,120.76,15191901
2011-10-17T10:30:00-07:00,120.75,120.76,119.93,120.21,12366246
2011-10-18T06:30:00-07:00,120.14,121.63,119.21,121.36,20418902
2011-10-18T10:30:00-07:00,121.37,123.5,121.23,122.58,25006716
2011-10-19T06:30:00-07:00,122.38,123.08,122.08,122.52,15684187
2011-10-19T10:30:00-07:00,122.51,122.54,120.72,121.13,19536747
2011-10-20T06:30:00-07:00,121.43,121.8,119.82,121.38,28286678
2011-10-20T10:30:00-07:00,121.39,122.09,120.88,121.63,15331016
2011-10-21T06:30:00-07:00,123.09,124.11,122.82,122.86,18901898
2011-10-21T10:30:00-07:00,122.855,123.97,122.72,123.95,16072372
2011-10-24T06:30:00-07:00,124.17,125.58,124.06,125.43,13274230
2011-10-24T10:30:00-07:00,125.42,125.8,125.1,125.52,11193522
2011-10-25T06:30:00-07:00,124.89,124.95,123.33,124.25,21611284
2011-10-25T10:30:00-07:00,124.25,124.32,122.78,123.05,16580901
2011-10-26T06:30:00-07:00,124.35,124.53,122.21,122.99,20354472
2011-10-26T10:30:00-07:00,122.99,124.76,122.99,124.3,22487651
2011-10-27T06:30:00-07:00,127.63,128.3,126.62,128.2,27828079
2011-10-27T10:30:00-07:00,128.2,129.42,127.98,128.6,21545126
2011-10-28T06:30:00-07:00,128,128.73,127.8,128.55,17443950
2011-10-28T10:30:00-07:00,128.55,128.84,128.14,128.61,11392399
2011-10-31T06:30:00-07:00,127.16,127.26,126.42,126.74,15394079
2011-10-31T10:30:00-07:00,126.74,127.24,125.49,125.49,15588609
2011-11-01T06:30:00-07:00,122.03,123.43,121.52,122.52,42123941
2011-11-01T10:30:00-07:00,122.52,123.51,121.68,122,32830743
2011-11-02T06:30:00-07:00,123.83,124.4,122.8,123.07,20448335
2011-11-02T10:30:00-07:00,123.07,124.21,122.8,123.93,17052852
2011-11-03T06:30:00-07:00,125.27,125.82,123.6,125.56,25363633
2011-11-03T10:30:00-07:00,125.58,126.49,125.51,126.23,16979584
2011-11-04T06:30:00-07:00,125.24,125.51,124.02,125.21,21335391
2011-11-04T10:30:00-07:00,125.21,125.7,124.91,125.46,11643572
2011-11-07T06:30:00-08:00,125.39,126.15,124.21,124.85,21051478
2011-11-07T10:30:00-08:00,124.86,126.38,124.7,126.28,12675397
2011-11-08T06:30:00-08:00,126.92,127.39,125.71,126.45,17325331
2011-11-08T10:30:00-08:00,126.45,128.01,126.38,127.84,15160936
2011-11-09T06:30:00-08:00,124.89,125.46,124.17,124.61,21532905
2011-11-09T10:30:00-08:00,124.61,124.64,122.87,123.19,23225564
2011-11-10T06:30:00-08:00,124.79,124.94,123.025,124.62,24324488
2011-11-10T10:30:00-08:00,124.62,124.82,123.75,124.25,12720827
2011-11-11T06:30:00-08:00,125.83,126.99,125.8,126.71,13474668
2011-11-11T10:30:00-08:00,126.72,126.9,126.34,126.63,9682363
2011-11-14T06:30:00-08:00,126.19,126.36,125.03,125.465,14531006
2011-11-14T10:30:00-08:00,125.47,125.67,124.92,125.48,8338059
2011-11-15T06:30:00-08:00,125.17,126.29,124.72,126.15,16372364
2011-11-15T10:30:00-08:00,126.15,126.75,126.05,126.09,9487115
2011-11-16T06:30:00-08:00,124.83,126.03,124.66,126.02,14567307
2011-11-16T10:30:00-08:00,126.01,126.33,123.9,124.05,16968720
2011-11-17T06:30:00-08:00,123.85,124.16,121.47,122.02,28981596
2011-11-17T10:30:00-08:00,122.02,122.08,121.23,121.98,18586360
2011-11-18T06:30:00-08:00,122.59,122.74,121.48,122.17,18300476
2011-11-18T10:30:00-08:00,122.17,122.59,121.88,122,10427074
2011-11-21T06:30:00-08:00,120.2,120.35,118.66,119.24,20777959
2011-11-21T10:30:00-08:00,119.24,120.25,118.855,119.68,11697932
2011-11-22T06:30:00-08:00,119.4,120.1,118.53,119.79,22014181
2011-11-22T10:30:00-08:00,119.79,119.99,118.99,119.17,9594344
2011-11-23T06:30:00-08:00,118.07,118.2,116.72,117.47,16520094
2011-11-23T10:30:00-08:00,117.47,117.58,116.57,116.61,11906273
2011-11-25T06:30:00-08:00,116.37,117.7,115.55,115.98,13351822
2011-11-25T10:30:00-08:00,115.98,115.98,115.98,115.98,159
2011-11-28T06:30:00-08:00,119.52,120.18,119.32,119.85,14546875
2011-11-28T10:30:00-08:00,119.85,119.97,118.82,119.73,12106427
2011-11-29T06:30:00-08:00,120.05,120.86,119.61,120.38,15643002
2011-11-29T10:30:00-08:00,120.38,120.63,119.77,120.01,9065503
2011-11-30T06:30:00-08:00,123.47,124.5,123.22,123.94,19005621
2011-11-30T10:30:00-08:00,123.94,125.21,123.8,125.08,17063438
2011-12-01T06:30:00-08:00,124.85,125.64,124.43,124.89,14956959
2011-12-01T10:30:00-08:00,124.885,125.34,124.7,124.96,7715143
2011-12-02T06:30:00-08:00,126.12,126.5,125.22,125.48,16290266
2011-12-02T10:30:00-08:00,125.48,125.68,124.78,124.87,9324624
2011-12-05T06:30:00-08:00,126.84,127.18,126.47,126.95,14062936
2011-12-05T10:30:00-08:00,126.94,127.06,125.45,126.22,16858811
2011-12-06T06:30:00-08:00,126.21,126.56,125.76,126.41,12255747
2011-12-06T10:30:00-08:00,126.41,127.11,126.15,126.32,10707144
2011-12-07T06:30:00-08:00,125.84,126.43,124.97,126.34,16367597
2011-12-07T10:30:00-08:00,126.34,127.25,125.69,126.65,13743279
2011-12-08T06:30:00-08:00,125.9,126.17,124.27,124.51,19443008
2011-12-08T10:30:00-08:00,124.5,125.21,123.65,124.01,14896208
2011-12-09T06:30:00-08:00,124.51,126.1,124.41,126.02,18829762
2011-12-09T10:30:00-08:00,126.02,126.37,125.81,126.03,10524153
2011-12-12T06:30:00-08:00,124.95,124.97,123.16,123.56,16593123
2011-12-12T10:30:00-08:00,123.56,124.3,123.33,124.22,11731622
2011-12-13T06:30:00-08:00,124.86,125.57,124.24,124.7,15379895
2011-12-13T10:30:00-08:00,124.69,125.09,122.45,123.08,17719761
2011-12-14T06:30:00-08:00,122.56,123.03,121.54,122.5,18073051
2011-12-14T10:30:00-08:00,122.5,122.58,121.47,121.74,14147233
2011-12-15T06:30:00-08:00,123.03,123.2,121.99,122.48,13921735
2011-12-15T10:30:00-08:00,122.48,122.66,122.03,122.18,10930667
2011-12-16T06:30:00-08:00,122.23,122.95,121.3,121.78,18020907
2011-12-16T10:30:00-08:00,121.78,121.9,121.4,121.66,10574615
2011-12-19T06:30:00-08:00,122.03,122.31,120.71,121.01,12469792
2011-12-19T10:30:00-08:00,121.01,121.34,120.03,120.33,11431123
2011-12-20T06:30:00-08:00,122.18,123.92,122.18,123.72,15694473
2011-12-20T10:30:00-08:00,123.73,124.14,123.56,123.93,10682580
2011-12-21T06:30:00-08:00,123.93,124.05,122.75,123.34,15110589
2011-12-21T10:30:00-08:00,123.34,124.36,123.15,124.19,11250441
2011-12-22T06:30:00-08:00,124.63,125.31,124.36,125.29,9738250
2011-12-22T10:30:00-08:00,125.3,125.39,125.08,125.3,7303602
2011-12-23T06:30:00-08:00,125.69,126.25,125.41,126.08,6379783
2011-12-23T10:30:00-08:00,126.085,126.43,125.98,126.38,4249118
2011-12-27T06:30:00-08:00,126.17,126.82,126.07,126.55,6216587
2011-12-27T10:30:00-08:00,126.55,126.76,126.42,126.46,3904112
2011-12-28T06:30:00-08:00,126.51,126.53,124.87,125.14,8213234
2011-12-28T10:30:00-08:00,125.14,125.32,124.73,124.91,5494021
2011-12-29T06:30:00-08:00,125.24,125.97,125.18,125.8,7300957
2011-12-29T10:30:00-08:00,125.8,126.25,125.78,126.155,4693101
2011-12-30T06:30:00-08:00,126.02,126.33,125.9,126,5291161
2011-12-30T10:30:00-08:00,126,126.07,125.6,125.61,4996070
2012-01-03T06:30:00-08:00,127.76,128.38,127.44,127.58,16228319
2012-01-03T10:30:00-08:00,127.575,128.06,127.47,127.55,9801188
2012-01-04T06:30:00-08:00,127.19,127.64,126.72,127.43,11581164
2012-01-04T10:30:00-08:00,127.43,127.81,127.43,127.68,6520216
2012-01-05T06:30:00-08:00,127.01,128.03,126.43,128.01,17153188
2012-01-05T10:30:00-08:00,128.02,128.23,127.78,128.06,8735868
2012-01-06T06:30:00-08:00,128.2,128.2,127.29,127.73,14613939
2012-01-06T10:30:00-08:00,127.74,128.14,127.65,127.79,8072974
2012-01-09T06:30:00-08:00,128,128.17,127.41,127.95,10666147
2012-01-09T10:30:00-08:00,127.96,128.18,127.83,128.01,5284542
2012-01-10T06:30:00-08:00,129.39,129.65,128.95,129.07,11777733
2012-01-10T10:30:00-08:00,129.06,129.36,128.98,129.16,6571135
2012-01-11T06:30:00-08:00,128.73,129.13,128.52,129.11,10818083
2012-01-11T10:30:00-08:00,129.1,129.37,128.85,129.24,8101114
2012-01-12T06:30:00-08:00,129.57,129.7,128.54,129.3,11785072
2012-01-12T10:30:00-08:00,129.295,129.665,129.11,129.52,5986295
2012-01-13T06:30:00-08:00,128.64,128.72,127.72,128.17,18455489
2012-01-13T10:30:00-08:00,128.17,128.94,128.095,128.94,7616155
2012-01-17T06:30:00-08:00,130.08,130.31,129.71,129.865,11646848
2012-01-17T10:30:00-08:00,129.87,129.93,129.06,129.33,7471614
2012-01-18T06:30:00-08:00,129.34,130.5,129.08,130.4,13358353
2012-01-18T10:30:00-08:00,130.4,130.84,130.26,130.77,7324051
2012-01-19T06:30:00-08:00,131.21,131.57,130.805,131.56,10239414
2012-01-19T10:30:00-08:00,131.55,131.57,131.19,131.48,6688637
2012-01-20T06:30:00-08:00,131.24,131.4,130.93,131.36,10083542
2012-01-20T10:30:00-08:00,131.35,131.55,131.02,131.53,6068548
2012-01-23T06:30:00-08:00,131.5,132.25,130.99,131.36,12643450
2012-01-23T10:30:00-08:00,131.36,131.82,131.25,131.6,6502754
2012-01-24T06:30:00-08:00,130.81,131.41,130.61,131.16,9354056
2012-01-24T10:30:00-08:00,131.16,131.5,131.1,131.46,5067421
2012-01-25T06:30:00-08:00,131.26,132.22,130.76,132.12,15837472
2012-01-25T10:30:00-08:00,132.12,132.87,131.88,132.565,12882502
2012-01-26T06:30:00-08:00,133.15,133.4,132.07,132.28,15579193
2012-01-26T10:30:00-08:00,132.27,132.28,131.365,131.87,10798940
2012-01-27T06:30:00-08:00,131.24,131.85,131.16,131.45,13665249
2012-01-27T10:30:00-08:00,131.46,132.05,131.43,131.71,7684519
2012-01-30T06:30:00-08:00,130.51,130.88,130.06,130.87,14487852
2012-01-30T10:30:00-08:00,130.87,131.44,130.84,131.35,8430533
2012-01-31T06:30:00-08:00,132.03,132.18,130.68,131.25,13693491
2012-01-31T10:30:00-08:00,131.24,131.43,130.88,131.26,8763019
2012-02-01T06:30:00-08:00,132.28,133.12,132.13,132.99,14452784
2012-02-01T10:30:00-08:00,132.99,133.14,132.33,132.45,12076525
2012-02-02T06:30:00-08:00,132.73,133.02,132.22,132.43,11596754
2012-02-02T10:30:00-08:00,132.42,132.83,132.41,132.67,5124061
2012-02-03T06:30:00-08:00,134,134.56,133.77,134.41,12532751
2012-02-03T10:30:00-08:00,134.42,134.62,134.29,134.545,8089878
2012-02-06T06:30:00-08:00,133.99,134.41,133.83,134.29,10182794
2012-02-06T10:30:00-08:00,134.285,134.5,134.11,134.45,5469390
2012-02-07T06:30:00-08:00,134.17,134.89,133.64,134.73,11762374
2012-02-07T10:30:00-08:00,134.73,135.02,134.55,134.77,6205745
2012-02-08T06:30:00-08:00,134.87,135.22,134.31,134.88,15204201
2012-02-08T10:30:00-08:00,134.875,135.16,134.75,135.13,6589248
2012-02-09T06:30:00-08:00,135.41,135.58,134.56,135.52,15819717
2012-02-09T10:30:00-08:00,135.52,135.56,135.25,135.34,5545061
2012-02-10T06:30:00-08:00,134.16,134.47,133.84,134.23,13470687
2012-02-10T10:30:00-08:00,134.23,134.4,133.87,134.36,10284479
2012-02-13T06:30:00-08:00,135.32,135.44,134.74,135.28,10969181
2012-02-13T10:30:00-08:00,135.27,135.51,135.22,135.34,6651011
2012-02-14T06:30:00-08:00,135,135.14,134.5,134.61,13854128
2012-02-14T10:30:00-08:00,134.61,135.26,134.25,135.24,12145011
2012-02-15T06:30:00-08:00,135.63,135.83,134.71,135.06,18793433
2012-02-15T10:30:00-08:00,135.065,135.21,134.29,134.56,14138080
2012-02-16T06:30:00-08:00,134.58,135.99,134.34,135.89,17955793
2012-02-16T10:30:00-08:00,135.895,136.17,135.85,136.04,8115839
2012-02-17T06:30:00-08:00,136.52,136.57,135.96,136.26,11633718
2012-02-17T10:30:00-08:00,136.25,136.535,136.25,136.38,6268356
2012-02-21T06:30:00-08:00,136.73,137.05,136.35,136.89,9699693
2012-02-21T10:30:00-08:00,136.895,136.92,136.06,136.47,7711567
2012-02-22T06:30:00-08:00,136.26,136.55,135.79,136.27,11745173
2012-02-22T10:30:00-08:00,136.26,136.37,135.92,136.03,5118119
2012-02-23T06:30:00-08:00,135.96,136.55,135.5,136.31,12638503
2012-02-23T10:30:00-08:00,136.315,136.73,136.2,136.63,6357782
2012-02-24T06:30:00-08:00,136.93,137.2,136.73,137.04,8241840
2012-02-24T10:30:00-08:00,137.04,137.06,136.64,136.87,5550722
2012-02-27T06:30:00-08:00,136.03,137.45,135.8,137.16,14607360
2012-02-27T10:30:00-08:00,137.15,137.53,137.08,137.1,6885103
2012-02-28T06:30:00-08:00,137.2,137.72,136.93,137.51,11896551
2012-02-28T10:30:00-08:00,137.51,137.65,137.09,137.56,6327437
2012-02-29T06:30:00-08:00,137.75,138.19,136.79,137.34,17554471
2012-02-29T10:30:00-08:00,137.33,137.68,136.73,136.85,8685351
2012-03-01T06:30:00-08:00,137.31,137.96,137.12,137.95,13445622
2012-03-01T10:30:00-08:00,137.95,137.99,137.27,137.75,7888326
2012-03-02T06:30:00-08:00,137.65,137.82,137,137.11,11886294
2012-03-02T10:30:00-08:00,137.11,137.58,137.11,137.32,5794673
2012-03-05T06:30:00-08:00,137.1,137.19,136.28,136.59,11433776
2012-03-05T10:30:00-08:00,136.58,136.97,136.4,136.79,7010980
2012-03-06T06:30:00-08:00,135.35,135.42,134.57,134.62,17156087
2012-03-06T10:30:00-08:00,134.63,134.86,134.36,134.71,8847484
2012-03-07T06:30:00-08:00,135.07,135.74,134.93,135.63,12167719
2012-03-07T10:30:00-08:00,135.63,135.91,135.47,135.71,7022132
2012-03-08T06:30:00-08:00,136.52,137.02,136.24,136.91,9048441
2012-03-08T10:30:00-08:00,136.91,137.32,136.8,137.02,4977621
2012-03-09T06:30:00-08:00,137.31,137.92,137.135,137.76,10008850
2012-03-09T10:30:00-08:00,137.765,137.9,137.35,137.55,6400367
2012-03-12T06:30:00-07:00,137.55,137.75,137.095,137.43,9974157
2012-03-12T10:30:00-07:00,137.43,137.68,137.42,137.57,4693644
2012-03-13T06:30:00-07:00,138.32,138.98,138.09,138.9,10494637
2012-03-13T10:30:00-07:00,138.9,140.12,138.61,140.07,13057108
2012-03-14T06:30:00-07:00,140.1,140.445,139.79,140.27,9362030
2012-03-14T10:30:00-07:00,140.28,140.28,139.485,139.93,7084122
2012-03-15T06:30:00-07:00,140.13,140.735,139.765,140.51,11842162
2012-03-15T10:30:00-07:00,140.52,140.77,140.37,140.69,5922379
2012-03-16T06:30:00-07:00,140.36,140.48,140.01,140.31,8316714
2012-03-16T10:30:00-07:00,140.31,140.43,140.12,140.29,4163562
2012-03-19T06:30:00-07:00,140.22,141.26,140.11,141.215,10431895
2012-03-19T10:30:00-07:00,141.215,141.28,140.76,140.85,6331254
2012-03-20T06:30:00-07:00,140.05,140.43,139.87,140.3,9548290
2012-03-20T10:30:00-07:00,140.3,140.61,140.23,140.41,6312928
2012-03-21T06:30:00-07:00,140.52,140.645,139.925,140.39,11080883
2012-03-21T10:30:00-07:00,140.39,140.63,140.21,140.21,5308050
2012-03-22T06:30:00-07:00,139.18,139.55,138.76,139.3,10966535
2012-03-22T10:30:00-07:00,139.29,139.375,138.74,139.17,7258938
2012-03-23T06:30:00-07:00,139.32,139.67,138.55,139.65,9167840
2012-03-23T10:30:00-07:00,139.655,139.81,139.505,139.66,4654415
2012-03-26T06:30:00-07:00,140.64,141.11,140.6,140.93,6847139
2012-03-26T10:30:00-07:00,140.94,141.57,140.935,141.57,7797593
2012-03-27T06:30:00-07:00,141.74,141.83,141.43,141.52,8201838
2012-03-27T10:30:00-07:00,141.52,141.72,141.08,141.15,5045248
2012-03-28T06:30:00-07:00,141.1,141.31,139.73,139.96,13528043
2012-03-28T10:30:00-07:00,139.96,140.51,139.64,140.47,8131944
2012-03-29T06:30:00-07:00,139.64,139.88,139.09,139.42,15302962
2012-03-29T10:30:00-07:00,139.42,140.415,139.29,140.22,8899178
2012-03-30T06:30:00-07:00,140.92,140.96,140.06,140.86,10937901
2012-03-30T10:30:00-07:00,140.87,141.05,140.63,140.75,6572225
2012-04-02T06:30:00-07:00,140.64,142.12,140.37,142,12878557
2012-04-02T10:30:00-07:00,142.005,142.21,141.68,141.81,6236468
2012-04-03T06:30:00-07:00,141.64,141.87,141.01,141.21,9343541
2012-04-03T10:30:00-07:00,141.21,141.42,140.43,141.27,11948827
2012-04-04T06:30:00-07:00,140.22,140.33,139.4,139.4,13643241
2012-04-04T10:30:00-07:00,139.39,140.14,139.35,139.87,7383404
2012-04-05T06:30:00-07:00,139.38,140.2,139.26,139.83,8782251
2012-04-05T10:30:00-07:00,139.82,139.93,139.47,139.79,5929683
2012-04-09T06:30:00-07:00,138.04,138.495,137.84,138.29,9461550
2012-04-09T10:30:00-07:00,138.285,138.78,138.24,138.24,6193577
2012-04-10T06:30:00-07:00,137.95,138.34,135.95,136.18,21657153
2012-04-10T10:30:00-07:00,136.17,136.41,135.76,135.87,13375021
2012-04-11T06:30:00-07:00,137.3,137.54,136.9,137.17,13532321
2012-04-11T10:30:00-07:00,137.18,137.405,136.76,136.93,8420815
2012-04-12T06:30:00-07:00,137.13,138.76,137.03,138.605,15254051
2012-04-12T10:30:00-07:00,138.61,138.9,138.45,138.83,5909632
2012-04-13T06:30:00-07:00,138.47,138.48,137.35,137.78,13280086
2012-04-13T10:30:00-07:00,137.77,137.96,137.02,137.1,8440464
2012-04-16T06:30:00-07:00,137.84,138.04,136.58,137.05,16257475
2012-04-16T10:30:00-07:00,137.04,137.68,136.99,136.99,6991820
2012-04-17T06:30:00-07:00,137.85,139.2,137.7,139.15,12126205
2012-04-17T10:30:00-07:00,139.15,139.355,139.1,139.14,6608850
2012-04-18T06:30:00-07:00,138.47,139.05,138.38,138.62,12529899
2012-04-18T10:30:00-07:00,138.62,139.08,138.38,138.59,6317449
2012-04-19T06:30:00-07:00,138.63,139.14,137.83,138.03,17489907
2012-04-19T10:30:00-07:00,138.02,138.2,137.08,137.75,11178565
2012-04-20T06:30:00-07:00,138.33,138.83,138.15,138.44,11807890
2012-04-20T10:30:00-07:00,138.43,138.45,137.89,137.93,7131255
2012-04-23T06:30:00-07:00,136.54,136.64,135.945,136.5,12756830
2012-04-23T10:30:00-07:00,136.5,136.9,136.235,136.76,7744027
2012-04-24T06:30:00-07:00,136.92,137.65,136.8,137.16,10904607
2012-04-24T10:30:00-07:00,137.16,137.35,136.85,137.3,6349845
2012-04-25T06:30:00-07:00,138.65,139.19,138.53,138.98,11021361
2012-04-25T10:30:00-07:00,138.98,139.25,138.62,139.2,7922422
2012-04-26T06:30:00-07:00,138.89,139.68,138.82,139.65,9440683
2012-04-26T10:30:00-07:00,139.65,140.32,139.65,140.13,6933258
2012-04-27T06:30:00-07:00,140.58,140.6,139.81,140.53,8692683
2012-04-27T10:30:00-07:00,140.53,140.78,140.34,140.44,4871042
2012-04-30T06:30:00-07:00,140.11,140.21,139.61,139.76,7718764
2012-04-30T10:30:00-07:00,139.76,139.92,139.5,139.83,4579946
2012-05-01T06:30:00-07:00,139.79,141.66,139.63,141.38,8371536
2012-05-01T10:30:00-07:00,141.38,141.4,140.62,140.74,5851042
2012-05-02T06:30:00-07:00,139.92,140.33,139.465,140.035,9957553
2012-05-02T10:30:00-07:00,140.03,140.46,140.03,140.33,5007669
2012-05-03T06:30:00-07:00,140.34,140.45,139.5,139.68,10029667
2012-05-03T10:30:00-07:00,139.67,139.67,138.995,139.3,8537596
2012-05-04T06:30:00-07:00,138.515,138.66,136.93,137.24,16348258
2012-05-04T10:30:00-07:00,137.23,137.39,136.925,137.01,7976159
2012-05-07T06:30:00-07:00,136.51,137.5,136.47,137.26,12035308
2012-05-07T10:30:00-07:00,137.25,137.56,136.99,137.13,5107943
2012-05-08T06:30:00-07:00,136.28,136.51,134.925,135.585,20192601
2012-05-08T10:30:00-07:00,135.585,136.76,135.46,136.52,11872551
2012-05-09T06:30:00-07:00,135.1,136.32,134.49,136.14,25860206
2012-05-09T10:30:00-07:00,136.14,136.6,135.64,135.73,11607503
2012-05-10T06:30:00-07:00,136.68,136.85,135.92,136.58,17322190
2012-05-10T10:30:00-07:00,136.59,136.73,135.71,136.03,7737317
2012-05-11T06:30:00-07:00,135.17,136.86,135.12,136.18,14431274
2012-05-11T10:30:00-07:00,136.18,136.37,135.53,135.55,8001352
2012-05-14T06:30:00-07:00,134.31,134.91,133.91,134.54,14720543
2012-05-14T10:30:00-07:00,134.54,135.03,134.06,134.14,7791461
2012-05-15T06:30:00-07:00,134.02,134.8,133.84,134.47,16287923
2012-05-15T10:30:00-07:00,134.47,134.47,133.13,133.34,14705978
2012-05-16T06:30:00-07:00,133.94,134.54,133.41,133.45,18176532
2012-05-16T10:30:00-07:00,133.45,133.72,132.81,132.86,13985913
2012-05-17T06:30:00-07:00,132.86,133.02,131.45,132.125,25272843
2012-05-17T10:30:00-07:00,132.12,132.14,130.82,130.84,11246530
2012-05-18T06:30:00-07:00,131.37,131.6,130.2,130.75,26013989
2012-05-18T10:30:00-07:00,130.76,130.78,129.55,129.83,15227803
2012-05-21T06:30:00-07:00,130.16,131.55,129.95,131.41,16567630
2012-05-21T10:30:00-07:00,131.42,132.02,131.25,131.99,7291730
2012-05-22T06:30:00-07:00,132.31,133.23,131.97,132.55,15108571
2012-05-22T10:30:00-07:00,132.55,132.87,131.35,132.1,11765517
2012-05-23T06:30:00-07:00,131.25,131.61,129.99,130.73,17507193
2012-05-23T10:30:00-07:00,130.73,132.46,130.38,132.25,14381414
2012-05-24T06:30:00-07:00,132.63,132.84,131.74,131.82,15197924
2012-05-24T10:30:00-07:00,131.81,132.49,131.42,132.48,10074318
2012-05-25T06:30:00-07:00,132.48,132.85,132.26,132.48,13796218
2012-05-25T10:30:00-07:00,132.485,132.52,131.785,132.14,6599893
2012-05-29T06:30:00-07:00,133.16,133.93,132.75,132.81,15241987
2012-05-29T10:30:00-07:00,132.82,133.75,132.75,133.69,6760534
2012-05-30T06:30:00-07:00,132.56,132.62,131.56,131.86,13290612
2012-05-30T10:30:00-07:00,131.85,132.29,131.49,131.77,7330189
2012-05-31T06:30:00-07:00,131.71,131.94,130.34,131.59,17231458
2012-05-31T10:30:00-07:00,131.58,132.45,131.2,131.55,9331451
2012-06-01T06:30:00-07:00,129.41,129.85,128.67,128.68,16359638
2012-06-01T10:30:00-07:00,128.68,128.8,128.18,128.24,13788644
2012-06-04T06:30:00-07:00,128.39,128.73,127.135,127.25,15175021
2012-06-04T10:30:00-07:00,127.25,128.51,127.2,128.26,11791094
2012-06-05T06:30:00-07:00,127.84,129.03,127.78,128.64,12920107
2012-06-05T10:30:00-07:00,128.63,129.26,128.57,129.03,7547128
2012-06-06T06:30:00-07:00,129.96,131.64,129.94,131.41,14593859
2012-06-06T10:30:00-07:00,131.41,132.03,131.09,132.005,9523334
2012-06-07T06:30:00-07:00,133.47,133.52,132.27,133.03,17928146
2012-06-07T10:30:00-07:00,133.03,133.06,131.78,132.02,6241334
2012-06-08T06:30:00-07:00,131.71,132.88,131.29,132.73,12320463
2012-06-08T10:30:00-07:00,132.73,133.12,132.6,133.08,5991864
2012-06-11T06:30:00-07:00,134.17,134.24,132.53,132.99,15025615
2012-06-11T10:30:00-07:00,132.99,132.99,131.28,131.42,9089117
2012-06-12T06:30:00-07:00,131.79,132.635,131.165,132.21,19693656
2012-06-12T10:30:00-07:00,132.23,132.985,132.08,132.94,8403519
2012-06-13T06:30:00-07:00,132.53,133.36,132.09,133.22,15449207
2012-06-13T10:30:00-07:00,133.215,133.28,131.63,132.07,10172516
2012-06-14T06:30:00-07:00,132.35,133.35,131.98,133.07,13238106
2012-06-14T10:30:00-07:00,133.07,134,132.65,133.51,16659347
2012-06-15T06:30:00-07:00,133.38,133.76,133.11,133.575,12140394
2012-06-15T10:30:00-07:00,133.58,134.24,133.52,134.11,7895556
2012-06-18T06:30:00-07:00,133.57,134.57,133.29,134.4,14264855
2012-06-18T10:30:00-07:00,134.4,134.725,134.16,134.41,6288983
2012-06-19T06:30:00-07:00,135.08,136.05,134.94,136.05,11951794
2012-06-19T10:30:00-07:00,136.05,136.24,135.58,135.69,10330428
2012-06-20T06:30:00-07:00,135.71,136.09,134.46,135.69,18670690
2012-06-20T10:30:00-07:00,135.71,135.82,134.63,135.48,13468999
2012-06-21T06:30:00-07:00,135.64,135.78,133.38,133.385,19128799
2012-06-21T10:30:00-07:00,133.38,133.51,132.335,132.46,14207228
2012-06-22T06:30:00-07:00,133.13,133.29,132.63,132.98,12849186
2012-06-22T10:30:00-07:00,132.97,133.71,132.97,133.47,6478427
2012-06-25T06:30:00-07:00,132.05,132.09,130.86,131.18,13380703
2012-06-25T10:30:00-07:00,131.175,131.61,131.045,131.31,7490298
2012-06-26T06:30:00-07:00,131.68,132.05,130.94,131.8,14419260
2012-06-26T10:30:00-07:00,131.81,132.38,131.65,131.98,7440534
2012-06-27T06:30:00-07:00,132.42,133.35,132.32,133.07,10802848
2012-06-27T10:30:00-07:00,133.07,133.425,132.83,133.17,5800979
2012-06-28T06:30:00-07:00,132.29,132.47,131.41,131.75,15358464
2012-06-28T10:30:00-07:00,131.74,132.99,131.29,132.79,11697196
2012-06-29T06:30:00-07:00,135.2,135.665,134.85,135.59,15837928
2012-06-29T10:30:00-07:00,135.595,136.2,135.515,136.17,10289023
2012-07-02T06:30:00-07:00,136.48,136.64,135.53,136.12,12912905
2012-07-02T10:30:00-07:00,136.115,136.53,135.89,136.45,5953564
2012-07-03T06:30:00-07:00,136.48,137.51,136.34,137.51,11605954
2012-07-03T10:30:00-07:00,137.51,137.56,137.46,137.46,14500
2012-07-05T06:30:00-07:00,136.91,137.16,136.29,137.09,12669640
2012-07-05T10:30:00-07:00,137.09,137.4,136.74,136.8,7203262
2012-07-06T06:30:00-07:00,135.47,135.77,134.93,135.19,13262205
2012-07-06T10:30:00-07:00,135.19,135.7,134.85,135.51,8189622
2012-07-09T06:30:00-07:00,135.38,135.555,134.71,135.165,10817155
2012-07-09T10:30:00-07:00,135.17,135.42,134.82,135.31,5701471
2012-07-10T06:30:00-07:00,136.01,136.23,134.83,134.91,11729313
2012-07-10T10:30:00-07:00,134.92,134.93,133.68,134.18,12200960
2012-07-11T06:30:00-07:00,134.21,134.6,133.9,134.23,11963509
2012-07-11T10:30:00-07:00,134.23,134.53,133.38,134.22,12546964
2012-07-12T06:30:00-07:00,133.38,133.89,132.6,133.65,12788649
2012-07-12T10:30:00-07:00,133.65,134.1,133.49,133.58,10793427
2012-07-13T06:30:00-07:00,133.86,135.54,133.84,135.4,12858011
2012-07-13T10:30:00-07:00,135.39,135.89,135.34,135.76,8063254
2012-07-16T06:30:00-07:00,135.44,135.83,134.9,135.44,8085719
2012-07-16T10:30:00-07:00,135.44,135.76,135.25,135.44,5557556
2012-07-17T06:30:00-07:00,135.97,136.4,134.55,136.32,15072266
2012-07-17T10:30:00-07:00,136.32,136.63,136.13,136.4,6915428
2012-07-18T06:30:00-07:00,136.04,137.63,135.96,137.52,12094226
2012-07-18T10:30:00-07:00,137.51,137.51,136.95,137.36,8039909
2012-07-19T06:30:00-07:00,137.65,138.18,137.22,137.79,12129646
2012-07-19T10:30:00-07:00,137.79,137.92,137.32,137.74,8067614
2012-07-20T06:30:00-07:00,136.95,137.15,136.34,136.44,13654467
2012-07-20T10:30:00-07:00,136.43,136.68,136.33,136.44,5644340
2012-07-23T06:30:00-07:00,134.48,134.89,133.85,134.82,12846199
2012-07-23T10:30:00-07:00,134.82,135.46,134.72,135.13,7069618
2012-07-24T06:30:00-07:00,135.18,135.24,133.25,133.51,14402380
2012-07-24T10:30:00-07:00,133.5,134.11,133.04,133.95,11998319
2012-07-25T06:30:00-07:00,134.21,134.56,133.26,134.21,13955693
2012-07-25T10:30:00-07:00,134.2,134.51,133.69,133.94,7521878
2012-07-26T06:30:00-07:00,135.89,136.3,135.27,135.935,13026648
2012-07-26T10:30:00-07:00,135.94,136.46,135.75,136.13,8170176
2012-07-27T06:30:00-07:00,136.89,138.48,136.65,138.47,14859001
2012-07-27T10:30:00-07:00,138.48,139.07,138.4,138.7,17668031
2012-07-30T06:30:00-07:00,138.51,139.33,138.27,138.56,11624689
2012-07-30T10:30:00-07:00,138.56,138.76,138.32,138.67,5662890
2012-07-31T06:30:00-07:00,138.5,138.87,138.105,138.4,10410852
2012-07-31T10:30:00-07:00,138.41,138.64,137.96,137.97,6319483
2012-08-01T06:30:00-07:00,138.7,138.72,137.98,138.405,8884181
2012-08-01T10:30:00-07:00,138.4,138.48,137.41,137.64,13051903
2012-08-02T06:30:00-07:00,136.55,137.57,135.59,136.03,20148088
2012-08-02T10:30:00-07:00,136.03,136.775,135.77,136.67,8227074
2012-08-03T06:30:00-07:00,138.56,139.63,138.5,139.43,12623589
2012-08-03T10:30:00-07:00,139.435,139.55,139.08,139.36,6154039
2012-08-06T06:30:00-07:00,139.72,140.17,139.58,140.12,7120175
2012-08-06T10:30:00-07:00,140.12,140.14,139.565,139.64,4386083
2012-08-07T06:30:00-07:00,140.18,140.92,140.15,140.84,10209561
2012-08-07T10:30:00-07:00,140.83,140.85,140.27,140.3,5030922
2012-08-08T06:30:00-07:00,139.85,140.64,139.81,140.48,8808553
2012-08-08T10:30:00-07:00,140.48,140.55,140.17,140.47,5010406
2012-08-09T06:30:00-07:00,140.29,140.89,140.15,140.57,9444236
2012-08-09T10:30:00-07:00,140.57,140.78,140.45,140.58,3210621
2012-08-10T06:30:00-07:00,140.04,140.49,139.82,140.31,7773609
2012-08-10T10:30:00-07:00,140.3,140.89,140.28,140.84,5065224
2012-08-13T06:30:00-07:00,140.6,140.84,140.04,140.31,6624390
2012-08-13T10:30:00-07:00,140.31,140.81,140.25,140.76,3527721
2012-08-14T06:30:00-07:00,141.29,141.38,140.83,140.9,8331317
2012-08-14T10:30:00-07:00,140.9,141.07,140.375,140.76,5036004
2012-08-15T06:30:00-07:00,140.64,141.08,140.55,140.86,6956409
2012-08-15T10:30:00-07:00,140.86,141.18,140.765,140.91,3875356
2012-08-16T06:30:00-07:00,141.15,141.91,140.8,141.83,8843090
2012-08-16T10:30:00-07:00,141.83,142.16,141.74,141.94,5758836
2012-08-17T06:30:00-07:00,142.23,142.24,141.86,141.99,7592600
2012-08-17T10:30:00-07:00,141.99,142.3,141.96,142.21,3205065
2012-08-20T06:30:00-07:00,141.98,142.12,141.59,141.98,6001363
2012-08-20T10:30:00-07:00,141.98,142.22,141.87,142.2,2864615
2012-08-21T06:30:00-07:00,142.54,143.08,142.155,142.16,9576723
2012-08-21T10:30:00-07:00,142.165,142.19,141.46,141.76,6908781
2012-08-22T06:30:00-07:00,141.4,141.75,141.08,141.3,8876415
2012-08-22T10:30:00-07:00,141.3,142.05,141.18,141.77,8516635
2012-08-23T06:30:00-07:00,141.47,141.48,140.44,140.53,12016688
2012-08-23T10:30:00-07:00,140.53,140.945,140.5,140.67,5278115
2012-08-24T06:30:00-07:00,140.31,141.485,140.22,141.39,9810931
2012-08-24T10:30:00-07:00,141.39,141.8,141.3,141.52,5651972
2012-08-27T06:30:00-07:00,141.89,142.07,141.37,141.93,5956455
2012-08-27T10:30:00-07:00,141.93,141.93,141.35,141.51,3651970
2012-08-28T06:30:00-07:00,141.18,141.84,140.97,141.5,7747041
2012-08-28T10:30:00-07:00,141.49,141.8,141.33,141.41,3103647
2012-08-29T06:30:00-07:00,141.52,141.79,141.13,141.72,5848726
2012-08-29T10:30:00-07:00,141.73,141.89,141.485,141.56,3284180
2012-08-30T06:30:00-07:00,140.89,140.93,140.2,140.47,8203350
2012-08-30T10:30:00-07:00,140.47,140.89,140.42,140.47,4549566
2012-08-31T06:30:00-07:00,141.29,141.82,140.36,140.78,14355576
2012-08-31T10:30:00-07:00,140.79,141.45,140.78,141.11,6123878
2012-09-04T06:30:00-07:00,141.04,141.17,140.13,140.6,9280183
2012-09-04T10:30:00-07:00,140.6,141.46,140.46,141.01,7911440
2012-09-05T06:30:00-07:00,141.09,141.46,140.63,141.09,9661250
2012-09-05T10:30:00-07:00,141.09,141.09,140.655,140.88,5252946
2012-09-06T06:30:00-07:00,141.76,143.7,141.76,143.55,14308605
2012-09-06T10:30:00-07:00,143.55,143.78,143.39,143.74,7357924
2012-09-07T06:30:00-07:00,144.02,144.33,143.88,144.21,10477149
2012-09-07T10:30:00-07:00,144.21,144.35,144.08,144.34,4917387
2012-09-10T06:30:00-07:00,144.19,144.44,144.01,144.3,5553353
2012-09-10T10:30:00-07:00,144.31,144.335,143.46,143.49,4847350
2012-09-11T06:30:00-07:00,143.61,144.37,143.56,144.16,7483375
2012-09-11T10:30:00-07:00,144.155,144.28,143.79,143.99,4572867
2012-09-12T06:30:00-07:00,144.39,144.54,143.95,144.33,9025565
2012-09-12T10:30:00-07:00,144.33,144.44,143.9,144.28,5197073
2012-09-13T06:30:00-07:00,144.37,145.94,144.15,145.93,13627162
2012-09-13T10:30:00-07:00,145.93,147.04,145.93,146.59,11924090
2012-09-14T06:30:00-07:00,146.88,148.11,146.84,146.98,16359864
2012-09-14T10:30:00-07:00,146.98,147.365,146.76,147.16,9074759
2012-09-17T06:30:00-07:00,146.94,147.18,146.8,146.88,6944680
2012-09-17T10:30:00-07:00,146.88,146.885,146.38,146.71,5977737
2012-09-18T06:30:00-07:00,146.49,146.81,146.25,146.43,8080904
2012-09-18T10:30:00-07:00,146.44,146.6,146.29,146.6,4692341
2012-09-19T06:30:00-07:00,146.79,147.17,146.42,146.93,9138912
2012-09-19T10:30:00-07:00,146.94,147.15,146.72,146.77,4700949
2012-09-20T06:30:00-07:00,146.03,146.55,145.64,146.39,10542524
2012-09-20T10:30:00-07:00,146.4,146.79,146.36,146.73,6652600
2012-09-21T06:30:00-07:00,146.64,146.66,146.17,146.245,7337513
2012-09-21T10:30:00-07:00,146.26,146.36,145.82,145.89,5380520
2012-09-24T06:30:00-07:00,145.16,145.74,145.05,145.41,7908555
2012-09-24T10:30:00-07:00,145.41,145.98,145.27,145.61,5449401
2012-09-25T06:30:00-07:00,145.96,146.235,145.26,145.36,9045966
2012-09-25T10:30:00-07:00,145.36,145.58,144.07,144.09,10823784
2012-09-26T06:30:00-07:00,144.06,144.09,142.96,143.8,15062384
2012-09-26T10:30:00-07:00,143.8,143.85,143.2,143.31,7108574
2012-09-27T06:30:00-07:00,143.89,144.69,143.51,144.62,9800537
2012-09-27T10:30:00-07:00,144.62,144.97,144.56,144.64,6107280
2012-09-28T06:30:00-07:00,144.09,144.31,143.46,144.19,12058717
2012-09-28T10:30:00-07:00,144.19,144.55,143.7,143.97,8049599
2012-10-01T06:30:00-07:00,144.52,145.69,144.41,144.69,12739786
2012-10-01T10:30:00-07:00,144.685,144.96,144.02,144.35,8023285
2012-10-02T06:30:00-07:00,144.92,145.15,143.89,144.17,11906921
2012-10-02T10:30:00-07:00,144.17,144.55,143.83,144.5,7410313
2012-10-03T06:30:00-07:00,144.89,145.43,144.13,145.28,9899134
2012-10-03T10:30:00-07:00,145.27,145.27,144.68,145.08,6823364
2012-10-04T06:30:00-07:00,145.64,146.34,145.44,146.1,11155295
2012-10-04T10:30:00-07:00,146.1,146.24,145.9,146.17,6707402
2012-10-05T06:30:00-07:00,146.91,147.15,146.51,146.51,9510331
2012-10-05T10:30:00-07:00,146.52,146.56,145.7,146.11,8113119
2012-10-08T06:30:00-07:00,145.6,145.795,145.315,145.58,7683753
2012-10-08T10:30:00-07:00,145.59,145.885,145.52,145.63,3733311
2012-10-09T06:30:00-07:00,145.53,145.65,144.25,144.52,15041864
2012-10-09T10:30:00-07:00,144.51,144.78,144.15,144.22,8161145
2012-10-10T06:30:00-07:00,144.18,144.32,143.1,143.35,11004890
2012-10-10T10:30:00-07:00,143.35,143.56,143.09,143.31,7464100
2012-10-11T06:30:00-07:00,144.28,144.49,143.74,143.81,10427067
2012-10-11T10:30:00-07:00,143.805,143.81,143.36,143.39,6578572
2012-10-12T06:30:00-07:00,143.46,143.95,142.58,142.79,12103099
2012-10-12T10:30:00-07:00,142.78,143.18,142.63,142.94,5759168
2012-10-15T06:30:00-07:00,143.23,143.99,142.78,143.75,10068661
2012-10-15T10:30:00-07:00,143.76,144.22,143.49,144.05,5886702
2012-10-16T06:30:00-07:00,144.76,145.64,144.66,145.53,10224414
2012-10-16T10:30:00-07:00,145.53,145.635,145.2,145.56,5550636
2012-10-17T06:30:00-07:00,145.64,146.32,145.42,146.12,7677899
2012-10-17T10:30:00-07:00,146.12,146.32,145.71,146.19,6201545
2012-10-18T06:30:00-07:00,145.83,146.52,145.65,145.94,11359053
2012-10-18T10:30:00-07:00,145.935,146,145.33,145.83,9231531
2012-10-19T06:30:00-07:00,145.53,145.56,143.67,143.86,13808105
2012-10-19T10:30:00-07:00,143.86,143.87,143.055,143.37,13372363
2012-10-22T06:30:00-07:00,143.15,143.67,142.49,142.52,10319346
2012-10-22T10:30:00-07:00,142.52,143.55,142.28,143.44,8282297
2012-10-23T06:30:00-07:00,141.86,141.91,140.83,141.63,16027172
2012-10-23T10:30:00-07:00,141.625,142.05,141.28,141.44,11013272
2012-10-24T06:30:00-07:00,141.93,142.1,141.24,141.59,9691183
2012-10-24T10:30:00-07:00,141.6,141.74,140.8,141.03,8793618
2012-10-25T06:30:00-07:00,142.02,142.28,140.58,141.4,13673763
2012-10-25T10:30:00-07:00,141.41,141.5,141.05,141.4,6001888
2012-10-26T06:30:00-07:00,141.3,141.78,140.39,140.93,11808383
2012-10-26T10:30:00-07:00,140.92,141.84,140.86,141.29,8618266
2012-10-31T06:30:00-07:00,141.85,142.03,140.68,141.01,10391058
2012-10-31T10:30:00-07:00,141.02,141.58,140.92,141.4,5405818
2012-11-01T06:30:00-07:00,141.65,143,141.52,142.57,10004277
2012-11-01T10:30:00-07:00,142.57,142.92,142.47,142.84,6281852
2012-11-02T06:30:00-07:00,143.68,143.69,142.47,142.58,10522429
2012-11-02T10:30:00-07:00,142.59,142.68,141.41,141.59,11062341
2012-11-05T06:30:00-08:00,141.36,141.72,140.935,141.42,9032683
2012-11-05T10:30:00-08:00,141.42,142.16,141.38,141.86,5372924
2012-11-06T06:30:00-08:00,142.28,143.52,142.14,143.27,10938045
2012-11-06T10:30:00-08:00,143.28,143.39,142.79,142.99,7089235
2012-11-07T06:30:00-08:00,141.68,141.68,139.07,140.21,31262457
2012-11-07T10:30:00-08:00,140.21,140.59,139.73,139.74,13789102
2012-11-08T06:30:00-08:00,139.7,140.41,138.39,138.54,18945949
2012-11-08T10:30:00-08:00,138.535,139.08,138.02,138.02,12340424
2012-11-09T06:30:00-08:00,137.62,139.44,137.55,138.35,18245844
2012-11-09T10:30:00-08:00,138.35,139.09,138.11,138.27,11474907
2012-11-12T06:30:00-08:00,138.59,138.81,137.97,138.73,7452448
2012-11-12T10:30:00-08:00,138.74,138.75,138.2,138.27,5278849
2012-11-13T06:30:00-08:00,137.54,139.25,137.36,138.76,12993817
2012-11-13T10:30:00-08:00,138.77,139.005,137.73,137.78,7187788
2012-11-14T06:30:00-08:00,138.21,138.43,136.89,137.16,15325815
2012-11-14T10:30:00-08:00,137.16,137.49,135.62,135.92,13798758
2012-11-15T06:30:00-08:00,135.98,136.49,135.18,135.83,16887327
2012-11-15T10:30:00-08:00,135.83,136.29,135.22,135.72,11082274
2012-11-16T06:30:00-08:00,135.9,136.57,134.71,136.11,24794994
2012-11-16T10:30:00-08:00,136.11,136.63,135.48,136.36,9544139
2012-11-19T06:30:00-08:00,137.89,138.74,137.83,138.47,12225237
2012-11-19T10:30:00-08:00,138.465,139.07,138.37,139.07,7641567
2012-11-20T06:30:00-08:00,138.91,139.41,138.09,138.09,10517590
2012-11-20T10:30:00-08:00,138.1,139.21,138.1,139.18,5632977
2012-11-21T06:30:00-08:00,139.31,139.56,139.03,139.42,8166357
2012-11-21T10:30:00-08:00,139.43,139.56,139.31,139.52,2865401
2012-11-23T06:30:00-08:00,140.13,141.39,140.04,141.13,9888652
2012-11-23T10:30:00-08:00,141.12,141.15,141.08,141.15,7600
2012-11-26T06:30:00-08:00,140.65,140.88,140.19,140.74,8109863
2012-11-26T10:30:00-08:00,140.75,141.06,140.58,141.02,4103160
2012-11-27T06:30:00-08:00,140.91,141.38,140.48,140.99,10146503
2012-11-27T10:30:00-08:00,141,141.2,140.24,140.32,9231392
2012-11-28T06:30:00-08:00,139.76,141.08,139,140.83,18023859
2012-11-28T10:30:00-08:00,140.82,141.54,140.75,141.47,7447028
2012-11-29T06:30:00-08:00,141.99,142.51,141.38,142.1,15705730
2012-11-29T10:30:00-08:00,142.11,142.39,141.81,142.12,5834697
2012-11-30T06:30:00-08:00,142.14,142.3,141.67,142,11129938
2012-11-30T10:30:00-08:00,142.01,142.415,141.69,142.07,7100701
2012-12-03T06:30:00-08:00,142.8,142.92,141.84,141.92,9153824
2012-12-03T10:30:00-08:00,141.92,141.96,141.34,141.47,7101891
2012-12-04T06:30:00-08:00,141.44,141.86,140.87,141.15,12408019
2012-12-04T10:30:00-08:00,141.16,141.56,141.07,141.21,6731520
2012-12-05T06:30:00-08:00,141.37,142.16,140.38,141.86,16931737
2012-12-05T10:30:00-08:00,141.85,142.13,141.32,141.52,7117130
2012-12-06T06:30:00-08:00,141.37,142,141.17,141.68,10641813
2012-12-06T10:30:00-08:00,141.68,142.03,141.625,142.01,4813582
2012-12-07T06:30:00-08:00,142.53,142.69,141.67,142.19,10801473
2012-12-07T10:30:00-08:00,142.185,142.45,142.05,142.42,4923505
2012-12-10T06:30:00-08:00,142.21,142.81,142.15,142.52,7752849
2012-12-10T10:30:00-08:00,142.52,142.67,142.285,142.48,4869810
2012-12-11T06:30:00-08:00,143.07,144.1,142.99,143.76,11516587
2012-12-11T10:30:00-08:00,143.765,143.82,143.03,143.46,6941246
2012-12-12T06:30:00-08:00,143.99,144.52,143.52,144.45,11739707
2012-12-12T10:30:00-08:00,144.43,144.54,143.31,143.51,8285417
2012-12-13T06:30:00-08:00,143.42,143.83,142.48,142.75,10311890
2012-12-13T10:30:00-08:00,142.77,143,142.28,142.7,6868603
2012-12-14T06:30:00-08:00,142.32,142.58,142.02,142.28,10276181
2012-12-14T10:30:00-08:00,142.28,142.48,141.88,142.1,6985032
2012-12-17T06:30:00-08:00,142.47,143.535,142.43,143.29,9064698
2012-12-17T10:30:00-08:00,143.3,143.82,142.92,143.82,9174540
2012-12-18T06:30:00-08:00,144,145.45,143.8,145.115,16525867
2012-12-18T10:30:00-08:00,145.11,145.5,144.85,145.35,10155248
2012-12-19T06:30:00-08:00,145.53,145.58,144.86,145.11,12458634
2012-12-19T10:30:00-08:00,145.11,145.11,144.24,144.26,9766082
2012-12-20T06:30:00-08:00,144.38,144.65,143.99,144.585,12998913
2012-12-20T10:30:00-08:00,144.58,145.13,144.56,145.13,8254323
2012-12-21T06:30:00-08:00,142.17,143.1,141.95,142.32,20232386
2012-12-21T10:30:00-08:00,142.32,143.02,142.26,142.77,10436480
2012-12-24T06:30:00-08:00,142.48,142.56,142.17,142.17,6745271
2012-12-24T10:30:00-08:00,142.16,142.19,142.13,142.18,5300
2012-12-26T06:30:00-08:00,142.64,142.7,141.35,141.77,7827445
2012-12-26T10:30:00-08:00,141.77,142.17,141.64,141.71,5880263
2012-12-27T06:30:00-08:00,141.79,142.075,139.92,140.26,15645792
2012-12-27T10:30:00-08:00,140.27,141.92,140.065,141.58,13485977
2012-12-28T06:30:00-08:00,140.64,141.41,140.35,140.94,11819257
2012-12-28T10:30:00-08:00,140.94,141.03,139.91,139.96,10475959
2012-12-31T06:30:00-08:00,139.66,141.45,139.54,141.1,18935151
2012-12-31T10:30:00-08:00,141.09,142.48,140.65,142.44,15413467
2013-01-02T06:30:00-08:00,145.12,145.59,144.73,144.955,18173698
2013-01-02T10:30:00-08:00,144.95,146.01,144.81,146.01,9985849
2013-01-03T06:30:00-08:00,145.99,146.3,145.62,146.28,10287639
2013-01-03T10:30:00-08:00,146.28,146.36,145.34,145.71,9463887
2013-01-04T06:30:00-08:00,145.97,146.26,145.68,146.2,8771865
2013-01-04T10:30:00-08:00,146.19,146.61,146.105,146.41,8804595
2013-01-07T06:30:00-08:00,145.85,145.97,145.43,145.68,9437084
2013-01-07T10:30:00-08:00,145.67,146.11,145.48,145.97,5398732
2013-01-08T06:30:00-08:00,145.71,145.91,144.98,145.33,9972150
2013-01-08T10:30:00-08:00,145.33,145.63,145.25,145.54,5640933
2013-01-09T06:30:00-08:00,145.87,146.315,145.74,145.92,7704619
2013-01-09T10:30:00-08:00,145.91,146.03,145.65,145.94,4449421
2013-01-10T06:30:00-08:00,146.73,146.83,145.97,146.48,10865371
2013-01-10T10:30:00-08:00,146.47,147.09,146.41,147.06,6213695
2013-01-11T06:30:00-08:00,147.03,147.11,146.61,146.755,6922611
2013-01-11T10:30:00-08:00,146.75,147.15,146.7,147.07,5667211
2013-01-14T06:30:00-08:00,146.89,147.06,146.44,146.8,8184355
2013-01-14T10:30:00-08:00,146.8,147.05,146.66,146.96,4374580
2013-01-15T06:30:00-08:00,146.29,146.92,146.2,146.84,8321890
2013-01-15T10:30:00-08:00,146.84,147.2,146.59,147.03,5583006
2013-01-16T06:30:00-08:00,146.77,147.18,146.61,147.05,7612859
2013-01-16T10:30:00-08:00,147.05,147.28,147.01,147.04,6066270
2013-01-17T06:30:00-08:00,147.7,148.14,147.41,148.02,10469541
2013-01-17T10:30:00-08:00,148.02,148.42,147.93,147.93,7132304
2013-01-18T06:30:00-08:00,147.97,148.07,147.43,147.95,10856154
2013-01-18T10:30:00-08:00,147.96,148.48,147.92,148.39,7844135
2013-01-22T06:30:00-08:00,148.33,148.84,147.98,148.76,7806643
2013-01-22T10:30:00-08:00,148.75,149.13,148.69,149.09,4994902
2013-01-23T06:30:00-08:00,149.13,149.33,148.86,149.23,8118860
2013-01-23T10:30:00-08:00,149.225,149.49,149.21,149.36,4649126
2013-01-24T06:30:00-08:00,149.16,150.135,149.12,149.44,13070925
2013-01-24T10:30:00-08:00,149.44,149.74,149.01,149.39,6850876
2013-01-25T06:30:00-08:00,149.88,150.11,149.46,149.96,9664238
2013-01-25T10:30:00-08:00,149.96,150.235,149.8,150.19,6516137
2013-01-28T06:30:00-08:00,150.29,150.31,149.515,149.85,7473204
2013-01-28T10:30:00-08:00,149.84,150.21,149.84,149.94,4670152
2013-01-29T06:30:00-08:00,149.77,150.63,149.68,150.535,9876511
2013-01-29T10:30:00-08:00,150.54,150.85,150.515,150.69,4895658
2013-01-30T06:30:00-08:00,150.65,150.93,150.275,150.72,9122785
2013-01-30T10:30:00-08:00,150.72,150.73,149.935,150.09,8037657
2013-01-31T06:30:00-08:00,149.89,150.38,149.6,149.93,8969529
2013-01-31T10:30:00-08:00,149.93,150.21,149.71,149.79,5229947
2013-02-01T06:30:00-08:00,150.65,151.33,150.39,151.275,11977347
2013-02-01T10:30:00-08:00,151.27,151.42,151.03,151.22,5719470
2013-02-04T06:30:00-08:00,150.32,150.58,149.615,149.85,9711444
2013-02-04T10:30:00-08:00,149.86,150.07,149.44,149.54,6683691
2013-02-05T06:30:00-08:00,150.35,151.13,150.29,151.12,10605069
2013-02-05T10:30:00-08:00,151.12,151.47,151.01,151.06,6619541
2013-02-06T06:30:00-08:00,150.52,151.25,150.41,150.67,10999837
2013-02-06T10:30:00-08:00,150.675,151.18,150.57,151.17,5187126
2013-02-07T06:30:00-08:00,151.205,151.35,149.86,150.57,14949856
2013-02-07T10:30:00-08:00,150.58,150.98,150.45,150.95,8716476
2013-02-08T06:30:00-08:00,151.22,151.88,151.22,151.62,9607760
2013-02-08T10:30:00-08:00,151.62,151.83,151.53,151.76,4346931
2013-02-11T06:30:00-08:00,151.74,151.85,151.4,151.64,6232084
2013-02-11T10:30:00-08:00,151.635,151.89,151.55,151.75,2706941
2013-02-12T06:30:00-08:00,151.78,152.3,151.61,152.27,6392436
2013-02-12T10:30:00-08:00,152.28,152.29,151.92,151.99,3159655
2013-02-13T06:30:00-08:00,152.33,152.61,151.9,152.17,7221927
2013-02-13T10:30:00-08:00,152.17,152.26,151.72,152.15,4470858
2013-02-14T06:30:00-08:00,151.69,152.37,151.52,152.16,6445245
2013-02-14T10:30:00-08:00,152.16,152.47,152.16,152.29,3621721
2013-02-15T06:30:00-08:00,152.43,152.59,151.94,152.165,7795651
2013-02-15T10:30:00-08:00,152.17,152.32,151.55,152.13,8444085
2013-02-19T06:30:00-08:00,152.37,153.01,152.36,152.93,6310550
2013-02-19T10:30:00-08:00,152.93,153.28,152.905,153.23,4505298
2013-02-20T06:30:00-08:00,153.14,153.19,152.4,152.63,9033467
2013-02-20T10:30:00-08:00,152.62,152.74,151.31,151.32,14022030
2013-02-21T06:30:00-08:00,150.96,150.96,150.14,150.3,17306614
2013-02-21T10:30:00-08:00,150.29,150.9,149.94,150.42,10387614
2013-02-22T06:30:00-08:00,151.15,151.62,150.77,151.4,9778713
2013-02-22T10:30:00-08:00,151.41,151.83,151.3,151.81,5025552
2013-02-25T06:30:00-08:00,152.63,152.86,151.06,151.32,18532037
2013-02-25T10:30:00-08:00,151.32,151.32,149.01,149.03,17733923
2013-02-26T06:30:00-08:00,149.72,150.135,148.74,149.46,22118317
2013-02-26T10:30:00-08:00,149.46,150.19,149.44,150,7684800
2013-02-27T06:30:00-08:00,149.9,151.76,149.77,151.54,12069869
2013-02-27T10:30:00-08:00,151.55,152.33,151.53,151.91,7354546
2013-02-28T06:30:00-08:00,151.9,152.73,151.76,152.67,9903235
2013-02-28T10:30:00-08:00,152.67,152.87,151.77,151.77,8628868
2013-03-01T06:30:00-08:00,151.09,152.34,150.42,152.16,18721306
2013-03-01T10:30:00-08:00,152.16,152.27,151.86,152.14,8225412
2013-03-04T06:30:00-08:00,151.76,152.22,151.53,152.16,8417646
2013-03-04T10:30:00-08:00,152.17,152.86,152.08,152.85,5941932
2013-03-05T06:30:00-08:00,153.66,154.59,153.64,154.53,11310610
2013-03-05T10:30:00-08:00,154.53,154.7,154.09,154.31,6589440
2013-03-06T06:30:00-08:00,154.84,154.92,154.16,154.46,8574499
2013-03-06T10:30:00-08:00,154.455,154.85,154.33,154.51,4434308
2013-03-07T06:30:00-08:00,154.7,154.98,154.545,154.81,5351155
2013-03-07T10:30:00-08:00,154.81,154.95,154.53,154.79,4004941
2013-03-08T06:30:00-08:00,155.45,155.6,154.66,155.17,10206924
2013-03-08T10:30:00-08:00,155.17,155.64,155.155,155.44,5507045
2013-03-11T06:30:00-07:00,155.325,155.9,155.13,155.87,5854073
2013-03-11T10:30:00-07:00,155.865,156.03,155.73,156,3108329
2013-03-12T06:30:00-07:00,155.92,156.1,155.32,155.56,7822470
2013-03-12T10:30:00-07:00,155.56,155.75,155.21,155.63,5348804
2013-03-13T06:30:00-07:00,155.76,156.035,155.24,155.95,7215274
2013-03-13T10:30:00-07:00,155.95,156.12,155.74,155.91,3895794
2013-03-14T06:30:00-07:00,156.31,156.69,156.225,156.47,7608437
2013-03-14T10:30:00-07:00,156.46,156.795,156.37,156.74,5449724
2013-03-15T06:30:00-07:00,155.85,156.04,155.32,155.83,9649265
2013-03-15T10:30:00-07:00,155.83,155.88,155.475,155.81,5627662
2013-03-18T06:30:00-07:00,154.34,155.6,154.2,155.27,10230379
2013-03-18T10:30:00-07:00,155.27,155.63,154.76,154.98,7349685
2013-03-19T06:30:00-07:00,155.3,155.5,153.6,153.72,15457523
2013-03-19T10:30:00-07:00,153.72,154.85,153.615,154.63,11714902
2013-03-20T06:30:00-07:00,155.51,155.72,155.27,155.46,9014550
2013-03-20T10:30:00-07:00,155.46,155.95,155.3,155.65,7706359
2013-03-21T06:30:00-07:00,154.76,155.3,154.58,154.71,11367300
2013-03-21T10:30:00-07:00,154.71,154.87,154.1,154.34,8750674
2013-03-22T06:30:00-07:00,154.85,155.54,154.735,155.5,10471268
2013-03-22T10:30:00-07:00,155.5,155.56,155.05,155.46,5509744
2013-03-25T06:30:00-07:00,156.01,156.27,154.35,154.77,11904295
2013-03-25T10:30:00-07:00,154.77,155.37,154.57,154.97,8530492
2013-03-26T06:30:00-07:00,155.59,156.01,155.42,155.86,7960682
2013-03-26T10:30:00-07:00,155.87,156.22,155.81,156.21,3849769
2013-03-27T06:30:00-07:00,155.26,155.96,155,155.74,8780369
2013-03-27T10:30:00-07:00,155.73,156.24,155.69,156.11,5295965
2013-03-28T06:30:00-07:00,156.09,156.68,155.75,156.45,7917080
2013-03-28T10:30:00-07:00,156.45,156.85,156.375,156.67,5930538
2013-04-01T06:30:00-07:00,156.59,156.91,155.76,156.23,8609166
2013-04-01T10:30:00-07:00,156.23,156.25,155.67,156.06,5544361
2013-04-02T06:30:00-07:00,156.61,157.21,156.52,156.94,7643763
2013-04-02T10:30:00-07:00,156.94,157.1,156.38,156.8,5562094
2013-04-03T06:30:00-07:00,156.91,157.03,155.52,155.54,11050500
2013-04-03T10:30:00-07:00,155.55,155.61,154.83,155.26,10515563
2013-04-04T06:30:00-07:00,155.43,156.16,155.1,155.35,11873901
2013-04-04T10:30:00-07:00,155.36,155.92,155.26,155.86,6139837
2013-04-05T06:30:00-07:00,153.95,154.71,153.78,154.67,12304219
2013-04-05T10:30:00-07:00,154.69,155.35,154.505,155.19,7033986
2013-04-08T06:30:00-07:00,155.27,155.3,154.76,155.245,6424239
2013-04-08T10:30:00-07:00,155.24,156.22,155.22,156.2,5252633
2013-04-09T06:30:00-07:00,156.5,157.1,155.98,157.04,6918672
2013-04-09T10:30:00-07:00,157.04,157.32,156.7,156.73,6609950
2013-04-10T06:30:00-07:00,157.17,158.8,157.14,158.76,10105780
2013-04-10T10:30:00-07:00,158.765,158.86,158.45,158.69,6158014
2013-04-11T06:30:00-07:00,158.7,159.71,158.54,159.45,8248088
2013-04-11T10:30:00-07:00,159.45,159.63,159.03,159.21,4809508
2013-04-12T06:30:00-07:00,158.68,159.04,157.92,158.53,10906307
2013-04-12T10:30:00-07:00,158.53,158.82,158.38,158.81,4610420
2013-04-15T06:30:00-07:00,158,158.13,156.33,156.68,13086319
2013-04-15T10:30:00-07:00,156.67,156.77,155.1,155.11,17735464
2013-04-16T06:30:00-07:00,156.29,157.22,155.91,157.13,13424114
2013-04-16T10:30:00-07:00,157.14,157.49,156.69,157.39,7313532
2013-04-17T06:30:00-07:00,156.29,156.32,154.29,154.89,20366265
2013-04-17T10:30:00-07:00,154.885,155.49,154.74,155.06,11037210
2013-04-18T06:30:00-07:00,155.37,155.4,154.05,154.67,14109946
2013-04-18T10:30:00-07:00,154.67,154.67,153.55,154.17,9154233
2013-04-19T06:30:00-07:00,154.5,155.46,154.13,155.23,13920024
2013-04-19T10:30:00-07:00,155.22,155.55,155,155.42,5465744
2013-04-22T06:30:00-07:00,155.78,156,154.75,155.81,10359845
2013-04-22T10:30:00-07:00,155.82,156.54,155.77,156.19,4032591
2013-04-23T06:30:00-07:00,156.95,157.93,156.17,157.65,15157840
2013-04-23T10:30:00-07:00,157.64,157.885,157.25,157.82,4720132
2013-04-24T06:30:00-07:00,157.83,158.15,157.54,157.97,7717079
2013-04-24T10:30:00-07:00,157.965,158.3,157.75,157.88,4968297
2013-04-25T06:30:00-07:00,158.34,159.17,158.11,159.14,8975430
2013-04-25T10:30:00-07:00,159.13,159.26,158.27,158.55,6664290
2013-04-26T06:30:00-07:00,158.33,158.59,157.73,158.21,9088615
2013-04-26T10:30:00-07:00,158.21,158.57,158.125,158.24,4474984
2013-04-29T06:30:00-07:00,158.665,159.54,158.43,159.38,5809520
2013-04-29T10:30:00-07:00,159.38,159.65,159.18,159.32,3686535
2013-04-30T06:30:00-07:00,159.27,159.65,158.61,159.56,7952699
2013-04-30T10:30:00-07:00,159.54,159.72,159.32,159.7,5012826
2013-05-01T06:30:00-07:00,159.33,159.405,158.63,158.83,8250808
2013-05-01T10:30:00-07:00,158.84,159.11,158.1,158.3,6475558
2013-05-02T06:30:00-07:00,158.67,159.87,158.56,159.8,7518244
2013-05-02T10:30:00-07:00,159.8,159.89,159.65,159.71,4277656
2013-05-03T06:30:00-07:00,161.14,161.88,161.08,161.6,8523261
2013-05-03T10:30:00-07:00,161.595,161.69,161.305,161.36,6900441
2013-05-06T06:30:00-07:00,161.49,161.86,161.42,161.83,4753965
2013-05-06T10:30:00-07:00,161.83,162,161.69,161.79,2697948
2013-05-07T06:30:00-07:00,162.13,162.49,161.67,162.46,6162885
2013-05-07T10:30:00-07:00,162.46,162.645,162.42,162.59,3237765
2013-05-08T06:30:00-07:00,162.42,163.23,162.34,163.145,7169775
2013-05-08T10:30:00-07:00,163.14,163.38,162.74,163.34,5147358
2013-05-09T06:30:00-07:00,163.26,163.47,162.85,163.42,5920659
2013-05-09T10:30:00-07:00,163.43,163.7,162.475,162.88,5616155
2013-05-10T06:30:00-07:00,162.99,163.39,162.51,163.07,8186450
2013-05-10T10:30:00-07:00,163.07,163.49,162.91,163.46,3814747
2013-05-13T06:30:00-07:00,163.2,163.81,162.83,163.58,6868432
2013-05-13T10:30:00-07:00,163.58,163.665,163.3,163.55,3763710
2013-05-14T06:30:00-07:00,163.67,165.21,163.67,165.04,8855147
2013-05-14T10:30:00-07:00,165.05,165.34,164.74,165.27,5286184
2013-05-15T06:30:00-07:00,164.965,166.44,164.91,166.01,8685830
2013-05-15T10:30:00-07:00,166,166.19,165.35,166.1,6509468
2013-05-16T06:30:00-07:00,165.77,166.36,165.57,165.99,8383187
2013-05-16T10:30:00-07:00,166,166.27,165.1,165.315,6114014
2013-05-17T06:30:00-07:00,166.03,166.36,165.73,166.16,7643473
2013-05-17T10:30:00-07:00,166.16,167.04,166.095,166.97,8472446
2013-05-20T06:30:00-07:00,166.78,167.58,166.72,166.96,8304984
2013-05-20T10:30:00-07:00,166.96,167.1,166.61,166.91,4241165
2013-05-21T06:30:00-07:00,167.08,167.76,166.5,167.52,8674943
2013-05-21T10:30:00-07:00,167.52,167.8,167.145,167.19,4033620
2013-05-22T06:30:00-07:00,167.33,169.07,167.3,167.48,18511319
2013-05-22T10:30:00-07:00,167.47,167.5,165.18,165.86,16640364
2013-05-23T06:30:00-07:00,164.16,165.76,163.95,164.94,15789858
2013-05-23T10:30:00-07:00,164.93,165.91,164.81,165.43,7110666
2013-05-24T06:30:00-07:00,164.47,165.12,163.99,165.09,10990475
2013-05-24T10:30:00-07:00,165.1,165.33,164.82,165.32,4851345
2013-05-28T06:30:00-07:00,167.06,167.78,166.55,166.58,9867943
2013-05-28T10:30:00-07:00,166.59,166.64,165.81,166.3,8742587
2013-05-29T06:30:00-07:00,165.42,165.71,164.34,165.12,15965021
2013-05-29T10:30:00-07:00,165.12,165.8,164.98,165.26,9410062
2013-05-30T06:30:00-07:00,165.35,166.44,165.23,166.29,9823483
2013-05-30T10:30:00-07:00,166.29,166.59,165.8,165.83,5340270
2013-05-31T06:30:00-07:00,165.37,166.31,165.12,165.74,9335497
2013-05-31T10:30:00-07:00,165.745,165.75,163.41,163.45,10365735
2013-06-03T06:30:00-07:00,163.83,164.17,162.66,163.23,14367150
2013-06-03T10:30:00-07:00,163.22,164.46,163.07,164.38,7188977
2013-06-04T06:30:00-07:00,164.44,165.1,163.4,163.52,10714736
2013-06-04T10:30:00-07:00,163.52,164.12,162.73,163.51,10861014
2013-06-05T06:30:00-07:00,163.1,163.42,161.35,161.98,17312501
2013-06-05T10:30:00-07:00,161.985,162.18,161.13,161.33,10373570
2013-06-06T06:30:00-07:00,161.2,161.96,160.26,160.97,14368671
2013-06-06T10:30:00-07:00,160.97,162.735,160.93,162.7,8406932
2013-06-07T06:30:00-07:00,163.85,164.75,163.14,164.27,13680379
2013-06-07T10:30:00-07:00,164.28,164.94,163.75,164.8,7849521
2013-06-10T06:30:00-07:00,165.31,165.38,164.38,164.8,7549382
2013-06-10T10:30:00-07:00,164.81,164.98,164.47,164.76,3873809
2013-06-11T06:30:00-07:00,163.28,164.53,162.74,163.71,11003615
2013-06-11T10:30:00-07:00,163.71,163.95,163.05,163.12,8209705
2013-06-12T06:30:00-07:00,164.22,164.39,161.98,162.57,12297278
2013-06-12T10:30:00-07:00,162.57,162.72,161.6,161.77,8365578
2013-06-13T06:30:00-07:00,161.64,163.07,161.3,162.91,10437775
2013-06-13T10:30:00-07:00,162.92,164.5,162.7,164.2,8024419
2013-06-14T06:30:00-07:00,163.94,164.66,162.96,163.04,7798325
2013-06-14T10:30:00-07:00,163.02,163.72,162.91,163.18,6129900
2013-06-17T06:30:00-07:00,164.3,165.21,164.3,164.98,6484628
2013-06-17T10:30:00-07:00,164.97,165.09,163.56,164.45,8227453
2013-06-18T06:30:00-07:00,164.53,165.77,164.52,165.55,5584645
2013-06-18T10:30:00-07:00,165.55,165.99,165.425,165.74,4621635
2013-06-19T06:30:00-07:00,165.66,165.82,165.24,165.51,5185394
2013-06-19T10:30:00-07:00,165.51,165.88,163.38,163.45,17003106
2013-06-20T06:30:00-07:00,161.5,162.1,160.49,160.71,14077189
2013-06-20T10:30:00-07:00,160.71,161.02,158.98,159.4,16001543
2013-06-21T06:30:00-07:00,159.61,159.76,157.475,158.865,21847313
2013-06-21T10:30:00-07:00,158.86,159.58,158.25,159.08,10199591
2013-06-24T06:30:00-07:00,156.62,157.11,155.74,156.98,17133263
2013-06-24T10:30:00-07:00,156.97,158.42,156.85,157.03,10683582
2013-06-25T06:30:00-07:00,158.48,158.71,157.43,158.16,11639386
2013-06-25T10:30:00-07:00,158.165,159.16,158.04,158.59,7381268
2013-06-26T06:30:00-07:00,159.87,160.17,159.25,160.14,8292703
2013-06-26T10:30:00-07:00,160.14,160.5,159.94,160.14,6811901
2013-06-27T06:30:00-07:00,161.1,161.82,160.95,161.44,10278717
2013-06-27T10:30:00-07:00,161.44,161.66,161.07,161.13,5390760
2013-06-28T06:30:00-07:00,160.63,161.39,159.87,161,10262833
2013-06-28T10:30:00-07:00,161,161.4,160.2,160.2,6420843
2013-07-01T06:30:00-07:00,161.26,162.48,161.17,162.21,10708966
2013-07-01T10:30:00-07:00,162.2,162.225,161.08,161.35,6754488
2013-07-02T06:30:00-07:00,161.12,162.3,161.04,161.64,9012711
2013-07-02T10:30:00-07:00,161.64,161.7,160.5,161.15,7770849
2013-07-03T06:30:00-07:00,160.48,161.76,160.22,161.44,9170666
2013-07-03T10:30:00-07:00,161.46,161.49,161.46,161.49,400
2013-07-05T06:30:00-07:00,162.47,162.63,161.3,162.36,9029876
2013-07-05T10:30:00-07:00,162.35,163.07,162.22,163,5139587
2013-07-08T06:30:00-07:00,163.87,164.39,163.58,163.68,9725594
2013-07-08T10:30:00-07:00,163.68,164.12,163.67,163.92,4842103
2013-07-09T06:30:00-07:00,164.97,165.26,164.28,165.08,10828933
2013-07-09T10:30:00-07:00,165.08,165.33,164.94,165.09,5585988
2013-07-10T06:30:00-07:00,164.97,165.28,164.7,164.89,6739548
2013-07-10T10:30:00-07:00,164.89,165.74,164.63,165.16,10851356
2013-07-11T06:30:00-07:00,167.11,167.15,166.54,166.88,8732928
2013-07-11T10:30:00-07:00,166.87,167.6,166.76,167.41,5792739
2013-07-12T06:30:00-07:00,167.4,167.69,167.13,167.36,6977108
2013-07-12T10:30:00-07:00,167.36,167.85,167.25,167.7,4940300
2013-07-15T06:30:00-07:00,167.97,168.225,167.69,168.12,5881582
2013-07-15T10:30:00-07:00,168.125,168.38,168.05,168.18,3132342
2013-07-16T06:30:00-07:00,168.26,168.36,167.07,167.14,6615865
2013-07-16T10:30:00-07:00,167.14,167.665,167.09,167.53,3907173
2013-07-17T06:30:00-07:00,168.16,168.47,167.76,168.08,7459687
2013-07-17T10:30:00-07:00,168.08,168.21,167.73,167.95,4106499
2013-07-18T06:30:00-07:00,168.31,169.26,168.21,168.71,8619772
2013-07-18T10:30:00-07:00,168.71,169.12,168.67,168.9,3076845
2013-07-19T06:30:00-07:00,168.52,168.92,168.31,168.71,6734704
2013-07-19T10:30:00-07:00,168.7,169.18,168.67,169.18,4223880
2013-07-22T06:30:00-07:00,169.41,169.73,169.02,169.4,6113086
2013-07-22T10:30:00-07:00,169.395,169.59,169.25,169.5,3004074
2013-07-23T06:30:00-07:00,169.8,169.83,169.05,169.43,5759134
2013-07-23T10:30:00-07:00,169.44,169.59,169.09,169.22,3173631
2013-07-24T06:30:00-07:00,169.8,169.85,168.28,168.38,8765698
2013-07-24T10:30:00-07:00,168.37,168.61,168.18,168.53,5280819
2013-07-25T06:30:00-07:00,168.22,168.85,167.94,168.77,7198315
2013-07-25T10:30:00-07:00,168.77,169.07,168.445,168.95,4994363
2013-07-26T06:30:00-07:00,168.22,168.68,167.52,168.6,7599321
2013-07-26T10:30:00-07:00,168.62,169.16,168.39,169.12,4766428
2013-07-29T06:30:00-07:00,168.68,169.06,168.11,168.47,6011390
2013-07-29T10:30:00-07:00,168.46,168.83,168.32,168.57,3132377
2013-07-30T06:30:00-07:00,169.1,169.27,168.35,168.38,5715782
2013-07-30T10:30:00-07:00,168.38,168.89,168.2,168.58,4581935
2013-07-31T06:30:00-07:00,168.96,169.69,168.86,168.91,6844480
2013-07-31T10:30:00-07:00,168.91,169.85,168.49,168.62,10695805
2013-08-01T06:30:00-07:00,169.98,170.525,169.9,170.3,7456880
2013-08-01T10:30:00-07:00,170.3,170.805,170.26,170.65,6536437
2013-08-02T06:30:00-07:00,170.28,170.73,170.05,170.62,6633004
2013-08-02T10:30:00-07:00,170.62,170.96,170.44,170.93,3708475
2013-08-05T06:30:00-07:00,170.57,170.96,170.36,170.62,3716131
2013-08-05T10:30:00-07:00,170.63,170.83,170.54,170.71,2010306
2013-08-06T06:30:00-07:00,170.37,170.51,169.35,169.9,5524651
2013-08-06T10:30:00-07:00,169.73,169.9,169.57,169.76,2327409
2013-08-07T06:30:00-07:00,169.19,169.42,168.55,169.25,6770232
2013-08-07T10:30:00-07:00,169.25,169.415,169,169.2,3661348
2013-08-08T06:30:00-07:00,169.98,170.17,168.93,169.98,7106585
2013-08-08T10:30:00-07:00,169.98,170.16,169.79,169.79,3097691
2013-08-09T06:30:00-07:00,169.58,170.09,168.72,169.63,8285997
2013-08-09T10:30:00-07:00,169.64,169.7,169.18,169.31,4005808
2013-08-12T06:30:00-07:00,168.46,169.31,168.39,168.97,5785565
2013-08-12T10:30:00-07:00,168.97,169.23,168.76,169.12,2542634
2013-08-13T06:30:00-07:00,169.41,169.9,168.41,169.82,6925390
2013-08-13T10:30:00-07:00,169.82,169.84,169.52,169.6,3437069
2013-08-14T06:30:00-07:00,169.53,169.79,168.865,169,6066267
2013-08-14T10:30:00-07:00,168.98,169.2,168.7,168.74,4029573
2013-08-15T06:30:00-07:00,167.41,167.41,166.17,166.36,12122573
2013-08-15T10:30:00-07:00,166.35,166.74,166.09,166.35,6296153
2013-08-16T06:30:00-07:00,166.07,166.63,165.68,165.76,8436779
2013-08-16T10:30:00-07:00,165.76,166.28,165.5,165.87,6071696
2013-08-19T06:30:00-07:00,165.64,166.21,165.41,165.48,5846570
2013-08-19T10:30:00-07:00,165.47,165.555,164.77,164.77,5200637
2013-08-20T06:30:00-07:00,165.05,166.2,164.87,165.94,7758449
2013-08-20T10:30:00-07:00,165.94,166.1,165.54,165.58,3768865
2013-08-21T06:30:00-07:00,165.14,165.445,164.575,165.04,7293117
2013-08-21T10:30:00-07:00,165.03,166.02,164.19,164.58,13090025
2013-08-22T06:30:00-07:00,164.9,165.96,164.9,165.59,7065768
2013-08-22T10:30:00-07:00,165.6,166.3,165.54,165.99,4746478
2013-08-23T06:30:00-07:00,166.54,166.55,165.78,166.36,6196099
2013-08-23T10:30:00-07:00,166.37,166.82,166.29,166.6,3430195
2013-08-26T06:30:00-07:00,166.79,167.3,166.54,167.01,4458130
2013-08-26T10:30:00-07:00,167.01,167.01,165.9,165.98,5539148
2013-08-27T06:30:00-07:00,164.36,164.97,163.74,163.82,9574166
2013-08-27T10:30:00-07:00,163.825,164.19,163.22,163.33,7417633
2013-08-28T06:30:00-07:00,163.26,164.49,163.06,164.4,7503058
2013-08-28T10:30:00-07:00,164.39,164.445,163.86,163.92,3931496
2013-08-29T06:30:00-07:00,163.55,165.03,163.4,164.595,6872508
2013-08-29T10:30:00-07:00,164.59,164.73,164.02,164.16,3929759
2013-08-30T06:30:00-07:00,164.51,164.53,163.2,163.86,8540785
2013-08-30T10:30:00-07:00,163.85,164,163.18,163.57,6187051
2013-09-03T06:30:00-07:00,165.23,165.57,163.82,164.1,10214002
2013-09-03T10:30:00-07:00,164.095,164.545,163.71,164.37,6103726
2013-09-04T06:30:00-07:00,164.44,166.03,164.135,166,6640676
2013-09-04T10:30:00-07:00,165.99,166,165.54,165.76,4706018
2013-09-05T06:30:00-07:00,165.85,166.4,165.74,166.05,5265557
2013-09-05T10:30:00-07:00,166.05,166.255,165.88,165.915,2812857
2013-09-06T06:30:00-07:00,166.51,166.68,164.49,166.53,13004955
2013-09-06T10:30:00-07:00,166.54,166.98,165.89,165.98,6137942
2013-09-09T06:30:00-07:00,166.45,167.27,166.45,167.15,5649078
2013-09-09T10:30:00-07:00,167.15,167.73,167.15,167.63,4584355
2013-09-10T06:30:00-07:00,168.63,168.87,168.26,168.73,8566028
2013-09-10T10:30:00-07:00,168.73,168.9,168.51,168.89,4779987
2013-09-11T06:30:00-07:00,168.64,169.17,168.35,169.13,6653812
2013-09-11T10:30:00-07:00,169.13,169.4,168.99,169.4,4575792
2013-09-12T06:30:00-07:00,169.34,169.56,168.74,169.235,7777042
2013-09-12T10:30:00-07:00,169.235,169.28,168.72,168.94,3898479
2013-09-13T06:30:00-07:00,169.13,169.46,168.74,169.32,6365774
2013-09-13T10:30:00-07:00,169.32,169.42,169.11,169.34,3573245
2013-09-16T06:30:00-07:00,171.16,171.24,170.4,170.72,7286760
2013-09-16T10:30:00-07:00,170.71,170.74,170.04,170.31,5116024
2013-09-17T06:30:00-07:00,170.47,171.08,170.47,170.98,5437550
2013-09-17T10:30:00-07:00,170.98,171.11,170.89,171.04,3630725
2013-09-18T06:30:00-07:00,171.01,171.16,170.58,170.91,5878543
2013-09-18T10:30:00-07:00,170.91,173.52,170.76,173.1,16811466
2013-09-19T06:30:00-07:00,173.52,173.6,172.64,172.82,10618234
2013-09-19T10:30:00-07:00,172.815,172.98,172.59,172.8,4374014
2013-09-20T06:30:00-07:00,172.32,172.32,171.05,171.16,8686294
2013-09-20T10:30:00-07:00,171.17,171.235,170.59,170.72,7091941
2013-09-23T06:30:00-07:00,170.49,170.65,169.4,169.92,7270639
2013-09-23T10:30:00-07:00,169.92,170.225,169.79,169.94,3776159
2013-09-24T06:30:00-07:00,169.9,170.43,169.22,170.37,6512968
2013-09-24T10:30:00-07:00,170.38,170.52,169.37,169.52,4813807
2013-09-25T06:30:00-07:00,169.64,169.92,168.9,169.49,7796426
2013-09-25T10:30:00-07:00,169.48,169.53,168.9,169.08,5988875
2013-09-26T06:30:00-07:00,169.33,170.17,169.1,169.7,6132607
2013-09-26T10:30:00-07:00,169.7,169.74,169.06,169.66,5045046
2013-09-27T06:30:00-07:00,168.83,169.13,168.48,168.93,7033928
2013-09-27T10:30:00-07:00,168.92,169.1,168.65,168.95,4269319
2013-09-30T06:30:00-07:00,167.48,168.54,167.15,168.27,10529014
2013-09-30T10:30:00-07:00,168.27,168.54,167.59,168.01,8074652
2013-10-01T06:30:00-07:00,168.14,169.49,168.01,169.225,9563882
2013-10-01T10:30:00-07:00,169.225,169.38,168.71,169.33,5369141
2013-10-02T06:30:00-07:00,168.35,169.18,167.83,169.16,8002258
2013-10-02T10:30:00-07:00,169.14,169.21,168.68,169.15,3655211
2013-10-03T06:30:00-07:00,168.79,168.93,166.845,168.07,14784651
2013-10-03T10:30:00-07:00,168.08,168.23,167.35,167.68,7796318
2013-10-04T06:30:00-07:00,167.75,168.89,167.53,168.68,8057487
2013-10-04T10:30:00-07:00,168.68,169.06,168.615,168.86,3887853
2013-10-07T06:30:00-07:00,167.42,168.38,167.25,168.04,7146818
2013-10-07T10:30:00-07:00,168.06,168.45,167.41,167.44,4636320
2013-10-08T06:30:00-07:00,167.4,167.62,165.85,166.22,14108882
2013-10-08T10:30:00-07:00,166.23,166.33,165.37,165.48,10766813
2013-10-09T06:30:00-07:00,165.8,165.97,164.53,165.86,14375909
2013-10-09T10:30:00-07:00,165.86,166.2,165.37,165.58,10882435
2013-10-10T06:30:00-07:00,167.29,168.52,167.23,168.25,13055756
2013-10-10T10:30:00-07:00,168.25,169.24,168.12,169.16,8698027
2013-10-11T06:30:00-07:00,168.92,170.31,168.78,170.025,8960586
2013-10-11T10:30:00-07:00,170.035,170.27,169.785,170.25,3841420
2013-10-14T06:30:00-07:00,169.23,170.54,169.08,170.43,7253643
2013-10-14T10:30:00-07:00,170.43,171.07,170.4,170.97,6675647
2013-10-15T06:30:00-07:00,170.51,171.14,170.01,170.38,10880018
2013-10-15T10:30:00-07:00,170.385,170.67,169.48,169.71,10376095
2013-10-16T06:30:00-07:00,170.72,172.16,170.64,171.93,14784275
2013-10-16T10:30:00-07:00,171.93,172.13,171.46,172.08,6135988
2013-10-17T06:30:00-07:00,171.36,172.95,171.35,172.66,10072304
2013-10-17T10:30:00-07:00,172.665,173.31,172.55,173.21,5871867
2013-10-18T06:30:00-07:00,173.86,174.26,173.51,174.22,9357543
2013-10-18T10:30:00-07:00,174.23,174.51,174.14,174.37,6102933
2013-10-21T06:30:00-07:00,174.48,174.75,174.12,174.39,6025796
2013-10-21T10:30:00-07:00,174.4,174.46,174.01,174.4,3777367
2013-10-22T06:30:00-07:00,174.91,175.92,174.66,175.18,11109554
2013-10-22T10:30:00-07:00,175.17,175.81,175.1,175.41,5845873
2013-10-23T06:30:00-07:00,174.81,174.89,173.97,174.6,10308510
2013-10-23T10:30:00-07:00,174.62,174.83,174.36,174.62,5334246
2013-10-24T06:30:00-07:00,174.92,175.23,174.51,175.15,6320249
2013-10-24T10:30:00-07:00,175.15,175.37,175.015,175.16,3519477
2013-10-25T06:30:00-07:00,175.51,175.84,175.17,175.47,7307400
2013-10-25T10:30:00-07:00,175.46,175.95,175.395,175.94,3989651
2013-10-28T06:30:00-07:00,175.89,176.375,175.7,176.295,5185018
2013-10-28T10:30:00-07:00,176.295,176.47,175.92,176.21,4225366
2013-10-29T06:30:00-07:00,176.61,177.08,176.39,176.85,5793176
2013-10-29T10:30:00-07:00,176.84,177.22,176.79,177.22,3262417
2013-10-30T06:30:00-07:00,177.38,177.51,176.65,176.695,7357735
2013-10-30T10:30:00-07:00,176.69,177.07,175.67,176.345,12270199
2013-10-31T06:30:00-07:00,176.15,176.67,175.53,176.49,9386020
2013-10-31T10:30:00-07:00,176.52,176.88,175.7,175.72,7935490
2013-11-01T06:30:00-07:00,176.02,176.6,175.22,175.58,12590848
2013-11-01T10:30:00-07:00,175.59,176.42,175.49,176.15,7850812
2013-11-04T06:30:00-08:00,176.69,176.8,176.15,176.49,5562383
2013-11-04T10:30:00-08:00,176.49,176.9,176.46,176.82,2768035
2013-11-05T06:30:00-08:00,176.14,176.74,175.57,176.63,8705944
2013-11-05T10:30:00-08:00,176.64,176.71,176.25,176.31,3617979
2013-11-06T06:30:00-08:00,177.03,177.5,176.54,177.1,7269313
2013-11-06T10:30:00-08:00,177.11,177.23,176.88,177.15,3639074
2013-11-07T06:30:00-08:00,177.5,177.64,175.73,175.83,13629168
2013-11-07T10:30:00-08:00,175.82,175.92,174.76,174.94,11765533
2013-11-08T06:30:00-08:00,174.88,176.68,174.87,176.62,11672966
2013-11-08T10:30:00-08:00,176.62,177.25,176.41,177.23,7759237
2013-11-11T06:30:00-08:00,177.13,177.52,176.92,177.28,5983467
2013-11-11T10:30:00-08:00,177.28,177.36,177.23,177.29,2341243
2013-11-12T06:30:00-08:00,176.935,177.36,176.53,176.65,7347128
2013-11-12T10:30:00-08:00,176.65,177.09,176.37,176.98,4992174
2013-11-13T06:30:00-08:00,176.09,177.68,176.09,177.67,7945542
2013-11-13T10:30:00-08:00,177.67,178.4,177.55,178.36,5312422
2013-11-14T06:30:00-08:00,178.54,179.36,178.25,179.09,9926872
2013-11-14T10:30:00-08:00,179.095,179.415,179.015,179.3,4607432
2013-11-15T06:30:00-08:00,179.56,179.72,179.33,179.59,6007827
2013-11-15T10:30:00-08:00,179.59,180.06,179.56,180.05,5078910
2013-11-18T06:30:00-08:00,180.35,180.49,179.8,180.24,6255448
2013-11-18T10:30:00-08:00,180.25,180.33,179.03,179.47,7098873
2013-11-19T06:30:00-08:00,179.33,179.87,178.865,178.89,7286819
2013-11-19T10:30:00-08:00,178.87,179.45,178.72,179.04,5133573
2013-11-20T06:30:00-08:00,179.39,179.92,179.09,179.31,7452217
2013-11-20T10:30:00-08:00,179.31,179.475,177.99,178.45,12687331
2013-11-21T06:30:00-08:00,178.97,179.71,178.87,179.595,5971517
2013-11-21T10:30:00-08:00,179.6,180.045,179.6,179.87,4296824
2013-11-22T06:30:00-08:00,179.97,180.56,179.77,180.5,5117668
2013-11-22T10:30:00-08:00,180.5,180.825,180.33,180.76,3780852
2013-11-25T06:30:00-08:00,181.13,181.16,180.72,180.88,4854018
2013-11-25T10:30:00-08:00,180.88,181.09,180.38,180.65,4721746
2013-11-26T06:30:00-08:00,180.73,181.05,180.41,180.97,4480399
2013-11-26T10:30:00-08:00,180.97,181.21,180.63,180.68,5322650
2013-11-27T06:30:00-08:00,180.875,181.24,180.65,180.8,4758256
2013-11-27T10:30:00-08:00,180.79,181.21,180.77,181.13,2300429
2013-11-29T06:30:00-08:00,181.33,181.745,180.8,181,6897163
2013-11-29T10:30:00-08:00,181,181,181,181,14800
2013-12-02T06:30:00-08:00,181.09,181.43,180.63,181.22,5312161
2013-12-02T10:30:00-08:00,181.21,181.22,180.26,180.52,5773113
2013-12-03T06:30:00-08:00,179.94,180.39,179.31,179.38,8566018
2013-12-03T10:30:00-08:00,179.38,179.965,179.175,179.88,5318729
2013-12-04T06:30:00-08:00,179.1,180.48,178.65,178.655,10706620
2013-12-04T10:30:00-08:00,178.655,180.13,178.35,179.69,6938285
2013-12-05T06:30:00-08:00,179.41,179.735,178.91,179.15,8489392
2013-12-05T10:30:00-08:00,179.15,179.34,178.78,178.99,6179132
2013-12-06T06:30:00-08:00,180.67,180.99,180.155,180.83,9582633
2013-12-06T10:30:00-08:00,180.83,181.11,180.605,180.94,5521221
2013-12-09T06:30:00-08:00,181.47,181.665,181.17,181.57,4849773
2013-12-09T10:30:00-08:00,181.57,181.61,181.18,181.37,3009562
2013-12-10T06:30:00-08:00,180.99,181.36,180.69,180.84,5648430
2013-12-10T10:30:00-08:00,180.84,181.11,180.64,180.78,3099840
2013-12-11T06:30:00-08:00,180.81,180.84,179.16,179.32,9089439
2013-12-11T10:30:00-08:00,179.31,179.7,178.505,178.68,8137012
2013-12-12T06:30:00-08:00,178.63,178.85,177.77,178.26,9094485
2013-12-12T10:30:00-08:00,178.26,178.84,178.03,178.18,7146503
2013-12-13T06:30:00-08:00,178.5,178.66,177.77,178.39,6681672
2013-12-13T10:30:00-08:00,178.38,178.53,177.8,178.09,5740452
2013-12-16T06:30:00-08:00,178.94,179.81,178.91,179.205,6768305
2013-12-16T10:30:00-08:00,179.21,179.54,179.08,179.21,4050627
2013-12-17T06:30:00-08:00,179.37,179.41,178.26,178.73,6123831
2013-12-17T10:30:00-08:00,178.73,179.12,178.56,178.63,3704238
2013-12-18T06:30:00-08:00,178.93,179.09,177.88,178.14,7799589
2013-12-18T10:30:00-08:00,178.135,181.73,177.33,181.7,19925583
2013-12-19T06:30:00-08:00,181.19,181.62,180.72,181.57,9627136
2013-12-19T10:30:00-08:00,181.56,181.7,181.31,181.52,5543419
2013-12-20T06:30:00-08:00,180.67,181.91,180.66,181.84,8307100
2013-12-20T10:30:00-08:00,181.84,181.98,181.46,181.55,7115476
2013-12-23T06:30:00-08:00,182.41,182.64,182.07,182.47,5869196
2013-12-23T10:30:00-08:00,182.48,182.53,182.15,182.46,4532347
2013-12-24T06:30:00-08:00,182.55,183.28,182.53,183.28,5459196
2013-12-24T10:30:00-08:00,183.3,183.43,183.3,183.34,7099
2013-12-26T06:30:00-08:00,183.33,183.77,183.32,183.755,3766255
2013-12-26T10:30:00-08:00,183.75,183.96,183.73,183.87,3182573
2013-12-27T06:30:00-08:00,184.1,184.18,183.66,183.78,4653171
2013-12-27T10:30:00-08:00,183.78,183.94,183.7,183.84,2329686
2013-12-30T06:30:00-08:00,183.87,184.02,183.59,183.65,3542252
2013-12-30T10:30:00-08:00,183.66,183.87,183.59,183.81,2200531
2013-12-31T06:30:00-08:00,184.07,184.6,183.98,184.38,4065684
2013-12-31T10:30:00-08:00,184.38,184.68,183.93,184.55,5591472
2014-01-02T06:30:00-08:00,183.98,184.07,182.75,182.87,8879113
2014-01-02T10:30:00-08:00,182.87,183.2,182.48,182.95,4222744
2014-01-03T06:30:00-08:00,183.21,183.6,182.635,182.88,5773511
2014-01-03T10:30:00-08:00,182.87,183.5,182.695,182.8,3717048
2014-01-06T06:30:00-08:00,183.47,183.55,182.08,182.33,6963337
2014-01-06T10:30:00-08:00,182.33,182.92,182.25,182.4,5171380
2014-01-07T06:30:00-08:00,183.09,183.79,182.96,183.56,4905325
2014-01-07T10:30:00-08:00,183.55,183.73,183.14,183.45,4019529
2014-01-08T06:30:00-08:00,183.45,183.825,182.9,183.49,6190445
2014-01-08T10:30:00-08:00,183.485,183.73,182.98,183.53,5912498
2014-01-09T06:30:00-08:00,184.1,184.13,182.8,183.51,7547158
2014-01-09T10:30:00-08:00,183.51,183.76,182.98,183.63,3835586
2014-01-10T06:30:00-08:00,183.95,184.21,183.01,183.59,7613029
2014-01-10T10:30:00-08:00,183.58,184.08,183.39,184.07,3827516
2014-01-13T06:30:00-08:00,183.71,184.18,182.62,182.89,6230079
2014-01-13T10:30:00-08:00,182.88,182.89,181.35,181.72,8888828
2014-01-14T06:30:00-08:00,182.28,183.57,181.95,183.35,8078560
2014-01-14T10:30:00-08:00,183.34,183.77,183.22,183.68,4444273
2014-01-15T06:30:00-08:00,184.1,184.94,184.01,184.51,7004762
2014-01-15T10:30:00-08:00,184.51,184.86,184.37,184.67,4495885
2014-01-16T06:30:00-08:00,184.28,184.49,183.84,184.42,5641266
2014-01-16T10:30:00-08:00,184.42,184.43,184.075,184.41,2767175
2014-01-17T06:30:00-08:00,184.11,184.45,183.78,184.01,5240115
2014-01-17T10:30:00-08:00,184.02,184.17,183.325,183.61,5484555
2014-01-21T06:30:00-08:00,184.7,184.77,183.05,183.85,6640504
2014-01-21T10:30:00-08:00,183.85,184.23,183.85,184.2,3776349
2014-01-22T06:30:00-08:00,184.49,184.52,183.91,184.44,4879474
2014-01-22T10:30:00-08:00,184.44,184.56,184.13,184.35,2942094
2014-01-23T06:30:00-08:00,183.36,183.39,182.17,182.23,8811225
2014-01-23T10:30:00-08:00,182.22,182.78,181.83,182.775,5654583
2014-01-24T06:30:00-08:00,181.6,181.65,179.89,180.21,16355890
2014-01-24T10:30:00-08:00,180.205,180.32,178.87,178.88,11075136
2014-01-27T06:30:00-08:00,179.07,179.51,177.12,178.1,17017294
2014-01-27T10:30:00-08:00,178.1,179.27,177.935,178.01,9743829
2014-01-28T06:30:00-08:00,178.15,179.3,178.13,178.98,10153511
2014-01-28T10:30:00-08:00,179,179.27,178.76,179.07,4112265
2014-01-29T06:30:00-08:00,177.56,178.545,177.28,177.9,14482103
2014-01-29T10:30:00-08:00,177.9,178.42,176.88,177.32,13460704
2014-01-30T06:30:00-08:00,178.87,179.805,178.265,179.49,9013470
2014-01-30T10:30:00-08:00,179.49,179.69,179.09,179.32,5348069
2014-01-31T06:30:00-08:00,177.02,178.86,176.93,178.36,11925530
2014-01-31T10:30:00-08:00,178.37,179.285,177.935,178.1,7752638
2014-02-03T06:30:00-08:00,177.95,178.37,174.56,174.66,19866127
2014-02-03T10:30:00-08:00,174.65,174.88,173.83,174.16,15318141
2014-02-04T06:30:00-08:00,174.95,175.83,174.35,175.55,14852013
2014-02-04T10:30:00-08:00,175.54,175.64,174.84,175.39,8987072
2014-02-05T06:30:00-08:00,174.79,175.56,173.71,175.31,15171728
2014-02-05T10:30:00-08:00,175.29,175.56,174.92,175.14,5542035
2014-02-06T06:30:00-08:00,175.58,177.17,175.58,176.73,8734073
2014-02-06T10:30:00-08:00,176.78,177.48,176.775,177.42,5696075
2014-02-07T06:30:00-08:00,178.31,179.06,177.74,179,12315464
2014-02-07T10:30:00-08:00,179.01,179.865,178.98,179.69,7419160
2014-02-10T06:30:00-08:00,179.7,179.84,179.21,179.7,5991448
2014-02-10T10:30:00-08:00,179.69,180.06,179.625,180,2845333
2014-02-11T06:30:00-08:00,180.16,181.96,180.07,181.91,9997670
2014-02-11T10:30:00-08:00,181.895,182.43,181.73,181.95,5833939
2014-02-12T06:30:00-08:00,182.22,182.83,181.71,182.31,8829106
2014-02-12T10:30:00-08:00,182.31,182.39,181.76,182.08,4957300
2014-02-13T06:30:00-08:00,180.85,182.93,180.83,182.92,8886449
2014-02-13T10:30:00-08:00,182.93,183.2,182.85,183.05,5336519
2014-02-14T06:30:00-08:00,182.85,183.86,182.67,183.85,6957020
2014-02-14T10:30:00-08:00,183.85,184.36,183.82,184,4863363
2014-02-18T06:30:00-08:00,184.19,184.49,183.655,184.32,5511682
2014-02-18T10:30:00-08:00,184.31,184.47,184.11,184.24,3349562
2014-02-19T06:30:00-08:00,183.77,184.95,183.575,184.18,8709874
2014-02-19T10:30:00-08:00,184.19,184.41,182.87,183.03,7024547
2014-02-20T06:30:00-08:00,183.27,184.275,182.61,184.16,8418974
2014-02-20T10:30:00-08:00,184.16,184.52,183.98,184.16,4678269
2014-02-21T06:30:00-08:00,184.49,184.89,184.16,184.59,6646338
2014-02-21T10:30:00-08:00,184.6,184.65,183.81,183.9,4619224
2014-02-24T06:30:00-08:00,184.28,186.15,184.2,185.92,8740825
2014-02-24T10:30:00-08:00,185.915,186,184.98,184.99,5534915
2014-02-25T06:30:00-08:00,185.03,185.58,184.23,185.26,9366182
2014-02-25T10:30:00-08:00,185.26,185.39,184.48,184.8,6249916
2014-02-26T06:30:00-08:00,185.13,185.6,184.54,185.35,7423025
2014-02-26T10:30:00-08:00,185.35,185.49,184.33,184.83,7009377
2014-02-27T06:30:00-08:00,184.59,185.57,184.38,185.55,7295606
2014-02-27T10:30:00-08:00,185.55,185.84,185.29,185.84,5291877
2014-02-28T06:30:00-08:00,185.79,187.14,185.74,187.1,8532884
2014-02-28T10:30:00-08:00,187.09,187.125,185.06,186.32,12477710
2014-03-03T06:30:00-08:00,184.69,185.45,183.75,184.68,15725782
2014-03-03T10:30:00-08:00,184.68,185.21,184.34,184.93,6684209
2014-03-04T06:30:00-08:00,186.75,187.7,186.75,187.62,13500599
2014-03-04T10:30:00-08:00,187.63,187.98,187.155,187.68,9165664
2014-03-05T06:30:00-08:00,187.72,188.07,187.45,187.86,8180653
2014-03-05T10:30:00-08:00,187.87,187.87,187.49,187.73,3736847
2014-03-06T06:30:00-08:00,188.21,188.61,188.12,188.31,6040782
2014-03-06T10:30:00-08:00,188.31,188.42,187.895,188.18,5079265
2014-03-07T06:30:00-08:00,188.87,188.95,187.43,187.89,10384588
2014-03-07T10:30:00-08:00,187.88,188.22,187.55,188.19,4588744
2014-03-10T06:30:00-07:00,187.94,188.215,187.09,187.88,6601691
2014-03-10T10:30:00-07:00,187.88,188.23,187.52,188.15,2664788
2014-03-11T06:30:00-07:00,188.44,188.705,187.32,187.33,7306940
2014-03-11T10:30:00-07:00,187.33,187.83,186.8,187.19,5909087
2014-03-12T06:30:00-07:00,186.32,187.34,185.9,186.88,9060522
2014-03-12T10:30:00-07:00,186.88,187.33,186.77,187.26,4232476
2014-03-13T06:30:00-07:00,187.84,187.99,185.07,185.83,12312393
2014-03-13T10:30:00-07:00,185.83,185.83,184.67,185.19,9487507
2014-03-14T06:30:00-07:00,184.8,185.795,184.53,185.14,15363095
2014-03-14T10:30:00-07:00,185.15,185.25,184.445,184.62,7223262
2014-03-17T06:30:00-07:00,185.59,186.77,185.52,186.22,10272150
2014-03-17T10:30:00-07:00,186.225,186.66,186.13,186.35,4085121
2014-03-18T06:30:00-07:00,186.7,187.74,186.52,187.655,8176365
2014-03-18T10:30:00-07:00,187.655,187.91,187.555,187.69,3993838
2014-03-19T06:30:00-07:00,187.71,187.94,187.45,187.86,4838956
2014-03-19T10:30:00-07:00,187.85,187.89,185.48,186.68,12471658
2014-03-20T06:30:00-07:00,186.25,187.87,185.92,187.595,10012273
2014-03-20T10:30:00-07:00,187.59,187.89,187.33,187.75,4541038
2014-03-21T06:30:00-07:00,187.72,188.17,186.86,186.95,11304094
2014-03-21T10:30:00-07:00,186.945,187.06,186.03,186.21,9277478
2014-03-24T06:30:00-07:00,186.82,187.07,184.62,185.05,11400935
2014-03-24T10:30:00-07:00,185.06,185.94,185.06,185.41,6130408
2014-03-25T06:30:00-07:00,186.37,186.94,185.27,186.38,10205078
2014-03-25T10:30:00-07:00,186.42,186.55,186.11,186.33,4680929
2014-03-26T06:30:00-07:00,187.03,187.34,186.045,186.045,8211824
2014-03-26T10:30:00-07:00,186.045,186.08,184.95,184.96,8440563
2014-03-27T06:30:00-07:00,184.77,185.34,183.91,184.82,13499126
2014-03-27T10:30:00-07:00,184.82,184.88,184.245,184.62,5754389
2014-03-28T06:30:00-07:00,185.105,186.42,185.05,185.75,8359594
2014-03-28T10:30:00-07:00,185.75,185.875,185,185.47,5263935
2014-03-31T06:30:00-07:00,186.65,187.3,186.48,187.08,7410756
2014-03-31T10:30:00-07:00,187.08,187.24,186.69,187.01,5038758
2014-04-01T06:30:00-07:00,187.62,188.23,187.46,187.7,6763159
2014-04-01T10:30:00-07:00,187.705,188.36,187.6,188.25,3189273
2014-04-02T06:30:00-07:00,188.5,188.9,188.14,188.56,5973425
2014-04-02T10:30:00-07:00,188.555,189.13,188.34,188.88,4703951
2014-04-03T06:30:00-07:00,189.17,189.21,188.26,188.61,5817438
2014-04-03T10:30:00-07:00,188.605,188.85,188.06,188.62,4408554
2014-04-04T06:30:00-07:00,189.64,189.7,186.95,187.13,12943025
2014-04-04T10:30:00-07:00,187.12,187.22,186.1,186.39,8550452
2014-04-07T06:30:00-07:00,185.9,186.26,184.24,184.39,11418926
2014-04-07T10:30:00-07:00,184.385,185.1,183.97,184.31,7110269
2014-04-08T06:30:00-07:00,184.21,185.4,183.59,185.3,10815465
2014-04-08T10:30:00-07:00,185.32,185.33,184.62,185.11,5178466
2014-04-09T06:30:00-07:00,185.6,185.995,185.07,185.79,5786779
2014-04-09T10:30:00-07:00,185.79,187.15,185.69,187.12,6303217
2014-04-10T06:30:00-07:00,187.09,187.17,183.87,184.12,11771482
2014-04-10T10:30:00-07:00,184.125,184.66,182.94,183.15,11152731
2014-04-11T06:30:00-07:00,182.17,183.42,181.83,182.11,14114727
2014-04-11T10:30:00-07:00,182.11,182.49,181.31,181.48,9012460
2014-04-14T06:30:00-07:00,182.93,183.36,182.13,182.77,9533245
2014-04-14T10:30:00-07:00,182.77,183.05,181.44,182.95,7295735
2014-04-15T06:30:00-07:00,183.32,184.28,181.515,182.21,12556075
2014-04-15T10:30:00-07:00,182.21,184.33,182.1,184.23,7255525
2014-04-16T06:30:00-07:00,185.47,185.78,184.655,185.47,8036612
2014-04-16T10:30:00-07:00,185.46,186.14,185.14,186.12,4643385
2014-04-17T06:30:00-07:00,185.89,186.68,185.57,186.58,6403775
2014-04-17T10:30:00-07:00,186.595,186.905,186.37,186.37,4556157
2014-04-21T06:30:00-07:00,186.44,187,186.21,186.89,4089862
2014-04-21T10:30:00-07:00,186.895,187.09,186.795,187.05,2748128
2014-04-22T06:30:00-07:00,187.23,188.34,187.14,188.27,6216876
2014-04-22T10:30:00-07:00,188.28,188.4,187.82,187.85,3333740
2014-04-23T06:30:00-07:00,187.81,187.92,187.3,187.71,4939024
2014-04-23T10:30:00-07:00,187.72,187.76,187.37,187.46,3352823
2014-04-24T06:30:00-07:00,188.39,188.39,186.93,188.06,7479944
2014-04-24T10:30:00-07:00,188.06,188.06,187.445,187.82,2843481
2014-04-25T06:30:00-07:00,187.21,187.32,186.06,186.39,7494478
2014-04-25T10:30:00-07:00,186.39,186.59,185.88,186.31,4490898
2014-04-28T06:30:00-07:00,187.06,187.69,185.12,185.33,8944300
2014-04-28T10:30:00-07:00,185.325,187.28,184.96,186.9,7190649
2014-04-29T06:30:00-07:00,187.48,188.03,187.08,187.8,6663650
2014-04-29T10:30:00-07:00,187.8,187.98,187.66,187.74,3082935
2014-04-30T06:30:00-07:00,187.44,188.1,187.18,188.01,5322809
2014-04-30T10:30:00-07:00,188.01,188.5,187.63,188.39,5738412
2014-05-01T06:30:00-07:00,188.22,188.83,187.73,188.39,6319571
2014-05-01T10:30:00-07:00,188.37,188.47,187.93,188.32,4378517
2014-05-02T06:30:00-07:00,188.31,189.14,187.99,188.11,6834168
2014-05-02T10:30:00-07:00,188.11,188.33,187.79,188.07,3384522
2014-05-05T06:30:00-07:00,187.14,188.37,186.63,187.995,5698343
2014-05-05T10:30:00-07:00,188,188.54,187.98,188.42,2105317
2014-05-06T06:30:00-07:00,188,188.13,187.33,187.36,3982050
2014-05-06T10:30:00-07:00,187.35,187.44,186.75,186.82,4109521
2014-05-07T06:30:00-07:00,187.43,187.75,186.02,187.2,8650768
2014-05-07T10:30:00-07:00,187.22,187.97,186.88,187.89,3652741
2014-05-08T06:30:00-07:00,187.67,189.04,187.54,188.4,6618091
2014-05-08T10:30:00-07:00,188.41,188.51,187.09,187.7,5282958
2014-05-09T06:30:00-07:00,187.69,188.04,186.83,187.805,6912613
2014-05-09T10:30:00-07:00,187.81,188.03,187.27,188.01,3032107
2014-05-12T06:30:00-07:00,188.76,189.65,188.75,189.55,4884000
2014-05-12T10:30:00-07:00,189.53,189.875,189.485,189.77,3125278
2014-05-13T06:30:00-07:00,190.03,190.42,189.81,190.03,4817956
2014-05-13T10:30:00-07:00,190.035,190.08,189.78,189.95,2802244
2014-05-14T06:30:00-07:00,189.79,189.88,189.34,189.62,4502696
2014-05-14T10:30:00-07:00,189.62,189.65,188.795,189.06,3816138
2014-05-15T06:30:00-07:00,188.67,188.71,186.48,186.84,10759789
2014-05-15T10:30:00-07:00,186.87,187.54,186.63,187.38,5874471
2014-05-16T06:30:00-07:00,187.51,187.61,186.73,187.28,6479846
2014-05-16T10:30:00-07:00,187.26,188.12,187.1,188.09,4398268
2014-05-19T06:30:00-07:00,187.69,188.78,187.53,188.54,4522126
2014-05-19T10:30:00-07:00,188.525,188.89,188.48,188.75,1960790
2014-05-20T06:30:00-07:00,188.64,188.66,187.34,187.56,6807819
2014-05-20T10:30:00-07:00,187.55,187.88,187.07,187.52,4445400
2014-05-21T06:30:00-07:00,188.1,188.93,188.06,188.73,6668294
2014-05-21T10:30:00-07:00,188.725,189.22,188.49,189.11,3860915
2014-05-22T06:30:00-07:00,189.18,189.94,188.86,189.87,4453403
2014-05-22T10:30:00-07:00,189.865,189.975,189.585,189.595,2208047
2014-05-23T06:30:00-07:00,189.75,190.34,189.68,190.205,3845700
2014-05-23T10:30:00-07:00,190.21,190.48,190.17,190.37,2641362
2014-05-27T06:30:00-07:00,191.05,191.49,190.95,191.2,4029228
2014-05-27T10:30:00-07:00,191.2,191.58,191.08,191.54,2610077
2014-05-28T06:30:00-07:00,191.52,191.73,191.06,191.65,4240994
2014-05-28T10:30:00-07:00,191.66,191.82,191.32,191.35,3007157
2014-05-29T06:30:00-07:00,191.82,191.96,191.33,191.77,3461151
2014-05-29T10:30:00-07:00,191.775,192.38,191.74,192.38,3184396
2014-05-30T06:30:00-07:00,192.18,192.54,192.04,192.24,4196951
2014-05-30T10:30:00-07:00,192.235,192.79,192.1,192.65,4722722
2014-06-02T06:30:00-07:00,192.95,192.95,191.97,192.81,4834962
2014-06-02T10:30:00-07:00,192.82,192.99,192.66,192.89,1865116
2014-06-03T06:30:00-07:00,192.4,192.82,192.26,192.76,4275975
2014-06-03T10:30:00-07:00,192.76,192.9,192.635,192.8,2055532
2014-06-04T06:30:00-07:00,192.45,193.29,192.27,193.21,3117546
2014-06-04T10:30:00-07:00,193.19,193.27,193.01,193.18,1931783
2014-06-05T06:30:00-07:00,193.41,194.58,192.705,194.35,6259588
2014-06-05T10:30:00-07:00,194.36,194.65,194.27,194.45,2355343
2014-06-06T06:30:00-07:00,194.87,195.42,194.78,195.35,4041964
2014-06-06T10:30:00-07:00,195.355,195.4,195.09,195.38,3171558
2014-06-09T06:30:00-07:00,195.36,196.05,195.29,195.58,3414633
2014-06-09T10:30:00-07:00,195.57,195.69,195.18,195.58,3210652
2014-06-10T06:30:00-07:00,195.33,195.485,194.92,195.2,3291152
2014-06-10T10:30:00-07:00,195.2,195.6,195.195,195.6,1940023
2014-06-11T06:30:00-07:00,194.9,195.11,194.68,195,3204162
2014-06-11T10:30:00-07:00,194.99,195.1,194.48,194.94,2869226
2014-06-12T06:30:00-07:00,194.65,194.8,193.78,193.84,4292841
2014-06-12T10:30:00-07:00,193.85,193.85,193.11,193.54,4519033
2014-06-13T06:30:00-07:00,193.9,194.31,193.3,193.92,4151874
2014-06-13T10:30:00-07:00,193.92,194.315,193.685,194.14,3251538
2014-06-16T06:30:00-07:00,193.9,194.695,193.66,194.43,4268736
2014-06-16T10:30:00-07:00,194.43,194.565,193.975,194.3,2291673
2014-06-17T06:30:00-07:00,194.02,194.835,193.81,194.59,4239795
2014-06-17T10:30:00-07:00,194.59,194.97,194.59,194.82,3252597
2014-06-18T06:30:00-07:00,194.83,195.08,194.45,194.775,3745663
2014-06-18T10:30:00-07:00,194.775,196.37,194.45,196.26,7042734
2014-06-19T06:30:00-07:00,196.43,196.595,195.8,196.02,4732614
2014-06-19T10:30:00-07:00,196.02,196.54,195.94,196.49,3435284
2014-06-20T06:30:00-07:00,196.03,196.055,195.72,195.79,5202944
2014-06-20T10:30:00-07:00,195.79,196,195.71,195.96,2901813
2014-06-23T06:30:00-07:00,195.97,196.05,195.52,195.64,3599753
2014-06-23T10:30:00-07:00,195.65,195.96,195.57,195.88,1824899
2014-06-24T06:30:00-07:00,195.53,196.5,195.525,195.81,4435345
2014-06-24T10:30:00-07:00,195.81,195.89,194.48,194.71,4946067
2014-06-25T06:30:00-07:00,194.3,195.38,194.29,195.23,5926889
2014-06-25T10:30:00-07:00,195.24,195.78,195.2,195.56,3039943
2014-06-26T06:30:00-07:00,195.61,195.63,194.13,195.195,6187639
2014-06-26T10:30:00-07:00,195.2,195.47,195.1,195.45,2129506
2014-06-27T06:30:00-07:00,194.98,195.5,194.89,195.02,3342298
2014-06-27T10:30:00-07:00,195.03,195.88,194.96,195.81,3202250
2014-06-30T06:30:00-07:00,195.7,196.165,195.555,195.94,3552101
2014-06-30T10:30:00-07:00,195.95,196.1,195.53,195.71,3793551
2014-07-01T06:30:00-07:00,196.19,197.63,196.13,197.59,6036743
2014-07-01T10:30:00-07:00,197.58,197.59,197.04,197.06,3855801
2014-07-02T06:30:00-07:00,197.05,197.475,196.97,197.22,3783448
2014-07-02T10:30:00-07:00,197.21,197.24,197.025,197.24,2371705
2014-07-03T06:30:00-07:00,197.79,198.29,197.65,198.13,5090104
2014-07-07T06:30:00-07:00,197.82,197.97,197.27,197.43,4277599
2014-07-07T10:30:00-07:00,197.42,197.675,197.22,197.53,2247663
2014-07-08T06:30:00-07:00,197.15,197.22,195.76,196.37,7238125
2014-07-08T10:30:00-07:00,196.375,196.61,196.08,196.26,3982122
2014-07-09T06:30:00-07:00,196.73,197,196.32,196.76,4433982
2014-07-09T10:30:00-07:00,196.77,197.29,196.44,197.13,4558276
2014-07-10T06:30:00-07:00,195.225,196.71,195.06,196.67,8285109
2014-07-10T10:30:00-07:00,196.665,196.86,196.03,196.33,3341611
2014-07-11T06:30:00-07:00,196.22,196.47,195.79,196.4,5136149
2014-07-11T10:30:00-07:00,196.41,196.745,196.3,196.61,2097827
2014-07-14T06:30:00-07:00,197.61,197.86,197.45,197.62,3847829
2014-07-14T10:30:00-07:00,197.625,197.72,197.49,197.59,2022356
2014-07-15T06:30:00-07:00,197.72,198.1,196.37,197.2,9969276
2014-07-15T10:30:00-07:00,197.22,197.5,197.06,197.23,3622009
2014-07-16T06:30:00-07:00,198.11,198.26,197.42,198.015,5794279
2014-07-16T10:30:00-07:00,198.015,198.15,197.875,197.98,2517381
2014-07-17T06:30:00-07:00,197.35,198.095,196.47,197.215,10044903
2014-07-17T10:30:00-07:00,197.22,197.35,195.43,195.71,7160805
2014-07-18T06:30:00-07:00,196.36,197.44,196.25,197.11,7464510
2014-07-18T10:30:00-07:00,197.105,197.91,197.05,197.72,3298924
2014-07-21T06:30:00-07:00,197.09,197.3,196.43,197.29,5552181
2014-07-21T10:30:00-07:00,197.29,197.5,197.2,197.31,2631973
2014-07-22T06:30:00-07:00,198.01,198.56,197.87,198.4,4181239
2014-07-22T10:30:00-07:00,198.41,198.46,198.005,198.2,2222487
2014-07-23T06:30:00-07:00,198.495,198.85,198.11,198.55,3949327
2014-07-23T10:30:00-07:00,198.55,198.78,198.51,198.64,2038529
2014-07-24T06:30:00-07:00,198.83,199.05,198.45,198.805,4008366
2014-07-24T10:30:00-07:00,198.8,198.94,198.48,198.65,2693600
2014-07-25T06:30:00-07:00,198.09,198.26,197.34,197.73,5891968
2014-07-25T10:30:00-07:00,197.73,197.875,197.425,197.72,3648660
2014-07-28T06:30:00-07:00,197.77,197.79,196.62,197.67,5195877
2014-07-28T10:30:00-07:00,197.68,198.09,197.675,197.8,2531521
2014-07-29T06:30:00-07:00,198.17,198.445,197.24,197.98,5685789
2014-07-29T10:30:00-07:00,197.975,198.01,196.94,196.95,3691035
2014-07-30T06:30:00-07:00,197.65,197.9,196.17,196.435,8680603
2014-07-30T10:30:00-07:00,196.43,197.63,196.39,197,6389540
2014-07-31T06:30:00-07:00,195.61,195.78,193.68,194.03,11211314
2014-07-31T10:30:00-07:00,194.02,194.43,193.05,193.06,8527719
2014-08-01T06:30:00-07:00,192.57,193.75,191.57,192.77,16356748
2014-08-01T10:30:00-07:00,192.78,193.2,192.35,192.49,6741957
2014-08-04T06:30:00-07:00,192.87,193.08,192.05,192.96,6778051
2014-08-04T10:30:00-07:00,192.96,194.29,192.96,193.89,4362915
2014-08-05T06:30:00-07:00,193.13,193.6,192.57,193.02,7284286
2014-08-05T10:30:00-07:00,193.03,193.05,191.32,191.98,8369110
2014-08-06T06:30:00-07:00,191.11,192.885,191.085,192.26,8206308
2014-08-06T10:30:00-07:00,192.26,192.4,191.85,192.05,3481320
2014-08-07T06:30:00-07:00,192.935,193.12,190.88,191.67,10510900
2014-08-07T10:30:00-07:00,191.67,191.92,190.55,191.02,6219315
2014-08-08T06:30:00-07:00,191.46,192.89,190.955,192.75,7325045
2014-08-08T10:30:00-07:00,192.76,193.365,192.61,193.23,5171701
2014-08-11T06:30:00-07:00,193.965,194.66,193.78,194.14,6038287
2014-08-11T10:30:00-07:00,194.14,194.24,193.715,193.8,2880858
2014-08-12T06:30:00-07:00,193.61,194.15,193.06,193.59,5264857
2014-08-12T10:30:00-07:00,193.59,193.7,192.94,193.54,3027291
2014-08-13T06:30:00-07:00,194.29,195.06,193.97,194.82,5066367
2014-08-13T10:30:00-07:00,194.815,194.96,194.6,194.9,2256649
2014-08-14T06:30:00-07:00,195.16,195.71,194.98,195.6,4271325
2014-08-14T10:30:00-07:00,195.59,195.745,195.41,195.74,2168973
2014-08-15T06:30:00-07:00,196.47,196.65,194.31,195.19,13380583
2014-08-15T10:30:00-07:00,195.195,195.87,194.81,195.73,3718578
2014-08-18T06:30:00-07:00,196.795,197.45,196.69,197.295,4415085
2014-08-18T10:30:00-07:00,197.295,197.37,197.13,197.36,2753779
2014-08-19T06:30:00-07:00,197.84,198.35,197.65,198.29,4169039
2014-08-19T10:30:00-07:00,198.29,198.53,198.255,198.38,2083687
2014-08-20T06:30:00-07:00,198.12,198.865,198.09,198.79,2731665
2014-08-20T10:30:00-07:00,198.8,199.155,198.215,198.92,4898037
2014-08-21T06:30:00-07:00,199.07,199.64,198.93,199.62,3794279
2014-08-21T10:30:00-07:00,199.625,199.76,199.45,199.49,1868840
2014-08-22T06:30:00-07:00,199.34,199.69,198.745,199.49,5527986
2014-08-22T10:30:00-07:00,199.485,199.555,199.04,199.16,3331365
2014-08-25T06:30:00-07:00,200.15,200.52,199.87,200.11,3642754
2014-08-25T10:30:00-07:00,200.115,200.23,199.99,200.17,1907348
2014-08-26T06:30:00-07:00,200.33,200.82,200.28,200.515,3243098
2014-08-26T10:30:00-07:00,200.515,200.57,200.285,200.34,1610954
2014-08-27T06:30:00-07:00,200.435,200.57,200.08,200.36,2503870
2014-08-27T10:30:00-07:00,200.365,200.375,199.945,200.28,2154931
2014-08-28T06:30:00-07:00,199.58,200.26,199.395,200.14,3785049
2014-08-28T10:30:00-07:00,200.14,200.23,199.96,200.14,1680519
2014-08-29T06:30:00-07:00,200.45,200.725,199.82,200.435,3288638
2014-08-29T10:30:00-07:00,200.43,200.73,200.285,200.69,3143675
2014-09-02T06:30:00-07:00,200.97,200.995,199.86,199.94,4929827
2014-09-02T10:30:00-07:00,199.96,200.645,199.87,200.59,2651648
2014-09-03T06:30:00-07:00,201.38,201.41,200.33,200.82,3581861
2014-09-03T10:30:00-07:00,200.82,200.88,200.22,200.51,2139766
2014-09-04T06:30:00-07:00,200.84,201.575,200.71,200.99,4431570
2014-09-04T10:30:00-07:00,200.98,201.02,199.66,200.22,4863597
2014-09-05T06:30:00-07:00,200.15,200.885,199.42,200.74,5576635
2014-09-05T10:30:00-07:00,200.735,201.185,200.58,201.13,3281873
2014-09-08T06:30:00-07:00,200.92,201.21,200.21,200.22,3644893
2014-09-08T10:30:00-07:00,200.23,200.77,200,200.6,2998457
2014-09-09T06:30:00-07:00,200.41,200.42,199.57,199.86,4456107
2014-09-09T10:30:00-07:00,199.87,200.55,198.91,199.34,5743015
2014-09-10T06:30:00-07:00,199.43,200.165,198.77,199.98,5749417
2014-09-10T10:30:00-07:00,199.99,200.2,199.72,200.09,2912377
2014-09-11T06:30:00-07:00,199.27,200.125,199.12,199.63,5128619
2014-09-11T10:30:00-07:00,199.63,200.33,199.545,200.28,2714970
2014-09-12T06:30:00-07:00,200.1,200.12,198.77,198.92,5730264
2014-09-12T10:30:00-07:00,198.92,199.2,198.565,199.13,4403295
2014-09-15T06:30:00-07:00,199.16,199.19,198.38,198.78,4685176
2014-09-15T10:30:00-07:00,198.785,199.31,198.6,198.98,2471293
2014-09-16T06:30:00-07:00,198.61,200.71,198.5,200.62,7446679
2014-09-16T10:30:00-07:00,200.65,200.83,200.47,200.49,3774958
2014-09-17T06:30:00-07:00,200.77,201.05,200.3,200.31,4469640
2014-09-17T10:30:00-07:00,200.305,201.675,199.76,200.73,12364933
2014-09-18T06:30:00-07:00,201.36,201.8,201.11,201.56,5102600
2014-09-18T10:30:00-07:00,201.56,201.85,201.44,201.76,3579687
2014-09-19T06:30:00-07:00,201.545,201.73,200.3,200.56,7451816
2014-09-19T10:30:00-07:00,200.56,201.09,200.53,200.73,4397612
2014-09-22T06:30:00-07:00,200.34,200.37,198.85,199.28,8198695
2014-09-22T10:30:00-07:00,199.28,199.36,198.74,199.13,4761922
2014-09-23T06:30:00-07:00,198.43,199.26,198.23,198.48,7788531
2014-09-23T10:30:00-07:00,198.48,198.67,197.95,197.99,4061025
2014-09-24T06:30:00-07:00,198.04,199.02,197.53,198.81,6814780
2014-09-24T10:30:00-07:00,198.81,199.68,198.81,199.56,4329506
2014-09-25T06:30:00-07:00,199.03,199.05,196.425,196.87,12128178
2014-09-25T10:30:00-07:00,196.88,196.97,196.32,196.32,5088287
2014-09-26T06:30:00-07:00,196.7,197.33,196.42,197.09,6647117
2014-09-26T10:30:00-07:00,197.095,198.38,197.04,197.95,4582448
2014-09-29T06:30:00-07:00,196.2,197.75,196.05,197.39,6716289
2014-09-29T10:30:00-07:00,197.42,197.89,196.76,197.53,3546415
2014-09-30T06:30:00-07:00,197.69,198.3,196.76,197.1,8092724
2014-09-30T10:30:00-07:00,197.1,197.54,196.62,197,4746034
2014-10-01T06:30:00-07:00,196.7,196.765,194.75,194.98,12832026
2014-10-01T10:30:00-07:00,194.99,194.99,193.91,194.34,10533359
2014-10-02T06:30:00-07:00,194.17,194.77,192.35,194.3,15007462
2014-10-02T10:30:00-07:00,194.3,195.05,193.98,194.39,7407212
2014-10-03T06:30:00-07:00,195.69,196.78,195.09,196.56,8744548
2014-10-03T10:30:00-07:00,196.56,196.93,196.33,196.52,3895865
2014-10-06T06:30:00-07:00,197.34,197.59,195.585,196.4,8936805
2014-10-06T10:30:00-07:00,196.42,196.72,196.06,196.27,3851679
2014-10-07T06:30:00-07:00,195.27,195.71,194.53,195.26,8503858
2014-10-07T10:30:00-07:00,195.25,195.3,193.25,193.27,6215822
2014-10-08T06:30:00-07:00,193.37,193.91,192.36,193.57,11759415
2014-10-08T10:30:00-07:00,193.58,196.91,193.55,196.64,13233880
2014-10-09T06:30:00-07:00,196.33,196.6,192.82,193.505,14302761
2014-10-09T10:30:00-07:00,193.51,194.125,192.58,192.67,9340799
2014-10-10T06:30:00-07:00,192.69,193.65,191.18,192.26,18533586
2014-10-10T10:30:00-07:00,192.26,192.89,190.51,190.51,8097218
2014-10-13T06:30:00-07:00,190.46,191.15,188.95,190.72,18273069
2014-10-13T10:30:00-07:00,190.71,190.84,187.3,187.38,12777590
2014-10-14T06:30:00-07:00,188.43,189.81,187.51,188.84,19605975
2014-10-14T10:30:00-07:00,188.85,189.07,187.05,187.75,15639840
2014-10-15T06:30:00-07:00,185.16,186.67,181.92,182.29,27171098
2014-10-15T10:30:00-07:00,182.29,186.87,182.13,186.27,20910064
2014-10-16T06:30:00-07:00,183.06,187.35,182.9,187.05,23915338
2014-10-16T10:30:00-07:00,187.03,187.57,185.55,186.24,11329815
2014-10-17T06:30:00-07:00,188.42,189.75,187.63,188.48,16081199
2014-10-17T10:30:00-07:00,188.485,189.175,187.64,188.55,12449750
2014-10-20T06:30:00-07:00,188.13,189.725,188.08,189.65,8403693
2014-10-20T10:30:00-07:00,189.65,190.445,189.435,190.33,4674361
2014-10-21T06:30:00-07:00,191.68,193.385,191.48,193.05,12585366
2014-10-21T10:30:00-07:00,193.05,194.2,193.05,194.05,7646971
2014-10-22T06:30:00-07:00,194.42,194.905,193.32,193.42,11740612
2014-10-22T10:30:00-07:00,193.41,193.73,192.62,192.72,9383958
2014-10-23T06:30:00-07:00,194.62,195.745,194.26,195.5,9778299
2014-10-23T10:30:00-07:00,195.51,196.165,194.73,194.95,10629528
2014-10-24T06:30:00-07:00,195.24,196.26,194.49,195.6,8445520
2014-10-24T10:30:00-07:00,195.595,196.49,195.53,196.38,4718694
2014-10-27T06:30:00-07:00,195.74,196.45,195.03,196.08,7535784
2014-10-27T10:30:00-07:00,196.09,196.28,195.71,196.11,2916380
2014-10-28T06:30:00-07:00,196.82,197.42,196.73,197.25,6958978
2014-10-28T10:30:00-07:00,197.27,198.41,197.17,198.36,5314002
2014-10-29T06:30:00-07:00,198.55,199.12,197.96,198.14,7781829
2014-10-29T10:30:00-07:00,198.12,198.42,196.81,198.14,13411058
2014-10-30T06:30:00-07:00,197.58,199.6,197.41,199.48,9638787
2014-10-30T10:30:00-07:00,199.47,199.95,198.66,199.45,6442344
2014-10-31T06:30:00-07:00,201.78,201.81,200.78,201.35,10752575
2014-10-31T10:30:00-07:00,201.37,201.785,201.025,201.66,5305941
2014-11-03T06:30:00-08:00,201.92,202.45,201.355,202.33,7656205
2014-11-03T10:30:00-08:00,202.34,202.42,201.305,201.75,5435471
2014-11-04T06:30:00-08:00,201.23,201.6,200.07,200.85,8775389
2014-11-04T10:30:00-08:00,200.85,201.38,200.7,201.11,4103069
2014-11-05T06:30:00-08:00,202.535,202.59,201.45,202.13,7132790
2014-11-05T10:30:00-08:00,202.14,202.43,201.64,202.37,3786567
2014-11-06T06:30:00-08:00,202.4,202.95,201.64,202.94,8331071
2014-11-06T10:30:00-08:00,202.93,203.26,202.76,203.18,3500648
2014-11-07T06:30:00-08:00,203.18,203.59,202.62,203.4,6205089
2014-11-07T10:30:00-08:00,203.41,203.525,202.77,203.37,4473336
2014-11-10T06:30:00-08:00,203.38,204.04,203.13,203.86,5549328
2014-11-10T10:30:00-08:00,203.87,203.99,203.6,203.96,2705241
2014-11-11T06:30:00-08:00,204.055,204.31,203.66,203.8,4170855
2014-11-11T10:30:00-08:00,203.8,204.17,203.73,204.17,2181053
2014-11-12T06:30:00-08:00,203.35,204.18,203.32,204.14,4719831
2014-11-12T10:30:00-08:00,204.15,204.24,203.72,203.98,3371775
2014-11-13T06:30:00-08:00,204.16,204.83,203.4,203.55,6456803
2014-11-13T10:30:00-08:00,203.55,204.33,203.215,204.17,4347967
2014-11-14T06:30:00-08:00,204.11,204.49,203.77,204.04,5968964
2014-11-14T10:30:00-08:00,204.06,204.25,203.73,204.25,4006766
2014-11-17T06:30:00-08:00,203.84,204.58,203.65,204.48,6514243
2014-11-17T10:30:00-08:00,204.47,204.53,204.23,204.38,2803510
2014-11-18T06:30:00-08:00,204.45,205.63,204.44,205.62,5370771
2014-11-18T10:30:00-08:00,205.61,205.92,205.46,205.55,3728777
2014-11-19T06:30:00-08:00,205.31,205.32,204.3,205.05,5192844
2014-11-19T10:30:00-08:00,205.06,205.55,204.69,205.2,4049218
2014-11-20T06:30:00-08:00,204.27,205.71,204.2,205.46,5457087
2014-11-20T10:30:00-08:00,205.46,205.63,205.24,205.59,3109649
2014-11-21T06:30:00-08:00,207.64,207.71,206.085,206.11,7028432
2014-11-21T10:30:00-08:00,206.1,206.78,205.99,206.69,4456445
2014-11-24T06:30:00-08:00,207.17,207.39,206.91,207.08,4092537
2014-11-24T10:30:00-08:00,207.1,207.32,206.98,207.28,2021042
2014-11-25T06:30:00-08:00,207.54,207.785,206.8,207.45,5442998
2014-11-25T10:30:00-08:00,207.46,207.495,207.085,207.18,2695066
2014-11-26T06:30:00-08:00,207.28,207.47,207.04,207.42,3088021
2014-11-26T10:30:00-08:00,207.42,207.76,207.36,207.65,2106559
2014-11-28T06:30:00-08:00,207.48,207.865,206.91,206.95,5412734
2014-11-28T10:30:00-08:00,206.94,207,206.94,207,11062
2014-12-01T06:30:00-08:00,206.4,206.54,205.38,206.25,8255943
2014-12-01T10:30:00-08:00,206.26,206.37,205.615,205.8,3141236
2014-12-02T06:30:00-08:00,205.8,207.07,205.8,207.01,5528010
2014-12-02T10:30:00-08:00,207.01,207.34,206.875,207.08,3107445
2014-12-03T06:30:00-08:00,207.29,207.765,207.11,207.65,4196065
2014-12-03T10:30:00-08:00,207.64,208.145,207.54,207.91,3315920
2014-12-04T06:30:00-08:00,207.54,208.26,206.705,207.94,7151394
2014-12-04T10:30:00-08:00,207.93,207.99,207.12,207.66,3073368
2014-12-05T06:30:00-08:00,207.87,208.47,207.63,208.22,4857466
2014-12-05T10:30:00-08:00,208.21,208.3,207.55,208,2963928
2014-12-08T06:30:00-08:00,207.535,208.12,206.7,206.78,5925099
2014-12-08T10:30:00-08:00,206.78,206.86,205.93,206.62,6370586
2014-12-09T06:30:00-08:00,204.37,206.06,203.92,205.88,8962110
2014-12-09T10:30:00-08:00,205.89,206.6,205.665,206.46,4025842
2014-12-10T06:30:00-08:00,205.92,205.97,204.63,205.08,6605702
2014-12-10T10:30:00-08:00,205.08,205.14,202.94,203.17,9988752
2014-12-11T06:30:00-08:00,203.89,206.18,203.88,205.57,9307192
2014-12-11T10:30:00-08:00,205.575,205.81,203.71,204.16,7647660
2014-12-12T06:30:00-08:00,202.64,203.81,201.79,202.98,13283116
2014-12-12T10:30:00-08:00,203,203.15,200.86,200.87,6869779
2014-12-15T06:30:00-08:00,201.98,202.52,198.79,199.95,16127108
2014-12-15T10:30:00-08:00,199.96,200.79,199.44,199.49,8230869
2014-12-16T06:30:00-08:00,198.58,202.39,198.18,199.685,18748640
2014-12-16T10:30:00-08:00,199.68,200.55,197.86,197.94,10956259
2014-12-17T06:30:00-08:00,198.45,200.69,198.29,200.06,12258075
2014-12-17T10:30:00-08:00,200.045,202.34,199.76,201.91,18396987
2014-12-18T06:30:00-08:00,204.74,205.515,203.93,205.48,11811606
2014-12-18T10:30:00-08:00,205.48,206.95,204.91,206.78,9796855
2014-12-19T06:30:00-08:00,206.43,206.65,205.62,206.13,12120973
2014-12-19T10:30:00-08:00,206.135,207.325,206.07,206.54,8580161
2014-12-22T06:30:00-08:00,206.74,207.03,206.46,206.91,7590446
2014-12-22T10:30:00-08:00,206.91,207.47,206.85,207.45,6256773
2014-12-23T06:30:00-08:00,208.17,208.2,207.52,208.035,6734269
2014-12-23T10:30:00-08:00,208.03,208.23,207.71,207.77,3529862
2014-12-24T06:30:00-08:00,208.02,208.34,207.73,207.77,4220827
2014-12-26T06:30:00-08:00,208.31,208.75,208.26,208.69,3112437
2014-12-26T10:30:00-08:00,208.69,208.84,208.39,208.41,2402209
2014-12-29T06:30:00-08:00,208.22,208.965,208.15,208.79,4570147
2014-12-29T10:30:00-08:00,208.79,208.91,208.61,208.73,2607985
2014-12-30T06:30:00-08:00,208.21,208.37,207.77,207.85,4056992
2014-12-30T10:30:00-08:00,207.85,207.98,207.51,207.61,2539967
2014-12-31T06:30:00-08:00,207.99,208.18,206.97,207.26,4594751
2014-12-31T10:30:00-08:00,207.27,207.43,205.4,205.53,7316954
2015-01-02T06:30:00-08:00,206.38,206.88,204.39,204.44,8691569
2015-01-02T10:30:00-08:00,204.43,205.87,204.185,205.41,5125943
2015-01-05T06:30:00-08:00,204.175,204.37,201.56,201.715,11417091
2015-01-05T10:30:00-08:00,201.72,202.32,201.36,201.79,8932458
2015-01-06T06:30:00-08:00,202.1,202.72,198.86,199.26,15525098
2015-01-06T10:30:00-08:00,199.21,201.35,199.07,199.82,10724417
2015-01-07T06:30:00-08:00,201.42,202.72,200.89,201.8,8944619
2015-01-07T10:30:00-08:00,201.8,202.54,201.76,202.3,5108847
2015-01-08T06:30:00-08:00,204.01,205.95,203.99,205.85,8908118
2015-01-08T10:30:00-08:00,205.84,206.15,205.35,205.93,5951516
2015-01-09T06:30:00-08:00,206.395,206.41,203.52,204.35,10879820
2015-01-09T10:30:00-08:00,204.37,205.08,204.12,204.19,6049129
2015-01-12T06:30:00-08:00,204.41,204.59,201.93,202.33,7705537
2015-01-12T10:30:00-08:00,202.325,203.04,202.005,202.62,4548586
2015-01-13T06:30:00-08:00,204.11,205.47,202.67,202.83,10557442
2015-01-13T10:30:00-08:00,202.83,202.83,200.51,202.07,17174463
2015-01-14T06:30:00-08:00,199.65,201.095,199.15,199.25,10346766
2015-01-14T10:30:00-08:00,199.23,201.05,198.57,200.91,10578425
2015-01-15T06:30:00-08:00,201.64,202,198.97,199.34,11463518
2015-01-15T10:30:00-08:00,199.35,200.23,198.89,199.02,7949103
2015-01-16T06:30:00-08:00,198.77,200.99,198.55,200.31,11782179
2015-01-16T10:30:00-08:00,200.31,201.82,200.23,201.55,5271816
2015-01-20T06:30:00-08:00,202.4,202.72,200.17,201.25,7935367
2015-01-20T10:30:00-08:00,201.25,202.35,201.06,202.05,4120306
2015-01-21T06:30:00-08:00,201.5,203.66,200.945,202.58,9034658
2015-01-21T10:30:00-08:00,202.61,203.19,202.03,203.09,3679984
2015-01-22T06:30:00-08:00,203.99,204.95,202.33,204.26,11616353
2015-01-22T10:30:00-08:00,204.26,206.26,204.26,206.09,6387348
2015-01-23T06:30:00-08:00,205.77,206.1,205.02,205.71,7430629
2015-01-23T10:30:00-08:00,205.7,206.07,204.81,204.95,5867455
2015-01-26T06:30:00-08:00,204.71,205.3,203.85,205.05,6973337
2015-01-26T10:30:00-08:00,205.05,205.56,204.93,205.47,3914393
2015-01-27T06:30:00-08:00,202.97,203.71,201.75,203.62,12852973
2015-01-27T10:30:00-08:00,203.615,204.12,202.64,202.74,5995032
2015-01-28T06:30:00-08:00,204.18,204.28,202.06,202.82,9903986
2015-01-28T10:30:00-08:00,202.83,203.57,199.91,200.07,11322777
2015-01-29T06:30:00-08:00,200.37,200.58,198.68,200.5,12789364
2015-01-29T10:30:00-08:00,200.5,202.3,200.35,201.99,6377537
2015-01-30T06:30:00-08:00,200.57,201.71,199.805,200.69,9647752
2015-01-30T10:30:00-08:00,200.69,202.17,199.13,199.45,11422457
2015-02-02T06:30:00-08:00,200.05,200.88,197.865,199.8,11095847
2015-02-02T10:30:00-08:00,199.82,202.02,198.86,201.87,6185235
2015-02-03T06:30:00-08:00,203.03,203.93,202.55,203.83,7128282
2015-02-03T10:30:00-08:00,203.85,204.84,203.63,204.8,5018947
2015-02-04T06:30:00-08:00,203.92,205.07,203.8,204.61,6376801
2015-02-04T10:30:00-08:00,204.595,205.37,203.51,204.07,6731787
2015-02-05T06:30:00-08:00,204.86,205.93,204.78,205.76,6794229
2015-02-05T10:30:00-08:00,205.76,206.3,205.55,206.19,4109471
2015-02-06T06:30:00-08:00,206.56,207.24,205.73,206.02,7589060
2015-02-06T10:30:00-08:00,206.03,206.58,204.93,205.51,6128418
2015-02-09T06:30:00-08:00,204.765,205.64,204.7,205.06,5231134
2015-02-09T10:30:00-08:00,205.06,205.09,204.14,204.6,4569579
2015-02-10T06:30:00-08:00,205.88,206.235,204.83,205.89,5608383
2015-02-10T10:30:00-08:00,205.89,207.12,205.845,206.81,4275673
2015-02-11T06:30:00-08:00,206.61,207.04,205.835,206.12,5958823
2015-02-11T10:30:00-08:00,206.14,207.45,205.97,206.93,4708247
2015-02-12T06:30:00-08:00,207.89,208.64,207.68,208.53,5778463
2015-02-12T10:30:00-08:00,208.53,208.99,208.475,208.9,3866459
2015-02-13T06:30:00-08:00,209.07,209.64,208.98,209.12,5899992
2015-02-13T10:30:00-08:00,209.1,209.835,208.76,209.8,4859149
2015-02-17T06:30:00-08:00,209.4,210.32,209.11,210.28,5512404
2015-02-17T10:30:00-08:00,210.275,210.32,209.81,210.16,3615702
2015-02-18T06:30:00-08:00,209.65,209.91,209.35,209.56,5411441
2015-02-18T10:30:00-08:00,209.56,210.22,209.5,210.15,5062347
2015-02-19T06:30:00-08:00,209.41,210.42,209.25,209.82,6347290
2015-02-19T10:30:00-08:00,209.83,210.23,209.76,210.01,3630597
2015-02-20T06:30:00-08:00,209.48,210.43,208.74,210.34,9198368
2015-02-20T10:30:00-08:00,210.34,211.33,210.34,211.26,6378564
2015-02-23T06:30:00-08:00,210.94,211.105,210.48,210.8,3858928
2015-02-23T10:30:00-08:00,210.81,211.21,210.53,211.21,2613640
2015-02-24T06:30:00-08:00,211.12,211.91,210.76,211.48,6133743
2015-02-24T10:30:00-08:00,211.49,212.05,211.48,211.84,3546078
2015-02-25T06:30:00-08:00,211.66,212,211.38,212,4129420
2015-02-25T10:30:00-08:00,212,212.24,211.22,211.61,4463438
2015-02-26T06:30:00-08:00,211.53,211.7,210.86,211.36,5194662
2015-02-26T10:30:00-08:00,211.36,211.51,210.66,211.41,4492409
2015-02-27T06:30:00-08:00,211.26,211.58,210.84,211.23,5288332
2015-02-27T10:30:00-08:00,211.23,211.34,210.65,210.69,6095755
2015-03-02T06:30:00-08:00,210.78,211.78,210.72,211.46,4996472
2015-03-02T10:30:00-08:00,211.47,212.06,211.375,212.01,3166895
2015-03-03T06:30:00-08:00,211.47,211.58,210.08,210.82,6730939
2015-03-03T10:30:00-08:00,210.84,211.22,210.67,211.14,3551053
2015-03-04T06:30:00-08:00,210.4,210.49,209.065,210.29,6860497
2015-03-04T10:30:00-08:00,210.29,210.35,209.78,210.23,4053720
2015-03-05T06:30:00-08:00,210.62,210.8,209.855,210.215,4787074
2015-03-05T10:30:00-08:00,210.21,210.64,210.19,210.46,3282350
2015-03-06T06:30:00-08:00,209.42,209.94,207.71,207.99,9740798
2015-03-06T10:30:00-08:00,207.985,208.22,207.1,207.48,8701968
2015-03-09T06:30:00-07:00,207.74,208.41,207.58,208.41,5746944
2015-03-09T10:30:00-07:00,208.42,208.78,208.2,208.38,3977477
2015-03-10T06:30:00-07:00,206.72,206.81,205.32,205.78,8920160
2015-03-10T10:30:00-07:00,205.77,205.92,204.97,204.98,7177261
2015-03-11T06:30:00-07:00,205.29,205.5,204.52,205.2,6696388
2015-03-11T10:30:00-07:00,205.2,205.25,204.4,204.5,5709707
2015-03-12T06:30:00-07:00,205.26,206.69,205.21,206.49,6601691
2015-03-12T10:30:00-07:00,206.48,207.175,206.34,207.11,3646499
2015-03-13T06:30:00-07:00,206.77,206.93,204.585,204.78,10066085
2015-03-13T10:30:00-07:00,204.785,206.13,204.64,205.84,5384391
2015-03-16T06:30:00-07:00,206.71,208.215,206.69,207.92,6516562
2015-03-16T10:30:00-07:00,207.93,208.69,207.88,208.65,5313118
2015-03-17T06:30:00-07:00,207.69,208.05,206.985,207.9,6663573
2015-03-17T10:30:00-07:00,207.905,208.41,207.69,207.98,4374687
2015-03-18T06:30:00-07:00,207.39,207.58,206.87,206.96,4696176
2015-03-18T10:30:00-07:00,206.97,211.26,206.63,210.44,18840794
2015-03-19T06:30:00-07:00,209.96,210.28,209.03,209.7,6311559
2015-03-19T10:30:00-07:00,209.7,209.85,209.32,209.47,4600984
2015-03-20T06:30:00-07:00,209.7,211.015,209.61,210.93,7122657
2015-03-20T10:30:00-07:00,210.93,211,210.37,210.43,6101228
2015-03-23T06:30:00-07:00,210.42,211.105,210.33,210.615,4035279
2015-03-23T10:30:00-07:00,210.61,210.98,210.01,210.03,3098654
2015-03-24T06:30:00-07:00,209.85,210.4,209.235,209.32,4894282
2015-03-24T10:30:00-07:00,209.28,209.59,208.74,208.81,4230571
2015-03-25T06:30:00-07:00,209.07,209.35,206.495,206.8,9145544
2015-03-25T10:30:00-07:00,206.81,207.15,205.72,205.74,7565641
2015-03-26T06:30:00-07:00,204.95,205.89,204.13,205.6,10584703
2015-03-26T10:30:00-07:00,205.6,206.36,205.18,205.28,6041635
2015-03-27T06:30:00-07:00,205.14,205.95,204.91,205.46,6710658
2015-03-27T10:30:00-07:00,205.46,205.95,205.305,205.72,4665357
2015-03-30T06:30:00-07:00,206.98,208.41,206.98,208.41,6381434
2015-03-30T10:30:00-07:00,208.41,208.61,208.14,208.26,3725156
2015-03-31T06:30:00-07:00,207.26,208.1,206.98,207.67,5544168
2015-03-31T10:30:00-07:00,207.69,207.88,206.36,206.45,7458563
2015-04-01T06:30:00-07:00,206.39,206.39,204.51,205.58,10642186
2015-04-01T10:30:00-07:00,205.58,205.95,205.03,205.73,5943476
2015-04-02T06:30:00-07:00,205.61,206.98,205.42,206.42,7147740
2015-04-02T10:30:00-07:00,206.43,206.77,206.16,206.37,4075842
2015-04-06T06:30:00-07:00,205.38,208.42,205.22,208.41,7004728
2015-04-06T10:30:00-07:00,208.42,208.45,207.75,207.84,3365145
2015-04-07T06:30:00-07:00,207.855,208.76,207.73,208.51,4735044
2015-04-07T10:30:00-07:00,208.51,208.52,207.25,207.26,2883037
2015-04-08T06:30:00-07:00,207.55,208.5,207.15,207.84,5501701
2015-04-08T10:30:00-07:00,207.83,208.45,207.08,208,5200290
2015-04-09T06:30:00-07:00,207.78,208.65,207.195,208.34,5337755
2015-04-09T10:30:00-07:00,208.34,209.175,208.04,208.93,3380001
2015-04-10T06:30:00-07:00,209.2,209.98,208.96,209.735,4772696
2015-04-10T10:30:00-07:00,209.73,210.08,209.73,210.03,3580458
2015-04-13T06:30:00-07:00,209.88,210.62,209.55,209.59,4281660
2015-04-13T10:30:00-07:00,209.58,209.775,209.04,209.08,3150974
2015-04-14T06:30:00-07:00,208.85,209.7,208.11,209.35,7095747
2015-04-14T10:30:00-07:00,209.36,209.59,209.1,209.47,2736512
2015-04-15T06:30:00-07:00,210.06,210.97,209.95,210.93,5328758
2015-04-15T10:30:00-07:00,210.92,211.04,210.41,210.45,5718069
2015-04-16T06:30:00-07:00,210.03,210.54,209.795,210.39,5305077
2015-04-16T10:30:00-07:00,210.39,210.97,210.24,210.36,4285963
2015-04-17T06:30:00-07:00,208.94,209.23,207.69,208.06,11488602
2015-04-17T10:30:00-07:00,208.06,208.2,207.01,207.92,11277754
2015-04-20T06:30:00-07:00,209.06,210.25,208.96,209.95,5878167
2015-04-20T10:30:00-07:00,209.945,210.19,209.72,209.85,3483137
2015-04-21T06:30:00-07:00,210.67,210.85,209.5,209.86,5007747
2015-04-21T10:30:00-07:00,209.865,209.915,209.25,209.62,3096162
2015-04-22T06:30:00-07:00,210.02,210.36,208.9,210.29,6038498
2015-04-22T10:30:00-07:00,210.27,210.85,210.26,210.65,3905345
2015-04-23T06:30:00-07:00,210.15,211.78,210.02,211.59,7315566
2015-04-23T10:30:00-07:00,211.59,211.93,211.16,211.17,5260980
2015-04-24T06:30:00-07:00,211.66,211.96,211.115,211.84,5135151
2015-04-24T10:30:00-07:00,211.84,211.86,211.41,211.65,3609667
2015-04-27T06:30:00-07:00,212.33,212.48,210.93,211.24,6032942
2015-04-27T10:30:00-07:00,211.25,211.39,210.54,210.77,4012275
2015-04-28T06:30:00-07:00,210.74,211.5,209.34,211.33,8346017
2015-04-28T10:30:00-07:00,211.32,211.43,210.95,211.42,2984898
2015-04-29T06:30:00-07:00,210.37,211.21,209.6,209.92,9279817
2015-04-29T10:30:00-07:00,209.93,211.29,209.93,210.55,6310642
2015-04-30T06:30:00-07:00,209.88,210.34,208.93,209.34,8184389
2015-04-30T10:30:00-07:00,209.33,209.54,207.62,208.46,8762104
2015-05-01T06:30:00-07:00,209.4,210.1,209.29,209.91,6336864
2015-05-01T10:30:00-07:00,209.915,210.77,209.86,210.68,4865170
2015-05-04T06:30:00-07:00,211.23,212.02,211.1,211.34,4969616
2015-05-04T10:30:00-07:00,211.34,211.75,211.27,211.35,2968547
2015-05-05T06:30:00-07:00,211.03,211.46,209.17,209.48,7873255
2015-05-05T10:30:00-07:00,209.48,209.63,208.73,208.9,5599570
2015-05-06T06:30:00-07:00,209.56,209.92,207.66,207.85,7889434
2015-05-06T10:30:00-07:00,207.85,208.09,206.76,208.03,5823523
2015-05-07T06:30:00-07:00,207.92,209.38,207.53,208.95,6750269
2015-05-07T10:30:00-07:00,208.945,209.25,208.63,208.87,3358573
2015-05-08T06:30:00-07:00,210.88,211.86,210.79,211.55,6390456
2015-05-08T10:30:00-07:00,211.55,211.755,211.305,211.63,4618981
2015-05-11T06:30:00-07:00,211.57,211.89,211.04,211.33,4141088
2015-05-11T10:30:00-07:00,211.345,211.37,210.53,210.6,3548955
2015-05-12T06:30:00-07:00,209.61,210.48,208.63,210.29,8723638
2015-05-12T10:30:00-07:00,210.285,210.62,209.93,209.96,3529723
2015-05-13T06:30:00-07:00,210.47,211.22,209.85,210.45,5502845
2015-05-13T10:30:00-07:00,210.45,210.53,209.74,210.04,4068065
2015-05-14T06:30:00-07:00,211.25,212.11,210.91,212.1,4467895
2015-05-14T10:30:00-07:00,212.105,212.32,212.01,212.21,3608067
2015-05-15T06:30:00-07:00,212.44,212.6,211.87,212.1,4338619
2015-05-15T10:30:00-07:00,212.08,212.48,211.98,212.47,2489655
2015-05-18T06:30:00-07:00,212.24,213.01,212.17,212.97,3611105
2015-05-18T10:30:00-07:00,212.97,213.4,212.97,213.08,2235860
2015-05-19T06:30:00-07:00,213.24,213.35,212.8,213.29,3598902
2015-05-19T10:30:00-07:00,213.29,213.57,212.69,213.01,2382709
2015-05-20T06:30:00-07:00,213.15,213.2,212.51,212.9,3580820
2015-05-20T10:30:00-07:00,212.92,213.78,212.725,212.87,3960968
2015-05-21T06:30:00-07:00,212.71,213.64,212.52,213.41,3537483
2015-05-21T10:30:00-07:00,213.4,213.745,213.15,213.47,3450159
2015-05-22T06:30:00-07:00,213.04,213.54,212.92,213.36,3290449
2015-05-22T10:30:00-07:00,213.36,213.45,212.925,212.98,2129498
2015-05-26T06:30:00-07:00,212.43,212.49,210.44,210.82,5959930
2015-05-26T10:30:00-07:00,210.82,210.92,210.2,210.74,4785613
2015-05-27T06:30:00-07:00,211.25,212.48,210.855,212.46,5824729
2015-05-27T10:30:00-07:00,212.46,212.98,212.4,212.69,3938696
2015-05-28T06:30:00-07:00,212.33,212.59,211.63,211.98,5914506
2015-05-28T10:30:00-07:00,212,212.57,211.86,212.49,2238240
2015-05-29T06:30:00-07:00,212.38,212.43,210.82,212.05,7004158
2015-05-29T10:30:00-07:00,212.05,212.095,210.93,211.1,5720029
2015-06-01T06:30:00-07:00,211.94,212.1,210.62,212,7112990
2015-06-01T10:30:00-07:00,212.03,212.335,211.46,211.57,4269499
2015-06-02T06:30:00-07:00,211.02,212.18,210.27,211.98,6631859
2015-06-02T10:30:00-07:00,211.98,212.175,211.245,211.37,3473568
2015-06-03T06:30:00-07:00,211.99,212.67,211.34,211.86,7280711
2015-06-03T10:30:00-07:00,211.855,212.25,211.68,211.93,3150672
2015-06-04T06:30:00-07:00,211.07,211.77,209.77,209.97,9045091
2015-06-04T10:30:00-07:00,209.96,210.345,209.75,210.22,5666287
2015-06-05T06:30:00-07:00,209.95,210.58,208.98,210.01,8103643
2015-06-05T10:30:00-07:00,210,210.17,209.565,209.79,3433593
2015-06-08T06:30:00-07:00,209.64,209.82,208.69,208.69,5363021
2015-06-08T10:30:00-07:00,208.69,209.26,208.39,208.47,4826644
2015-06-09T06:30:00-07:00,208.45,209.07,207.69,209.065,6724543
2015-06-09T10:30:00-07:00,209.065,209.095,208.28,208.45,3536785
2015-06-10T06:30:00-07:00,209.375,211.4,209.32,211.04,7863001
2015-06-10T10:30:00-07:00,211.02,211.39,210.92,210.94,4232592
2015-06-11T06:30:00-07:00,211.49,212.08,211.21,211.6,5054268
2015-06-11T10:30:00-07:00,211.61,211.87,211.3,211.6,3478187
2015-06-12T06:30:00-07:00,210.64,210.83,209.68,210.13,8510240
2015-06-12T10:30:00-07:00,210.14,210.29,209.72,210,4143202
2015-06-15T06:30:00-07:00,208.64,209.33,207.795,209.08,7737023
2015-06-15T10:30:00-07:00,209.075,209.44,208.75,209.08,5342065
2015-06-16T06:30:00-07:00,208.92,210.145,208.72,210.12,5982681
2015-06-16T10:30:00-07:00,210.12,210.34,210.07,210.26,2863398
2015-06-17T06:30:00-07:00,210.61,210.98,209.49,209.65,4537786
2015-06-17T10:30:00-07:00,209.64,211.32,209.38,210.62,8396979
2015-06-18T06:30:00-07:00,211.31,213.34,211.18,212.58,9901015
2015-06-18T10:30:00-07:00,212.57,213.095,212.505,212.75,5180293
2015-06-19T06:30:00-07:00,211.46,211.55,210.955,211.11,6216981
2015-06-19T10:30:00-07:00,211.105,211.31,210.45,210.46,6230323
2015-06-22T06:30:00-07:00,211.905,212.59,211.64,211.71,5525943
2015-06-22T10:30:00-07:00,211.72,212.15,211.68,211.91,2777995
2015-06-23T06:30:00-07:00,212.14,212.44,211.57,211.77,4470632
2015-06-23T10:30:00-07:00,211.76,212.16,211.745,212.03,2218348
2015-06-24T06:30:00-07:00,211.72,212.16,210.69,210.76,5459334
2015-06-24T10:30:00-07:00,210.745,211,210.48,210.48,4609740
2015-06-25T06:30:00-07:00,211.1,211.25,210.32,210.655,5294452
2015-06-25T10:30:00-07:00,210.655,210.655,209.77,209.81,4347281
2015-06-26T06:30:00-07:00,210.29,210.57,209.17,209.46,6762300
2015-06-26T10:30:00-07:00,209.46,210.13,209.37,209.84,4352887
2015-06-29T06:30:00-07:00,208.05,208.82,206.75,206.96,9520085
2015-06-29T10:30:00-07:00,206.95,207.13,205.33,205.44,9777137
2015-06-30T06:30:00-07:00,207.26,207.27,205.28,206.06,10236156
2015-06-30T10:30:00-07:00,206.04,207.15,205.87,205.9,8571680
2015-07-01T06:30:00-07:00,207.73,208.03,206.67,206.96,7994944
2015-07-01T10:30:00-07:00,206.96,207.57,206.58,207.52,4825943
2015-07-02T06:30:00-07:00,208.07,208.27,206.835,207.03,5484695
2015-07-02T10:30:00-07:00,207.03,207.63,206.82,207.3,3757837
2015-07-06T06:30:00-07:00,205.76,207.65,205.54,206.29,7513838
2015-07-06T10:30:00-07:00,206.28,206.71,205.69,206.7,4586285
2015-07-07T06:30:00-07:00,206.96,206.98,204.12,206.56,14774570
2015-07-07T10:30:00-07:00,206.6,208.16,206,207.99,9297543
2015-07-08T06:30:00-07:00,206.42,206.755,204.92,205.7,10381059
2015-07-08T10:30:00-07:00,205.71,205.89,204.25,204.49,10243912
2015-07-09T06:30:00-07:00,207.04,207.345,205.35,205.44,9663006
2015-07-09T10:30:00-07:00,205.46,205.78,204.88,204.88,6114714
2015-07-10T06:30:00-07:00,207.29,207.74,206.49,207.35,7659843
2015-07-10T10:30:00-07:00,207.35,207.97,207.12,207.46,4841399
2015-07-13T06:30:00-07:00,208.99,209.63,208.94,209.32,6435419
2015-07-13T10:30:00-07:00,209.34,209.9,209.19,209.77,4535606
2015-07-14T06:30:00-07:00,209.72,210.76,209.66,210.58,4941408
2015-07-14T10:30:00-07:00,210.575,211.05,210.475,210.68,3155192
2015-07-15T06:30:00-07:00,210.73,211.27,210.51,210.97,5149909
2015-07-15T10:30:00-07:00,210.96,211.08,210.05,210.64,6116433
2015-07-16T06:30:00-07:00,211.87,212.15,211.58,211.96,5034959
2015-07-16T10:30:00-07:00,211.965,212.3,211.83,212.26,3424871
2015-07-17T06:30:00-07:00,212.3,212.33,211.8,212.05,4653974
2015-07-17T10:30:00-07:00,212.055,212.54,211.95,212.45,3532877
2015-07-20T06:30:00-07:00,212.75,213.005,212.21,213,4035321
2015-07-20T10:30:00-07:00,213,213.175,212.52,212.62,2907914
2015-07-21T06:30:00-07:00,212.44,212.74,211.48,211.62,5785485
2015-07-21T10:30:00-07:00,211.59,211.97,211.4,211.75,4075256
2015-07-22T06:30:00-07:00,210.93,211.76,210.92,211.24,6477273
2015-07-22T10:30:00-07:00,211.25,211.49,210.89,211.32,2952947
2015-07-23T06:30:00-07:00,211.53,211.64,210.13,210.32,5838421
2015-07-23T10:30:00-07:00,210.33,210.75,209.76,210.17,5179862
2015-07-24T06:30:00-07:00,210.3,210.36,208.53,208.59,6726274
2015-07-24T10:30:00-07:00,208.58,208.6,207.6,207.97,6992151
2015-07-27T06:30:00-07:00,206.94,207.55,206.26,206.66,8426768
2015-07-27T10:30:00-07:00,206.67,207.12,206.31,206.76,5666963
2015-07-28T06:30:00-07:00,207.79,209.13,206.81,209.05,9472099
2015-07-28T10:30:00-07:00,209.05,209.5,208.85,209.29,3959301
2015-07-29T06:30:00-07:00,209.48,210.5,209.31,210.24,5577872
2015-07-29T10:30:00-07:00,210.24,211.04,209.79,210.74,7572796
2015-07-30T06:30:00-07:00,210.16,210.9,209.42,210.765,7242293
2015-07-30T10:30:00-07:00,210.77,211.015,210.51,210.79,3242299
2015-07-31T06:30:00-07:00,211.42,211.45,210.51,210.81,4883693
2015-07-31T10:30:00-07:00,210.82,210.84,210.16,210.46,6175312
2015-08-03T06:30:00-07:00,210.45,210.53,208.66,208.94,7281324
2015-08-03T10:30:00-07:00,208.91,209.79,208.7,209.76,4859006
2015-08-04T06:30:00-07:00,209.7,210.24,209.29,209.66,5478026
2015-08-04T10:30:00-07:00,209.66,209.87,208.8,209.35,5250983
2015-08-05T06:30:00-07:00,210.46,211.31,209.74,209.98,6105626
2015-08-05T10:30:00-07:00,209.98,210.51,209.78,210.1,2706676
2015-08-06T06:30:00-07:00,210.29,210.41,207.65,208.37,7807788
2015-08-06T10:30:00-07:00,208.37,208.7,208.09,208.46,3348967
2015-08-07T06:30:00-07:00,208.16,208.34,206.88,207.02,6980725
2015-08-07T10:30:00-07:00,207,207.94,206.97,207.92,4253260
2015-08-10T06:30:00-07:00,209.28,210.47,209.28,210.36,5340175
2015-08-10T10:30:00-07:00,210.365,210.67,210.3,210.59,2642460
2015-08-11T06:30:00-07:00,208.97,209.46,207.76,208.02,7490808
2015-08-11T10:30:00-07:00,208.03,208.78,207.82,208.63,4901575
2015-08-12T06:30:00-07:00,207.11,207.6,205.37,207.33,11744929
2015-08-12T10:30:00-07:00,207.34,209.14,207.22,208.88,6703643
2015-08-13T06:30:00-07:00,208.73,209.54,208.02,209.46,6818174
2015-08-13T10:30:00-07:00,209.465,209.51,208.41,208.63,4416680
2015-08-14T06:30:00-07:00,208.43,209.175,208.26,209.12,4583039
2015-08-14T10:30:00-07:00,209.12,209.5,208.87,209.39,3443614
2015-08-17T06:30:00-07:00,208.71,210.39,208.16,210.38,6850433
2015-08-17T10:30:00-07:00,210.38,210.58,210.16,210.58,2995699
2015-08-18T06:30:00-07:00,210.27,210.68,209.81,210.01,4593003
2015-08-18T10:30:00-07:00,210,210.145,209.7,209.96,3250589
2015-08-19T06:30:00-07:00,209.1,209.1,207.36,208.1,10491108
2015-08-19T10:30:00-07:00,208.09,210.01,208.02,208.31,11879952
2015-08-20T06:30:00-07:00,206.51,207.17,204.97,205.58,12470531
2015-08-20T10:30:00-07:00,205.57,205.8,203.915,203.92,8522785
2015-08-21T06:30:00-07:00,201.73,202.92,199.36,200.34,24437480
2015-08-21T10:30:00-07:00,200.32,200.94,197.53,197.53,15356193
2015-08-24T06:30:00-07:00,187.34,195.84,182.4,194.33,27164008
2015-08-24T10:30:00-07:00,194.33,194.33,188.21,189.46,27424643
2015-08-25T06:30:00-07:00,195.43,195.44,191.97,192.065,24774854
2015-08-25T10:30:00-07:00,192.065,193.4,187.06,187.24,23858848
2015-08-26T06:30:00-07:00,192.08,192.49,188.38,190.57,23905376
2015-08-26T10:30:00-07:00,190.57,194.78,190.04,194.53,17681143
2015-08-27T06:30:00-07:00,197.02,199.41,196.38,199.04,15556023
2015-08-27T10:30:00-07:00,199.035,199.31,195.21,199.29,20089982
2015-08-28T06:30:00-07:00,198.49,199.83,198.285,198.33,9475469
2015-08-28T10:30:00-07:00,198.34,199.42,197.92,199.29,6298820
2015-08-31T06:30:00-07:00,198.11,199.12,197.01,198.33,10830587
2015-08-31T10:30:00-07:00,198.34,198.4,197.19,197.61,8601002
2015-09-01T06:30:00-07:00,193.12,194.76,192.26,192.95,13382067
2015-09-01T10:30:00-07:00,192.94,193.44,190.73,191.6,12970109
2015-09-02T06:30:00-07:00,194.62,194.67,192.43,194.34,9196672
2015-09-02T10:30:00-07:00,194.32,195.45,193.38,195.45,6634640
2015-09-03T06:30:00-07:00,196.26,198.05,195.59,196.335,9569081
2015-09-03T10:30:00-07:00,196.335,196.46,194.96,195.55,9202465
2015-09-04T06:30:00-07:00,192.85,193.86,191.86,192.12,10375351
2015-09-04T10:30:00-07:00,192.11,193.71,191.61,192.56,7953911
2015-09-08T06:30:00-07:00,195.94,196.66,195.18,195.69,5973204
2015-09-08T10:30:00-07:00,195.7,197.61,195.51,197.52,4363089
2015-09-09T06:30:00-07:00,199.35,199.46,197.29,197.37,6346976
2015-09-09T10:30:00-07:00,197.33,197.33,194.35,194.79,7960074
2015-09-10T06:30:00-07:00,194.56,196.68,194.25,196.63,10931735
2015-09-10T10:30:00-07:00,196.66,197.22,195.08,195.87,7079660
2015-09-11T06:30:00-07:00,195.375,196.32,194.54,195.54,6448068
2015-09-11T10:30:00-07:00,195.53,196.76,195.31,196.76,3799314
2015-09-14T06:30:00-07:00,196.96,197,195.43,195.61,5256537
2015-09-14T10:30:00-07:00,195.61,196.22,195.57,196,3198509
2015-09-15T06:30:00-07:00,196.6,198.31,196.09,198.23,6063020
2015-09-15T10:30:00-07:00,198.22,198.99,198.18,198.49,4879974
2015-09-16T06:30:00-07:00,198.81,200.09,198.415,199.61,4856852
2015-09-16T10:30:00-07:00,199.61,200.4,199.22,200.19,4248002
2015-09-17T06:30:00-07:00,200.02,201.1,199.82,200.89,6110819
2015-09-17T10:30:00-07:00,200.89,202.89,199.28,199.76,17835731
2015-09-18T06:30:00-07:00,195.71,197.56,195.69,196.18,8800412
2015-09-18T10:30:00-07:00,196.2,196.47,194.97,195.42,9783292
2015-09-21T06:30:00-07:00,196.44,197.68,195.21,196.1,6783449
2015-09-21T10:30:00-07:00,196.12,196.88,195.67,196.46,2848229
2015-09-22T06:30:00-07:00,193.88,194.46,192.59,192.63,7658271
2015-09-22T10:30:00-07:00,192.62,194.29,192.565,193.88,4987802
2015-09-23T06:30:00-07:00,194.11,194.67,192.915,193.17,4807486
2015-09-23T10:30:00-07:00,193.155,194.255,193.155,193.57,2994308
2015-09-24T06:30:00-07:00,192.15,192.42,190.56,191.28,10298736
2015-09-24T10:30:00-07:00,191.3,193.44,191.14,192.93,7464854
2015-09-25T06:30:00-07:00,194.64,195,193.86,194.58,8583327
2015-09-25T10:30:00-07:00,194.58,194.72,191.81,192.81,9464768
2015-09-28T06:30:00-07:00,191.77,191.91,188.54,188.66,10350522
2015-09-28T10:30:00-07:00,188.61,189.1,187.64,187.93,8869320
2015-09-29T06:30:00-07:00,188.27,189.735,187.37,188.47,10735127
2015-09-29T10:30:00-07:00,188.475,188.92,186.93,188.04,8672481
2015-09-30T06:30:00-07:00,190.37,191.47,189.44,190.33,8338418
2015-09-30T10:30:00-07:00,190.32,191.82,190.1,191.67,8548832
2015-10-01T06:30:00-07:00,192.08,192.48,189.82,190.1,10274263
2015-10-01T10:30:00-07:00,190.11,192.24,190.07,192.15,6011045
2015-10-02T06:30:00-07:00,189.77,193.41,189.12,192.92,13436003
2015-10-02T10:30:00-07:00,192.92,194.98,192.49,194.98,7074258
2015-10-05T06:30:00-07:00,196.46,198.08,196.33,197.95,8304480
2015-10-05T10:30:00-07:00,197.95,198.74,197.84,198.5,5547862
2015-10-06T06:30:00-07:00,198.31,198.98,197,197.91,8561203
2015-10-06T10:30:00-07:00,197.91,198.27,197.38,197.81,4074231
2015-10-07T06:30:00-07:00,198.9,199.82,197.49,198.55,10486170
2015-10-07T10:30:00-07:00,198.575,199.48,198.45,199.45,5050413
2015-10-08T06:30:00-07:00,198.95,199.65,198.59,199.34,8020424
2015-10-08T10:30:00-07:00,199.345,201.55,199.32,201.21,12619657
2015-10-09T06:30:00-07:00,201.38,201.9,200.59,200.83,6078821
2015-10-09T10:30:00-07:00,200.85,201.515,200.64,201.36,5243154
2015-10-12T06:30:00-07:00,201.43,201.76,200.91,201.32,3462949
2015-10-12T10:30:00-07:00,201.33,201.69,201.25,201.55,1968743
2015-10-13T06:30:00-07:00,200.65,202.16,200.5,201.09,6408393
2015-10-13T10:30:00-07:00,201.11,201.11,200.05,200.22,4621087
2015-10-14T06:30:00-07:00,200.18,200.87,199.24,199.96,6983518
2015-10-14T10:30:00-07:00,199.96,200.23,198.95,199.27,5088848
2015-10-15T06:30:00-07:00,200.08,201.27,199.64,201.135,6444226
2015-10-15T10:30:00-07:00,201.15,202.33,201,202.33,5438367
2015-10-16T06:30:00-07:00,202.83,203.02,202.23,202.39,5738889
2015-10-16T10:30:00-07:00,202.37,203.29,201.92,203.14,5167814
2015-10-19T06:30:00-07:00,202.5,203.36,202.13,202.6,4124149
2015-10-19T10:30:00-07:00,202.58,203.37,202.36,203.33,4080626
2015-10-20T06:30:00-07:00,202.85,203.83,202.65,202.8,4251273
2015-10-20T10:30:00-07:00,202.79,203.36,202.55,203.05,3323294
2015-10-21T06:30:00-07:00,203.61,203.78,201.98,202.01,6076233
2015-10-21T10:30:00-07:00,201.99,203.07,201.65,201.82,4978262
2015-10-22T06:30:00-07:00,202.98,205.49,202.82,205.18,8250857
2015-10-22T10:30:00-07:00,205.17,205.42,204.11,205.22,6747212
2015-10-23T06:30:00-07:00,207.25,207.75,206.31,207.16,7999372
2015-10-23T10:30:00-07:00,207.16,207.945,207.16,207.51,5816454
2015-10-26T06:30:00-07:00,207.3,207.36,206.56,207.21,4246112
2015-10-26T10:30:00-07:00,207.23,207.37,206.88,206.97,2917634
2015-10-27T06:30:00-07:00,206.2,206.995,205.8,205.96,5222820
2015-10-27T10:30:00-07:00,205.97,206.58,205.85,206.58,3495641
2015-10-28T06:30:00-07:00,206.99,208.23,206.67,207.85,5465237
2015-10-28T10:30:00-07:00,207.87,208.97,206.21,208.96,10229744
2015-10-29T06:30:00-07:00,208.35,209.09,208.21,208.79,5510022
2015-10-29T10:30:00-07:00,208.795,209.26,208.385,208.87,2812829
2015-10-30T06:30:00-07:00,209.06,209.345,208.39,209.23,5512334
2015-10-30T10:30:00-07:00,209.23,209.43,207.83,207.86,7475128
2015-11-02T06:30:00-08:00,208.32,209.69,208.18,209.57,4234787
2015-11-02T10:30:00-08:00,209.58,210.61,209.535,210.37,3515559
2015-11-03T06:30:00-08:00,209.97,211.02,209.7,210.98,5164567
2015-11-03T10:30:00-08:00,210.97,211.66,210.74,210.96,4305269
2015-11-04T06:30:00-08:00,211.35,211.49,209.73,209.99,6295612
2015-11-04T10:30:00-08:00,210,210.66,209.88,210.36,3762187
2015-11-05T06:30:00-08:00,210.43,210.98,209.09,209.97,5918912
2015-11-05T10:30:00-08:00,209.98,210.395,209.64,210.11,2783106
2015-11-06T06:30:00-08:00,209.74,210.32,208.47,209.33,7811020
2015-11-06T10:30:00-08:00,209.34,210.07,209.15,210.01,4049106
2015-11-09T06:30:00-08:00,209.31,209.49,206.95,207.52,8368518
2015-11-09T10:30:00-08:00,207.54,208.47,207.28,208.06,6266642
2015-11-10T06:30:00-08:00,207.51,208.2,207.19,207.8,5677780
2015-11-10T10:30:00-08:00,207.81,208.6,207.74,208.51,4485457
2015-11-11T06:30:00-08:00,208.88,208.93,207.68,208.17,5057124
2015-11-11T10:30:00-08:00,208.15,208.47,207.66,207.69,3178232
2015-11-12T06:30:00-08:00,206.49,207.06,205.64,206.3,8308271
2015-11-12T10:30:00-08:00,206.32,206.48,204.82,204.88,4755315
2015-11-13T06:30:00-08:00,204.35,204.66,202.88,203.48,9041545
2015-11-13T10:30:00-08:00,203.47,203.605,202.44,202.55,6436060
2015-11-16T06:30:00-08:00,202.31,204.43,202.19,204.175,7615055
2015-11-16T10:30:00-08:00,204.18,205.64,204.11,205.6,4641595
2015-11-17T06:30:00-08:00,205.99,207.03,205.26,205.78,6534356
2015-11-17T10:30:00-08:00,205.77,206.51,204.88,205.38,6123582
2015-11-18T06:30:00-08:00,206.04,207.29,206,207.125,4767583
2015-11-18T10:30:00-08:00,207.125,208.9,206.75,208.72,6044186
2015-11-19T06:30:00-08:00,208.58,209.05,208.21,208.83,5742039
2015-11-19T10:30:00-08:00,208.83,208.95,208.37,208.53,2924663
2015-11-20T06:30:00-08:00,209.45,210.12,209.32,209.46,4828487
2015-11-20T10:30:00-08:00,209.46,209.48,208.86,209.35,3386517
2015-11-23T06:30:00-08:00,209.38,209.98,209.15,209.58,3070559
2015-11-23T10:30:00-08:00,209.57,209.62,208.52,209.06,2875394
2015-11-24T06:30:00-08:00,207.87,209.48,207.41,209.46,6594993
2015-11-24T10:30:00-08:00,209.48,209.83,209.09,209.39,3815170
2015-11-25T06:30:00-08:00,209.5,209.74,209.02,209.51,3370743
2015-11-25T10:30:00-08:00,209.51,209.66,209.29,209.33,1452266
2015-11-27T06:30:00-08:00,209.42,209.8,208.87,209.69,3492482
2015-11-27T10:30:00-08:00,209.54,209.6,209.54,209.6,3600
2015-11-30T06:30:00-08:00,209.75,209.88,208.72,209.22,5330428
2015-11-30T10:30:00-08:00,209.22,209.48,208.56,208.67,5555942
2015-12-01T06:30:00-08:00,209.44,210.39,209.12,209.73,5577714
2015-12-01T10:30:00-08:00,209.74,210.82,209.53,210.74,5011717
2015-12-02T06:30:00-08:00,210.62,210.995,209.83,210.14,4560211
2015-12-02T10:30:00-08:00,210.14,210.2,208.23,208.5,6734773
2015-12-03T06:30:00-08:00,208.83,209.13,206.33,206.92,7288517
2015-12-03T10:30:00-08:00,206.915,206.96,204.76,205.6,7820032
2015-12-04T06:30:00-08:00,206.08,209.56,205.94,209.32,10651257
2015-12-04T10:30:00-08:00,209.32,209.97,209.04,209.62,7515964
2015-12-07T06:30:00-08:00,209.23,209.24,207.2,207.83,7269082
2015-12-07T10:30:00-08:00,207.88,208.5,207.34,208.29,3597060
2015-12-08T06:30:00-08:00,206.5,208.04,205.78,206.72,8378598
2015-12-08T10:30:00-08:00,206.745,207.67,206.58,206.96,3859738
2015-12-09T06:30:00-08:00,206.2,208.68,204.18,204.69,11753891
2015-12-09T10:30:00-08:00,204.71,205.84,204.38,205.36,6025728
2015-12-10T06:30:00-08:00,205.42,206.98,205.15,206.37,7215549
2015-12-10T10:30:00-08:00,206.37,207.43,205.61,205.82,5090943
2015-12-11T06:30:00-08:00,203.35,204.14,202,202.27,14588463
2015-12-11T10:30:00-08:00,202.27,203.1,201.51,201.85,10038537
2015-12-14T06:30:00-08:00,202.07,202.98,199.97,201.79,17897534
2015-12-14T10:30:00-08:00,201.79,203,201.28,202.99,7578231
2015-12-15T06:30:00-08:00,204.7,206.11,204.54,205.36,9803626
2015-12-15T10:30:00-08:00,205.35,206.02,204.81,205.09,7388762
2015-12-16T06:30:00-08:00,206.37,206.78,205.315,205.73,7705583
2015-12-16T10:30:00-08:00,205.74,208.39,204.82,207.98,14539428
2015-12-17T06:30:00-08:00,208.4,208.48,205.415,206.2,12678412
2015-12-17T10:30:00-08:00,206.2,206.685,204.85,204.89,7245431
2015-12-18T06:30:00-08:00,202.77,202.92,200.8,201.03,14981180
2015-12-18T10:30:00-08:00,201.03,201.93,199.96,199.96,9225316
2015-12-21T06:30:00-08:00,201.41,201.88,200.09,201.03,9507827
2015-12-21T10:30:00-08:00,201.035,201.69,200.25,201.66,5487298
2015-12-22T06:30:00-08:00,202.715,203,201.55,202.89,6310567
2015-12-22T10:30:00-08:00,202.88,203.85,202.69,203.51,4807949
2015-12-23T06:30:00-08:00,204.69,205.7,204.58,205.38,5362768
2015-12-23T10:30:00-08:00,205.38,206.07,205.13,206.02,4325507
2015-12-24T06:30:00-08:00,205.72,206.33,205.35,205.51,3988120
2015-12-24T10:30:00-08:00,205.7,205.7,205.65,205.65,400
2015-12-28T06:30:00-08:00,204.87,205.04,203.94,204.94,3784459
2015-12-28T10:30:00-08:00,204.96,205.25,204.68,205.19,2296307
2015-12-29T06:30:00-08:00,206.51,207.355,206.47,207.27,3993384
2015-12-29T10:30:00-08:00,207.25,207.78,207.18,207.42,3423882
2015-12-30T06:30:00-08:00,207.11,207.21,206.51,206.65,3144301
2015-12-30T10:30:00-08:00,206.65,206.92,205.76,205.93,2560559
2015-12-31T06:30:00-08:00,205.13,205.885,204.18,205.18,5105436
2015-12-31T10:30:00-08:00,205.18,205.53,203.88,203.9,5383726
2016-01-04T06:30:00-08:00,200.49,200.53,198.59,199.915,15355259
2016-01-04T10:30:00-08:00,199.91,201.02,198.995,200.99,9186052
2016-01-05T06:30:00-08:00,201.405,201.8,200.05,200.59,7750679
2016-01-05T10:30:00-08:00,200.59,201.9,200.54,201.43,5987984
2016-01-06T06:30:00-08:00,198.34,200.05,198.26,198.95,10797370
2016-01-06T10:30:00-08:00,198.96,199.34,197.6,198.79,9389306
2016-01-07T06:30:00-08:00,195.33,197.43,194.49,194.8,13723631
2016-01-07T10:30:00-08:00,194.8,195.15,193.595,194.01,13666245
2016-01-08T06:30:00-08:00,195.19,195.85,193.01,193.81,12117213
2016-01-08T10:30:00-08:00,193.82,194.39,191.58,191.9,10071427
2016-01-11T06:30:00-08:00,193.01,193.41,190.51,190.57,12594918
2016-01-11T10:30:00-08:00,190.56,192.79,189.83,192.08,12585236
2016-01-12T06:30:00-08:00,193.81,194.55,191.45,191.77,12946710
2016-01-12T10:30:00-08:00,191.76,194,191.145,193.62,9750327
2016-01-13T06:30:00-08:00,194.45,194.86,191.26,191.295,9663756
2016-01-13T10:30:00-08:00,191.26,191.48,188.38,188.84,15092404
2016-01-14T06:30:00-08:00,189.55,192.32,187.66,192.21,17744880
2016-01-14T10:30:00-08:00,192.24,193.26,191.67,191.88,9223113
2016-01-15T06:30:00-08:00,186.77,188.76,185.53,186.69,24056761
2016-01-15T10:30:00-08:00,186.68,188.38,186.42,187.78,14660589
2016-01-19T06:30:00-08:00,189.96,190.11,187.875,187.96,11457623
2016-01-19T10:30:00-08:00,187.97,188.74,186.21,188.02,11021094
2016-01-20T06:30:00-08:00,185.03,185.81,181.02,182.45,16549921
2016-01-20T10:30:00-08:00,182.44,187.49,182.4,185.79,15679032
2016-01-21T06:30:00-08:00,186.21,188.865,184.65,187.22,12980424
2016-01-21T10:30:00-08:00,187.22,187.71,185.77,186.68,7364030
2016-01-22T06:30:00-08:00,189.77,190.56,188.88,189.94,11656821
2016-01-22T10:30:00-08:00,189.96,190.76,189.72,190.49,5344455
2016-01-25T06:30:00-08:00,189.92,190.15,188.75,189.83,7259013
2016-01-25T10:30:00-08:00,189.83,189.96,187.42,187.66,5579920
2016-01-26T06:30:00-08:00,188.42,190.53,188.03,190.28,9264439
2016-01-26T10:30:00-08:00,190.29,190.35,189.36,190.19,5213289
2016-01-27T06:30:00-08:00,189.58,191.55,188.55,190.58,7408203
2016-01-27T10:30:00-08:00,190.59,191.48,187.06,188.12,10659679
2016-01-28T06:30:00-08:00,189.96,190.2,187.16,188.96,10546916
2016-01-28T10:30:00-08:00,188.95,189.84,188.66,189.14,5180891
2016-01-29T06:30:00-08:00,190.01,192.49,189.89,192.36,9053832
2016-01-29T10:30:00-08:00,192.37,193.75,192.21,193.7,8489321
2016-02-01T06:30:00-08:00,192.53,193.45,191.85,193.11,7600248
2016-02-01T10:30:00-08:00,193.12,194.58,192.855,193.68,5681843
2016-02-02T06:30:00-08:00,191.96,191.96,190.3,190.88,8891947
2016-02-02T10:30:00-08:00,190.87,190.87,189.54,190.13,6345559
2016-02-03T06:30:00-08:00,191.41,191.48,187.105,188.8,15375808
2016-02-03T10:30:00-08:00,188.81,191.78,187.99,191.19,9368201
2016-02-04T06:30:00-08:00,190.75,192.735,189.96,191.62,11986087
2016-02-04T10:30:00-08:00,191.64,191.96,190.36,191.55,5781807
2016-02-05T06:30:00-08:00,190.99,191.08,188,188.93,11181438
2016-02-05T10:30:00-08:00,188.91,188.91,187.2,187.95,6539109
2016-02-08T06:30:00-08:00,185.76,185.87,183.29,183.76,12297810
2016-02-08T10:30:00-08:00,183.76,186.11,182.81,185.37,11315482
2016-02-09T06:30:00-08:00,183.37,186.28,183.21,183.95,14614359
2016-02-09T10:30:00-08:00,183.94,186.93,183.71,185.37,10368773
2016-02-10T06:30:00-08:00,186.41,188.32,185.86,186.88,10797485
2016-02-10T10:30:00-08:00,186.87,187.27,185.12,185.27,4550544
2016-02-11T06:30:00-08:00,182.34,183.94,181.4,182.4,12774724
2016-02-11T10:30:00-08:00,182.38,184.09,181.13,183.06,10597380
2016-02-12T06:30:00-08:00,184.96,186.12,183.97,185.38,8052290
2016-02-12T10:30:00-08:00,185.37,186.65,185.29,186.64,5200352
2016-02-16T06:30:00-08:00,188.77,189.73,187.64,189.49,7186240
2016-02-16T10:30:00-08:00,189.49,189.78,189.175,189.77,4979870
2016-02-17T06:30:00-08:00,191.16,193.02,191.01,192.93,7986256
2016-02-17T10:30:00-08:00,192.93,193.32,192.47,192.88,5026549
2016-02-18T06:30:00-08:00,193.21,193.27,191.81,192.22,6794606
2016-02-18T10:30:00-08:00,192.22,192.79,191.725,192.04,4304108
2016-02-19T06:30:00-08:00,191.2,192.17,190.45,191.73,7023542
2016-02-19T10:30:00-08:00,191.74,192.1,191.4,192.02,3576347
2016-02-22T06:30:00-08:00,193.86,194.86,193.8,194.48,5353094
2016-02-22T10:30:00-08:00,194.49,194.95,194.2,194.79,4366378
2016-02-23T06:30:00-08:00,194,194.32,192.475,192.935,6522498
2016-02-23T10:30:00-08:00,192.94,193.09,192.18,192.36,4827089
2016-02-24T06:30:00-08:00,190.63,191.58,189.32,191.19,8766835
2016-02-24T10:30:00-08:00,191.18,193.53,190.98,193.21,5558092
2016-02-25T06:30:00-08:00,193.73,194.255,192.83,194.11,5703026
2016-02-25T10:30:00-08:00,194.1,195.53,194.09,195.53,4852879
2016-02-26T06:30:00-08:00,196.57,196.67,195.36,195.77,6551330
2016-02-26T10:30:00-08:00,195.78,195.93,194.9,195.12,4985437
2016-02-29T06:30:00-08:00,195.11,196.22,194.71,195.48,5300523
2016-02-29T10:30:00-08:00,195.47,195.545,193.45,193.49,6752483
2016-03-01T06:30:00-08:00,195.01,197.53,194.46,197.43,8172795
2016-03-01T10:30:00-08:00,197.43,198.18,197.235,198.18,4987986
2016-03-02T06:30:00-08:00,197.73,198.47,197.25,198.3,6402466
2016-03-02T10:30:00-08:00,198.305,199.06,197.77,199,3507048
2016-03-03T06:30:00-08:00,198.78,199,198.11,198.76,4984612
2016-03-03T10:30:00-08:00,198.77,199.79,198.77,199.76,3880663
2016-03-04T06:30:00-08:00,200.01,200.98,199.03,200.93,7083602
2016-03-04T10:30:00-08:00,200.93,201.345,199.71,200.38,4347477
2016-03-07T06:30:00-08:00,199.36,201.07,199.26,200.51,5162165
2016-03-07T10:30:00-08:00,200.5,200.66,199.49,200.6,4325659
2016-03-08T06:30:00-08:00,199.32,199.8,198.39,199.65,6292076
2016-03-08T10:30:00-08:00,199.65,199.92,198.215,198.36,5454065
2016-03-09T06:30:00-08:00,199.36,199.79,198.43,198.95,5675779
2016-03-09T10:30:00-08:00,198.95,199.53,198.85,199.42,2993356
2016-03-10T06:30:00-08:00,199.95,201.06,197.39,198.23,11784503
2016-03-10T10:30:00-08:00,198.235,199.82,197.74,199.54,4837745
2016-03-11T06:30:00-08:00,201.26,202.47,201.13,202.07,6686618
2016-03-11T10:30:00-08:00,202.07,202.81,201.82,202.74,4435194
2016-03-14T06:30:00-07:00,202.17,202.72,201.77,202.62,3778202
2016-03-14T10:30:00-07:00,202.6,203.03,202.385,202.49,3111596
2016-03-15T06:30:00-07:00,201.37,201.83,201.06,201.73,4052928
2016-03-15T10:30:00-07:00,201.76,202.19,201.66,202.16,2971980
2016-03-16T06:30:00-07:00,201.6,202.49,201.55,201.69,3786923
2016-03-16T10:30:00-07:00,201.68,203.82,201.63,203.4,9716300
2016-03-17T06:30:00-07:00,203.25,204.665,202.77,204.41,5404450
2016-03-17T10:30:00-07:00,204.41,205.22,204.32,204.64,4709882
2016-03-18T06:30:00-07:00,204.18,204.77,203.965,204.11,7026278
2016-03-18T10:30:00-07:00,204.115,204.69,203.8,204.44,5777930
2016-03-21T06:30:00-07:00,204.07,204.8,203.81,204.78,4696574
2016-03-21T10:30:00-07:00,204.78,204.94,204.47,204.68,2698043
2016-03-22T06:30:00-07:00,203.76,205.19,203.57,205.15,5279710
2016-03-22T10:30:00-07:00,205.15,205.23,204.31,204.59,4765635
2016-03-23T06:30:00-07:00,204.12,204.33,203.36,203.84,5896180
2016-03-23T10:30:00-07:00,203.85,204.08,203.01,203.24,4028549
2016-03-24T06:30:00-07:00,202,202.66,201.74,202.49,4672220
2016-03-24T10:30:00-07:00,202.49,203.16,202.335,203.14,3603296
2016-03-28T06:30:00-07:00,203.61,203.7,202.705,203.44,3547367
2016-03-28T10:30:00-07:00,203.44,203.86,203.08,203.26,3498453
2016-03-29T06:30:00-07:00,202.76,204.43,202.4,204.1,5679886
2016-03-29T10:30:00-07:00,204.08,205.2,203.97,205.16,4383599
2016-03-30T06:30:00-07:00,206.3,206.87,205.68,205.74,5785619
2016-03-30T10:30:00-07:00,205.745,206.49,205.6,206.07,3419169
2016-03-31T06:30:00-07:00,205.91,206.41,205.89,206.1,4450477
2016-03-31T10:30:00-07:00,206.09,206.09,205.33,205.55,4382429
2016-04-01T06:30:00-07:00,204.35,206.27,203.99,206.21,6085748
2016-04-01T10:30:00-07:00,206.21,207.13,206.15,206.89,4316016
2016-04-04T06:30:00-07:00,206.84,207.07,206.17,206.57,3383350
2016-04-04T10:30:00-07:00,206.57,206.58,205.89,206.27,2526435
2016-04-05T06:30:00-07:00,204.67,205.26,204.11,204.57,6216471
2016-04-05T10:30:00-07:00,204.58,205.04,203.9,204.19,3805044
2016-04-06T06:30:00-07:00,204.29,205.895,203.98,205.73,6122813
2016-04-06T10:30:00-07:00,205.73,206.49,205.03,206.43,4434293
2016-04-07T06:30:00-07:00,205.14,205.56,204.05,204.53,5896458
2016-04-07T10:30:00-07:00,204.52,204.64,203.09,203.93,5738656
2016-04-08T06:30:00-07:00,205.33,205.84,204.28,204.39,6585498
2016-04-08T10:30:00-07:00,204.36,205.06,203.88,204.53,3418648
2016-04-11T06:30:00-07:00,205.25,206.07,204.64,205.195,5529910
2016-04-11T10:30:00-07:00,205.18,205.37,203.91,203.98,3955637
2016-04-12T06:30:00-07:00,204.22,205.72,203.71,205.45,7213211
2016-04-12T10:30:00-07:00,205.44,206.25,205.305,205.94,4391845
2016-04-13T06:30:00-07:00,207,207.8,206.84,207.36,6209721
2016-04-13T10:30:00-07:00,207.37,208.095,207.33,208.02,3889441
2016-04-14T06:30:00-07:00,208.07,208.6,207.605,208.27,4497470
2016-04-14T10:30:00-07:00,208.27,208.32,207.905,208.01,2453911
2016-04-15T06:30:00-07:00,208.01,208.11,207.58,207.69,3255965
2016-04-15T10:30:00-07:00,207.69,207.95,207.4,207.82,3083389
2016-04-18T06:30:00-07:00,207.14,209.11,207,208.81,4934844
2016-04-18T10:30:00-07:00,208.81,209.27,208.75,209.27,2439883
2016-04-19T06:30:00-07:00,209.74,210.19,208.945,209.48,6320260
2016-04-19T10:30:00-07:00,209.49,209.9,209.39,209.87,3131992
2016-04-20T06:30:00-07:00,209.95,210.49,209.4,210.41,4119768
2016-04-20T10:30:00-07:00,210.4,210.92,210.01,210.06,3124501
2016-04-21T06:30:00-07:00,210.12,210.25,209.19,209.2,4498039
2016-04-21T10:30:00-07:00,209.19,209.42,208.66,208.95,3252829
2016-04-22T06:30:00-07:00,208.55,209.285,207.91,208.17,5208792
2016-04-22T10:30:00-07:00,208.19,209.08,208.18,208.99,2902324
2016-04-25T06:30:00-07:00,208.27,208.57,207.54,208.31,4336622
2016-04-25T10:30:00-07:00,208.31,208.62,207.96,208.62,2080595
2016-04-26T06:30:00-07:00,209.05,209.52,208.37,208.77,3630075
2016-04-26T10:30:00-07:00,208.77,209,208.39,208.97,2258620
2016-04-27T06:30:00-07:00,208.47,209.06,208.06,208.51,3515087
2016-04-27T10:30:00-07:00,208.515,209.81,208.2,209.34,4212429
2016-04-28T06:30:00-07:00,208.46,209.76,208.19,209.25,3792466
2016-04-28T10:30:00-07:00,209.25,209.39,206.97,207.48,4753821
2016-04-29T06:30:00-07:00,206.72,207.13,205.07,206.01,6719620
2016-04-29T10:30:00-07:00,206.01,206.8,205.03,206.33,5993010
2016-05-02T06:30:00-07:00,206.92,207.62,206.41,207.61,4248921
2016-05-02T10:30:00-07:00,207.62,208.18,207.56,207.98,1987439
2016-05-03T06:30:00-07:00,206.52,206.64,205.285,206.46,5681764
2016-05-03T10:30:00-07:00,206.47,206.79,205.75,206.15,3104581
2016-05-04T06:30:00-07:00,204.99,205.83,204.61,205.02,5559588
2016-05-04T10:30:00-07:00,205.03,205.32,204.42,204.99,3176285
2016-05-05T06:30:00-07:00,205.56,205.975,204.49,204.55,3472708
2016-05-05T10:30:00-07:00,204.54,205.08,204.47,204.98,2754187
2016-05-06T06:30:00-07:00,204.07,205.17,203.88,204.94,5435416
2016-05-06T10:30:00-07:00,204.94,205.76,204.78,205.7,2974566
2016-05-09T06:30:00-07:00,205.57,206.38,205.36,206.01,3955057
2016-05-09T10:30:00-07:00,206.015,206.39,205.69,205.89,2427060
2016-05-10T06:30:00-07:00,206.72,207.97,206.65,207.77,4038026
2016-05-10T10:30:00-07:00,207.78,208.46,207.76,208.43,2852085
2016-05-11T06:30:00-07:00,207.91,208.33,207.27,207.4,3809636
2016-05-11T10:30:00-07:00,207.39,207.44,206.51,206.56,3248789
2016-05-12T06:30:00-07:00,207.29,207.48,205.37,206.05,5063475
2016-05-12T10:30:00-07:00,206.04,207.17,205.67,206.57,3182429
2016-05-13T06:30:00-07:00,206.21,206.85,205.47,205.5,4281257
2016-05-13T10:30:00-07:00,205.49,205.61,204.38,204.76,4564854
2016-05-16T06:30:00-07:00,204.96,206.75,204.89,206.68,4023420
2016-05-16T10:30:00-07:00,206.675,207.33,206.485,206.79,3396661
2016-05-17T06:30:00-07:00,206.46,206.79,205.65,205.85,4872831
2016-05-17T10:30:00-07:00,205.86,206.01,204.23,204.88,6669170
2016-05-18T06:30:00-07:00,204.44,206.22,204.16,206.1,5300484
2016-05-18T10:30:00-07:00,206.12,206.29,203.63,204.95,7165528
2016-05-19T06:30:00-07:00,204.06,204.54,202.78,203.53,7908591
2016-05-19T10:30:00-07:00,203.55,204.405,203.53,204.22,4143313
2016-05-20T06:30:00-07:00,204.92,206.1,204.87,205.56,5680355
2016-05-20T10:30:00-07:00,205.55,205.8,205.05,205.46,3188603
2016-05-23T06:30:00-07:00,205.5,205.835,205.145,205.56,3159950
2016-05-23T10:30:00-07:00,205.55,205.73,204.99,205.15,2289299
2016-05-24T06:30:00-07:00,206.17,207.96,206.14,207.79,4774501
2016-05-24T10:30:00-07:00,207.79,208.24,207.55,207.85,2899516
2016-05-25T06:30:00-07:00,208.67,209.7,208.62,209.595,4618705
2016-05-25T10:30:00-07:00,209.61,209.77,209.16,209.22,2385178
2016-05-26T06:30:00-07:00,209.44,209.71,208.97,209.32,3226943
2016-05-26T10:30:00-07:00,209.32,209.6,209.24,209.31,1491151
2016-05-27T06:30:00-07:00,209.53,210.1,209.48,209.89,3274656
2016-05-27T10:30:00-07:00,209.88,210.21,209.525,210.21,3025166
2016-05-31T06:30:00-07:00,210.54,210.69,209.63,209.98,4456153
2016-05-31T10:30:00-07:00,209.99,210.27,209.18,209.9,4108092
2016-06-01T06:30:00-07:00,209.12,210.19,208.89,209.98,3894687
2016-06-01T10:30:00-07:00,209.97,210.48,209.69,210.28,2456694
2016-06-02T06:30:00-07:00,209.8,210.32,209.24,210.18,3856962
2016-06-02T10:30:00-07:00,210.18,210.91,210.125,210.9,2529551
2016-06-03T06:30:00-07:00,210.25,210.37,208.86,209.79,5872930
2016-06-03T10:30:00-07:00,209.81,210.68,209.72,210.3,3444649
2016-06-06T06:30:00-07:00,210.7,211.45,210.52,211.18,4324020
2016-06-06T10:30:00-07:00,211.18,211.76,211.105,211.35,2354902
2016-06-07T06:30:00-07:00,211.525,212.33,211.5,212.32,2956476
2016-06-07T10:30:00-07:00,212.31,212.33,211.55,211.67,2706594
2016-06-08T06:30:00-07:00,211.84,212.415,211.695,212.03,3984939
2016-06-08T10:30:00-07:00,212.03,212.51,211.99,212.34,2447104
2016-06-09T06:30:00-07:00,211.51,211.97,211.19,211.915,4428408
2016-06-09T10:30:00-07:00,211.91,212.22,211.53,212.01,2156770
2016-06-10T06:30:00-07:00,210.46,210.85,210.025,210.375,5625714
2016-06-10T10:30:00-07:00,210.36,210.36,209.435,210.06,4253411
2016-06-13T06:30:00-07:00,209.37,210.37,209.06,209.58,6034106
2016-06-13T10:30:00-07:00,209.585,209.585,208.35,208.45,3703527
2016-06-14T06:30:00-07:00,208.01,208.74,206.94,207.35,8329962
2016-06-14T10:30:00-07:00,207.345,208.2,206.92,208.08,4264550
2016-06-15T06:30:00-07:00,208.54,208.95,208.34,208.635,4440469
2016-06-15T10:30:00-07:00,208.63,209.2,207.53,207.74,5167258
2016-06-16T06:30:00-07:00,206.72,207.72,205.59,207.36,7702608
2016-06-16T10:30:00-07:00,207.36,208.565,206.995,208.42,5124855
2016-06-17T06:30:00-07:00,207.17,207.2,205.75,206.46,6631110
2016-06-17T10:30:00-07:00,206.46,207.02,206.35,206.58,3025694
2016-06-20T06:30:00-07:00,208.82,209.6,208.56,208.64,5593744
2016-06-20T10:30:00-07:00,208.63,208.905,207.75,207.87,3278990
2016-06-21T06:30:00-07:00,208.3,208.63,207.79,208.2,4235385
2016-06-21T10:30:00-07:00,208.2,208.91,208.01,208.38,2997119
2016-06-22T06:30:00-07:00,208.66,209.49,208.04,208.32,5589582
2016-06-22T10:30:00-07:00,208.33,208.78,207.93,208.05,3433136
2016-06-23T06:30:00-07:00,209.81,210.31,209.27,210.04,4627292
2016-06-23T10:30:00-07:00,210.04,210.845,209.8,210.83,4201526
2016-06-24T06:30:00-07:00,203.63,206.9,203.39,204.48,21225961
2016-06-24T10:30:00-07:00,204.47,204.93,202.72,203.22,11746121
2016-06-27T06:30:00-07:00,201.59,201.59,198.66,200,14963411
2016-06-27T10:30:00-07:00,199.99,200.06,198.66,199.59,8886961
2016-06-28T06:30:00-07:00,201.48,202.3,201.12,201.55,10045155
2016-06-28T10:30:00-07:00,201.57,203.2,201.35,203.17,6726447
2016-06-29T06:30:00-07:00,204.84,206.425,204.725,206.05,8293756
2016-06-29T10:30:00-07:00,206.05,206.93,206.04,206.67,4891849
2016-06-30T06:30:00-07:00,207.21,208.96,206.57,208.66,8491773
2016-06-30T10:30:00-07:00,208.67,209.53,208.56,209.5,6361262
2016-07-01T06:30:00-07:00,209.36,210.49,209.35,209.69,6109809
2016-07-01T10:30:00-07:00,209.69,210.17,209.52,209.82,3970847
2016-07-05T06:30:00-07:00,208.95,209.07,207.93,208,5806675
2016-07-05T10:30:00-07:00,207.99,208.8,207.715,208.43,3675749
2016-07-06T06:30:00-07:00,207.83,209.44,207.06,209.17,6476573
2016-07-06T10:30:00-07:00,209.17,209.795,208.74,209.75,3517954
2016-07-07T06:30:00-07:00,209.9,210.64,208.96,209.23,5277314
2016-07-07T10:30:00-07:00,209.24,209.62,208.63,209.53,3666199
2016-07-08T06:30:00-07:00,211.05,212.39,210.78,212.37,7374693
2016-07-08T10:30:00-07:00,212.38,212.94,212.33,212.65,4316985
2016-07-11T06:30:00-07:00,213.19,214.065,212.95,213.82,5137718
2016-07-11T10:30:00-07:00,213.82,213.97,213.36,213.4,2263095
2016-07-12T06:30:00-07:00,214.53,215.275,214.25,215.17,6091129
2016-07-12T10:30:00-07:00,215.18,215.3,214.84,214.94,3836653
2016-07-13T06:30:00-07:00,215.44,215.45,214.36,214.68,5606976
2016-07-13T10:30:00-07:00,214.68,215.16,214.6,214.94,2745110
2016-07-14T06:30:00-07:00,216.4,216.66,215.66,215.69,5698762
2016-07-14T10:30:00-07:00,215.69,216.43,215.68,216.07,2813206
2016-07-15T06:30:00-07:00,216.78,216.81,215.31,215.68,4532541
2016-07-15T10:30:00-07:00,215.68,216.09,215.54,215.82,3006607
2016-07-18T06:30:00-07:00,215.96,216.55,215.675,216.29,2816967
2016-07-18T10:30:00-07:00,216.29,216.6,216.275,216.41,1578692
2016-07-19T06:30:00-07:00,215.91,216.22,215.68,215.71,2834650
2016-07-19T10:30:00-07:00,215.71,216.16,215.64,216.15,1546386
2016-07-20T06:30:00-07:00,216.74,217.365,216.25,217.25,2758689
2016-07-20T10:30:00-07:00,217.27,217.36,217.005,217.09,1798363
2016-07-21T06:30:00-07:00,216.96,217.21,216.23,216.44,2896426
2016-07-21T10:30:00-07:00,216.44,216.45,215.75,216.26,2348998
2016-07-22T06:30:00-07:00,216.41,217.1,216.11,217.07,2851861
2016-07-22T10:30:00-07:00,217.08,217.3,216.95,217.24,2362844
2016-07-25T06:30:00-07:00,217,217.06,215.97,216.36,3114245
2016-07-25T10:30:00-07:00,216.37,216.68,216.19,216.66,1733516
2016-07-26T06:30:00-07:00,216.53,217.16,215.76,216.14,4424302
2016-07-26T10:30:00-07:00,216.13,216.75,216.01,216.73,2087790
2016-07-27T06:30:00-07:00,217.19,217.26,215.93,216,3877173
2016-07-27T10:30:00-07:00,216.005,217.01,215.63,216.53,4280110
2016-07-28T06:30:00-07:00,216.29,216.65,215.755,216.415,3330868
2016-07-28T10:30:00-07:00,216.43,217.11,216.31,216.78,2523410
2016-07-29T06:30:00-07:00,216.47,217.54,216.13,217.24,3977581
2016-07-29T10:30:00-07:00,217.25,217.48,216.94,217.13,3377716
2016-08-01T06:30:00-07:00,217.19,217.65,216.41,216.86,4580556
2016-08-01T10:30:00-07:00,216.85,217.07,216.465,216.89,2858034
2016-08-02T06:30:00-07:00,216.65,216.82,214.58,214.88,5911422
2016-08-02T10:30:00-07:00,214.9,215.72,214.63,215.56,3722632
2016-08-03T06:30:00-07:00,215.48,216.04,215.13,215.98,3314724
2016-08-03T10:30:00-07:00,215.98,216.24,215.575,216.21,1942467
2016-08-04T06:30:00-07:00,216.31,216.77,215.83,216.33,3330874
2016-08-04T10:30:00-07:00,216.34,216.5,216.11,216.41,1661423
2016-08-05T06:30:00-07:00,217.21,218.19,217.07,218.02,3592809
2016-08-05T10:30:00-07:00,218.01,218.225,217.9,218.17,2685734
2016-08-08T06:30:00-07:00,218.4,218.52,217.91,218.045,2789941
2016-08-08T10:30:00-07:00,218.06,218.08,217.75,218.03,1828095
2016-08-09T06:30:00-07:00,218.13,218.755,218.03,218.24,2970385
2016-08-09T10:30:00-07:00,218.24,218.29,217.8,218.17,2151335
2016-08-10T06:30:00-07:00,218.31,218.4,217.43,217.65,3172139
2016-08-10T10:30:00-07:00,217.65,217.76,217.23,217.64,2130604
2016-08-11T06:30:00-07:00,218.26,218.83,217.95,218.69,2953010
2016-08-11T10:30:00-07:00,218.7,218.94,218.54,218.65,2377129
2016-08-12T06:30:00-07:00,218.29,218.71,218,218.23,2676195
2016-08-12T10:30:00-07:00,218.22,218.565,218.09,218.45,1849031
2016-08-15T06:30:00-07:00,218.89,219.495,218.88,219.39,2456732
2016-08-15T10:30:00-07:00,219.4,219.46,219.065,219.12,1833223
2016-08-16T06:30:00-07:00,218.59,218.68,218.15,218.26,3073277
2016-08-16T10:30:00-07:00,218.26,218.42,217.97,217.98,2163065
2016-08-17T06:30:00-07:00,218,218.08,217.02,217.74,3797055
2016-08-17T10:30:00-07:00,217.72,218.53,217.38,218.37,3985454
2016-08-18T06:30:00-07:00,218.33,218.86,218.215,218.48,3089397
2016-08-18T10:30:00-07:00,218.5,218.89,218.49,218.87,2256475
2016-08-19T06:30:00-07:00,218.32,218.59,217.75,218.21,3112151
2016-08-19T10:30:00-07:00,218.21,218.75,218.11,218.57,3084625
2016-08-22T06:30:00-07:00,218.26,218.8,217.83,218.18,3161960
2016-08-22T10:30:00-07:00,218.18,218.6,218.09,218.5,2065227
2016-08-23T06:30:00-07:00,219.25,219.6,219.01,219.22,3410493
2016-08-23T10:30:00-07:00,219.22,219.26,218.9,218.94,1684436
2016-08-24T06:30:00-07:00,218.8,218.91,218.29,218.56,2594823
2016-08-24T10:30:00-07:00,218.56,218.595,217.37,217.87,3108339
2016-08-25T06:30:00-07:00,217.4,218.19,217.25,217.93,3879379
2016-08-25T10:30:00-07:00,217.95,217.95,217.23,217.63,2149968
2016-08-26T06:30:00-07:00,217.92,219.12,216.58,217.01,8637906
2016-08-26T10:30:00-07:00,217.02,217.52,216.25,217.25,4954915
2016-08-29T06:30:00-07:00,217.44,218.6,217.41,218.56,3316533
2016-08-29T10:30:00-07:00,218.57,218.66,218.265,218.36,2600293
2016-08-30T06:30:00-07:00,218.26,218.59,217.62,217.86,2712337
2016-08-30T10:30:00-07:00,217.86,217.97,217.35,217.97,2358977
2016-08-31T06:30:00-07:00,217.62,217.75,216.47,216.82,4113321
2016-08-31T10:30:00-07:00,216.82,217.6,216.71,217.38,4201938
2016-09-01T06:30:00-07:00,217.37,217.73,216.04,217.215,6358147
2016-09-01T10:30:00-07:00,217.22,217.42,216.75,217.41,3068181
2016-09-02T06:30:00-07:00,218.39,218.87,217.8,218.05,4924285
2016-09-02T10:30:00-07:00,218.05,218.45,217.71,218.37,2961891
2016-09-06T06:30:00-07:00,218.69,218.87,217.86,218.62,3582815
2016-09-06T10:30:00-07:00,218.62,219.09,218.58,219.07,2036712
2016-09-07T06:30:00-07:00,218.84,219.21,218.3,218.67,3338349
2016-09-07T10:30:00-07:00,218.67,219.07,218.635,219.07,1957023
2016-09-08T06:30:00-07:00,218.62,218.94,218.16,218.435,4422398
2016-09-08T10:30:00-07:00,218.45,218.73,218.215,218.53,2498783
2016-09-09T06:30:00-07:00,216.97,217.02,214.79,215.02,10015630
2016-09-09T10:30:00-07:00,215.02,215.03,213.26,213.29,11349276
2016-09-12T06:30:00-07:00,212.39,215.58,212.31,214.46,9452818
2016-09-12T10:30:00-07:00,214.5,216.81,214.3,216.34,7365211
2016-09-13T06:30:00-07:00,214.84,215.14,212.51,213.85,9972961
2016-09-13T10:30:00-07:00,213.855,214.18,212.63,213.23,7226820
2016-09-14T06:30:00-07:00,213.29,214.7,213.005,213.83,6622278
2016-09-14T10:30:00-07:00,213.83,213.98,212.51,213.14,6240192
2016-09-15T06:30:00-07:00,212.96,215.075,212.76,214.7,7727622
2016-09-15T10:30:00-07:00,214.72,215.73,214.7,215.29,4707927
2016-09-16T06:30:00-07:00,213.48,213.52,212.62,212.96,6605959
2016-09-16T10:30:00-07:00,212.96,213.69,212.58,213.34,4516178
2016-09-19T06:30:00-07:00,214.13,214.87,213.545,213.63,3158423
2016-09-19T10:30:00-07:00,213.62,214.14,213.04,213.39,3052594
2016-09-20T06:30:00-07:00,214.41,214.59,213.39,213.65,3421317
2016-09-20T10:30:00-07:00,213.67,214.13,213.4,213.43,1570791
2016-09-21T06:30:00-07:00,214.23,214.7,213.44,213.7,3507252
2016-09-21T10:30:00-07:00,213.7,216.03,213.6,215.79,6112873
2016-09-22T06:30:00-07:00,217,217.53,216.85,217.245,3768986
2016-09-22T10:30:00-07:00,217.245,217.49,216.715,217.15,2877788
2016-09-23T06:30:00-07:00,216.72,216.88,216.24,216.36,2471389
2016-09-23T10:30:00-07:00,216.38,216.57,215.89,215.98,3520763
2016-09-26T06:30:00-07:00,215.05,215.23,214.26,214.28,3960823
2016-09-26T10:30:00-07:00,214.28,214.52,214.01,214.21,2846430
2016-09-27T06:30:00-07:00,214.05,215.59,213.62,215.55,4633899
2016-09-27T10:30:00-07:00,215.55,215.67,215.18,215.55,2106037
2016-09-28T06:30:00-07:00,215.83,216,214.73,215.35,3847428
2016-09-28T10:30:00-07:00,215.37,216.82,215.37,216.68,3511205
2016-09-29T06:30:00-07:00,216.42,216.87,214.41,214.99,6555507
2016-09-29T10:30:00-07:00,215,215.69,214.05,214.69,7010284
2016-09-30T06:30:00-07:00,215.65,216.74,215.36,216.37,5150996
2016-09-30T10:30:00-07:00,216.375,217.11,216.29,216.35,4149661
2016-10-03T06:30:00-07:00,215.82,216.03,215.04,215.43,3591434
2016-10-03T10:30:00-07:00,215.425,215.935,215.24,215.68,2214267
2016-10-04T06:30:00-07:00,215.91,216.17,214.25,214.47,6616802
2016-10-04T10:30:00-07:00,214.48,214.92,213.99,214.72,3619215
2016-10-05T06:30:00-07:00,215.41,216.03,215.34,215.8,4025378
2016-10-05T10:30:00-07:00,215.81,216.13,215.565,215.65,2162715
2016-10-06T06:30:00-07:00,215.37,216.04,214.74,215.81,3265850
2016-10-06T10:30:00-07:00,215.8,215.965,215.64,215.83,1457005
2016-10-07T06:30:00-07:00,216.1,216.29,214.2,214.95,5543448
2016-10-07T10:30:00-07:00,214.94,215.49,214.93,215.06,2661573
2016-10-10T06:30:00-07:00,216.155,216.695,216.075,216.35,2283826
2016-10-10T10:30:00-07:00,216.36,216.425,215.99,216.1,1177131
2016-10-11T06:30:00-07:00,215.66,215.74,213.3,213.59,6173836
2016-10-11T10:30:00-07:00,213.59,213.65,212.58,213.45,4713349
2016-10-12T06:30:00-07:00,213.6,214.095,213.01,213.95,3439676
2016-10-12T10:30:00-07:00,213.95,214.32,213.5,213.72,2416988
2016-10-13T06:30:00-07:00,212.16,212.91,211.21,212.68,5608654
2016-10-13T10:30:00-07:00,212.68,213.59,212.54,213.03,2514180
2016-10-14T06:30:00-07:00,214.15,214.69,213.05,213.66,4417205
2016-10-14T10:30:00-07:00,213.65,214.06,213.03,213.09,2898643
2016-10-17T06:30:00-07:00,213.08,213.38,212.34,212.425,2983177
2016-10-17T10:30:00-07:00,212.42,212.69,212.17,212.4,2226906
2016-10-18T06:30:00-07:00,214.24,214.29,213.27,214.01,3521503
2016-10-18T10:30:00-07:00,214.01,214.175,213.67,213.69,1936058
2016-10-19T06:30:00-07:00,214.03,214.56,213.61,214.52,3024902
2016-10-19T10:30:00-07:00,214.52,214.63,214.19,214.24,1561165
2016-10-20T06:30:00-07:00,213.87,214.53,213.12,214.18,4389917
2016-10-20T10:30:00-07:00,214.18,214.25,213.64,213.89,2125316
2016-10-21T06:30:00-07:00,212.95,213.77,212.77,213.51,2576688
2016-10-21T10:30:00-07:00,213.51,214.07,213.36,213.935,1739436
2016-10-24T06:30:00-07:00,214.99,215.31,214.48,214.77,2483411
2016-10-24T10:30:00-07:00,214.77,215.04,214.67,214.85,1586488
2016-10-25T06:30:00-07:00,214.68,214.98,213.985,214.28,3263524
2016-10-25T10:30:00-07:00,214.31,214.505,214.03,214.18,1710778
2016-10-26T06:30:00-07:00,213.21,214.41,212.93,213.82,4125193
2016-10-26T10:30:00-07:00,213.82,213.98,213.15,213.75,2039908
2016-10-27T06:30:00-07:00,214.58,214.62,213.1,213.69,3308057
2016-10-27T10:30:00-07:00,213.69,213.9,213.085,213.18,1686228
2016-10-28T06:30:00-07:00,213.14,213.92,212.4,212.71,4859406
2016-10-28T10:30:00-07:00,212.71,213.17,211.72,212.51,6011061
2016-10-31T06:30:00-07:00,212.93,213.19,212.43,212.78,2609858
2016-10-31T10:30:00-07:00,212.77,212.89,212.37,212.51,2148282
2016-11-01T06:30:00-07:00,212.92,212.99,210.64,210.89,4378351
2016-11-01T10:30:00-07:00,210.895,211.2,209.6,211.01,5976352
2016-11-02T06:30:00-07:00,210.68,211.1,209.69,209.91,4241332
2016-11-02T10:30:00-07:00,209.89,210.43,209.23,209.7,4110537
2016-11-03T06:30:00-07:00,209.99,210.24,209.04,209.39,4320676
2016-11-03T10:30:00-07:00,209.38,209.485,208.46,208.84,3095226
2016-11-04T06:30:00-07:00,208.92,209.88,208.38,209.63,4092902
2016-11-04T10:30:00-07:00,209.62,209.85,208.41,208.51,3101491
2016-11-07T06:30:00-08:00,211.45,212.9,211.31,212.73,4699914
2016-11-07T10:30:00-08:00,212.73,213.19,212.39,213.1,3711496
2016-11-08T06:30:00-08:00,212.7,214.77,212.39,214.33,5830224
2016-11-08T10:30:00-08:00,214.33,214.57,213.575,214.07,4884728
2016-11-09T06:30:00-08:00,212.37,216.44,212.34,215.4,15772248
2016-11-09T10:30:00-08:00,215.4,217.1,215.32,216.41,6161087
2016-11-10T06:30:00-08:00,217.31,218.3,215.22,217.21,14211029
2016-11-10T10:30:00-08:00,217.22,217.96,216.68,216.85,4311403
2016-11-11T06:30:00-08:00,216.1,216.62,215.32,216.45,5303001
2016-11-11T10:30:00-08:00,216.45,216.695,215.79,216.46,3022466
2016-11-14T06:30:00-08:00,217.03,217.27,215.725,216.37,5456657
2016-11-14T10:30:00-08:00,216.39,216.88,216.12,216.54,2675550
2016-11-15T06:30:00-08:00,217.04,217.46,216.81,217.17,3491377
2016-11-15T10:30:00-08:00,217.16,218.275,217.155,218.25,3599285
2016-11-16T06:30:00-08:00,217.57,218.135,217.425,217.61,3253006
2016-11-16T10:30:00-08:00,217.61,218.07,217.57,217.93,1455328
2016-11-17T06:30:00-08:00,218.04,219.06,217.93,218.86,3118469
2016-11-17T10:30:00-08:00,218.86,218.97,218.55,218.95,2013862
2016-11-18T06:30:00-08:00,219.06,219.26,218.3,218.63,2861225
2016-11-18T10:30:00-08:00,218.63,218.79,218.29,218.51,1930318
2016-11-21T06:30:00-08:00,219.17,220.04,219.01,219.93,2982937
2016-11-21T10:30:00-08:00,219.94,220.18,219.77,220.11,2344201
2016-11-22T06:30:00-08:00,220.51,220.64,219.73,220.17,2972173
2016-11-22T10:30:00-08:00,220.16,220.785,220.05,220.53,2144963
2016-11-23T06:30:00-08:00,219.98,220.605,219.75,220.42,2506577
2016-11-23T10:30:00-08:00,220.42,220.755,220.35,220.73,1537220
2016-11-25T06:30:00-08:00,221.1,221.69,221.02,221.61,2258678
2016-11-25T10:30:00-08:00,221.54,221.54,221.54,221.54,300
2016-11-28T06:30:00-08:00,221.16,221.48,220.665,221.08,2998795
2016-11-28T10:30:00-08:00,221.08,221.22,220.37,220.54,2517513
2016-11-29T06:30:00-08:00,220.54,221.31,220.17,221.18,2764667
2016-11-29T10:30:00-08:00,221.19,221.43,220.65,220.88,1669043
2016-11-30T06:30:00-08:00,221.63,221.81,220.89,221.19,3331407
2016-11-30T10:30:00-08:00,221.185,221.3,220.31,220.33,3334309
2016-12-01T06:30:00-08:00,220.71,220.71,219.29,219.42,4410327
2016-12-01T10:30:00-08:00,219.42,219.73,219.155,219.52,2392143
2016-12-02T06:30:00-08:00,219.67,220.25,219.32,219.33,3693944
2016-12-02T10:30:00-08:00,219.33,219.86,219.26,219.67,2084777
2016-12-05T06:30:00-08:00,220.65,221.4,220.42,220.895,2786005
2016-12-05T10:30:00-08:00,220.89,220.97,220.5,220.93,2275160
2016-12-06T06:30:00-08:00,221.21,221.43,220.67,221.285,2326815
2016-12-06T10:30:00-08:00,221.29,221.74,221.2,221.69,2074118
2016-12-07T06:30:00-08:00,221.52,223.46,221.38,223.24,3165011
2016-12-07T10:30:00-08:00,223.24,224.67,223.2,224.57,4957310
2016-12-08T06:30:00-08:00,224.57,225.59,224.26,225.31,3967479
2016-12-08T10:30:00-08:00,225.29,225.69,224.78,225.14,3344655
2016-12-09T06:30:00-08:00,225.41,226.015,225.37,225.83,3426911
2016-12-09T10:30:00-08:00,225.84,226.495,225.8,226.49,2773483
2016-12-12T06:30:00-08:00,226.4,226.95,225.77,226.08,4003719
2016-12-12T10:30:00-08:00,226.085,226.28,225.86,226.22,2549385
2016-12-13T06:30:00-08:00,227.02,228.31,227,228.31,4163556
2016-12-13T10:30:00-08:00,228.3,228.33,227.62,227.72,2503252
2016-12-14T06:30:00-08:00,227.41,227.81,227.06,227.74,2537442
2016-12-14T10:30:00-08:00,227.74,228.22,225.37,225.92,8320483
2016-12-15T06:30:00-08:00,226.15,227.805,226.01,227.23,4272500
2016-12-15T10:30:00-08:00,227.28,227.34,226.35,226.76,3618324
2016-12-16T06:30:00-08:00,226.01,226.08,224.73,224.81,4240289
2016-12-16T10:30:00-08:00,224.8,225.195,224.68,225.08,3348248
2016-12-19T06:30:00-08:00,225.26,226.01,225.08,225.65,3071008
2016-12-19T10:30:00-08:00,225.65,225.895,225.11,225.5,2059199
2016-12-20T06:30:00-08:00,226.16,226.57,225.98,226.345,2352187
2016-12-20T10:30:00-08:00,226.345,226.39,225.88,226.37,1820374
2016-12-21T06:30:00-08:00,226.25,226.45,225.975,226.11,2051242
2016-12-21T10:30:00-08:00,226.11,226.22,225.78,225.81,1304993
2016-12-22T06:30:00-08:00,225.6,225.73,224.93,225.195,2233004
2016-12-22T10:30:00-08:00,225.19,225.54,225.06,225.43,1481647
2016-12-23T06:30:00-08:00,225.44,225.615,225.22,225.415,1179690
2016-12-23T10:30:00-08:00,225.42,225.715,225.405,225.68,1155589
2016-12-27T06:30:00-08:00,226.02,226.72,226.02,226.4,1686895
2016-12-27T10:30:00-08:00,226.4,226.52,226.14,226.24,1429306
2016-12-28T06:30:00-08:00,226.56,226.57,224.58,224.79,2336096
2016-12-28T10:30:00-08:00,224.78,224.83,224.28,224.43,1705503
2016-12-29T06:30:00-08:00,224.48,224.88,223.84,224.15,1926291
2016-12-29T10:30:00-08:00,224.135,224.48,223.97,224.36,1332009
2016-12-30T06:30:00-08:00,224.74,224.82,223.41,223.67,3463057
2016-12-30T10:30:00-08:00,223.675,223.745,222.73,223.54,6151140
2017-01-03T06:30:00-08:00,225.07,225.83,223.89,224.31,4062836
2017-01-03T10:30:00-08:00,224.3,225.19,223.96,225.19,2456677
2017-01-04T06:30:00-08:00,225.62,226.495,225.61,226.36,2804948
2017-01-04T10:30:00-08:00,226.36,226.75,226.29,226.52,2356342
2017-01-05T06:30:00-08:00,226.27,226.58,225.49,226.015,3065602
2017-01-05T10:30:00-08:00,226.01,226.48,225.93,226.36,1278287
2017-01-06T06:30:00-08:00,226.51,227.73,225.91,227.38,2764668
2017-01-06T10:30:00-08:00,227.37,227.75,227.18,227.24,2412121
2017-01-09T06:30:00-08:00,226.9,227.07,226.42,226.75,2079720
2017-01-09T10:30:00-08:00,226.745,226.815,226.44,226.49,1199896
2017-01-10T06:30:00-08:00,226.48,227.44,226.01,227.14,2007726
2017-01-10T10:30:00-08:00,227.14,227.16,226.37,226.43,1426252
2017-01-11T06:30:00-08:00,226.36,227.02,225.59,225.72,4031373
2017-01-11T10:30:00-08:00,225.7,227.07,225.64,227.07,1994376
2017-01-12T06:30:00-08:00,226.51,226.58,224.96,226.08,4530427
2017-01-12T10:30:00-08:00,226.07,226.75,226.05,226.57,1711473
2017-01-13T06:30:00-08:00,226.78,227.4,226.78,227.09,2367158
2017-01-13T10:30:00-08:00,227.1,227.2,226.69,227.03,1585545
2017-01-17T06:30:00-08:00,226.31,226.78,226.08,226.65,2220955
2017-01-17T10:30:00-08:00,226.66,226.71,225.805,226.29,1905594
2017-01-18T06:30:00-08:00,226.53,226.65,225.91,226.28,2588050
2017-01-18T10:30:00-08:00,226.31,226.79,226.28,226.74,1637627
2017-01-19T06:30:00-08:00,226.84,227,226.06,226.15,2389788
2017-01-19T10:30:00-08:00,226.16,226.31,225.41,225.96,2437844
2017-01-20T06:30:00-08:00,226.7,227.31,226.05,226.625,4930666
2017-01-20T10:30:00-08:00,226.62,226.73,226.11,226.69,2298526
2017-01-23T06:30:00-08:00,226.35,226.8,225.27,225.735,3444443
2017-01-23T10:30:00-08:00,225.74,226.33,225.7,226.18,1910480
2017-01-24T06:30:00-08:00,226.39,227.53,226.28,227.48,2142627
2017-01-24T10:30:00-08:00,227.48,228.07,227.48,227.58,3045408
2017-01-25T06:30:00-08:00,228.7,229.33,228.51,229.23,3410291
2017-01-25T10:30:00-08:00,229.24,229.57,229.09,229.49,3017696
2017-01-26T06:30:00-08:00,229.4,229.71,229.02,229.18,2276044
2017-01-26T10:30:00-08:00,229.17,229.51,229.09,229.3,1745464
2017-01-27T06:30:00-08:00,229.43,229.59,228.79,228.99,2286836
2017-01-27T10:30:00-08:00,228.99,229.06,228.76,229,1277870
2017-01-30T06:30:00-08:00,228.14,228.2,226.42,226.97,4208903
2017-01-30T10:30:00-08:00,226.96,227.76,226.715,227.62,2539497
2017-01-31T06:30:00-08:00,226.98,227.3,226.33,226.82,3398749
2017-01-31T10:30:00-08:00,226.84,227.59,226.43,227.56,2731626
2017-02-01T06:30:00-08:00,228.255,228.58,226.94,227.37,3258987
2017-02-01T10:30:00-08:00,227.375,227.89,227.03,227.64,3217877
2017-02-02T06:30:00-08:00,227.2,228.1,226.82,227.43,3296966
2017-02-02T10:30:00-08:00,227.425,227.875,227.19,227.77,2098300
2017-02-03T06:30:00-08:00,228.82,229.51,228.47,229.32,4224444
2017-02-03T10:30:00-08:00,229.32,229.55,229.19,229.37,2479955
2017-02-06T06:30:00-08:00,228.87,229.32,228.55,228.71,2644309
2017-02-06T10:30:00-08:00,228.7,228.96,228.545,228.96,1320985
2017-02-07T06:30:00-08:00,229.38,229.65,228.73,228.95,2864055
2017-02-07T10:30:00-08:00,228.94,229.17,228.795,228.97,1148975
2017-02-08T06:30:00-08:00,228.61,229.24,228.31,229.12,2716279
2017-02-08T10:30:00-08:00,229.13,229.39,229.06,229.26,1309213
2017-02-09T06:30:00-08:00,229.56,230.785,229.53,230.69,2788042
2017-02-09T10:30:00-08:00,230.68,230.95,230.54,230.58,1552484
2017-02-10T06:30:00-08:00,231.02,231.65,230.89,231.54,2871096
2017-02-10T10:30:00-08:00,231.535,231.77,231.385,231.47,1921565
2017-02-13T06:30:00-08:00,232.09,233,232.05,232.975,2777945
2017-02-13T10:30:00-08:00,232.985,233.07,232.63,232.73,1864141
2017-02-14T06:30:00-08:00,232.56,233.43,232.16,233.37,2941263
2017-02-14T10:30:00-08:00,233.38,233.71,233.27,233.7,2378758
2017-02-15T06:30:00-08:00,233.44,234.46,233.39,234.37,3610299
2017-02-15T10:30:00-08:00,234.38,235.13,234.3,234.87,3396377
2017-02-16T06:30:00-08:00,234.96,235.15,233.86,234.33,4613132
2017-02-16T10:30:00-08:00,234.335,234.74,234.09,234.74,2281562
2017-02-17T06:30:00-08:00,233.97,234.48,233.94,234.35,2712552
2017-02-17T10:30:00-08:00,234.35,235.06,234.335,235.05,2105994
2017-02-21T06:30:00-08:00,235.54,236.64,235.51,236.19,3230632
2017-02-21T10:30:00-08:00,236.18,236.68,235.955,236.44,2249041
2017-02-22T06:30:00-08:00,236.02,236.54,235.83,236.42,2287508
2017-02-22T10:30:00-08:00,236.42,236.48,235.975,236.3,1842770
2017-02-23T06:30:00-08:00,236.88,236.89,235.57,236.24,4187312
2017-02-23T10:30:00-08:00,236.24,236.71,236.21,236.45,2051168
2017-02-24T06:30:00-08:00,235.46,236.24,235.41,235.875,3523841
2017-02-24T10:30:00-08:00,235.88,236.79,235.84,236.78,2718733
2017-02-27T06:30:00-08:00,236.64,237.08,236.35,236.96,2682883
2017-02-27T10:30:00-08:00,236.97,237.305,236.935,237.13,1623212
2017-02-28T06:30:00-08:00,236.67,236.94,236.015,236.44,2661475
2017-02-28T10:30:00-08:00,236.435,236.69,236.17,236.52,3579406
2017-03-01T06:30:00-08:00,238.39,240.105,238.38,239.82,4760782
2017-03-01T10:30:00-08:00,239.83,240.31,239.685,239.745,3298256
2017-03-02T06:30:00-08:00,239.56,239.56,238.56,238.93,3115020
2017-03-02T10:30:00-08:00,238.925,239.08,238.21,238.33,2616509
2017-03-03T06:30:00-08:00,238.17,238.46,237.735,238.09,2885881
2017-03-03T10:30:00-08:00,238.1,238.6,238.01,238.48,1898915
2017-03-06T06:30:00-08:00,237.5,237.92,237.01,237.86,2188430
2017-03-06T10:30:00-08:00,237.85,238.12,237.71,237.76,1624880
2017-03-07T06:30:00-08:00,237.36,237.77,236.925,237.39,2364038
2017-03-07T10:30:00-08:00,237.39,237.45,236.77,237.05,2024879
2017-03-08T06:30:00-08:00,237.34,237.63,236.88,237.37,2683814
2017-03-08T10:30:00-08:00,237.37,237.47,236.41,236.59,2988969
2017-03-09T06:30:00-08:00,236.7,237.24,236.48,236.72,2654341
2017-03-09T10:30:00-08:00,236.72,236.96,235.74,236.82,3264190
2017-03-10T06:30:00-08:00,237.97,238.02,236.59,236.9,4054913
2017-03-10T10:30:00-08:00,236.91,237.68,236.74,237.65,2429203
2017-03-13T06:30:00-07:00,237.61,237.85,237.25,237.46,2614520
2017-03-13T10:30:00-07:00,237.47,237.845,237.33,237.76,1824320
2017-03-14T06:30:00-07:00,237.2,237.23,236.19,236.83,3289007
2017-03-14T10:30:00-07:00,236.82,237.02,236.6,236.93,1319577
2017-03-15T06:30:00-07:00,237.59,238.15,237.29,237.85,2187676
2017-03-15T10:30:00-07:00,237.85,239.43,237.75,238.88,5238869
2017-03-16T06:30:00-07:00,239.11,239.19,238.135,238.42,3556036
2017-03-16T10:30:00-07:00,238.42,238.715,238.1,238.52,2133676
2017-03-17T06:30:00-07:00,237.75,237.79,237.14,237.68,2228908
2017-03-17T10:30:00-07:00,237.68,237.965,237.07,237.07,2227531
2017-03-20T06:30:00-07:00,237.03,237.36,236.705,236.98,2454497
2017-03-20T10:30:00-07:00,236.99,237.04,236.33,236.74,1725632
2017-03-21T06:30:00-07:00,237.47,237.61,234.15,234.55,7394198
2017-03-21T10:30:00-07:00,234.56,234.71,233.585,233.78,4971260
2017-03-22T06:30:00-07:00,233.77,234.55,233.05,233.95,6070589
2017-03-22T10:30:00-07:00,233.97,234.6,233.65,234.27,2602288
2017-03-23T06:30:00-07:00,234,235.33,233.73,234.32,4564937
2017-03-23T10:30:00-07:00,234.31,234.95,233.6,234.01,3972296
2017-03-24T06:30:00-07:00,234.38,235.035,234.14,234.475,3337137
2017-03-24T10:30:00-07:00,234.47,234.5,232.96,233.9,6161694
2017-03-27T06:30:00-07:00,231.93,233.81,231.61,233.52,4249015
2017-03-27T10:30:00-07:00,233.53,233.91,233.03,233.57,2125543
2017-03-28T06:30:00-07:00,233.27,235.07,233.14,235.03,3469992
2017-03-28T10:30:00-07:00,235.03,235.81,234.93,235.27,3140901
2017-03-29T06:30:00-07:00,234.99,235.71,234.73,235.465,2962725
2017-03-29T10:30:00-07:00,235.48,235.805,235.43,235.59,1840654
2017-03-30T06:30:00-07:00,235.47,236.515,235.28,236.17,2177233
2017-03-30T10:30:00-07:00,236.18,236.47,236.09,236.27,1908012
2017-03-31T06:30:00-07:00,235.9,236.45,235.72,236.45,2472587
2017-03-31T10:30:00-07:00,236.46,236.505,235.69,235.71,2832758
2017-04-03T06:30:00-07:00,235.8,236.03,233.92,234.76,4174853
2017-04-03T10:30:00-07:00,234.755,235.52,234.46,235.37,1746326
2017-04-04T06:30:00-07:00,234.95,235.5,234.56,235.16,2758635
2017-04-04T10:30:00-07:00,235.17,235.57,235.12,235.51,1717004
2017-04-05T06:30:00-07:00,236.27,237.39,236.175,237.21,3876583
2017-04-05T10:30:00-07:00,237.22,237.35,234.55,234.76,5532413
2017-04-06T06:30:00-07:00,234.94,235.94,234.43,235.85,2784650
2017-04-06T10:30:00-07:00,235.84,236.04,234.89,235.39,2380022
2017-04-07T06:30:00-07:00,235.15,235.81,234.64,235.77,3165020
2017-04-07T10:30:00-07:00,235.77,236,235.11,235.17,2090142
2017-04-10T06:30:00-07:00,235.36,236.25,234.75,235.68,2452433
2017-04-10T10:30:00-07:00,235.69,235.965,235.14,235.33,1800262
2017-04-11T06:30:00-07:00,234.89,235.18,233.34,234.7,4757366
2017-04-11T10:30:00-07:00,234.7,235.05,234.24,235.04,2024834
2017-04-12T06:30:00-07:00,234.74,234.95,233.77,234.09,3089324
2017-04-12T10:30:00-07:00,234.08,234.66,233.87,234.1,3379286
2017-04-13T06:30:00-07:00,233.63,234.49,233.14,233.44,3496277
2017-04-13T10:30:00-07:00,233.45,233.62,232.55,232.55,3445631
2017-04-17T06:30:00-07:00,233.11,233.97,232.88,233.905,2318005
2017-04-17T10:30:00-07:00,233.9,234.57,233.75,234.57,2295154
2017-04-18T06:30:00-07:00,233.715,234.48,233.08,233.67,3307003
2017-04-18T10:30:00-07:00,233.67,234.14,233.59,233.86,1836317
2017-04-19T06:30:00-07:00,234.54,234.95,233.89,234.095,2905430
2017-04-19T10:30:00-07:00,234.095,234.17,233.18,233.47,3065055
2017-04-20T06:30:00-07:00,234.15,235.435,233.78,235.35,3659536
2017-04-20T10:30:00-07:00,235.36,235.845,235.28,235.3,3192799
2017-04-21T06:30:00-07:00,235.25,235.31,234.13,234.39,3451083
2017-04-21T10:30:00-07:00,234.39,234.995,234.28,234.59,2953202
2017-04-24T06:30:00-07:00,237.18,237.28,236.61,237.09,5149939
2017-04-24T10:30:00-07:00,237.09,237.41,236.96,237.12,3080013
2017-04-25T06:30:00-07:00,237.91,238.75,237.81,238.59,4282825
2017-04-25T10:30:00-07:00,238.59,238.95,238.52,238.53,3035293
2017-04-26T06:30:00-07:00,238.51,239.53,238.5,239.2,3815190
2017-04-26T10:30:00-07:00,239.21,239.5,238.35,238.44,3011340
2017-04-27T06:30:00-07:00,238.77,238.95,237.98,238.795,3394783
2017-04-27T10:30:00-07:00,238.79,238.825,238.41,238.61,1482426
2017-04-28T06:30:00-07:00,238.9,238.93,238.03,238.195,2460837
2017-04-28T10:30:00-07:00,238.17,238.25,237.93,238.11,2090040
2017-05-01T06:30:00-07:00,238.69,238.87,238.2,238.72,2574766
2017-05-01T10:30:00-07:00,238.73,239.17,238.61,238.65,1819513
2017-05-02T06:30:00-07:00,238.84,238.975,238.3,238.76,2577845
2017-05-02T10:30:00-07:00,238.77,238.81,238.38,238.79,2020928
2017-05-03T06:30:00-07:00,238.32,238.49,237.71,238.11,3751112
2017-05-03T10:30:00-07:00,238.1,238.73,238.045,238.52,2666554
2017-05-04T06:30:00-07:00,238.83,238.92,237.785,238.4,3540371
2017-05-04T10:30:00-07:00,238.4,238.79,238.21,238.74,2060951
2017-05-05T06:30:00-07:00,239.19,239.31,238.69,238.98,2713220
2017-05-05T10:30:00-07:00,238.99,239.71,238.955,239.71,2734135
2017-05-08T06:30:00-07:00,239.76,239.92,239.175,239.62,2728523
2017-05-08T10:30:00-07:00,239.61,239.705,239.395,239.67,1284461
2017-05-09T06:30:00-07:00,239.96,240.18,239.4,239.42,3019363
2017-05-09T10:30:00-07:00,239.43,239.73,239.05,239.46,2531810
2017-05-10T06:30:00-07:00,239.38,239.85,239.155,239.76,2682999
2017-05-10T10:30:00-07:00,239.76,239.87,239.57,239.86,1469781
2017-05-11T06:30:00-07:00,239.35,239.45,238.135,239.01,3886179
2017-05-11T10:30:00-07:00,239,239.57,239,239.42,1814503
2017-05-12T06:30:00-07:00,239.09,239.21,238.67,238.85,2376489
2017-05-12T10:30:00-07:00,238.85,239.07,238.75,239.03,2032600
2017-05-15T06:30:00-07:00,239.47,240.44,239.45,240.26,2573009
2017-05-15T10:30:00-07:00,240.26,240.33,239.935,240.25,2504668
2017-05-16T06:30:00-07:00,240.63,240.67,239.63,240.04,3235730
2017-05-16T10:30:00-07:00,240.05,240.18,239.83,240.1,1745124
2017-05-17T06:30:00-07:00,238.1,238.64,236.91,237.31,7513227
2017-05-17T10:30:00-07:00,237.33,237.37,235.75,235.85,7006550
2017-05-18T06:30:00-07:00,235.73,237.01,235.44,236.21,5346174
2017-05-18T10:30:00-07:00,236.21,237.75,236.11,236.75,4602484
2017-05-19T06:30:00-07:00,237.33,238.94,237.28,238.74,3623573
2017-05-19T10:30:00-07:00,238.745,239.07,238.1,238.3,3254538
2017-05-22T06:30:00-07:00,238.9,239.62,238.82,239.48,2017680
2017-05-22T10:30:00-07:00,239.49,239.71,239.275,239.53,1433811
2017-05-23T06:30:00-07:00,239.95,240.24,239.52,240.05,2011905
2017-05-23T10:30:00-07:00,240.05,240.205,239.85,240.02,1527806
2017-05-24T06:30:00-07:00,240.32,240.35,240.03,240.1,1472644
2017-05-24T10:30:00-07:00,240.1,240.73,239.94,240.59,2472520
2017-05-25T06:30:00-07:00,241.21,241.95,240.97,241.715,3008414
2017-05-25T10:30:00-07:00,241.69,242.08,241.57,241.71,1724189
2017-05-26T06:30:00-07:00,241.55,241.9,241.45,241.7,1817868
2017-05-26T10:30:00-07:00,241.73,241.83,241.635,241.74,1412666
2017-05-30T06:30:00-07:00,241.34,241.79,241.16,241.62,2142506
2017-05-30T10:30:00-07:00,241.615,241.775,241.52,241.52,1087209
2017-05-31T06:30:00-07:00,241.84,241.88,240.64,241.05,2873964
2017-05-31T10:30:00-07:00,241.03,241.52,240.77,241.42,2751376
2017-06-01T06:30:00-07:00,241.965,242.93,241.65,242.92,3392877
2017-06-01T10:30:00-07:00,242.91,243.33,242.72,243.32,2192991
2017-06-02T06:30:00-07:00,243.42,244.09,243.09,244.065,3120648
2017-06-02T10:30:00-07:00,244.065,244.35,243.93,244.13,2673408
2017-06-05T06:30:00-07:00,243.98,244.3,243.76,244.22,1697866
2017-06-05T10:30:00-07:00,244.22,244.22,243.91,243.96,986645
2017-06-06T06:30:00-07:00,243.3,243.82,243.125,243.5,1705846
2017-06-06T10:30:00-07:00,243.5,243.97,243.17,243.25,1694746
2017-06-07T06:30:00-07:00,243.6,243.85,242.83,243.3,2019629
2017-06-07T10:30:00-07:00,243.28,243.91,243.2,243.66,2015959
2017-06-08T06:30:00-07:00,243.77,244.33,243.17,243.72,2698507
2017-06-08T10:30:00-07:00,243.715,244.01,243.19,243.76,2421336
2017-06-09T06:30:00-07:00,244.09,245.01,243.76,244.05,3712732
2017-06-09T10:30:00-07:00,244.05,244.05,241.95,243.45,6986817
2017-06-12T06:30:00-07:00,243.13,243.42,242.38,242.85,4793666
2017-06-12T10:30:00-07:00,242.86,243.38,242.49,243.34,1766927
2017-06-13T06:30:00-07:00,243.98,244.44,243.58,244.41,2375228
2017-06-13T10:30:00-07:00,244.42,244.6,244.15,244.52,1962049
2017-06-14T06:30:00-07:00,244.86,244.86,243.97,244.33,2625775
2017-06-14T10:30:00-07:00,244.33,244.78,243.29,244.26,4118035
2017-06-15T06:30:00-07:00,242.68,243.62,242.37,243.33,3524253
2017-06-15T10:30:00-07:00,243.33,243.905,243.21,243.79,2031370
2017-06-16T06:30:00-07:00,242.77,242.8,241.64,242.24,2760948
2017-06-16T10:30:00-07:00,242.23,242.68,242.13,242.63,2107016
2017-06-19T06:30:00-07:00,243.6,244.58,243.49,244.51,2371762
2017-06-19T10:30:00-07:00,244.51,244.725,244.15,244.64,1989679
2017-06-20T06:30:00-07:00,244.25,244.26,243.35,243.68,2223108
2017-06-20T10:30:00-07:00,243.685,243.8,242.99,243.04,1938072
2017-06-21T06:30:00-07:00,243.42,243.59,242.64,242.76,2881879
2017-06-21T10:30:00-07:00,242.77,243.06,242.42,242.95,1900970
2017-06-22T06:30:00-07:00,242.96,243.53,242.65,243.42,2114511
2017-06-22T10:30:00-07:00,243.43,243.47,242.8,242.82,1484803
2017-06-23T06:30:00-07:00,242.92,243.48,242.47,243.33,1695489
2017-06-23T10:30:00-07:00,243.34,243.51,242.71,243.16,3486821
2017-06-26T06:30:00-07:00,243.9,244.38,243.05,243.615,2745364
2017-06-26T10:30:00-07:00,243.6,243.7,243.17,243.27,1399826
2017-06-27T06:30:00-07:00,243.035,243.38,242.51,242.665,2555637
2017-06-27T10:30:00-07:00,242.665,242.71,241.31,241.36,5081625
2017-06-28T06:30:00-07:00,242.5,243.645,242.24,243.63,3667378
2017-06-28T10:30:00-07:00,243.65,243.71,243.34,243.46,1990280
2017-06-29T06:30:00-07:00,243.67,243.71,239.96,240.12,6304251
2017-06-29T10:30:00-07:00,240.12,241.98,240.12,241.39,4386484
2017-06-30T06:30:00-07:00,242.32,242.55,241.58,242.17,2973534
2017-06-30T10:30:00-07:00,242.18,242.7,241.74,241.77,2740291
2017-07-03T06:30:00-07:00,242.91,243.37,242,242.01,3143464
2017-07-03T10:30:00-07:00,241.95,241.95,241.91,241.94,1727
2017-07-05T06:30:00-07:00,242.63,242.88,241.72,242.78,2935837
2017-07-05T10:30:00-07:00,242.78,243,242.44,242.77,1742670
2017-07-06T06:30:00-07:00,241.885,242.03,240.85,241.85,3401119
2017-07-06T10:30:00-07:00,241.84,241.84,240.34,240.58,3098369
2017-07-07T06:30:00-07:00,241.21,242.23,241.02,242.21,2452944
2017-07-07T10:30:00-07:00,242.21,242.28,241.94,242.09,1830703
2017-07-10T06:30:00-07:00,241.95,242.71,241.77,242.63,2041075
2017-07-10T10:30:00-07:00,242.63,242.8,242.35,242.35,1319903
2017-07-11T06:30:00-07:00,242.16,242.4,240.85,241.71,2983951
2017-07-11T10:30:00-07:00,241.72,242.545,241.635,242.16,1728166
2017-07-12T06:30:00-07:00,243.32,244.1,243.32,243.85,3023280
2017-07-12T10:30:00-07:00,243.865,244.2,243.85,243.98,1873898
2017-07-13T06:30:00-07:00,244.02,244.49,243.77,244.39,1803119
2017-07-13T10:30:00-07:00,244.39,244.55,244.15,244.4,1386522
2017-07-14T06:30:00-07:00,244.42,245.42,244.31,245.4,2228470
2017-07-14T10:30:00-07:00,245.4,245.97,245.32,245.54,3046489
2017-07-17T06:30:00-07:00,245.47,245.91,245.34,245.74,1508613
2017-07-17T10:30:00-07:00,245.74,245.8,245.4,245.51,1034969
2017-07-18T06:30:00-07:00,245.06,245.46,244.67,245.3,2797400
2017-07-18T10:30:00-07:00,245.3,245.72,245.28,245.685,1287209
2017-07-19T06:30:00-07:00,246.02,246.72,246.02,246.69,2268916
2017-07-19T10:30:00-07:00,246.68,246.995,246.64,246.99,1705405
2017-07-20T06:30:00-07:00,247.28,247.41,246.47,247.23,2803511
2017-07-20T10:30:00-07:00,247.23,247.35,246.97,247.07,1259820
2017-07-21T06:30:00-07:00,246.45,246.9,246.18,246.78,3260844
2017-07-21T10:30:00-07:00,246.79,246.91,246.5,246.89,1584436
2017-07-24T06:30:00-07:00,246.8,246.85,246.29,246.66,1451787
2017-07-24T10:30:00-07:00,246.64,246.98,246.6,246.81,1823945
2017-07-25T06:30:00-07:00,247.68,247.795,247.16,247.66,2611708
2017-07-25T10:30:00-07:00,247.66,247.745,247.3,247.39,1552097
2017-07-26T06:30:00-07:00,247.76,247.79,247.37,247.375,2182961
2017-07-26T10:30:00-07:00,247.375,247.675,247.13,247.45,2404991
2017-07-27T06:30:00-07:00,247.96,247.99,246.05,246.34,3080880
2017-07-27T10:30:00-07:00,246.34,247.24,245.68,247.22,4327694
2017-07-28T06:30:00-07:00,246.66,246.87,246.14,246.62,2556619
2017-07-28T10:30:00-07:00,246.63,247.055,246.59,246.89,1673705
2017-07-31T06:30:00-07:00,247.37,247.47,246.53,247.04,2168604
2017-07-31T10:30:00-07:00,247.03,247.24,246.71,246.74,2155377
2017-08-01T06:30:00-07:00,247.46,247.49,246.8,247.31,2528115
2017-08-01T10:30:00-07:00,247.32,247.36,247.15,247.31,1373578
2017-08-02T06:30:00-07:00,247.51,247.6,246.37,246.93,2775469
2017-08-02T10:30:00-07:00,246.935,247.5,246.87,247.44,1662134
2017-08-03T06:30:00-07:00,247.33,247.33,246.87,246.93,1819925
2017-08-03T10:30:00-07:00,246.93,247.23,246.64,246.98,1723079
2017-08-04T06:30:00-07:00,247.52,247.78,246.97,247.32,3220415
2017-08-04T10:30:00-07:00,247.31,247.45,247.14,247.4,1698844
2017-08-07T06:30:00-07:00,247.55,247.75,247.37,247.75,1378924
2017-08-07T10:30:00-07:00,247.75,247.87,247.61,247.85,1153914
2017-08-08T06:30:00-07:00,247.51,248.9,247.33,248.05,2599242
2017-08-08T10:30:00-07:00,248.04,248.18,246.83,247.3,2448797
2017-08-09T06:30:00-07:00,246.47,247.16,246.06,246.82,4279144
2017-08-09T10:30:00-07:00,246.83,247.305,246.365,247.23,2288886
2017-08-10T06:30:00-07:00,246.28,246.44,244.44,245.08,7505335
2017-08-10T10:30:00-07:00,245.09,245.47,243.705,243.78,5489447
2017-08-11T06:30:00-07:00,244.02,244.8,243.75,244.35,4615432
2017-08-11T10:30:00-07:00,244.365,244.69,243.78,244.11,3242866
2017-08-14T06:30:00-07:00,245.59,246.79,245.56,246.59,3746376
2017-08-14T10:30:00-07:00,246.58,246.76,246.25,246.52,3181082
2017-08-15T06:30:00-07:00,246.98,246.99,246.16,246.39,2465073
2017-08-15T10:30:00-07:00,246.39,246.91,246.31,246.51,2537799
2017-08-16T06:30:00-07:00,247.11,247.56,246.76,246.99,3796558
2017-08-16T10:30:00-07:00,246.985,247.24,246.46,246.92,2934314
2017-08-17T06:30:00-07:00,246.24,246.6,244.3,244.54,7363009
2017-08-17T10:30:00-07:00,244.54,244.79,243.1,243.13,5452534
2017-08-18T06:30:00-07:00,242.9,244.18,242.21,243.55,7900090
2017-08-18T10:30:00-07:00,243.53,243.64,242.635,242.68,3568176
2017-08-21T06:30:00-07:00,242.64,243.2,241.83,242.81,4544709
2017-08-21T10:30:00-07:00,242.81,243.15,242.42,242.93,2584501
2017-08-22T06:30:00-07:00,243.57,245.085,243.55,245.03,4087059
2017-08-22T10:30:00-07:00,245.03,245.615,244.9,245.4,2866954
2017-08-23T06:30:00-07:00,244.33,245.04,244.16,244.61,3277268
2017-08-23T10:30:00-07:00,244.61,245.02,244.43,244.53,2122401
2017-08-24T06:30:00-07:00,245,245.17,243.75,244.56,3309137
2017-08-24T10:30:00-07:00,244.55,244.55,243.925,244.03,2193047
2017-08-25T06:30:00-07:00,244.9,245.61,244.39,244.92,3342286
2017-08-25T10:30:00-07:00,244.96,245.22,244.465,244.54,2337015
2017-08-28T06:30:00-07:00,245.145,245.19,244.1,244.29,2041079
2017-08-28T10:30:00-07:00,244.3,244.61,244.23,244.59,1345355
2017-08-29T06:30:00-07:00,243.06,244.74,242.97,244.69,3848193
2017-08-29T10:30:00-07:00,244.69,245.14,244.53,244.84,1501160
2017-08-30T06:30:00-07:00,244.82,246.23,244.62,246.14,2919689
2017-08-30T10:30:00-07:00,246.14,246.32,245.67,246.04,2775436
2017-08-31T06:30:00-07:00,246.73,247.305,246.61,247.12,3545942
2017-08-31T10:30:00-07:00,247.13,247.77,247.06,247.42,4030534
2017-09-01T06:30:00-07:00,247.93,248.32,247.68,248.23,2721299
2017-09-01T10:30:00-07:00,248.23,248.28,247.87,247.88,1828582
2017-09-05T06:30:00-07:00,247.24,247.51,244.95,245.405,5199372
2017-09-05T10:30:00-07:00,245.405,246.24,245.18,246.09,3377596
2017-09-06T06:30:00-07:00,246.85,247.08,246.23,246.88,3395756
2017-09-06T10:30:00-07:00,246.88,247.28,246.8,246.91,2153740
2017-09-07T06:30:00-07:00,247.25,247.27,246.41,246.76,3397802
2017-09-07T10:30:00-07:00,246.75,246.935,246.55,246.9,1611894
2017-09-08T06:30:00-07:00,246.52,247.1,246.31,246.76,2557556
2017-09-08T10:30:00-07:00,246.77,246.93,246.37,246.55,1873895
2017-09-11T06:30:00-07:00,248.04,249.3,248.02,249.19,3549033
2017-09-11T10:30:00-07:00,249.19,249.22,249,249.17,2142317
2017-09-12T06:30:00-07:00,249.64,249.97,249.42,249.93,2783160
2017-09-12T10:30:00-07:00,249.94,250.07,249.61,250.07,2396173
2017-09-13T06:30:00-07:00,249.72,250.12,249.59,249.99,1821355
2017-09-13T10:30:00-07:00,250,250.21,249.91,250.18,1607574
2017-09-14T06:30:00-07:00,249.82,250.32,249.6,250.13,2177318
2017-09-14T10:30:00-07:00,250.13,250.195,249.95,250.1,2795530
2017-09-15T06:30:00-07:00,248.71,249.18,248.57,248.99,2516541
2017-09-15T10:30:00-07:00,248.995,249.29,248.89,249.24,2150818
2017-09-18T06:30:00-07:00,249.61,250.11,249.47,249.76,2026823
2017-09-18T10:30:00-07:00,249.76,249.945,249.28,249.7,1984376
2017-09-19T06:30:00-07:00,249.99,250.06,249.61,249.92,1770000
2017-09-19T10:30:00-07:00,249.92,250.07,249.875,249.96,1402706
2017-09-20T06:30:00-07:00,250.07,250.18,249.73,249.85,1885934
2017-09-20T10:30:00-07:00,249.84,250.15,248.94,250.09,3993498
2017-09-21T06:30:00-07:00,249.9,249.97,249.19,249.78,2041957
2017-09-21T10:30:00-07:00,249.77,249.79,249.33,249.4,1361623
2017-09-22T06:30:00-07:00,249.02,249.42,249.02,249.12,1854766
2017-09-22T10:30:00-07:00,249.12,249.62,249.1,249.43,2140057
2017-09-25T06:30:00-07:00,249.14,249.55,248.08,248.64,3357152
2017-09-25T10:30:00-07:00,248.65,249,248.39,248.94,1895731
2017-09-26T06:30:00-07:00,249.42,249.69,248.81,249.31,2597624
2017-09-26T10:30:00-07:00,249.3,249.49,248.9,249.06,1927239
2017-09-27T06:30:00-07:00,249.88,250.04,248.88,249.49,3142135
2017-09-27T10:30:00-07:00,249.49,250.48,249.44,250.03,4069140
2017-09-28T06:30:00-07:00,249.73,250.34,249.63,250.31,2018233
2017-09-28T10:30:00-07:00,250.3,250.43,250.08,250.35,1329052
2017-09-29T06:30:00-07:00,250.33,251.16,250.14,251.07,2264530
2017-09-29T10:30:00-07:00,251.06,251.31,250.88,251.2,2664519
2017-10-02T06:30:00-07:00,251.49,252.195,251.4,252,2626160
2017-10-02T10:30:00-07:00,252.02,252.3,251.97,252.29,1802153
2017-10-03T06:30:00-07:00,252.46,252.61,252.23,252.53,2208241
2017-10-03T10:30:00-07:00,252.53,252.88,252.52,252.85,1661209
2017-10-04T06:30:00-07:00,252.7,253.435,252.57,253.23,2007666
2017-10-04T10:30:00-07:00,253.22,253.26,252.92,253.165,1436021
2017-10-05T06:30:00-07:00,253.52,254.61,253.4,254.58,3047010
2017-10-05T10:30:00-07:00,254.57,254.68,254.41,254.65,2559447
2017-10-06T06:30:00-07:00,254.16,254.45,253.85,254.05,3586876
2017-10-06T10:30:00-07:00,254.05,254.42,254.02,254.4,1832566
2017-10-09T06:30:00-07:00,254.63,254.7,254.07,254.3,1275723
2017-10-09T10:30:00-07:00,254.3,254.3,253.65,253.96,1615179
2017-10-10T06:30:00-07:00,254.6,255.045,253.985,254.37,2489715
2017-10-10T10:30:00-07:00,254.35,254.6,254.25,254.6,1542639
2017-10-11T06:30:00-07:00,254.52,254.81,254.325,254.7,1710767
2017-10-11T10:30:00-07:00,254.69,255.02,254.6,255,1748602
2017-10-12T06:30:00-07:00,254.66,255.06,254.46,254.99,2119575
2017-10-12T10:30:00-07:00,254.98,255.05,254.37,254.61,2453647
2017-10-13T06:30:00-07:00,255.145,255.27,254.76,255.26,2013834
2017-10-13T10:30:00-07:00,255.265,255.27,254.77,254.92,2230086
2017-10-16T06:30:00-07:00,255.21,255.5,254.82,255.125,1902546
2017-10-16T10:30:00-07:00,255.125,255.34,255.015,255.29,1495381
2017-10-17T06:30:00-07:00,255.23,255.38,254.99,255.09,1789604
2017-10-17T10:30:00-07:00,255.09,255.52,255.02,255.46,1518835
2017-10-18T06:30:00-07:00,255.91,255.93,255.5,255.83,1769402
2017-10-18T10:30:00-07:00,255.83,255.95,255.58,255.7,1370157
2017-10-19T06:30:00-07:00,254.83,255.44,254.35,255.42,3149685
2017-10-19T10:30:00-07:00,255.43,255.82,255.37,255.82,1829407
2017-10-20T06:30:00-07:00,256.7,256.97,256.43,256.95,2825003
2017-10-20T10:30:00-07:00,256.95,257.14,256.79,257.09,2491473
2017-10-23T06:30:00-07:00,257.48,257.48,256.86,256.925,1840452
2017-10-23T10:30:00-07:00,256.925,256.96,256.02,256.14,2526237
2017-10-24T06:30:00-07:00,256.59,256.74,256.15,256.6,3473436
2017-10-24T10:30:00-07:00,256.6,256.825,256.27,256.55,2779843
2017-10-25T06:30:00-07:00,256.19,256.31,254.005,254.58,6263754
2017-10-25T10:30:00-07:00,254.58,255.57,254.57,255.3,4227352
2017-10-26T06:30:00-07:00,255.99,256.3,255.56,255.98,3201408
2017-10-26T10:30:00-07:00,255.98,256.1,255.58,255.59,2011660
2017-10-27T06:30:00-07:00,256.49,257.74,256.16,257.475,3509175
2017-10-27T10:30:00-07:00,257.48,257.89,257.43,257.69,2783194
2017-10-30T06:30:00-07:00,257.07,257.59,256.42,256.97,2298150
2017-10-30T10:30:00-07:00,256.97,257.06,256.56,256.8,1910863
2017-10-31T06:30:00-07:00,257.18,257.37,256.805,257.21,1708687
2017-10-31T10:30:00-07:00,257.22,257.44,256.99,257.11,2869613
2017-11-01T06:30:00-07:00,258.04,258.43,257.07,257.36,3236874
2017-11-01T10:30:00-07:00,257.36,257.76,257.22,257.52,1977009
2017-11-02T06:30:00-07:00,257.41,257.53,256.2,257.2,4568143
2017-11-02T10:30:00-07:00,257.2,257.74,257.05,257.61,2154052
2017-11-03T06:30:00-07:00,257.82,258.3,257.305,258.25,2279743
2017-11-03T10:30:00-07:00,258.24,258.5,258.23,258.44,2151505
2017-11-06T06:30:00-08:00,258.295,258.86,258.23,258.75,1675769
2017-11-06T10:30:00-08:00,258.75,258.995,258.74,258.82,1214631
2017-11-07T06:30:00-08:00,258.98,259.35,258.09,258.59,3289816
2017-11-07T10:30:00-08:00,258.6,258.71,258.23,258.69,2081758
2017-11-08T06:30:00-08:00,258.47,259.07,258.16,259.03,3320470
2017-11-08T10:30:00-08:00,259.03,259.22,258.89,259.13,1939098
2017-11-09T06:30:00-08:00,257.73,258.39,256.36,257.415,7240845
2017-11-09T10:30:00-08:00,257.41,258.38,257.36,258.2,2889619
2017-11-10T06:30:00-08:00,257.73,257.98,257.37,257.87,2610568
2017-11-10T10:30:00-08:00,257.865,258.21,257.695,258.08,1913830
2017-11-13T06:30:00-08:00,257.31,258.36,257.27,258.23,2126772
2017-11-13T10:30:00-08:00,258.23,258.585,258.135,258.34,1498454
2017-11-14T06:30:00-08:00,257.41,257.85,256.52,257.42,3762493
2017-11-14T10:30:00-08:00,257.425,257.81,257.35,257.75,1607445
2017-11-15T06:30:00-08:00,256.68,257.22,255.65,256.67,4051841
2017-11-15T10:30:00-08:00,256.67,257.01,256.26,256.43,2977837
2017-11-16T06:30:00-08:00,257.52,258.89,257.48,258.685,3384045
2017-11-16T10:30:00-08:00,258.69,259.035,258.52,258.61,2701483
2017-11-17T06:30:00-08:00,258.22,258.44,257.9,258.2,2754415
2017-11-17T10:30:00-08:00,258.195,258.3,257.78,257.89,2357288
2017-11-20T06:30:00-08:00,258.12,258.48,257.86,258.45,2046138
2017-11-20T10:30:00-08:00,258.46,258.525,258.13,258.29,1678408
2017-11-21T06:30:00-08:00,259.18,260.06,259.11,260.01,3050507
2017-11-21T10:30:00-08:00,260.015,260.2,259.81,259.96,2294475
2017-11-22T06:30:00-08:00,260,260.15,259.58,259.75,1972152
2017-11-22T10:30:00-08:00,259.75,259.97,259.72,259.77,1546312
2017-11-24T06:30:00-08:00,260.27,260.48,260.16,260.2,1837137
2017-11-24T10:30:00-08:00,260.2,260.2,260.1,260.1,3900
2017-11-27T06:30:00-08:00,260.41,260.75,260,260.37,2439707
2017-11-27T10:30:00-08:00,260.37,260.42,260.25,260.26,1618161
2017-11-28T06:30:00-08:00,260.76,262.25,260.66,261.91,3683097
2017-11-28T10:30:00-08:00,261.91,262.9,261.18,262.85,5417837
2017-11-29T06:30:00-08:00,263.02,263.63,262.2,262.77,5115831
2017-11-29T10:30:00-08:00,262.76,262.88,262.37,262.73,2421358
2017-11-30T06:30:00-08:00,263.76,266.05,263.67,265.45,6831319
2017-11-30T10:30:00-08:00,265.45,265.45,264.35,264.88,5622389
2017-12-01T06:30:00-08:00,264.76,265.31,260.78,263.91,13838644
2017-12-01T10:30:00-08:00,263.925,264.54,263.59,264.44,3275189
2017-12-04T06:30:00-08:00,266.31,266.8,265.37,265.83,5643008
2017-12-04T10:30:00-08:00,265.83,266.01,264.12,264.13,3609629
2017-12-05T06:30:00-08:00,264.43,265.14,264.09,264.41,4150076
2017-12-05T10:30:00-08:00,264.41,264.475,263.04,263.2,4321839
2017-12-06T06:30:00-08:00,262.87,263.655,262.72,263.19,3481062
2017-12-06T10:30:00-08:00,263.19,263.73,263.07,263.22,2197375
2017-12-07T06:30:00-08:00,263.1,264.43,262.95,264.25,2539259
2017-12-07T10:30:00-08:00,264.25,264.36,263.56,264.05,3227844
2017-12-08T06:30:00-08:00,265.01,265.52,264.73,265.43,3037317
2017-12-08T10:30:00-08:00,265.43,265.5,264.96,265.49,2832224
2017-12-11T06:30:00-08:00,265.58,266.29,265.49,266.09,3233855
2017-12-11T10:30:00-08:00,266.09,266.38,265.9,266.33,3295971
2017-12-12T06:30:00-08:00,266.57,267.315,266.35,267.16,3447906
2017-12-12T10:30:00-08:00,267.16,267.28,266.69,266.79,2480331
2017-12-13T06:30:00-08:00,267.06,267.56,266.91,267.03,3433684
2017-12-13T10:30:00-08:00,267.04,267.54,266.65,266.73,3989067
2017-12-14T06:30:00-08:00,267.12,267.21,266.25,266.47,4911051
2017-12-14T10:30:00-08:00,266.48,266.49,265.6,265.68,4841624
2017-12-15T06:30:00-08:00,265.45,266.7,265.395,266.53,4571009
2017-12-15T10:30:00-08:00,266.52,267.04,266.24,266.53,4759033
2017-12-18T06:30:00-08:00,268.08,268.59,267.98,268.37,3788935
2017-12-18T10:30:00-08:00,268.37,268.455,268.01,268.17,2484768
2017-12-19T06:30:00-08:00,268.48,268.52,267.33,267.61,3372975
2017-12-19T10:30:00-08:00,267.62,267.81,267.1,267.22,2690439
2017-12-20T06:30:00-08:00,268.27,268.33,266.7,267.55,4046879
2017-12-20T10:30:00-08:00,267.54,267.6,266.95,267.04,1925761
2017-12-21T06:30:00-08:00,267.74,268.38,267.305,268.35,2598193
2017-12-21T10:30:00-08:00,268.36,268.36,267.41,267.57,2245592
2017-12-22T06:30:00-08:00,267.6,267.635,266.91,267.18,2264537
2017-12-22T10:30:00-08:00,267.18,267.56,267.17,267.49,2642414
2017-12-26T06:30:00-08:00,267.05,267.38,267,267.13,1896362
2017-12-26T10:30:00-08:00,267.15,267.18,266.89,267.17,1306689
2017-12-27T06:30:00-08:00,267.38,267.73,267.17,267.205,2975042
2017-12-27T10:30:00-08:00,267.2,267.35,267.02,267.33,1894518
2017-12-28T06:30:00-08:00,267.89,267.9,267.465,267.53,1826783
2017-12-28T10:30:00-08:00,267.525,267.92,267.455,267.86,1164325
2017-12-29T06:30:00-08:00,268.52,268.53,267.52,267.62,1847956
2017-12-29T10:30:00-08:00,267.6,267.8,266.64,266.88,3558927
2018-01-02T06:30:00-08:00,267.84,268.44,267.4,268.29,4252867
2018-01-02T10:30:00-08:00,268.28,268.81,268.175,268.79,3201332
2018-01-03T06:30:00-08:00,268.98,270.45,268.97,270.27,4211269
2018-01-03T10:30:00-08:00,270.28,270.64,269.97,270.47,3148728
2018-01-04T06:30:00-08:00,271.21,272.16,271.11,271.83,3443166
2018-01-04T10:30:00-08:00,271.835,272.05,271.59,271.63,2124523
2018-01-05T06:30:00-08:00,272.53,272.72,271.95,272.635,2991044
2018-01-05T10:30:00-08:00,272.65,273.56,272.615,273.39,3324016
2018-01-08T06:30:00-08:00,273.31,274,272.985,273.98,2090146
2018-01-08T10:30:00-08:00,273.98,274.095,273.775,273.93,2423934
2018-01-09T06:30:00-08:00,274.4,275.21,274.09,275.21,3036733
2018-01-09T10:30:00-08:00,275.205,275.24,274.34,274.51,2906510
2018-01-10T06:30:00-08:00,273.68,274.29,272.92,274.15,3131768
2018-01-10T10:30:00-08:00,274.15,274.42,273.65,274.1,2446670
2018-01-11T06:30:00-08:00,274.75,275.83,274.57,275.66,3189143
2018-01-11T10:30:00-08:00,275.67,276.09,275.48,276.09,2136405
2018-01-12T06:30:00-08:00,276.41,277.8,276.28,277.55,3392249
2018-01-12T10:30:00-08:00,277.55,278.1,277.4,277.92,3099532
2018-01-16T06:30:00-08:00,279.35,280.09,278.16,278.35,4419925
2018-01-16T10:30:00-08:00,278.36,278.38,276.18,276.96,4954252
2018-01-17T06:30:00-08:00,278.03,279.19,277.2,279.07,3367886
2018-01-17T10:30:00-08:00,279.07,280.04,279.04,279.61,3545859
2018-01-18T06:30:00-08:00,279.48,279.82,278.58,279.19,3246317
2018-01-18T10:30:00-08:00,279.18,279.96,278.87,279.17,3448075
2018-01-19T06:30:00-08:00,279.795,279.99,279.14,279.66,3424968
2018-01-19T10:30:00-08:00,279.66,280.4,279.45,280.38,4194173
2018-01-22T06:30:00-08:00,280.17,281.96,280.12,281.78,3382028
2018-01-22T10:30:00-08:00,281.77,282.67,281.45,282.67,3571885
2018-01-23T06:30:00-08:00,282.74,283.62,282.37,283.17,3807100
2018-01-23T10:30:00-08:00,283.17,283.54,282.88,283.25,3607220
2018-01-24T06:30:00-08:00,284,284.69,281.84,282.52,5930578
2018-01-24T10:30:00-08:00,282.52,283.76,282.52,283.18,4056346
2018-01-25T06:30:00-08:00,284.16,284.26,282.71,283.52,4597386
2018-01-25T10:30:00-08:00,283.515,283.92,282.41,283.29,3512284
2018-01-26T06:30:00-08:00,284.25,285.41,283.96,285.26,3582743
2018-01-26T10:30:00-08:00,285.25,286.58,285.2,286.57,4693948
2018-01-29T06:30:00-08:00,285.93,286.43,284.83,285.94,4864494
2018-01-29T10:30:00-08:00,285.925,285.95,284.505,284.69,3659373
2018-01-30T06:30:00-08:00,282.6,283.29,281.22,281.48,7660894
2018-01-30T10:30:00-08:00,281.48,282.51,281.44,281.66,3983675
2018-01-31T06:30:00-08:00,282.73,283.3,281.82,282.525,3462846
2018-01-31T10:30:00-08:00,282.52,282.78,280.68,281.92,7114551
2018-02-01T06:30:00-08:00,281.06,283.06,280.85,282.92,4091138
2018-02-01T10:30:00-08:00,282.93,282.95,280.69,281.59,4295121
2018-02-02T06:30:00-08:00,280.02,280.23,277.78,278.12,6576410
2018-02-02T10:30:00-08:00,278.11,278.31,275.41,275.52,10244078
2018-02-05T06:30:00-08:00,273.45,275.84,271.13,271.53,10256691
2018-02-05T10:30:00-08:00,271.52,272.74,263.31,264.18,16612899
2018-02-06T06:30:00-08:00,259.94,267.83,258.71,264.67,18392353
2018-02-06T10:30:00-08:00,264.66,269.69,262.22,269.2,11063019
2018-02-07T06:30:00-08:00,268.5,272.36,267.88,269.25,10299660
2018-02-07T10:30:00-08:00,269.26,270.71,267.64,267.66,6246349
2018-02-08T06:30:00-08:00,268.13,268.16,261.17,262.27,9977859
2018-02-08T10:30:00-08:00,262.26,264.71,257.6,257.74,10861983
2018-02-09T06:30:00-08:00,260.87,261.7,253.59,253.93,14418995
2018-02-09T10:30:00-08:00,253.92,263.6,252.92,261.67,11863096
2018-02-12T06:30:00-08:00,263.83,265.92,261.88,265.36,6338515
2018-02-12T10:30:00-08:00,265.39,267,264.45,265.26,4957907
2018-02-13T06:30:00-08:00,263.97,265.95,263.33,265.72,4821701
2018-02-13T10:30:00-08:00,265.72,266.615,265.58,266.02,2277300
2018-02-14T06:30:00-08:00,264.31,269.18,264.31,268.61,5802940
2018-02-14T10:30:00-08:00,268.65,270,268.45,269.71,4176139
2018-02-15T06:30:00-08:00,271.59,271.98,268.77,271.45,4564100
2018-02-15T10:30:00-08:00,271.435,273.01,271.12,273.01,3456968
2018-02-16T06:30:00-08:00,272.32,275.31,272.3,273.49,5745355
2018-02-16T10:30:00-08:00,273.52,274.27,272.5,273.09,4606463
2018-02-20T06:30:00-08:00,272.03,273.67,271.68,272.58,4029219
2018-02-20T10:30:00-08:00,272.57,273.13,270.5,271.43,3687158
2018-02-21T06:30:00-08:00,271.89,273.64,271.58,273.23,2760869
2018-02-21T10:30:00-08:00,273.29,274.72,269.98,270,7059350
2018-02-22T06:30:00-08:00,271.12,273.05,270.76,271.57,4346148
2018-02-22T10:30:00-08:00,271.55,271.93,269.64,270.31,4546479
2018-02-23T06:30:00-08:00,271.79,272.94,271.25,272.47,3359426
2018-02-23T10:30:00-08:00,272.49,274.7,272.38,274.69,4603416
2018-02-26T06:30:00-08:00,275.91,277.3,275.26,277.3,3421894
2018-02-26T10:30:00-08:00,277.3,278.01,276.93,277.89,3825655
2018-02-27T06:30:00-08:00,278.11,278.92,275.66,276.95,6212142
2018-02-27T10:30:00-08:00,276.94,276.96,274.36,274.38,4243658
2018-02-28T06:30:00-08:00,275.68,276.18,273.78,275.2,4939364
2018-02-28T10:30:00-08:00,275.18,275.84,271.31,271.33,6875851
2018-03-01T06:30:00-08:00,271.41,273.17,268.14,269.09,10865290
2018-03-01T10:30:00-08:00,269.07,269.26,266.005,267.73,9263290
2018-03-02T06:30:00-08:00,265.8,268.66,264.82,267.15,9497994
2018-03-02T10:30:00-08:00,267.13,269.72,266.53,269.13,5547281
2018-03-05T06:30:00-08:00,267.71,272.23,267.61,271.78,6269832
2018-03-05T10:30:00-08:00,271.76,272.89,270.97,272.21,4059684
2018-03-06T06:30:00-08:00,273.32,273.35,271.18,273,4839240
2018-03-06T10:30:00-08:00,272.99,273.2,272.16,272.89,2452800
2018-03-07T06:30:00-08:00,270.42,272.51,270.21,271.42,4821720
2018-03-07T10:30:00-08:00,271.41,273.17,271.12,272.8,2980886
2018-03-08T06:30:00-08:00,273.55,273.91,272.46,272.71,3198193
2018-03-08T10:30:00-08:00,272.73,274.24,272.42,274.08,2851647
2018-03-09T06:30:00-08:00,275.69,277.96,275.34,277.85,4068684
2018-03-09T10:30:00-08:00,277.85,278.85,277.745,278.82,4230390
2018-03-12T06:30:00-07:00,279.2,279.91,278.09,278.8,3083397
2018-03-12T10:30:00-07:00,278.8,279.39,278.14,278.5,3033975
2018-03-13T06:30:00-07:00,279.86,280.41,277.16,278.27,4087138
2018-03-13T10:30:00-07:00,278.27,278.475,276.03,276.69,4056951
2018-03-14T06:30:00-07:00,277.81,278.02,274.85,275.23,4911407
2018-03-14T10:30:00-07:00,275.23,276.58,274.68,275.27,4273359
2018-03-15T06:30:00-07:00,275.88,276.6,275.02,275.55,2679569
2018-03-15T10:30:00-07:00,275.53,275.66,274.44,275,2893835
2018-03-16T06:30:00-07:00,274.5,275.38,274.42,274.52,2596251
2018-03-16T10:30:00-07:00,274.52,274.98,274.16,274.19,3184496
2018-03-19T06:30:00-07:00,273.37,273.38,268.82,269.15,5540901
2018-03-19T10:30:00-07:00,269.13,270.79,268.63,270.51,5199345
2018-03-20T06:30:00-07:00,270.96,271.665,270.23,270.58,2762832
2018-03-20T10:30:00-07:00,270.58,271.58,270.18,270.95,2159899
2018-03-21T06:30:00-07:00,270.9,272.29,270.46,271.78,2556345
2018-03-21T10:30:00-07:00,271.78,273.27,270.19,270.43,5468554
2018-03-22T06:30:00-07:00,267.89,268.85,265.41,267.85,7706689
2018-03-22T10:30:00-07:00,267.85,268.23,263.37,263.68,7037159
2018-03-23T06:30:00-07:00,264.19,265.02,261.76,263.21,6682066
2018-03-23T10:30:00-07:00,263.28,264.14,257.83,258,9387383
2018-03-26T06:30:00-07:00,262.13,263.17,259.41,261.99,6091731
2018-03-26T10:30:00-07:00,261.99,265.43,261.56,265.16,4321347
2018-03-27T06:30:00-07:00,266.18,266.77,264.48,265.66,5822331
2018-03-27T10:30:00-07:00,265.65,265.79,258.865,260.51,8269407
2018-03-28T06:30:00-07:00,260.75,262.63,258.59,261,9329834
2018-03-28T10:30:00-07:00,261.01,261.76,259.01,259.84,5875329
2018-03-29T06:30:00-07:00,261.11,263.49,260.29,262.86,5360480
2018-03-29T10:30:00-07:00,262.89,265.26,262.73,263.49,6615129
2018-04-02T06:30:00-07:00,262.55,263.13,256.04,256.11,9174011
2018-04-02T10:30:00-07:00,256.1,258.03,254.68,257.53,8831172
2018-04-03T06:30:00-07:00,258.86,260.07,256.84,259.07,6047763
2018-04-03T10:30:00-07:00,259.1,261.31,257.41,260.79,6371736
2018-04-04T06:30:00-07:00,256.73,261.4,256.61,260.08,6979053
2018-04-04T10:30:00-07:00,260.06,264.35,259.8,263.83,4935500
2018-04-05T06:30:00-07:00,265.54,266.635,264.55,265.06,4563853
2018-04-05T10:30:00-07:00,265.04,266.6,264.33,265.64,3752646
2018-04-06T06:30:00-07:00,263.42,265.1,261.71,262.64,6536942
2018-04-06T10:30:00-07:00,262.65,262.88,258,259.79,10481465
2018-04-09T06:30:00-07:00,261.5,264.6,260.88,264.41,4557240
2018-04-09T10:30:00-07:00,264.38,264.84,260.55,260.86,5668435
2018-04-10T06:30:00-07:00,264.28,265.76,263,264.92,6909194
2018-04-10T10:30:00-07:00,264.93,266.04,264.09,265.13,4555520
2018-04-11T06:30:00-07:00,263.47,265.64,263.43,264.61,4692638
2018-04-11T10:30:00-07:00,264.61,265.01,263.39,263.76,3369404
2018-04-12T06:30:00-07:00,265.26,266.8,265.06,265.29,3814686
2018-04-12T10:30:00-07:00,265.27,267,265.1,265.9,3538328
2018-04-13T06:30:00-07:00,267.41,267.53,264.63,266.25,4233712
2018-04-13T10:30:00-07:00,266.3,266.31,264.01,265.16,4038470
2018-04-16T06:30:00-07:00,266.98,268.19,266.08,267.9,3237809
2018-04-16T10:30:00-07:00,267.89,268.2,267.15,267.33,2838151
2018-04-17T06:30:00-07:00,269.33,270.35,268.75,270.06,3054266
2018-04-17T10:30:00-07:00,270.09,270.87,269.68,270.15,2847675
2018-04-18T06:30:00-07:00,270.69,271.29,269.88,270.94,2953351
2018-04-18T10:30:00-07:00,270.95,271.18,270.345,270.37,1873443
2018-04-19T06:30:00-07:00,269.65,269.88,267.76,267.76,3206477
2018-04-19T10:30:00-07:00,267.77,269.47,267.72,268.86,4312963
2018-04-20T06:30:00-07:00,268.81,269.05,266.08,266.93,4336133
2018-04-20T10:30:00-07:00,266.94,267.29,265.61,266.62,3666432
2018-04-23T06:30:00-07:00,267.26,267.88,266.37,266.75,2693218
2018-04-23T10:30:00-07:00,266.75,267.08,265.36,266.58,2315404
2018-04-24T06:30:00-07:00,267.74,267.96,263.17,263.41,5680840
2018-04-24T10:30:00-07:00,263.41,263.54,261.28,263.03,6337800
2018-04-25T06:30:00-07:00,262.91,263.19,260.85,262.65,4983308
2018-04-25T10:30:00-07:00,262.68,264.13,262.44,263.57,4010540
2018-04-26T06:30:00-07:00,264.79,266.56,264.29,266.4,3353996
2018-04-26T10:30:00-07:00,266.42,267.24,266.085,266.31,2796014
2018-04-27T06:30:00-07:00,267.03,267.33,265.5,266.68,3418094
2018-04-27T10:30:00-07:00,266.71,267.02,266.31,266.58,2010340
2018-04-30T06:30:00-07:00,267.26,267.89,265.2,265.8,2691276
2018-04-30T10:30:00-07:00,265.795,266.19,264.43,264.44,4016083
2018-05-01T06:30:00-07:00,263.9,264.05,262.12,262.33,3870736
2018-05-01T10:30:00-07:00,262.32,265.1,262.3,264.99,3437571
2018-05-02T06:30:00-07:00,264.76,264.98,263.87,264.845,3555034
2018-05-02T10:30:00-07:00,264.87,265.68,262.76,263.2,4937999
2018-05-03T06:30:00-07:00,262.26,262.69,259.05,262.05,10569011
2018-05-03T10:30:00-07:00,262.06,263.36,262.05,262.61,5481205
2018-05-04T06:30:00-07:00,261.48,265.76,261.15,265.55,3602955
2018-05-04T10:30:00-07:00,265.55,266.78,265.47,266,3363632
2018-05-07T06:30:00-07:00,266.92,267.78,266.66,267.43,1811942
2018-05-07T10:30:00-07:00,267.46,268.02,266.12,266.9,2904442
2018-05-08T06:30:00-07:00,266.5,267.315,265.65,266.35,3497417
2018-05-08T10:30:00-07:00,266.4,266.9,265.15,266.9,3377101
2018-05-09T06:30:00-07:00,267.68,269.47,267.1,269.46,2877059
2018-05-09T10:30:00-07:00,269.45,269.86,269.03,269.475,2512180
2018-05-10T06:30:00-07:00,270.36,272.39,270.23,271.95,2938828
2018-05-10T10:30:00-07:00,271.95,272.23,271.2,272.01,2640369
2018-05-11T06:30:00-07:00,272.16,273.15,271.84,272.3,1973421
2018-05-11T10:30:00-07:00,272.28,272.72,271.59,272.63,2382342
2018-05-14T06:30:00-07:00,273.35,274.08,272.575,272.83,2266457
2018-05-14T10:30:00-07:00,272.83,273.21,272.37,272.9,2576817
2018-05-15T06:30:00-07:00,271.59,271.61,270.28,270.59,4133287
2018-05-15T10:30:00-07:00,270.585,271.16,270.04,271.03,4296771
2018-05-16T06:30:00-07:00,271.15,272.71,271.12,272.29,2412885
2018-05-16T10:30:00-07:00,272.26,272.755,271.69,272.22,1771150
2018-05-17T06:30:00-07:00,271.95,273.22,271.39,272.29,2591311
2018-05-17T10:30:00-07:00,272.35,272.37,271.14,272.01,2526779
2018-05-18T06:30:00-07:00,271.62,272.03,270.93,271.64,2909447
2018-05-18T10:30:00-07:00,271.64,271.7,271.3,271.34,1992953
2018-05-21T06:30:00-07:00,273,273.98,272.6,273.445,3098447
2018-05-21T10:30:00-07:00,273.45,273.64,272.88,273.36,1691200
2018-05-22T06:30:00-07:00,273.94,274.25,273.34,273.595,2101783
2018-05-22T10:30:00-07:00,273.59,273.84,272.25,272.56,2262986
2018-05-23T06:30:00-07:00,271.17,272.22,271,271.68,3090309
2018-05-23T10:30:00-07:00,271.7,273.38,271.54,273.38,2363281
2018-05-24T06:30:00-07:00,272.88,273.22,270.78,272.85,4167937
2018-05-24T10:30:00-07:00,272.87,273.13,272.51,272.85,2527942
2018-05-25T06:30:00-07:00,272.17,272.86,271.81,271.99,2779370
2018-05-25T10:30:00-07:00,271.97,272.39,271.58,272.18,1771605
2018-05-29T06:30:00-07:00,270.31,271.17,267.9,268.74,5044665
2018-05-29T10:30:00-07:00,268.74,269.38,267.76,269.1,4501077
2018-05-30T06:30:00-07:00,270.54,272.97,270.43,272.74,3735038
2018-05-30T10:30:00-07:00,272.745,273.1,272.305,272.585,2040555
2018-05-31T06:30:00-07:00,272.14,272.48,270.93,271.36,4119083
2018-05-31T10:30:00-07:00,271.36,271.43,270.255,270.75,4205889
2018-06-01T06:30:00-07:00,272.41,273.93,272.33,273.81,4406860
2018-06-01T10:30:00-07:00,273.81,273.9,273.1,273.65,1871854
2018-06-04T06:30:00-07:00,274.53,275.18,274.26,274.9,2010280
2018-06-04T10:30:00-07:00,274.89,275.07,274.61,274.9,2011366
2018-06-05T06:30:00-07:00,275.05,275.53,274.19,274.96,2318520
2018-06-05T10:30:00-07:00,274.97,275.37,274.79,275.2,1829063
2018-06-06T06:30:00-07:00,275.79,276.47,275.09,276.39,2939740
2018-06-06T10:30:00-07:00,276.4,277.52,276.265,277.51,2226705
2018-06-07T06:30:00-07:00,277.95,278.28,276.78,276.81,3038880
2018-06-07T10:30:00-07:00,276.81,277.55,276.34,277.33,3891668
2018-06-08T06:30:00-07:00,276.85,277.97,276.67,277.82,2937962
2018-06-08T10:30:00-07:00,277.83,278.25,277.46,278.2,2476192
2018-06-11T06:30:00-07:00,278.44,279.37,278.31,279.24,2753528
2018-06-11T10:30:00-07:00,279.25,279.3,278.44,278.565,1877214
2018-06-12T06:30:00-07:00,279.03,279.32,278.57,278.92,2213820
2018-06-12T10:30:00-07:00,278.92,279.09,278.19,278.98,2296484
2018-06-13T06:30:00-07:00,279.19,279.47,278.905,279.01,1785729
2018-06-13T10:30:00-07:00,279.01,279.25,277.8,277.94,3984045
2018-06-14T06:30:00-07:00,278.98,279.33,278.06,278.82,2820633
2018-06-14T10:30:00-07:00,278.82,279.05,278.27,278.72,2547782
2018-06-15T06:30:00-07:00,276.6,276.66,275.35,276.5,3758083
2018-06-15T10:30:00-07:00,276.49,277.51,276.19,277.2,3430160
2018-06-18T06:30:00-07:00,275.49,276.58,274.95,276.39,2823966
2018-06-18T10:30:00-07:00,276.4,276.7,276.15,276.57,1479999
2018-06-19T06:30:00-07:00,274,275.26,273.53,274.6,5037168
2018-06-19T10:30:00-07:00,274.61,275.75,274.34,275.52,2793246
2018-06-20T06:30:00-07:00,276.27,276.71,275.59,276.32,2716428
2018-06-20T10:30:00-07:00,276.32,276.65,275.895,275.99,1989249
2018-06-21T06:30:00-07:00,275.96,275.97,274.01,274.77,4032155
2018-06-21T10:30:00-07:00,274.77,275.09,273.68,274.23,2879531
2018-06-22T06:30:00-07:00,275.68,275.78,274.68,275.5,3309604
2018-06-22T10:30:00-07:00,275.5,275.67,274.49,274.71,2400109
2018-06-25T06:30:00-07:00,273.44,273.61,269.45,270.32,7892595
2018-06-25T10:30:00-07:00,270.33,271.51,269.11,271.01,6070902
2018-06-26T06:30:00-07:00,271.64,272.55,270.8,272.43,4601165
2018-06-26T10:30:00-07:00,272.42,272.56,271.38,271.55,3666371
2018-06-27T06:30:00-07:00,272.26,273.865,270.61,271.01,4827702
2018-06-27T10:30:00-07:00,271,271.325,269.18,269.26,6115864
2018-06-28T06:30:00-07:00,269.29,270.5,268.49,270.18,5663177
2018-06-28T10:30:00-07:00,270.2,271.745,270.04,270.95,3171271
2018-06-29T06:30:00-07:00,272.12,273.66,272.12,273.03,3500851
2018-06-29T10:30:00-07:00,273.03,273.24,271.19,271.2,4929309
2018-07-02T06:30:00-07:00,269.5,271.07,269.24,269.64,3594772
2018-07-02T10:30:00-07:00,269.62,272.04,269.6,271.93,2509350
2018-07-03T06:30:00-07:00,272.86,272.98,270.43,270.53,4061579
2018-07-03T10:30:00-07:00,270.46,270.46,270.46,270.46,700
2018-07-05T06:30:00-07:00,272.17,272.95,270.97,272.75,3218248
2018-07-05T10:30:00-07:00,272.74,273.17,271.79,273.08,2348836
2018-07-06T06:30:00-07:00,273.14,275.67,272.72,275.56,3247686
2018-07-06T10:30:00-07:00,275.56,275.83,274.895,275.37,2838254
2018-07-09T06:30:00-07:00,276.56,277.77,276.505,277.36,2521890
2018-07-09T10:30:00-07:00,277.35,277.955,277.34,277.89,1642789
2018-07-10T06:30:00-07:00,278.41,279,278.17,278.44,2587482
2018-07-10T10:30:00-07:00,278.44,278.975,278.08,278.81,2068244
2018-07-11T06:30:00-07:00,277.15,278.03,276.8,277.33,3911936
2018-07-11T10:30:00-07:00,277.33,277.56,276.52,276.9,2992147
2018-07-12T06:30:00-07:00,278.31,279.34,277.6,279.26,3043085
2018-07-12T10:30:00-07:00,279.28,279.42,278.675,279.3,2382075
2018-07-13T06:30:00-07:00,279.17,279.92,278.66,279.73,2711851
2018-07-13T10:30:00-07:00,279.72,279.76,279.41,279.57,1590353
2018-07-16T06:30:00-07:00,279.65,279.8,278.85,279.43,1716145
2018-07-16T10:30:00-07:00,279.43,279.53,278.87,279.35,1648885
2018-07-17T06:30:00-07:00,278.47,280.74,278.41,280.53,2817433
2018-07-17T10:30:00-07:00,280.54,280.91,280.3,280.51,1989725
2018-07-18T06:30:00-07:00,280.56,281.16,280.06,280.96,1911736
2018-07-18T10:30:00-07:00,280.97,281.175,280.64,281.05,1476507
2018-07-19T06:30:00-07:00,280.28,280.68,279.47,280.31,3217244
2018-07-19T10:30:00-07:00,280.31,280.73,279.81,280.02,2115740
2018-07-20T06:30:00-07:00,279.77,280.475,279.63,279.86,2357508
2018-07-20T10:30:00-07:00,279.82,280.22,279.51,279.71,2109047
2018-07-23T06:30:00-07:00,279.45,280.3,279.06,280.03,2437614
2018-07-23T10:30:00-07:00,280.03,280.42,280.03,280.24,1161500
2018-07-24T06:30:00-07:00,281.74,282.56,281.16,281.22,3268825
2018-07-24T10:30:00-07:00,281.23,281.6,280.63,281.57,2574720
2018-07-25T06:30:00-07:00,281.34,282.475,281.29,282.12,2576165
2018-07-25T10:30:00-07:00,282.14,284.37,282.1,284.14,4328816
2018-07-26T06:30:00-07:00,283.2,284.11,283.09,283.56,2730059
2018-07-26T10:30:00-07:00,283.56,283.61,283.12,283.29,1656365
2018-07-27T06:30:00-07:00,283.7,283.81,280.38,281.03,4243763
2018-07-27T10:30:00-07:00,281.02,281.6,280.73,281.46,3206178
2018-07-30T06:30:00-07:00,281.52,281.68,279.36,280.12,2890632
2018-07-30T10:30:00-07:00,280.08,280.62,279.55,279.9,2955568
2018-07-31T06:30:00-07:00,280.81,282.02,280.38,281.61,3326558
2018-07-31T10:30:00-07:00,281.605,281.77,280.88,281.23,2560375
2018-08-01T06:30:00-07:00,281.51,282.13,280.38,280.64,3128509
2018-08-01T10:30:00-07:00,280.63,281.27,280.14,280.92,2224054
2018-08-02T06:30:00-07:00,279.38,282.13,279.17,282.05,3185226
2018-08-02T10:30:00-07:00,282.08,282.58,281.985,282.34,2096097
2018-08-03T06:30:00-07:00,282.53,283.19,282.33,283.14,2084086
2018-08-03T10:30:00-07:00,283.15,283.65,283.01,283.64,2090905
2018-08-06T06:30:00-07:00,283.55,284.98,283.21,284.69,1753029
2018-08-06T10:30:00-07:00,284.7,284.835,284.38,284.68,1497076
2018-08-07T06:30:00-07:00,285.38,286.01,285.24,285.71,2226033
2018-08-07T10:30:00-07:00,285.71,285.94,285.42,285.53,1381770
2018-08-08T06:30:00-07:00,285.37,285.75,284.94,285.46,1797152
2018-08-08T10:30:00-07:00,285.47,285.91,285.37,285.42,1599142
2018-08-09T06:30:00-07:00,285.53,285.97,285.21,285.76,1564788
2018-08-09T10:30:00-07:00,285.76,285.86,284.92,285.06,1326521
2018-08-10T06:30:00-07:00,283.45,284.055,282.96,283.395,3440016
2018-08-10T10:30:00-07:00,283.4,283.6,282.36,283.11,2922116
2018-08-13T06:30:00-07:00,283.47,284.16,281.77,282.52,3703885
2018-08-13T10:30:00-07:00,282.535,283.12,281.95,282.05,3069585
2018-08-14T06:30:00-07:00,282.92,284.08,282.49,283.77,2446447
2018-08-14T10:30:00-07:00,283.76,284.165,283.725,283.86,1553047
2018-08-15T06:30:00-07:00,282.36,282.51,280.16,281.18,6142143
2018-08-15T10:30:00-07:00,281.22,282.1,280.45,281.76,3312576
2018-08-16T06:30:00-07:00,283.42,285.04,283.38,284.65,2995965
2018-08-16T10:30:00-07:00,284.66,284.795,283.72,284.09,2397803
2018-08-17T06:30:00-07:00,283.82,284.67,283.375,284.01,2434819
2018-08-17T10:30:00-07:00,284.02,285.56,284.02,285.02,2829495
2018-08-20T06:30:00-07:00,285.57,285.82,285.06,285.81,2031215
2018-08-20T10:30:00-07:00,285.81,285.97,285.615,285.71,1197194
2018-08-21T06:30:00-07:00,286.25,287.31,286.205,287.14,2587818
2018-08-21T10:30:00-07:00,287.135,287.26,286.11,286.26,2859953
2018-08-22T06:30:00-07:00,285.87,286.76,285.58,286.43,2567700
2018-08-22T10:30:00-07:00,286.42,286.715,285.985,286.2,1219115
2018-08-23T06:30:00-07:00,285.97,286.93,285.44,285.915,2734919
2018-08-23T10:30:00-07:00,285.915,286.15,285.48,285.76,1549301
2018-08-24T06:30:00-07:00,286.44,287.66,286.38,287.4,2890975
2018-08-24T10:30:00-07:00,287.38,287.61,287.03,287.5,1783384
2018-08-27T06:30:00-07:00,288.86,289.89,288.68,289.61,2521304
2018-08-27T10:30:00-07:00,289.62,289.79,289.46,289.725,1418164
2018-08-28T06:30:00-07:00,290.33,290.41,289.4,289.7,2309750
2018-08-28T10:30:00-07:00,289.695,290.07,289.5,289.87,1573626
2018-08-29T06:30:00-07:00,290.18,291.61,289.89,291.35,2454000
2018-08-29T10:30:00-07:00,291.34,291.74,291.12,291.47,1604590
2018-08-30T06:30:00-07:00,290.94,291.355,290.49,291.27,2435872
2018-08-30T10:30:00-07:00,291.28,291.34,289.635,290.23,3285658
2018-08-31T06:30:00-07:00,289.84,290.81,289.29,289.73,2572653
2018-08-31T10:30:00-07:00,289.75,290.48,289.34,290.22,2342624
2018-09-04T06:30:00-07:00,289.84,290.21,288.69,289.43,3489357
2018-09-04T10:30:00-07:00,289.44,290,289.22,289.87,1536375
2018-09-05T06:30:00-07:00,289.4,289.61,287.89,289.29,3638560
2018-09-05T10:30:00-07:00,289.27,289.47,288.58,289.06,2066269
2018-09-06T06:30:00-07:00,289.15,289.49,287.01,287.54,4665404
2018-09-06T10:30:00-07:00,287.53,288.65,287.46,288.19,2334626
2018-09-07T06:30:00-07:00,286.98,288.69,286.71,287.42,4062518
2018-09-07T10:30:00-07:00,287.4,287.95,287.11,287.55,2574812
2018-09-10T06:30:00-07:00,288.74,289.04,287.88,288.23,2395145
2018-09-10T10:30:00-07:00,288.22,288.52,287.97,288.09,1790695
2018-09-11T06:30:00-07:00,287.37,289.55,286.98,289.2,2972189
2018-09-11T10:30:00-07:00,289.2,289.49,288.94,289.12,1484719
2018-09-12T06:30:00-07:00,289.06,289.8,288.23,289.17,3718097
2018-09-12T10:30:00-07:00,289.17,289.52,288.56,289.16,2135697
2018-09-13T06:30:00-07:00,290.31,291.03,290,290.64,3347950
2018-09-13T10:30:00-07:00,290.63,290.9,290.38,290.81,1652888
2018-09-14T06:30:00-07:00,291.06,291.27,290.01,290.46,3558468
2018-09-14T10:30:00-07:00,290.455,291.1,290.45,290.9,1809114
2018-09-17T06:30:00-07:00,290.8,290.86,289.74,289.85,2383756
2018-09-17T10:30:00-07:00,289.82,290.11,289.04,289.34,3262739
2018-09-18T06:30:00-07:00,289.56,291.45,289.56,290.99,2939336
2018-09-18T10:30:00-07:00,290.99,291.56,290.855,290.9,2044483
2018-09-19T06:30:00-07:00,290.97,291.68,290.83,291.13,2992118
2018-09-19T10:30:00-07:00,291.12,291.46,291.08,291.25,1480089
2018-09-20T06:30:00-07:00,292.64,293.72,292.51,293.41,3828811
2018-09-20T10:30:00-07:00,293.41,293.94,293.36,293.54,2882937
2018-09-21T06:30:00-07:00,293.09,293.22,292.4,292.53,2916361
2018-09-21T10:30:00-07:00,292.53,292.58,291.815,292.02,2751450
2018-09-24T06:30:00-07:00,291.34,291.5,290.37,290.68,2962018
2018-09-24T10:30:00-07:00,290.68,291.27,290.68,291.07,1677523
2018-09-25T06:30:00-07:00,291.54,291.64,290.66,290.95,1900171
2018-09-25T10:30:00-07:00,290.95,290.99,290.49,290.7,1964025
2018-09-26T06:30:00-07:00,290.91,291.65,290.7,291.51,1593731
2018-09-26T10:30:00-07:00,291.52,292.24,289.41,289.84,4883006
2018-09-27T06:30:00-07:00,290.45,291.9,290.1,291.505,2448537
2018-09-27T10:30:00-07:00,291.505,291.58,290.41,290.65,2656080
2018-09-28T06:30:00-07:00,289.99,291.28,289.95,290.87,2469954
2018-09-28T10:30:00-07:00,290.88,291.1,290.32,290.61,3678927
2018-10-01T06:30:00-07:00,292.14,292.93,291.86,292.16,2632283
2018-10-01T10:30:00-07:00,292.17,292.26,290.98,291.67,2764122
2018-10-02T06:30:00-07:00,291.56,292.35,291.16,292.1,2283088
2018-10-02T10:30:00-07:00,292.105,292.32,291.16,291.57,2073151
2018-10-03T06:30:00-07:00,292.72,293.21,292.33,292.78,2476470
2018-10-03T10:30:00-07:00,292.79,292.935,291.32,291.78,3279873
2018-10-04T06:30:00-07:00,291.19,291.235,288.05,288.37,6523886
2018-10-04T10:30:00-07:00,288.36,289.66,287.67,289.47,4700595
2018-10-05T06:30:00-07:00,289.69,290.26,286.23,286.42,6159480
2018-10-05T10:30:00-07:00,286.4,288.36,286.23,287.89,4365879
2018-10-08T06:30:00-07:00,287.04,288.19,285.515,285.79,5029886
2018-10-08T10:30:00-07:00,285.8,288.22,285.79,287.79,3939991
2018-10-09T06:30:00-07:00,287.39,288.86,286.77,287.725,4543246
2018-10-09T10:30:00-07:00,287.71,288.19,287.135,287.42,2496055
2018-10-10T06:30:00-07:00,286.83,286.85,282.31,283.35,9029551
2018-10-10T10:30:00-07:00,283.32,283.55,277.88,278.19,9413478
2018-10-11T06:30:00-07:00,277.08,278.9,273.91,276.4,11822561
2018-10-11T10:30:00-07:00,276.38,276.71,270.36,272.25,12080847
2018-10-12T06:30:00-07:00,276.77,277.07,272.37,273.83,13496703
2018-10-12T10:30:00-07:00,273.82,277.01,272.67,276.01,6781170
2018-10-15T06:30:00-07:00,275.55,276.65,274.3,275.82,6430446
2018-10-15T10:30:00-07:00,275.8,277.03,274.46,274.47,5096382
2018-10-16T06:30:00-07:00,276.6,279.14,276.08,279.13,4902770
2018-10-16T10:30:00-07:00,279.14,280.82,279.1,280.3,5311542
2018-10-17T06:30:00-07:00,280.44,281.14,277.56,280.76,6103954
2018-10-17T10:30:00-07:00,280.77,281.08,279.2,280.4,4956377
2018-10-18T06:30:00-07:00,279.4,280.07,275.44,275.75,8299258
2018-10-18T10:30:00-07:00,275.79,277.07,274.97,276.465,8197494
2018-10-19T06:30:00-07:00,277.14,279.3,275.98,277.45,5834148
2018-10-19T10:30:00-07:00,277.47,277.6,275.47,276.2,4848193
2018-10-22T06:30:00-07:00,276.99,277.34,274.415,275.33,4531659
2018-10-22T10:30:00-07:00,275.305,276.14,274.94,275.06,2427118
2018-10-23T06:30:00-07:00,270.95,273.015,268.62,272.47,9089689
2018-10-23T10:30:00-07:00,272.47,274.87,271.52,273.54,5924499
2018-10-24T06:30:00-07:00,273.33,273.76,269.4,269.77,8807458
2018-10-24T10:30:00-07:00,269.79,270.61,264.7,265.23,10737462
2018-10-25T06:30:00-07:00,267.38,270.1,266.24,269.45,8601171
2018-10-25T10:30:00-07:00,269.45,271.81,269.35,270.13,6386544
2018-10-26T06:30:00-07:00,265.89,268.78,262.29,267.18,12340167
2018-10-26T10:30:00-07:00,267.16,267.61,263.68,265.29,11816140
2018-10-29T06:30:00-07:00,268.8,270.25,266.18,266.84,7117289
2018-10-29T10:30:00-07:00,266.84,267.87,259.86,263.8,8315867
2018-10-30T06:30:00-07:00,263.67,267.01,263.13,264.14,10179377
2018-10-30T10:30:00-07:00,264.13,268.12,263.58,267.82,7849984
2018-10-31T06:30:00-07:00,270.65,272.72,270.12,272.23,5670357
2018-10-31T10:30:00-07:00,272.25,273.23,270.55,270.69,6606299
2018-11-01T06:30:00-07:00,271.62,273.2,270.38,273.17,4990071
2018-11-01T10:30:00-07:00,273.18,273.73,272.43,273.51,3359873
2018-11-02T06:30:00-07:00,274.745,275.23,269.59,270.85,5952406
2018-11-02T10:30:00-07:00,270.8,272.42,270.04,271.8,4436595
2018-11-05T06:30:00-08:00,272.44,273.08,271.35,272.46,3193239
2018-11-05T10:30:00-08:00,272.48,274.01,272.39,273.43,2546677
2018-11-06T06:30:00-08:00,273.32,274.98,273.27,274.61,2440990
2018-11-06T10:30:00-08:00,274.6,275.29,273.45,275.11,2787397
2018-11-07T06:30:00-08:00,277.58,279.75,277.08,279.64,4176514
2018-11-07T10:30:00-08:00,279.65,281.1,279,280.91,4285614
2018-11-08T06:30:00-08:00,280.14,281.21,280.09,280.18,2621079
2018-11-08T10:30:00-08:00,280.14,280.92,279.22,280.43,2803888
2018-11-09T06:30:00-08:00,279.03,279.24,276.81,277.12,3953386
2018-11-09T10:30:00-08:00,277.11,278.82,276.19,277.83,4004702
2018-11-12T06:30:00-08:00,277.23,277.46,273.09,273.7,3934876
2018-11-12T10:30:00-08:00,273.7,274.93,271.99,272.5,4393674
2018-11-13T06:30:00-08:00,273.09,275.325,271.73,272.91,4453399
2018-11-13T10:30:00-08:00,272.91,273.86,271.25,272.05,3781502
2018-11-14T06:30:00-08:00,274.16,274.6,269.64,270.3,5863131
2018-11-14T10:30:00-08:00,270.27,272.13,268.46,270.14,4927096
2018-11-15T06:30:00-08:00,268.78,271.81,267.03,271.8,6052407
2018-11-15T10:30:00-08:00,271.83,273.54,271.04,273.04,5253836
2018-11-16T06:30:00-08:00,271.79,274.75,271.23,273.03,4578507
2018-11-16T10:30:00-08:00,273.09,274.38,272.37,273.66,3433425
2018-11-19T06:30:00-08:00,273.05,273.37,268.58,268.8,3954191
2018-11-19T10:30:00-08:00,268.84,270.24,268.07,269.12,4043234
2018-11-20T06:30:00-08:00,265.36,266.99,263.33,264.62,6215945
2018-11-20T10:30:00-08:00,264.61,265.33,263.15,264.2,4208737
2018-11-21T06:30:00-08:00,265.86,267.15,265.13,266.57,3091780
2018-11-21T10:30:00-08:00,266.55,266.82,265.02,265.07,2412001
2018-11-23T06:30:00-08:00,263.18,264.82,262.96,262.98,3245476
2018-11-23T10:30:00-08:00,263.02,263.25,262.79,262.79,11155
2018-11-26T06:30:00-08:00,265.78,267.24,265.35,266.04,3584916
2018-11-26T10:30:00-08:00,266.07,267.55,265.91,267.46,2455051
2018-11-27T06:30:00-08:00,266.34,268.02,265.66,267.14,3740697
2018-11-27T10:30:00-08:00,267.1,268.37,267.09,268.34,2441982
2018-11-28T06:30:00-08:00,269.64,272.83,268.54,272.66,6188462
2018-11-28T10:30:00-08:00,272.63,274.54,272.55,274.5,4478603
2018-11-29T06:30:00-08:00,273.71,274.31,272.43,274.04,3778122
2018-11-29T10:30:00-08:00,274.03,275.54,273.84,273.96,3151023
2018-11-30T06:30:00-08:00,273.81,274.975,273.45,274.33,2787849
2018-11-30T10:30:00-08:00,274.33,276.28,274.26,275.76,4153870
2018-12-03T06:30:00-08:00,280.28,280.4,277.505,279.05,5475636
2018-12-03T10:30:00-08:00,279.01,279.46,277.66,279.23,3973642
2018-12-04T06:30:00-08:00,278.38,278.85,271.12,271.67,8214553
2018-12-04T10:30:00-08:00,271.66,273.34,269.91,270.49,8136372
2018-12-06T06:30:00-08:00,265.92,267.14,262.45,265.33,11851399
2018-12-06T10:30:00-08:00,265.31,269.96,264.76,269.94,8799273
2018-12-07T06:30:00-08:00,269.46,271.22,264.57,265.77,8356794
2018-12-07T10:30:00-08:00,265.76,265.83,262.63,263.65,7438885
2018-12-10T06:30:00-08:00,263.37,264.21,258.62,261.94,11926290
2018-12-10T10:30:00-08:00,261.95,265.16,261.85,264.09,5380628
2018-12-11T06:30:00-08:00,267.66,267.87,263.62,264.09,8938666
2018-12-11T10:30:00-08:00,264.06,266.39,262.48,264.09,5873373
2018-12-12T06:30:00-08:00,267.47,268.94,266.485,268.81,5181826
2018-12-12T10:30:00-08:00,268.81,268.83,265.37,265.51,5370002
2018-12-13T06:30:00-08:00,266.52,267.49,264.28,264.79,6606730
2018-12-13T10:30:00-08:00,264.78,266.01,264.12,265.37,3561656
2018-12-14T06:30:00-08:00,262.96,264.03,261.05,261.57,6590353
2018-12-14T10:30:00-08:00,261.54,261.63,259.85,260.49,5946114
2018-12-17T06:30:00-08:00,259.4,260.64,257.08,257.44,6353447
2018-12-17T10:30:00-08:00,257.46,257.81,253.53,255.29,8168218
2018-12-18T06:30:00-08:00,257.19,257.94,255.65,256.77,6369766
2018-12-18T10:30:00-08:00,256.75,256.77,253.34,255.14,6206182
2018-12-19T06:30:00-08:00,255.17,258.37,254.97,257.15,5017291
2018-12-19T10:30:00-08:00,257.14,259.38,249.35,251.2,18186402
2018-12-20T06:30:00-08:00,249.86,251.61,246.79,247.68,13242626
2018-12-20T10:30:00-08:00,247.66,249.46,244.66,247.24,12609087
2018-12-21T06:30:00-08:00,246.74,249.71,242.58,243.88,13815668
2018-12-21T10:30:00-08:00,243.88,244.86,239.98,240.69,9336065
2018-12-24T06:30:00-08:00,239.03,240.29,233.21,233.39,10449853
2018-12-24T10:30:00-08:00,233.68,233.68,233,233.1,4852
2018-12-26T06:30:00-08:00,235.98,240.63,233.76,239.25,10145962
2018-12-26T10:30:00-08:00,239.24,245.98,239.2,245.95,8213182
2018-12-27T06:30:00-08:00,242.57,243.81,240.48,241.04,7326387
2018-12-27T10:30:00-08:00,241.03,248.2,238.96,248.17,9274519
2018-12-28T06:30:00-08:00,249.58,250.11,246.45,247.83,6662554
2018-12-28T10:30:00-08:00,247.84,251.4,246.9,247.81,6387224
2018-12-31T06:30:00-08:00,249.56,250.16,247.48,250.08,4706925
2018-12-31T10:30:00-08:00,250.09,250.12,247.87,250.12,5470515
2019-01-02T06:30:00-08:00,245.98,251.06,245.96,250.81,5533133
2019-01-02T10:30:00-08:00,250.84,251.2,248.72,250.25,3735445
2019-01-03T06:30:00-08:00,248.24,248.57,244.04,245.72,6516280
2019-01-03T10:30:00-08:00,245.71,246.64,243.67,244.13,4146612
2019-01-04T06:30:00-08:00,247.59,253.11,247.18,252.59,6325004
2019-01-04T10:30:00-08:00,252.6,252.99,251.49,252.46,4278855
2019-01-07T06:30:00-08:00,252.69,255.94,251.7,255.69,3820529
2019-01-07T10:30:00-08:00,255.68,255.83,253.94,254.28,3153649
2019-01-08T06:30:00-08:00,256.79,257.3,254,255.69,4309964
2019-01-08T10:30:00-08:00,255.71,256.92,255.36,256.7,2767357
2019-01-09T06:30:00-08:00,257.56,258.79,256.19,258.52,3812100
2019-01-09T10:30:00-08:00,258.51,258.91,257.29,257.88,2964400
2019-01-10T06:30:00-08:00,256.26,258.68,255.51,257.45,3355477
2019-01-10T10:30:00-08:00,257.44,259.16,256.67,258.95,3638622
2019-01-11T06:30:00-08:00,257.68,258.89,257.04,258.12,3193135
2019-01-11T10:30:00-08:00,258.12,258.97,258.02,258.91,2059832
2019-01-14T06:30:00-08:00,256.86,258.22,256.41,258.04,2807746
2019-01-14T10:30:00-08:00,258.04,258.29,257.33,257.46,2270437
2019-01-15T06:30:00-08:00,257.82,260.7,257.81,260.08,4206026
2019-01-15T10:30:00-08:00,260.08,260.58,258.73,260.38,2984686
2019-01-16T06:30:00-08:00,260.83,261.73,260.6,261.29,3006801
2019-01-16T10:30:00-08:00,261.3,261.96,260.86,260.95,2928534
2019-01-17T06:30:00-08:00,260.01,261.95,259.96,261.82,2198986
2019-01-17T10:30:00-08:00,261.85,263.91,261.51,262.98,4348458
2019-01-18T06:30:00-08:00,264.98,266.98,264.11,266.245,5124604
2019-01-18T10:30:00-08:00,266.25,266.56,265.57,266.42,3282528
2019-01-22T06:30:00-08:00,264.82,265.05,261.73,262.2,4598103
2019-01-22T10:30:00-08:00,262.21,262.93,261.09,262.93,5302451
2019-01-23T06:30:00-08:00,264.01,264.78,260.66,262.1,4141263
2019-01-23T10:30:00-08:00,262.1,263.4,261.93,263.31,2958263
2019-01-24T06:30:00-08:00,263.21,264.185,262.09,262.37,3388457
2019-01-24T10:30:00-08:00,262.35,263.76,262.2,263.61,1933810
2019-01-25T06:30:00-08:00,265.61,266.7,265.11,266.19,4633308
2019-01-25T10:30:00-08:00,266.18,266.34,265.27,265.82,3356970
2019-01-28T06:30:00-08:00,263.4,263.49,261.79,262.9,3209213
2019-01-28T10:30:00-08:00,262.9,263.83,262.81,263.78,2339910
2019-01-29T06:30:00-08:00,263.92,264.54,262.49,263.63,3035392
2019-01-29T10:30:00-08:00,263.66,263.99,262.9,263.43,2064477
2019-01-30T06:30:00-08:00,265.1,266.28,264.25,265.59,3072830
2019-01-30T10:30:00-08:00,265.59,268.52,264.97,267.59,4972860
2019-01-31T06:30:00-08:00,267.51,270.39,267.27,269.39,4129044
2019-01-31T10:30:00-08:00,269.4,270.34,268.95,269.89,3354754
2019-02-01T06:30:00-08:00,270.15,271.2,269.53,270.22,3510030
2019-02-01T10:30:00-08:00,270.21,270.36,269.19,270.09,3052275
2019-02-04T06:30:00-08:00,270.11,271.14,269.37,270.97,2262037
2019-02-04T10:30:00-08:00,270.97,272.02,270.95,271.99,2160687
2019-02-05T06:30:00-08:00,272.44,273.37,271.89,272.35,2923709
2019-02-05T10:30:00-08:00,272.35,273.44,272.18,273.19,2528171
2019-02-06T06:30:00-08:00,272.79,273.34,271.92,272.9,2567393
2019-02-06T10:30:00-08:00,272.89,273.05,272.22,272.75,1656548
2019-02-07T06:30:00-08:00,270.94,271.54,268.3,269.32,5749537
2019-02-07T10:30:00-08:00,269.34,270.25,268.67,270.19,3533622
2019-02-08T06:30:00-08:00,268.73,269.44,267.83,269.01,3351857
2019-02-08T10:30:00-08:00,268.98,270.5,268.89,270.48,2078838
2019-02-11T06:30:00-08:00,271.2,271.49,270.15,270.475,2332605
2019-02-11T10:30:00-08:00,270.5,270.86,270.05,270.65,1999399
2019-02-12T06:30:00-08:00,272.42,274.21,272.345,274.155,2918186
2019-02-12T10:30:00-08:00,274.16,274.515,273.9,274.11,2268543
2019-02-13T06:30:00-08:00,275.03,275.93,274.56,275.06,2774566
2019-02-13T10:30:00-08:00,275.06,275.7,274.85,274.99,2024280
2019-02-14T06:30:00-08:00,273.78,275.35,272.87,275.08,4675021
2019-02-14T10:30:00-08:00,275.09,275.64,274.29,274.38,2332404
2019-02-15T06:30:00-08:00,276.37,277.13,276.13,276.28,4535679
2019-02-15T10:30:00-08:00,276.28,277.4,276.26,277.39,2566008
2019-02-19T06:30:00-08:00,276.48,278.24,276.47,277.91,2293727
2019-02-19T10:30:00-08:00,277.89,278.58,277.72,277.85,2118152
2019-02-20T06:30:00-08:00,277.81,278.54,277.46,278.3,2399808
2019-02-20T10:30:00-08:00,278.31,278.915,277.25,278.44,3321825
2019-02-21T06:30:00-08:00,277.71,278.09,276.85,277.73,3253717
2019-02-21T10:30:00-08:00,277.75,277.8,276.35,277.46,2365684
2019-02-22T06:30:00-08:00,278.11,279.35,277.82,278.86,2804671
2019-02-22T10:30:00-08:00,278.86,279.22,278.05,279.14,2788389
2019-02-25T06:30:00-08:00,280.73,281.3,280.08,280.15,2994051
2019-02-25T10:30:00-08:00,280.135,280.41,279.43,279.57,2324219
2019-02-26T06:30:00-08:00,279.12,280.23,278.9,279.48,2766635
2019-02-26T10:30:00-08:00,279.49,280.29,279.27,279.34,1746856
2019-02-27T06:30:00-08:00,278.52,279.46,277.49,279.295,3211317
2019-02-27T10:30:00-08:00,279.3,279.59,278.895,279.23,1446613
2019-02-28T06:30:00-08:00,278.96,279.45,278.4,279.12,2179214
2019-02-28T10:30:00-08:00,279.13,279.32,278.33,278.53,2476963
2019-03-01T06:30:00-08:00,280.44,280.87,278.83,279.71,3188172
2019-03-01T10:30:00-08:00,279.7,280.75,279.7,280.48,2462590
2019-03-04T06:30:00-08:00,281.6,281.87,276.84,277.96,5904037
2019-03-04T10:30:00-08:00,277.96,279.48,277.8,279.41,2873369
2019-03-05T06:30:00-08:00,279.55,279.67,278.415,278.97,2192200
2019-03-05T10:30:00-08:00,278.97,279.75,278.88,279.06,1368609
2019-03-06T06:30:00-08:00,279.15,279.15,277.07,277.19,3018196
2019-03-06T10:30:00-08:00,277.22,277.97,276.97,277.29,2271710
2019-03-07T06:30:00-08:00,276.83,276.98,274.36,275.9,4566109
2019-03-07T10:30:00-08:00,275.925,275.97,274.07,275.08,2725824
2019-03-08T06:30:00-08:00,272.94,273.88,272.42,272.78,4110273
2019-03-08T10:30:00-08:00,272.78,274.65,272.62,274.52,2725259
2019-03-11T06:30:00-07:00,275.26,278.14,275.23,278.11,2306752
2019-03-11T10:30:00-07:00,278.11,278.62,277.96,278.5,2038444
2019-03-12T06:30:00-07:00,279.06,279.99,278.86,279.69,2678721
2019-03-12T10:30:00-07:00,279.71,280.06,278.99,279.44,2389145
2019-03-13T06:30:00-07:00,280.5,282.095,280.3,281.91,2515430
2019-03-13T10:30:00-07:00,281.89,282.36,281.11,281.34,2571088
2019-03-14T06:30:00-07:00,281.37,281.84,280.67,281.32,2075046
2019-03-14T10:30:00-07:00,281.32,281.5,280.89,281.19,1722592
2019-03-15T06:30:00-07:00,280.53,282.19,280.33,281.75,2878929
2019-03-15T10:30:00-07:00,281.75,281.93,280.91,281.34,2437802
2019-03-18T06:30:00-07:00,281.55,282.65,281.31,281.93,2635565
2019-03-18T10:30:00-07:00,281.92,282.56,281.84,282.39,1882111
2019-03-19T06:30:00-07:00,283.52,284.36,282.63,283.45,3519844
2019-03-19T10:30:00-07:00,283.44,283.6,281.42,282.47,3226544
2019-03-20T06:30:00-07:00,282.17,282.23,280.32,280.84,2586363
2019-03-20T10:30:00-07:00,280.845,283.5,280.81,281.53,4882823
2019-03-21T06:30:00-07:00,280.64,284.25,280.61,284.09,3023511
2019-03-21T10:30:00-07:00,284.09,285.18,283.775,284.67,3025146
2019-03-22T06:30:00-07:00,283.22,283.8,279.34,280.06,6415698
2019-03-22T10:30:00-07:00,280.1,281.505,279.18,279.25,4640160
2019-03-25T06:30:00-07:00,278.87,280.18,277.72,278.77,4413434
2019-03-25T10:30:00-07:00,278.75,279.44,277.64,279.04,2252430
2019-03-26T06:30:00-07:00,280.99,282.18,280.22,280.55,2656636
2019-03-26T10:30:00-07:00,280.53,281.08,279.565,281.03,2253352
2019-03-27T06:30:00-07:00,281.11,281.75,277.93,279.74,3931720
2019-03-27T10:30:00-07:00,279.75,280.35,279.39,279.71,2279336
2019-03-28T06:30:00-07:00,280.37,281.2,279.07,280.31,2966580
2019-03-28T10:30:00-07:00,280.33,280.94,280.01,280.79,1735052
2019-03-29T06:30:00-07:00,282.39,282.54,281.15,281.96,2295878
2019-03-29T10:30:00-07:00,281.93,282.83,281.73,282.61,3135169
2019-04-01T06:30:00-07:00,284.7,285.46,284.41,285.34,2925855
2019-04-01T10:30:00-07:00,285.34,286.155,285.28,285.9,2438876
2019-04-02T06:30:00-07:00,286.04,286.05,285.09,285.795,2243316
2019-04-02T10:30:00-07:00,285.8,286.225,285.71,285.97,1094789
2019-04-03T06:30:00-07:00,287.32,287.76,286.36,287.32,2507615
2019-04-03T10:30:00-07:00,287.3,287.3,285.75,286.51,2857640
2019-04-04T06:30:00-07:00,286.78,287.45,286.02,286.6,2576097
2019-04-04T10:30:00-07:00,286.59,287.34,286.54,287.21,1499983
2019-04-05T06:30:00-07:00,287.92,288.54,287.6,288.26,1819187
2019-04-05T10:30:00-07:00,288.26,288.63,288.07,288.53,2065063
2019-04-08T06:30:00-07:00,288.1,288.31,287.37,288.24,2139935
2019-04-08T10:30:00-07:00,288.25,288.9,288.19,288.82,1818065
2019-04-09T06:30:00-07:00,287.72,288.08,286.995,287.44,2498132
2019-04-09T10:30:00-07:00,287.445,287.52,286.7,287.31,2605982
2019-04-10T06:30:00-07:00,287.77,287.97,287.33,287.83,1708322
2019-04-10T10:30:00-07:00,287.82,288.38,287.52,288.29,1768947
2019-04-11T06:30:00-07:00,288.83,288.83,287.58,288.04,2063922
2019-04-11T10:30:00-07:00,288.05,288.365,287.61,288.23,1760049
2019-04-12T06:30:00-07:00,290,290.47,289.26,289.95,2433333
2019-04-12T10:30:00-07:00,289.95,290.2,289.74,290.19,1716908
2019-04-15T06:30:00-07:00,290.24,290.35,289.08,289.76,1995318
2019-04-15T10:30:00-07:00,289.75,290.095,289.69,289.99,1294020
2019-04-16T06:30:00-07:00,290.95,291,290.17,290.33,1932493
2019-04-16T10:30:00-07:00,290.33,290.45,289.51,290.19,1735141
2019-04-17T06:30:00-07:00,291.4,291.42,289.21,289.59,2601163
2019-04-17T10:30:00-07:00,289.6,289.85,288.99,289.48,1490740
2019-04-18T06:30:00-07:00,290.1,290.12,288.66,289.95,2213723
2019-04-18T10:30:00-07:00,289.96,290.32,289.74,290.01,1676845
2019-04-22T06:30:00-07:00,289.17,290.225,289.07,290.05,1235782
2019-04-22T10:30:00-07:00,290.055,290.43,289.93,290.31,1055229
2019-04-23T06:30:00-07:00,290.68,293.12,290.43,292.775,2005598
2019-04-23T10:30:00-07:00,292.79,293,292.56,292.86,1395990
2019-04-24T06:30:00-07:00,292.79,293.15,292.08,292.46,1489624
2019-04-24T10:30:00-07:00,292.47,292.89,292.19,292.24,1268440
2019-04-25T06:30:00-07:00,292.12,292.77,290.73,292.5,2213566
2019-04-25T10:30:00-07:00,292.53,292.775,292.07,292.08,1137447
2019-04-26T06:30:00-07:00,292.1,292.75,291.25,292.45,1798552
2019-04-26T10:30:00-07:00,292.44,293.49,292.14,293.44,1816163
2019-04-29T06:30:00-07:00,293.51,294.29,293.415,294.23,1207536
2019-04-29T10:30:00-07:00,294.23,294.45,293.76,293.81,1074169
2019-04-30T06:30:00-07:00,293.48,293.54,291.93,293.31,2430275
2019-04-30T10:30:00-07:00,293.31,294.34,293.25,293.97,1982905
2019-05-01T06:30:00-07:00,294.72,294.92,293.7,294.14,2294952
2019-05-01T10:30:00-07:00,294.15,294.95,291.8,291.83,3737844
2019-05-02T06:30:00-07:00,291.68,292.69,289.52,291.015,3732252
2019-05-02T10:30:00-07:00,291.01,291.48,290.4,291.26,1671581
2019-05-03T06:30:00-07:00,292.82,294.17,292.57,294.17,2198547
2019-05-03T10:30:00-07:00,294.16,294.34,293.76,294.03,1377789
2019-05-06T06:30:00-07:00,289.25,291.945,288.91,291.64,3610201
2019-05-06T10:30:00-07:00,291.64,293.3,291.53,292.86,2011176
2019-05-07T06:30:00-07:00,290.15,290.8,286.95,287.11,6064238
2019-05-07T10:30:00-07:00,287.04,288.19,285.82,288.03,5599343
2019-05-08T06:30:00-07:00,287.6,289.42,286.87,288.71,4578694
2019-05-08T10:30:00-07:00,288.72,289.25,287.44,287.56,2867891
2019-05-09T06:30:00-07:00,285.25,287.11,283.31,286.21,6346986
2019-05-09T10:30:00-07:00,286.2,287.32,285.58,286.74,2535095
2019-05-10T06:30:00-07:00,285.65,286.55,282.3,286.05,6021517
2019-05-10T10:30:00-07:00,286.08,288.94,285.95,288.03,3529502
2019-05-13T06:30:00-07:00,282.42,283.47,279.93,280.04,6234190
2019-05-13T10:30:00-07:00,280,282.23,279.99,280.965,5313232
2019-05-14T06:30:00-07:00,282.02,284.99,281.85,284.85,3562723
2019-05-14T10:30:00-07:00,284.9,285.1,283.18,283.32,2554366
2019-05-15T06:30:00-07:00,281.59,285.54,281.36,284.88,3283500
2019-05-15T10:30:00-07:00,284.9,285.76,284.895,285.06,1878570
2019-05-16T06:30:00-07:00,285.84,289.21,285.77,288.61,3589075
2019-05-16T10:30:00-07:00,288.605,288.69,287.11,287.64,2691314
2019-05-17T06:30:00-07:00,285.14,288.6,285.13,287.44,4076553
2019-05-17T10:30:00-07:00,287.47,287.81,285.58,285.9,3318425
2019-05-20T06:30:00-07:00,284.06,285.42,283.2,284.48,3967317
2019-05-20T10:30:00-07:00,284.41,284.7,283.12,283.97,2049842
2019-05-21T06:30:00-07:00,285.81,286.93,285.55,286.495,2300028
2019-05-21T10:30:00-07:00,286.48,286.9,286.3,286.49,1567451
2019-05-22T06:30:00-07:00,285.43,286.67,285.1,285.45,2616624
2019-05-22T10:30:00-07:00,285.44,286.34,285.3,285.63,1194247
2019-05-23T06:30:00-07:00,283.21,283.21,280.73,281.28,5327877
2019-05-23T10:30:00-07:00,281.26,282.39,280.58,282.26,3976950
2019-05-24T06:30:00-07:00,283.74,284.2,282.1,283.05,2789997
2019-05-24T10:30:00-07:00,283.03,283.41,282.54,282.8,1499998
2019-05-28T06:30:00-07:00,283.09,284.14,282.48,282.64,2806204
2019-05-28T10:30:00-07:00,282.65,282.88,280.18,280.2,3937506
2019-05-29T06:30:00-07:00,278.91,279.35,276.72,278.24,6659053
2019-05-29T10:30:00-07:00,278.17,278.83,276.97,278.34,3457646
2019-05-30T06:30:00-07:00,279.11,280.04,278.4,278.92,2945634
2019-05-30T10:30:00-07:00,278.92,279.29,277.805,279.05,2244346
2019-05-31T06:30:00-07:00,276.2,277.11,275.3,276.47,4142675
2019-05-31T10:30:00-07:00,276.455,276.65,275.25,275.37,3718005
2019-06-03T06:30:00-07:00,275.31,276.55,273.69,274.87,5350522
2019-06-03T10:30:00-07:00,274.85,275.5,273.09,274.57,3456020
2019-06-04T06:30:00-07:00,277.12,279.72,276.62,279.51,4700574
2019-06-04T10:30:00-07:00,279.53,280.68,279.28,280.52,2800963
2019-06-05T06:30:00-07:00,282.33,282.57,280.32,282.45,4020400
2019-06-05T10:30:00-07:00,282.48,282.99,281.76,282.9,2316290
2019-06-06T06:30:00-07:00,283.29,283.88,282.58,283.66,3091029
2019-06-06T10:30:00-07:00,283.66,285.55,283.52,284.74,3109615
2019-06-07T06:30:00-07:00,285.93,288.85,285.75,288.08,4413793
2019-06-07T10:30:00-07:00,288.095,288.38,287.515,287.63,2297905
2019-06-10T06:30:00-07:00,289.37,290.82,289.17,289.9,3253615
2019-06-10T10:30:00-07:00,289.9,290.07,288.88,288.94,2231491
2019-06-11T06:30:00-07:00,290.99,291.39,288.19,288.52,3284023
2019-06-11T10:30:00-07:00,288.51,289.46,288.35,288.89,1802131
2019-06-12T06:30:00-07:00,288.65,289.26,287.82,288.37,2758303
2019-06-12T10:30:00-07:00,288.39,288.55,288.02,288.35,1245534
2019-06-13T06:30:00-07:00,289.4,289.97,288.63,289.58,2646007
2019-06-13T10:30:00-07:00,289.64,289.73,288.62,289.65,1747443
2019-06-14T06:30:00-07:00,289.27,289.31,288.42,288.85,2635000
2019-06-14T10:30:00-07:00,288.86,289.92,288.72,289.19,2140160
2019-06-17T06:30:00-07:00,289.52,290.2,289.19,289.72,1987068
2019-06-17T10:30:00-07:00,289.7,290.14,289.18,289.44,1417595
2019-06-18T06:30:00-07:00,291.39,293.56,290.99,292.11,5331540
2019-06-18T10:30:00-07:00,292.11,292.82,291.93,292.29,2331474
2019-06-19T06:30:00-07:00,292.55,292.7,291.9,292.07,2137466
2019-06-19T10:30:00-07:00,292.07,293.65,291.47,293.06,4548222
2019-06-20T06:30:00-07:00,296.04,296.16,293.62,295.2,4989980
2019-06-20T10:30:00-07:00,295.23,296.3,294.91,295.84,3176318
2019-06-21T06:30:00-07:00,294.13,295.51,293.77,294.375,3891657
2019-06-21T10:30:00-07:00,294.38,294.885,293.95,294.09,2506692
2019-06-24T06:30:00-07:00,294.23,294.58,293.85,294.07,2239356
2019-06-24T10:30:00-07:00,294.06,294.21,293.47,293.64,2005179
2019-06-25T06:30:00-07:00,293.7,293.73,291.29,292.1,3822938
2019-06-25T10:30:00-07:00,292.05,292.46,290.64,290.79,3075072
2019-06-26T06:30:00-07:00,291.75,292.31,291.01,291.01,2456815
2019-06-26T10:30:00-07:00,291.015,291.14,290.345,290.47,1893512
2019-06-27T06:30:00-07:00,291.31,291.96,290.92,291.9,2771073
2019-06-27T10:30:00-07:00,291.91,292.06,291.47,291.55,1472883
2019-06-28T06:30:00-07:00,292.6,293.19,292.02,292.755,2427832
2019-06-28T10:30:00-07:00,292.76,293.55,292.23,293.07,2904257
2019-07-01T06:30:00-07:00,296.67,296.92,294.48,294.85,4143756
2019-07-01T10:30:00-07:00,294.85,295.77,294.33,295.61,2694457
2019-07-02T06:30:00-07:00,295.62,296.15,294.69,295.44,3470597
2019-07-02T10:30:00-07:00,295.44,296.49,295.34,296.46,2237909
2019-07-03T06:30:00-07:00,297.18,298.94,297.02,298.93,3548591
2019-07-03T10:30:00-07:00,298.74,298.74,298.63,298.64,2000
2019-07-05T06:30:00-07:00,297.44,297.96,296.03,297.96,3512839
2019-07-05T10:30:00-07:00,297.97,298.63,297.71,298.36,1705066
2019-07-08T06:30:00-07:00,297.01,297.33,296.35,296.61,2297883
2019-07-08T10:30:00-07:00,296.635,297.095,296.23,296.86,1766526
2019-07-09T06:30:00-07:00,295.56,296.86,295.48,296.76,2041470
2019-07-09T10:30:00-07:00,296.75,297.52,296.56,297.26,1616524
2019-07-10T06:30:00-07:00,298.37,299.66,297.79,298.79,3116229
2019-07-10T10:30:00-07:00,298.795,299.25,298.28,298.61,1660603
2019-07-11T06:30:00-07:00,299.32,299.58,298.53,298.74,2699726
2019-07-11T10:30:00-07:00,298.71,299.33,298.21,299.29,1808282
2019-07-12T06:30:00-07:00,299.85,300.135,299.51,300.07,2364542
2019-07-12T10:30:00-07:00,300.05,300.73,299.92,300.68,1770228
2019-07-15T06:30:00-07:00,301.13,301.13,300.21,300.36,2090252
2019-07-15T10:30:00-07:00,300.365,300.775,300.33,300.76,1026466
2019-07-16T06:30:00-07:00,300.65,300.88,299.45,300.16,2050728
2019-07-16T10:30:00-07:00,300.16,300.2,299.455,299.72,1562244
2019-07-17T06:30:00-07:00,299.73,299.92,298.34,298.865,2015477
2019-07-17T10:30:00-07:00,298.87,299.13,297.76,297.77,1526972
2019-07-18T06:30:00-07:00,297.19,298.11,296.7,297.62,2383313
2019-07-18T10:30:00-07:00,297.625,299.235,297.45,298.85,2009628
2019-07-19T06:30:00-07:00,300.04,300.06,298.45,299.06,2863787
2019-07-19T10:30:00-07:00,299.03,299.24,296.98,297.12,3100796
2019-07-22T06:30:00-07:00,297.61,298.11,297.05,297.85,1904246
2019-07-22T10:30:00-07:00,297.82,298.49,297.65,297.92,1443147
2019-07-23T06:30:00-07:00,299.15,299.19,298.23,298.85,1783877
2019-07-23T10:30:00-07:00,298.87,300.02,298.86,299.97,2194761
2019-07-24T06:30:00-07:00,299.16,300.5,299.09,300.39,2042862
2019-07-24T10:30:00-07:00,300.38,301.41,300.23,301.38,1850696
2019-07-25T06:30:00-07:00,300.95,301,299.12,299.65,2917145
2019-07-25T10:30:00-07:00,299.67,300.3,299.34,299.96,1991482
2019-07-26T06:30:00-07:00,300.76,301.86,300.62,301.73,1892328
2019-07-26T10:30:00-07:00,301.73,302.22,301.63,301.99,1471581
2019-07-29T06:30:00-07:00,301.88,301.93,300.85,301.58,2297763
2019-07-29T10:30:00-07:00,301.59,301.74,301.33,301.49,1326387
2019-07-30T06:30:00-07:00,299.91,300.92,299.49,300.41,2307339
2019-07-30T10:30:00-07:00,300.45,301.16,300.4,300.81,1723176
2019-07-31T06:30:00-07:00,301,301.2,300.3,300.94,1801017
2019-07-31T10:30:00-07:00,300.92,301.03,295.2,297.38,11826025
2019-08-01T06:30:00-07:00,297.6,300.87,297.48,298.23,4976188
2019-08-01T10:30:00-07:00,298.21,298.98,293.96,294.87,13487083
2019-08-02T06:30:00-07:00,293.83,294.11,290.9,291.52,6496335
2019-08-02T10:30:00-07:00,291.54,293.99,291.21,292.76,4568010
2019-08-05T06:30:00-07:00,288.09,288.2,284.18,284.88,8644640
2019-08-05T10:30:00-07:00,284.88,285.5,281.73,284.03,7697040
2019-08-06T06:30:00-07:00,285.91,286.93,284.28,286.12,7293222
2019-08-06T10:30:00-07:00,286.13,288.03,286,287.79,5013992
2019-08-07T06:30:00-07:00,284.4,286.49,282.05,286.02,10322635
2019-08-07T10:30:00-07:00,286.03,288.82,286.03,288.03,6129611
2019-08-08T06:30:00-07:00,289.62,293.01,289.02,292.25,4694893
2019-08-08T10:30:00-07:00,292.295,293.56,292.14,293.54,3518704
2019-08-09T06:30:00-07:00,292.58,293.24,289.65,291.96,7177415
2019-08-09T10:30:00-07:00,291.96,292.96,291.43,291.58,3112003
2019-08-12T06:30:00-07:00,289.96,290.56,288.59,289.11,3832056
2019-08-12T10:30:00-07:00,289.07,289.15,287.02,287.66,2156089
2019-08-13T06:30:00-07:00,287.74,294.15,287.37,292.58,7260414
2019-08-13T10:30:00-07:00,292.56,293.32,292.115,292.43,2310484
2019-08-14T06:30:00-07:00,288.07,288.74,283.97,285.36,7378447
2019-08-14T10:30:00-07:00,285.35,285.99,283.76,283.93,5935921
2019-08-15T06:30:00-07:00,284.9,285.64,283.34,284.31,5353257
2019-08-15T10:30:00-07:00,284.3,285.43,282.39,284.69,3919252
2019-08-16T06:30:00-07:00,286.48,289.11,286.43,289.03,4264967
2019-08-16T10:30:00-07:00,289.04,289.33,288.35,288.86,2815776
2019-08-19T06:30:00-07:00,292.28,293.08,291.45,292.86,2993344
2019-08-19T10:30:00-07:00,292.85,292.91,292.21,292.31,2176013
2019-08-20T06:30:00-07:00,291.77,292.355,290.35,291.56,2425914
2019-08-20T10:30:00-07:00,291.59,291.59,289.95,290.05,2517019
2019-08-21T06:30:00-07:00,292.48,292.86,291.98,292.55,2587952
2019-08-21T10:30:00-07:00,292.56,292.67,291.73,292.42,1826904
2019-08-22T06:30:00-07:00,293.23,293.92,290.4,292.61,4354225
2019-08-22T10:30:00-07:00,292.62,293.23,292.15,292.32,2034434
2019-08-23T06:30:00-07:00,290.92,292.75,285.8,285.92,8775178
2019-08-23T10:30:00-07:00,285.95,286.89,283.48,284.81,5325772
2019-08-26T06:30:00-07:00,287.27,287.91,285.59,287.36,5072461
2019-08-26T10:30:00-07:00,287.36,287.98,286.46,287.97,2422065
2019-08-27T06:30:00-07:00,289.54,289.94,286.03,286.85,3848189
2019-08-27T10:30:00-07:00,286.83,288.19,286.65,286.88,2489240
2019-08-28T06:30:00-07:00,286.14,288.81,285.25,288.41,4312685
2019-08-28T10:30:00-07:00,288.42,289.07,288.275,288.84,2465651
2019-08-29T06:30:00-07:00,291.72,292.91,290.62,292.64,4407536
2019-08-29T10:30:00-07:00,292.66,293.16,292.24,292.56,2277344
2019-08-30T06:30:00-07:00,294.23,294.23,291.43,292.5,3623550
2019-08-30T10:30:00-07:00,292.48,293.055,291.72,292.47,2665666
2019-09-03T06:30:00-07:00,290.57,291.58,289.27,290.21,4317572
2019-09-03T10:30:00-07:00,290.2,291.06,289.6,290.77,2181003
2019-09-04T06:30:00-07:00,293.13,293.59,292.31,293.54,3004211
2019-09-04T10:30:00-07:00,293.55,294.05,293.05,293.96,1748441
2019-09-05T06:30:00-07:00,296.81,298.82,296.65,297.85,5563776
2019-09-05T10:30:00-07:00,297.85,298.3,297.54,297.83,2415874
2019-09-06T06:30:00-07:00,298.17,298.645,297.42,298.63,2994900
2019-09-06T10:30:00-07:00,298.63,298.76,297.88,298.07,2072268
2019-09-09T06:30:00-07:00,299.14,299.24,297.16,297.6,2635831
2019-09-09T10:30:00-07:00,297.59,298.23,297.4,298.15,2004380
2019-09-10T06:30:00-07:00,297.36,297.79,295.97,297.18,4274290
2019-09-10T10:30:00-07:00,297.17,298.2,296.52,298.2,1432063
2019-09-11T06:30:00-07:00,298.47,299.91,297.76,299.73,2207700
2019-09-11T10:30:00-07:00,299.74,300.33,299.31,300.29,1959621
2019-09-12T06:30:00-07:00,301.25,302.45,300.42,302.07,3810258
2019-09-12T10:30:00-07:00,302.07,302.39,301.13,301.27,1802518
2019-09-13T06:30:00-07:00,301.8,302.17,301.27,301.47,2483021
2019-09-13T10:30:00-07:00,301.46,301.47,300.68,301.05,1927455
2019-09-16T06:30:00-07:00,299.82,300.64,299.45,300.07,2551966
2019-09-16T10:30:00-07:00,300.1,300.43,299.97,300.16,1654484
2019-09-17T06:30:00-07:00,299.93,300.56,299.77,300.09,1668351
2019-09-17T10:30:00-07:00,300.09,301.02,300.08,300.94,1477330
2019-09-18T06:30:00-07:00,300.49,300.57,299.67,299.68,1795349
2019-09-18T10:30:00-07:00,299.685,301.22,298.25,301.1,3991513
2019-09-19T06:30:00-07:00,301.54,302.63,301.5,301.8,2664479
2019-09-19T10:30:00-07:00,301.8,301.87,300.72,301.06,1985372
2019-09-20T06:30:00-07:00,300.36,300.67,297.45,298.68,3169493
2019-09-20T10:30:00-07:00,298.69,299.22,298.08,298.12,3050864
2019-09-23T06:30:00-07:00,297.55,298.71,297.29,298.65,1865617
2019-09-23T10:30:00-07:00,298.61,299,298.18,298.25,1208651
2019-09-24T06:30:00-07:00,299.41,299.83,294.84,295.04,4609257
2019-09-24T10:30:00-07:00,295.045,296.93,294.82,295.81,4256204
2019-09-25T06:30:00-07:00,295.95,296.93,294.33,296.55,3443830
2019-09-25T10:30:00-07:00,296.59,298.1,296.47,297.6,2061704
2019-09-26T06:30:00-07:00,297.63,297.63,295.46,296.23,3006568
2019-09-26T10:30:00-07:00,296.21,297.85,296.17,296.97,2351771
2019-09-27T06:30:00-07:00,297.83,297.94,294.71,295.28,4121459
2019-09-27T10:30:00-07:00,295.285,295.45,293.7,295.36,3978637
2019-09-30T06:30:00-07:00,295.97,297.485,295.92,297.29,2332655
2019-09-30T10:30:00-07:00,297.29,297.545,296.6,296.83,2555386
2019-10-01T06:30:00-07:00,297.74,298.45,293.37,293.39,4043680
2019-10-01T10:30:00-07:00,293.43,294.18,293,293.22,3386598
2019-10-02T06:30:00-07:00,291.5,291.51,286.64,287.64,8017022
2019-10-02T10:30:00-07:00,287.605,288.95,287.03,288.05,4155891
2019-10-03T06:30:00-07:00,287.82,289.67,284.83,289.36,6320889
2019-10-03T10:30:00-07:00,289.4,290.4,289.1,290.38,2362642
2019-10-04T06:30:00-07:00,291.14,293.13,291.11,293.03,3111149
2019-10-04T10:30:00-07:00,293.005,294.63,292.955,294.36,2647667
2019-10-07T06:30:00-07:00,293.47,294.84,292.78,294.11,2438588
2019-10-07T10:30:00-07:00,294.11,295.26,293.01,293.1,3506065
2019-10-08T06:30:00-07:00,291.04,291.11,288.88,290.68,4978391
2019-10-08T10:30:00-07:00,290.7,291.85,288.49,288.55,5055541
2019-10-09T06:30:00-07:00,290.75,291.82,290.06,291.12,3240235
2019-10-09T10:30:00-07:00,291.1,292.3,291.05,291.23,2842076
2019-10-10T06:30:00-07:00,291.18,294.21,291,293.05,4146116
2019-10-10T10:30:00-07:00,293.04,293.66,292.05,293.24,2958617
2019-10-11T06:30:00-07:00,296.27,298.72,296.15,297.55,5471122
2019-10-11T10:30:00-07:00,297.63,298.64,296.16,296.26,4754447
2019-10-14T06:30:00-07:00,295.93,296.66,295.58,296.14,1927308
2019-10-14T10:30:00-07:00,296.12,296.54,295.91,296,1532098
2019-10-15T06:30:00-07:00,297.1,299.59,296.97,299.2,2680879
2019-10-15T10:30:00-07:00,299.25,299.69,298.88,298.89,1778933
2019-10-16T06:30:00-07:00,298.37,299.16,297.92,298.08,1935105
2019-10-16T10:30:00-07:00,298.08,298.71,298,298.41,1769384
2019-10-17T06:30:00-07:00,299.68,300.24,298.52,299.25,2652206
2019-10-17T10:30:00-07:00,299.255,299.68,299.02,299.24,1420493
2019-10-18T06:30:00-07:00,298.69,299.39,297,298.23,2869671
2019-10-18T10:30:00-07:00,298.24,298.94,297.98,297.98,2082102
2019-10-21T06:30:00-07:00,299.42,299.94,298.94,299.765,1563921
2019-10-21T10:30:00-07:00,299.74,300.21,299.595,300.05,1489182
2019-10-22T06:30:00-07:00,300.58,300.89,300.17,300.62,1679442
2019-10-22T10:30:00-07:00,300.625,300.77,298.92,299.04,2031880
2019-10-23T06:30:00-07:00,298.73,299.75,298.5,299.29,1512777
2019-10-23T10:30:00-07:00,299.29,299.93,298.79,299.86,1339070
2019-10-24T06:30:00-07:00,300.9,301.07,299.47,300.02,2055506
2019-10-24T10:30:00-07:00,300.03,300.64,299.59,300.42,1085652
2019-10-25T06:30:00-07:00,299.75,302.2,299.72,301.84,1897308
2019-10-25T10:30:00-07:00,301.84,301.84,301.26,301.64,1716718
2019-10-28T06:30:00-07:00,302.93,303.85,302.93,303.41,1817395
2019-10-28T10:30:00-07:00,303.4,303.695,303.26,303.35,1463926
2019-10-29T06:30:00-07:00,303.03,304.23,302.86,303.75,2364449
2019-10-29T10:30:00-07:00,303.75,303.88,302.94,303.19,1369658
2019-10-30T06:30:00-07:00,303.43,303.43,301.99,302.9,1792127
2019-10-30T10:30:00-07:00,302.92,304.54,302.1,304.14,3104298
2019-10-31T06:30:00-07:00,304.13,304.13,301.73,302.5,3390249
2019-10-31T10:30:00-07:00,302.5,303.39,301.85,303.26,2690547
2019-11-01T06:30:00-07:00,304.92,305.89,304.75,305.67,3101912
2019-11-01T10:30:00-07:00,305.68,306.19,305.54,306.18,2551121
2019-11-04T06:30:00-08:00,307.85,308,307.23,307.61,2004630
2019-11-04T10:30:00-08:00,307.62,307.65,306.96,307.34,1834683
2019-11-05T06:30:00-08:00,307.59,307.91,306.71,307.27,1977801
2019-11-05T10:30:00-08:00,307.26,307.5,306.84,307,1398902
2019-11-06T06:30:00-08:00,307.04,307.4,306.07,306.82,2663205
2019-11-06T10:30:00-08:00,306.83,307.19,306.72,307.14,1459432
2019-11-07T06:30:00-08:00,308.57,309.45,308.51,308.885,2635780
2019-11-07T10:30:00-08:00,308.87,308.99,307.66,308.22,2158592
2019-11-08T06:30:00-08:00,307.8,308.44,307.04,308.23,2400366
2019-11-08T10:30:00-08:00,308.26,308.955,308.03,308.95,1834775
2019-11-11T06:30:00-08:00,307.4,308.42,307.28,308.41,1342679
2019-11-11T10:30:00-08:00,308.415,308.53,308.11,308.39,911594
2019-11-12T06:30:00-08:00,308.73,309.99,308.555,309.27,2243714
2019-11-12T10:30:00-08:00,309.275,309.6,308.15,308.94,1622504
2019-11-13T06:30:00-08:00,307.91,309.42,307.67,309.26,1759046
2019-11-13T10:30:00-08:00,309.25,309.54,308.42,309.08,2967942
2019-11-14T06:30:00-08:00,308.79,309.46,308.1,308.93,1990105
2019-11-14T10:30:00-08:00,308.93,309.64,308.25,309.53,2507201
2019-11-15T06:30:00-08:00,311.02,311.46,310.27,311.15,1942169
2019-11-15T10:30:00-08:00,311.145,311.82,311.08,311.82,2062324
2019-11-18T06:30:00-08:00,311.53,312,311.03,311.97,2058285
2019-11-18T10:30:00-08:00,311.97,312.28,311.67,312.01,1712519
2019-11-19T06:30:00-08:00,312.67,312.67,311.22,311.95,2758009
2019-11-19T10:30:00-08:00,311.95,312.4,311.82,311.89,2361189
2019-11-20T06:30:00-08:00,311.28,311.8,309.07,309.39,3337751
2019-11-20T10:30:00-08:00,309.39,310.92,309.15,310.8,3019443
2019-11-21T06:30:00-08:00,310.87,311.01,309.39,310.51,2240041
2019-11-21T10:30:00-08:00,310.52,310.83,309.88,310.29,1800354
2019-11-22T06:30:00-08:00,311.09,311.24,309.85,310.88,1915616
2019-11-22T10:30:00-08:00,310.89,311.02,310.6,310.98,1490780
2019-11-25T06:30:00-08:00,311.98,313.15,311.98,312.96,1825001
2019-11-25T10:30:00-08:00,312.965,313.37,312.83,313.35,1711731
2019-11-26T06:30:00-08:00,313.41,314.17,313.07,313.79,1906353
2019-11-26T10:30:00-08:00,313.79,314.27,313.47,314.02,1508455
2019-11-27T06:30:00-08:00,314.61,315.32,314.37,315.27,1534088
2019-11-27T10:30:00-08:00,315.275,315.47,315.22,315.44,1388491
2019-11-29T06:30:00-08:00,314.86,315.12,314.06,314.5,2311982
2019-11-29T10:30:00-08:00,314.46,314.51,314.32,314.45,20395
2019-12-02T06:30:00-08:00,314.59,314.65,311.19,312.06,3978616
2019-12-02T10:30:00-08:00,312.065,312.59,311.48,311.6,2446578
2019-12-03T06:30:00-08:00,308.65,308.9,307.13,308.85,4117580
2019-12-03T10:30:00-08:00,308.85,309.64,308.32,309.47,2173795
2019-12-04T06:30:00-08:00,310.7,311.97,310.32,311.67,2587216
2019-12-04T10:30:00-08:00,311.66,312.12,311.37,311.47,1621991
2019-12-05T06:30:00-08:00,312.24,312.24,310.59,311.35,1831369
2019-12-05T10:30:00-08:00,311.34,312.2,311.14,312.04,1615015
2019-12-06T06:30:00-08:00,314.12,315.3,314.12,315.2,2399056
2019-12-06T10:30:00-08:00,315.19,315.25,314.67,314.82,1434622
2019-12-09T06:30:00-08:00,314.44,315.18,314.31,314.39,1324578
2019-12-09T10:30:00-08:00,314.37,314.53,313.8,313.87,1299033
2019-12-10T06:30:00-08:00,313.82,314.55,312.82,313.98,2105433
2019-12-10T10:30:00-08:00,313.99,314.16,313.04,313.56,1570245
2019-12-11T06:30:00-08:00,314.03,314.54,313.61,313.82,1199757
2019-12-11T10:30:00-08:00,313.82,314.7,313.6,314.4,2350458
2019-12-12T06:30:00-08:00,314.43,317.99,314.18,316.32,5187474
2019-12-12T10:30:00-08:00,316.35,317.67,315.765,317.14,3503575
2019-12-13T06:30:00-08:00,316.87,318.67,316.02,317.31,5997221
2019-12-13T10:30:00-08:00,317.305,317.5,317.08,317.28,1990632
2019-12-16T06:30:00-08:00,319.25,320.14,319.18,319.97,2686285
2019-12-16T10:30:00-08:00,319.97,320.13,319.49,319.51,1908874
2019-12-17T06:30:00-08:00,319.92,320.24,319.53,319.74,1616423
2019-12-17T10:30:00-08:00,319.74,319.98,319.48,319.56,1913841
2019-12-18T06:30:00-08:00,320,320.25,319.53,319.85,1598065
2019-12-18T10:30:00-08:00,319.85,320.07,319.55,319.58,1503505
2019-12-19T06:30:00-08:00,319.8,320.77,319.75,320.64,1644434
2019-12-19T10:30:00-08:00,320.63,320.98,320.42,320.9,2152134
2019-12-20T06:30:00-08:00,320.46,321.37,320.39,321.16,3631390
2019-12-20T10:30:00-08:00,321.17,321.44,320.84,320.96,3114854
2019-12-23T06:30:00-08:00,321.59,321.64,321.22,321.51,1560738
2019-12-23T10:30:00-08:00,321.5,321.51,321.065,321.22,1205027
2019-12-24T06:30:00-08:00,321.47,321.51,320.91,321.34,1341287
2019-12-26T06:30:00-08:00,321.65,322.47,321.64,322.32,943643
2019-12-26T10:30:00-08:00,322.31,322.93,322.02,322.91,1049641
2019-12-27T06:30:00-08:00,323.74,323.79,322.49,322.94,1465953
2019-12-27T10:30:00-08:00,322.94,323.3,322.28,322.87,1552086
2019-12-30T06:30:00-08:00,322.95,323.1,320.55,321.6,2354060
2019-12-30T10:30:00-08:00,321.6,321.8,320.705,321.1,1596461
2019-12-31T06:30:00-08:00,320.53,321.53,320.15,320.72,1528035
2019-12-31T10:30:00-08:00,320.73,322.12,320.73,321.89,2208325
2020-01-02T06:30:00-08:00,323.54,324.015,322.54,323.09,2293935
2020-01-02T10:30:00-08:00,323.1,324.85,322.97,324.84,2367320
2020-01-03T06:30:00-08:00,321.16,323.64,321.12,323.39,3321519
2020-01-03T10:30:00-08:00,323.39,323.54,322.32,322.44,2999432
2020-01-06T06:30:00-08:00,320.49,322.8,320.37,322.8,2377747
2020-01-06T10:30:00-08:00,322.81,323.73,322.6,323.65,2440032
2020-01-07T06:30:00-08:00,323.04,323.54,322.24,323.04,1746831
2020-01-07T10:30:00-08:00,323.04,323.36,322.64,322.77,1725822
2020-01-08T06:30:00-08:00,322.94,325.22,322.67,324.8,3393272
2020-01-08T10:30:00-08:00,324.83,325.78,324.23,324.42,3284546
2020-01-09T06:30:00-08:00,326.15,326.605,325.525,326.1,2471563
2020-01-09T10:30:00-08:00,326.09,326.73,325.995,326.64,1937515
2020-01-10T06:30:00-08:00,327.32,327.455,325.93,326.74,2155988
2020-01-10T10:30:00-08:00,326.75,326.89,325.205,325.7,1921258
2020-01-13T06:30:00-08:00,326.39,327.54,325.92,327.31,1919920
2020-01-13T10:30:00-08:00,327.28,327.96,327.13,327.96,1505349
2020-01-14T06:30:00-08:00,327.47,328.55,327.04,328.48,1914565
2020-01-14T10:30:00-08:00,328.48,328.61,326.85,327.44,3390045
2020-01-15T06:30:00-08:00,327.34,329.02,327.3,328.14,2648712
2020-01-15T10:30:00-08:00,328.14,328.66,327.26,328.18,3105646
2020-01-16T06:30:00-08:00,329.69,330.02,329.45,329.885,2188045
2020-01-16T10:30:00-08:00,329.88,330.91,329.81,330.9,2398729
2020-01-17T06:30:00-08:00,331.7,331.82,331.07,331.61,2495045
2020-01-17T10:30:00-08:00,331.61,332.18,331.3,332,2477470
2020-01-21T06:30:00-08:00,330.89,332.18,330.89,331.52,2739158
2020-01-21T10:30:00-08:00,331.53,331.76,330.83,331.31,2483556
2020-01-22T06:30:00-08:00,332.24,332.95,331.66,332.31,2137480
2020-01-22T10:30:00-08:00,332.31,332.39,331.19,331.4,1488993
2020-01-23T06:30:00-08:00,330.63,330.98,329.415,330.61,2405122
2020-01-23T10:30:00-08:00,330.6,331.92,330.59,331.74,2142298
2020-01-24T06:30:00-08:00,332.43,332.5,328.7,328.9,4085092
2020-01-24T10:30:00-08:00,328.89,329.25,327.365,328.74,4141845
2020-01-27T06:30:00-08:00,323.03,325.12,322.68,324.86,4583373
2020-01-27T10:30:00-08:00,324.86,325.06,323.45,323.52,3468530
2020-01-28T06:30:00-08:00,325.06,327.46,324.55,326.86,2898853
2020-01-28T10:30:00-08:00,326.87,327.85,326.64,326.9,2806455
2020-01-29T06:30:00-08:00,328.38,328.46,326.4,328.19,2255425
2020-01-29T10:30:00-08:00,328.18,328.63,326.56,326.62,2432237
2020-01-30T06:30:00-08:00,324.36,325.89,323.56,324.4,3648287
2020-01-30T10:30:00-08:00,324.425,327.9,324.27,327.66,3864321
2020-01-31T06:30:00-08:00,327,327.17,322.09,322.37,6096409
2020-01-31T10:30:00-08:00,322.38,323.22,320.74,321.74,5832500
2020-02-03T06:30:00-08:00,323.35,326.15,323.23,324.21,3806974
2020-02-03T10:30:00-08:00,324.22,325.005,323.9,324.15,2224301
2020-02-04T06:30:00-08:00,328.1,329.89,327.72,329.29,3098314
2020-02-04T10:30:00-08:00,329.29,330.01,328.88,329.1,1746343
2020-02-05T06:30:00-08:00,332.27,332.42,330.68,331.86,3137215
2020-02-05T10:30:00-08:00,331.83,333.09,331.76,332.83,2210259
2020-02-06T06:30:00-08:00,333.91,334.18,332.81,333.73,2070924
2020-02-06T10:30:00-08:00,333.72,334.11,333.49,333.95,1385035
2020-02-07T06:30:00-08:00,332.82,333.62,331.93,333.11,2070088
2020-02-07T10:30:00-08:00,333.11,333.18,331.61,332.2,2223211
2020-02-10T06:30:00-08:00,331.23,333.7,331.23,333.2,1891484
2020-02-10T10:30:00-08:00,333.2,334.72,333.03,334.69,1546908
2020-02-11T06:30:00-08:00,336.16,337.02,335.51,336.2,2466579
2020-02-11T10:30:00-08:00,336.2,336.33,334.75,335.28,1822180
2020-02-12T06:30:00-08:00,336.83,337.27,336.43,336.76,2080041
2020-02-12T10:30:00-08:00,336.73,337.64,336.72,337.41,1359721
2020-02-13T06:30:00-08:00,335.91,337.72,335.58,337.55,2534699
2020-02-13T10:30:00-08:00,337.515,338.12,336.78,337.07,1968357
2020-02-14T06:30:00-08:00,337.51,337.72,336.49,336.65,1999390
2020-02-14T10:30:00-08:00,336.68,337.61,336.21,337.6,2643382
2020-02-18T06:30:00-08:00,336.55,337.12,335.21,336.38,2704342
2020-02-18T10:30:00-08:00,336.37,337.16,335.96,336.7,1962826
2020-02-19T06:30:00-08:00,337.82,338.91,337.48,338.76,1653968
2020-02-19T10:30:00-08:00,338.765,339.07,338.21,338.33,1601408
2020-02-20T06:30:00-08:00,337.77,338.635,333.7,336.2,5756001
2020-02-20T10:30:00-08:00,336.23,337.25,335.71,336.98,2066678
2020-02-21T06:30:00-08:00,335.47,335.79,333.03,333.52,5409729
2020-02-21T10:30:00-08:00,333.54,333.91,332.59,333.49,3628369
2020-02-24T06:30:00-08:00,323.14,325.84,321.24,322.56,8890544
2020-02-24T10:30:00-08:00,322.56,325.2,322.07,322.43,6515061
2020-02-25T06:30:00-08:00,323.94,324.6,316.18,316.55,9661807
2020-02-25T10:30:00-08:00,316.54,316.68,311.69,312.7,12355917
2020-02-26T06:30:00-08:00,314.18,318.11,312.69,314.08,12742568
2020-02-26T10:30:00-08:00,314.07,314.18,310.71,311.58,11619848
2020-02-27T06:30:00-08:00,305.46,309.635,300.66,306.97,16655017
2020-02-27T10:30:00-08:00,307.06,307.56,297.52,297.56,14347636
2020-02-28T06:30:00-08:00,288.7,296.13,285.545,292.77,27065530
2020-02-28T10:30:00-08:00,292.71,296.33,288.03,296.16,15854429
2020-03-02T06:30:00-08:00,298.22,304.06,294.46,301.3,14666823
2020-03-02T10:30:00-08:00,301.34,309.16,298.98,309.07,8620295
2020-03-03T06:30:00-08:00,309.4,313.81,301.29,302.625,16229057
2020-03-03T10:30:00-08:00,302.64,304.24,297.57,300.33,14226908
2020-03-04T06:30:00-08:00,306.07,309.41,303.34,308.91,11019891
2020-03-04T10:30:00-08:00,308.89,313.1,308.18,312.93,9892936
2020-03-05T06:30:00-08:00,304.98,308.47,301.48,303.06,11496066
2020-03-05T10:30:00-08:00,303.08,304.18,300.02,302.45,9268582
2020-03-06T06:30:00-08:00,293.15,297.97,291.54,295.59,18153164
2020-03-06T10:30:00-08:00,295.53,298.78,290.24,297.41,18444005
2020-03-09T06:30:00-07:00,275.3,284.19,273.51,278.58,17740456
2020-03-09T10:30:00-07:00,278.61,279.31,273.45,274.4,19974322
2020-03-10T06:30:00-07:00,284.64,285.18,273.5,279.26,15460559
2020-03-10T10:30:00-07:00,279.27,288.51,276.11,288.45,13857756
2020-03-11T06:30:00-07:00,280.7,281.92,274.84,276.54,17782710
2020-03-11T10:30:00-07:00,276.54,277.03,270.89,274.4,17068973
2020-03-12T06:30:00-07:00,255.99,266.65,249.73,258.59,36207996
2020-03-12T10:30:00-07:00,258.58,259.74,247.68,248.09,18495290
2020-03-13T06:30:00-07:00,263.09,264.11,249.58,258.64,17992319
2020-03-13T10:30:00-07:00,258.65,271.06,253.26,270.98,16093030
2020-03-16T06:30:00-07:00,241.18,256.89,237.37,249.03,11483581
2020-03-16T10:30:00-07:00,249.01,251.04,238.81,239.44,13850844
2020-03-17T06:30:00-07:00,245.01,256,237.07,246.88,13619465
2020-03-17T10:30:00-07:00,246.93,254.84,246.1,254.19,9162293
2020-03-18T06:30:00-07:00,236.25,246.04,232.77,232.95,13207259
2020-03-18T10:30:00-07:00,232.96,241.81,228.03,241.12,15464389
2020-03-19T06:30:00-07:00,239.25,246.36,232.22,241.81,17901459
2020-03-19T10:30:00-07:00,241.81,247.36,240.35,241.09,15404751
2020-03-20T06:30:00-07:00,242.53,244.47,234.32,237.37,17229475
2020-03-20T10:30:00-07:00,237.32,238.88,228.59,228.95,13614899
2020-03-23T06:30:00-07:00,228.19,229.38,218.28,225.42,17472700
2020-03-23T10:30:00-07:00,225.38,226.97,219.02,222.5,11853406
2020-03-24T06:30:00-07:00,234.42,242.95,233.81,239.42,20332636
2020-03-24T10:30:00-07:00,239.41,244.1,235.05,243.62,9141251
2020-03-25T06:30:00-07:00,244.87,254.16,239.76,253.75,12253273
2020-03-25T10:30:00-07:00,253.76,256.35,245.59,246.77,12856719
2020-03-26T06:30:00-07:00,249.57,259.36,249.08,256.14,11783563
2020-03-26T10:30:00-07:00,256.09,262.8,254.83,261.41,8581465
2020-03-27T06:30:00-07:00,253.24,256.22,251.08,254.15,8216652
2020-03-27T10:30:00-07:00,254.16,260.8,252.55,253.39,9333281
2020-03-30T06:30:00-07:00,255.7,260.37,253.53,259.85,5429376
2020-03-30T10:30:00-07:00,259.98,262.42,257.94,261.69,5272019
2020-03-31T06:30:00-07:00,260.58,263.31,257.94,258.68,7507335
2020-03-31T10:30:00-07:00,258.69,260.63,256.22,257.71,6381023
2020-04-01T06:30:00-07:00,247.98,251.44,245.81,247.12,8564415
2020-04-01T10:30:00-07:00,247.09,248.71,243.9,246.13,6332648
2020-04-02T06:30:00-07:00,245.19,252.67,244.6,248.01,11688633
2020-04-02T10:30:00-07:00,247.97,252.25,245.94,251.85,5248070
2020-04-03T06:30:00-07:00,250.765,253.32,246.37,246.7,6488596
2020-04-03T10:30:00-07:00,246.69,249.16,245.23,248.22,5248282
2020-04-06T06:30:00-07:00,257.87,262.5,256.73,262.035,7027785
2020-04-06T10:30:00-07:00,262.04,266.97,261.29,264.97,8034294
2020-04-07T06:30:00-07:00,274.21,275.03,268.02,272.14,9370340
2020-04-07T10:30:00-07:00,272.18,272.23,264.89,265.1,8038886
2020-04-08T06:30:00-07:00,267.93,272.37,265.57,271.42,5727361
2020-04-08T10:30:00-07:00,271.42,275.4,270.07,274.07,6411075
2020-04-09T06:30:00-07:00,277.58,280.95,276.87,280.87,8592712
2020-04-09T10:30:00-07:00,280.88,281.19,275.47,278.24,6035663
2020-04-13T06:30:00-07:00,277.14,277.42,271.41,272.91,4273123
2020-04-13T10:30:00-07:00,272.88,276.54,272.68,275.58,3681820
2020-04-14T06:30:00-07:00,280.98,283.78,279.91,282.8,6463256
2020-04-14T10:30:00-07:00,282.82,284.68,282.57,283.87,4621177
2020-04-15T06:30:00-07:00,277.57,278.74,275.46,277.81,5547195
2020-04-15T10:30:00-07:00,277.8,279.58,277.035,277.74,3928165
2020-04-16T06:30:00-07:00,279.15,280.03,275.76,277.78,6022887
2020-04-16T10:30:00-07:00,277.78,279.98,276.83,279.16,3815962
2020-04-17T06:30:00-07:00,285.38,285.68,282.41,283.98,5541242
2020-04-17T10:30:00-07:00,284.03,287.3,282.65,286.72,4424264
2020-04-20T06:30:00-07:00,282.61,286.29,282.23,284.56,3775944
2020-04-20T10:30:00-07:00,284.58,285.13,281.35,281.6,3362903
2020-04-21T06:30:00-07:00,276.73,278.04,272.02,274.47,5810853
2020-04-21T10:30:00-07:00,274.49,275.69,272.59,273.02,4697970
2020-04-22T06:30:00-07:00,278.35,279.29,276.92,279.22,3415017
2020-04-22T10:30:00-07:00,279.24,281,278.84,279.17,3164354
2020-04-23T06:30:00-07:00,280.49,283.94,278.88,280.3,7492389
2020-04-23T10:30:00-07:00,280.3,281.53,278.77,279.08,4225290
2020-04-24T06:30:00-07:00,280.73,281.29,278.5,280.31,3096608
2020-04-24T10:30:00-07:00,280.31,283.69,280.08,283.04,3297340
2020-04-27T06:30:00-07:00,285.09,287.34,284.62,286.55,3357568
2020-04-27T10:30:00-07:00,286.54,288.27,286.1,287.09,3134688
2020-04-28T06:30:00-07:00,291.02,291.4,285.58,287.4,6434366
2020-04-28T10:30:00-07:00,287.38,288.36,285.41,285.77,3346150
2020-04-29T06:30:00-07:00,291.53,294.575,290.42,294.01,7539765
2020-04-29T10:30:00-07:00,294,294.87,292.52,293.19,5914628
2020-04-30T06:30:00-07:00,291.7,292.23,288.59,289.77,6666574
2020-04-30T10:30:00-07:00,289.75,291.18,288.86,290.38,4414429
2020-05-01T06:30:00-07:00,285.31,286.04,281.57,282.14,5896556
2020-05-01T10:30:00-07:00,282.14,283.385,281.52,282.74,4996657
2020-05-04T06:30:00-07:00,280.74,282.11,279.14,280.79,4733329
2020-05-04T10:30:00-07:00,280.8,283.9,280.8,283.65,2907876
2020-05-05T06:30:00-07:00,286.64,289.24,286.27,288.49,3907590
2020-05-05T10:30:00-07:00,288.53,289.25,285.75,286.21,3983494
2020-05-06T06:30:00-07:00,288.05,288.46,285.06,286.71,4736010
2020-05-06T10:30:00-07:00,286.75,287.4,284.01,284.28,3390613
2020-05-07T06:30:00-07:00,287.75,289.77,287.23,288.94,4160477
2020-05-07T10:30:00-07:00,288.97,289.305,287.13,287.69,2534667
2020-05-08T06:30:00-07:00,291.095,292.05,289.86,291.48,3145774
2020-05-08T10:30:00-07:00,291.48,292.87,290.765,292.46,2775126
2020-05-11T06:30:00-07:00,290.31,293.81,289.88,293.68,4645910
2020-05-11T10:30:00-07:00,293.67,294,292.5,292.55,2994691
2020-05-12T06:30:00-07:00,293.79,294.22,290.5,290.81,3498904
2020-05-12T10:30:00-07:00,290.82,291.55,286.55,286.61,4811562
2020-05-13T06:30:00-07:00,286.06,287.19,279.61,281.39,9109966
2020-05-13T10:30:00-07:00,281.42,282.08,278.97,281.67,4858089
2020-05-14T06:30:00-07:00,278.93,283.33,276.39,283.31,8713176
2020-05-14T10:30:00-07:00,283.28,285.1,281.05,285.06,5245551
2020-05-15T06:30:00-07:00,282.37,285.12,281.34,284.86,5864376
2020-05-15T10:30:00-07:00,284.84,286.33,284.14,286.26,4595568
2020-05-18T06:30:00-07:00,293.06,295.78,292.7,295.78,5593431
2020-05-18T10:30:00-07:00,295.77,296.67,294.96,294.98,3929722
2020-05-19T06:30:00-07:00,294.35,295.98,293.53,295.36,3402295
2020-05-19T10:30:00-07:00,295.31,296.2,291.96,292.02,5352103
2020-05-20T06:30:00-07:00,295.82,297.87,295.58,296.2,4351006
2020-05-20T10:30:00-07:00,296.26,297.42,295.83,296.96,3278213
2020-05-21T06:30:00-07:00,296.79,297.67,293.69,295.33,4561042
2020-05-21T10:30:00-07:00,295.29,295.81,294.38,294.79,2730730
2020-05-22T06:30:00-07:00,294.57,294.83,293.23,294.66,3329914
2020-05-22T10:30:00-07:00,294.65,295.62,294.25,295.42,2160733
2020-05-26T06:30:00-07:00,301.94,302.18,299.9,301.43,4020286
2020-05-26T10:30:00-07:00,301.42,301.46,298.7,299.15,3103328
2020-05-27T06:30:00-07:00,302.12,302.22,296.87,300.24,7032109
2020-05-27T10:30:00-07:00,300.27,303.57,299.67,303.53,3700516
2020-05-28T06:30:00-07:00,304.65,306.68,303.32,306.63,3828754
2020-05-28T10:30:00-07:00,306.625,306.84,302.25,302.96,5322886
2020-05-29T06:30:00-07:00,302.45,303.14,299.55,301.41,5504499
2020-05-29T10:30:00-07:00,301.4,304.96,300.07,304.16,7424856
2020-06-01T06:30:00-07:00,303.62,306.1,303.06,305.98,2591549
2020-06-01T10:30:00-07:00,306.01,306.2,305.31,305.57,1438880
2020-06-02T06:30:00-07:00,306.55,307.26,305.1,306.9,3595224
2020-06-02T10:30:00-07:00,306.89,308.13,306.04,308.13,3772303
2020-06-03T06:30:00-07:00,310.23,312.05,309.95,311.56,4661376
2020-06-03T10:30:00-07:00,311.58,313.22,311.19,312.21,3974395
2020-06-04T06:30:00-07:00,311.11,312.99,310.4,310.53,4303240
2020-06-04T10:30:00-07:00,310.58,311.68,309.08,311.31,2890086
2020-06-05T06:30:00-07:00,317.23,321.27,317.17,320.65,6903539
2020-06-05T10:30:00-07:00,320.64,320.74,318.37,319.28,4405150
2020-06-08T06:30:00-07:00,320.22,321.36,319.63,321.09,2810815
2020-06-08T10:30:00-07:00,321.075,323.41,320.94,323.25,3094443
2020-06-09T06:30:00-07:00,320.36,321.94,319.37,321.94,3492949
2020-06-09T10:30:00-07:00,321.93,322.36,320.48,320.81,2752135
2020-06-10T06:30:00-07:00,321.49,321.77,318.24,320.095,3789720
2020-06-10T10:30:00-07:00,320.1,322.39,318.88,319,4281960
2020-06-11T06:30:00-07:00,311.46,312.13,303.77,304.87,10777477
2020-06-11T10:30:00-07:00,304.89,305.38,300.01,300.6,11368546
2020-06-12T06:30:00-07:00,308.24,309.07,300.46,301.85,12264604
2020-06-12T10:30:00-07:00,301.83,305.065,298.61,304.22,10990871
2020-06-15T06:30:00-07:00,298.02,305.3,296.74,304.46,8423296
2020-06-15T10:30:00-07:00,304.45,308.27,303.81,307.01,7184341
2020-06-16T06:30:00-07:00,315.48,315.64,307.67,313.72,9439226
2020-06-16T10:30:00-07:00,313.66,314.36,310.62,312.93,5251925
2020-06-17T06:30:00-07:00,314.07,314.16,311.16,314.02,3944764
2020-06-17T10:30:00-07:00,314.01,314.38,310.86,311.57,2990175
2020-06-18T06:30:00-07:00,310.005,312.3,309.52,311.58,3417106
2020-06-18T10:30:00-07:00,311.55,312,310.06,311.75,4128836
2020-06-19T06:30:00-07:00,314.17,314.37,307.95,308.95,6240754
2020-06-19T10:30:00-07:00,308.89,310.54,307.21,308.58,5112270
2020-06-22T06:30:00-07:00,307.99,310.8,306.78,310.26,3699510
2020-06-22T10:30:00-07:00,310.27,311.04,309.3,310.66,2723495
2020-06-23T06:30:00-07:00,313.48,314.35,312.11,314.2,3093527
2020-06-23T10:30:00-07:00,314.24,314.49,311.62,312.01,2953314
2020-06-24T06:30:00-07:00,309.84,310.5,302.11,303.91,8268037
2020-06-24T10:30:00-07:00,303.89,305.73,302.79,304.12,6803044
2020-06-25T06:30:00-07:00,303.47,305.26,301.29,304.51,5300015
2020-06-25T10:30:00-07:00,304.43,307.64,303.51,307.26,3846104
2020-06-26T06:30:00-07:00,306.16,306.39,300.5,302.14,6475979
2020-06-26T10:30:00-07:00,302.17,302.58,299.44,300.02,5710773
2020-06-29T06:30:00-07:00,301.41,303.8,298.94,303.56,4420162
2020-06-29T10:30:00-07:00,303.565,304.45,302.22,304.44,2712585
2020-06-30T06:30:00-07:00,303.99,307.53,303.84,306.44,4904853
2020-06-30T10:30:00-07:00,306.44,310.2,305.91,308.57,6541404
2020-07-01T06:30:00-07:00,309.57,311.43,309.07,310.81,4093445
2020-07-01T10:30:00-07:00,310.83,311.88,310.31,310.58,2332271
2020-07-02T06:30:00-07:00,314.24,315.69,312.04,313.62,3693307
2020-07-02T10:30:00-07:00,313.63,314.4,311.52,312.19,3233712
2020-07-06T06:30:00-07:00,316.38,317.46,315.58,316.55,3009574
2020-07-06T10:30:00-07:00,316.57,317.2,315.56,316.99,2370472
2020-07-07T06:30:00-07:00,315.38,317.52,314.92,316.23,3474180
2020-07-07T10:30:00-07:00,316.24,316.42,313.37,313.71,4265983
2020-07-08T06:30:00-07:00,314.61,316.29,312.71,313.94,2639712
2020-07-08T10:30:00-07:00,313.92,316.17,313.61,316.13,2167716
2020-07-09T06:30:00-07:00,316.84,317.1,310.68,313.94,5481150
2020-07-09T10:30:00-07:00,313.93,315.54,313.19,314.43,2827581
2020-07-10T06:30:00-07:00,314.27,316.13,312.77,315.96,3016789
2020-07-10T10:30:00-07:00,315.93,317.87,315.72,317.61,1812417
2020-07-13T06:30:00-07:00,320.13,322.45,319.25,322.27,3220082
2020-07-13T10:30:00-07:00,322.27,322.71,314.14,314.81,6668102
2020-07-14T06:30:00-07:00,313.3,316.63,312,315.53,4486602
2020-07-14T10:30:00-07:00,315.5,319.3,315.42,318.89,3376827
2020-07-15T06:30:00-07:00,322.41,323.03,319.27,321.32,4791724
2020-07-15T10:30:00-07:00,321.32,322.58,320.2,321.87,3226780
2020-07-16T06:30:00-07:00,319.79,320.71,319.09,320.57,2724305
2020-07-16T10:30:00-07:00,320.56,321.28,319.22,320.77,2520431
2020-07-17T06:30:00-07:00,321.88,321.88,319.745,321.43,2393924
2020-07-17T10:30:00-07:00,321.45,322.57,321.1,321.67,2657958
2020-07-20T06:30:00-07:00,321.43,323.31,320.66,323.29,2151136
2020-07-20T10:30:00-07:00,323.3,325.12,323.16,324.36,2142747
2020-07-21T06:30:00-07:00,326.445,326.92,325.44,326.33,3121526
2020-07-21T10:30:00-07:00,326.28,326.845,323.95,325.03,2363459
2020-07-22T06:30:00-07:00,324.61,326.3,324.5,325.77,2086950
2020-07-22T10:30:00-07:00,325.79,327.16,324.74,326.83,2692284
2020-07-23T06:30:00-07:00,326.47,327.22,324.66,324.94,2670017
2020-07-23T10:30:00-07:00,324.86,325.01,321.49,322.94,5329801
2020-07-24T06:30:00-07:00,320.95,321.985,319.25,320.19,4243449
2020-07-24T10:30:00-07:00,320.19,321.44,319.68,320.87,2701609
2020-07-27T06:30:00-07:00,321.63,322.95,320.775,322.64,1815169
2020-07-27T10:30:00-07:00,322.64,323.41,322.175,323.19,1605681
2020-07-28T06:30:00-07:00,322.44,323.48,321.32,323.15,1715950
2020-07-28T10:30:00-07:00,323.16,323.64,320.87,321.19,2176024
2020-07-29T06:30:00-07:00,322.12,324.3,322.08,324.215,1665510
2020-07-29T10:30:00-07:00,324.19,325.73,323.64,325.09,2586682
2020-07-30T06:30:00-07:00,321.89,324.4,319.64,323.72,3694874
2020-07-30T10:30:00-07:00,323.73,324.4,323.12,323.98,2501979
2020-07-31T06:30:00-07:00,325.9,326.11,321.34,322.73,3320297
2020-07-31T10:30:00-07:00,322.72,326.61,321.97,326.55,3292839
2020-08-03T06:30:00-07:00,328.32,329.37,327.73,329.1,2141274
2020-08-03T10:30:00-07:00,329.1,329.61,328.4,328.77,1946278
2020-08-04T06:30:00-07:00,327.87,329.66,327.87,329.27,1936190
2020-08-04T10:30:00-07:00,329.3,330.06,327.96,330.02,1552137
2020-08-05T06:30:00-07:00,331.49,332.38,331.25,331.87,1761587
2020-08-05T10:30:00-07:00,331.89,332.34,331.19,332.07,1774008
2020-08-06T06:30:00-07:00,331.48,332.64,331.14,332.47,1750382
2020-08-06T10:30:00-07:00,332.49,334.45,332.36,334.3,2135280
2020-08-07T06:30:00-07:00,333.28,334.65,332.86,333.67,2231060
2020-08-07T10:30:00-07:00,333.68,334.76,332.31,334.58,3231629
2020-08-10T06:30:00-07:00,335.06,335.58,332.96,335.21,2106891
2020-08-10T10:30:00-07:00,335.26,335.77,334.79,335.54,1763337
2020-08-11T06:30:00-07:00,336.91,337.53,335.54,337.44,2134649
2020-08-11T10:30:00-07:00,337.47,337.47,332.01,332.84,3466493
2020-08-12T06:30:00-07:00,335.45,337.8,335.44,336.67,2387097
2020-08-12T10:30:00-07:00,336.67,338.28,336.66,337.41,2449787
2020-08-13T06:30:00-07:00,336.61,338.25,336.48,337.57,1618386
2020-08-13T10:30:00-07:00,337.56,337.87,335.83,336.86,2285403
2020-08-14T06:30:00-07:00,336.42,337.33,335.91,337.14,1331331
2020-08-14T10:30:00-07:00,337.15,337.42,335.67,336.87,1884568
2020-08-17T06:30:00-07:00,337.95,338.34,337.48,338.04,1431730
2020-08-17T10:30:00-07:00,338.06,338.16,337.59,337.87,1259188
2020-08-18T06:30:00-07:00,338.34,339.07,336.62,338.66,1698350
2020-08-18T10:30:00-07:00,338.66,339.1,338.28,338.61,1481271
2020-08-19T06:30:00-07:00,339.05,339.61,338.63,339.18,1495731
2020-08-19T10:30:00-07:00,339.18,339.58,336.62,337.22,4714464
2020-08-20T06:30:00-07:00,335.38,337.86,335.22,337.47,2115627
2020-08-20T10:30:00-07:00,337.47,338.79,337.44,338.26,2183833
2020-08-21T06:30:00-07:00,337.92,338.94,337.55,338.58,2086067
2020-08-21T10:30:00-07:00,338.565,339.71,338.52,339.44,1642145
2020-08-24T06:30:00-07:00,342.12,342.41,341.06,341.81,2210768
2020-08-24T10:30:00-07:00,341.77,343,341.14,342.93,1911859
2020-08-25T06:30:00-07:00,343.55,343.7,342.27,343.31,2041587
2020-08-25T10:30:00-07:00,343.29,344.21,343.01,344.1,1458882
2020-08-26T06:30:00-07:00,344.73,347.02,344.17,346.71,2571292
2020-08-26T10:30:00-07:00,346.7,347.86,346.31,347.57,2454416
2020-08-27T06:30:00-07:00,348.51,349.87,346.53,348.25,3738485
2020-08-27T10:30:00-07:00,348.32,349.7,347.6,348.29,2184288
2020-08-28T06:30:00-07:00,349.44,349.705,348.16,348.81,2127924
2020-08-28T10:30:00-07:00,348.82,350.71,348.76,350.54,2269106
2020-08-31T06:30:00-07:00,350.35,350.84,349.1,350.59,2244562
2020-08-31T10:30:00-07:00,350.585,351.3,349.31,349.34,2473021
2020-09-01T06:30:00-07:00,350.21,351.39,349.25,351,2876449
2020-09-01T10:30:00-07:00,351.01,352.68,350.93,352.58,2002397
2020-09-02T06:30:00-07:00,354.67,356.51,353.44,356.47,3632836
2020-09-02T10:30:00-07:00,356.47,358.74,355.81,357.68,4071955
2020-09-03T06:30:00-07:00,355.87,356.37,344.28,346.93,9430204
2020-09-03T10:30:00-07:00,346.91,346.91,342.6,345.41,6618902
2020-09-04T06:30:00-07:00,346.13,347.8,334.88,339.34,9445518
2020-09-04T10:30:00-07:00,339.32,345.4,338.46,342.61,5144353
2020-09-08T06:30:00-07:00,336.67,338.05,333.88,336.87,5477448
2020-09-08T10:30:00-07:00,336.88,337.73,332.88,333.26,5865662
2020-09-09T06:30:00-07:00,337.55,342.23,336.62,341.76,4594663
2020-09-09T10:30:00-07:00,341.755,342.46,339.63,339.75,4390428
2020-09-10T06:30:00-07:00,341.82,342.52,337.36,338.52,4206673
2020-09-10T10:30:00-07:00,338.59,339.2,332.85,333.93,6063838
2020-09-11T06:30:00-07:00,335.82,336.97,331.6,331.69,4978445
2020-09-11T10:30:00-07:00,331.7,335.36,331.01,334.08,3534598
2020-09-14T06:30:00-07:00,337.49,340.37,336.95,338.755,2698764
2020-09-14T10:30:00-07:00,338.74,339.82,337.55,338.42,3785340
2020-09-15T06:30:00-07:00,341.16,342.02,340.61,341.5,2190153
2020-09-15T10:30:00-07:00,341.5,341.64,339.02,340.16,2568417
2020-09-16T06:30:00-07:00,341.51,342.36,340.32,340.72,2429388
2020-09-16T10:30:00-07:00,340.71,343.06,338.53,338.81,4890405
2020-09-17T06:30:00-07:00,333.56,337.68,333,334.07,5626772
2020-09-17T10:30:00-07:00,334.07,336.04,333.01,335.86,3282968
2020-09-18T06:30:00-07:00,335.37,335.49,329.08,329.08,5216257
2020-09-18T10:30:00-07:00,329.09,331.565,327.98,330.68,3456762
2020-09-21T06:30:00-07:00,325.7,326.48,321.73,324.39,4774608
2020-09-21T10:30:00-07:00,324.395,327.09,322.17,327.01,4393393
2020-09-22T06:30:00-07:00,328.56,329.12,325.86,328.33,2834461
2020-09-22T10:30:00-07:00,328.32,330.9,328.16,330.33,3077316
2020-09-23T06:30:00-07:00,330.9,331.19,327.14,327.87,2786739
2020-09-23T10:30:00-07:00,327.88,328,322.1,322.66,6107714
2020-09-24T06:30:00-07:00,321.22,326.41,319.8,326.29,4765509
2020-09-24T10:30:00-07:00,326.34,326.78,321.85,323.52,3384563
2020-09-25T06:30:00-07:00,322.59,326.4,321.64,326.2,4050757
2020-09-25T10:30:00-07:00,326.25,329.58,326.14,328.7,3780816
2020-09-28T06:30:00-07:00,333.22,334.58,332.16,334.24,2758839
2020-09-28T10:30:00-07:00,334.35,334.96,333.54,334.2,2321046
2020-09-29T06:30:00-07:00,333.95,334.76,331.64,332.61,2902358
2020-09-29T10:30:00-07:00,332.59,333.88,332.37,332.39,1997151
2020-09-30T06:30:00-07:00,333.09,337.58,333.05,336.65,2913723
2020-09-30T10:30:00-07:00,336.65,338.29,332.89,334.88,6329185
2020-10-01T06:30:00-07:00,337.69,338.72,335.59,336.81,3179874
2020-10-01T10:30:00-07:00,336.83,337.39,335.02,337.02,3697377
2020-10-02T06:30:00-07:00,331.7,335.91,331.2,335.59,5622740
2020-10-02T10:30:00-07:00,335.6,335.7,333.66,333.88,3725575
2020-10-05T06:30:00-07:00,336.07,338.86,336.06,338.45,1741619
2020-10-05T10:30:00-07:00,338.46,339.95,337.52,339.73,2936431
2020-10-06T06:30:00-07:00,339.91,341,338.66,340.56,2659639
2020-10-06T10:30:00-07:00,340.57,342.16,334.38,334.94,10077102
2020-10-07T06:30:00-07:00,338.12,339.88,338.1,339.8,1989181
2020-10-07T10:30:00-07:00,339.83,341.63,339.76,340.73,3168271
2020-10-08T06:30:00-07:00,342.85,343.56,341.86,343.05,2613327
2020-10-08T10:30:00-07:00,343.05,343.85,342.8,343.73,2275389
2020-10-09T06:30:00-07:00,345.56,347.35,344.89,346.51,3904123
2020-10-09T10:30:00-07:00,346.52,346.99,345.95,346.83,2290862
2020-10-12T06:30:00-07:00,349.59,353.58,349.07,353.51,3005804
2020-10-12T10:30:00-07:00,353.56,354.02,352.19,352.42,5116086
2020-10-13T06:30:00-07:00,352.28,352.37,350.3,351.05,3641474
2020-10-13T10:30:00-07:00,351.08,351.51,349.1,350.15,2706860
2020-10-14T06:30:00-07:00,350.75,351.93,347.14,347.74,3166729
2020-10-14T10:30:00-07:00,347.74,349.3,347.2,347.97,2758827
2020-10-15T06:30:00-07:00,343.71,346.36,343.14,346.04,4097856
2020-10-15T10:30:00-07:00,346.05,348.02,345.99,347.51,3237197
2020-10-16T06:30:00-07:00,348.96,350.74,348.29,349.31,2809583
2020-10-16T10:30:00-07:00,349.32,349.91,347.1,347.24,3455506
2020-10-19T06:30:00-07:00,348.62,349.32,345.6,345.88,2353468
2020-10-19T10:30:00-07:00,345.87,345.92,341.05,342.02,5176630
2020-10-20T06:30:00-07:00,343.46,346.58,342.64,346.42,3075733
2020-10-20T10:30:00-07:00,346.41,346.88,342.68,343.34,3735550
2020-10-21T06:30:00-07:00,343.33,345.66,342.4,343.56,3772242
2020-10-21T10:30:00-07:00,343.66,345.01,342.61,342.69,4008451
2020-10-22T06:30:00-07:00,342.95,344.36,340.65,343.84,3549727
2020-10-22T10:30:00-07:00,343.84,345.24,343.5,344.62,2749849
2020-10-23T06:30:00-07:00,345.97,345.97,343.15,344.49,2848229
2020-10-23T10:30:00-07:00,344.56,345.77,344.25,345.76,2195454
2020-10-26T06:30:00-07:00,342.13,342.98,336.17,336.2,4838974
2020-10-26T10:30:00-07:00,336.18,339.46,335.63,339.41,4637649
2020-10-27T06:30:00-07:00,339.75,340.07,338.15,339.52,2924847
2020-10-27T10:30:00-07:00,339.48,340.12,337.99,338.26,3206026
2020-10-28T06:30:00-07:00,332.1,332.835,327.15,328.25,8671225
2020-10-28T10:30:00-07:00,328.27,329.84,326.14,326.68,6170077
2020-10-29T06:30:00-07:00,326.96,330.06,325.09,329.99,5489739
2020-10-29T10:30:00-07:00,329.99,333.39,329.94,329.99,4892970
2020-10-30T06:30:00-07:00,328.24,329.69,323.24,324.85,6660759
2020-10-30T10:30:00-07:00,324.83,326.87,322.61,326.53,6597848
2020-11-02T06:30:00-08:00,330.19,332.35,327.65,328.28,4566361
2020-11-02T10:30:00-08:00,328.24,330.42,327.24,330.21,4576380
2020-11-03T06:30:00-08:00,333.7,338.25,333.18,336.21,5003633
2020-11-03T10:30:00-08:00,336.26,338.08,334.89,335.97,5293851
2020-11-04T06:30:00-08:00,340.85,347.93,339.59,346.29,9739422
2020-11-04T10:30:00-08:00,346.31,347.17,343.17,343.49,6411595
2020-11-05T06:30:00-08:00,349.25,352.17,348.87,350.82,5563951
2020-11-05T10:30:00-08:00,350.87,352.06,349.49,350.2,4081712
2020-11-06T06:30:00-08:00,349.93,350.89,347.66,350.7,3205187
2020-11-06T10:30:00-08:00,350.68,351.5,349.22,350.19,3293412
2020-11-09T06:30:00-08:00,363.97,364.38,358.69,361.51,11127587
2020-11-09T10:30:00-08:00,361.51,361.77,354.07,354.53,6537025
2020-11-10T06:30:00-08:00,353.49,355.17,350.59,352.87,4272264
2020-11-10T10:30:00-08:00,352.85,354.81,352.23,354.07,4004007
2020-11-11T06:30:00-08:00,356.38,357.56,355.13,357.01,2167772
2020-11-11T10:30:00-08:00,357.07,357.44,355.08,356.62,2548373
2020-11-12T06:30:00-08:00,355.56,356.42,351.97,352.26,2926714
2020-11-12T10:30:00-08:00,352.2,353.88,351.27,353.26,4214812
2020-11-13T06:30:00-08:00,355.27,357.13,354.71,356.89,2324550
2020-11-13T10:30:00-08:00,356.865,358.89,356.42,358.05,3083099
2020-11-16T06:30:00-08:00,360.97,362.22,359.6,360.13,2481355
2020-11-16T10:30:00-08:00,360.13,362.48,359.66,362.43,3701966
2020-11-17T06:30:00-08:00,359.96,361.74,358.34,361.41,2474828
2020-11-17T10:30:00-08:00,361.4,361.92,359.75,360.64,2385724
2020-11-18T06:30:00-08:00,360.96,361.5,360.17,360.17,1621074
2020-11-18T10:30:00-08:00,360.17,360.54,356.25,356.29,3390601
2020-11-19T06:30:00-08:00,355.61,356.68,354.19,356.14,2551526
2020-11-19T10:30:00-08:00,356.17,358.17,356.04,357.76,2158246
2020-11-20T06:30:00-08:00,357.5,357.705,356.19,357.24,1727271
2020-11-20T10:30:00-08:00,357.21,357.44,355.25,355.34,2091829
2020-11-23T06:30:00-08:00,357.27,358.78,354.87,356.61,2400355
2020-11-23T10:30:00-08:00,356.63,358.37,356.22,357.47,2842805
2020-11-24T06:30:00-08:00,360.27,363.49,359.3,362.76,2561039
2020-11-24T10:30:00-08:00,362.79,363.8,362.32,363.19,3387043
2020-11-25T06:30:00-08:00,363.13,363.15,361.48,362.38,1742343
2020-11-25T10:30:00-08:00,362.36,363.16,361.93,362.64,1800712
2020-11-27T06:30:00-08:00,363.83,364.18,362.59,363.75,1934548
2020-11-27T10:30:00-08:00,363.78,364,363.7,363.7,17929
2020-11-30T06:30:00-08:00,362.83,363.12,359.18,361.19,2287663
2020-11-30T10:30:00-08:00,361.2,362.4,360.67,361.99,3988590
2020-12-01T06:30:00-08:00,365.55,367.44,364.94,366.98,2786665
2020-12-01T10:30:00-08:00,366.99,367.68,365.46,365.98,3250167
2020-12-02T06:30:00-08:00,364.82,366.46,364.2,366.07,1813223
2020-12-02T10:30:00-08:00,366.1,366.95,365.5,366.75,1558190
2020-12-03T06:30:00-08:00,366.68,367.99,366.68,367.17,1568098
2020-12-03T10:30:00-08:00,367.16,368.17,365.5,366.66,4585674
2020-12-04T06:30:00-08:00,367.32,369.26,367.24,368.895,1653347
2020-12-04T10:30:00-08:00,368.905,369.84,368.56,369.84,2045791
2020-12-07T06:30:00-08:00,369.02,369.61,368.24,368.57,1411018
2020-12-07T10:30:00-08:00,368.55,369.2,367.72,369.12,1899775
2020-12-08T06:30:00-08:00,367.71,370.3,367.68,370.25,1512564
2020-12-08T10:30:00-08:00,370.21,370.77,369.92,370.16,1284657
2020-12-09T06:30:00-08:00,370.88,371.04,367.27,367.5,2283777
2020-12-09T10:30:00-08:00,367.47,367.99,365.95,366.88,3684921
2020-12-10T06:30:00-08:00,365.37,367.84,364.44,367.16,2035517
2020-12-10T10:30:00-08:00,367.17,367.48,365.75,366.71,2452155
2020-12-11T06:30:00-08:00,364.9,365.92,363.27,364.64,2453997
2020-12-11T10:30:00-08:00,364.63,366.58,364.6,366.27,2327393
2020-12-14T06:30:00-08:00,368.64,369.79,366.31,366.61,2196419
2020-12-14T10:30:00-08:00,366.64,367.15,364.49,364.63,3213912
2020-12-15T06:30:00-08:00,367.4,369.19,365.93,368.75,2047769
2020-12-15T10:30:00-08:00,368.76,369.57,368.61,369.56,1868881
2020-12-16T06:30:00-08:00,369.82,370.36,368.89,369.7,1440011
2020-12-16T10:30:00-08:00,369.73,371.15,369.06,370.13,2219954
2020-12-17T06:30:00-08:00,371.94,372.46,371.05,371.88,1518452
2020-12-17T10:30:00-08:00,371.9,372.26,371.52,372.18,1446217
2020-12-18T06:30:00-08:00,370.97,371.15,367.71,368.59,2865000
2020-12-18T10:30:00-08:00,368.59,370.31,367.04,369.11,3333982
2020-12-21T06:30:00-08:00,364.97,368.64,362.03,367.68,5357519
2020-12-21T10:30:00-08:00,367.68,368.8,366.6,367.93,3705365
2020-12-22T06:30:00-08:00,368.21,368.33,366.05,367.82,2010154
2020-12-22T10:30:00-08:00,367.84,368.25,366.585,367.22,1946837
2020-12-23T06:30:00-08:00,368.25,369.53,368.25,369.43,1390553
2020-12-23T10:30:00-08:00,369.44,369.62,367.39,367.53,1990600
2020-12-24T06:30:00-08:00,368.08,369.03,367.46,368.85,1986618
2020-12-24T10:30:00-08:00,368.87,369.5,368.87,369.03,8388
2020-12-28T06:30:00-08:00,371.74,372.3,371.07,372.075,1285171
2020-12-28T10:30:00-08:00,372.08,372.58,371.87,372.14,1287635
2020-12-29T06:30:00-08:00,373.78,373.99,370.84,371.67,2359828
2020-12-29T10:30:00-08:00,371.66,371.97,370.85,371.47,2060278
2020-12-30T06:30:00-08:00,372.34,373.08,372.12,372.24,1304304
2020-12-30T10:30:00-08:00,372.23,372.44,371.58,371.93,2592725
2020-12-31T06:30:00-08:00,371.78,372.23,371.25,371.83,1206736
2020-12-31T10:30:00-08:00,371.84,374.65,371.46,373.87,5111334
2021-01-04T06:30:00-08:00,375.31,375.44,364.82,367.96,5149346
2021-01-04T10:30:00-08:00,367.95,369.5,366.6,368.83,5483172
2021-01-05T06:30:00-08:00,368.1,370.92,368.1,370.4,2378592
2021-01-05T10:30:00-08:00,370.4,372.49,370.38,371.32,2983052
2021-01-06T06:30:00-08:00,369.71,376.97,369.12,376.13,3969119
2021-01-06T10:30:00-08:00,376.15,376.98,372.83,373.53,6604562
2021-01-07T06:30:00-08:00,376.1,379.85,375.92,378.48,3458889
2021-01-07T10:30:00-08:00,378.51,379.9,378.49,379.08,2573674
2021-01-08T06:30:00-08:00,380.59,381.21,377.81,378.68,2363162
2021-01-08T10:30:00-08:00,378.67,381.46,377.11,381.24,4396521
2021-01-11T06:30:00-08:00,377.85,380.57,377.72,379.74,2021220
2021-01-11T10:30:00-08:00,379.73,379.81,378.12,378.74,2403346
2021-01-12T06:30:00-08:00,378.89,379.85,376.38,378.55,2365877
2021-01-12T10:30:00-08:00,378.53,379.45,378.18,378.81,2120812
2021-01-13T06:30:00-08:00,378.69,380.36,377.86,380.21,1694870
2021-01-13T10:30:00-08:00,380.21,380.86,379.62,379.75,2137250
2021-01-14T06:30:00-08:00,380.58,381.13,379.84,380.28,1615787
2021-01-14T10:30:00-08:00,380.3,380.61,378.1,378.45,2401793
2021-01-15T06:30:00-08:00,376.72,377.58,373.73,376.96,3849216
2021-01-15T10:30:00-08:00,376.94,377.22,375.41,375.7,2758950
2021-01-19T06:30:00-08:00,378.34,379.02,376.75,378.73,1713243
2021-01-19T10:30:00-08:00,378.72,379.23,378.53,378.64,1720410
2021-01-20T06:30:00-08:00,381.11,384.18,380.72,383.98,2349071
2021-01-20T10:30:00-08:00,383.99,384.79,383.41,383.85,1825536
2021-01-21T06:30:00-08:00,384.47,384.95,383.25,384.11,1604155
2021-01-21T10:30:00-08:00,384.12,384.93,384.04,384.2,1393931
2021-01-22T06:30:00-08:00,382.25,383.83,381.85,383.43,1799874
2021-01-22T10:30:00-08:00,383.43,384.07,382.8,382.85,1548830
2021-01-25T06:30:00-08:00,383.67,384.765,378.48,383.65,4559013
2021-01-25T10:30:00-08:00,383.68,384.49,382.44,384.39,2008900
2021-01-26T06:30:00-08:00,385.41,385.84,383.58,384.41,1970972
2021-01-26T10:30:00-08:00,384.41,384.96,383.54,383.79,1521478
2021-01-27T06:30:00-08:00,380.2,380.29,375.64,378.49,5456175
2021-01-27T10:30:00-08:00,378.47,378.57,372.01,374.45,6496871
2021-01-28T06:30:00-08:00,376.36,381.85,375.89,381.21,4601323
2021-01-28T10:30:00-08:00,381.31,381.93,377.26,377.63,3200778
2021-01-29T06:30:00-08:00,375.63,376.67,368.29,370.86,6005424
2021-01-29T10:30:00-08:00,370.86,373.18,369.55,370.13,5860819
2021-02-01T06:30:00-08:00,373.72,376.56,371.42,376.37,3106053
2021-02-01T10:30:00-08:00,376.38,377.34,375.83,376.19,2649154
2021-02-02T06:30:00-08:00,379.6,383.22,379.6,382.42,2908047
2021-02-02T10:30:00-08:00,382.46,383.14,381.38,381.54,2625753
2021-02-03T06:30:00-08:00,382.44,383.08,380.49,382.92,2648768
2021-02-03T10:30:00-08:00,382.9,383.69,381.85,381.86,2140969
2021-02-04T06:30:00-08:00,382.96,385.23,382.78,385.14,2130985
2021-02-04T10:30:00-08:00,385.13,386.24,384.97,386.18,1751743
2021-02-05T06:30:00-08:00,388.2,388.45,386.49,388.05,2017542
2021-02-05T10:30:00-08:00,388.05,388.1,387.19,387.67,1481462
2021-02-08T06:30:00-08:00,389.27,389.94,388.35,389.05,1721285
2021-02-08T10:30:00-08:00,389.04,390.54,388.59,390.52,1484209
2021-02-09T06:30:00-08:00,389.61,390.81,389.17,390.22,1531882
2021-02-09T10:30:00-08:00,390.21,390.89,389.89,390.25,1279638
2021-02-10T06:30:00-08:00,392.11,392.27,387.51,389.88,3809236
2021-02-10T10:30:00-08:00,389.9,391.06,389.39,390.09,2051323
2021-02-11T06:30:00-08:00,391.24,391.69,388.11,389.7,2119845
2021-02-11T10:30:00-08:00,389.69,390.98,388.81,390.73,1663401
2021-02-12T06:30:00-08:00,389.85,391.62,389.78,390.945,1522369
2021-02-12T10:30:00-08:00,390.945,392.89,390.55,392.7,2444066
2021-02-16T06:30:00-08:00,393.96,394.16,391.53,392.95,2891355
2021-02-16T10:30:00-08:00,392.87,393.29,392.01,392.35,1803397
2021-02-17T06:30:00-08:00,390.42,391.71,389.33,391.545,3194198
2021-02-17T10:30:00-08:00,391.54,392.64,391.18,392.45,1463470
2021-02-18T06:30:00-08:00,389.59,390.42,387.75,390.24,3271285
2021-02-18T10:30:00-08:00,390.26,391.51,390.15,390.76,2024567
2021-02-19T06:30:00-08:00,392.07,392.38,389.85,390.4,2673455
2021-02-19T10:30:00-08:00,390.38,391.05,389.55,390.03,2735332
2021-02-22T06:30:00-08:00,387.06,389.23,386.755,389.23,2978152
2021-02-22T10:30:00-08:00,389.23,389.62,386.84,387.1,2739459
2021-02-23T06:30:00-08:00,384.66,386.13,380.2,385.08,8130372
2021-02-23T10:30:00-08:00,385.1,388.94,384.43,387.51,3782892
2021-02-24T06:30:00-08:00,386.33,391.45,385.28,391.4,4231055
2021-02-24T10:30:00-08:00,391.42,392.22,390.99,391.76,2548143
2021-02-25T06:30:00-08:00,390.4,391.87,381.77,384.54,11738386
2021-02-25T10:30:00-08:00,384.54,386.67,380.78,382.39,6133018
2021-02-26T06:30:00-08:00,384.35,385.57,378.23,384.52,8811016
2021-02-26T10:30:00-08:00,384.54,384.8,380.2,380.32,5741083
2021-03-01T06:30:00-08:00,385.59,389.67,385.58,389.03,5876415
2021-03-01T10:30:00-08:00,389.02,390.92,389,389.48,3508736
2021-03-02T06:30:00-08:00,389.82,390.06,386.59,389.11,4363896
2021-03-02T10:30:00-08:00,389.08,389.735,386.31,386.55,2377214
2021-03-03T06:30:00-08:00,385.79,386.83,383.13,385.43,7277120
2021-03-03T10:30:00-08:00,385.42,385.42,381.31,381.46,6355825
2021-03-04T06:30:00-08:00,381.22,383.99,375.04,376.81,13968042
2021-03-04T10:30:00-08:00,376.77,377.48,371.88,376.73,11247589
2021-03-05T06:30:00-08:00,380.44,380.97,372.65,380.83,8388563
2021-03-05T10:30:00-08:00,380.82,384.76,379.92,383.62,5045547
2021-03-08T06:30:00-08:00,384.66,387.68,382.79,387.32,7093463
2021-03-08T10:30:00-08:00,387.32,387.4,381.42,381.76,4906380
2021-03-09T06:30:00-08:00,385.85,389.84,385.32,389.4,5202727
2021-03-09T10:30:00-08:00,389.4,389.91,386.85,387.11,3890600
2021-03-10T06:30:00-08:00,389.67,390.92,388.18,390.38,8488793
2021-03-10T10:30:00-08:00,390.39,391.4,389.21,389.52,4089735
2021-03-11T06:30:00-08:00,392.23,395.65,391.75,394.81,4040259
2021-03-11T10:30:00-08:00,394.84,395.13,393.29,393.48,2843114
2021-03-12T06:30:00-08:00,392.07,393.26,391.2,393.05,4117486
2021-03-12T10:30:00-08:00,393.05,394.21,392.62,394.09,1692833
2021-03-15T06:30:00-07:00,394.33,394.67,392.04,394.16,3608555
2021-03-15T10:30:00-07:00,394.15,396.68,394.1,396.48,2628163
2021-03-16T06:30:00-07:00,397.07,397.83,396.04,396.98,3142924
2021-03-16T10:30:00-07:00,396.98,397.02,395.08,395.93,3843480
2021-03-17T06:30:00-07:00,394.54,394.97,393.3,394.24,3501870
2021-03-17T10:30:00-07:00,394.27,398.11,393.7,397.23,5597069
2021-03-18T06:30:00-07:00,394.47,396.7,394.02,395.6,4032818
2021-03-18T10:30:00-07:00,395.59,396.12,390.86,391.44,5400458
2021-03-19T06:30:00-07:00,389.88,391.18,387.15,390.94,5490500
2021-03-19T10:30:00-07:00,390.97,391.56,389.42,389.51,3727336
2021-03-22T06:30:00-07:00,390.03,393.23,389.98,392.99,2973021
2021-03-22T10:30:00-07:00,393.02,394.06,392.39,392.54,2325083
2021-03-23T06:30:00-07:00,391.91,393.45,391.24,392.98,3463791
2021-03-23T10:30:00-07:00,392.97,393.02,388.66,389.5,4756317
2021-03-24T06:30:00-07:00,391,392.74,389.99,390.75,4170349
2021-03-24T10:30:00-07:00,390.76,391.42,387.49,387.49,4097718
2021-03-25T06:30:00-07:00,385.98,388.73,383.91,387.78,6881037
2021-03-25T10:30:00-07:00,387.82,390.53,386.6,389.65,3330351
2021-03-26T06:30:00-07:00,390.95,392.98,390.58,392.8,3481345
2021-03-26T10:30:00-07:00,392.81,396.41,390.29,395.94,5129935
2021-03-29T06:30:00-07:00,394.4,396.52,392.82,395.67,5821887
2021-03-29T10:30:00-07:00,395.66,396.74,394.9,395.77,4450925
2021-03-30T06:30:00-07:00,394.42,394.935,393.04,394.17,3704505
2021-03-30T10:30:00-07:00,394.18,395.43,393.42,394.79,2931410
2021-03-31T06:30:00-07:00,395.34,397.98,395.34,397.83,3002315
2021-03-31T10:30:00-07:00,397.83,397.99,396.02,396.27,5200140
2021-04-01T06:30:00-07:00,398.4,399.84,398.22,399.39,3409551
2021-04-01T10:30:00-07:00,399.39,400.67,399.35,400.53,2024653
2021-04-05T06:30:00-07:00,403.46,406.94,403.38,406.26,3770927
2021-04-05T10:30:00-07:00,406.27,406.83,405.76,406.31,2962830
2021-04-06T06:30:00-07:00,405.76,407.23,405.52,406.06,2610247
2021-04-06T10:30:00-07:00,406.01,406.825,405.42,406.08,2492335
2021-04-07T06:30:00-07:00,405.97,406.95,405.46,406.05,2178898
2021-04-07T10:30:00-07:00,406.02,406.91,405.76,406.58,2149001
2021-04-08T06:30:00-07:00,407.93,408.38,406.94,408.1,2544050
2021-04-08T10:30:00-07:00,408.11,408.575,407.84,408.49,1717543
2021-04-09T06:30:00-07:00,408.39,409.54,408.27,409.45,2352642
2021-04-09T10:30:00-07:00,409.45,411.66,409.44,411.45,2503567
2021-04-12T06:30:00-07:00,410.85,411.78,410.21,411.21,2127905
2021-04-12T10:30:00-07:00,411.2,411.93,410.53,411.62,2324428
2021-04-13T06:30:00-07:00,411.53,412.2,411.12,411.97,2572896
2021-04-13T10:30:00-07:00,411.98,413.52,411.945,412.81,2533840
2021-04-14T06:30:00-07:00,412.83,413.95,412.57,413.29,2297313
2021-04-14T10:30:00-07:00,413.29,413.29,410.87,411.49,3192670
2021-04-15T06:30:00-07:00,413.77,415.7,413.69,415.29,3050653
2021-04-15T10:30:00-07:00,415.32,416.15,414.89,415.82,2498020
2021-04-16T06:30:00-07:00,417.25,417.39,415.74,416.55,2635540
2021-04-16T10:30:00-07:00,416.58,417.91,416.41,417.31,3047073
2021-04-19T06:30:00-07:00,416.26,416.74,413.79,414.64,3975313
2021-04-19T10:30:00-07:00,414.67,415.34,414.14,415.25,2246150
2021-04-20T06:30:00-07:00,413.91,414.67,410.63,411.3,4179454
2021-04-20T10:30:00-07:00,411.3,412.67,410.6,412.22,2218150
2021-04-21T06:30:00-07:00,411.51,414.93,411.36,414.7,3388971
2021-04-21T10:30:00-07:00,414.71,416.29,414.71,416.08,2332002
2021-04-22T06:30:00-07:00,415.88,416.77,413.15,414.7,4169133
2021-04-22T10:30:00-07:00,414.69,414.76,411.15,412.28,5010889
2021-04-23T06:30:00-07:00,412.87,417.28,412.79,417.04,2745782
2021-04-23T10:30:00-07:00,417.06,418.24,416.65,416.72,2093297
2021-04-26T06:30:00-07:00,417.44,418.17,417.21,417.38,1780569
2021-04-26T10:30:00-07:00,417.4,418.215,416.98,417.64,2118798
2021-04-27T06:30:00-07:00,417.93,417.98,416.32,417.34,2397196
2021-04-27T10:30:00-07:00,417.34,418.14,417.07,417.48,1631286
2021-04-28T06:30:00-07:00,417.81,418.44,417.12,417.8,2001980
2021-04-28T10:30:00-07:00,417.79,419.01,416.9,417.36,2915100
2021-04-29T06:30:00-07:00,420.32,420.71,416.44,418.46,4371273
2021-04-29T10:30:00-07:00,418.52,420.485,418.14,419.99,2951916
2021-04-30T06:30:00-07:00,417.63,418.54,416.71,417.73,3345109
2021-04-30T10:30:00-07:00,417.72,417.89,416.35,417.29,3905720
2021-05-03T06:30:00-07:00,419.43,419.84,418.15,418.36,2823725
2021-05-03T10:30:00-07:00,418.34,419.27,417.67,418.18,2152238
2021-05-04T06:30:00-07:00,416.09,416.59,411.67,413.69,6035389
2021-05-04T10:30:00-07:00,413.69,415.66,413.19,415.65,3788575
2021-05-05T06:30:00-07:00,417.35,417.63,414.95,416.8,2773080
2021-05-05T10:30:00-07:00,416.81,417.22,415.15,415.72,1986915
2021-05-06T06:30:00-07:00,415.85,417.58,413.68,416.69,3976145
2021-05-06T10:30:00-07:00,416.71,419.21,415.66,419.08,3232937
2021-05-07T06:30:00-07:00,419.89,422.81,419.17,421.5,3452352
2021-05-07T10:30:00-07:00,421.51,422.79,421.21,422.09,2100349
2021-05-10T06:30:00-07:00,422.5,422.74,421.04,421.73,2725507
2021-05-10T10:30:00-07:00,421.72,421.79,417.82,417.97,4018957
2021-05-11T06:30:00-07:00,413.1,415.27,410.08,414.08,7439966
2021-05-11T10:30:00-07:00,414.17,415.03,412.66,414.27,4057959
2021-05-12T06:30:00-07:00,411.23,412.59,406.72,407.51,7281511
2021-05-12T10:30:00-07:00,407.47,408.25,404.8,405.43,6102797
2021-05-13T06:30:00-07:00,407.07,412.01,407.06,409.08,5831326
2021-05-13T10:30:00-07:00,409.06,412.34,407.84,410.25,4561790
2021-05-14T06:30:00-07:00,413.21,416.44,413.2,416.41,3166512
2021-05-14T10:30:00-07:00,416.39,417.49,416.16,416.54,3242945
2021-05-17T06:30:00-07:00,415.39,416.38,413.72,414.02,3849432
2021-05-17T10:30:00-07:00,414.025,415.69,413.36,415.55,2079129
2021-05-18T06:30:00-07:00,415.8,416.06,414.47,415.52,2395440
2021-05-18T10:30:00-07:00,415.55,415.58,411.77,412,2380644
2021-05-19T06:30:00-07:00,406.92,410.24,405.34,409.85,5961442
2021-05-19T10:30:00-07:00,409.85,411.05,407.6,410.9,4339871
2021-05-20T06:30:00-07:00,411.81,416.14,411.67,415.36,3533018
2021-05-20T10:30:00-07:00,415.41,416.61,414.57,415.25,3059898
2021-05-21T06:30:00-07:00,416.89,418.2,414.45,415.43,3434226
2021-05-21T10:30:00-07:00,415.42,416.24,414.7,414.95,2295529
2021-05-24T06:30:00-07:00,417.34,419.68,417.08,419.62,1862492
2021-05-24T10:30:00-07:00,419.62,420.31,418.95,419.13,2156456
2021-05-25T06:30:00-07:00,420.33,420.7,417.95,419.1,2630804
2021-05-25T10:30:00-07:00,419.1,419.19,417.62,418.25,1901727
2021-05-26T06:30:00-07:00,418.87,419.61,417.76,419.25,1535256
2021-05-26T10:30:00-07:00,419.26,419.27,418.44,419.05,1886024
2021-05-27T06:30:00-07:00,420.17,420.7,419.46,419.92,1832279
2021-05-27T10:30:00-07:00,419.91,420.1,419.12,419.21,2443676
2021-05-28T06:30:00-07:00,420.97,421.25,419.97,420.67,1638998
2021-05-28T10:30:00-07:00,420.65,420.95,419.79,420.02,2142398
2021-06-01T06:30:00-07:00,422.56,422.72,419.2,419.32,2401196
2021-06-01T10:30:00-07:00,419.32,420.37,419.25,419.63,1417594
2021-06-02T06:30:00-07:00,420.38,421.23,419.55,419.84,1539285
2021-06-02T10:30:00-07:00,419.79,420.47,419.3,420.36,1705148
2021-06-03T06:30:00-07:00,417.86,419.99,416.28,419.81,2954275
2021-06-03T10:30:00-07:00,419.79,419.89,418.73,418.8,1212261
2021-06-04T06:30:00-07:00,420.75,422.02,420.68,421.83,1546446
2021-06-04T10:30:00-07:00,421.83,422.91,421.83,422.57,1586576
2021-06-07T06:30:00-07:00,422.59,422.78,421.24,421.52,1546024
2021-06-07T10:30:00-07:00,421.51,422.39,421.2,422.22,1443568
2021-06-08T06:30:00-07:00,423.12,423.2,420.33,422.23,2108003
2021-06-08T10:30:00-07:00,422.22,422.94,422.15,422.27,1193367
2021-06-09T06:30:00-07:00,423.18,423.26,422.22,422.85,1397031
2021-06-09T10:30:00-07:00,422.84,422.89,421.41,421.62,1647665
2021-06-10T06:30:00-07:00,422.96,424.62,421.55,423.72,2054365
2021-06-10T10:30:00-07:00,423.745,424.1,423.18,423.58,1315795
2021-06-11T06:30:00-07:00,424.2,424.41,422.82,423.25,1468183
2021-06-11T10:30:00-07:00,423.23,424.41,423.23,424.31,1321426
2021-06-14T06:30:00-07:00,424.43,424.45,423.1,423.4,1240475
2021-06-14T10:30:00-07:00,423.4,425.29,423.16,425.28,1293709
2021-06-15T06:30:00-07:00,425.43,425.45,423.55,424.1,1262264
2021-06-15T10:30:00-07:00,424.09,425,424.03,424.49,1774876
2021-06-16T06:30:00-07:00,424.65,424.83,423,423.11,1154144
2021-06-16T10:30:00-07:00,423.09,423.59,419.93,422.13,4868042
2021-06-17T06:30:00-07:00,421.67,422.93,419.33,422.25,2985754
2021-06-17T10:30:00-07:00,422.27,423,421.59,421.98,1960576
2021-06-18T06:30:00-07:00,417.16,417.82,415.59,416.52,3424771
2021-06-18T10:30:00-07:00,416.49,417.12,414.71,415,2459006
2021-06-21T06:30:00-07:00,416.8,420.38,415.93,420.13,2736949
2021-06-21T10:30:00-07:00,420.14,421.06,420.14,420.84,2267708
2021-06-22T06:30:00-07:00,420.85,422.63,420.08,422.39,2176115
2021-06-22T10:30:00-07:00,422.42,424,422.24,423.05,2509093
2021-06-23T06:30:00-07:00,423.16,424.05,422.7,423.54,1702945
2021-06-23T10:30:00-07:00,423.54,423.82,422.51,422.62,1529489
2021-06-24T06:30:00-07:00,424.89,425.52,424.62,425.04,1631465
2021-06-24T10:30:00-07:00,425.01,425.55,424.78,425.09,1514512
2021-06-25T06:30:00-07:00,426,426.48,425.55,426.18,1320172
2021-06-25T10:30:00-07:00,426.16,427.09,425.96,426.59,2677815
2021-06-28T06:30:00-07:00,427.17,427.24,425.89,425.95,1412464
2021-06-28T10:30:00-07:00,425.95,427.64,425.89,427.48,1643519
2021-06-29T06:30:00-07:00,427.88,428.55,427.74,427.76,1383730
2021-06-29T10:30:00-07:00,427.74,428.06,427.15,427.67,1221107
2021-06-30T06:30:00-07:00,427.21,428.38,427.21,427.85,1933455
2021-06-30T10:30:00-07:00,427.87,428.76,427.58,428.06,2126831
2021-07-01T06:30:00-07:00,428.86,429.78,428.81,429.75,1748444
2021-07-01T10:30:00-07:00,429.75,430.59,429.72,430.48,2021169
2021-07-02T06:30:00-07:00,431.67,433.48,431.33,433.15,1631484
2021-07-02T10:30:00-07:00,433.15,434.1,433.03,433.76,2033760
2021-07-06T06:30:00-07:00,433.78,434,430.01,431.37,2774875
2021-07-06T10:30:00-07:00,431.37,433.2,431.28,432.9,1808661
2021-07-07T06:30:00-07:00,433.66,434.45,431.53,433.76,2571606
2021-07-07T10:30:00-07:00,433.77,434.76,433.64,434.44,1914156
2021-07-08T06:30:00-07:00,428.78,431.73,427.53,431.41,4427662
2021-07-08T10:30:00-07:00,431.4,431.57,429.16,430.94,3289468
2021-07-09T06:30:00-07:00,432.53,435.22,432.32,434.84,2643053
2021-07-09T10:30:00-07:00,434.85,435.8,434.73,435.47,2436867
2021-07-12T06:30:00-07:00,435.42,436.74,434.97,436.68,1636563
2021-07-12T10:30:00-07:00,436.68,437.33,436.42,437.11,1678457
2021-07-13T06:30:00-07:00,436.24,437.83,436.205,436.49,1884101
2021-07-13T10:30:00-07:00,436.49,436.58,435.315,435.63,2060680
2021-07-14T06:30:00-07:00,437.4,437.91,434.92,435.95,2082229
2021-07-14T10:30:00-07:00,435.96,437.08,435.92,436.27,2253738
2021-07-15T06:30:00-07:00,434.81,435.53,433.69,433.9,2736256
2021-07-15T10:30:00-07:00,433.85,434.81,432.72,434.73,2025065
2021-07-16T06:30:00-07:00,436,436.05,432.94,433.59,3015788
2021-07-16T10:30:00-07:00,433.55,433.59,430.93,431.38,2533183
2021-07-19T06:30:00-07:00,426.19,426.69,422.26,422.43,7455634
2021-07-19T10:30:00-07:00,422.42,425.01,421.97,424.95,4458066
2021-07-20T06:30:00-07:00,425.68,432.07,424.84,430.96,4005202
2021-07-20T10:30:00-07:00,430.98,432.41,430.74,431.05,3263864
2021-07-21T06:30:00-07:00,432.34,434.02,432.15,433.84,2308190
2021-07-21T10:30:00-07:00,433.86,434.7,433.54,434.56,2158705
2021-07-22T06:30:00-07:00,434.74,435.35,433.7,435.01,2020351
2021-07-22T10:30:00-07:00,435.03,435.72,434.99,435.48,1131792
2021-07-23T06:30:00-07:00,437.52,440.03,436.79,439.82,2765365
2021-07-23T10:30:00-07:00,439.84,440.3,439.175,439.9,1549769
2021-07-26T06:30:00-07:00,439.31,440.82,439.26,440.43,1854684
2021-07-26T10:30:00-07:00,440.45,441.02,440.18,440.99,1246331
2021-07-27T06:30:00-07:00,439.91,439.92,436.02,436.3,3673771
2021-07-27T10:30:00-07:00,436.28,439.05,435.99,438.99,2447877
2021-07-28T06:30:00-07:00,439.68,439.83,438.05,438.14,2215869
2021-07-28T10:30:00-07:00,438.15,440.29,437.31,438.81,2312905
2021-07-29T06:30:00-07:00,439.815,441.78,439.81,441.72,2943172
2021-07-29T10:30:00-07:00,441.7,441.8,440.65,440.68,1403777
2021-07-30T06:30:00-07:00,437.91,440.05,437.91,438.73,2391634
2021-07-30T10:30:00-07:00,438.72,439.16,437.77,438.49,2985126
2021-08-02T06:30:00-07:00,440.34,440.93,438.2,438.94,2756381
2021-08-02T10:30:00-07:00,438.92,439.01,437.23,437.58,2020812
2021-08-03T06:30:00-07:00,438.44,440.28,436.11,440.09,3119560
2021-08-03T10:30:00-07:00,440.1,441.27,439.86,441.12,2035906
2021-08-04T06:30:00-07:00,439.78,440.4,438.74,439.86,2285858
2021-08-04T10:30:00-07:00,439.86,440.28,438.97,439.02,1313051
2021-08-05T06:30:00-07:00,440.22,441.13,439.9,440.75,1449163
2021-08-05T10:30:00-07:00,440.75,441.85,440.65,441.77,1148003
2021-08-06T06:30:00-07:00,442.08,442.92,441.8,442.605,1646565
2021-08-06T10:30:00-07:00,442.61,442.72,441.95,442.52,1313569
2021-08-09T06:30:00-07:00,442.46,442.79,441.31,442.15,1640806
2021-08-09T10:30:00-07:00,442.14,442.76,441.99,442.14,745295
2021-08-10T06:30:00-07:00,442.61,443.43,441.89,442.87,1795799
2021-08-10T10:30:00-07:00,442.87,443.06,442.215,442.66,1335896
2021-08-11T06:30:00-07:00,443.82,443.88,442.63,443.42,1653102
2021-08-11T10:30:00-07:00,443.44,443.76,443.12,443.74,1165427
2021-08-12T06:30:00-07:00,443.62,444.43,442.67,444.33,1531854
2021-08-12T10:30:00-07:00,444.32,445.25,444.27,445.08,1228996
2021-08-13T06:30:00-07:00,445.59,445.84,445.08,445.57,1267317
2021-08-13T10:30:00-07:00,445.56,445.93,445.2,445.9,1492984
2021-08-16T06:30:00-07:00,444.57,445.26,442.87,445.17,2642571
2021-08-16T10:30:00-07:00,445.17,447.11,445.13,447.02,1899149
2021-08-17T06:30:00-07:00,444.24,444.96,440.85,442.15,4999526
2021-08-17T10:30:00-07:00,442.13,444.07,441.05,444.06,3085973
2021-08-18T06:30:00-07:00,442.96,444.6,442.69,443.04,2393920
2021-08-18T10:30:00-07:00,443.04,444.19,438.92,439.21,3887996
2021-08-19T06:30:00-07:00,436.27,441.13,436.12,439.46,4350047
2021-08-19T10:30:00-07:00,439.44,441.05,437.46,439.84,3514214
2021-08-20T06:30:00-07:00,440.23,443.55,439.71,443.22,2788615
2021-08-20T10:30:00-07:00,443.25,443.7,442.46,443.37,1961364
2021-08-23T06:30:00-07:00,445.16,448.22,445.14,447.72,2047807
2021-08-23T10:30:00-07:00,447.71,448.11,447.15,447.27,1414017
2021-08-24T06:30:00-07:00,447.96,448.46,447.42,448,1450521
2021-08-24T10:30:00-07:00,448,448.54,447.7,447.96,902061
2021-08-25T06:30:00-07:00,448.17,449.37,447.79,449.05,1180509
2021-08-25T10:30:00-07:00,449.07,449.45,448.79,448.89,1491803
2021-08-26T06:30:00-07:00,448.61,448.85,446.19,447.4,2887392
2021-08-26T10:30:00-07:00,447.39,447.78,446.16,446.27,2046042
2021-08-27T06:30:00-07:00,447.12,450.43,447.06,450.33,2581717
2021-08-27T10:30:00-07:00,450.34,450.65,449.99,450.19,2226580
2021-08-30T06:30:00-07:00,450.97,453.07,450.72,452.7,1684594
2021-08-30T10:30:00-07:00,452.71,453.05,452.09,452.22,1778359
2021-08-31T06:30:00-07:00,452.13,452.49,450.92,451.59,1416223
2021-08-31T10:30:00-07:00,451.59,451.96,451.19,451.61,2584398
2021-09-01T06:30:00-07:00,452.56,453.05,451.82,452.98,1909164
2021-09-01T10:30:00-07:00,453,453.11,451.55,451.81,1476065
2021-09-02T06:30:00-07:00,453.32,454.05,452.72,452.74,1612211
2021-09-02T10:30:00-07:00,452.73,453.22,451.92,453.2,1634741
2021-09-03T06:30:00-07:00,451.98,453.38,451.55,453.19,2016933
2021-09-03T10:30:00-07:00,453.21,453.63,452.85,453.06,1345370
2021-09-07T06:30:00-07:00,452.69,452.81,450.75,452.18,2197700
2021-09-07T10:30:00-07:00,452.19,452.42,451.42,451.51,1490360
2021-09-08T06:30:00-07:00,450.89,451.66,448.87,450.52,3074042
2021-09-08T10:30:00-07:00,450.57,451.12,450.3,450.96,1545077
2021-09-09T06:30:00-07:00,450.7,452.57,449.34,449.79,2524709
2021-09-09T10:30:00-07:00,449.78,450.14,448.73,448.96,2528377
2021-09-10T06:30:00-07:00,451.04,451.48,447.34,448.77,3514994
2021-09-10T10:30:00-07:00,448.79,449.15,445.315,445.51,3462955
2021-09-13T06:30:00-07:00,448.64,448.91,444.89,445.29,3772702
2021-09-13T10:30:00-07:00,445.3,446.58,444.11,446.56,3033719
2021-09-14T06:30:00-07:00,448.12,448.34,444.07,444.91,2942018
2021-09-14T10:30:00-07:00,444.88,445.21,443.23,444.16,3246977
2021-09-15T06:30:00-07:00,444.62,447.52,443.44,447.41,3408429
2021-09-15T10:30:00-07:00,447.44,448.41,447.17,447.86,2438784
2021-09-16T06:30:00-07:00,447.32,448.27,444.02,446.01,2949616
2021-09-16T10:30:00-07:00,445.99,448.35,445.43,447.15,2230766
2021-09-17T06:30:00-07:00,444.92,445.36,441.64,442.06,4279355
2021-09-17T10:30:00-07:00,442.07,442.22,441.02,441.42,3572883
2021-09-20T06:30:00-07:00,434.88,436.54,430.7,431.96,7514166
2021-09-20T10:30:00-07:00,431.95,434.42,428.86,434.1,6024239
2021-09-21T06:30:00-07:00,436.54,437.91,433.08,434.36,5158881
2021-09-21T10:30:00-07:00,434.34,436.05,433.54,433.67,2845824
2021-09-22T06:30:00-07:00,436.04,439.57,435.07,438.3,3151323
2021-09-22T10:30:00-07:00,438.28,440.03,436.61,437.84,5747676
2021-09-23T06:30:00-07:00,439.85,444.45,439.6,444.41,3658616
2021-09-23T10:30:00-07:00,444.44,444.88,443.03,443.05,2571661
2021-09-24T06:30:00-07:00,441.44,443.91,441.21,443.49,2594269
2021-09-24T10:30:00-07:00,443.48,444.665,442.8,443.93,1740838
2021-09-27T06:30:00-07:00,442.81,444.04,441.9,443.09,2788646
2021-09-27T10:30:00-07:00,443.07,443.71,442.32,442.68,1965352
2021-09-28T06:30:00-07:00,439.69,440.03,432.95,434.67,6364355
2021-09-28T10:30:00-07:00,434.665,436.67,433.02,433.74,4613513
2021-09-29T06:30:00-07:00,435.19,437.04,434.03,434.67,3700465
2021-09-29T10:30:00-07:00,434.7,436.97,433.85,434.43,3175820
2021-09-30T06:30:00-07:00,436.02,436.77,430,430.89,5181697
2021-09-30T10:30:00-07:00,430.88,433.86,428.94,429.19,6346076
2021-10-01T06:30:00-07:00,430.98,432.46,427.24,432.21,5552968
2021-10-01T10:30:00-07:00,432.24,436.03,432.24,434.18,3723952
2021-10-04T06:30:00-07:00,433,433.93,426.36,427.23,6235083
2021-10-04T10:30:00-07:00,427.21,429.22,427.21,428.7,5916996
2021-10-05T06:30:00-07:00,430.24,435.17,429.39,434.54,3993163
2021-10-05T10:30:00-07:00,434.53,435.49,432.85,433.04,2583466
2021-10-06T06:30:00-07:00,429.27,431.5,427.545,431.26,5388027
2021-10-06T10:30:00-07:00,431.24,435.11,431.19,434.91,4190129
2021-10-07T06:30:00-07:00,438.39,441.67,438.26,441.21,3031787
2021-10-07T10:30:00-07:00,441.2,441.22,438.2,438.65,2013987
2021-10-08T06:30:00-07:00,439.48,439.88,437.19,437.49,2550243
2021-10-08T10:30:00-07:00,437.42,439.3,437.3,437.83,2165320
2021-10-11T06:30:00-07:00,437.16,440.26,436.3,436.41,2131914
2021-10-11T10:30:00-07:00,436.45,437.31,434.62,434.66,2064399
2021-10-12T06:30:00-07:00,435.67,436.09,433.51,434.26,3148698
2021-10-12T10:30:00-07:00,434.22,435.55,432.78,433.66,2482319
2021-10-13T06:30:00-07:00,434.71,435.27,431.55,434.65,3013059
2021-10-13T10:30:00-07:00,434.66,436.05,433.94,435.13,2384750
2021-10-14T06:30:00-07:00,439.08,442.25,438.58,441.71,2822137
2021-10-14T10:30:00-07:00,441.75,442.65,441.65,442.47,2077144
2021-10-15T06:30:00-07:00,444.77,445.7,444.09,445.1,1953878
2021-10-15T10:30:00-07:00,445.12,446.26,445.12,445.83,1939463
2021-10-18T06:30:00-07:00,443.97,447.01,443.28,446.82,1879190
2021-10-18T10:30:00-07:00,446.81,447.55,446.46,447.23,2287026
2021-10-19T06:30:00-07:00,448.92,450.55,448.28,450.23,1805044
2021-10-19T10:30:00-07:00,450.24,450.7,449.605,450.68,1495077
2021-10-20T06:30:00-07:00,451.12,452.72,451.01,451.81,1792722
2021-10-20T10:30:00-07:00,451.76,452.51,451.52,452.39,1348027
2021-10-21T06:30:00-07:00,451.75,452.86,451.32,452.31,1326423
2021-10-21T10:30:00-07:00,452.31,453.825,451.77,453.62,1214592
2021-10-22T06:30:00-07:00,453.13,454.65,451.05,452.87,2352978
2021-10-22T10:30:00-07:00,452.89,454.07,452.5,453.14,1933635
2021-10-25T06:30:00-07:00,454.28,455.89,452.39,455.61,1627740
2021-10-25T10:30:00-07:00,455.62,455.89,454.88,455.49,1487447
2021-10-26T06:30:00-07:00,457.2,458.49,455.59,456.25,2337358
2021-10-26T10:30:00-07:00,456.25,457.43,455.9,455.99,1937876
2021-10-27T06:30:00-07:00,456.45,457.14,455.33,456.79,2081554
2021-10-27T10:30:00-07:00,456.81,457.12,453.87,453.9,2269831
2021-10-28T06:30:00-07:00,455.46,457.95,455.46,457.055,1859422
2021-10-28T10:30:00-07:00,457.06,458.39,457.06,458.26,1582450
2021-10-29T06:30:00-07:00,455.87,459.16,455.57,458.85,2083740
2021-10-29T10:30:00-07:00,458.86,459.55,457.58,459.22,2882882
2021-11-01T06:30:00-07:00,460.3,460.695,458.2,459.25,2156043
2021-11-01T10:30:00-07:00,459.24,460.23,458.22,460.08,1328412
2021-11-02T06:30:00-07:00,460.22,462.21,460.08,461.57,1856896
2021-11-02T10:30:00-07:00,461.56,462.04,461.225,461.88,1636084
2021-11-03T06:30:00-07:00,461.3,461.67,460.83,461.28,1153112
2021-11-03T10:30:00-07:00,461.3,465.14,460.9,464.74,2887208
2021-11-04T06:30:00-07:00,465.36,467,465,466.07,1946612
2021-11-04T10:30:00-07:00,466.08,466.91,465.54,466.88,1682328
2021-11-05T06:30:00-07:00,469.28,470.65,466.93,466.93,2711525
2021-11-05T10:30:00-07:00,466.94,469.15,466.92,468.49,2240365
2021-11-08T06:30:00-08:00,469.7,470.21,468.21,468.85,1639662
2021-11-08T10:30:00-08:00,468.85,469.47,468.55,468.96,1563490
2021-11-09T06:30:00-08:00,469.32,469.56,465.88,466.57,2985534
2021-11-09T10:30:00-08:00,466.59,467.49,465.95,467.38,1346617
2021-11-10T06:30:00-08:00,465.58,467.38,464.5,465.05,2323640
2021-11-10T10:30:00-08:00,465.04,465.39,462.04,463.64,3144953
2021-11-11T06:30:00-08:00,465.21,465.29,463.85,464.28,1443233
2021-11-11T10:30:00-08:00,464.26,464.84,463.76,463.81,999727
2021-11-12T06:30:00-08:00,465.16,467.36,464.11,466.67,1816654
2021-11-12T10:30:00-08:00,466.68,467.86,466.27,467.26,1647565
2021-11-15T06:30:00-08:00,468.64,468.8,466.23,467.23,1671251
2021-11-15T10:30:00-08:00,467.25,467.52,466.59,467.41,1392163
2021-11-16T06:30:00-08:00,467.16,470.31,467.07,470.09,1739925
2021-11-16T10:30:00-08:00,470.09,470.47,468.99,469.24,1725402
2021-11-17T06:30:00-08:00,469.01,469.185,467.48,468.41,1670651
2021-11-17T10:30:00-08:00,468.42,468.76,467.96,468.11,1492645
2021-11-18T06:30:00-08:00,469.24,469.96,466.36,469.18,2128388
2021-11-18T10:30:00-08:00,469.16,470,468.64,469.72,1371260
2021-11-19T06:30:00-08:00,469.61,470.94,468.71,469.22,1889004
2021-11-19T10:30:00-08:00,469.17,469.85,468.52,468.89,1528539
2021-11-22T06:30:00-08:00,470.9,473.53,469.25,470.94,3072080
2021-11-22T10:30:00-08:00,470.99,472.39,467.35,467.52,2476048
2021-11-23T06:30:00-08:00,467.22,469.08,464.45,465.42,3239915
2021-11-23T10:30:00-08:00,465.41,468.67,464.95,468.24,2314282
2021-11-24T06:30:00-08:00,466.1,469.02,465.2,468.83,2543213
2021-11-24T10:30:00-08:00,468.9,469.57,467.32,469.37,2468721
2021-11-26T06:30:00-08:00,462.34,463.89,457.24,458.09,9186401
2021-11-26T10:30:00-08:00,458.01,458.14,456.94,456.94,14936
2021-11-29T06:30:00-08:00,464.06,466.55,461.75,466.05,3585055
2021-11-29T10:30:00-08:00,466.04,466.37,464.34,464.62,2655340
2021-11-30T06:30:00-08:00,462,464.01,455.85,457.11,7103411
2021-11-30T10:30:00-08:00,457.13,459.31,455.31,455.78,6797603
2021-12-01T06:30:00-08:00,461.64,464.66,458.78,460.25,4309490
2021-12-01T10:30:00-08:00,460.23,460.36,450.29,450.52,5749076
2021-12-02T06:30:00-08:00,450.73,458.37,450.34,456.61,5771910
2021-12-02T10:30:00-08:00,456.66,459.06,456.16,457.36,5252379
2021-12-03T06:30:00-08:00,459.17,460.29,450.13,452.03,6568771
2021-12-03T10:30:00-08:00,452.03,453.67,448.92,453.43,5124993
2021-12-06T06:30:00-08:00,456.15,460.63,453.57,460.33,4466102
2021-12-06T10:30:00-08:00,460.38,460.78,458.33,458.78,2917378
2021-12-07T06:30:00-08:00,464.41,468.87,464.35,468.21,2986738
2021-12-07T10:30:00-08:00,468.21,468.79,466.24,468.25,3800686
2021-12-08T06:30:00-08:00,468.7,469.28,466.83,468.57,2488771
2021-12-08T10:30:00-08:00,468.57,470,468.24,469.54,2101386
2021-12-09T06:30:00-08:00,468.15,469.06,467.07,468.51,2001918
2021-12-09T10:30:00-08:00,468.48,469.1,466.145,466.32,2279031
2021-12-10T06:30:00-08:00,469.23,470.08,466.53,469.23,3043918
2021-12-10T10:30:00-08:00,469.25,470.89,468.38,470.71,2161240
2021-12-13T06:30:00-08:00,470.19,470.56,466.76,467.49,3359660
2021-12-13T10:30:00-08:00,467.51,468.61,466.27,466.61,3085625
2021-12-14T06:30:00-08:00,463.09,465.74,460.25,461.36,3405119
2021-12-14T10:30:00-08:00,461.38,464.44,460.44,463.38,2571255
2021-12-15T06:30:00-08:00,463.42,463.73,460.8,462.15,2474806
2021-12-15T10:30:00-08:00,462.15,470.86,460.75,470.58,6864874
2021-12-16T06:30:00-08:00,472.56,472.87,467.62,468.8,3730212
2021-12-16T10:30:00-08:00,468.8,469.22,464.8,466.43,4237575
2021-12-17T06:30:00-08:00,461.55,464.72,458.06,462.85,5949763
2021-12-17T10:30:00-08:00,462.94,463.7,459.54,459.89,3995751
2021-12-20T06:30:00-08:00,454.48,454.935,451.15,452.57,3806068
2021-12-20T10:30:00-08:00,452.48,455.4,452.08,454.98,3016168
2021-12-21T06:30:00-08:00,458.58,461.94,456.315,461.79,2559510
2021-12-21T10:30:00-08:00,461.81,463.21,461.24,463.04,1904965
2021-12-22T06:30:00-08:00,462.79,466.9,462.64,466.285,2325427
2021-12-22T10:30:00-08:00,466.34,467.81,465.27,467.69,1744800
2021-12-23T06:30:00-08:00,468.75,471.46,468.65,471.19,1693632
2021-12-23T10:30:00-08:00,471.22,472.18,470.54,470.57,1768500
2021-12-27T06:30:00-08:00,472.05,476.14,472.02,475.97,1370749
2021-12-27T10:30:00-08:00,475.98,477.3,475.7,477.3,1683266
2021-12-28T06:30:00-08:00,477.72,478.81,476.07,476.87,1515491
2021-12-28T10:30:00-08:00,476.86,477.69,476.24,476.89,1326879
2021-12-29T06:30:00-08:00,476.97,478.14,475.93,476.75,1451999
2021-12-29T10:30:00-08:00,476.76,478.56,476.63,477.46,1466305
2021-12-30T06:30:00-08:00,477.93,478.99,477.69,478.06,1207500
2021-12-30T10:30:00-08:00,478.06,478.36,475.68,476.15,1819791
2021-12-31T06:30:00-08:00,475.64,476.86,474.88,476.32,1588768
2021-12-31T10:30:00-08:00,476.27,476.7,474.68,474.89,2657557
2022-01-03T06:30:00-08:00,476.3,477.71,473.87,476.07,2473053
2022-01-03T10:30:00-08:00,476.09,477.85,475.87,477.76,1965646
2022-01-04T06:30:00-08:00,479.22,479.96,476.44,476.78,2367901
2022-01-04T10:30:00-08:00,476.8,478.96,475.59,477.51,2262204
2022-01-05T06:30:00-08:00,477.16,477.98,475.31,475.86,2256670
2022-01-05T10:30:00-08:00,475.86,476.91,468.29,468.43,4364409
2022-01-06T06:30:00-08:00,467.94,470.8,465.45,468.64,4143767
2022-01-06T10:30:00-08:00,468.64,470.17,467.09,467.93,2462182
2022-01-07T06:30:00-08:00,467.95,469.2,464.65,467.03,2970202
2022-01-07T10:30:00-08:00,467.03,467.97,465.92,466.12,2122025
2022-01-10T06:30:00-08:00,462.7,462.99,456.6,460.52,4914346
2022-01-10T10:30:00-08:00,460.52,465.73,460.17,465.52,3371239
2022-01-11T06:30:00-08:00,465.23,468.37,462.05,468.08,3664991
2022-01-11T10:30:00-08:00,468.11,469.85,467.715,469.75,1803332
2022-01-12T06:30:00-08:00,471.59,473.2,468.94,470.84,2652082
2022-01-12T10:30:00-08:00,470.835,471.67,469.77,471.08,1673435
2022-01-13T06:30:00-08:00,472.19,472.88,466.91,468.49,2928464
2022-01-13T10:30:00-08:00,468.45,469.2,463.48,464.52,3114322
2022-01-14T06:30:00-08:00,461.19,464.85,459.91,460.52,4617884
2022-01-14T10:30:00-08:00,460.42,465.08,459.99,464.72,3518651
2022-01-18T06:30:00-08:00,459.74,459.96,455.47,456.13,4292133
2022-01-18T10:30:00-08:00,456.06,458.9,455.34,456.51,3802331
2022-01-19T06:30:00-08:00,458.13,459.59,454.73,456.89,3695454
2022-01-19T10:30:00-08:00,456.9,457.27,451.47,451.79,3659759
2022-01-20T06:30:00-08:00,453.75,458.74,453.51,455.68,3316437
2022-01-20T10:30:00-08:00,455.71,456.565,446.26,446.81,5952757
2022-01-21T06:30:00-08:00,445.59,448.05,440.66,442,8119122
2022-01-21T10:30:00-08:00,442.02,443.83,437.97,438.02,6600049
2022-01-24T06:30:00-08:00,432.07,433.46,420.78,426.29,10899605
2022-01-24T10:30:00-08:00,426.26,440.38,426.04,439.89,8716680
2022-01-25T06:30:00-08:00,433.07,434.67,427.15,433.57,9700587
2022-01-25T10:30:00-08:00,433.51,439.71,433.19,434.42,5952600
2022-01-26T06:30:00-08:00,440.72,443.08,437.54,440.78,6033633
2022-01-26T10:30:00-08:00,440.78,444.03,428.86,433.47,15043798
2022-01-27T06:30:00-08:00,438.23,441.59,430.08,430.26,8454620
2022-01-27T10:30:00-08:00,430.33,434.27,429.45,431.22,6763931
2022-01-28T06:30:00-08:00,432.68,437.52,427.82,435.62,8898102
2022-01-28T10:30:00-08:00,435.65,442,431.84,441.92,6686494
2022-01-31T06:30:00-08:00,441.24,447.61,439.83,446.87,5042237
2022-01-31T10:30:00-08:00,446.95,450.27,445.71,449.81,3346956
2022-02-01T06:30:00-08:00,450.68,451.02,446.95,450.335,4840385
2022-02-01T10:30:00-08:00,450.32,453.62,449.52,452.94,3058466
2022-02-02T06:30:00-08:00,455.5,456.86,453.06,455.66,3586166
2022-02-02T10:30:00-08:00,455.66,458.12,455.49,457.3,3359326
2022-02-03T06:30:00-08:00,450.95,452.96,449.05,450.06,4642754
2022-02-03T10:30:00-08:00,450.06,450.7,445.72,446.68,3761201
2022-02-04T06:30:00-08:00,446.35,450.39,443.86,449.74,4637063
2022-02-04T10:30:00-08:00,449.76,452.77,448.58,448.73,3684811
2022-02-07T06:30:00-08:00,449.51,450.86,446.77,448.99,3331437
2022-02-07T10:30:00-08:00,449.02,450.99,445.85,447.24,2708457
2022-02-08T06:30:00-08:00,446.74,451.26,445.24,449.85,3116776
2022-02-08T10:30:00-08:00,449.86,451.91,448.11,450.89,2376455
2022-02-09T06:30:00-08:00,455.22,457.02,455.02,456.55,3158483
2022-02-09T10:30:00-08:00,456.57,457.8,455.76,457.51,2550626
2022-02-10T06:30:00-08:00,451.34,457.7,451.32,451.51,6131299
2022-02-10T10:30:00-08:00,451.5,452.22,447.2,449.36,5114415
2022-02-11T06:30:00-08:00,449.41,451.6,445.68,445.68,4270811
2022-02-11T10:30:00-08:00,445.68,445.74,438.95,440.5,10185223
2022-02-14T06:30:00-08:00,439.92,441.6,437.36,439.93,5623124
2022-02-14T10:30:00-08:00,439.91,440.2,435.34,439.04,6340144
2022-02-15T06:30:00-08:00,443.72,445.99,443.19,445.38,3561484
2022-02-15T10:30:00-08:00,445.38,446.28,443.86,446.08,3240219
2022-02-16T06:30:00-08:00,443.93,444.81,441.94,443.06,2541759
2022-02-16T10:30:00-08:00,443.08,448.055,442.02,446.62,3907778
2022-02-17T06:30:00-08:00,443.32,443.77,439.8,440.48,3523589
2022-02-17T10:30:00-08:00,440.44,440.89,436.43,437.11,3394768
2022-02-18T06:30:00-08:00,437.36,438.65,431.82,432.56,5237265
2022-02-18T10:30:00-08:00,432.56,437.4,432.41,434.26,4560550
2022-02-22T06:30:00-08:00,431.89,435.5,428.23,428.9,4815863
2022-02-22T10:30:00-08:00,428.79,432.88,425.86,429.65,5603126
2022-02-23T06:30:00-08:00,432.66,433.25,425.58,425.72,4703311
2022-02-23T10:30:00-08:00,425.71,427.27,421.36,421.97,5712703
2022-02-24T06:30:00-08:00,411.02,419.47,410.65,416.53,14409443
2022-02-24T10:30:00-08:00,416.56,428.76,416.44,428.31,10930571
2022-02-25T06:30:00-08:00,429.61,437.28,427.86,436.56,6935559
2022-02-25T10:30:00-08:00,436.58,437.84,435.02,437.7,5185391
2022-02-28T06:30:00-08:00,432.02,438.19,431.85,433.84,8768631
2022-02-28T10:30:00-08:00,433.82,436.94,430.7,436.66,7166051
2022-03-01T06:30:00-08:00,435.04,437.17,428.28,428.33,7276177
2022-03-01T10:30:00-08:00,428.3,432.29,427.11,430,6092636
2022-03-02T06:30:00-08:00,432.37,439.07,431.57,438.5,9334123
2022-03-02T10:30:00-08:00,438.56,439.55,437.64,437.85,4487406
2022-03-03T06:30:00-08:00,440.47,441.11,433.84,438.88,7481343
2022-03-03T10:30:00-08:00,438.86,439.27,433.92,435.72,3949010
2022-03-04T06:30:00-08:00,431.75,433.37,427.89,431.77,7187643
2022-03-04T10:30:00-08:00,431.78,432.86,429.21,432.22,4434796
2022-03-07T06:30:00-08:00,431.55,431.83,422.06,422.92,8028648
2022-03-07T10:30:00-08:00,422.89,424.05,419.36,419.45,5197836
2022-03-08T06:30:00-08:00,419.62,427.2,415.12,423.71,10655747
2022-03-08T10:30:00-08:00,423.75,423.75,416.255,416.3,7355004
2022-03-09T06:30:00-08:00,425.14,428.74,422.85,428.29,6232090
2022-03-09T10:30:00-08:00,428.32,429.5,426.3,427.41,3688355
2022-03-10T06:30:00-08:00,422.52,425.27,420.45,422.38,5108828
2022-03-10T10:30:00-08:00,422.38,426.42,422.105,425.47,3525562
2022-03-11T06:30:00-08:00,428.12,428.76,423.01,425,4993459
2022-03-11T10:30:00-08:00,424.97,425.5,419.55,420.08,3827393
2022-03-14T06:30:00-07:00,420.89,424.5,417.31,417.44,5380351
2022-03-14T10:30:00-07:00,417.44,418.2,415.8,417.05,3729362
2022-03-15T06:30:00-07:00,419.77,424.4,418.43,422.13,4553486
2022-03-15T10:30:00-07:00,422.13,426.83,421.38,426.12,3040076
2022-03-16T06:30:00-07:00,429.89,434.54,429.8,430.64,4473791
2022-03-16T10:30:00-07:00,430.64,435.68,424.8,435.61,6058787
2022-03-17T06:30:00-07:00,433.59,438.74,433.23,438.67,2884229
2022-03-17T10:30:00-07:00,438.71,441.06,438.13,441.02,2813542
2022-03-18T06:30:00-07:00,438,442.29,437.22,442.27,2155034
2022-03-18T10:30:00-07:00,442.295,444.86,441.48,444.46,2264196
2022-03-21T06:30:00-07:00,444.39,446.455,440.68,441.27,3495580
2022-03-21T10:30:00-07:00,441.23,444.48,441.23,444.42,2076461
2022-03-22T06:30:00-07:00,445.86,449.68,445.86,449,2214447
2022-03-22T10:30:00-07:00,449.03,450.56,448.13,449.57,2236308
2022-03-23T06:30:00-07:00,446.91,448.48,444.93,445.06,2654699
2022-03-23T10:30:00-07:00,444.995,446.29,443.79,443.84,2698781
2022-03-24T06:30:00-07:00,445.89,448.94,444.78,448.15,2331131
2022-03-24T10:30:00-07:00,448.16,450.45,447.43,450.41,1907997
2022-03-25T06:30:00-07:00,451.17,452.98,448.44,449.98,2731687
2022-03-25T10:30:00-07:00,449.97,452.79,449.71,452.65,2050611
2022-03-28T06:30:00-07:00,452.06,453.64,450.06,452.31,2030416
2022-03-28T10:30:00-07:00,452.35,455.89,452.15,455.86,1778667
2022-03-29T06:30:00-07:00,460.02,461.24,457.19,458.14,3351740
2022-03-29T10:30:00-07:00,458.25,462.07,457.97,461.6,2155066
2022-03-30T06:30:00-07:00,460.34,461.19,458.64,458.99,2246127
2022-03-30T10:30:00-07:00,458.96,459.33,456.47,458.72,2202926
2022-03-31T06:30:00-07:00,457.88,458.75,456.28,456.95,1821087
2022-03-31T10:30:00-07:00,456.96,457.47,451.51,451.68,4790953
2022-04-01T06:30:00-07:00,453.31,453.46,449.14,449.65,2429681
2022-04-01T10:30:00-07:00,449.64,453.18,449.59,452.88,3260023
2022-04-04T06:30:00-07:00,453.13,455.71,452.29,455.25,1872905
2022-04-04T10:30:00-07:00,455.26,456.83,454.99,456.77,1610160
2022-04-05T06:30:00-07:00,455.22,457.825,452.67,454.18,2675117
2022-04-05T10:30:00-07:00,454.19,454.21,449.82,451.04,2185077
2022-04-06T06:30:00-07:00,446.89,447.58,444.51,445.8,2756284
2022-04-06T10:30:00-07:00,445.81,448.93,443.47,446.56,5267757
2022-04-07T06:30:00-07:00,445.59,447.72,443.54,446.54,2896955
2022-04-07T10:30:00-07:00,446.58,450.69,445.92,448.75,2853250
2022-04-08T06:30:00-07:00,447.97,450.61,445.95,449.22,2530735
2022-04-08T10:30:00-07:00,449.27,449.37,446.69,447.62,2474919
2022-04-11T06:30:00-07:00,444.11,445,441.37,441.73,2921901
2022-04-11T10:30:00-07:00,441.7,443,439.395,439.95,2822912
2022-04-12T06:30:00-07:00,443.08,445.72,441.17,441.64,3416751
2022-04-12T10:30:00-07:00,441.69,441.91,436.66,438.24,3141440
2022-04-13T06:30:00-07:00,438.03,442.83,437.84,442.37,2658930
2022-04-13T10:30:00-07:00,442.43,444.1,441.53,443.35,1548542
2022-04-14T06:30:00-07:00,443.55,444.72,439.47,440,2702764
2022-04-14T10:30:00-07:00,440,441.82,437.68,437.86,3118604
2022-04-18T06:30:00-07:00,436.81,439.5,435.62,437.24,2377092
2022-04-18T10:30:00-07:00,437.28,439.72,435.65,437.99,2043463
2022-04-19T06:30:00-07:00,437.86,444.27,437.69,442.69,2040924
2022-04-19T10:30:00-07:00,442.69,445.79,442.44,445.01,2425727
2022-04-20T06:30:00-07:00,446.92,447.56,444.39,446.14,2491687
2022-04-20T10:30:00-07:00,446.1,447.19,443.49,444.67,1941174
2022-04-21T06:30:00-07:00,448.54,450.01,441.38,443.17,2555010
2022-04-21T10:30:00-07:00,443.28,443.615,437.11,438.03,3208644
2022-04-22T06:30:00-07:00,436.89,437.23,429.54,430.06,3589099
2022-04-22T10:30:00-07:00,429.99,430.39,425.46,426.09,4962512
2022-04-25T06:30:00-07:00,423.67,424.38,418.84,423,4661086
2022-04-25T10:30:00-07:00,422.82,428.69,421.76,428.5,3078531
2022-04-26T06:30:00-07:00,425.83,426.03,419.02,419.19,3887988
2022-04-26T10:30:00-07:00,419.12,421.18,416.07,416.105,3936526
2022-04-27T06:30:00-07:00,417.24,422.92,415.02,421.58,6538116
2022-04-27T10:30:00-07:00,421.55,422.12,416.54,417.25,4105677
2022-04-28T06:30:00-07:00,422.29,427.3,417.6,426.87,4699831
2022-04-28T10:30:00-07:00,426.92,429.63,426.33,427.79,4109919
2022-04-29T06:30:00-07:00,423.59,425.86,417.22,418.65,4022873
2022-04-29T10:30:00-07:00,418.68,419.78,411.21,412.04,6619308
2022-05-02T06:30:00-07:00,412.07,415.91,408.03,408.7,6989469
2022-05-02T10:30:00-07:00,408.57,414.66,405.02,414.49,6920287
2022-05-03T06:30:00-07:00,415.01,418.93,413.37,417.67,5029064
2022-05-03T10:30:00-07:00,417.78,418.62,414.12,416.39,3624058
2022-05-04T06:30:00-07:00,417.08,418.47,413.71,417.33,2778209
2022-05-04T10:30:00-07:00,417.32,429.65,414.12,428.99,10635464
2022-05-05T06:30:00-07:00,424.53,424.62,411.02,414.88,7087683
2022-05-05T10:30:00-07:00,414.86,415.92,409.44,413.86,6950436
2022-05-06T06:30:00-07:00,411.1,414.8,405.73,412.085,7959846
2022-05-06T10:30:00-07:00,412.05,412.94,407.36,411.4,5923849
2022-05-09T06:30:00-07:00,405.1,406.4,399.35,401.57,6527594
2022-05-09T10:30:00-07:00,401.58,402.575,396.5,398.23,5230078
2022-05-10T06:30:00-07:00,404.49,406.08,394.82,398.53,5143891
2022-05-10T10:30:00-07:00,398.5,403.25,398.1,399.05,4817355
2022-05-11T06:30:00-07:00,398.07,404.03,395.49,395.61,6042773
2022-05-11T10:30:00-07:00,395.61,398.16,391.97,392.77,4750619
2022-05-12T06:30:00-07:00,389.37,395.8,386.96,389.36,4306876
2022-05-12T10:30:00-07:00,389.09,392.58,385.16,392.38,2305335
2022-05-13T06:30:00-07:00,396.7,403.17,395.62,400.87,2615936
2022-05-13T10:30:00-07:00,400.88,402.55,397.18,401.68,2283086
2022-05-16T06:30:00-07:00,399.97,402.27,397.61,402.21,2067472
2022-05-16T10:30:00-07:00,402.17,403.94,399.33,400.23,2175242
2022-05-17T06:30:00-07:00,406.53,407.15,402.61,406.42,2102364
2022-05-17T10:30:00-07:00,406.47,408.53,403.55,408.27,2794408
2022-05-18T06:30:00-07:00,403.5,403.79,393.95,394.39,2851270
2022-05-18T10:30:00-07:00,394.35,394.94,390.56,391.93,3636014
2022-05-19T06:30:00-07:00,388.62,393.33,387.11,389.59,3988151
2022-05-19T10:30:00-07:00,389.65,394.14,388.49,389.45,3202938
2022-05-20T06:30:00-07:00,393.25,393.81,380.6,380.67,3671088
2022-05-20T10:30:00-07:00,380.63,389.93,380.55,389.59,4540052
2022-05-23T06:30:00-07:00,392.83,397.58,390.4,395.12,2331434
2022-05-23T10:30:00-07:00,395.14,397.72,394.75,396.95,1765373
2022-05-24T06:30:00-07:00,392.56,393.56,386.96,389.99,2371476
2022-05-24T10:30:00-07:00,389.98,395.11,389.17,394.01,2288000
2022-05-25T06:30:00-07:00,392.31,397.44,391.9,394.44,1777976
2022-05-25T10:30:00-07:00,394.39,399.45,392.57,397.55,3128586
2022-05-26T06:30:00-07:00,398.67,407,398.5,405.6,2607496
2022-05-26T10:30:00-07:00,405.64,407.03,404.54,405.29,2982645
2022-05-27T06:30:00-07:00,407.91,412.87,407.7,412.38,2272330
2022-05-27T10:30:00-07:00,412.41,415.38,411.89,415.34,2398456
2022-05-31T06:30:00-07:00,413.55,415.76,410.05,414,2797445
2022-05-31T10:30:00-07:00,413.97,416.44,412.07,412.95,2897731
2022-06-01T06:30:00-07:00,415.17,416.24,406.93,409.23,1919199
2022-06-01T10:30:00-07:00,409.13,412.54,408.81,409.62,1761344
2022-06-02T06:30:00-07:00,409.42,414.66,407.04,414.33,2281505
2022-06-02T10:30:00-07:00,414.33,417.435,414.22,417.37,2182051
2022-06-03T06:30:00-07:00,412.4,414.04,409.53,411.51,2152626
2022-06-03T10:30:00-07:00,411.47,412.12,409.815,410.54,1854858
2022-06-06T06:30:00-07:00,414.79,416.6,410.85,411.95,1987341
2022-06-06T10:30:00-07:00,411.86,413.83,410.56,411.76,1204806
2022-06-07T06:30:00-07:00,408.1,413.65,407.62,413.34,2874632
2022-06-07T10:30:00-07:00,413.38,416.21,412.91,415.7,2156588
2022-06-08T06:30:00-07:00,413.91,415.81,411.57,411.81,2848400
2022-06-08T10:30:00-07:00,411.78,412.48,410.38,411.28,2547716
2022-06-09T06:30:00-07:00,409.34,411.74,408.11,409.26,2656096
2022-06-09T10:30:00-07:00,409.3,409.47,401.45,401.47,3256535
2022-06-10T06:30:00-07:00,394.88,395.77,389.87,391.52,5284672
2022-06-10T10:30:00-07:00,391.53,394.25,389.75,389.82,4584988
2022-06-13T06:30:00-07:00,379.85,381.81,374.94,377.46,5352895
2022-06-13T10:30:00-07:00,377.5,379.97,373.3,375.01,5485917
2022-06-14T06:30:00-07:00,376.85,377.92,372.6,374.84,5068070
2022-06-14T10:30:00-07:00,374.84,375.05,370.59,373.83,3849499
2022-06-15T06:30:00-07:00,377.35,379.5,376.03,377.44,3170419
2022-06-15T10:30:00-07:00,377.46,383.88,372.14,379.15,8235072
2022-06-16T06:30:00-07:00,370.51,370.93,365.78,368.45,4518284
2022-06-16T10:30:00-07:00,368.45,368.74,364.09,366.88,4844321
2022-06-17T06:30:00-07:00,365.48,369.38,362.16,367.23,4380904
2022-06-17T10:30:00-07:00,367.25,369,365.65,365.84,3257611
2022-06-21T06:30:00-07:00,371.86,376.28,371.82,375.21,2744588
2022-06-21T10:30:00-07:00,375.205,376.52,374.52,375.08,2336039
2022-06-22T06:30:00-07:00,370.62,377.96,370.19,377.07,3683884
2022-06-22T10:30:00-07:00,377.07,378.71,374.23,374.38,3236458
2022-06-23T06:30:00-07:00,376.64,378.2,372.9,373.9,3423552
2022-06-23T10:30:00-07:00,373.85,378.84,373.32,378.11,2204969
2022-06-24T06:30:00-07:00,381.4,387.62,381.36,387.28,2681012
2022-06-24T10:30:00-07:00,387.24,390.08,386.78,390.05,2612737
2022-06-27T06:30:00-07:00,391.05,391.33,387.52,389.22,2675551
2022-06-27T10:30:00-07:00,389.14,389.36,387.44,388.67,1857222
2022-06-28T06:30:00-07:00,390.19,393.16,382.52,383.53,2957336
2022-06-28T10:30:00-07:00,383.49,383.77,380.53,380.72,2519976
2022-06-29T06:30:00-07:00,381.23,382.26,378.42,379.56,3062045
2022-06-29T10:30:00-07:00,379.59,381.7,379.16,380.37,1847907
2022-06-30T06:30:00-07:00,376.24,380.64,372.57,378.99,3629188
2022-06-30T10:30:00-07:00,379.02,380.48,375.1,377.27,3915948
2022-07-01T06:30:00-07:00,376.56,380.01,373.8,376.78,3046476
2022-07-01T10:30:00-07:00,376.81,381.69,376.69,381.2,2104988
2022-07-05T06:30:00-07:00,375.88,377.42,372.91,376.99,3166283
2022-07-05T10:30:00-07:00,377.01,381.97,376.69,381.97,2212588
2022-07-06T06:30:00-07:00,382.11,383.65,379.6,381.37,2221078
2022-07-06T10:30:00-07:00,381.37,385.87,380.7,383.31,2681496
2022-07-07T06:30:00-07:00,385.12,388.4,385.12,387.46,1737585
2022-07-07T10:30:00-07:00,387.47,389.82,387.37,388.95,2107275
2022-07-08T06:30:00-07:00,387.27,390.635,385.66,388.29,2371909
2022-07-08T10:30:00-07:00,388.3,390.35,387.95,388.71,2106307
2022-07-11T06:30:00-07:00,385.82,386.87,383.66,386.1,1749281
2022-07-11T10:30:00-07:00,386.12,386.81,383.51,384.25,1720746
2022-07-12T06:30:00-07:00,383.65,386.15,382.525,384.07,1947803
2022-07-12T10:30:00-07:00,384.085,384.61,379,380.85,2001995
2022-07-13T06:30:00-07:00,375.1,381.92,374.66,380.71,3161633
2022-07-13T10:30:00-07:00,380.74,381.46,378.55,378.87,2139424
2022-07-14T06:30:00-07:00,373.66,375.98,371.06,375.12,2713036
2022-07-14T10:30:00-07:00,375.1,378.56,374.38,377.95,1961180
2022-07-15T06:30:00-07:00,382.55,384.84,380.55,384.6,2514048
2022-07-15T10:30:00-07:00,384.59,385.25,383.6,385.1,1563895
2022-07-18T06:30:00-07:00,388.38,389.09,386.53,387.09,1447762
2022-07-18T10:30:00-07:00,387.09,387.12,380.665,382,1916983
2022-07-19T06:30:00-07:00,386.04,390.52,385.4,390.1,2074980
2022-07-19T10:30:00-07:00,390.15,392.86,390.1,392.24,2850659
2022-07-20T06:30:00-07:00,392.43,396.26,391.04,393.85,2509419
2022-07-20T10:30:00-07:00,393.88,395.83,392.42,394.81,1553850
2022-07-21T06:30:00-07:00,394.16,397.65,391.63,396.57,2310214
2022-07-21T10:30:00-07:00,396.64,398.84,395.66,398.82,1981960
2022-07-22T06:30:00-07:00,398.92,400.18,393.94,394.25,2412706
2022-07-22T10:30:00-07:00,394.16,395.2,392.75,395.11,2202936
2022-07-25T06:30:00-07:00,395.75,396.47,393.77,395.45,1728443
2022-07-25T10:30:00-07:00,395.46,395.75,393.23,395.54,1396558
2022-07-26T06:30:00-07:00,393.84,394.05,390.42,392.25,1962936
2022-07-26T10:30:00-07:00,392.2,392.34,389.96,390.92,1500418
2022-07-27T06:30:00-07:00,394.35,397.07,394.07,396.19,1604282
2022-07-27T10:30:00-07:00,396.21,402.88,395.47,401.01,3756801
2022-07-28T06:30:00-07:00,401.89,405.09,398.17,405.05,2605340
2022-07-28T10:30:00-07:00,405.07,406.79,404.98,406.02,1949201
2022-07-29T06:30:00-07:00,407.58,410.99,406.78,410.07,2057598
2022-07-29T10:30:00-07:00,410.08,413.02,410.05,412.04,2976213
2022-08-01T06:30:00-07:00,409.15,413.39,408.42,410.15,2214267
2022-08-01T10:30:00-07:00,410.13,411.83,409.07,410.73,2461632
2022-08-02T06:30:00-07:00,409.12,413,406.84,410.73,2257058
2022-08-02T10:30:00-07:00,410.69,410.81,407.93,408.11,1981045
2022-08-03T06:30:00-07:00,410.33,414.76,410,414.59,2009577
2022-08-03T10:30:00-07:00,414.62,415.67,414.14,414.42,2223709
2022-08-04T06:30:00-07:00,414.36,415.08,412.44,414.3,1883733
2022-08-04T10:30:00-07:00,414.25,414.98,413.6,414.16,1248563
2022-08-05T06:30:00-07:00,409.69,414.15,409.6,412.74,2682628
2022-08-05T10:30:00-07:00,412.72,413.71,411.43,413.45,1574596
2022-08-08T06:30:00-07:00,415.25,417.62,412.39,413.16,3057550
2022-08-08T10:30:00-07:00,413.16,413.99,411.83,413.02,1509096
2022-08-09T06:30:00-07:00,412.22,412.75,410.39,411.09,2082740
2022-08-09T10:30:00-07:00,411.19,411.73,410.22,411.33,1780645
2022-08-10T06:30:00-07:00,418.77,420.04,416.73,419,2848591
2022-08-10T10:30:00-07:00,419.03,420.14,418.37,419.95,1999402
2022-08-11T06:30:00-07:00,422.99,424.94,421.11,422.44,2536306
2022-08-11T10:30:00-07:00,422.47,422.63,419.22,420.01,2029486
2022-08-12T06:30:00-07:00,422.03,424.66,421.04,424.57,2396888
2022-08-12T10:30:00-07:00,424.63,427.21,424.475,427.07,2405958
2022-08-15T06:30:00-07:00,424.77,429.02,424.72,428.61,2369226
2022-08-15T10:30:00-07:00,428.65,429.39,428.1,428.87,1827107
2022-08-16T06:30:00-07:00,427.73,430.52,426.88,430.32,2378646
2022-08-16T10:30:00-07:00,430.34,431.73,428.15,429.69,2810410
2022-08-17T06:30:00-07:00,425.91,427.53,424.54,426.9,2228726
2022-08-17T10:30:00-07:00,426.89,429.5,426.17,426.67,2378012
2022-08-18T06:30:00-07:00,426.86,428.15,425.5,427.01,2380011
2022-08-18T10:30:00-07:00,427.03,428.605,426.76,427.83,1849207
2022-08-19T06:30:00-07:00,424.98,425.25,421.73,422.78,2701659
2022-08-19T10:30:00-07:00,422.76,422.99,421.22,422.15,1946877
2022-08-22T06:30:00-07:00,417.05,417.23,414.08,414.12,2480314
2022-08-22T10:30:00-07:00,414.12,414.15,412.4,413.38,2237815
2022-08-23T06:30:00-07:00,412.9,415.41,411.77,413.34,2353017
2022-08-23T10:30:00-07:00,413.37,413.61,412.05,412.33,1565086
2022-08-24T06:30:00-07:00,412.14,415.11,411.39,412.58,2225300
2022-08-24T10:30:00-07:00,412.57,414.46,412.48,413.63,1723810
2022-08-25T06:30:00-07:00,415.23,417.85,414.09,416.15,1973433
2022-08-25T10:30:00-07:00,416.15,419.56,416.07,419.51,2083430
2022-08-26T06:30:00-07:00,419.39,419.94,409.36,410.07,4543014
2022-08-26T10:30:00-07:00,410.05,410.09,405.25,405.34,3507028
2022-08-29T06:30:00-07:00,402.21,405.27,401.2,404.48,3272421
2022-08-29T10:30:00-07:00,404.44,405.83,402.4,402.62,1760153
2022-08-30T06:30:00-07:00,403.85,404.1,396.38,397.17,4257584
2022-08-30T10:30:00-07:00,397.18,399.37,396,398.17,3468852
2022-08-31T06:30:00-07:00,399.96,401.225,396.64,397.09,3404289
2022-08-31T10:30:00-07:00,397.09,397.94,395.04,395.13,2705250
2022-09-01T06:30:00-07:00,392.88,393.43,390.04,392.96,3385563
2022-09-01T10:30:00-07:00,393.02,396.77,391.83,396.41,2615121
2022-09-02T06:30:00-07:00,400.28,401.545,393.27,393.52,4893726
2022-09-02T10:30:00-07:00,393.42,394.41,390.335,392.24,3900242
2022-09-06T06:30:00-07:00,393.14,394.12,388.42,389.54,3978149
2022-09-06T10:30:00-07:00,389.53,391.78,389.16,390.79,2640216
2022-09-07T06:30:00-07:00,390.43,395.39,390.21,394.68,3128896
2022-09-07T10:30:00-07:00,394.74,398.58,394.62,397.78,2732784
2022-09-08T06:30:00-07:00,395.35,400.85,394.16,399.14,4762511
2022-09-08T10:30:00-07:00,399.25,400.47,397.86,400.36,2391646
2022-09-09T06:30:00-07:00,402.73,406.6,402.48,406.28,3726415
2022-09-09T10:30:00-07:00,406.28,407.51,405.97,406.56,2282281
2022-09-12T06:30:00-07:00,408.78,411.73,408.46,410.98,3220975
2022-09-12T10:30:00-07:00,411.02,411.08,409.47,410.92,1877551
2022-09-13T06:30:00-07:00,401.77,403.1,397.6,399.46,3347178
2022-09-13T10:30:00-07:00,399.44,399.65,391.92,393.11,3880870
2022-09-14T06:30:00-07:00,394.47,396.2,391.77,395,2651294
2022-09-14T10:30:00-07:00,395.01,395.15,391.13,394.61,2942671
2022-09-15T06:30:00-07:00,392.96,395.955,390.22,394.06,3284139
2022-09-15T10:30:00-07:00,394.02,394.1,388.78,390.14,2692791
2022-09-16T06:30:00-07:00,384.14,385.89,382.12,382.96,3765037
2022-09-16T10:30:00-07:00,382.94,386.24,382.46,385.64,3310270
2022-09-19T06:30:00-07:00,382.26,387.16,382.1,386.08,2615703
2022-09-19T10:30:00-07:00,386.06,388.54,384.68,388.53,2417518
2022-09-20T06:30:00-07:00,385.06,386.1,382.6,382.66,3014159
2022-09-20T10:30:00-07:00,382.64,385.47,381.21,384.12,2504241
2022-09-21T06:30:00-07:00,386.12,387.25,385.4,385.98,1622663
2022-09-21T10:30:00-07:00,386.05,389.29,377.39,377.39,8104288
2022-09-22T06:30:00-07:00,376.58,377.64,373.45,374.93,2928719
2022-09-22T10:30:00-07:00,374.93,377.54,373.72,374.23,2484014
2022-09-23T06:30:00-07:00,370.58,370.6,364.83,365.76,4165896
2022-09-23T10:30:00-07:00,365.78,368.23,363.29,367.92,3912562
2022-09-26T06:30:00-07:00,366.41,370.2,363.03,363.67,3534079
2022-09-26T10:30:00-07:00,363.62,366.86,363.18,364.31,2967206
2022-09-27T06:30:00-07:00,368.02,370.4,361.19,361.91,4930327
2022-09-27T10:30:00-07:00,361.83,364.58,360.88,363.39,2524615
2022-09-28T06:30:00-07:00,364.38,369.99,362.6,369.25,4036057
2022-09-28T10:30:00-07:00,369.265,372.3,368.245,370.53,3204529
2022-09-29T06:30:00-07:00,366.81,367.09,360.59,361.73,4593149
2022-09-29T10:30:00-07:00,361.71,363.25,359.72,362.79,3970837
2022-09-30T06:30:00-07:00,361.79,365.91,360.18,362.69,4320002
2022-09-30T10:30:00-07:00,362.67,362.91,357.11,357.18,5690900
2022-10-03T06:30:00-07:00,361.08,365.64,359.24,365.3,3505488
2022-10-03T10:30:00-07:00,365.33,368.55,365.28,366.6,3104786
2022-10-04T06:30:00-07:00,372.36,377.65,372.32,375.32,3750488
2022-10-04T10:30:00-07:00,375.34,377.99,375.14,377.95,2991798
2022-10-05T06:30:00-07:00,373.39,377.52,370.95,376.64,3233090
2022-10-05T10:30:00-07:00,376.66,379.46,375.68,377.15,2577070
2022-10-06T06:30:00-07:00,375.62,378.7,373.41,375.82,3485714
2022-10-06T10:30:00-07:00,375.79,375.79,372.68,373.22,2259779
2022-10-07T06:30:00-07:00,368.97,369.35,363.12,363.84,3205091
2022-10-07T10:30:00-07:00,363.83,364.37,360.95,362.79,3989446
2022-10-10T06:30:00-07:00,363.96,364.21,357.67,358.98,2794932
2022-10-10T10:30:00-07:00,358.95,362.36,358.91,360.07,1945861
2022-10-11T06:30:00-07:00,358.24,363.02,355.82,361.38,3282335
2022-10-11T10:30:00-07:00,361.34,362.16,355.71,357.74,3307207
2022-10-12T06:30:00-07:00,358.17,359.8,356.3,358.3,2634016
2022-10-12T10:30:00-07:00,358.32,359.4,356.5,356.54,2589656
2022-10-13T06:30:00-07:00,349.23,365.73,348.11,365.27,7068604
2022-10-13T10:30:00-07:00,365.35,367.51,363.96,365.96,3647988
2022-10-14T06:30:00-07:00,368.55,370.26,358.45,359.42,5602279
2022-10-14T10:30:00-07:00,359.39,360.17,356.96,357.67,3750682
2022-10-17T06:30:00-07:00,364.01,367.97,363.97,367.02,3943449
2022-10-17T10:30:00-07:00,367.07,367.91,366.24,366.82,2925381
2022-10-18T06:30:00-07:00,375.13,375.45,367.53,371.22,4440150
2022-10-18T10:30:00-07:00,371.23,372.37,368.11,371.15,3214091
2022-10-19T06:30:00-07:00,368.99,371.85,365.55,366.61,3798373
2022-10-19T10:30:00-07:00,366.59,368.72,366.09,368.57,2589254
2022-10-20T06:30:00-07:00,368.03,372.65,366.37,367.15,3609333
2022-10-20T10:30:00-07:00,367.12,367.19,364.61,365.42,2479771
2022-10-21T06:30:00-07:00,365.12,371.96,363.55,371.4,5342586
2022-10-21T10:30:00-07:00,371.35,374.79,371.23,374.3,3202637
2022-10-24T06:30:00-07:00,375.89,378.75,373.11,377.07,3869785
2022-10-24T10:30:00-07:00,377.02,380.06,376.62,378.86,2515932
2022-10-25T06:30:00-07:00,378.79,384.21,378.68,382.98,3409305
2022-10-25T10:30:00-07:00,382.995,385.24,382.5,384.89,2726964
2022-10-26T06:30:00-07:00,381.62,387.58,381.35,383.21,3743334
2022-10-26T10:30:00-07:00,383.2,384.33,381.48,382.09,3050718
2022-10-27T06:30:00-07:00,383.07,385,380.13,381.63,3547656
2022-10-27T10:30:00-07:00,381.63,381.81,379.34,379.97,2305229
2022-10-28T06:30:00-07:00,379.87,387.78,379.68,387.41,3622195
2022-10-28T10:30:00-07:00,387.41,389.52,387.21,389.05,2624523
2022-10-31T06:30:00-07:00,386.44,388.4,385.26,387.36,3267811
2022-10-31T10:30:00-07:00,387.34,387.71,385.51,386.29,3512097
2022-11-01T06:30:00-07:00,390.14,390.39,383.3,384.85,3695437
2022-11-01T10:30:00-07:00,384.87,385.8,384.27,384.52,2330483
2022-11-02T06:30:00-07:00,383.9,383.98,381.39,382.16,1531516
2022-11-02T10:30:00-07:00,382.17,388.63,374.84,374.87,8748235
2022-11-03T06:30:00-07:00,371.465,374.2,368.8,372.88,3336459
2022-11-03T10:30:00-07:00,372.87,373.66,370.93,371.01,1918513
2022-11-04T06:30:00-07:00,377,378.85,370.08,371.08,4001762
2022-11-04T10:30:00-07:00,371.1,376.46,370,376.35,2874643
2022-11-07T06:30:00-08:00,377.71,378.39,375.56,377.63,2521677
2022-11-07T10:30:00-08:00,377.66,380.57,377.14,379.94,2600129
2022-11-08T06:30:00-08:00,381.11,385.11,379.54,381.74,3038812
2022-11-08T10:30:00-08:00,381.67,384.05,377.73,381.98,3054477
2022-11-09T06:30:00-08:00,379.93,381.1,377.14,377.24,2753797
2022-11-09T10:30:00-08:00,377.15,377.15,373.62,374.14,3076530
2022-11-10T06:30:00-08:00,388.05,392.03,385.65,390.6,5200818
2022-11-10T10:30:00-08:00,390.61,395.04,390.09,394.64,3980414
2022-11-11T06:30:00-08:00,395.6,397.77,393.62,397.755,3094690
2022-11-11T10:30:00-08:00,397.76,399.33,397.24,398.5,2814829
2022-11-14T06:30:00-08:00,396.66,400.08,395.92,399.97,2440712
2022-11-14T10:30:00-08:00,399.97,400.17,394.83,395.18,2252121
2022-11-15T06:30:00-08:00,401.15,402.3,395.94,396.36,2533724
2022-11-15T10:30:00-08:00,396.26,399.5,394.5,398.54,3380781
2022-11-16T06:30:00-08:00,396.78,397.78,395.2,396.34,2134288
2022-11-16T10:30:00-08:00,396.29,396.55,394.79,395.51,2935784
2022-11-17T06:30:00-08:00,390.46,394.94,390.15,394.38,2541268
2022-11-17T10:30:00-08:00,394.37,394.88,391.65,394.28,2093049
2022-11-18T06:30:00-08:00,397.74,397.8,393.07,394.74,2523687
2022-11-18T10:30:00-08:00,394.76,397,393.4,396.08,3099792
2022-11-21T06:30:00-08:00,394.64,395.82,392.68,394.98,1635540
2022-11-21T10:30:00-08:00,395,395.61,394.015,394.58,1639668
2022-11-22T06:30:00-08:00,396.63,398.54,395.16,398.44,1523931
2022-11-22T10:30:00-08:00,398.45,400.07,398.15,399.88,2095920
2022-11-23T06:30:00-08:00,399.55,402.58,399.31,400.64,2174350
2022-11-23T10:30:00-08:00,400.71,402.92,400.24,402.41,2376420
2022-11-25T06:30:00-08:00,401.83,402.905,401.55,402.3,1724871
2022-11-25T10:30:00-08:00,402.33,402.45,402.16,402.45,4288
2022-11-28T06:30:00-08:00,399.09,400.81,397.47,397.81,2131610
2022-11-28T10:30:00-08:00,397.8,397.85,395.11,395.93,2068072
2022-11-29T06:30:00-08:00,396.05,397.24,393.33,394.03,2305407
2022-11-29T10:30:00-08:00,393.95,396.08,393.93,395.31,1439954
2022-11-30T06:30:00-08:00,395.46,396.2,393.51,394.82,1913874
2022-11-30T10:30:00-08:00,394.8,407.55,394.06,407.47,7351684
2022-12-01T06:30:00-08:00,408.8,410,404.75,406.66,3393894
2022-12-01T10:30:00-08:00,406.64,408.46,406.27,407.36,2243185
2022-12-02T06:30:00-08:00,402.25,406.24,402.2,404.89,3128655
2022-12-02T10:30:00-08:00,404.97,407.86,404.485,406.87,1991266
2022-12-05T06:30:00-08:00,403.95,404.93,400.03,400.36,2612406
2022-12-05T10:30:00-08:00,400.41,400.89,398.17,399.61,2223716
2022-12-06T06:30:00-08:00,399.44,399.96,392.82,392.93,2681012
2022-12-06T10:30:00-08:00,392.9,394.23,391.65,393.85,2616613
2022-12-07T06:30:00-08:00,392.94,395.65,391.97,394.16,2901655
2022-12-07T10:30:00-08:00,394.14,394.2,392.1,393.15,1721563
2022-12-08T06:30:00-08:00,395.13,397.36,393.5,396.48,1916363
2022-12-08T10:30:00-08:00,396.51,397.265,394.5,396.21,2380216
2022-12-09T06:30:00-08:00,394.94,397.61,394.16,395.83,2546654
2022-12-09T10:30:00-08:00,395.77,396.29,393.15,393.28,2789333
2022-12-12T06:30:00-08:00,394.11,396.24,393.42,395.46,2312248
2022-12-12T10:30:00-08:00,395.46,398.93,395.385,398.92,2487695
2022-12-13T06:30:00-08:00,410.21,410.36,399.07,401.83,5746089
2022-12-13T10:30:00-08:00,401.85,403.2,399.88,401.95,3862042
2022-12-14T06:30:00-08:00,401.59,405.04,401.58,404.085,2152292
2022-12-14T10:30:00-08:00,404.07,405.46,396.33,399.39,6353493
2022-12-15T06:30:00-08:00,394.31,395.24,387.91,388.4,3924116
2022-12-15T10:30:00-08:00,388.33,390.88,388,389.65,3367310
2022-12-16T06:30:00-08:00,385.18,386.54,381.04,381.16,3021017
2022-12-16T10:30:00-08:00,381.18,384.96,381.09,383.28,3345246
2022-12-19T06:30:00-08:00,383.54,383.8,380.42,381.08,2163471
2022-12-19T10:30:00-08:00,381.04,381.18,378.28,379.98,2719889
2022-12-20T06:30:00-08:00,379.22,382.13,377.86,381.49,2463205
2022-12-20T10:30:00-08:00,381.5,382.23,380.06,380.52,1759144
2022-12-21T06:30:00-08:00,383.25,387.29,382.7,385.76,2353243
2022-12-21T10:30:00-08:00,385.75,387.41,385.25,386.22,1748424
2022-12-22T06:30:00-08:00,383.06,383.36,375.22,375.49,2781233
2022-12-22T10:30:00-08:00,375.46,380.81,374.77,380.74,3172677
2022-12-23T06:30:00-08:00,379.65,382.83,378.03,382.055,2464600
2022-12-23T10:30:00-08:00,382.055,383.05,381.03,382.92,1427956
2022-12-27T06:30:00-08:00,382.79,383.13,379.655,381.96,2016049
2022-12-27T10:30:00-08:00,381.97,382.36,380.5,381.4,1600354
2022-12-28T06:30:00-08:00,381.33,383.38,377.31,379.34,2350056
2022-12-28T10:30:00-08:00,379.34,379.36,376.42,376.68,1862881
2022-12-29T06:30:00-08:00,379.66,384.23,379.09,383.6,2184018
2022-12-29T10:30:00-08:00,383.61,384.34,383.15,383.42,1679195
2022-12-30T06:30:00-08:00,380.64,381.58,378.44,379.35,2075213
2022-12-30T10:30:00-08:00,379.34,382.58,378.6,382.42,3679320
2023-01-03T06:30:00-08:00,384.34,386.43,377.88,379.51,2719267
2023-01-03T10:30:00-08:00,379.43,381.22,378.145,380.82,2078836
2023-01-04T06:30:00-08:00,383.18,385.88,380,384.82,3249697
2023-01-04T10:30:00-08:00,384.83,385.54,381.15,383.73,3447692
2023-01-05T06:30:00-08:00,381.72,381.83,378.76,380.77,2507325
2023-01-05T10:30:00-08:00,380.84,381.7,378.915,379.37,2061319
2023-01-06T06:30:00-08:00,382.61,386.72,379.5,386.13,3481537
2023-01-06T10:30:00-08:00,386.14,389.25,386.11,388.03,3359343
2023-01-09T06:30:00-08:00,390.37,393.69,389.35,392.07,1941967
2023-01-09T10:30:00-08:00,392,392.03,387.68,387.86,2215671
2023-01-10T06:30:00-08:00,387.26,389.99,386.27,388.93,1935401
2023-01-10T10:30:00-08:00,388.91,390.65,388.77,390.63,1853227
2023-01-11T06:30:00-08:00,392.27,394.26,391.38,393.83,2190478
2023-01-11T10:30:00-08:00,393.845,395.6,393.19,395.5,2325948
2023-01-12T06:30:00-08:00,396.67,398.36,392.42,396.22,2971968
2023-01-12T10:30:00-08:00,396.22,398.47,395.54,396.94,2180378
2023-01-13T06:30:00-08:00,393.62,396.92,393.37,396.42,2266447
2023-01-13T10:30:00-08:00,396.44,399.1,396.36,398.47,1683764
2023-01-17T06:30:00-08:00,398.51,400.23,397.07,398.16,2255134
2023-01-17T10:30:00-08:00,398.15,398.84,397.16,397.76,2011136
2023-01-18T06:30:00-08:00,399.01,400.11,392.53,393.3,3523427
2023-01-18T10:30:00-08:00,393.28,394.05,391.29,391.54,3015455
2023-01-19T06:30:00-08:00,389.35,390.41,387.27,389.11,2657485
2023-01-19T10:30:00-08:00,389.125,391.07,388.51,388.7,2829107
2023-01-20T06:30:00-08:00,390.08,392.48,388.4,391.6,2311229
2023-01-20T10:30:00-08:00,391.63,396.04,391.63,395.82,2631279
2023-01-23T06:30:00-08:00,396.72,402.11,395.76,401.87,2652098
2023-01-23T10:30:00-08:00,401.86,402.64,398.73,400.6,2459135
2023-01-24T06:30:00-08:00,398.88,400.75,397.66,400.49,2378915
2023-01-24T10:30:00-08:00,400.47,401.15,399.31,400.15,1508226
2023-01-25T06:30:00-08:00,395.95,398.89,393.58,398.76,3884121
2023-01-25T10:30:00-08:00,398.76,400.7,398.42,400.36,2316039
2023-01-26T06:30:00-08:00,403.13,404.07,400.03,402.28,2936872
2023-01-26T10:30:00-08:00,402.34,404.92,402.295,404.71,2104321
2023-01-27T06:30:00-08:00,403.69,406.75,403.44,406.05,2838165
2023-01-27T10:30:00-08:00,406.06,408.155,405.55,405.69,2063588
2023-01-30T06:30:00-08:00,402.8,405.13,401.71,402.68,2335817
2023-01-30T10:30:00-08:00,402.54,402.56,400.31,400.63,2462753
2023-01-31T06:30:00-08:00,401.13,403.87,400.78,403.67,1954538
2023-01-31T10:30:00-08:00,403.73,406.53,403.48,406.47,2929868
2023-02-01T06:30:00-08:00,405.21,406.42,403.76,404.57,2091711
2023-02-01T10:30:00-08:00,404.6,413.67,402.35,410.8,5522312
2023-02-02T06:30:00-08:00,414.85,417.31,412.89,416.67,3761288
2023-02-02T10:30:00-08:00,416.69,418.31,413.23,416.78,3423366
2023-02-03T06:30:00-08:00,411.63,416.96,411.45,413.01,3741647
2023-02-03T10:30:00-08:00,412.93,413.47,411.1,412.33,2084989
2023-02-06T06:30:00-08:00,409.79,411.29,408.1,409.72,1996263
2023-02-06T10:30:00-08:00,409.69,411.05,408.73,409.9,1442891
2023-02-07T06:30:00-08:00,408.87,415.16,408.39,409.83,2831105
2023-02-07T10:30:00-08:00,409.79,416.49,407.57,415.18,3213232
2023-02-08T06:30:00-08:00,413.15,414.53,410.15,411.64,2756159
2023-02-08T10:30:00-08:00,411.64,412.12,409.94,410.66,2373687
2023-02-09T06:30:00-08:00,414.41,414.56,409.28,409.79,2670025
2023-02-09T10:30:00-08:00,409.78,410.49,405.81,407.12,2827100
2023-02-10T06:30:00-08:00,405.87,408.14,405.01,407.55,3124353
2023-02-10T10:30:00-08:00,407.56,408.45,406.2,408.04,1844625
2023-02-13T06:30:00-08:00,408.72,412.55,408.24,412.38,1861177
2023-02-13T10:30:00-08:00,412.45,412.96,411.09,412.83,2528541
2023-02-14T06:30:00-08:00,411.24,415.05,408.52,412.5,3633668
2023-02-14T10:30:00-08:00,412.59,413.69,411.23,412.66,2381048
2023-02-15T06:30:00-08:00,410.35,412.75,409.5,412.28,2155686
2023-02-15T10:30:00-08:00,412.43,414,412.1,413.99,2108035
2023-02-16T06:30:00-08:00,408.79,412.88,408.27,411.45,3070284
2023-02-16T10:30:00-08:00,411.48,412.9,408.15,408.33,2847893
2023-02-17T06:30:00-08:00,406.06,407.21,404.06,404.66,3432641
2023-02-17T10:30:00-08:00,404.625,407.5,404.42,407.25,2410741
2023-02-21T06:30:00-08:00,403.05,404.15,399.86,400.06,2818184
2023-02-21T10:30:00-08:00,400.07,400.16,398.82,399.11,2407612
2023-02-22T06:30:00-08:00,399.51,400.88,397.63,400.81,2355534
2023-02-22T10:30:00-08:00,400.83,401.13,397.02,398.6,3343189
2023-02-23T06:30:00-08:00,401.54,402.2,396.26,397.68,4219862
2023-02-23T10:30:00-08:00,397.65,401.62,397.29,400.67,2817019
2023-02-24T06:30:00-08:00,395.42,396.68,393.64,395.13,4678657
2023-02-24T10:30:00-08:00,395.12,397.245,394.53,396.38,3191156
2023-02-27T06:30:00-08:00,399.89,401.28,397.57,398.79,3549774
2023-02-27T10:30:00-08:00,398.78,399.51,396.76,397.72,2506547
2023-02-28T06:30:00-08:00,397.23,399.19,396.47,399.05,3146696
2023-02-28T10:30:00-08:00,399.1,399.28,396.18,396.19,2920604
2023-03-01T06:30:00-08:00,395.41,396.68,393.38,394.92,5639981
2023-03-01T10:30:00-08:00,394.94,395.18,393.64,394.78,2425973
2023-03-02T06:30:00-08:00,392.68,394.64,392.33,394.05,3279085
2023-03-02T10:30:00-08:00,394.07,398.69,394.05,397.8,3224824
2023-03-03T06:30:00-08:00,399.69,403.24,399.03,402.97,3625697
2023-03-03T10:30:00-08:00,403,404.45,402.59,404.12,2979508
2023-03-06T06:30:00-08:00,405.04,407.45,404.76,405.61,2640528
2023-03-06T10:30:00-08:00,405.57,405.67,404.03,404.48,1941662
2023-03-07T06:30:00-08:00,404.42,404.67,399.29,399.53,4905265
2023-03-07T10:30:00-08:00,399.5,399.82,397.63,398.27,3010338
2023-03-08T06:30:00-08:00,398.39,399.7,396.75,396.84,4201331
2023-03-08T10:30:00-08:00,396.8,399.16,396.59,398.92,1945863
2023-03-09T06:30:00-08:00,399.77,401.47,396.18,396.48,3226054
2023-03-09T10:30:00-08:00,396.42,396.53,390.53,391.58,5152827
2023-03-10T06:30:00-08:00,390.99,393.15,385.53,385.94,9239631
2023-03-10T10:30:00-08:00,385.92,388.41,384.32,385.87,5956584
2023-03-13T06:30:00-07:00,381.81,390.37,380.65,386.45,9732192
2023-03-13T10:30:00-07:00,386.37,389.49,385.05,385.32,4747324
2023-03-14T06:30:00-07:00,390.5,393.45,388.56,389.81,6585780
2023-03-14T10:30:00-07:00,389.78,392.18,387.06,391.69,5033157
2023-03-15T06:30:00-07:00,385.88,387.68,383.71,386.37,6115412
2023-03-15T10:30:00-07:00,386.37,389.48,385.09,389.33,6332142
2023-03-16T06:30:00-07:00,386.82,396.13,386.29,395.11,6361627
2023-03-16T10:30:00-07:00,395.11,396.46,393.63,396.05,3670359
2023-03-17T06:30:00-07:00,393.22,394.395,388.58,390.93,5231040
2023-03-17T10:30:00-07:00,390.91,391.46,388.56,390.12,2921481
2023-03-20T06:30:00-07:00,390.8,394.16,390.08,393.29,3767732
2023-03-20T10:30:00-07:00,393.25,394.11,391.95,393.66,2243173
2023-03-21T06:30:00-07:00,397.26,398.33,395.59,396.94,3028763
2023-03-21T10:30:00-07:00,396.97,399.41,396.25,398.89,2713685
2023-03-22T06:30:00-07:00,398.73,399.88,397.38,398.22,2071457
2023-03-22T10:30:00-07:00,398.27,402.49,392.07,392.13,7750586
2023-03-23T06:30:00-07:00,395.09,399.28,394.75,395.34,3789362
2023-03-23T10:30:00-07:00,395.3,396.19,390.36,393.1,5235336
2023-03-24T06:30:00-07:00,391.84,394.16,389.4,393.63,4911997
2023-03-24T10:30:00-07:00,393.62,395.84,393.05,395.72,2590362
2023-03-27T06:30:00-07:00,398.11,398.92,395.56,397.03,2838192
2023-03-27T10:30:00-07:00,397.04,398.27,395.845,396.45,2340286
2023-03-28T06:30:00-07:00,395.77,396.49,394.55,394.92,2462657
2023-03-28T10:30:00-07:00,394.92,395.72,393.69,395.66,1963874
2023-03-29T06:30:00-07:00,399.92,400.43,398.7,400.39,2118439
2023-03-29T10:30:00-07:00,400.3,401.6,399.23,401.34,2233222
2023-03-30T06:30:00-07:00,404.1,404.35,402.06,402.46,2507852
2023-03-30T10:30:00-07:00,402.42,403.78,401.76,403.69,2139623
2023-03-31T06:30:00-07:00,404.66,407.69,404.55,407.01,6973334
2023-03-31T10:30:00-07:00,407.01,409.68,406.68,409.35,7767975
2023-04-03T06:30:00-07:00,408.86,411.37,408.43,409.23,6313782
2023-04-03T10:30:00-07:00,409.21,411.2,408.91,410.93,4285372
2023-04-04T06:30:00-07:00,411.62,411.92,407.24,408.98,6503747
2023-04-04T10:30:00-07:00,408.98,409.29,407.48,408.705,3774832
2023-04-05T06:30:00-07:00,407.89,408.67,405.88,406.88,6309921
2023-04-05T10:30:00-07:00,406.87,407.86,406.55,407.66,3768251
2023-04-06T06:30:00-07:00,406.76,409.2,405.68,408.98,5814129
2023-04-06T10:30:00-07:00,409,409.48,408.47,409.205,4239882
2023-04-10T06:30:00-07:00,406.6,408.82,405.97,408.67,5717720
2023-04-10T10:30:00-07:00,408.69,409.69,408.19,409.66,3427278
2023-04-11T06:30:00-07:00,410.26,410.7,408.93,410.49,4137961
2023-04-11T10:30:00-07:00,410.49,411.18,409.23,409.7,4327528
2023-04-12T06:30:00-07:00,411.86,412.17,408.23,411.19,7554496
2023-04-12T10:30:00-07:00,411.2,411.48,407.45,408.06,6420371
2023-04-13T06:30:00-07:00,409.24,412.12,408.71,411.905,6025053
2023-04-13T10:30:00-07:00,411.91,413.84,411.78,413.46,5851068
2023-04-14T06:30:00-07:00,412.82,415.09,410.14,410.61,8083063
2023-04-14T10:30:00-07:00,410.62,412.785,410.06,412.51,5341378
2023-04-17T06:30:00-07:00,412.38,413.19,411.22,411.99,4920880
2023-04-17T10:30:00-07:00,411.98,413.95,411.085,413.94,3793999
2023-04-18T06:30:00-07:00,415.6,415.72,412.78,413.67,5723319
2023-04-18T10:30:00-07:00,413.66,414.59,413.22,414.205,4354741
2023-04-19T06:30:00-07:00,412.22,414.45,412.18,414.27,5591901
2023-04-19T10:30:00-07:00,414.27,415.08,413.63,414.205,4163023
2023-04-20T06:30:00-07:00,411.22,413.6,411.08,413.52,5786890
2023-04-20T10:30:00-07:00,413.53,413.7,410.27,411.88,6589017
2023-04-21T06:30:00-07:00,412.19,412.43,410.17,411.53,6178330
2023-04-21T10:30:00-07:00,411.54,412.68,411.36,412.19,4595659
2023-04-24T06:30:00-07:00,411.98,413.07,410.605,411.74,5217520
2023-04-24T10:30:00-07:00,411.77,412.64,411.7,412.64,4809174
2023-04-25T06:30:00-07:00,410.59,411.16,406.97,407.53,7780611
2023-04-25T10:30:00-07:00,407.5,407.55,406.02,406.09,6702267
2023-04-26T06:30:00-07:00,406.74,407.84,405.02,406.25,7691164
2023-04-26T10:30:00-07:00,406.25,406.42,403.78,404.36,6598088
2023-04-27T06:30:00-07:00,407,410.12,406.75,410.08,7897897
2023-04-27T10:30:00-07:00,410.07,412.69,410.07,412.4,7799063
2023-04-28T06:30:00-07:00,411.49,415.54,411.43,415.43,8107544
2023-04-28T10:30:00-07:00,415.45,415.93,414.11,415.93,5822637
2023-05-01T06:30:00-07:00,415.44,417.61,415.44,416.83,5905954
2023-05-01T10:30:00-07:00,416.84,417.19,415.265,415.53,5037105
2023-05-02T06:30:00-07:00,414.77,414.83,407.82,410.25,12793227
2023-05-02T10:30:00-07:00,410.25,411.58,409.79,410.875,6595192
2023-05-03T06:30:00-07:00,411.34,412.65,410.3,412.43,5536036
2023-05-03T10:30:00-07:00,412.44,413.87,407.77,407.98,12011854
2023-05-04T06:30:00-07:00,406.93,407.27,403.74,406.51,11787007
2023-05-04T10:30:00-07:00,406.54,407,404.59,405.18,5520248
2023-05-05T06:30:00-07:00,408.91,411.64,408.64,411.48,7698201
2023-05-05T10:30:00-07:00,411.5,413.72,411.47,412.61,7560050
2023-05-08T06:30:00-07:00,412.97,413.1,411.68,412.43,4455214
2023-05-08T10:30:00-07:00,412.46,413.24,411.28,412.79,3995397
2023-05-09T06:30:00-07:00,411.13,411.84,410.68,411.37,4663187
2023-05-09T10:30:00-07:00,411.375,412.09,410.81,410.97,4102276
2023-05-10T06:30:00-07:00,413.89,414.535,408.97,409.22,8098054
2023-05-10T10:30:00-07:00,409.22,413.79,408.87,412.8,6832680
2023-05-11T06:30:00-07:00,411.95,412.25,409.97,411.42,7816817
2023-05-11T10:30:00-07:00,411.4,412.43,410.27,412.17,4622419
2023-05-12T06:30:00-07:00,413.41,413.63,409.32,410.31,6598285
2023-05-12T10:30:00-07:00,410.31,411.67,409.07,411.62,5413954
2023-05-15T06:30:00-07:00,412.22,413.43,410.23,412.31,5823808
2023-05-15T10:30:00-07:00,412.3,413.03,411.57,413,3852906
2023-05-16T06:30:00-07:00,411.85,412.82,410.7,411.55,6222351
2023-05-16T10:30:00-07:00,411.58,411.97,410.25,410.25,4160603
2023-05-17T06:30:00-07:00,412.35,415.28,410.64,415.22,7844498
2023-05-17T10:30:00-07:00,415.22,415.855,414.45,415.24,6981354
2023-05-18T06:30:00-07:00,414.9,418.06,414.67,416.16,8264663
2023-05-18T10:30:00-07:00,416.14,419.67,415.4,419.24,8063179
2023-05-19T06:30:00-07:00,420.17,420.73,417.35,418.75,9573898
2023-05-19T10:30:00-07:00,418.77,418.98,417.47,418.6,4704526
2023-05-22T06:30:00-07:00,418.64,420.39,417.35,419.07,7031255
2023-05-22T10:30:00-07:00,419.08,420.24,418.41,418.78,4561335
2023-05-23T06:30:00-07:00,417.08,418.13,415.72,415.79,7080270
2023-05-23T10:30:00-07:00,415.79,416.25,413.68,414.1,6855041
2023-05-24T06:30:00-07:00,412.42,412.49,409.88,410.48,8208246
2023-05-24T10:30:00-07:00,410.46,412.88,410.14,411.08,7235686
2023-05-25T06:30:00-07:00,414.74,414.92,412.42,414.68,8851410
2023-05-25T10:30:00-07:00,414.68,416.15,413.83,414.62,6818271
2023-05-26T06:30:00-07:00,415.33,420.03,415.26,419.63,8670084
2023-05-26T10:30:00-07:00,419.64,420.77,419.05,419.98,5971591
2023-05-30T06:30:00-07:00,422.03,422.58,419.29,419.44,7112207
2023-05-30T10:30:00-07:00,419.42,420.975,418.74,420.16,5334713
2023-05-31T06:30:00-07:00,418.29,419.21,416.23,417.62,6954950
2023-05-31T10:30:00-07:00,417.64,419.13,417.39,417.83,9015917
2023-06-01T06:30:00-07:00,418.11,421.94,416.79,421.5,8599089
2023-06-01T10:30:00-07:00,421.52,422.92,420.87,421.83,5748449
2023-06-02T06:30:00-07:00,424.49,428.39,423.95,428.26,7895595
2023-06-02T10:30:00-07:00,428.27,428.74,427.48,427.92,5533618
2023-06-05T06:30:00-07:00,428.29,430,427.63,428.52,4453041
2023-06-05T10:30:00-07:00,428.545,428.565,426.38,427.09,5631238
2023-06-06T06:30:00-07:00,426.67,428.45,425.99,427.23,5588687
2023-06-06T10:30:00-07:00,427.23,428.575,426.565,428.02,4437169
2023-06-07T06:30:00-07:00,428.44,429.605,426.14,426.56,7059035
2023-06-07T10:30:00-07:00,426.57,427.395,426.11,426.59,6092689
2023-06-08T06:30:00-07:00,426.615,429.2,425.82,428.39,5382183
2023-06-08T10:30:00-07:00,428.385,429.59,427.72,429.13,4183876
2023-06-09T06:30:00-07:00,429.96,431.99,428.87,430.16,7188130
2023-06-09T10:30:00-07:00,430.16,430.78,429.6,429.91,4020721
2023-06-12T06:30:00-07:00,430.92,431.6,430.18,431.32,4696517
2023-06-12T10:30:00-07:00,431.31,433.86,431.17,433.79,5623675
2023-06-13T06:30:00-07:00,435.32,437.33,434.64,437.03,8561636
2023-06-13T10:30:00-07:00,437.04,437.2,435.36,436.66,5431413
2023-06-14T06:30:00-07:00,437.01,439.06,436.51,437.28,5235982
2023-06-14T10:30:00-07:00,437.29,438.15,433.61,437.16,11084562
2023-06-15T06:30:00-07:00,436.35,441.18,436.25,440.88,7479898
2023-06-15T10:30:00-07:00,440.885,443.89,440.77,442.61,7761118
2023-06-16T06:30:00-07:00,443.03,443.17,440.34,441.44,8927387
2023-06-16T10:30:00-07:00,441.45,441.53,438.97,439.45,6140704
2023-06-20T06:30:00-07:00,437.46,438.36,435.04,438.05,7439312
2023-06-20T10:30:00-07:00,438.06,438.23,437.1,437.24,4679548
2023-06-21T06:30:00-07:00,436.16,436.21,434.33,435.12,6959349
2023-06-21T10:30:00-07:00,435.11,436.99,434.625,434.94,5304329
2023-06-22T06:30:00-07:00,433.95,436.01,433.61,435.01,5325511
2023-06-22T10:30:00-07:00,435.02,436.62,434.82,436.55,4322918
2023-06-23T06:30:00-07:00,432.92,434.9,432.73,434.82,6986191
2023-06-23T10:30:00-07:00,434.82,435.06,432.48,433.2,6271040
2023-06-26T06:30:00-07:00,432.63,434.61,431.65,432.59,7229650
2023-06-26T10:30:00-07:00,432.61,432.92,431.19,431.42,5670817
2023-06-27T06:30:00-07:00,432.35,435.7,431.88,435.53,6348604
2023-06-27T10:30:00-07:00,435.54,436.805,435.54,436.15,5253880
2023-06-28T06:30:00-07:00,435.05,437.44,434.41,435.78,7809481
2023-06-28T10:30:00-07:00,435.79,436.42,434.59,436.39,5336522
2023-06-29T06:30:00-07:00,435.95,438.28,435.54,437.74,6823810
2023-06-29T10:30:00-07:00,437.74,438.17,436.39,438.14,4364498
2023-06-30T06:30:00-07:00,441.44,443.61,441.115,443.525,8661253
2023-06-30T10:30:00-07:00,443.53,444.3,443.19,443.23,6434443
2023-07-03T06:30:00-07:00,442.92,444.08,442.63,443.89,5408237
2023-07-05T06:30:00-07:00,441.9,443.88,441.9,443.16,5466331
2023-07-05T10:30:00-07:00,443.17,443.755,442.32,443.12,3887003
2023-07-06T06:30:00-07:00,439.42,439.62,437.06,439.27,9129149
2023-07-06T10:30:00-07:00,439.28,440.09,439,439.68,5115609
2023-07-07T06:30:00-07:00,438.63,442.64,438.47,442.61,6925850
2023-07-07T10:30:00-07:00,442.61,442.64,438.3,438.53,7298425
2023-07-10T06:30:00-07:00,438.17,439.83,437.59,439.13,5842952
2023-07-10T10:30:00-07:00,439.13,439.67,438.53,439.66,3942534
2023-07-11T06:30:00-07:00,440.46,441.69,439.44,440.88,6074112
2023-07-11T10:30:00-07:00,440.89,442.96,440.27,442.48,5734378
2023-07-12T06:30:00-07:00,446.39,447.47,444.91,446.15,8505595
2023-07-12T10:30:00-07:00,446.15,446.75,445.15,446.02,5202200
2023-07-13T06:30:00-07:00,447.89,448.91,447.46,448.67,6074642
2023-07-13T10:30:00-07:00,448.67,450.375,448.62,449.57,4736817
2023-07-14T06:30:00-07:00,450.48,451.36,449.19,449.74,7017429
2023-07-14T10:30:00-07:00,449.75,450.26,448.5,449.3,4683442
2023-07-17T06:30:00-07:00,449.12,450.74,449.08,450.47,4627446
2023-07-17T10:30:00-07:00,450.48,451.93,450.42,450.855,3740677
2023-07-18T06:30:00-07:00,450.5,453.4,450.05,453.19,6478036
2023-07-18T10:30:00-07:00,453.18,454.86,453.14,454.2,6680120
2023-07-19T06:30:00-07:00,455.02,456.43,454.61,455.15,7662013
2023-07-19T10:30:00-07:00,455.14,456.065,454.37,455.13,3980190
2023-07-20T06:30:00-07:00,454.16,455.1,452.81,453.66,7872061
2023-07-20T10:30:00-07:00,453.655,453.805,451.44,452.17,5539933
2023-07-21T06:30:00-07:00,453.96,454.06,452.21,453.77,6662223
2023-07-21T10:30:00-07:00,453.78,454.165,452.18,452.18,5626041
2023-07-24T06:30:00-07:00,453.38,454.7,452.76,454.46,4900207
2023-07-24T10:30:00-07:00,454.47,455.03,453.43,454.19,3701117
2023-07-25T06:30:00-07:00,453.91,456.12,453.88,455.99,4558974
2023-07-25T10:30:00-07:00,456,456.73,455.32,455.43,3994906
2023-07-26T06:30:00-07:00,454.48,455.16,454,454.3,4203174
2023-07-26T10:30:00-07:00,454.29,456.99,453.38,455.51,8152066
2023-07-27T06:30:00-07:00,459.02,459.44,456.26,456.3,7090260
2023-07-27T10:30:00-07:00,456.31,456.43,451.55,452.465,8457908
2023-07-28T06:30:00-07:00,455.85,457.77,455.17,456.16,7185369
2023-07-28T10:30:00-07:00,456.15,457.35,455.06,456.89,5901176
2023-07-31T06:30:00-07:00,457.41,458.17,456.25,456.62,4967707
2023-07-31T10:30:00-07:00,456.605,457.84,456.05,457.78,4384929
2023-08-01T06:30:00-07:00,456.27,457.24,455.49,456.33,5438334
2023-08-01T10:30:00-07:00,456.34,456.99,455.98,456.465,3302839
2023-08-02T06:30:00-07:00,453.25,453.52,449.98,451.11,9273960
2023-08-02T10:30:00-07:00,451.11,451.435,449.34,450.16,5338120
2023-08-03T06:30:00-07:00,448.04,450.79,447.38,450.48,7122706
2023-08-03T10:30:00-07:00,450.47,450.57,448.77,448.85,4252901
2023-08-04T06:30:00-07:00,450.72,452.89,448.78,451.65,7062115
2023-08-04T10:30:00-07:00,451.66,451.85,446.27,446.8,7684318
2023-08-07T06:30:00-07:00,448.73,449.96,447.99,449.64,5706835
2023-08-07T10:30:00-07:00,449.67,450.86,449.48,450.72,3767876
2023-08-08T06:30:00-07:00,448.08,448.14,445.28,446.94,7383625
2023-08-08T10:30:00-07:00,446.9,449.23,446.55,448.75,4148110
2023-08-09T06:30:00-07:00,449.05,449.19,444.96,447.41,7044100
2023-08-09T10:30:00-07:00,447.41,448.885,445.43,445.76,6293599
2023-08-10T06:30:00-07:00,448.18,451.7,445.73,446.06,10168807
2023-08-10T10:30:00-07:00,446.03,447.48,444.71,445.92,6717527
2023-08-11T06:30:00-07:00,443.97,446.7,443.35,445.44,6387749
2023-08-11T10:30:00-07:00,445.44,446.23,444.45,445.59,4619009
2023-08-14T06:30:00-07:00,444.7,447.76,444.38,447.33,4594574
2023-08-14T10:30:00-07:00,447.35,448.11,446.3,448.09,3069323
2023-08-15T06:30:00-07:00,446.28,446.64,443.47,444.51,6688048
2023-08-15T10:30:00-07:00,444.52,444.62,442.305,442.93,5953816
2023-08-16T06:30:00-07:00,442.46,444.18,440.98,441.32,6038175
2023-08-16T10:30:00-07:00,441.32,443.09,439.54,439.63,6390860
2023-08-17T06:30:00-07:00,441.15,441.43,438.97,439.31,6653354
2023-08-17T10:30:00-07:00,439.3,439.3,435.75,436.25,6135270
2023-08-18T06:30:00-07:00,433.37,436.55,433.01,435.51,8225969
2023-08-18T10:30:00-07:00,435.545,437.57,435.16,436.47,6005209
2023-08-21T06:30:00-07:00,437.58,438.88,435.32,437.89,5914087
2023-08-21T10:30:00-07:00,437.91,440.11,437.81,439.34,4658765
2023-08-22T06:30:00-07:00,441.18,441.18,437.63,438.23,5448136
2023-08-22T10:30:00-07:00,438.24,439.475,437.57,438.1,4104930
2023-08-23T06:30:00-07:00,439.25,443.29,439.1,443.23,5345899
2023-08-23T10:30:00-07:00,443.23,443.67,442.39,442.98,4547669
2023-08-24T06:30:00-07:00,444.68,445.22,439.02,439.13,7404099
2023-08-24T10:30:00-07:00,439.14,439.91,436.85,436.92,5058417
2023-08-25T06:30:00-07:00,438.67,441.2,435,438.12,9927355
2023-08-25T10:30:00-07:00,438.135,441.3,437.38,439.96,6363638
2023-08-28T06:30:00-07:00,442.24,443.26,440.9,442.74,5479662
2023-08-28T10:30:00-07:00,442.76,443.4,440.85,442.72,4118637
2023-08-29T06:30:00-07:00,442.65,448.445,442.46,448.27,7459230
2023-08-29T10:30:00-07:00,448.28,449.45,447.68,449.16,5453249
2023-08-30T06:30:00-07:00,449.54,451.67,448.78,450.94,5731960
2023-08-30T10:30:00-07:00,450.92,451.4,449.98,451,4230022
2023-08-31T06:30:00-07:00,451.65,452.83,450.36,451.755,3997166
2023-08-31T10:30:00-07:00,451.76,452.19,450.16,450.32,4226457
2023-09-01T06:30:00-07:00,453.17,453.67,449.68,450.35,5674715
2023-09-01T10:30:00-07:00,450.34,451.3,449.88,451.21,3271982
2023-09-05T06:30:00-07:00,450.73,451.06,449.18,449.62,4226152
2023-09-05T10:30:00-07:00,449.62,450.63,449.17,449.26,3211142
2023-09-06T06:30:00-07:00,448.39,448.5,443.82,444.86,6507582
2023-09-06T10:30:00-07:00,444.86,446.4,444.82,446.19,3748596
2023-09-07T06:30:00-07:00,443.11,445.24,442.75,445.08,4828804
2023-09-07T10:30:00-07:00,445.09,445.53,444.1,444.86,4221772
2023-09-08T06:30:00-07:00,444.89,447.11,444.81,445.75,4425641
2023-09-08T10:30:00-07:00,445.77,446.22,444.52,445.5,3536997
2023-09-11T06:30:00-07:00,448.25,448.77,446.47,448.16,4761762
2023-09-11T10:30:00-07:00,448.17,448.7,448.01,448.48,3067556
2023-09-12T06:30:00-07:00,446.95,448.52,446.1,448.2,4316377
2023-09-12T10:30:00-07:00,448.22,448.44,445.39,445.97,4430218
2023-09-13T06:30:00-07:00,446.22,447.6,445.08,447.28,4419612
2023-09-13T10:30:00-07:00,447.33,447.705,445.32,446.51,4077334
2023-09-14T06:30:00-07:00,449.07,450.68,447.71,450.37,6106659
2023-09-14T10:30:00-07:00,450.37,451.07,449.93,450.38,4768958
2023-09-15T06:30:00-07:00,447.12,447.48,443.335,443.45,8706765
2023-09-15T10:30:00-07:00,443.42,444.17,442.92,443.28,7580258
2023-09-18T06:30:00-07:00,443.05,444.96,442.56,444.44,4323468
2023-09-18T10:30:00-07:00,444.47,444.79,443.175,443.63,3284816
2023-09-19T06:30:00-07:00,442.68,443.25,439.94,441.095,5438703
2023-09-19T10:30:00-07:00,441.12,443.29,441.12,442.75,4036413
2023-09-20T06:30:00-07:00,444.01,444.43,443.16,443.63,3153753
2023-09-20T10:30:00-07:00,443.63,443.75,438.43,438.59,8708814
2023-09-21T06:30:00-07:00,435.69,435.97,433.43,434.6,8723143
2023-09-21T10:30:00-07:00,434.61,434.9,431.23,431.41,7213670
2023-09-22T06:30:00-07:00,432.46,434.1,431.67,432.14,7004502
2023-09-22T10:30:00-07:00,432.14,433.21,429.99,430.38,7284043
2023-09-25T06:30:00-07:00,429.17,432.02,428.72,430.98,5350104
2023-09-25T10:30:00-07:00,430.99,432.27,429.98,432.23,4250448
2023-09-26T06:30:00-07:00,429.09,429.82,426.63,426.98,7744944
2023-09-26T10:30:00-07:00,426.98,427.2,425.02,425.83,6296791
2023-09-27T06:30:00-07:00,427.08,427.67,422.76,422.81,7141285
2023-09-27T10:30:00-07:00,422.8,427.539,422.29,426.02,7545167
2023-09-28T06:30:00-07:00,425.485,430.24,424.87,428.47,9441355
2023-09-28T10:30:00-07:00,428.47,429.77,427.475,428.53,5600116
2023-09-29T06:30:00-07:00,431.66,431.85,426.5,427.51,9341743
2023-09-29T10:30:00-07:00,427.49,428.88,425.91,427.39,9298921
2023-10-02T06:30:00-07:00,426.61,428.6,424.461,425.61,9359757
2023-10-02T10:30:00-07:00,425.64,427.37,424.52,427.36,5575629
2023-10-03T06:30:00-07:00,425.04,426.65,420.77,421.85,9552811
2023-10-03T10:30:00-07:00,421.84,421.9,420.19,421.66,6121253
2023-10-04T06:30:00-07:00,422.07,424.36,420.56,422.605,7233980
2023-10-04T10:30:00-07:00,422.62,425.425,421.64,424.7,5836138
2023-10-05T06:30:00-07:00,424.36,425.26,421.18,422.92,5994416
2023-10-05T10:30:00-07:00,422.93,425.36,422.46,424.49,4632726
2023-10-06T06:30:00-07:00,421.97,429.68,420.6,429.44,11103111
2023-10-06T10:30:00-07:00,429.45,431.12,429.05,429.53,6887822
2023-10-09T06:30:00-07:00,427.57,429.97,427.02,429.93,6539003
2023-10-09T10:30:00-07:00,429.94,432.88,429.94,432.28,6242861
2023-10-10T06:30:00-07:00,432.98,437.22,432.53,435.4,7737896
2023-10-10T10:30:00-07:00,435.4,435.73,434.31,434.48,4557250
2023-10-11T06:30:00-07:00,435.64,436.45,433.37,433.71,5073447
2023-10-11T10:30:00-07:00,433.69,436.58,433.17,436.3,4408075
2023-10-12T06:30:00-07:00,436.95,437.335,433.35,433.41,7062346
2023-10-12T10:30:00-07:00,433.395,434.28,431.23,433.74,7392171
2023-10-13T06:30:00-07:00,435.21,436.45,430.14,430.195,8571244
2023-10-13T10:30:00-07:00,430.18,432.47,429.89,431.54,7327482
2023-10-16T06:30:00-07:00,433.82,437.14,433.57,435.64,7815950
2023-10-16T10:30:00-07:00,435.68,436.96,435.45,436.03,5702633
2023-10-17T06:30:00-07:00,432.84,438.14,432.46,436.34,7954912
2023-10-17T10:30:00-07:00,436.34,436.37,434.225,436.065,5605106
2023-10-18T06:30:00-07:00,434.19,435.16,431.09,433,9310168
2023-10-18T10:30:00-07:00,432.98,433.28,429.095,430.23,7508779
2023-10-19T06:30:00-07:00,430.95,432.82,427.72,431.2,12305103
2023-10-19T10:30:00-07:00,431.23,431.74,425.73,426.435,10354626
2023-10-20T06:30:00-07:00,425.98,426.54,421.91,424.18,11082172
2023-10-20T10:30:00-07:00,424.19,424.64,421.08,421.2,8107802
2023-10-23T06:30:00-07:00,419.61,424.45,417.805,422.88,9038061
2023-10-23T10:30:00-07:00,422.89,423.855,420.24,420.46,6811760
2023-10-24T06:30:00-07:00,422.65,424.81,420.74,422.15,8753296
2023-10-24T10:30:00-07:00,422.16,424.17,421.81,423.62,5153806
2023-10-25T06:30:00-07:00,421.89,421.91,417.77,417.94,10346464
2023-10-25T10:30:00-07:00,417.93,418.44,417.015,417.6,6603046
2023-10-26T06:30:00-07:00,416.45,417.32,411.97,412.25,10510629
2023-10-26T10:30:00-07:00,412.25,415.93,411.6,412.6,7574329
2023-10-27T06:30:00-07:00,414.19,414.59,410.31,410.76,9501059
2023-10-27T10:30:00-07:00,410.745,411.22,409.215,410.72,8494168
2023-10-30T06:30:00-07:00,413.54,415.345,412.22,415.03,7964866
2023-10-30T10:30:00-07:00,415.04,416.68,414.62,415.58,7395882
2023-10-31T06:30:00-07:00,416.2,417.15,414.22,416.97,6778346
2023-10-31T10:30:00-07:00,416.99,418.5,416.98,418.24,6068060
2023-11-01T06:30:00-07:00,419.22,421.9,418.64,419.82,7476140
2023-11-01T10:30:00-07:00,419.81,423.5,419.09,422.69,9602026
2023-11-02T06:30:00-07:00,426.58,429.82,426.58,429.63,9014735
2023-11-02T10:30:00-07:00,429.64,430.91,429.635,430.74,5918227
2023-11-03T06:30:00-07:00,433.14,435.9,433.01,435.1,9600750
2023-11-03T10:30:00-07:00,435.1,436.29,434.66,434.71,6420001
2023-11-06T06:30:00-08:00,435.47,436.14,433.68,434.23,5979390
2023-11-06T10:30:00-08:00,434.21,435.73,433.71,435.66,5362301
2023-11-07T06:30:00-08:00,435.69,437.51,434.51,437.04,6215385
2023-11-07T10:30:00-08:00,437.04,437.58,436.21,436.88,4692943
2023-11-08T06:30:00-08:00,437.55,438.09,434.88,436.35,6406094
2023-11-08T10:30:00-08:00,436.37,437.79,436.33,437.22,4275060
2023-11-09T06:30:00-08:00,438.42,438.47,435.155,436.4,7097087
2023-11-09T10:30:00-08:00,436.4,436.63,433.39,433.86,6980234
2023-11-10T06:30:00-08:00,435.99,439.22,434.43,438.99,8013238
2023-11-10T10:30:00-08:00,438.99,440.93,438.99,440.65,6736004
2023-11-13T06:30:00-08:00,439.23,441.33,438.42,440.14,5871148
2023-11-13T10:30:00-08:00,440.17,441.11,439.91,440.21,2726629
2023-11-14T06:30:00-08:00,446.3,449.73,446.09,448.85,9050101
2023-11-14T10:30:00-08:00,448.86,450.06,447.71,448.75,5933593
2023-11-15T06:30:00-08:00,450.09,451.37,448.8,449.74,7037333
2023-11-15T10:30:00-08:00,449.73,450.69,449.21,449.65,5792352
2023-11-16T06:30:00-08:00,449.22,450.56,448.12,449.41,6210409
2023-11-16T10:30:00-08:00,449.42,450.32,448.59,450.22,5092194
2023-11-17T06:30:00-08:00,450.24,450.87,449.3,450.71,5350543
2023-11-17T10:30:00-08:00,450.71,451.42,450.2,450.78,4666543
2023-11-20T06:30:00-08:00,450.52,453.805,450.52,453.7,5588584
2023-11-20T10:30:00-08:00,453.72,455.12,453.69,454.24,6016738
2023-11-21T06:30:00-08:00,453.17,453.585,451.96,452.85,4709924
2023-11-21T10:30:00-08:00,452.86,453.64,452.79,453.26,2890705
2023-11-22T06:30:00-08:00,454.99,456.38,453.89,455.55,6275136
2023-11-22T10:30:00-08:00,455.55,455.62,453.935,455.04,4177841
2023-11-24T06:30:00-08:00,455.07,455.5,454.73,455.26,3292154
2023-11-27T06:30:00-08:00,454.65,455.49,454.07,455.24,4531881
2023-11-27T10:30:00-08:00,455.24,455.37,454.12,454.5,3944806
2023-11-28T06:30:00-08:00,454.08,456.27,453.5,454.55,6038801
2023-11-28T10:30:00-08:00,454.54,455.1,453.97,454.88,4344312
2023-11-29T06:30:00-08:00,457.15,458.31,454.95,456.3,6065332
2023-11-29T10:30:00-08:00,456.31,456.34,454.2,454.62,4171564
2023-11-30T06:30:00-08:00,455.48,455.7,453.48,453.63,6216924
2023-11-30T10:30:00-08:00,453.64,456.76,453.34,456.31,6444418
2023-12-01T06:30:00-08:00,455.75,459.64,455.18,458.55,8789399
2023-12-01T10:30:00-08:00,458.55,459.32,458.19,459.04,4978158
2023-12-04T06:30:00-08:00,455.6,456.83,454.36,455.86,7575070
2023-12-04T10:30:00-08:00,455.87,456.935,455.49,456.66,4100223
2023-12-05T06:30:00-08:00,455.26,457.58,454.87,456.33,6710842
2023-12-05T10:30:00-08:00,456.33,456.78,455.9,456.58,5075764
2023-12-06T06:30:00-08:00,458.81,458.83,455.6,456.39,6063147
2023-12-06T10:30:00-08:00,456.41,456.59,454.31,454.71,5015976
2023-12-07T06:30:00-08:00,456.88,458.55,456.295,458.1,6605645
2023-12-07T10:30:00-08:00,458.1,458.89,457.93,458.21,3641313
2023-12-08T06:30:00-08:00,457.46,460.41,457.21,459.45,6983185
2023-12-08T10:30:00-08:00,459.48,460.74,459.06,460.15,5186709
2023-12-11T06:30:00-08:00,459.68,461.6,459.47,461.465,6286842
2023-12-11T10:30:00-08:00,461.47,462.17,461.34,461.96,4283079
2023-12-12T06:30:00-08:00,461.63,463.12,460.6,462.88,5304090
2023-12-12T10:30:00-08:00,462.89,464.2,462.82,464.15,4842296
2023-12-13T06:30:00-08:00,464.48,465.33,464.12,464.18,3901088
2023-12-13T10:30:00-08:00,464.18,470.75,464.12,470.45,12087839
2023-12-14T06:30:00-08:00,472.5,473.73,470.82,470.84,9137717
2023-12-14T10:30:00-08:00,470.85,472.06,469.255,472,7229034
2023-12-15T06:30:00-08:00,469.47,470.54,468.815,469.79,7163918
2023-12-15T10:30:00-08:00,469.79,470.7,468.44,469.4,8572887
2023-12-18T06:30:00-08:00,470.985,472.65,470.81,472.525,5591116
2023-12-18T10:30:00-08:00,472.53,472.97,471.95,472.02,3889983
2023-12-19T06:30:00-08:00,472.53,474.47,472.45,473.97,4865496
2023-12-19T10:30:00-08:00,473.98,474.915,473.77,474.83,3448360
2023-12-20T06:30:00-08:00,473.95,475.89,473.77,475.56,4344782
2023-12-20T10:30:00-08:00,475.57,475.76,467.82,468.06,9934825
2023-12-21T06:30:00-08:00,471.33,472.44,468.84,470.09,8097352
2023-12-21T10:30:00-08:00,470.1,472.98,469.79,472.69,5424525
2023-12-22T06:30:00-08:00,473.86,475.38,473.57,474.59,4962249
2023-12-22T10:30:00-08:00,474.59,474.7,471.7,473.63,5372434
2023-12-26T06:30:00-08:00,474.07,475.46,473.99,475.31,3337157
2023-12-26T10:30:00-08:00,475.32,476.575,475.14,475.6,3953267
2023-12-27T06:30:00-08:00,475.44,476.67,475.08,476.24,4434314
2023-12-27T10:30:00-08:00,476.25,476.57,474.9,476.51,4323990
2023-12-28T06:30:00-08:00,476.88,477.5,476.43,477.03,3172549
2023-12-28T10:30:00-08:00,477.04,477.55,476.26,476.68,4463539
2023-12-29T06:30:00-08:00,476.5,477.02,473.3,474.49,7287658
2023-12-29T10:30:00-08:00,474.5,475.89,474.475,475.34,6768157
2024-01-02T06:30:00-08:00,472.16,473.66,471.3,472.67,7621480
2024-01-02T10:30:00-08:00,472.66,472.95,470.49,472.6,8483030
2024-01-03T06:30:00-08:00,470.42,470.94,468.72,470.36,7162716
2024-01-03T10:30:00-08:00,470.34,471.19,468.17,468.75,7043065
2024-01-04T06:30:00-08:00,468.3,470.96,468.11,469.32,5790262
2024-01-04T10:30:00-08:00,469.33,469.46,467.05,467.29,6270743
2024-01-05T06:30:00-08:00,467.49,470.44,466.68,467.86,7719044
2024-01-05T10:30:00-08:00,467.87,468.98,466.44,467.92,5005457
2024-01-08T06:30:00-08:00,468.43,471.72,468.32,471.38,6066071
2024-01-08T10:30:00-08:00,471.38,474.75,471.36,474.56,6261734
2024-01-09T06:30:00-08:00,471.89,474.925,471.36,473.8,5707600
2024-01-09T10:30:00-08:00,473.81,474.66,472.93,473.85,4706836
2024-01-10T06:30:00-08:00,474.16,475.925,473.871,475.3,5197626
2024-01-10T10:30:00-08:00,475.32,477.44,475.18,476.53,5184363
2024-01-11T06:30:00-08:00,477.58,478.11,472.28,474.75,8057937
2024-01-11T10:30:00-08:00,474.77,476.97,474.62,476.33,4722257
2024-01-12T06:30:00-08:00,477.85,478.6,475.23,476.62,5884964
2024-01-12T10:30:00-08:00,476.64,477.335,475.76,476.66,3646230
2024-01-16T06:30:00-08:00,475.25,476.6,473.47,474.99,8394110
2024-01-16T10:30:00-08:00,475.01,475.2,473.07,474.94,4964910
2024-01-17T06:30:00-08:00,471.82,472.79,470.46,470.69,5989658
2024-01-17T10:30:00-08:00,470.69,472.61,469.87,472.26,4653987
2024-01-18T06:30:00-08:00,474,475.03,472.42,472.73,6746586
2024-01-18T10:30:00-08:00,472.71,477.05,472.7,476.5,5798891
2024-01-19T06:30:00-08:00,477.65,481,476.95,480.96,7147140
2024-01-19T10:30:00-08:00,480.97,482.72,480.94,482.41,6646366
2024-01-22T06:30:00-08:00,484.01,485.22,482.79,482.89,5970319
2024-01-22T10:30:00-08:00,482.9,484.2,482.86,483.52,4136239
2024-01-23T06:30:00-08:00,484.01,484.37,482.89,483.75,3289708
2024-01-23T10:30:00-08:00,483.76,485.105,483.56,484.89,3136509
2024-01-24T06:30:00-08:00,487.8,488.775,486.4,488.03,6197563
2024-01-24T10:30:00-08:00,488.045,488.05,485,485.4,5708731
2024-01-25T06:30:00-08:00,487.56,488.305,486.08,486.29,6556006
2024-01-25T10:30:00-08:00,486.26,488.04,485.39,488.01,5428959
2024-01-26T06:30:00-08:00,487.59,489.12,486.71,487.42,6073056
2024-01-26T10:30:00-08:00,487.42,488.14,486.54,487.47,4219723
2024-01-29T06:30:00-08:00,487.73,488.59,487.165,488.42,4142301
2024-01-29T10:30:00-08:00,488.42,491.41,488.09,491.27,4443469
2024-01-30T06:30:00-08:00,490.54,491.47,490.11,490.91,5017900
2024-01-30T10:30:00-08:00,490.92,491.62,490.46,490.88,3563493
2024-01-31T06:30:00-08:00,488.64,489.081,486.34,487.21,5482053
2024-01-31T10:30:00-08:00,487.2,489,482.89,482.9,12230379
2024-02-01T06:30:00-08:00,484.62,488.24,483.8,487.02,8573812
2024-02-01T10:30:00-08:00,487.03,489.22,486.38,489.2,5044982
2024-02-02T06:30:00-08:00,489.66,494.66,489.3,493.77,8498559
2024-02-02T10:30:00-08:00,493.74,496.06,493.32,494.27,6027121
2024-02-05T06:30:00-08:00,493.72,493.72,490.23,492.6,6703434
2024-02-05T10:30:00-08:00,492.61,494.18,492.52,492.58,4234753
2024-02-06T06:30:00-08:00,493.52,494.325,492.05,492.92,4960564
2024-02-06T10:30:00-08:00,492.93,494.04,492.11,493.98,3627163
2024-02-07T06:30:00-08:00,496.28,498.2,495.36,498.2,6508969
2024-02-07T10:30:00-08:00,498.2,498.53,497.61,498.04,3616602
2024-02-08T06:30:00-08:00,498.1,498.35,497.26,498.04,4116892
2024-02-08T10:30:00-08:00,498.04,498.7,497.59,498.4,4096826
2024-02-09T06:30:00-08:00,498.86,500.83,498.5,500.74,5246701
2024-02-09T10:30:00-08:00,500.74,501.65,500.48,501.18,4309652
2024-02-12T06:30:00-08:00,501.17,503.5,501.02,502.56,3746622
2024-02-12T10:30:00-08:00,502.56,502.61,500.24,500.95,4438477
2024-02-13T06:30:00-08:00,494.51,495.85,493.21,494.25,8442312
2024-02-13T10:30:00-08:00,494.24,494.3,490.72,494.14,9059349
2024-02-14T06:30:00-08:00,496.74,497.99,494.4,495.95,5928155
2024-02-14T10:30:00-08:00,495.96,499.07,495.23,498.62,4765403
2024-02-15T06:30:00-08:00,499.3,501.485,498.8,501.465,5135970
2024-02-15T10:30:00-08:00,501.47,502.195,500.905,501.97,5229612
2024-02-16T06:30:00-08:00,501.67,502.46,498.75,501.66,5641072
2024-02-16T10:30:00-08:00,501.67,502.86,498.98,499.49,5242136
2024-02-20T06:30:00-08:00,497.72,498.41,494.48,495.2,6195869
2024-02-20T10:30:00-08:00,495.2,496.88,494.75,496.74,5746524
2024-02-21T06:30:00-08:00,495.44,496.31,494.42,495.29,4117498
2024-02-21T10:30:00-08:00,495.29,497.37,493.56,497.21,4774387
2024-02-22T06:30:00-08:00,504.01,506.86,503.02,506.81,7663498
2024-02-22T10:30:00-08:00,506.82,508.49,506.74,507.53,5669801
2024-02-23T06:30:00-08:00,509.24,510.13,507.1,508.92,5940553
2024-02-23T10:30:00-08:00,508.91,509.06,507.63,507.81,4513335
2024-02-26T06:30:00-08:00,508.31,508.75,506.45,506.61,3947835
2024-02-26T10:30:00-08:00,506.63,507.4,505.86,506.01,4337329
2024-02-27T06:30:00-08:00,506.69,506.74,504.75,505.215,3724818
2024-02-27T10:30:00-08:00,505.23,507.16,505.12,506.92,3744336
2024-02-28T06:30:00-08:00,505.33,506.85,504.96,506.49,4404887
2024-02-28T10:30:00-08:00,506.5,506.78,505.17,506.23,4073646
2024-02-29T06:30:00-08:00,508.07,508.845,505.35,507.76,6192351
2024-02-29T10:30:00-08:00,507.77,509.74,507.17,507.98,6303422
2024-03-01T06:30:00-08:00,508.98,512.24,508.56,512.13,6537944
2024-03-01T10:30:00-08:00,512.13,513.29,511.98,512.85,5298766
2024-03-04T06:30:00-08:00,512.04,513.18,512,512.62,3690145
2024-03-04T10:30:00-08:00,512.6,514.2,512.17,512.28,4310362
2024-03-05T06:30:00-08:00,510.24,510.7,506.96,507.71,6485666
2024-03-05T10:30:00-08:00,507.71,508.1,504.91,507.15,5917802
2024-03-06T06:30:00-08:00,510.55,512.05,508.42,511.86,5516966
2024-03-06T10:30:00-08:00,511.87,511.92,508.52,509.81,6155267
2024-03-07T06:30:00-08:00,513.14,514.99,512.19,514.98,5703658
2024-03-07T10:30:00-08:00,514.99,515.89,514.07,514.87,4235160
2024-03-08T06:30:00-08:00,515.49,518.22,512.06,512.34,9372834
2024-03-08T10:30:00-08:00,512.29,514.46,511.14,511.77,5876946
2024-03-11T06:30:00-07:00,510.48,511.33,508.5,511.24,6324117
2024-03-11T10:30:00-07:00,511.25,511.88,510.31,511.26,3947454
2024-03-12T06:30:00-07:00,513.45,516.535,510.86,514.92,7240831
2024-03-12T10:30:00-07:00,514.93,517.38,514.89,516.81,3880885
2024-03-13T06:30:00-07:00,517.11,517.21,515.66,517.14,4671549
2024-03-13T10:30:00-07:00,517.15,517.28,514.49,515.99,4155534
2024-03-14T06:30:00-07:00,516.96,517.12,513.05,513.18,6973169
2024-03-14T10:30:00-07:00,513.19,515.18,511.825,514.94,8147545
2024-03-15T06:30:00-07:00,510.21,511.7,508.36,509.32,7183381
2024-03-15T10:30:00-07:00,509.33,510.54,509.04,509.75,5471142
2024-03-18T06:30:00-07:00,514.01,515.47,513.41,514.2,5835302
2024-03-18T10:30:00-07:00,514.21,514.4,512.44,512.85,5244663
2024-03-19T06:30:00-07:00,512.15,515.45,511.13,514.84,4612381
2024-03-19T10:30:00-07:00,514.86,515.99,514.235,515.79,4086859
2024-03-20T06:30:00-07:00,515.77,516.44,515.21,515.44,2723725
2024-03-20T10:30:00-07:00,515.41,520.62,515.08,520.45,6343789
2024-03-21T06:30:00-07:00,523.38,524.11,522.77,523.38,5044390
2024-03-21T10:30:00-07:00,523.37,523.53,521.91,522.11,3918357
2024-03-22T06:30:00-07:00,522.09,522.44,520.97,522.06,4205250
2024-03-22T10:30:00-07:00,522.06,522.6,521.13,521.23,4711779
2024-03-25T06:30:00-07:00,519.79,520.89,519.61,520.51,3449302
2024-03-25T10:30:00-07:00,520.53,520.95,519.67,519.82,3059868
2024-03-26T06:30:00-07:00,521.23,521.58,520.67,520.86,3160979
2024-03-26T10:30:00-07:00,520.86,521.045,518.4,518.68,4519016
2024-03-27T06:30:00-07:00,521.72,521.77,519.49,520.33,4387038
2024-03-27T10:30:00-07:00,520.33,523.2,519.84,523.165,6004481
2024-03-28T06:30:00-07:00,523.22,523.73,522.79,523.125,3997001
2024-03-28T10:30:00-07:00,523.13,524.61,522.92,523.12,6565739
2024-04-01T06:30:00-07:00,523.83,524.38,520.98,521.61,3687002
2024-04-01T10:30:00-07:00,521.62,522.79,521.38,522.21,2515253
2024-04-02T06:30:00-07:00,518.24,518.46,516.5,517.67,5298479
2024-04-02T10:30:00-07:00,517.67,518.98,517.35,518.86,5233842
2024-04-03T06:30:00-07:00,517.72,520.95,517.66,520.62,4403233
2024-04-03T10:30:00-07:00,520.63,520.8,517.77,519.41,4316654
2024-04-04T06:30:00-07:00,523.53,523.86,522.36,523.18,3895604
2024-04-04T10:30:00-07:00,523.17,523.18,512.76,513.09,10929557
2024-04-05T06:30:00-07:00,514.46,520.44,514.02,519.26,7210855
2024-04-05T10:30:00-07:00,519.26,519.59,516.97,518.41,4911676
2024-04-08T06:30:00-07:00,519.16,520.17,517.89,519.28,4429561
2024-04-08T10:30:00-07:00,519.28,519.69,518.23,518.66,3761626
2024-04-09T06:30:00-07:00,520.51,520.74,514.35,517.17,5967274
2024-04-09T10:30:00-07:00,517.16,519.44,515.72,519.3,4127334
2024-04-10T06:30:00-07:00,513.48,516.16,512.09,513.87,7077700
2024-04-10T10:30:00-07:00,513.85,515.07,512.29,514.16,5450303
2024-04-11T06:30:00-07:00,515.68,517.91,512.09,517.51,5539305
2024-04-11T10:30:00-07:00,517.52,519.47,516.96,518.05,4316006
2024-04-12T06:30:00-07:00,514.37,515.815,509.47,509.7,7976008
2024-04-12T10:30:00-07:00,509.69,511.415,509.09,510.83,5921445
2024-04-15T06:30:00-07:00,515.13,515.3,506.56,506.58,7208872
2024-04-15T10:30:00-07:00,506.58,506.84,503.58,504.51,7257499
2024-04-16T06:30:00-07:00,504.94,505.36,502.43,504.32,4643977
2024-04-16T10:30:00-07:00,504.35,506.5,502.22,503.49,6241354
2024-04-17T06:30:00-07:00,506.05,506.22,499.12,501.78,6228630
2024-04-17T10:30:00-07:00,501.78,504.03,500.38,500.48,4622469
2024-04-18T06:30:00-07:00,501.98,504.12,498.88,500.25,5015803
2024-04-18T10:30:00-07:00,500.27,500.83,498.56,499.47,4003159
2024-04-19T06:30:00-07:00,499.44,500.44,495.08,496.535,6242756
2024-04-19T10:30:00-07:00,496.52,498.46,493.86,495.1,5512300
2024-04-22T06:30:00-07:00,497.85,500.04,495.43,500.04,4284738
2024-04-22T10:30:00-07:00,500.04,502.38,498.91,499.66,4672001
2024-04-23T06:30:00-07:00,501.81,505.59,501.23,505.37,5063578
2024-04-23T10:30:00-07:00,505.38,506.09,504.97,505.65,3500483
2024-04-24T06:30:00-07:00,506.55,507.37,503.13,505.21,4107414
2024-04-24T10:30:00-07:00,505.21,506.54,504.23,505.45,2727846
2024-04-25T06:30:00-07:00,499.18,502.37,497.49,501.7,5158629
2024-04-25T10:30:00-07:00,501.68,504.26,501.54,503.39,3681868
2024-04-26T06:30:00-07:00,506.36,509.81,505.7,509.59,4563507
2024-04-26T10:30:00-07:00,509.6,509.88,508.16,508.23,3279772
2024-04-29T06:30:00-07:00,510.08,510.75,509,510.38,2869849
2024-04-29T10:30:00-07:00,510.38,510.52,507.25,510.05,3122036
2024-04-30T06:30:00-07:00,508.55,509.56,504.71,505.25,4701120
2024-04-30T10:30:00-07:00,505.25,506.54,502.03,502.03,4815584
2024-05-01T06:30:00-07:00,501.38,501.82,499.87,500.73,3490000
2024-05-01T10:30:00-07:00,500.73,508.2,500.08,500.25,8118785
2024-05-02T06:30:00-07:00,504.13,504.68,499.55,504.11,4374163
2024-05-02T10:30:00-07:00,504.11,505.88,503.39,505,4087207
2024-05-03T06:30:00-07:00,511.16,512.54,508.56,511.1,6384383
2024-05-03T10:30:00-07:00,511.12,511.99,510.68,511.28,3510883
2024-05-06T06:30:00-07:00,513.75,514.96,513.31,514.635,3241398
2024-05-06T10:30:00-07:00,514.63,516.61,514.55,516.59,3084004
2024-05-07T06:30:00-07:00,517.56,518.48,516.95,518.43,3124462
2024-05-07T10:30:00-07:00,518.42,518.57,516.45,517.2,3762484
2024-05-08T06:30:00-07:00,515.25,517.72,515.15,516.29,2725892
2024-05-08T10:30:00-07:00,516.29,517.71,516.2,517.2,2128021
2024-05-09T06:30:00-07:00,517.38,519.63,516.7,519.5,3589708
2024-05-09T10:30:00-07:00,519.51,520.2,518.93,520.14,3166786
2024-05-10T06:30:00-07:00,521.81,522.63,519.58,520.11,3915260
2024-05-10T10:30:00-07:00,520.14,521.34,519.92,520.83,2434392
2024-05-13T06:30:00-07:00,522.56,522.66,519.74,520.85,3080592
2024-05-13T10:30:00-07:00,520.86,521.14,520.315,520.9,1989171
2024-05-14T06:30:00-07:00,521.12,522.41,520.56,521.04,2899419
2024-05-14T10:30:00-07:00,521.04,523.82,520.98,523.28,3701261
2024-05-15T06:30:00-07:00,525.84,528.84,525.18,528.79,4152018
2024-05-15T10:30:00-07:00,528.79,530.08,528.35,529.8,3998804
2024-05-16T06:30:00-07:00,529.88,531.52,529.43,529.82,2783302
2024-05-16T10:30:00-07:00,529.8,530.2,528.55,528.66,3116960
2024-05-17T06:30:00-07:00,528.81,529.3,528.05,528.7,2563155
2024-05-17T10:30:00-07:00,528.7,529.51,527.33,529.43,3288445
2024-05-20T06:30:00-07:00,529.57,531.56,529.47,530.35,1757527
2024-05-20T10:30:00-07:00,530.36,530.53,529.17,530.02,2397577
2024-05-21T06:30:00-07:00,529.28,530.725,529.07,530.14,1642230
2024-05-21T10:30:00-07:00,530.14,531.51,530.07,531.34,2239690
2024-05-22T06:30:00-07:00,530.65,531.38,530.16,530.92,1481982
2024-05-22T10:30:00-07:00,530.91,530.92,527.6,529.78,3444985
2024-05-23T06:30:00-07:00,532.97,533.07,528.83,529.46,2810782
2024-05-23T10:30:00-07:00,529.46,529.46,524.73,525.96,3827899
2024-05-24T06:30:00-07:00,527.85,530.27,526.885,529.63,2847706
2024-05-24T10:30:00-07:00,529.61,530.1,528.28,529.51,1855003
2024-05-28T06:30:00-07:00,530.26,530.5,529,529.48,1712665
2024-05-28T10:30:00-07:00,529.49,529.9,527.11,529.86,2600244
2024-05-29T06:30:00-07:00,525.7,527.31,525.39,526.94,2605510
2024-05-29T10:30:00-07:00,526.92,527.19,525.56,526.11,2223323
2024-05-30T06:30:00-07:00,524.51,525.14,522.88,524.96,2320597
2024-05-30T10:30:00-07:00,524.96,525.19,521.34,522.62,3101518
2024-05-31T06:30:00-07:00,523.6,524.81,518.36,520.815,3464965
2024-05-31T10:30:00-07:00,520.81,527.5,520.45,527.39,6853699
2024-06-03T06:30:00-07:00,529.02,529.2,522.6,524.63,4142017
2024-06-03T10:30:00-07:00,524.64,527.83,524.58,527.75,2526001
2024-06-04T06:30:00-07:00,526.46,527.75,524.95,526.97,2213417
2024-06-04T10:30:00-07:00,527,529.15,526.35,528.32,2193983
2024-06-05T06:30:00-07:00,530.77,532.98,528.75,532.73,3171771
2024-06-05T10:30:00-07:00,532.74,534.69,532.63,534.66,2524023
2024-06-06T06:30:00-07:00,534.97,535.41,533.25,534.14,2238082
2024-06-06T10:30:00-07:00,534.14,534.67,532.68,534.62,1707662
2024-06-07T06:30:00-07:00,533.66,536.9,532.54,536.16,2407579
2024-06-07T10:30:00-07:00,536.2,536.42,533.49,533.97,2295517
2024-06-10T06:30:00-07:00,533.2,535.14,532.56,534.31,2043575
2024-06-10T10:30:00-07:00,534.31,536,534.23,535.66,3452059
2024-06-11T06:30:00-07:00,534.09,534.81,532.04,534.25,2037614
2024-06-11T10:30:00-07:00,534.24,537.01,534.21,536.94,2630491
2024-06-12T06:30:00-07:00,541.63,543.96,541.22,542.92,3203327
2024-06-12T10:30:00-07:00,542.92,544.12,540.33,541.3,4244403
2024-06-13T06:30:00-07:00,543.15,543.19,539.59,541.72,2550951
2024-06-13T10:30:00-07:00,541.74,543.32,541.19,542.41,2349139
2024-06-14T06:30:00-07:00,540.88,542.41,539.86,542.1,2213776
2024-06-14T10:30:00-07:00,542.07,542.805,541.17,542.74,2021393
2024-06-17T06:30:00-07:00,542.08,546.55,541.61,546.35,2374555
2024-06-17T10:30:00-07:00,546.37,548.53,546.32,547.05,3612058
2024-06-18T06:30:00-07:00,547.16,548.21,546.73,548.07,1742059
2024-06-18T10:30:00-07:00,548.07,548.62,547.09,548.47,2582412
2024-06-20T06:30:00-07:00,549.44,550.12,545.75,546.02,2957210
2024-06-20T10:30:00-07:00,546,548.19,545.19,546.98,4940867
2024-06-21T06:30:00-07:00,544.42,545.65,543.03,544.09,2388959
2024-06-21T10:30:00-07:00,544.07,545.22,543.56,544.13,3496248
2024-06-24T06:30:00-07:00,544.33,546.94,543.75,544.27,2520365
2024-06-24T10:30:00-07:00,544.27,544.65,542.63,542.63,3583484
2024-06-25T06:30:00-07:00,543.99,544.48,542.44,543.69,1996645
2024-06-25T10:30:00-07:00,543.69,545.2,543.44,544.79,2227005
2024-06-26T06:30:00-07:00,543.68,545.47,543.04,544.52,2472218
2024-06-26T10:30:00-07:00,544.53,546.23,544.14,545.52,1910678
2024-06-27T06:30:00-07:00,545.37,546.97,544.68,546.26,2274954
2024-06-27T10:30:00-07:00,546.31,546.425,544.63,546.34,2453223
2024-06-28T06:30:00-07:00,547.165,550.28,545.49,546.28,3604206
2024-06-28T10:30:00-07:00,546.28,546.57,542.95,544.11,5378110
2024-07-01T06:30:00-07:00,545.63,545.85,542.53,545.06,2820671
2024-07-01T10:30:00-07:00,545.07,545.88,543.82,545.36,2019341
2024-07-02T06:30:00-07:00,543.7,546.92,543.65,546.66,2078404
2024-07-02T10:30:00-07:00,546.67,548.98,546.46,548.97,2394665
2024-07-03T06:30:00-07:00,548.69,551.83,548.65,551.39,3879997
2024-07-05T06:30:00-07:00,551.77,553.975,551.125,553.87,2282396
2024-07-05T10:30:00-07:00,553.89,555.05,553.84,554.68,2908568
2024-07-08T06:30:00-07:00,555.44,556.25,554.3,554.9,1748974
2024-07-08T10:30:00-07:00,554.91,555.55,554.19,555.34,1852213
2024-07-09T06:30:00-07:00,556.26,557.18,555.67,556.01,2081596
2024-07-09T10:30:00-07:00,556,556.34,555.52,555.85,1862174
2024-07-10T06:30:00-07:00,557.07,559.74,556.77,559.37,1975872
2024-07-10T10:30:00-07:00,559.35,561.67,559.21,561.26,2853895
2024-07-11T06:30:00-07:00,561.44,562.33,555.88,557.08,3606903
2024-07-11T10:30:00-07:00,557.07,557.57,555.83,556.43,3599879
2024-07-12T06:30:00-07:00,557.63,562.43,557.15,562.43,3413452
2024-07-12T10:30:00-07:00,562.43,563.67,558.95,559.9,4027152
2024-07-15T06:30:00-07:00,562.01,564.83,561.36,561.67,2602301
2024-07-15T10:30:00-07:00,561.64,562.56,559.62,561.49,2711816
2024-07-16T06:30:00-07:00,562.87,564.47,562.1,562.73,2013122
2024-07-16T10:30:00-07:00,562.71,565.16,562.49,564.85,2336323
2024-07-17T06:30:00-07:00,558.79,560.51,556.62,557.39,3752028
2024-07-17T10:30:00-07:00,557.37,558.38,556.84,556.96,3131563
2024-07-18T06:30:00-07:00,558.51,559.53,552.39,554.36,4033679
2024-07-18T10:30:00-07:00,554.38,554.81,550.45,552.75,3764661
2024-07-19T06:30:00-07:00,552.42,554.05,547.9,548.55,3867066
2024-07-19T10:30:00-07:00,548.57,550.46,548.02,548.92,3724900
2024-07-22T06:30:00-07:00,553,554.46,551.03,554.13,3528316
2024-07-22T10:30:00-07:00,554.14,555.27,554.12,554.67,2133083
2024-07-23T06:30:00-07:00,554.54,556.74,554.13,554.765,2173931
2024-07-23T10:30:00-07:00,554.73,555.55,553.27,553.73,1762840
2024-07-24T06:30:00-07:00,548.87,549.17,543.64,544.28,4391498
2024-07-24T10:30:00-07:00,544.27,544.95,540.3,541.18,5118343
2024-07-25T06:30:00-07:00,541.35,547.45,537.45,544.72,5368595
2024-07-25T10:30:00-07:00,544.73,545.1,538.13,538.32,4024404
2024-07-26T06:30:00-07:00,542.28,547.19,541.5,547.05,4199139
2024-07-26T10:30:00-07:00,547.05,547.13,542.74,544.4,3530086
2024-07-29T06:30:00-07:00,546.02,547.05,542.73,545.31,2604319
2024-07-29T10:30:00-07:00,545.32,546.05,544.47,544.75,1823850
2024-07-30T06:30:00-07:00,546.26,547.34,538.51,540.52,3240515
2024-07-30T10:30:00-07:00,540.5,543.655,540.19,541.92,2493712
2024-07-31T06:30:00-07:00,548.98,551.7,547.58,550.33,3107656
2024-07-31T10:30:00-07:00,550.32,553.5,548.65,550.45,5251825
2024-08-01T06:30:00-07:00,552.57,554.86,541.83,542.27,4774331
2024-08-01T10:30:00-07:00,542.29,543.48,539.43,543.05,5096905
2024-08-02T06:30:00-07:00,535.73,536.97,528.6,530.58,6989887
2024-08-02T10:30:00-07:00,530.56,533.17,529.55,532.98,4206860
2024-08-05T06:30:00-07:00,511.65,523.58,510.28,519.64,12524192
2024-08-05T10:30:00-07:00,519.64,520.89,514.9,517.46,7291607
2024-08-06T06:30:00-07:00,519.22,528.15,517.88,527.84,5086236
2024-08-06T10:30:00-07:00,527.88,529.75,521.98,522.19,5510670
2024-08-07T06:30:00-07:00,528.48,531.59,522.27,523.62,4708613
2024-08-07T10:30:00-07:00,523.64,524.98,518.05,518.64,5226994
2024-08-08T06:30:00-07:00,523.85,529.98,521.84,529.95,4327929
2024-08-08T10:30:00-07:00,529.97,531.3,528.21,530.63,4048455
2024-08-09T06:30:00-07:00,529.81,534.14,528.57,534.12,3016362
2024-08-09T10:30:00-07:00,534.13,534.51,531.47,532.91,2437155
2024-08-12T06:30:00-07:00,534.2,535.73,530.97,533.44,3262701
2024-08-12T10:30:00-07:00,533.44,533.85,531.76,533.26,2472172
2024-08-13T06:30:00-07:00,536.59,541.12,536.28,540.74,2739972
2024-08-13T10:30:00-07:00,540.75,542.28,539.48,541.99,3050188
2024-08-14T06:30:00-07:00,542.85,544.96,540.13,543.22,3102214
2024-08-14T10:30:00-07:00,543.19,544.68,542.61,543.76,2748790
2024-08-15T06:30:00-07:00,549.5,552.71,548.88,552.04,4502875
2024-08-15T10:30:00-07:00,552.05,553.36,551.92,553.12,3877760
2024-08-16T06:30:00-07:00,551.42,555.01,551.255,554.58,2307263
2024-08-16T10:30:00-07:00,554.61,554.86,553.56,554.26,2089184
2024-08-19T06:30:00-07:00,554.73,557.47,553.86,557.12,2180782
2024-08-19T10:30:00-07:00,557.13,559.58,556.9,559.55,2643416
2024-08-20T06:30:00-07:00,559.15,560.85,557.32,558.17,2252777
2024-08-20T10:30:00-07:00,558.18,559.73,557.69,558.62,1694933
2024-08-21T06:30:00-07:00,559.77,562.11,557.97,560.02,2264996
2024-08-21T10:30:00-07:00,560.02,561.69,559.21,560.71,2475859
2024-08-22T06:30:00-07:00,562.56,563.17,556.89,557.53,3181795
2024-08-22T10:30:00-07:00,557.49,557.62,554.98,556.19,3331588
2024-08-23T06:30:00-07:00,559.53,563.1,557.29,560.26,4380730
2024-08-23T10:30:00-07:00,560.27,562.68,560.16,562.09,2390707
2024-08-26T06:30:00-07:00,563.18,563.91,559.74,560.96,2305668
2024-08-26T10:30:00-07:00,560.95,561.09,559.05,560.75,2239258
2024-08-27T06:30:00-07:00,559.46,562.05,558.32,561.75,2106194
2024-08-27T10:30:00-07:00,561.8,562.05,561.14,561.53,1942749
2024-08-28T06:30:00-07:00,561.21,561.65,556.89,557.95,2081478
2024-08-28T10:30:00-07:00,557.89,559.35,555.04,558.33,2964569
2024-08-29T06:30:00-07:00,560.31,563.68,559.4,562.46,2542407
2024-08-29T10:30:00-07:00,562.47,562.89,557.18,558.305,2931161
2024-08-30T06:30:00-07:00,560.78,562.25,557.14,558.91,2396546
2024-08-30T10:30:00-07:00,558.91,564.2,558.61,563.59,3896637
2024-09-03T06:30:00-07:00,560.47,560.79,554.68,555.66,3659228
2024-09-03T10:30:00-07:00,555.66,555.72,549.51,552.14,4065485
2024-09-04T06:30:00-07:00,550.2,554.41,550.01,551.2,3369979
2024-09-04T10:30:00-07:00,551.2,551.96,549.47,550.83,3043068
2024-09-05T06:30:00-07:00,550.89,553.78,547.1,547.78,3345789
2024-09-05T10:30:00-07:00,547.75,551.17,547.75,549.54,2585306
2024-09-06T06:30:00-07:00,549.905,551.58,539.66,540.82,5040585
2024-09-06T10:30:00-07:00,540.79,541.88,539.44,540.43,3923498
2024-09-09T06:30:00-07:00,544.65,547.72,542.69,547.33,2467136
2024-09-09T10:30:00-07:00,547.32,547.33,544.19,546.42,2320257
2024-09-10T06:30:00-07:00,548.35,548.66,543.4,546.36,3003569
2024-09-10T10:30:00-07:00,546.36,549.15,546.3,548.78,2057065
2024-09-11T06:30:00-07:00,548.7,549.19,539.95,548.89,4769861
2024-09-11T10:30:00-07:00,548.9,555.36,548.82,554.36,4125919
2024-09-12T06:30:00-07:00,555.01,558.09,552.74,557.85,3352736
2024-09-12T10:30:00-07:00,557.86,559.38,556.53,559.01,3072689
2024-09-13T06:30:00-07:00,559.7,562.94,559.45,562.74,2753624
2024-09-13T10:30:00-07:00,562.75,563.03,561.03,561.96,2051659
2024-09-16T06:30:00-07:00,561.74,562.91,559.9,561.73,2599830
2024-09-16T10:30:00-07:00,561.73,563.11,561.61,562.86,1532635
2024-09-17T06:30:00-07:00,565.1,566.57,560.97,562.73,3711826
2024-09-17T10:30:00-07:00,562.72,563.18,560.79,563.09,2596057
2024-09-18T06:30:00-07:00,563.74,563.93,561.34,563.72,2192240
2024-09-18T10:30:00-07:00,563.71,568.68,560.84,561.36,6627795
2024-09-19T06:30:00-07:00,571.01,572.08,568.07,571.86,3456293
2024-09-19T10:30:00-07:00,571.86,572.88,570.36,570.91,4421986
2024-09-20T06:30:00-07:00,567.86,568.53,565.17,568.23,3062247
2024-09-20T10:30:00-07:00,568.225,569.32,566.08,568.1,3393687
2024-09-23T06:30:00-07:00,569.34,570.34,568.1,568.78,2435786
2024-09-23T10:30:00-07:00,568.78,569.91,568.6,569.61,1679665
2024-09-24T06:30:00-07:00,570.46,571.19,567.6,570.61,2918102
2024-09-24T10:30:00-07:00,570.61,571.36,569.43,571.23,3057174
2024-09-25T06:30:00-07:00,571.14,571.89,569.14,569.74,3420401
2024-09-25T10:30:00-07:00,569.72,570.38,568.91,570.01,2189229
2024-09-26T06:30:00-07:00,574.4,574.72,569.89,571.1,3510928
2024-09-26T10:30:00-07:00,571.099,572.74,571.07,572.22,2600542
2024-09-27T06:30:00-07:00,573.39,574.21,571.75,571.78,2184349
2024-09-27T10:30:00-07:00,571.77,572.65,570.42,571.4,2800068
2024-09-30T06:30:00-07:00,570.42,572.26,570.26,571.06,1766405
2024-09-30T10:30:00-07:00,571.04,574.38,568.1,574.04,4960905
2024-10-01T06:30:00-07:00,573.4,573.46,566,566.44,6878710
2024-10-01T10:30:00-07:00,566.43,570.93,566.28,568.7,3392045
2024-10-02T06:30:00-07:00,567.7,569.9,565.27,568.42,3244249
2024-10-02T10:30:00-07:00,568.4,569.47,567.58,568.75,2127738
2024-10-03T06:30:00-07:00,567.36,569.8,565.49,566.46,3200174
2024-10-03T10:30:00-07:00,566.43,568.27,566.05,567.77,2230029
2024-10-04T06:30:00-07:00,572.34,572.71,568.1,571.05,2927632
2024-10-04T10:30:00-07:00,571.07,573.36,569.58,572.97,2046219
2024-10-07T06:30:00-07:00,571.3,571.95,570.1,570.37,1925960
2024-10-07T10:30:00-07:00,570.35,570.55,566.63,567.81,3104972
2024-10-08T06:30:00-07:00,570.44,572.55,569.52,571.22,2586691
2024-10-08T10:30:00-07:00,571.2,573.78,571.12,573.11,1927976
2024-10-09T06:30:00-07:00,573.17,577.06,572.56,576.49,2466200
2024-10-09T10:30:00-07:00,576.46,577.71,574.99,577.11,2260511
2024-10-10T06:30:00-07:00,575.77,577.58,574.56,576.37,2419880
2024-10-10T10:30:00-07:00,576.37,576.675,574.49,576.13,2032184
2024-10-11T06:30:00-07:00,576.05,580.095,575.911,578.87,2799346
2024-10-11T10:30:00-07:00,578.85,580.33,578.65,579.57,1979206
2024-10-14T06:30:00-07:00,581.2,584.12,580.8,583.78,2174128
2024-10-14T10:30:00-07:00,583.77,585.27,583.31,584.29,2642604
2024-10-15T06:30:00-07:00,584.62,584.89,580.81,581.08,2970332
2024-10-15T10:30:00-07:00,581.01,581.75,578.545,579.81,3450718
2024-10-16T06:30:00-07:00,579.78,581.61,578.96,581.16,1625661
2024-10-16T10:30:00-07:00,581.16,582.83,581.145,582.27,2026677
2024-10-17T06:30:00-07:00,585.91,586.12,582.37,584.23,2100073
2024-10-17T10:30:00-07:00,584.22,584.69,582.16,582.26,1920554
2024-10-18T06:30:00-07:00,584.07,585.25,582.6,584.62,1727630
2024-10-18T10:30:00-07:00,584.63,585.39,583.84,584.57,1393067
2024-10-21T06:30:00-07:00,583.85,584.85,580.61,582.92,2567532
2024-10-21T10:30:00-07:00,582.92,583.72,582.18,583.67,1714116
2024-10-22T06:30:00-07:00,581.05,582.72,580.38,582.66,1858379
2024-10-22T10:30:00-07:00,582.67,584.5,582.64,583.32,1972518
2024-10-23T06:30:00-07:00,581.26,581.7,576.47,577,2962484
2024-10-23T10:30:00-07:00,576.97,578.13,574.41,577.93,3505437
2024-10-24T06:30:00-07:00,579.98,580.06,576.57,579.04,2440023
2024-10-24T10:30:00-07:00,579.06,579.88,578.09,579.2,1978694
2024-10-25T06:30:00-07:00,581.51,584.46,580.01,580.47,2734423
2024-10-25T10:30:00-07:00,580.38,580.57,578.08,579.01,2447670
2024-10-28T06:30:00-07:00,582.54,582.71,580.58,581.33,2101671
2024-10-28T10:30:00-07:00,581.37,581.83,580.52,580.77,2062542
2024-10-29T06:30:00-07:00,579.87,582.77,578.43,581.99,2070053
2024-10-29T10:30:00-07:00,582.01,582.91,581.35,581.7,2108090
2024-10-30T06:30:00-07:00,581.28,583.32,579.29,581.52,2267683
2024-10-30T10:30:00-07:00,581.47,581.81,579.36,579.96,3121154
2024-10-31T06:30:00-07:00,575.6,575.6,570.07,571.17,3395107
2024-10-31T10:30:00-07:00,571.17,572,568.44,568.54,3202726
2024-11-01T06:30:00-07:00,571.27,575.55,570.68,573.69,2895572
2024-11-01T10:30:00-07:00,573.68,573.76,570.62,571.04,2379028
2024-11-04T06:30:00-08:00,571.18,572.5,567.89,570.55,2047581
2024-11-04T10:30:00-08:00,570.54,571.26,569.17,569.78,2039058
2024-11-05T06:30:00-08:00,570.74,576.43,570.52,575.38,2417333
2024-11-05T10:30:00-08:00,575.409,576.71,574.6,576.69,2319727
2024-11-06T06:30:00-08:00,589.2,590.27,585.41,590.19,4828008
2024-11-06T10:30:00-08:00,590.2,591.93,589.8,591.02,3550340
2024-11-07T06:30:00-08:00,593.08,595.55,592.99,594.855,2168951
2024-11-07T10:30:00-08:00,594.85,596.65,593.92,595.55,2440250
2024-11-08T06:30:00-08:00,596.17,598.35,596.16,598.17,2438847
2024-11-08T10:30:00-08:00,598.16,599.64,597.62,598.24,3186916
2024-11-11T06:30:00-08:00,599.82,600.17,597,597.86,2407884
2024-11-11T10:30:00-08:00,597.85,598.84,597.58,598.72,2158651
2024-11-12T06:30:00-08:00,598.71,599.29,594.37,595.83,2391440
2024-11-12T10:30:00-08:00,595.81,598.4,595.8,596.88,2550183
2024-11-13T06:30:00-08:00,597.37,599.23,594.989,598.77,2541656
2024-11-13T10:30:00-08:00,598.75,599.16,596.48,597.18,3283004
2024-11-14T06:30:00-08:00,597.32,597.81,593.74,595.13,2058627
2024-11-14T10:30:00-08:00,595.14,595.79,592.65,593.38,2844016
2024-11-15T06:30:00-08:00,589.77,590.2,584.64,585.39,4177986
2024-11-15T10:30:00-08:00,585.37,586.23,583.86,585.73,2805012
2024-11-18T06:30:00-08:00,586.22,589.49,585.35,588.15,2270372
2024-11-18T10:30:00-08:00,588.14,588.44,587.02,588.13,2371962
2024-11-19T06:30:00-08:00,584.69,589.63,584.02,589.55,2779901
2024-11-19T10:30:00-08:00,589.55,591.06,589.09,590.32,2180362
2024-11-20T06:30:00-08:00,590.38,590.53,584.64,587.6,2927751
2024-11-20T10:30:00-08:00,587.595,590.79,586.16,590.47,2458490
2024-11-21T06:30:00-08:00,593.4,594.66,587.43,594.43,3518851
2024-11-21T10:30:00-08:00,594.45,595.12,593.52,593.62,2526109
2024-11-22T06:30:00-08:00,593.66,596.15,593.18,595.53,2452152
2024-11-22T10:30:00-08:00,595.53,596.09,594.15,595.49,1924390
2024-11-25T06:30:00-08:00,599.52,600.86,595.2,597.16,3902770
2024-11-25T10:30:00-08:00,597.18,597.75,596.49,597.44,2062712
2024-11-26T06:30:00-08:00,598.8,600.14,598.07,599.89,2330562
2024-11-26T10:30:00-08:00,599.85,601.33,599.21,600.75,3177570
2024-11-27T06:30:00-08:00,600.46,600.84,597.28,598.49,2831203
2024-11-27T10:30:00-08:00,598.46,599.12,597.93,598.74,1707525
2024-11-29T06:30:00-08:00,599.61,603.35,599.39,602.45,3450400
2024-12-02T06:30:00-08:00,602.98,603.96,602.47,603.67,2036832
2024-12-02T10:30:00-08:00,603.66,604.31,603.05,603.66,1820839
2024-12-03T06:30:00-08:00,603.39,603.85,602.35,603.56,1655831
2024-12-03T10:30:00-08:00,603.54,604.17,603.17,603.85,1622751
2024-12-04T06:30:00-08:00,605.64,606.54,604.95,605.87,2059320
2024-12-04T10:30:00-08:00,605.87,607.91,605.2,607.62,2582956
2024-12-05T06:30:00-08:00,607.66,608.48,606.81,607.25,1846841
2024-12-05T10:30:00-08:00,607.32,607.88,606.3,606.61,2233377
2024-12-06T06:30:00-08:00,607.43,609.07,607.07,608.07,1665642
2024-12-06T10:30:00-08:00,608.06,608.11,607.02,607.88,1746335
2024-12-09T06:30:00-08:00,607.69,607.86,604.61,605.74,1947649
2024-12-09T10:30:00-08:00,605.72,606.44,604.08,604.63,2663316
2024-12-10T06:30:00-08:00,605.37,605.7,604.08,604.375,1718537
2024-12-10T10:30:00-08:00,604.37,604.62,602.14,602.88,2421451
2024-12-11T06:30:00-08:00,605.78,608.43,605.5,608.33,2148185
2024-12-11T10:30:00-08:00,608.33,608.4,607.31,607.51,1391652
2024-12-12T06:30:00-08:00,606.58,607.16,605.14,606.5,1713897
2024-12-12T10:30:00-08:00,606.51,606.54,604.33,604.37,1759569
2024-12-13T06:30:00-08:00,606.4,607.13,602.82,603.99,2353016
2024-12-13T10:30:00-08:00,603.97,604.7,603.69,604.26,1641856
2024-12-16T06:30:00-08:00,606,607.72,605.22,607.71,1944747
2024-12-16T10:30:00-08:00,607.71,607.78,606.06,606.77,2647535
2024-12-17T06:30:00-08:00,604.19,605.17,603.16,604.22,2951905
2024-12-17T10:30:00-08:00,604.21,604.73,602.89,604.25,2973610
2024-12-18T06:30:00-08:00,603.98,606.4,603.47,605.22,2329949
2024-12-18T10:30:00-08:00,605.2,605.67,585.89,586.33,8387232
2024-12-19T06:30:00-08:00,591.36,593,587.28,589.64,6239484
2024-12-19T10:30:00-08:00,589.63,591.26,585.88,586.16,4138485
2024-12-20T06:30:00-08:00,581.77,595.75,580.91,592.16,6621828
2024-12-20T10:30:00-08:00,592.17,593.94,589.47,590.89,5944356
2024-12-23T06:30:00-08:00,590.89,593.4,587.66,593.31,2592546
2024-12-23T10:30:00-08:00,593.28,595.3,592.25,594.77,2879992
2024-12-24T06:30:00-08:00,596.06,601.34,595.47,601.26,3135631
2024-12-26T06:30:00-08:00,599.5,602.47,598.1,601.66,1743964
2024-12-26T10:30:00-08:00,601.68,602.1,600.66,601.24,1433559
2024-12-27T06:30:00-08:00,597.48,597.78,590.77,592.54,3752898
2024-12-27T10:30:00-08:00,592.53,595.52,592.33,594.99,3715004
2024-12-30T06:30:00-08:00,587.89,591.7,584.41,590.6,3401911
2024-12-30T10:30:00-08:00,590.52,591.52,588.07,588.29,2115254
2024-12-31T06:30:00-08:00,589.905,590.63,584.8,585,2694213
2024-12-31T10:30:00-08:00,585.02,587.48,584.42,586.01,4329481
2025-01-02T06:30:00-08:00,589.39,591.13,580.95,582.36,3730653
2025-01-02T10:30:00-08:00,582.33,585.36,580.5,584.65,2863640
2025-01-03T06:30:00-08:00,587.53,591.5,586.42,591.5,2496956
2025-01-03T10:30:00-08:00,591.5,592.6,591.05,591.86,2147202
2025-01-06T06:30:00-08:00,596.27,599.7,595.9,597.399,2586914
2025-01-06T10:30:00-08:00,597.37,597.421,593.6,595.37,2433064
2025-01-07T06:30:00-08:00,597.42,597.75,589.64,592.28,3460389
2025-01-07T10:30:00-08:00,592.26,592.26,586.78,588.74,2692254
2025-01-08T06:30:00-08:00,588.68,589.94,585.2,589.12,2788458
2025-01-08T10:30:00-08:00,589.08,590.54,586.94,589.38,2294263
2025-01-10T06:30:00-08:00,585.88,585.94,578.55,583.24,5285986
2025-01-10T10:30:00-08:00,583.24,584.5,579.7,580.51,3286729
2025-01-13T06:30:00-08:00,575.77,579.74,575.35,579.72,2885554
2025-01-13T10:30:00-08:00,579.68,581.75,578.98,581.51,2292752
2025-01-14T06:30:00-08:00,584.34,585,578.35,582.02,2799143
2025-01-14T10:30:00-08:00,582.01,583.79,578.97,582.19,2677894
2025-01-15T06:30:00-08:00,590.33,592.96,589.19,592.27,3189442
2025-01-15T10:30:00-08:00,592.25,593.94,591.97,592.78,2961389
2025-01-16T06:30:00-08:00,594.18,594.36,591.32,592.26,2087491
2025-01-16T10:30:00-08:00,592.26,593.33,590.93,591.67,1833615
2025-01-17T06:30:00-08:00,596.96,599.36,595.61,599.04,2954490
2025-01-17T10:30:00-08:00,599.02,599.11,597.37,597.55,2651492
2025-01-21T06:30:00-08:00,600.71,602.88,598.68,602.58,2203826
2025-01-21T10:30:00-08:00,602.6,602.98,601.67,602.9,2286590
2025-01-22T06:30:00-08:00,605.92,607.83,605.36,607.05,2525844
2025-01-22T10:30:00-08:00,607.07,607.62,606.24,606.33,2074381
2025-01-23T06:30:00-08:00,605.8,608.29,605.52,608,2101113
2025-01-23T10:30:00-08:00,608,609.74,607.31,609.71,1943906
2025-01-24T06:30:00-08:00,609.81,610.78,608.08,608.45,1903494
2025-01-24T10:30:00-08:00,608.45,608.74,606.81,607.93,2053687
2025-01-27T06:30:00-08:00,594.82,599.68,594.64,596.12,4261444
2025-01-27T10:30:00-08:00,596.11,599.57,596.07,599.39,3349981
2025-01-28T06:30:00-08:00,600.62,604.78,597.25,604.16,2959435
2025-01-28T10:30:00-08:00,604.175,605.38,603.23,604.48,2047005
2025-01-29T06:30:00-08:00,603.74,604.13,599.63,602.34,1860370
2025-01-29T10:30:00-08:00,602.37,603.67,599.22,601.77,2271985
2025-01-30T06:30:00-08:00,603.96,605.98,600.72,604,2426237
2025-01-30T10:30:00-08:00,603.99,606.6,601.81,604.99,2826966
2025-01-31T06:30:00-08:00,607.5,609.96,606.69,606.8,2797621
2025-01-31T10:30:00-08:00,606.79,607.03,601.04,601.77,4511787
2025-02-03T06:30:00-08:00,592.67,599.25,590.5,597.83,6030941
2025-02-03T10:30:00-08:00,597.83,600.29,597.4,597.64,2581015
2025-02-04T06:30:00-08:00,597.8,602.1,597.28,601.13,2266261
2025-02-04T10:30:00-08:00,601.12,602.31,600.58,601.77,1998614
2025-02-05T06:30:00-08:00,600.64,603.19,598.58,602.58,2131097
2025-02-05T10:30:00-08:00,602.56,604.36,602.38,604.14,1423291
2025-02-06T06:30:00-08:00,605.98,606.1,604.16,605.59,2024743
2025-02-06T10:30:00-08:00,605.58,606.45,602.64,606.35,2372275
2025-02-07T06:30:00-08:00,606.89,608.13,600.65,603.36,4414229
2025-02-07T10:30:00-08:00,603.33,603.64,600.05,600.76,1761512
2025-02-10T06:30:00-08:00,604.03,605.36,602.75,604.69,2026943
2025-02-10T10:30:00-08:00,604.69,605.5,604.25,604.82,1432618
2025-02-11T06:30:00-08:00,602.55,605.23,602.43,603.97,1782462
2025-02-11T10:30:00-08:00,603.98,605.85,603.95,605.22,2290623
2025-02-12T06:30:00-08:00,599.2,604.55,598.52,603.56,2476723
2025-02-12T10:30:00-08:00,603.59,604.22,602.55,603.33,1946565
2025-02-13T06:30:00-08:00,604.48,607.49,603.22,606.2,2001325
2025-02-13T10:30:00-08:00,606.26,609.94,605.31,609.7,3443373
2025-02-14T06:30:00-08:00,609.94,610.99,609.09,609.9,1585611
2025-02-14T10:30:00-08:00,609.93,610.75,609.545,609.7,1499981
2025-02-18T06:30:00-08:00,610.88,611,609.35,609.9,1626526
2025-02-18T10:30:00-08:00,609.89,611.35,608.4,611.35,2038938
2025-02-19T06:30:00-08:00,610.08,611.97,609.56,611.67,1469642
2025-02-19T10:30:00-08:00,611.67,613.23,611.4,612.94,1898684
2025-02-20T06:30:00-08:00,611.545,611.68,607.02,607.941,2457153
2025-02-20T10:30:00-08:00,607.94,610.7,607.82,610.38,1812553
2025-02-21T06:30:00-08:00,610.16,610.27,602.09,602.16,3904287
2025-02-21T10:30:00-08:00,602.16,603.22,599.47,599.97,3872356
2025-02-24T06:30:00-08:00,602.02,603.02,596.48,601.41,3457920
2025-02-24T10:30:00-08:00,601.45,601.63,596.64,597.19,3125029
2025-02-25T06:30:00-08:00,597.15,597.89,589.56,593.695,4628899
2025-02-25T10:30:00-08:00,593.705,596.67,593.02,594.2,2611163
2025-02-26T06:30:00-08:00,595.92,599.58,593.86,593.94,3312626
2025-02-26T10:30:00-08:00,593.905,595.29,591.86,594.45,2379985
2025-02-27T06:30:00-08:00,596.84,598.02,590.52,594.61,4052018
2025-02-27T10:30:00-08:00,594.605,594.96,584.65,585.04,4555899
2025-02-28T06:30:00-08:00,585.56,589.03,582.44,584.72,4899526
2025-02-28T10:30:00-08:00,584.71,594.72,583.54,594,4613445
2025-03-03T06:30:00-08:00,596.18,597.34,587.87,588.1,4270593
2025-03-03T10:30:00-08:00,588.12,590.64,579.9,583.97,5843394
2025-03-04T06:30:00-08:00,579.71,580.21,572.24,577.51,7219543
2025-03-04T10:30:00-08:00,577.48,585.39,574.71,576.87,5443145
2025-03-05T06:30:00-08:00,576.7,581.16,573.08,579.23,5561455
2025-03-05T10:30:00-08:00,579.27,584.88,577.91,583.04,4062123
2025-03-06T06:30:00-08:00,575.48,580.18,571.04,572.53,5315892
2025-03-06T10:30:00-08:00,572.55,574.92,570.13,572.81,4077057
2025-03-07T06:30:00-08:00,570.9,576.05,565.63,572.61,6614973
2025-03-07T10:30:00-08:00,572.65,577.39,572.29,575.87,3801745
2025-03-10T06:30:00-07:00,567.59,569.54,561.1,561.85,5273071
2025-03-10T10:30:00-07:00,561.89,562.47,555.59,560.8,6367464
2025-03-11T06:30:00-07:00,559.4,562.11,552.05,552.2,5976297
2025-03-11T10:30:00-07:00,552.16,564.02,552.02,556.09,5111367
2025-03-12T06:30:00-07:00,562.17,563.1,553.69,561.42,5367458
2025-03-12T10:30:00-07:00,561.4,561.9,557.81,558.93,3100166
2025-03-13T06:30:00-07:00,558.49,559.1,550.35,551.13,4097601
2025-03-13T10:30:00-07:00,551.12,554.62,549.68,551.48,3539705
2025-03-14T06:30:00-07:00,556.11,562.8,555.5,561.45,3927209
2025-03-14T10:30:00-07:00,561.45,563.83,560.23,562.78,3429156
2025-03-17T06:30:00-07:00,562.79,566.38,562.36,565.81,2816718
2025-03-17T10:30:00-07:00,565.82,569.705,565.61,567,2843992
2025-03-18T06:30:00-07:00,564.8,565.08,559.07,560.56,3735556
2025-03-18T10:30:00-07:00,560.57,562.22,559.75,560.99,2324085
2025-03-19T06:30:00-07:00,562.83,566.3,561.63,563.37,2520670
2025-03-19T10:30:00-07:00,563.36,570.95,562.05,567.01,4730164
2025-03-20T06:30:00-07:00,563.33,570.57,562.61,564.73,3843534
2025-03-20T10:30:00-07:00,564.79,566.65,563.77,565.68,3284177
2025-03-21T06:30:00-07:00,559.27,563.68,558.03,562.04,3701175
2025-03-21T10:30:00-07:00,562.11,564.89,561.48,564.17,3656343
2025-03-24T06:30:00-07:00,570.8,574.39,570.2,573.05,3098481
2025-03-24T10:30:00-07:00,573.06,575.17,572.06,574.03,2954740
2025-03-25T06:30:00-07:00,575.3,576.42,573.94,574.19,2530189
2025-03-25T10:30:00-07:00,574.21,575.59,573.69,575.35,1985769
2025-03-26T06:30:00-07:00,575.19,576.33,568.78,568.985,3200259
2025-03-26T10:30:00-07:00,568.93,569.58,567.2,568.75,3043281
2025-03-27T06:30:00-07:00,567.18,570.9,564.94,566.77,3636591
2025-03-27T10:30:00-07:00,566.77,570.02,566.43,567.03,2913337
2025-03-28T06:30:00-07:00,565.52,566.26,555.25,555.38,5671100
2025-03-28T10:30:00-07:00,555.4,556.97,555.07,555.8,4679396
2025-03-31T06:30:00-07:00,549.83,555.17,546.87,553.64,4966163
2025-03-31T10:30:00-07:00,553.65,560.69,552.73,559.15,6661949
2025-04-01T06:30:00-07:00,557.45,562.94,553.67,559.4,4725982
2025-04-01T10:30:00-07:00,559.33,561.52,556.15,561.05,3138430
2025-04-02T06:30:00-07:00,555.05,567.401,554.82,566.04,4156331
2025-04-02T10:30:00-07:00,566.03,566.08,560.97,564.66,3724783
2025-04-03T06:30:00-07:00,545.11,547.97,539.58,542.26,8895780
2025-04-03T10:30:00-07:00,542.24,543.78,536.9,537.67,6350760
2025-04-04T06:30:00-07:00,523.73,525.87,508.32,511.2,16873584
2025-04-04T10:30:00-07:00,511.17,515.8,505.07,505.48,11250548
2025-04-07T06:30:00-07:00,489.19,523.12,481.8,505.62,27452778
2025-04-07T10:30:00-07:00,505.6,510.47,500.16,504.53,7681761
2025-04-08T06:30:00-07:00,521.86,524.99,502.25,502.41,11902250
2025-04-08T10:30:00-07:00,502.38,509.09,489.16,496.72,11153855
2025-04-09T06:30:00-07:00,493.44,533.4,493.08,523.73,15228294
2025-04-09T10:30:00-07:00,523.96,546.34,522.95,543.14,18554798
2025-04-10T06:30:00-07:00,532.14,533.5,509.32,519.35,15526678
2025-04-10T10:30:00-07:00,519.3,529.71,518.205,524.66,10794061
2025-04-11T06:30:00-07:00,523.01,533.07,520.07,529.85,6776520
2025-04-11T10:30:00-07:00,529.84,536.47,528.86,534.03,5674290
2025-04-14T06:30:00-07:00,544.05,544.3,533.86,537.44,6865642
2025-04-14T10:30:00-07:00,537.3,542.57,536.49,538.98,3505759
2025-04-15T06:30:00-07:00,539.67,543.24,537.37,537.77,4285865
2025-04-15T10:30:00-07:00,537.77,539.28,536.81,537.72,2935764
2025-04-16T06:30:00-07:00,531.62,535.1,529.67,531.53,3525413
2025-04-16T10:30:00-07:00,531.55,531.63,520.29,525.73,5944733
2025-04-17T06:30:00-07:00,527.64,530.39,523.92,527.68,4683580
2025-04-17T10:30:00-07:00,527.69,531.16,525.72,526.4,3162791
2025-04-21T06:30:00-07:00,521.16,521.69,509.55,509.97,4350963
2025-04-21T10:30:00-07:00,509.93,514.87,508.46,513.97,3966162
2025-04-22T06:30:00-07:00,520.12,529.56,519.19,522.59,6101665
2025-04-22T10:30:00-07:00,522.57,527.5,521.78,526.94,3882869
2025-04-23T06:30:00-07:00,540.44,545.44,534,538.22,8847364
2025-04-23T10:30:00-07:00,538.26,538.98,533.88,535.42,4522412
2025-04-24T06:30:00-07:00,536.71,545.86,535.46,544.97,4308904
2025-04-24T10:30:00-07:00,544.98,547.39,544.28,546.55,3333031
2025-04-25T06:30:00-07:00,546.68,551.05,543.7,550.96,3998493
2025-04-25T10:30:00-07:00,550.96,550.99,546.76,550.55,3131159
2025-04-28T06:30:00-07:00,551.38,553.54,545.18,545.34,3379268
2025-04-28T10:30:00-07:00,545.36,552.27,545.02,550.94,2432268
2025-04-29T06:30:00-07:00,548.91,553.44,548.55,552.59,2561488
2025-04-29T10:30:00-07:00,552.63,555.47,552.55,554.16,2643405
2025-04-30T06:30:00-07:00,547.57,550.25,541.52,550.03,4278368
2025-04-30T10:30:00-07:00,550.01,556.51,549.12,554.33,4937493
2025-05-01T06:30:00-07:00,560.37,564.06,558.69,561.34,4143515
2025-05-01T10:30:00-07:00,561.35,562.69,557.87,558.48,2657959
2025-05-02T06:30:00-07:00,564.73,568.07,562.37,566.77,3433213
2025-05-02T10:30:00-07:00,566.8,568.37,566.02,566.62,3063331
2025-05-05T06:30:00-07:00,562.55,565.94,561.7,565.17,2612197
2025-05-05T10:30:00-07:00,565.17,566.65,563.1,563.53,1812547
2025-05-06T06:30:00-07:00,557.935,563.34,556.96,559.69,3065492
2025-05-06T10:30:00-07:00,559.68,561.4,558.31,558.81,2462314
2025-05-07T06:30:00-07:00,560.15,561.96,558.38,561.26,2106608
2025-05-07T10:30:00-07:00,561.27,563.8,556.04,561.23,4069055
2025-05-08T06:30:00-07:00,565.24,570.31,561.71,569.19,4120708
2025-05-08T10:30:00-07:00,569.2,569.39,564.54,564.91,3013146
2025-05-09T06:30:00-07:00,566.48,567.5,562.78,563.96,2842001
2025-05-09T10:30:00-07:00,563.955,565.89,563.53,564.32,1691089
2025-05-12T06:30:00-07:00,581.45,582.42,577.04,581.3,5717787
2025-05-12T10:30:00-07:00,581.31,583,580.8,582.88,3646760
2025-05-13T06:30:00-07:00,583.41,588.43,582.83,588.33,5734606
2025-05-13T10:30:00-07:00,588.34,589.08,586.73,586.81,3844738
2025-05-14T06:30:00-07:00,587.84,588.98,585.535,586.33,4711678
2025-05-14T10:30:00-07:00,586.32,588.21,586.24,587.55,3932725
2025-05-15T06:30:00-07:00,585.56,590.97,585.1,590.66,5412628
2025-05-15T10:30:00-07:00,590.68,590.69,588.31,590.4,4260796
2025-05-16T06:30:00-07:00,591.22,593.28,589.28,593.1,5272000
2025-05-16T10:30:00-07:00,593.11,594.5,592.58,594.29,4571021
2025-05-19T06:30:00-07:00,588.1,595.535,588.1,595.09,5032494
2025-05-19T10:30:00-07:00,595.12,595.47,593.16,594.93,4013410
2025-05-20T06:30:00-07:00,593.11,594.05,592.04,593.46,4474708
2025-05-20T10:30:00-07:00,593.46,593.53,589.6,592.82,5627036
2025-05-21T06:30:00-07:00,588.48,592.58,584.55,584.7,7898642
2025-05-21T10:30:00-07:00,584.63,587.76,581.81,582.98,7414481
2025-05-22T06:30:00-07:00,582.66,585.61,581.41,584.67,7436418
2025-05-22T10:30:00-07:00,584.68,586.62,582.58,583.04,6108794
2025-05-23T06:30:00-07:00,575.98,581.16,575.59,581.08,5804491
2025-05-23T10:30:00-07:00,581.07,581.8,578.49,579.16,3369602
2025-05-27T06:30:00-07:00,586.08,590.66,584.37,590.17,7904443
2025-05-27T10:30:00-07:00,590.18,591.31,589.88,591.06,5950517
2025-05-28T06:30:00-07:00,591.56,592.77,588.97,590.26,6054746
2025-05-28T10:30:00-07:00,590.27,590.78,586.985,587.69,5493733
2025-05-29T06:30:00-07:00,593.04,593.2,586.07,589.33,5414219
2025-05-29T10:30:00-07:00,589.35,590.67,587.61,589.99,3875811
2025-05-30T06:30:00-07:00,588.93,589.91,583.25,585.89,7508239
2025-05-30T10:30:00-07:00,585.89,591.12,585.54,589.46,6832553
2025-06-02T06:30:00-07:00,587.75,590.6,585.06,589.86,5123553
2025-06-02T10:30:00-07:00,589.85,592.79,589.51,592.63,3796312
2025-06-03T06:30:00-07:00,592.34,597.08,591.85,596.77,5430448
2025-06-03T10:30:00-07:00,596.77,596.96,594.8,596.11,5086572
2025-06-04T06:30:00-07:00,596.96,597.95,595.49,597.31,5496528
2025-06-04T10:30:00-07:00,597.31,597.93,595.89,595.9,3784009
2025-06-05T06:30:00-07:00,597.63,599,593.91,596.47,5959126
2025-06-05T10:30:00-07:00,596.45,596.97,591.05,593,5014988
2025-06-06T06:30:00-07:00,598.66,600.83,596.85,598.2,6729262
2025-06-06T10:30:00-07:00,598.21,600.64,598.21,599.04,4424513
2025-06-09T06:30:00-07:00,599.74,601.12,598.49,600.835,4913407
2025-06-09T10:30:00-07:00,600.84,601.25,599.43,599.59,3798711
2025-06-10T06:30:00-07:00,600.22,602.66,599.1,601.929,4687747
2025-06-10T10:30:00-07:00,601.92,603.47,600.125,603.03,4575990
2025-06-11T06:30:00-07:00,604.19,605.06,601.96,604.34,5368364
2025-06-11T10:30:00-07:00,604.35,604.44,599.27,601.42,5741574
2025-06-12T06:30:00-07:00,600.02,603.62,599.53,602.97,6551707
2025-06-12T10:30:00-07:00,602.965,603.72,602.39,603.69,4120794
2025-06-13T06:30:00-07:00,598.53,601.85,596.62,599.52,5753247
2025-06-13T10:30:00-07:00,599.51,600.28,595.49,596.93,5589425
2025-06-16T06:30:00-07:00,600.4,604.45,600.23,603.38,6362213
2025-06-16T10:30:00-07:00,603.39,603.71,601.64,602.715,3982850
2025-06-17T06:30:00-07:00,600.21,601.74,598.99,599,5594476
2025-06-17T10:30:00-07:00,598.98,599.89,596.76,597.55,6119889
2025-06-18T06:30:00-07:00,598.45,601.22,597.39,598.87,3226588
2025-06-18T10:30:00-07:00,598.81,601,596.47,597.46,5159817
2025-06-20T06:30:00-07:00,598.38,599.46,593.5,593.54,5627550
2025-06-20T10:30:00-07:00,593.55,595.355,592.86,594.27,4527538
2025-06-23T06:30:00-07:00,595.05,598.29,591.9,597.72,7836464
2025-06-23T10:30:00-07:00,597.73,600.54,597.73,600.07,3989150
2025-06-24T06:30:00-07:00,604.33,607.18,603.41,606.33,5459868
2025-06-24T10:30:00-07:00,606.34,607.84,606.33,606.76,3544507
2025-06-25T06:30:00-07:00,607.91,608.48,606.27,607.015,6203973
2025-06-25T10:30:00-07:00,607.03,607.37,605.54,607.08,4000028
2025-06-26T06:30:00-07:00,608.99,611.26,608.37,611.19,4314459
2025-06-26T10:30:00-07:00,611.2,612.305,611.1,611.89,4601450
2025-06-27T06:30:00-07:00,612.9,616.39,612.7,615.4,5320411
2025-06-27T10:30:00-07:00,615.4,615.58,610.83,614.85,7533359
2025-06-30T06:30:00-07:00,617.39,617.46,615.69,616.51,5353312
2025-06-30T10:30:00-07:00,616.5,619.22,615.05,617.9,7500682
2025-07-01T06:30:00-07:00,616.42,618.26,615.52,618.08,5969238
2025-07-01T10:30:00-07:00,618.08,618.83,616.7,617.545,4413038
2025-07-02T06:30:00-07:00,617.24,619.68,616.62,619.46,6014550
2025-07-02T10:30:00-07:00,619.47,620.48,619.23,620.38,4256453
2025-07-03T06:30:00-07:00,622.45,626.27,622.43,625.36,7096438
2025-07-07T06:30:00-07:00,623.35,624.03,619.25,620.19,5662538
2025-07-07T10:30:00-07:00,620.16,621.4,617.88,620.78,5336708
2025-07-08T06:30:00-07:00,621.35,622.11,619.52,620.83,4937539
2025-07-08T10:30:00-07:00,620.83,621.301,620,620.3,3487114
2025-07-09T06:30:00-07:00,622.77,624.72,620.92,622.33,7277279
2025-07-09T10:30:00-07:00,622.32,624.21,622.05,624.01,4826820
2025-07-10T06:30:00-07:00,624.2,626.23,623.01,626.1,5774313
2025-07-10T10:30:00-07:00,626.09,626.88,625.21,625.88,4213771
2025-07-11T06:30:00-07:00,622.74,624.63,621.53,624.45,6336950
2025-07-11T10:30:00-07:00,624.45,624.855,623.13,623.61,5543586
2025-07-14T06:30:00-07:00,623.17,624.96,621.79,624.71,6201430
2025-07-14T10:30:00-07:00,624.71,625.159,624.3,624.7,3616034
2025-07-15T06:30:00-07:00,627.5,627.87,622.95,623.86,8306078
2025-07-15T10:30:00-07:00,623.85,624.87,622.07,622.11,5920476
2025-07-16T06:30:00-07:00,623.76,624.12,618.05,623.09,14228157
2025-07-16T10:30:00-07:00,623.1,624.73,622.72,624.19,3760212
2025-07-17T06:30:00-07:00,624.4,627.5,624.18,627.02,6114996
2025-07-17T10:30:00-07:00,627.03,628.41,626.98,627.99,5684611
2025-07-18T06:30:00-07:00,629.29,629.38,626.46,626.94,5677188
2025-07-18T10:30:00-07:00,626.94,627.76,626.67,627.59,2935582
2025-07-21T06:30:00-07:00,628.77,631.54,628.68,631.39,5586400
2025-07-21T10:30:00-07:00,631.39,631.52,628.345,628.73,5221898
2025-07-22T06:30:00-07:00,629.1,629.22,626.19,629.04,6360918
2025-07-22T10:30:00-07:00,629.05,629.73,627.53,628.85,4390773
2025-07-23T06:30:00-07:00,631.55,632.79,629.73,632.11,5787203
2025-07-23T10:30:00-07:00,632.11,634.16,631.79,634.15,4573961
2025-07-24T06:30:00-07:00,634.6,635.98,633.99,635.38,6931025
2025-07-24T10:30:00-07:00,635.38,636.15,634.25,634.44,5781236
2025-07-25T06:30:00-07:00,635.06,637.13,634.84,637.04,4623801
2025-07-25T10:30:00-07:00,637.05,637.57,636.62,637.01,4211343
2025-07-28T06:30:00-07:00,637.5,638.04,636.16,636.32,5040704
2025-07-28T10:30:00-07:00,636.31,637.01,635.54,636.89,3594800
2025-07-29T06:30:00-07:00,638.35,638.67,634.69,636.18,6223009
2025-07-29T10:30:00-07:00,636.18,636.38,634.34,635.23,4280785
2025-07-30T06:30:00-07:00,635.92,636.82,635,636.21,3763969
2025-07-30T10:30:00-07:00,636.22,637.7,631.54,634.48,5509283
2025-07-31T06:30:00-07:00,639.47,639.85,634.42,634.84,7234693
2025-07-31T10:30:00-07:00,634.86,635.65,630.76,631.92,8243589
2025-08-01T06:30:00-07:00,626.31,626.35,619.65,620.57,11725252
2025-08-01T10:30:00-07:00,620.57,623.3,619.3,621.72,8729694
2025-08-04T06:30:00-07:00,625.67,630.52,625.58,630.29,7390430
2025-08-04T10:30:00-07:00,630.3,631.21,629.39,631.07,5036555
2025-08-05T06:30:00-07:00,631.78,632.6,627.04,629.7,7662993
2025-08-05T10:30:00-07:00,629.71,630.32,627.81,628.01,4315715
2025-08-06T06:30:00-07:00,629.05,632.98,628.14,632.29,5337723
2025-08-06T10:30:00-07:00,632.31,633.44,632,632.67,3980306
2025-08-07T06:30:00-07:00,636.24,636.98,630,630.03,6994712
2025-08-07T10:30:00-07:00,630.005,632.36,629.13,632.29,3398776
2025-08-08T06:30:00-07:00,634.06,637.36,633.74,636.39,5983483
2025-08-08T10:30:00-07:00,636.39,637.645,636.05,637.13,4266466
2025-08-11T06:30:00-07:00,637.46,638.95,636.53,637.19,5427656
2025-08-11T10:30:00-07:00,637.17,637.43,634.65,635.82,5469064
2025-08-12T06:30:00-07:00,638.29,641.99,636.79,641.54,6373941
2025-08-12T10:30:00-07:00,641.54,642.85,641.43,642.65,3901466
2025-08-13T06:30:00-07:00,644.91,646.19,642.68,643.64,6228391
2025-08-13T10:30:00-07:00,643.645,645.09,642.77,644.88,3567612
2025-08-14T06:30:00-07:00,642.79,645.54,642.34,645.01,4572517
2025-08-14T10:30:00-07:00,645.01,645.62,643.92,644.94,3088175
2025-08-15T06:30:00-07:00,645.99,646.09,642.52,644.16,5602855
2025-08-15T10:30:00-07:00,644.16,644.88,643.13,643.45,4224891
2025-08-18T06:30:00-07:00,642.86,643.93,642.17,643.16,4044307
2025-08-18T10:30:00-07:00,643.16,643.95,642.44,643.27,2962245
2025-08-19T06:30:00-07:00,643.12,644.105,638.81,639.72,7614646
2025-08-19T10:30:00-07:00,639.71,640.11,638.48,639.745,4589742
2025-08-20T06:30:00-07:00,639.4,639.66,632.94,636.55,10872260
2025-08-20T10:30:00-07:00,636.55,639.06,635.22,638.04,5399765
2025-08-21T06:30:00-07:00,636.28,637.97,633.81,634.44,3468353
2025-08-21T10:30:00-07:00,634.41,636.51,634.34,635.58,2519905
2025-08-22T06:30:00-07:00,637.755,646.5,637.25,646.15,7340449
2025-08-22T10:30:00-07:00,646.15,646.4,644.3,645.29,5245845
2025-08-25T06:30:00-07:00,644.03,645.29,643.41,644.675,4729217
2025-08-25T10:30:00-07:00,644.66,644.82,642.36,642.49,3320996
2025-08-26T06:30:00-07:00,642.2,643.59,641.56,643.5,3478845
2025-08-26T10:30:00-07:00,643.5,645.51,642.44,645.14,3764165
2025-08-27T06:30:00-07:00,644.57,646.69,644.44,646.44,3857580
2025-08-27T10:30:00-07:00,646.45,647.36,645.83,646.6,2649365
2025-08-28T06:30:00-07:00,647.24,648.4,645.35,648.12,4628838
2025-08-28T10:30:00-07:00,648.13,649.48,648.08,648.86,3911513
2025-08-29T06:30:00-07:00,647.47,647.83,643.14,643.99,6553148
2025-08-29T10:30:00-07:00,644,645.14,643.76,645.01,4991048
2025-09-02T06:30:00-07:00,637.53,640.14,634.92,637.63,5721172
2025-09-02T10:30:00-07:00,637.63,640.49,637.32,640.33,4318983
2025-09-03T06:30:00-07:00,642.67,644.21,641.43,642.28,6815735
2025-09-03T10:30:00-07:00,642.26,643.73,640.46,643.62,5204785
2025-09-04T06:30:00-07:00,644.42,646.97,643.5,646.86,6180932
2025-09-04T10:30:00-07:00,646.85,649.15,646.59,649,4496182
2025-09-05T06:30:00-07:00,651.48,652.21,643.33,645.845,7469975
2025-09-05T10:30:00-07:00,645.88,647.4,644.61,647.22,3885440
2025-09-08T06:30:00-07:00,648.63,649.84,647.75,648.495,4557893
2025-09-08T10:30:00-07:00,648.5,648.88,647.23,648.78,4051442
2025-09-09T06:30:00-07:00,648.97,649.8,647.22,649.569,4950721
2025-09-09T10:30:00-07:00,649.56,650.86,649.48,650.32,3459499
2025-09-10T06:30:00-07:00,653.63,654.55,652.11,652.29,6573862
2025-09-10T10:30:00-07:00,652.28,652.72,650.63,652.24,5003029
2025-09-11T06:30:00-07:00,654.16,657.8,653.59,657.12,6901697
2025-09-11T10:30:00-07:00,657.13,658.33,657.01,657.59,4667133
2025-09-12T06:30:00-07:00,657.6,658.48,657.14,658.1,5728716
2025-09-12T10:30:00-07:00,658.1,659.11,656.9,657.41,5929021
2025-09-15T06:30:00-07:00,659.64,661.05,659.475,659.75,6493720
2025-09-15T10:30:00-07:00,659.75,660.91,659.34,660.83,4692512
2025-09-16T06:30:00-07:00,661.47,661.78,659.2,660.26,6664310
2025-09-16T10:30:00-07:00,660.27,660.745,659.69,659.94,3987950
2025-09-17T06:30:00-07:00,660.01,660.65,658.13,658.65,4714079
2025-09-17T10:30:00-07:00,658.67,661.72,654.3,659.23,8151999
2025-09-18T06:30:00-07:00,661.88,664.89,660.27,663.32,8714229
2025-09-18T10:30:00-07:00,663.32,663.51,661.96,662.28,5001574
2025-09-19T06:30:00-07:00,662.33,662.76,660.37,662.48,6445980
2025-09-19T10:30:00-07:00,662.48,664.55,662.33,663.63,5551242
2025-09-22T06:30:00-07:00,662.19,666.54,662.17,666.51,7553237
2025-09-22T10:30:00-07:00,666.5,667.29,666.03,666.76,4058367
2025-09-23T06:30:00-07:00,666.72,667.34,663.69,663.71,7837894
2025-09-23T10:30:00-07:00,663.7,663.85,661.98,663.24,6658993
2025-09-24T06:30:00-07:00,664.51,664.61,659.67,661.38,8042413
2025-09-24T10:30:00-07:00,661.37,661.79,659.96,661.05,4388908
2025-09-25T06:30:00-07:00,657.94,659.4,655.08,657.3,9137182
2025-09-25T10:30:00-07:00,657.26,658.25,654.41,657.935,5099387
2025-09-26T06:30:00-07:00,659.51,662.38,657.88,661.62,7956433
2025-09-26T10:30:00-07:00,661.63,662.14,660.77,661.75,3556557
2025-09-29T06:30:00-07:00,664.36,665.28,662.4,662.56,7919319
2025-09-29T10:30:00-07:00,662.57,663.76,661.87,663.6,5814682
2025-09-30T06:30:00-07:00,662.91,664.05,661.61,662.13,5907454
2025-09-30T10:30:00-07:00,662.1,666.65,661.82,666.09,6961256
2025-10-01T06:30:00-07:00,663.17,668.09,663.06,667.98,10187248
2025-10-01T10:30:00-07:00,667.98,669.37,667.6,668.53,4958064
2025-10-02T06:30:00-07:00,670.45,670.57,666.78,668.51,6969303
2025-10-02T10:30:00-07:00,668.51,669.73,668.34,669.14,4113220
2025-10-03T06:30:00-07:00,669.99,672.68,669.93,670.345,7098905
2025-10-03T10:30:00-07:00,670.33,670.96,668.16,669.2,6165590
2025-10-06T06:30:00-07:00,671.63,672.32,669.45,672.07,7555251
2025-10-06T10:30:00-07:00,672.07,672.51,671.54,671.59,3595772
2025-10-07T06:30:00-07:00,672.53,673,667.67,668.98,11041281
2025-10-07T10:30:00-07:00,668.91,669.4,667.81,669.13,3198561
2025-10-08T06:30:00-07:00,670.24,673.09,669.42,672.9,6719465
2025-10-08T10:30:00-07:00,672.9,673.2,672.14,673.04,4103433
2025-10-09T06:30:00-07:00,673.53,673.93,669.34,669.46,7647672
2025-10-09T10:30:00-07:00,669.46,671.25,669.23,671.18,3928593
2025-10-10T06:30:00-07:00,672.15,673.96,657.75,659.78,11595747
2025-10-10T10:30:00-07:00,659.79,660.92,652.85,653.12,5180377
2025-10-13T06:30:00-07:00,660.65,665.13,659.77,663.13,12347502
2025-10-13T10:30:00-07:00,663.14,664.28,661.68,663.05,4605419
2025-10-14T06:30:00-07:00,657.17,665.63,653.17,665.34,11112376
2025-10-14T10:30:00-07:00,665.34,665.84,660.28,662.21,5747551
2025-10-15T06:30:00-07:00,666.82,670.23,658.94,660.86,10513712
2025-10-15T10:30:00-07:00,660.89,665.83,660.7,665.09,6070844
2025-10-16T06:30:00-07:00,666.84,668.71,659.33,663.49,14817287
2025-10-16T10:30:00-07:00,663.49,663.99,657.11,660.68,10332869
2025-10-17T06:30:00-07:00,659.51,663.72,658.14,661.19,11068030
2025-10-17T10:30:00-07:00,661.16,665.75,660.71,664.3,5111221
2025-10-20T06:30:00-07:00,667.3,672.02,667.27,671.61,4660162
2025-10-20T10:30:00-07:00,671.61,672.21,671.18,671.27,3601248
2025-10-21T06:30:00-07:00,671.46,672.99,669.99,671.58,6578904
2025-10-21T10:30:00-07:00,671.63,672.52,671.16,671.24,3249186
2025-10-22T06:30:00-07:00,671.99,672,664.01,665.42,5761078
2025-10-22T10:30:00-07:00,665.39,668.35,663.3,667.83,4423704
2025-10-23T06:30:00-07:00,668.12,671.65,667.8,671.01,4128872
2025-10-23T10:30:00-07:00,671,672.72,671,671.61,3487135
2025-10-24T06:30:00-07:00,676.48,678.45,675.65,678.07,4174832
2025-10-24T10:30:00-07:00,678.05,678.47,676.765,677.09,3543791
2025-10-27T06:30:00-07:00,682.73,683.88,682.11,683.43,5143084
2025-10-27T10:30:00-07:00,683.435,685.54,683.31,685.2,3954316
2025-10-28T06:30:00-07:00,687.08,688.32,684.83,687.01,4164688
2025-10-28T10:30:00-07:00,687.02,688.9,686.875,686.97,3554093
2025-10-29T06:30:00-07:00,688.72,689.7,687.57,687.92,6869155
2025-10-29T10:30:00-07:00,687.92,688.91,682.86,687.3,4921609
2025-10-30T06:30:00-07:00,683.91,685.94,681.39,684.4,5913993
2025-10-30T10:30:00-07:00,684.4,684.64,679.86,679.9,4708095
2025-10-31T06:30:00-07:00,685.03,685.08,679.25,679.79,5575898
2025-10-31T10:30:00-07:00,679.8,684.78,679.42,681.99,5371514
2025-11-03T06:30:00-08:00,685.67,685.8,679.94,683.63,4247925
2025-11-03T10:30:00-08:00,683.63,684.23,682.45,683.38,3239483
2025-11-04T06:30:00-08:00,676.11,679.96,674.68,675.27,5038573
2025-11-04T10:30:00-08:00,675.255,676.68,674.58,675.31,4335155
2025-11-05T06:30:00-08:00,674.98,680.85,674.17,680.41,5045461
2025-11-05T10:30:00-08:00,680.4,680.86,677.4,677.52,4325172
2025-11-06T06:30:00-08:00,676.47,677.38,668.72,670.95,6789364
2025-11-06T10:30:00-08:00,670.94,673.7,669.53,670.24,5169555
2025-11-07T06:30:00-08:00,667.91,667.93,661.215,665.32,7876498
2025-11-07T10:30:00-08:00,665.3,671.08,664.23,670.89,5033674
2025-11-10T06:30:00-08:00,677.235,680.05,675.03,679.48,5728286
2025-11-10T10:30:00-08:00,679.48,682.18,679.48,681.31,4344318
2025-11-11T06:30:00-08:00,679.94,683.23,678.73,682.9,4156099
2025-11-11T10:30:00-08:00,682.91,683.56,682.16,682.87,3997245
2025-11-12T06:30:00-08:00,684.78,684.96,680.95,683.5,4301151
2025-11-12T10:30:00-08:00,683.5,684.14,682.1,683.29,3872059
2025-11-13T06:30:00-08:00,680.5,680.855,672.595,672.83,6767148
2025-11-13T10:30:00-08:00,672.795,673.62,670.52,672.07,5550711
2025-11-14T06:30:00-08:00,665.38,675.65,663.27,673.12,7905945
2025-11-14T10:30:00-08:00,673.11,675.12,671.17,671.95,4745793
2025-11-17T06:30:00-08:00,669.7,673.71,667.78,668.71,4916313
2025-11-17T10:30:00-08:00,668.69,669.9,662.18,665.68,6397373
2025-11-18T06:30:00-08:00,662.095,664.43,655.86,663.3,10522390
2025-11-18T10:30:00-08:00,663.37,665.12,660.01,660.14,6200114
2025-11-19T06:30:00-08:00,660.78,667.34,658.75,661.02,8574928
2025-11-19T10:30:00-08:00,661.01,664.75,659.33,662.67,5755495
2025-11-20T06:30:00-08:00,672.92,675.56,655.45,659.55,16235645
2025-11-20T10:30:00-08:00,659.49,660,651.89,652.51,7921781
2025-11-21T06:30:00-08:00,655.05,661.51,650.85,658.36,6502539
2025-11-21T10:30:00-08:00,658.29,664.53,658,659.05,4551022
2025-11-24T06:30:00-08:00,662.66,669.75,661.59,669.18,4290033
2025-11-24T10:30:00-08:00,669.18,670.06,667.861,668.81,3823402
2025-11-25T06:30:00-08:00,668.62,674.37,664.48,674.01,5541916
2025-11-25T10:30:00-08:00,674.03,676.21,672.44,675,4162642
2025-11-26T06:30:00-08:00,677.63,681.7,676.74,681.115,4831545
2025-11-26T10:30:00-08:00,681.13,682.13,679.59,679.63,4862599
2025-11-28T06:30:00-08:00,680.86,683.66,680.5,683.34,4903363
2025-12-01T06:30:00-08:00,678.81,682.8,678.74,682.45,3463732
2025-12-01T10:30:00-08:00,682.49,682.99,679.38,680.27,3775403
2025-12-02T06:30:00-08:00,681.92,683.82,679.33,681.04,4145722
2025-12-02T10:30:00-08:00,681.02,682.87,680.24,681.46,3015587
2025-12-03T06:30:00-08:00,680.57,684.18,679.68,683.92,3789398
2025-12-03T10:30:00-08:00,683.96,684.9,683.55,683.8,3347267
2025-12-04T06:30:00-08:00,685.3,685.35,682.17,684.68,3836586
2025-12-04T10:30:00-08:00,684.67,684.74,681.35,684.4,3511675
2025-12-05T06:30:00-08:00,685.47,688.39,684.57,686.57,5170494
2025-12-05T10:30:00-08:00,686.58,686.97,684.6,685.65,3161124
2025-12-08T06:30:00-08:00,686.59,686.64,682.19,682.83,3478958
2025-12-08T10:30:00-08:00,682.81,683.76,681.57,683.64,3046944
2025-12-09T06:30:00-08:00,683.16,685.38,682.82,684.23,3444887
2025-12-09T10:30:00-08:00,684.23,684.341,682.61,683.04,3499857
2025-12-10T06:30:00-08:00,682.56,684.21,681.31,682.89,4436396
2025-12-10T10:30:00-08:00,682.88,690.05,682.45,687.56,6427428
2025-12-11T06:30:00-08:00,685.14,688.18,682.17,687.61,5999537
2025-12-11T10:30:00-08:00,687.58,689.25,687.31,689.15,4864864
2025-12-12T06:30:00-08:00,688.17,688.88,679.18,683.88,6547913
2025-12-12T10:30:00-08:00,683.79,683.9,680.07,681.74,4591066
2025-12-15T06:30:00-08:00,685.72,685.76,679.25,680,5643641
2025-12-15T10:30:00-08:00,679.97,681.77,679.63,680.69,4022007
2025-12-16T06:30:00-08:00,679.22,681.08,674.98,675.59,4973347
2025-12-16T10:30:00-08:00,675.6,680.56,675.58,678.86,5114221
2025-12-17T06:30:00-08:00,679.88,680.42,672.99,673.37,6429914
2025-12-17T10:30:00-08:00,673.37,673.62,671.2,671.3,5679956
2025-12-18T06:30:00-08:00,677.6,680.74,674.9,678.83,7988992
2025-12-18T10:30:00-08:00,678.87,679.69,675.32,676.47,5913213
2025-12-19T06:30:00-08:00,676.59,681.09,676.47,680.76,5963541
2025-12-19T10:30:00-08:00,680.77,681,679.62,680.58,4567655
2025-12-22T06:30:00-08:00,683.94,685.36,682.69,684.72,4730120
2025-12-22T10:30:00-08:00,684.71,685.14,684.21,684.8,3228714
2025-12-23T06:30:00-08:00,683.92,687.72,683.87,687.55,4355048
2025-12-23T10:30:00-08:00,687.56,688.2,687.5,687.925,3432027
2025-12-24T06:30:00-08:00,687.93,690.825,687.8,690.28,4868268
2025-12-26T06:30:00-08:00,690.63,691.65,689.27,689.7,3605908
2025-12-26T10:30:00-08:00,689.69,690.5,689.65,690.23,2225146
2025-12-29T06:30:00-08:00,687.54,689.2,686.07,687.34,3602461
2025-12-29T10:30:00-08:00,687.33,688.61,686.87,687.83,3727614
2025-12-30T06:30:00-08:00,687.45,688.55,686.58,687.76,2763978
2025-12-30T10:30:00-08:00,687.76,687.94,686.705,686.92,2145520
2025-12-31T06:30:00-08:00,687.15,687.36,684.19,685.35,3718919
2025-12-31T10:30:00-08:00,685.36,686.24,681.71,681.87,4571835
2026-01-02T06:30:00-08:00,685.71,686.87,680.28,680.98,5743874
2026-01-02T10:30:00-08:00,680.98,683.95,679.81,683.17,4398360
2026-01-05T06:30:00-08:00,686.54,689.42,686.38,688.38,5599284
2026-01-05T10:30:00-08:00,688.37,688.77,687.17,687.72,3533324
2026-01-06T06:30:00-08:00,687.91,691.2,687.79,690.865,6456155
2026-01-06T10:30:00-08:00,690.87,692.31,690.65,691.815,3763429
2026-01-07T06:30:00-08:00,692.19,693.96,690.97,692.13,5953168
2026-01-07T10:30:00-08:00,692.13,693.14,689.33,689.56,5029887
2026-01-08T06:30:00-08:00,688.82,690.61,687.49,689.49,6082616
2026-01-08T10:30:00-08:00,689.5,690.05,688.28,689.44,3240329
2026-01-09T06:30:00-08:00,690.65,694.5,689.18,693.87,6867524
2026-01-09T10:30:00-08:00,693.86,695.3,693.86,694.02,3764978
2026-01-12T06:30:00-08:00,690.67,695.2,690.63,695.13,5806137
2026-01-12T10:30:00-08:00,695.12,696.09,694.94,695.15,3406239
2026-01-13T06:30:00-08:00,695.51,696.09,692.1,692.92,5999732
2026-01-13T10:30:00-08:00,692.91,693.96,691.35,693.75,4241823
2026-01-14T06:30:00-08:00,691,691.72,686.04,687.59,6682076
2026-01-14T10:30:00-08:00,687.6,690.63,686.28,690.45,4467310
2026-01-15T06:30:00-08:00,694.57,695.45,692.99,694.89,6222577
2026-01-15T10:30:00-08:00,694.88,695.24,691.25,692.16,4544605
2026-01-16T06:30:00-08:00,693.65,694.25,690.1,693,6008973
2026-01-16T10:30:00-08:00,692.98,693.71,691.47,691.585,3953843
2026-01-20T06:30:00-08:00,681.49,684.77,680.229,680.29,7746278
2026-01-20T10:30:00-08:00,680.28,680.42,676.57,677.6,5688856
2026-01-21T06:30:00-08:00,679.65,685.13,678.14,680.57,8941688
2026-01-21T10:30:00-08:00,680.57,688.73,679.72,685.31,7626561
2026-01-22T06:30:00-08:00,689.85,691.12,686.92,690.45,4903113
2026-01-22T10:30:00-08:00,690.44,690.95,687.6,688.96,3734774
2026-01-23T06:30:00-08:00,688.15,690.95,687.16,688.93,4996556
2026-01-23T10:30:00-08:00,688.94,690.19,688.37,689.2,3104092
2026-01-26T06:30:00-08:00,690.49,693.87,689.93,693.79,4789334
2026-01-26T10:30:00-08:00,693.78,694.13,692.62,692.71,3546186
2026-01-27T06:30:00-08:00,694.18,696.53,693.58,695.79,4407206
2026-01-27T10:30:00-08:00,695.8,696.4,695.4,695.55,3021355
2026-01-28T06:30:00-08:00,697.05,697.84,694.5,695.15,4087421
2026-01-28T10:30:00-08:00,695.15,696.29,693.94,695.43,3422032
2026-01-29T06:30:00-08:00,696.34,697.05,684.82,690.97,8873961
2026-01-29T10:30:00-08:00,690.98,694.78,690.19,693.96,4306898
2026-01-30T06:30:00-08:00,691.8,694.2,687.11,689.46,4974798
2026-01-30T10:30:00-08:00,689.47,692.82,687.85,691.84,4413298
2026-02-02T06:30:00-08:00,689.58,696.93,689.43,696.07,5601457
2026-02-02T10:30:00-08:00,696.07,696.88,695.02,695.44,4566786
2026-02-03T06:30:00-08:00,696.21,696.96,686.24,686.37,7990590
2026-02-03T10:30:00-08:00,686.35,689.75,684.035,689.44,5784804
2026-02-04T06:30:00-08:00,690.35,691.45,681.75,684.8,7197147
2026-02-04T10:30:00-08:00,684.82,688.49,683.11,686.12,4212416
2026-02-05T06:30:00-08:00,680.94,683.67,675.79,679.16,6709982
2026-02-05T10:30:00-08:00,679.12,681.46,676.19,677.45,3298343
2026-02-06T06:30:00-08:00,681.48,689.54,680.85,688.95,7372051
2026-02-06T10:30:00-08:00,688.95,692.3,688.74,690.62,4113863
2026-02-09T06:30:00-08:00,689.45,695.66,688.34,694.23,5124829
2026-02-09T10:30:00-08:00,694.24,695.86,693.88,693.945,3537992
2026-02-10T06:30:00-08:00,694.95,696.54,693.38,693.45,4184016
2026-02-10T10:30:00-08:00,693.42,694.13,691.66,692.1,3719213
2026-02-11T06:30:00-08:00,696.44,697.14,689.19,692.79,6220599
2026-02-11T10:30:00-08:00,692.79,693.96,691.77,691.87,3424832
2026-02-12T06:30:00-08:00,694.24,695.35,682.22,683.17,8927270
2026-02-12T10:30:00-08:00,683.17,685.97,680.37,681.26,5809330
2026-02-13T06:30:00-08:00,681.68,686.28,677.51,685.38,5856050
2026-02-13T10:30:00-08:00,685.39,686.07,679.815,681.65,3657380
2026-02-17T06:30:00-08:00,680.17,683.23,675.77,682.39,6784148
2026-02-17T10:30:00-08:00,682.4,684.93,681.94,682.74,3775992
2026-02-18T06:30:00-08:00,684.01,689.14,682.84,687.79,4446315
2026-02-18T10:30:00-08:00,687.81,688.02,683.92,686.19,4508338
2026-02-19T06:30:00-08:00,683.84,686.18,681.55,682.4,4195240
2026-02-19T10:30:00-08:00,682.36,684.59,681.89,684.51,2614046
2026-02-20T06:30:00-08:00,682.3,689.39,681.74,686.56,6580804
2026-02-20T10:30:00-08:00,686.55,690,685.79,689.4,3709423
2026-02-23T06:30:00-08:00,687.79,690,680.39,683.78,6508137
2026-02-23T10:30:00-08:00,683.82,683.91,680.55,682.4,4180914
2026-02-24T06:30:00-08:00,681.89,688.1,680,687.02,4774804
2026-02-24T10:30:00-08:00,687.05,688.34,686.46,687.37,3343626
2026-02-25T06:30:00-08:00,690.19,692.69,690.1,692.31,3310080
2026-02-25T10:30:00-08:00,692.31,693.68,692.21,693.06,2907947
2026-02-26T06:30:00-08:00,693.29,693.29,684.35,685.67,5475188
2026-02-26T10:30:00-08:00,685.61,689.81,685.43,689.32,3013488
2026-02-27T06:30:00-08:00,683.06,686.28,681.66,683.8,4087603
2026-02-27T10:30:00-08:00,683.79,686.85,682.99,686.17,3578189
2026-03-02T06:30:00-08:00,678.64,687.42,678.02,686.72,5462701
2026-03-02T10:30:00-08:00,686.75,688.62,684.89,686.33,4064446
2026-03-03T06:30:00-08:00,675.04,680.43,669.66,679.82,7748025
2026-03-03T10:30:00-08:00,679.82,682.61,679.2,680.29,3320989
2026-03-04T06:30:00-08:00,681.64,686.64,679.6,686.11,5951652
2026-03-04T10:30:00-08:00,686.13,687.09,685.17,685.17,3468201
2026-03-05T06:30:00-08:00,682.06,685.52,675.9,676.3,7552035
2026-03-05T10:30:00-08:00,676.26,681.73,675.6,681.45,5659163
2026-03-06T06:30:00-08:00,673.41,676.11,669.77,674.64,5635521
2026-03-06T10:30:00-08:00,674.62,675.97,671.13,672.47,4182132
2026-03-09T06:30:00-07:00,666.4,672.25,662.39,668.85,7557597
2026-03-09T10:30:00-07:00,668.84,679.91,668.09,678.31,5095205
2026-03-10T06:30:00-07:00,677.695,683.36,674.77,683.27,4772197
2026-03-10T10:30:00-07:00,683.25,683.26,676.23,677.05,4040170
2026-03-11T06:30:00-07:00,677.59,680.08,673.51,676.46,3752569
2026-03-11T10:30:00-07:00,676.46,676.62,673.34,676.34,2646043
2026-03-12T06:30:00-07:00,671.15,671.65,666.92,668.56,7625387
2026-03-12T10:30:00-07:00,668.56,669.75,665.905,666.03,4861493
2026-03-13T06:30:00-07:00,669.28,672.33,663.1,664.39,6947269
2026-03-13T10:30:00-07:00,664.37,664.81,661.37,662.3,4234551
2026-03-16T06:30:00-07:00,668.41,671.4,667.14,669.2,4817752
2026-03-16T10:30:00-07:00,669.21,672.05,667.98,668.95,3508011
2026-03-17T06:30:00-07:00,672.35,674.42,669.71,671.53,4844091
2026-03-17T10:30:00-07:00,671.52,672.3,670.47,670.75,2856690
2026-03-18T06:30:00-07:00,668.33,669.65,665.43,665.83,4020055
2026-03-18T10:30:00-07:00,665.85,667.44,661.23,661.56,4445382
2026-03-19T06:30:00-07:00,656.97,659.7,655.165,657.1,7079516
2026-03-19T10:30:00-07:00,657.1,662.97,656.16,659.82,4856340
2026-03-20T06:30:00-07:00,656.56,656.68,651.2,652.15,6141430
2026-03-20T10:30:00-07:00,652.18,652.37,644.73,648.47,6879242
2026-03-23T06:30:00-07:00,658,662.61,653.94,655.3,9347679
2026-03-23T10:30:00-07:00,655.29,659.65,655.27,655.4,4933979
2026-03-24T06:30:00-07:00,651.4,657.02,649.89,653.42,7009292
2026-03-24T10:30:00-07:00,653.4,656.59,652.38,653.19,3687777
2026-03-25T06:30:00-07:00,658.69,660.89,654.24,658.03,6347087
2026-03-25T10:30:00-07:00,658.07,659.37,655.58,656.72,3398344
2026-03-26T06:30:00-07:00,652.06,654.85,647.98,648.62,7130569
2026-03-26T10:30:00-07:00,648.61,649.06,644.82,645.1,4588223
2026-03-27T06:30:00-07:00,642.49,642.65,636.59,636.63,6293088
2026-03-27T10:30:00-07:00,636.61,637.24,633.11,634.07,5221485
2026-03-30T06:30:00-07:00,640.11,640.35,633.24,633.39,6219230
2026-03-30T10:30:00-07:00,633.4,634.63,629.28,632.04,4715868
2026-03-31T06:30:00-07:00,639,649.44,637.98,646.99,7532240
2026-03-31T10:30:00-07:00,646.99,651.54,646.15,650.45,5177860
2026-04-01T06:30:00-07:00,653.88,658.52,653,658.3,6059998
2026-04-01T10:30:00-07:00,658.31,658.44,653.66,655.21,5051057
2026-04-02T06:30:00-07:00,646.42,658.2,645.11,654.66,4400353
2026-04-02T10:30:00-07:00,654.63,656.1,652.56,655.89,1645820
2026-04-06T06:30:00-07:00,655.86,659.72,655.52,657.39,2364665
2026-04-06T10:30:00-07:00,657.41,658.92,656.22,658.87,1395539
2026-04-07T06:30:00-07:00,656.64,657.58,651.06,655.82,3243019
2026-04-07T10:30:00-07:00,655.84,659.6,653.42,659.3,2990376
2026-04-08T06:30:00-07:00,676.39,677.08,671.5,675.02,5770827
2026-04-08T10:30:00-07:00,675.01,676.605,672.79,675.93,4738369
2026-04-09T06:30:00-07:00,674.84,681.02,673.77,680.3,4091145
2026-04-09T10:30:00-07:00,680.29,681.16,678.46,679.87,2151649
2026-04-10T06:30:00-07:00,681.32,682.03,678.5,678.66,2535941
2026-04-10T10:30:00-07:00,678.64,679.99,678.45,679.34,1605911
2026-04-13T06:30:00-07:00,677.41,682.85,676.57,682.49,2639020
2026-04-13T10:30:00-07:00,682.48,686.28,681.87,686.03,2510496
2026-04-14T06:30:00-07:00,687.69,694.05,687.69,693.74,4769608
2026-04-14T10:30:00-07:00,693.73,694.58,692.13,694.39,2566470
2026-04-15T06:30:00-07:00,695.26,697.8,694.2,697.42,3653316
2026-04-15T10:30:00-07:00,697.42,700.28,697.19,699.85,2942150
2026-04-16T06:30:00-07:00,701.09,702.77,698.53,700.7,3132026
2026-04-16T10:30:00-07:00,700.71,701.93,699.47,701.6,1878135
2026-04-17T06:30:00-07:00,706.2,712.38,705.76,709.9,4439532
2026-04-17T10:30:00-07:00,709.85,710.7,708.99,710.04,2284501
2026-04-20T06:30:00-07:00,708.79,709.91,706.14,707.96,1929924
2026-04-20T10:30:00-07:00,707.98,708.8,707.49,708.69,1565794
2026-04-21T06:30:00-07:00,710.28,711.27,703.83,704.68,2908604
2026-04-21T10:30:00-07:00,704.68,707.88,702.645,704.08,2848711
2026-04-22T06:30:00-07:00,709.19,710.7,708.23,710.05,1982564
2026-04-22T10:30:00-07:00,710.05,711.45,709.19,711.19,1923779
2026-04-23T06:30:00-07:00,709.5,712.35,705.9,706.06,3081266
2026-04-23T10:30:00-07:00,706.06,709.48,702.29,708.41,3220631
2026-04-24T06:30:00-07:00,710.74,714.13,709.01,713.03,2515609
2026-04-24T10:30:00-07:00,713.01,714.46,712.74,713.95,1853062
2026-04-27T06:30:00-07:00,713.2,714.75,712.3,714.61,2195253
2026-04-27T10:30:00-07:00,714.6,715.66,714.59,715.15,1336714
2026-04-28T06:30:00-07:00,711.78,712.89,709.25,710.11,2174156
2026-04-28T10:30:00-07:00,710.12,712.18,710.12,711.68,1768321
2026-04-29T06:30:00-07:00,711,712.19,708.91,709.9,2163845
2026-04-29T10:30:00-07:00,709.92,711.62,708.38,711.58,1971400
2026-04-30T06:30:00-07:00,714.62,715.86,710.45,715.82,3056994
2026-04-30T10:30:00-07:00,715.82,719.78,715.82,718.39,3190092
2026-05-01T06:30:00-07:00,721.25,724.87,720.73,722.96,2575263
2026-05-01T10:30:00-07:00,722.96,723.22,720.47,720.56,1426849
2026-05-04T06:30:00-07:00,720.07,722.12,715,718.55,3630006
2026-05-04T10:30:00-07:00,718.56,718.99,716.84,718.09,2030393
2026-05-05T06:30:00-07:00,721.78,723.87,721.495,723.85,2084090
2026-05-05T10:30:00-07:00,723.86,725.04,723.28,723.74,1780774
2026-05-06T06:30:00-07:00,728.16,732.49,727.82,731.68,2806252
2026-05-06T10:30:00-07:00,731.67,734.6,731.55,733.77,2794981
2026-05-07T06:30:00-07:00,735.05,736.12,729.76,730.57,3061472
2026-05-07T10:30:00-07:00,730.63,732.19,729.75,731.57,2337454
2026-05-08T06:30:00-07:00,734.98,737.84,734.58,737.7,2296926
2026-05-08T10:30:00-07:00,737.69,738.1,736.1,737.54,2079523
2026-05-11T06:30:00-07:00,736.45,740.43,736.45,739.81,3708966
2026-05-11T10:30:00-07:00,739.79,740.79,738.13,739.2,2848530
2026-05-12T06:30:00-07:00,736.91,737.22,731.83,734.35,3672506
2026-05-12T10:30:00-07:00,734.32,738.84,734.13,738.14,2274997
2026-05-13T06:30:00-07:00,738.46,742.9,735.48,742.63,2803449
2026-05-13T10:30:00-07:00,742.61,743.91,742.1,742.31,2059921
2026-05-14T06:30:00-07:00,743.68,749.52,743.56,746.9,2364495
2026-05-14T10:30:00-07:00,746.94,748.69,746.66,748.07,2015811
2026-05-15T06:30:00-07:00,741.835,742.94,737.96,742.52,2781519
2026-05-15T10:30:00-07:00,742.51,743.45,738.54,739.08,2410044
2026-05-18T06:30:00-07:00,739.83,741.4,734.23,737.36,2867718
2026-05-18T10:30:00-07:00,737.375,738.75,733.39,738.52,2208400
2026-05-19T06:30:00-07:00,734.76,737.63,731.54,736.99,3358892
2026-05-19T10:30:00-07:00,736.98,737.54,732.575,733.77,3128464
2026-05-20T06:30:00-07:00,735.689,741.87,733.89,740.14,3048162
2026-05-20T10:30:00-07:00,740.21,741.61,739.3,741.29,1495668
2026-05-21T06:30:00-07:00,738.68,743.05,737.15,742.15,2686104
2026-05-21T10:30:00-07:00,742.15,744.87,740.08,742.71,1871956
2026-05-22T06:30:00-07:00,746.2,748.77,744.49,748.75,1784654
2026-05-22T10:30:00-07:00,748.74,748.92,744.955,745.6,1857085
2026-05-26T06:30:00-07:00,750.05,752.12,748.37,748.65,2249844
2026-05-26T10:30:00-07:00,748.65,750.87,748.495,750.45,1684565
2026-05-27T06:30:00-07:00,750.909,751.37,748.22,749.15,2825834
2026-05-27T10:30:00-07:00,749.169,751.13,749.169,750.51,1731292
2026-05-28T06:30:00-07:00,750.22,754.869,749.23,754.25,2779193
2026-05-28T10:30:00-07:00,754.28,755.15,754.1,754.64,2030173
2026-05-29T06:30:00-07:00,755.9,758.08,754.705,756.6,2853320
2026-05-29T10:30:00-07:00,756.6,757.63,755.13,756.38,2223356
2026-06-01T06:30:00-07:00,755.32,758.51,754.7,758.34,2862975
2026-06-01T10:30:00-07:00,758.53,760.31,757.73,758.43,2064399
2026-06-02T06:30:00-07:00,757.01,760.4,756.75,759.02,2113877
2026-06-02T10:30:00-07:00,759.02,759.69,758.63,759.46,1683524
2026-06-03T06:30:00-07:00,758.14,758.8,753.57,754.65,2458981
2026-06-03T10:30:00-07:00,754.64,756.04,753.91,754.36,2993809
2026-06-04T06:30:00-07:00,752.1,757.17,751.47,757.12,2378390
2026-06-04T10:30:00-07:00,757.1,758.32,756.92,757.07,2234640
2026-06-05T06:30:00-07:00,752.31,752.81,742.46,744.03,4148486
2026-06-05T10:30:00-07:00,744.02,745.29,735.53,737.4,4469663
2026-06-08T06:30:00-07:00,743.31,745.33,740.08,742.03,3716859
2026-06-08T10:30:00-07:00,742.02,742.45,738.2,739.22,2126938
2026-06-09T06:30:00-07:00,743.64,746.9,722.6,730.76,7015655
2026-06-09T10:30:00-07:00,730.74,737.67,730.21,737.07,3228665
2026-06-10T06:30:00-07:00,733.39,738.38,728.49,729.55,3336249
2026-06-10T10:30:00-07:00,729.59,731.75,725.33,725.41,2713947
2026-06-11T06:30:00-07:00,728.76,732.68,724.4,732.52,4764884
2026-06-11T10:30:00-07:00,729.92,740,729.92,737.76,5867827
2026-06-12T06:30:00-07:00,740.75,744.44,735.03,742.16,3926923
2026-06-12T10:30:00-07:00,742.19,742.34,740.07,741.75,2077017
2026-06-15T06:30:00-07:00,751.84,756.68,751.76,756.12,3018781
2026-06-15T10:30:00-07:00,756.12,756.3,753.4,754.67,2419387
2026-06-16T06:30:00-07:00,754.58,755.43,751.71,752.19,2700398
2026-06-16T10:30:00-07:00,752.18,752.675,749.88,750.39,3082130
2026-06-17T06:30:00-07:00,751.24,752.14,747.87,749.65,2494773
2026-06-17T10:30:00-07:00,749.65,750.87,739.22,740.95,7131571
2026-06-18T06:30:00-07:00,747.85,748.2,743.86,747.56,2665226
2026-06-18T10:30:00-07:00,747.56,748.23,745.2,746.59,2279671
2026-06-22T06:30:00-07:00,747.69,750.18,743.16,744.7,3057019
2026-06-22T10:30:00-07:00,744.73,745.74,743.13,743.99,2251969
2026-06-23T06:30:00-07:00,733.76,739.63,732.305,737.53,3697353
2026-06-23T10:30:00-07:00,737.55,738.02,733.33,733.69,3654058
2026-06-24T06:30:00-07:00,735.14,739.94,732.06,732.16,2964824
2026-06-24T10:30:00-07:00,732.16,734.66,730.84,733.16,2917627
2026-06-25T06:30:00-07:00,738.97,739.36,729.63,733.26,3648510
2026-06-25T10:30:00-07:00,733.27,736.05,731.33,733.34,2094495
2026-06-26T06:30:00-07:00,728.945,736.52,726.86,734.74,3191463
2026-06-26T10:30:00-07:00,734.725,735.38,716.58,731.23,3006812
2026-06-29T06:30:00-07:00,736.525,740.37,732.09,740.135,3196112
2026-06-29T10:30:00-07:00,740.14,741.56,739.98,740.89,2467198
2026-06-30T06:30:00-07:00,741.26,747.14,740.9,746.49,2343953
2026-06-30T10:30:00-07:00,746.52,748.01,746.15,746.52,2817727
2026-07-01T06:30:00-07:00,744.93,749.42,742.38,747.94,2766260
2026-07-01T10:30:00-07:00,747.94,748.18,745.15,745.79,1865668
2026-07-02T06:30:00-07:00,747.37,751.24,740.37,741.53,2947504
2026-07-02T10:30:00-07:00,741.51,745.58,740.03,745.2,2469632
2026-07-06T06:30:00-07:00,748.74,751.53,747.41,750.69,3015069
2026-07-06T10:30:00-07:00,750.7,752.4,749.64,751.3,2796299
2026-07-07T06:30:00-07:00,750.23,750.95,745.21,748.84,3248226
2026-07-07T10:30:00-07:00,748.85,749.3,746,747.7,2358337
2026-07-08T06:30:00-07:00,743.16,745.77,739.51,745.72,3450905
2026-07-08T10:30:00-07:00,745.72,746.15,743.95,745.35,1765102
2026-07-09T06:30:00-07:00,747.33,751.79,745.59,751.75,2244709
2026-07-09T10:30:00-07:00,751.76,751.97,750.66,751.67,2022325
2026-07-10T06:30:00-07:00,752.04,754.14,748.08,754.01,2549647
2026-07-10T10:30:00-07:00,754.02,755.42,753.88,754.88,2136671
2026-07-13T06:30:00-07:00,752.51,753.91,748.94,749.8,2495170
2026-07-13T10:30:00-07:00,749.81,750.25,748,749.09,2369450
2026-07-14T06:30:00-07:00,750.86,753.34,748.69,752.3,2353974
2026-07-14T10:30:00-07:00,752.32,752.76,751.66,751.86,1575482
2026-07-15T06:30:00-07:00,754.26,755.58,750.21,752.82,2833730
2026-07-15T10:30:00-07:00,752.811,754.91,752.811,754.73,2199125
2026-07-16T06:30:00-07:00,752.79,754.57,750.67,752.72,2187513
2026-07-16T10:30:00-07:00,752.68,752.81,747.88,750.76,2648428
2026-07-17T06:30:00-07:00,742.08,747.27,740.81,746.85,3397935
2026-07-17T10:30:00-07:00,746.87,746.99,742.14,743.21,2150723
2026-07-20T06:30:00-07:00,747.06,748.73,743.57,744.12,2703484
2026-07-20T10:30:00-07:00,744.14,745.38,741.52,742.13,2460410
2026-07-21T06:30:00-07:00,746.3,749.04,744.18,748.36,1908264
2026-07-21T10:30:00-07:00,748.36,748.92,747.95,748.33,1423507
2026-07-22T06:30:00-07:00,746.66,750.02,746.39,749.05,1867213
2026-07-22T10:30:00-07:00,749.05,749.41,747.31,747.31,1625024