time,open,high,low,close,HTF2 SHA (Open),HTF2 SHA (High,HTF2 SHA (Low),HTF2 SHA (Close),HTF1 SHA (Open),HTF1 SHA (High,HTF1 SHA (Low),HTF1 SHA (Close),Base SHA (Open),Base SHA (High,Base SHA (Low),Base SHA (Close),Entry Long,Entry Short,Exit,Active Stop,Base Dir,HTF1 Dir,HTF2 Dir,Alignment,Position,Volume
2018-02-08,7698.801004570691,7844,7572.09,7699.7775,13294.218601798888,13294.218601798888,11731.58702188604,11731.58702188604,9587.093743573148,9587.093743573148,8945.801460229055,8945.801460229055,9587.093743573148,9587.093743573148,8945.801460229055,8945.801460229055,,,,10630.461085048439,-1,-1,-1,-1,-1,1521.537318
2018-02-09,7699.289252285345,8738,7699.289252285345,8250.43,13294.218601798888,13294.218601798888,11731.58702188604,11731.58702188604,9266.447601901102,9266.447601901102,8731.608729492158,8731.608729492158,9266.447601901102,9266.447601901102,8731.608729492158,8731.608729492158,,,,10630.461085048439,-1,-1,-1,-1,-1,20482.910825
2018-02-10,7974.859626142673,9065.78,7974.859626142673,8600.92,13294.218601798888,13294.218601798888,11731.58702188604,11731.58702188604,8999.028165696629,8999.028165696629,8602.540662577532,8602.540662577532,8999.028165696629,8999.028165696629,8602.540662577532,8602.540662577532,,,,10630.461085048439,-1,-1,-1,-1,-1,49379.853135
2018-02-11,8287.889813071337,8549,7726.53,8218.349999999999,12512.902811843085,12512.902811843085,10421.472194646574,10421.472194646574,8800.78441413708,8800.78441413708,8506.122390523178,8506.122390523178,8800.78441413708,8800.78441413708,8506.122390523178,8506.122390523178,,,,10630.461085048439,-1,-1,-1,-1,-1,45025.187952
2018-02-12,8253.119906535667,8989,8053,8502.205,12512.902811843085,12512.902811843085,10421.472194646574,10421.472194646574,8653.45340233013,8653.45340233013,8456.07909344099,8456.07909344099,8653.45340233013,8653.45340233013,8456.07909344099,8456.07909344099,,,,10630.461085048439,-1,-1,-1,-1,-1,41987.85049
2018-02-13,8377.662453267832,8950,8351,8685.975,12512.902811843085,12512.902811843085,10421.472194646574,10421.472194646574,8554.76624788556,8554.76624788556,8444.732689902721,8444.732689902721,8554.76624788556,8554.76624788556,8444.732689902721,8444.732689902721,,,,10630.461085048439,-1,-1,-1,-1,-1,35454.972956
2018-02-14,8531.818726633916,9489.6,8531.818726633916,9001.94,12512.902811843085,12512.902811843085,10421.472194646574,10421.472194646574,8499.74946889414,8499.74946889414,8478.909850332795,8478.909850332795,8499.74946889414,8499.74946889414,8478.909850332795,8478.909850332795,,,,10630.461085048439,-1,-1,-1,-1,-1,40811.952867
2018-02-15,8766.879363316959,10219.5,8766.879363316959,9742.7675,12512.902811843085,12512.902811843085,10421.472194646574,10421.472194646574,8489.329659613468,8574.423343540224,8489.329659613468,8574.423343540224,8489.329659613468,8574.423343540224,8489.329659613468,8574.423343540224,,,9742.7675,,1,1,-1,0,0,52427.596715
2018-02-16,9254.823431658479,10323.37,9254.823431658479,10037.560000000001,12512.902811843085,12512.902811843085,10421.472194646574,10421.472194646574,8531.876501576846,8720.61594012938,8531.876501576846,8720.61594012938,8531.876501576846,8720.61594012938,8531.876501576846,8720.61594012938,,,,,1,1,-1,0,0,38161.205974
2018-02-17,9646.19171582924,11075.07,9646.19171582924,10580.1725,12512.902811843085,12512.902811843085,10421.472194646574,10421.472194646574,8626.246220853112,8923.620533451898,8626.246220853112,8923.620533451898,8626.246220853112,8923.620533451898,8626.246220853112,8923.620533451898,,,,,1,1,-1,0,0,41882.108407
2018-02-18,10113.182107914621,11274,10080,10694.244999999999,11467.187503245037,11467.187503245037,9896.066901754564,9896.066901754564,8774.933377152505,9162.065898649229,8774.933377152505,9162.065898649229,8774.933377152505,9162.065898649229,8774.933377152505,9162.065898649229,,,,,1,1,-1,0,0,61137.380728
2018-02-19,10403.71355395731,11250,10270.33,10762.085000000001,11467.187503245037,11467.187503245037,9896.066901754564,9896.066901754564,8968.499637900866,9407.515179282658,8968.499637900866,9407.515179282658,8968.499637900866,9407.515179282658,8968.499637900866,9407.515179282658,,,,,1,1,-1,0,0,40831.417131
2018-02-20,10582.899276978656,11786.01,10582.899276978656,11308.675000000001,11467.187503245037,11467.187503245037,9896.066901754564,9896.066901754564,9188.007408591762,9669.400906618852,9188.007408591762,9669.400906618852,9188.007408591762,9669.400906618852,9188.007408591762,9669.400906618852,,,,,1,1,-1,0,0,48153.354288
2018-02-21,10945.78713848933,11304.03,10200,10784.175,11467.187503245037,11467.187503245037,9896.066901754564,9896.066901754564,9428.704157605307,9892.867324087163,9428.704157605307,9892.867324087163,9428.704157605307,9892.867324087163,9428.704157605307,9892.867324087163,,,,,1,1,-1,0,0,68113.818754
2018-02-22,10864.981069244664,10933.44,9679,10215.625,11467.187503245037,11467.187503245037,9896.066901754564,9896.066901754564,9660.785740846235,10044.297802747842,9660.785740846235,10044.297802747842,9660.785740846235,10044.297802747842,9660.785740846235,10044.297802747842,,,,,1,1,-1,0,0,67060.166483
2018-02-23,10540.303034622331,10540.303034622331,9570.19,9987.945,11467.187503245037,11467.187503245037,9896.066901754564,9896.066901754564,9852.541771797038,10125.2220229729,9852.541771797038,10125.2220229729,9852.541771797038,10125.2220229729,9852.541771797038,10125.2220229729,,,,,1,1,-1,0,0,57202.70237
2018-02-24,10264.124017311166,10496.97,9352,9918.630000000001,11467.187503245037,11467.187503245037,9896.066901754564,9896.066901754564,9988.881897384968,10152.560790753916,9988.881897384968,10152.560790753916,9988.881897384968,10152.560790753916,9988.881897384968,10152.560790753916,,,,,1,1,-1,0,0,40888.156299
2018-02-25,10091.377008655583,10091.377008655583,9274.8,9601.5775,10681.62720249987,10681.62720249987,9971.374688975517,9971.374688975517,10070.721344069441,10130.849734702735,10070.721344069441,10130.849734702735,10070.721344069441,10130.849734702735,10070.721344069441,10130.849734702735,,,,,1,1,-1,0,0,28373.517586
2018-02-26,9846.47725432779,10444.32,9350,9927.08,10681.62720249987,10681.62720249987,9971.374688975517,9971.374688975517,10100.785539386088,10100.785539386088,10099.48409333478,10099.48409333478,10100.785539386088,10100.785539386088,10099.48409333478,10099.48409333478,,,,,-1,-1,-1,-1,0,34878.292756
2018-02-27,9886.778627163894,10870,9886.778627163894,10470.26,10681.62720249987,10681.62720249987,9971.374688975517,9971.374688975517,10100.134816360434,10100.755258051706,10100.134816360434,10100.755258051706,10100.134816360434,10100.755258051706,10100.134816360434,10100.755258051706,,10870,,11788.01,1,1,-1,0,-1,30705.385123
2018-02-28,10178.519313581946,11098,10178.519313581946,10577.272500000001,10681.62720249987,10681.62720249987,9971.374688975517,9971.374688975517,10100.44503720607,10137.554914807539,10100.44503720607,10137.554914807539,10100.44503720607,10137.554914807539,10100.44503720607,10137.554914807539,,,10577.272500000001,,1,1,-1,0,0,30800.983782
2018-03-01,10377.895906790975,11060.41,10240,10636.5125,10681.62720249987,10681.62720249987,9971.374688975517,9971.374688975517,10118.999976006804,10193.941393461613,10118.999976006804,10193.941393461613,10118.999976006804,10193.941393461613,10118.999976006804,10193.941393461613,,,,,1,1,-1,0,0,25092.55393
2018-03-02,10507.204203395488,11200,10507.204203395488,10983.09,10681.62720249987,10681.62720249987,9971.374688975517,9971.374688975517,10156.470684734208,10274.071368676727,10156.470684734208,10274.071368676727,10156.470684734208,10274.071368676727,10156.470684734208,10274.071368676727,,,,,1,1,-1,0,0,23910.71009
2018-03-03,10745.147101697745,11544,10745.147101697745,11265.619999999999,10681.62720249987,10681.62720249987,9971.374688975517,9971.374688975517,10215.271026705466,10382.657106636858,10215.271026705466,10382.657106636858,10215.271026705466,10382.657106636858,10215.271026705466,10382.657106636858,,,,,1,1,-1,0,0,21287.15328
2018-03-04,11005.383550848872,11565,11005.383550848872,11398.622500000001,10326.500945737716,10326.500945737716,10135.055302727551,10135.055302727551,10298.964066671162,10509.858477132704,10298.964066671162,10509.858477132704,10298.964066671162,10509.858477132704,10298.964066671162,10509.858477132704,,,,,1,1,-1,0,0,17122.482572
2018-03-05,11202.003025424438,11710,11202.003025424438,11523.5025,10326.500945737716,10326.500945737716,10135.055302727551,10135.055302727551,10404.411271901934,10649.176330971168,10404.411271901934,10649.176330971168,10404.411271901934,10649.176330971168,10404.411271901934,10649.176330971168,,,,,1,1,-1,0,0,15144.231063
2018-03-06,11362.752762712218,11455,10555.48,11045.489999999998,10326.500945737716,10326.500945737716,10135.055302727551,10135.055302727551,10526.793801436552,10754.680605847507,10526.793801436552,10754.680605847507,10526.793801436552,10754.680605847507,10526.793801436552,10754.680605847507,,,,,1,1,-1,0,0,29515.572363
2018-03-07,11204.121381356108,11204.121381356108,9389.31,10228.6975,10326.500945737716,10326.500945737716,10135.055302727551,10135.055302727551,10640.73720364203,10781.86099721918,10640.73720364203,10781.86099721918,10640.73720364203,10781.86099721918,10640.73720364203,10781.86099721918,,,,,1,1,-1,0,0,50647.67108
2018-03-08,10716.409440678053,10716.409440678053,9060,9585.16,10326.500945737716,10326.500945737716,10135.055302727551,10135.055302727551,10711.299100430606,10726.77928858106,10711.299100430606,10726.77928858106,10711.299100430606,10726.77928858106,10711.299100430606,10726.77928858106,,,,,1,1,-1,0,0,41109.473226
2018-03-09,10150.784720339027,10150.784720339027,8329,9058.2675,10326.500945737716,10326.500945737716,10135.055302727551,10135.055302727551,10719.039194505833,10719.039194505833,10585.112708691133,10585.112708691133,10719.039194505833,10719.039194505833,10585.112708691133,10585.112708691133,,,,,-1,-1,-1,-1,0,64112.291407
2018-03-10,9604.526110169514,9604.526110169514,8667.07,9039.3225,10326.500945737716,10326.500945737716,10135.055302727551,10135.055302727551,10652.075951598483,10652.075951598483,10398.445946644155,10398.445946644155,10652.075951598483,10652.075951598483,10398.445946644155,10398.445946644155,,9604.526110169514,,11712,-1,-1,-1,-1,-1,37180.012857
2018-03-11,9321.924305084758,9740,8450,9123.4475,10230.77812423264,10230.77812423264,10148.223097068278,10148.223097068278,10525.260949121319,10525.260949121319,10201.14785810019,10201.14785810019,10525.260949121319,10525.260949121319,10201.14785810019,10201.14785810019,,,,11712,-1,-1,-1,-1,-1,44325.973386
2018-03-12,9222.68590254238,9888.88,8780,9333.447499999998,10230.77812423264,10230.77812423264,10148.223097068278,10148.223097068278,10363.204403610755,10363.204403610755,10029.529238338377,10029.529238338377,10363.204403610755,10363.204403610755,10029.529238338377,10029.529238338377,,,,11712,-1,-1,-1,-1,-1,42230.347513
2018-03-13,9278.06670127119,9474,8823,9144.585,10230.77812423264,10230.77812423264,10148.223097068278,10148.223097068278,10196.366820974567,10196.366820974567,9873.919099069923,9873.919099069923,10196.366820974567,10196.366820974567,9873.919099069923,9873.919099069923,,,,11712,-1,-1,-1,-1,-1,40191.409358
2018-03-14,9211.325850635594,9333.78,7900.28,8638.994999999999,10230.77812423264,10230.77812423264,10148.223097068278,10148.223097068278,10035.142960022245,10035.142960022245,9703.272244174776,9703.272244174776,10035.142960022245,10035.142960022245,9703.272244174776,9703.272244174776,,,,11712,-1,-1,-1,-1,-1,49708.094108
2018-03-15,8925.160425317797,8925.160425317797,7650,8126.2475,10230.77812423264,10230.77812423264,10148.223097068278,10148.223097068278,9869.207602098511,9869.207602098511,9508.381031311184,9508.381031311184,9869.207602098511,9869.207602098511,9508.381031311184,9508.381031311184,,,,11712,-1,-1,-1,-1,-1,52291.022277
2018-03-16,8525.7039626589,8611.64,7900,8253.154999999999,10230.77812423264,10230.77812423264,10148.223097068278,10148.223097068278,9688.794316704849,9688.794316704849,9312.031239472935,9312.031239472935,9688.794316704849,9688.794316704849,9312.031239472935,9312.031239472935,,,,11712,-1,-1,-1,-1,-1,38815.409893
2018-03-17,8389.42948132945,8389.42948132945,7721.99,8038.8525,10230.77812423264,10230.77812423264,10148.223097068278,10148.223097068278,9500.412778088892,9500.412778088892,9115.769703387688,9115.769703387688,9500.412778088892,9500.412778088892,9115.769703387688,9115.769703387688,,,,11712,-1,-1,-1,-1,-1,33110.206329
2018-03-18,8214.140990664724,8317.4,7322,7913.35,10189.500610650462,10189.500610650462,9696.216002878537,9696.216002878537,9308.09124073829,9308.09124073829,8919.82125715044,8919.82125715044,9308.09124073829,9308.09124073829,8919.82125715044,8919.82125715044,,,,11712,-1,-1,-1,-1,-1,59488.231711
2018-03-19,8063.745495332362,8705.23,8063.745495332362,8395.6575,10189.500610650462,10189.500610650462,9696.216002878537,9696.216002878537,9113.956248944363,9113.956248944363,8773.914059174456,8773.914059174456,9113.956248944363,9113.956248944363,8773.914059174456,8773.914059174456,,,,11712,-1,-1,-1,-1,-1,55297.084942
2018-03-20,8229.701497666181,9050,8229.701497666181,8708.747500000001,10189.500610650462,10189.500610650462,9696.216002878537,9696.216002878537,8943.935154059409,8943.935154059409,8686.323905866431,8686.323905866431,8943.935154059409,8943.935154059409,8686.323905866431,8686.323905866431,,,,11712,-1,-1,-1,-1,-1,44863.376166
2018-03-21,8469.224498833091,9177.01,8469.224498833091,8930.6425,10189.500610650462,10189.500610650462,9696.216002878537,9696.216002878537,8815.12952996292,8815.12952996292,8652.133075971586,8652.133075971586,8815.12952996292,8815.12952996292,8652.133075971586,8652.133075971586,,,,11712,-1,-1,-1,-1,-1,39972.405371
2018-03-22,8699.933499416546,9100,8465.1,8793.205,10189.500610650462,10189.500610650462,9696.216002878537,9696.216002878537,8733.631302967253,8733.631302967253,8646.170826365773,8646.170826365773,8733.631302967253,8733.631302967253,8646.170826365773,8646.170826365773,,,,11712,-1,-1,-1,-1,-1,40617.556809
2018-03-23,8746.569249708273,8909,8269,8699.0075,10189.500610650462,10189.500610650462,9696.216002878537,9696.216002878537,8689.901064666512,8689.901064666512,8644.252741977398,8644.252741977398,8689.901064666512,8689.901064666512,8644.252741977398,8644.252741977398,,,,11712,-1,-1,-1,-1,-1,39990.868008
2018-03-24,8722.788374854135,8999.95,8491,8733.962500000001,10189.500610650462,10189.500610650462,9696.216002878537,9696.216002878537,8667.076903321955,8667.076903321955,8651.595189417147,8651.595189417147,8667.076903321955,8667.076903321955,8651.595189417147,8651.595189417147,,,,11712,-1,-1,-1,-1,-1,35466.609572
2018-03-25,8728.375437427068,8728.375437427068,8365.77,8509.255,9942.8583067645,9942.8583067645,9284.472032590587,9284.472032590587,8659.33604636955,8659.33604636955,8648.91933415982,8648.91933415982,8659.33604636955,8659.33604636955,8648.91933415982,8648.91933415982,,,,11712,-1,-1,-1,-1,-1,29001.769316
2018-03-26,8618.815218713535,8618.815218713535,7831,8237.564999999999,9942.8583067645,9942.8583067645,9284.472032590587,9284.472032590587,8654.127690264684,8654.127690264684,8619.015448390574,8619.015448390574,8654.127690264684,8654.127690264684,8619.015448390574,8619.015448390574,,,,11712,-1,-1,-1,-1,-1,44031.973832
2018-03-27,8428.190109356767,8428.190109356767,7730,7968.9175,9942.8583067645,9942.8583067645,9284.472032590587,9284.472032590587,8636.571569327629,8636.571569327629,8562.376655590508,8562.376655590508,8636.571569327629,8636.571569327629,8562.376655590508,8562.376655590508,,,,11712,-1,-1,-1,-1,-1,37427.64805
2018-03-28,8198.553804678384,8198.553804678384,7728,7895.4525,9942.8583067645,9942.8583067645,9284.472032590587,9284.472032590587,8599.47411245907,8599.47411245907,8486.413074217027,8486.413074217027,8599.47411245907,8599.47411245907,8486.413074217027,8486.413074217027,,,,11712,-1,-1,-1,-1,-1,26401.33167
2018-03-29,8047.003152339192,8047.003152339192,6941.11,7488.8875,9942.8583067645,9942.8583067645,9284.472032590587,9284.472032590587,8542.943593338048,8542.943593338048,8374.92676974963,8374.92676974963,8542.943593338048,8542.943593338048,8374.92676974963,8374.92676974963,,,,11712,-1,-1,-1,-1,-1,54620.915125
2018-03-30,7767.945326169596,7767.945326169596,6600.1,6955.7300000000005,9942.8583067645,9942.8583067645,9284.472032590587,9284.472032590587,8458.93518154384,8458.93518154384,8224.944573739083,8224.944573739083,8458.93518154384,8458.93518154384,8224.944573739083,8224.944573739083,,,,11712,-1,-1,-1,-1,-1,65306.031976
2018-03-31,7361.837663084798,7361.837663084798,6777,6941.1275,9942.8583067645,9942.8583067645,9284.472032590587,9284.472032590587,8341.939877641462,8341.939877641462,8055.8867607389,8055.8867607389,8341.939877641462,8341.939877641462,8055.8867607389,8055.8867607389,,,,11712,-1,-1,-1,-1,-1,36868.539087
2018-04-01,7151.482581542399,7151.482581542399,6430,6803.7474999999995,9613.665169677544,9613.665169677544,8662.17598658013,8662.17598658013,8198.913319190182,8198.913319190182,7872.841239563908,7872.841239563908,8198.913319190182,8198.913319190182,7872.841239563908,7872.841239563908,,,,11712,-1,-1,-1,-1,-1,44071.430463
2018-04-02,6977.615040771199,7125,6765,6939.7525000000005,9613.665169677544,9613.665169677544,8662.17598658013,8662.17598658013,8035.877279377045,8035.877279377045,7705.55338707148,7705.55338707148,8035.877279377045,8035.877279377045,7705.55338707148,7705.55338707148,,,,11712,-1,-1,-1,-1,-1,32123.560072
2018-04-03,6958.6837703856,7520,6958.6837703856,7250.047500000001,9613.665169677544,9613.665169677544,8662.17598658013,8662.17598658013,7870.715333224262,7870.715333224262,7580.045755741353,7580.045755741353,7870.715333224262,7870.715333224262,7580.045755741353,7580.045755741353,,,,11712,-1,-1,-1,-1,-1,37787.331811
2018-04-04,7104.3656351928,7427.52,6707,7083.9575,9613.665169677544,9613.665169677544,8662.17598658013,8662.17598658013,7725.380544482808,7725.380544482808,7477.090196947903,7477.090196947903,7725.380544482808,7725.380544482808,7477.090196947903,7477.090196947903,,,,11712,-1,-1,-1,-1,-1,42227.183804
2018-04-05,7094.1615675964,7094.1615675964,6566.69,6758.887500000001,9613.665169677544,9613.665169677544,8662.17598658013,8662.17598658013,7601.235370715355,7601.235370715355,7375.834043897652,7375.834043897652,7601.235370715355,7601.235370715355,7375.834043897652,7375.834043897652,,,,11712,-1,-1,-1,-1,-1,39029.73146
2018-04-06,6926.5245337982005,6926.5245337982005,6500,6680.3475,9613.665169677544,9613.665169677544,8662.17598658013,8662.17598658013,7488.534707306503,7488.534707306503,7273.693625629886,7273.693625629886,7488.534707306503,7488.534707306503,7273.693625629886,7273.693625629886,,,,11712,-1,-1,-1,-1,-1,27455.01192
2018-04-07,6803.436016899101,7070,6586.28,6788.367499999999,9613.665169677544,9613.665169677544,8662.17598658013,8662.17598658013,7381.1141664681945,7381.1141664681945,7184.990519646696,7184.990519646696,7381.1141664681945,7381.1141664681945,7184.990519646696,7184.990519646696,,,,11712,-1,-1,-1,-1,-1,32269.578267
2018-04-08,6795.9017584495505,7109.13,6795.9017584495505,6975.735000000001,9137.920578128838,9137.920578128838,8076.591692240921,8076.591692240921,7283.052343057446,7283.052343057446,7119.9669910392595,7119.9669910392595,7283.052343057446,7283.052343057446,7119.9669910392595,7119.9669910392595,,,,11712,-1,-1,-1,-1,-1,21427.673165
2018-04-09,6885.8183792247755,7185,6611,6897.4400000000005,9137.920578128838,9137.920578128838,8076.591692240921,8076.591692240921,7201.509667048353,7201.509667048353,7069.609131357294,7069.609131357294,7201.509667048353,7201.509667048353,7069.609131357294,7069.609131357294,,,,11712,-1,-1,-1,-1,-1,34078.297206
2018-04-10,6891.629189612388,6891.629189612388,6656,6792.862499999999,9137.920578128838,9137.920578128838,8076.591692240921,8076.591692240921,7135.559399202823,7135.559399202823,7022.8573380345015,7022.8573380345015,7135.559399202823,7135.559399202823,7022.8573380345015,7022.8573380345015,,,,11712,-1,-1,-1,-1,-1,22326.728095
2018-04-11,6842.245844806193,6990,6787,6892.587500000001,9137.920578128838,9137.920578128838,8076.591692240921,8076.591692240921,7079.2083686186625,7079.2083686186625,6988.159923209824,6988.159923209824,7079.2083686186625,7079.2083686186625,6988.159923209824,6988.159923209824,,,,11712,-1,-1,-1,-1,-1,23997.871177
2018-04-12,6867.4166724030965,8012.23,6743.2,7408.0525,9137.920578128838,9137.920578128838,8076.591692240921,8076.591692240921,7033.684145914243,7033.684145914243,6995.9291180597265,6995.9291180597265,7033.684145914243,7033.684145914243,6995.9291180597265,6995.9291180597265,,,,11712,-1,-1,-1,-1,-1,64861.595987
2018-04-13,7137.734586201548,8233.39,7137.734586201548,7941.447499999999,9137.920578128838,9137.920578128838,8076.591692240921,8076.591692240921,7014.806631986985,7054.367857882218,7014.806631986985,7054.367857882218,7014.806631986985,7054.367857882218,7014.806631986985,7054.367857882218,,,7941.447499999999,,1,1,-1,0,0,55044.523148
2018-04-14,7539.591043100774,8186,7539.591043100774,7968.1224999999995,9137.920578128838,9137.920578128838,8076.591692240921,8076.591692240921,7034.587244934602,7148.6577843476625,7034.587244934602,7148.6577843476625,7034.587244934602,7148.6577843476625,7034.587244934602,7148.6577843476625,,,,,1,1,-1,0,0,31621.286357
2018-04-15,7753.856771550387,8429.54,7753.856771550387,8196.89,8607.25613518488,8607.25613518488,7783.936958631657,7783.936958631657,7091.622514641132,7271.3155812695395,7091.622514641132,7271.3155812695395,7091.622514641132,7271.3155812695395,7091.622514641132,7271.3155812695395,,,,,1,1,-1,0,0,27945.872618
2018-04-16,7975.373385775193,8419,7867,8176.4974999999995,8607.25613518488,8607.25613518488,7783.936958631657,7783.936958631657,7181.469047955336,7403.058298959683,7181.469047955336,7403.058298959683,7181.469047955336,7403.058298959683,7181.469047955336,7403.058298959683,,,,,1,1,-1,0,0,36664.069715
2018-04-17,8075.935442887596,8173.7,7825.4,7987.259999999999,8607.25613518488,8607.25613518488,7783.936958631657,7783.936958631657,7292.263673457509,7518.984061593947,7292.263673457509,7518.984061593947,7292.263673457509,7518.984061593947,7292.263673457509,7518.984061593947,,,,,1,1,-1,0,0,32152.603567
2018-04-18,8031.597721443797,8236.43,7868,8042.0975,8607.25613518488,8607.25613518488,7783.936958631657,7783.936958631657,7405.623867525727,7619.7980613803375,7405.623867525727,7619.7980613803375,7405.623867525727,7619.7980613803375,7405.623867525727,7619.7980613803375,,,,,1,1,-1,0,0,26969.04457
2018-04-19,8036.8476107218985,8296,8036.8476107218985,8206.9975,8607.25613518488,8607.25613518488,7783.936958631657,7783.936958631657,7512.710964453032,7713.455716301151,7512.710964453032,7713.455716301151,7512.710964453032,7713.455716301151,7512.710964453032,7713.455716301151,,,,,1,1,-1,0,0,27113.847464
2018-04-20,8121.9225553609485,8930,8121.9225553609485,8559.4775,8607.25613518488,8607.25613518488,7783.936958631657,7783.936958631657,7613.083340377091,7821.151505164582,7613.083340377091,7821.151505164582,7613.083340377091,7821.151505164582,7613.083340377091,7821.151505164582,,,,,1,1,-1,0,0,39795.337485
2018-04-21,8340.700027680476,9035,8340.700027680476,8841.8575,8607.25613518488,8607.25613518488,7783.936958631657,7783.936958631657,7717.117422770836,7944.157351849797,7717.117422770836,7944.157351849797,7717.117422770836,7944.157351849797,7717.117422770836,7944.157351849797,,,,,1,1,-1,0,0,40872.229909
2018-04-22,8591.278763840237,9020.67,8591.278763840237,8862.67,8195.59654690827,8195.59654690827,7931.130113374283,7931.130113374283,7830.637387310317,8074.654927420259,7830.637387310317,8074.654927420259,7830.637387310317,8074.654927420259,7830.637387310317,8074.654927420259,,,,,1,1,-1,0,0,29458.25348
2018-04-23,8726.974381920118,8985,8726.974381920118,8862.4275,8195.59654690827,8195.59654690827,7931.130113374283,7931.130113374283,7952.646157365288,8202.281719445567,7952.646157365288,8202.281719445567,7952.646157365288,8202.281719445567,7952.646157365288,8202.281719445567,,,,,1,1,-1,0,0,25838.114709
2018-04-24,8794.700940960058,9731.01,8794.700940960058,9301.75,8195.59654690827,8195.59654690827,7931.130113374283,7931.130113374283,8077.463938405428,8346.575000260442,8077.463938405428,8346.575000260442,8077.463938405428,8346.575000260442,8077.463938405428,8346.575000260442,,,,,1,1,-1,0,0,46268.790106
2018-04-25,9048.225470480029,9759.82,8730,9244.6925,8195.59654690827,8195.59654690827,7931.130113374283,7931.130113374283,8212.019469332936,8489.388263961568,8212.019469332936,8489.388263961568,8212.019469332936,8489.388263961568,8212.019469332936,8489.388263961568,,,,,1,1,-1,0,0,81110.037589
2018-04-26,9146.458985240013,9307.48,8651.62,9023.772500000001,8195.59654690827,8195.59654690827,7931.130113374283,7931.130113374283,8350.70386664725,8604.296196564175,8350.70386664725,8604.296196564175,8350.70386664725,8604.296196564175,8350.70386664725,8604.296196564175,,,,,1,1,-1,0,0,43300.304245
2018-04-27,9085.115742620008,9395,8889,9116.595,8195.59654690827,8195.59654690827,7931.130113374283,7931.130113374283,8477.500031605712,8703.887141920133,8477.500031605712,8703.887141920133,8477.500031605712,8703.887141920133,8477.500031605712,8703.887141920133,,,,,1,1,-1,0,0,37241.347036
2018-04-28,9100.855371310005,9427.48,8870,9140.2075,8195.59654690827,8195.59654690827,7931.130113374283,7931.130113374283,8590.693586762922,8788.651678722457,8590.693586762922,8788.651678722457,8590.693586762922,8788.651678722457,8590.693586762922,8788.651678722457,,,,,1,1,-1,0,0,34759.62842
2018-04-29,9120.531435655002,9570.51,9120.531435655002,9375.3125,8063.3633301412765,8314.008939113755,8063.3633301412765,8314.008939113755,8689.672632742688,8873.37021048399,8689.672632742688,8873.37021048399,8689.672632742688,8873.37021048399,8689.672632742688,8873.37021048399,,,,,1,1,1,1,0,38149.850035
2018-04-30,9247.9219678275,9458.64,9124.99,9311.67,8063.3633301412765,8314.008939113755,8063.3633301412765,8314.008939113755,8781.521421613337,8949.56643921474,8781.521421613337,8949.56643921474,8781.521421613337,8949.56643921474,8781.521421613337,8949.56643921474,9124.99,,,8338.700027680476,1,1,1,1,1,35002.033875
2018-05-01,9279.795983913751,9279.795983913751,8800.49,9091.7425,8063.3633301412765,8314.008939113755,8063.3633301412765,8314.008939113755,8865.543930414038,8999.648206199501,8865.543930414038,8999.648206199501,8865.543930414038,8999.648206199501,8865.543930414038,8999.648206199501,,,,8338.700027680476,1,1,1,1,1,41018.463633
2018-05-02,9185.769241956876,9268,8970.2,9139.380000000001,8063.3633301412765,8314.008939113755,8063.3633301412765,8314.008939113755,8932.59606830677,9035.569840062588,8932.59606830677,9035.569840062588,8932.59606830677,9035.569840062588,8932.59606830677,9035.569840062588,,,,8338.700027680476,1,1,1,1,1,26123.543961
2018-05-03,9162.574620978437,9844,9162.574620978437,9502.5525,8063.3633301412765,8314.008939113755,8063.3633301412765,8314.008939113755,8984.082954184678,9086.320433236617,8984.082954184678,9086.320433236617,8984.082954184678,9086.320433236617,8984.082954184678,9086.320433236617,,,,8338.700027680476,1,1,1,1,1,38768.388288
2018-05-04,9332.56356048922,9830.04,9332.56356048922,9703.72,8063.3633301412765,8314.008939113755,8063.3633301412765,8314.008939113755,9035.201693710647,9151.195274229653,9035.201693710647,9151.195274229653,9035.201693710647,9151.195274229653,9035.201693710647,9151.195274229653,,,,8338.700027680476,1,1,1,1,1,28681.588879
2018-05-05,9518.141780244609,10020,9518.141780244609,9820,8063.3633301412765,8314.008939113755,8063.3633301412765,8314.008939113755,9093.198483970149,9231.948032550194,9093.198483970149,9231.948032550194,9093.198483970149,9231.948032550194,9093.198483970149,9231.948032550194,,,,8338.700027680476,1,1,1,1,1,24990.018345
2018-05-06,9669.070890122304,9970,9417.03,9727.5075,8188.6861346275155,8739.531598501459,8188.6861346275155,8739.531598501459,9162.57325826017,9310.873014431369,9162.57325826017,9310.873014431369,9162.57325826017,9310.873014431369,9162.57325826017,9310.873014431369,,,,8338.700027680476,1,1,1,1,1,27690.351559
2018-05-07,9698.289195061152,9698.289195061152,9181,9474.1725,8188.6861346275155,8739.531598501459,8188.6861346275155,8739.531598501459,9236.723136345769,9365.66598002918,9236.723136345769,9365.66598002918,9236.723136345769,9365.66598002918,9236.723136345769,9365.66598002918,,,,8338.700027680476,1,1,1,1,1,33787.640012
2018-05-08,9586.230847530576,9586.230847530576,9060.54,9272.2,8188.6861346275155,8739.531598501459,8188.6861346275155,8739.531598501459,9301.194558187473,9392.181314529147,9301.194558187473,9392.181314529147,9301.194558187473,9392.181314529147,9301.194558187473,9392.181314529147,,,,8338.700027680476,1,1,1,1,1,25533.831889
2018-05-09,9429.215423765289,9429.215423765289,8965,9210.75,8188.6861346275155,8739.531598501459,8188.6861346275155,8739.531598501459,9346.687936358308,9392.676372616108,9346.687936358308,9392.676372616108,9346.687936358308,9392.676372616108,9346.687936358308,9392.676372616108,,,,8338.700027680476,1,1,1,1,1,25673.524899
2018-05-10,9319.982711882643,9395.12,8970,9169.330000000002,8188.6861346275155,8739.531598501459,8188.6861346275155,8739.531598501459,9369.682154487207,9376.990226865984,9369.682154487207,9376.990226865984,9369.682154487207,9376.990226865984,9369.682154487207,9376.990226865984,,,,8338.700027680476,1,1,1,1,1,25055.063718
2018-05-11,9244.656355941323,9244.656355941323,8341,8690.002499999999,8188.6861346275155,8739.531598501459,8188.6861346275155,8739.531598501459,9373.336190676595,9373.336190676595,9325.500121169674,9325.500121169674,9373.336190676595,9373.336190676595,9325.500121169674,9325.500121169674,,,8690.002499999999,,-1,-1,1,0,0,48227.048061
2018-05-12,8967.32942797066,8967.32942797066,8153,8417.94,8188.6861346275155,8739.531598501459,8188.6861346275155,8739.531598501459,9349.418155923135,9349.418155923135,9239.329146761678,9239.329146761678,9349.418155923135,9349.418155923135,9239.329146761678,9239.329146761678,,,,,-1,-1,1,0,0,40241.32081
2018-05-13,8692.634713985331,8763.36,8298,8554.1275,8464.108866564487,8894.549957577357,8464.108866564487,8894.549957577357,9294.373651342406,9294.373651342406,9140.245039303249,9140.245039303249,9294.373651342406,9294.373651342406,9140.245039303249,9140.245039303249,,,,,-1,-1,1,0,0,25632.869362
2018-05-14,8623.381106992667,8879.99,8277,8625.009999999998,8464.108866564487,8894.549957577357,8464.108866564487,8894.549957577357,9217.309345322827,9217.309345322827,9046.103588039974,9046.103588039974,9217.309345322827,9217.309345322827,9046.103588039974,9046.103588039974,,,,,-1,-1,1,0,0,37389.666533
2018-05-15,8624.195553496333,8859.99,8401.3,8596.665,8464.108866564487,8894.549957577357,8464.108866564487,8894.549957577357,9131.7064666814,9131.7064666814,8964.342826369033,8964.342826369033,9131.7064666814,9131.7064666814,8964.342826369033,8964.342826369033,,,,,-1,-1,1,0,0,28126.956136
2018-05-16,8610.430276748168,8610.430276748168,8083.01,8340.7525,8464.108866564487,8894.549957577357,8464.108866564487,8894.549957577357,9048.024646525217,9048.024646525217,8877.0156208786,8877.0156208786,9048.024646525217,9048.024646525217,8877.0156208786,8877.0156208786,,,,,-1,-1,1,0,0,31130.22498
2018-05-17,8475.591388374083,8475.591388374083,7979,8203.615,8464.108866564487,8894.549957577357,8464.108866564487,8894.549957577357,8962.520133701908,8962.520133701908,8783.501487054924,8783.501487054924,8962.520133701908,8962.520133701908,8783.501487054924,8783.501487054924,,,,,-1,-1,1,0,0,25439.844799
2018-05-18,8339.603194187042,8339.603194187042,7911.9,8115.9349999999995,8464.108866564487,8894.549957577357,8464.108866564487,8894.549957577357,8873.010810378417,8873.010810378417,8685.929012162862,8685.929012162862,8873.010810378417,8873.010810378417,8685.929012162862,8685.929012162862,,,,,-1,-1,1,0,0,23476.158251
2018-05-19,8227.769097093522,8390.8,8095.73,8239.5075,8464.108866564487,8894.549957577357,8464.108866564487,8894.549957577357,8779.46991127064,8779.46991127064,8600.61942495639,8600.61942495639,8779.46991127064,8779.46991127064,8600.61942495639,8600.61942495639,,,,,-1,-1,1,0,0,17193.424276
2018-05-20,8233.63829854676,8609,8163.9,8383.342499999999,8679.329412070922,8791.601345918212,8679.329412070922,8791.601345918212,8690.044668113516,8690.044668113516,8538.306130898287,8538.306130898287,8690.044668113516,8690.044668113516,8538.306130898287,8538.306130898287,,,,,-1,-1,1,0,0,19957.057109
2018-05-21,8308.49039927338,8595.31,8305,8452.13,8679.329412070922,8791.601345918212,8679.329412070922,8791.601345918212,8614.175399505903,8614.175399505903,8498.286724241843,8498.286724241843,8614.175399505903,8614.175399505903,8498.286724241843,8498.286724241843,,,,,-1,-1,1,0,0,21516.596486
2018-05-22,8380.31019963669,8400.18,7935.11,8174.8225,8679.329412070922,8791.601345918212,8679.329412070922,8791.601345918212,8556.231061873874,8556.231061873874,8455.1060189726,8455.1060189726,8556.231061873874,8556.231061873874,8455.1060189726,8455.1060189726,,,,,-1,-1,1,0,0,23710.902858
2018-05-23,8277.566349818346,8277.566349818346,7425,7733.9925,8679.329412070922,8791.601345918212,8679.329412070922,8791.601345918212,8505.668540423238,8505.668540423238,8388.148381485758,8388.148381485758,8505.668540423238,8505.668540423238,8388.148381485758,8388.148381485758,,,,,-1,-1,1,0,0,42908.692673
2018-05-24,8005.779424909173,8005.779424909173,7266.99,7518.67,8679.329412070922,8791.601345918212,8679.329412070922,8791.601345918212,8446.908460954499,8446.908460954499,8295.670935633572,8295.670935633572,8446.908460954499,8446.908460954499,8295.670935633572,8295.670935633572,,,,,-1,-1,1,0,0,37845.446595
2018-05-25,7762.224712454587,7762.224712454587,7308.15,7498.422500000001,8679.329412070922,8791.601345918212,8679.329412070922,8791.601345918212,8371.289698294036,8371.289698294036,8189.144531621994,8189.144531621994,8371.289698294036,8371.289698294036,8189.144531621994,8189.144531621994,,,,,-1,-1,1,0,0,26739.95664
2018-05-26,7630.323606227294,7630.323606227294,7300,7427.737499999999,8679.329412070922,8791.601345918212,8679.329412070922,8791.601345918212,8280.217114958015,8280.217114958015,8077.916800549183,8077.916800549183,8280.217114958015,8280.217114958015,8077.916800549183,8077.916800549183,,,,,-1,-1,1,0,0,19464.086071
2018-05-27,7529.030553113646,7529.030553113646,7231.11,7326.025,8735.465378994568,8735.465378994568,8505.717511231393,8505.717511231393,8179.066957753599,8179.066957753599,7966.088946138106,7966.088946138106,8179.066957753599,8179.066957753599,7966.088946138106,7966.088946138106,,,,,-1,-1,-1,-1,0,18706.945515
2018-05-28,7427.527776556823,7437,7058.02,7233.2525000000005,8735.465378994568,8735.465378994568,8505.717511231393,8505.717511231393,8072.577951945852,8072.577951945852,7853.712491679701,7853.712491679701,8072.577951945852,8072.577951945852,7853.712491679701,7853.712491679701,,7437,,8611,-1,-1,-1,-1,-1,27219.438963
2018-05-29,7330.3901382784115,7540,7032.95,7283.31,8735.465378994568,8735.465378994568,8505.717511231393,8505.717511231393,7963.145221812776,7963.145221812776,7751.754594522658,7751.754594522658,7963.145221812776,7963.145221812776,7751.754594522658,7751.754594522658,,,,8611,-1,-1,-1,-1,-1,39406.83952
2018-05-30,7306.8500691392055,7569,7260.5,7418.36,8735.465378994568,8735.465378994568,8505.717511231393,8505.717511231393,7857.449908167717,7857.449908167717,7671.90072453934,7671.90072453934,7857.449908167717,7857.449908167717,7671.90072453934,7671.90072453934,,,,8611,-1,-1,-1,-1,-1,32041.583623
2018-05-31,7362.605034569602,7699,7327.51,7473.397500000001,8735.465378994568,8735.465378994568,8505.717511231393,8505.717511231393,7764.675316353529,7764.675316353529,7616.300243800731,7616.300243800731,7764.675316353529,7764.675316353529,7616.300243800731,7616.300243800731,,,,8611,-1,-1,-1,-1,-1,30776.063102
2018-06-01,7418.0012672848015,7608.55,7355.54,7492.5275,8735.465378994568,8735.465378994568,8505.717511231393,8505.717511231393,7690.487780077129,7690.487780077129,7577.229303724532,7577.229303724532,7690.487780077129,7690.487780077129,7577.229303724532,7577.229303724532,,,,8611,-1,-1,-1,-1,-1,28258.863851
2018-06-02,7455.264383642401,7697.33,7437,7573.8425,8735.465378994568,8735.465378994568,8505.717511231393,8505.717511231393,7633.8585419008305,7633.8585419008305,7555.763302105512,7555.763302105512,7633.8585419008305,7633.8585419008305,7555.763302105512,7555.763302105512,,,,8611,-1,-1,-1,-1,-1,26720.690219
2018-06-03,7514.553441821201,7786.69,7514.553441821201,7684.4400000000005,8620.59144511298,8620.59144511298,8159.785384782827,8159.785384782827,7594.810922003171,7594.810922003171,7551.9054719104215,7551.9054719104215,7594.810922003171,7594.810922003171,7551.9054719104215,7551.9054719104215,,,,8611,-1,-1,-1,-1,-1,27505.158951
2018-06-04,7599.496720910601,7760.52,7446.5,7602.07,8620.59144511298,8620.59144511298,8159.785384782827,8159.785384782827,7573.358196956797,7573.358196956797,7554.571036336467,7554.571036336467,7573.358196956797,7573.358196956797,7554.571036336467,7554.571036336467,,,,8611,-1,-1,-1,-1,-1,32258.835115
2018-06-05,7600.7833604553,7679.49,7358,7537.3724999999995,8620.59144511298,8620.59144511298,8159.785384782827,8159.785384782827,7563.964616646632,7563.964616646632,7554.867448959942,7554.867448959942,7563.964616646632,7563.964616646632,7554.867448959942,7554.867448959942,,,,8611,-1,-1,-1,-1,-1,31722.492978
2018-06-06,7569.07793022765,7699,7467.05,7612.8825,8620.59144511298,8620.59144511298,8159.785384782827,8159.785384782827,7559.416032803287,7559.416032803287,7557.86223339285,7557.86223339285,7559.416032803287,7559.416032803287,7557.86223339285,7557.86223339285,,,,8611,-1,-1,-1,-1,-1,27229.991898
2018-06-07,7590.980215113825,7765,7590.980215113825,7683.717500000001,8620.59144511298,8620.59144511298,8159.785384782827,8159.785384782827,7558.639133098068,7568.13155494279,7558.639133098068,7568.13155494279,7558.639133098068,7568.13155494279,7558.639133098068,7568.13155494279,,,7683.717500000001,,1,1,-1,0,0,25062.227202
2018-06-08,7637.348857556913,7703.5,7531,7632.255,8620.59144511298,8620.59144511298,8159.785384782827,8159.785384782827,7563.385344020428,7578.070074728001,7563.385344020428,7578.070074728001,7563.385344020428,7578.070074728001,7563.385344020428,7578.070074728001,,,,,1,1,-1,0,0,23396.804671
2018-06-09,7634.801928778456,7683.98,7450,7557.287499999999,8620.59144511298,8620.59144511298,8159.785384782827,8159.785384782827,7570.727709374214,7583.014475735909,7570.727709374214,7583.014475735909,7570.727709374214,7583.014475735909,7570.727709374214,7583.014475735909,,,,,1,1,-1,0,0,19339.885176
2018-06-10,7596.044714389228,7596.044714389228,6622.81,7092.8150000000005,8390.188414947903,8390.188414947903,7789.765379805914,7789.765379805914,7576.871092555061,7576.871092555061,7553.669785669263,7553.669785669263,7576.871092555061,7576.871092555061,7553.669785669263,7553.669785669263,,,,,-1,-1,-1,-1,0,52342.020032
2018-06-11,7344.429857194615,7344.429857194615,6610,6792.25,8390.188414947903,8390.188414947903,7789.765379805914,7789.765379805914,7565.2704391121615,7565.2704391121615,7492.785165231765,7492.785165231765,7565.2704391121615,7565.2704391121615,7492.785165231765,7492.785165231765,,7344.429857194615,,7788.69,-1,-1,-1,-1,-1,34552.162303
2018-06-12,7068.339928597307,7068.339928597307,6435,6681.8775000000005,8390.188414947903,8390.188414947903,7789.765379805914,7789.765379805914,7529.027802171963,7529.027802171963,7403.98160227799,7403.98160227799,7529.027802171963,7529.027802171963,7403.98160227799,7403.98160227799,,,,7788.69,-1,-1,-1,-1,-1,36722.211191
2018-06-13,6875.108714298654,6875.108714298654,6118.68,6392.264999999999,8390.188414947903,8390.188414947903,7789.765379805914,7789.765379805914,7466.504702224976,7466.504702224976,7287.989628888125,7287.989628888125,7466.504702224976,7466.504702224976,7287.989628888125,7287.989628888125,,,,7788.69,-1,-1,-1,-1,-1,46185.5181
2018-06-14,6633.686857149327,6720,6260,6477.19,8390.188414947903,8390.188414947903,7789.765379805914,7789.765379805914,7377.2471655565505,7377.2471655565505,7165.8360044527835,7165.8360044527835,7377.2471655565505,7377.2471655565505,7165.8360044527835,7165.8360044527835,,,,7788.69,-1,-1,-1,-1,-1,44478.130837
2018-06-15,6555.438428574664,6666.66,6362.31,6514.135,8390.188414947903,8390.188414947903,7789.765379805914,7789.765379805914,7271.541585004667,7271.541585004667,7051.835411066591,7051.835411066591,7271.541585004667,7271.541585004667,7051.835411066591,7051.835411066591,,,,7788.69,-1,-1,-1,-1,-1,30018.329905
2018-06-16,6534.786714287332,6560,6320.86,6436.2125,8390.188414947903,8390.188414947903,7789.765379805914,7789.765379805914,7161.688498035629,7161.688498035629,6946.291080153501,6946.291080153501,7161.688498035629,7161.688498035629,6946.291080153501,6946.291080153501,,,,7788.69,-1,-1,-1,-1,-1,22277.241147
2018-06-17,6485.499607143665,6589.03,6422,6485.785,8089.976897376909,8089.976897376909,7376.192633827386,7376.192633827386,7053.989789094565,7053.989789094565,6856.973732094718,6856.973732094718,7053.989789094565,7053.989789094565,6856.973732094718,6856.973732094718,,,,7788.69,-1,-1,-1,-1,-1,19847.247688
2018-06-18,6485.642303571833,6794.38,6380,6582.725,8089.976897376909,8089.976897376909,7376.192633827386,7376.192633827386,6955.481760594641,6955.481760594641,6788.955689116018,6788.955689116018,6955.481760594641,6955.481760594641,6788.955689116018,6788.955689116018,,,,7788.69,-1,-1,-1,-1,-1,31821.434995
2018-06-19,6534.1836517859165,6841.74,6534.1836517859165,6736.835,8089.976897376909,8089.976897376909,7376.192633827386,7376.192633827386,6872.218724855329,6872.218724855329,6745.905481217242,6745.905481217242,6872.218724855329,6872.218724855329,6745.905481217242,6745.905481217242,,,,7788.69,-1,-1,-1,-1,-1,24311.421143
2018-06-20,6635.509325892958,6817.23,6551.81,6717.637500000001,8089.976897376909,8089.976897376909,7376.192633827386,7376.192633827386,6809.062103036285,6809.062103036285,6720.005715331679,6720.005715331679,6809.062103036285,6809.062103036285,6720.005715331679,6720.005715331679,,,,7788.69,-1,-1,-1,-1,-1,26353.272094
2018-06-21,6676.57341294648,6795,6672.57,6737.405,8089.976897376909,8089.976897376909,7376.192633827386,7376.192633827386,6764.533909183982,6764.533909183982,6707.953059065523,6707.953059065523,6764.533909183982,6764.533909183982,6707.953059065523,6707.953059065523,,,,7788.69,-1,-1,-1,-1,-1,25428.854048
2018-06-22,6706.989206473239,6733.97,5918.94,6353.9,8089.976897376909,8089.976897376909,7376.192633827386,7376.192633827386,6736.243484124752,6736.243484124752,6677.483752146009,6677.483752146009,6736.243484124752,6736.243484124752,6677.483752146009,6677.483752146009,,,,7788.69,-1,-1,-1,-1,-1,52157.370833
2018-06-23,6530.4446032366195,6530.4446032366195,6008.48,6116.095,8089.976897376909,8089.976897376909,7376.192633827386,7376.192633827386,6706.86361813538,6706.86361813538,6629.3876133144395,6629.3876133144395,6706.86361813538,6706.86361813538,6629.3876133144395,6629.3876133144395,,,,7788.69,-1,-1,-1,-1,-1,26622.788589
2018-06-24,6323.269801618309,6323.269801618309,5750,6074.1875,7733.084765602148,7733.084765602148,6959.624175372813,6959.624175372813,6668.12561572491,6668.12561572491,6561.457785192571,6561.457785192571,6668.12561572491,6668.12561572491,6561.457785192571,6561.457785192571,,,,7788.69,-1,-1,-1,-1,-1,47445.998955
2018-06-25,6198.728650809155,6350,6061.97,6200.4800000000005,7733.084765602148,7733.084765602148,6959.624175372813,6959.624175372813,6614.791700458741,6614.791700458741,6497.876032292118,6497.876032292118,6614.791700458741,6614.791700458741,6497.876032292118,6497.876032292118,,,,7788.69,-1,-1,-1,-1,-1,39164.515306
2018-06-26,6199.604325404578,6272.54,6035,6157.58,7733.084765602148,7733.084765602148,6959.624175372813,6959.624175372813,6556.333866375429,6556.333866375429,6438.720551966043,6438.720551966043,6556.333866375429,6556.333866375429,6438.720551966043,6438.720551966043,,,,7788.69,-1,-1,-1,-1,-1,19377.240484
2018-06-27,6178.592162702289,6190.43,5971,6090.2625,7733.084765602148,7733.084765602148,6959.624175372813,6959.624175372813,6497.527209170736,6497.527209170736,6381.67916014361,6381.67916014361,6497.527209170736,6497.527209170736,6381.67916014361,6381.67916014361,,,,7788.69,-1,-1,-1,-1,-1,19225.671098
2018-06-28,6134.427331351144,6173.01,5827,5997.179999999999,7733.084765602148,7733.084765602148,6959.624175372813,6959.624175372813,6439.603184657173,6439.603184657173,6324.057637088179,6324.057637088179,6439.603184657173,6439.603184657173,6324.057637088179,6324.057637088179,,,,7788.69,-1,-1,-1,-1,-1,30585.266026
2018-06-29,6065.803665675572,6300,5780,6032.2325,7733.084765602148,7733.084765602148,6959.624175372813,6959.624175372813,6381.830410872676,6381.830410872676,6272.318828936152,6272.318828936152,6381.830410872676,6381.830410872676,6272.318828936152,6272.318828936152,,,,7788.69,-1,-1,-1,-1,-1,33911.287278
2018-06-30,6049.018082837786,6528.99,6049.018082837786,6325.7525,7733.084765602148,7733.084765602148,6959.624175372813,6959.624175372813,6327.074619904414,6327.074619904414,6245.140792908117,6245.140792908117,6327.074619904414,6327.074619904414,6245.140792908117,6245.140792908117,,,,7788.69,-1,-1,-1,-1,-1,37919.61284
2018-07-01,6187.385291418893,6441.06,6187.385291418893,6359.9875,7346.35447048748,7346.35447048748,6635.411082889772,6635.411082889772,6286.107706406266,6286.107706406266,6236.796707455152,6236.796707455152,6286.107706406266,6286.107706406266,6236.796707455152,6236.796707455152,,,,7788.69,-1,-1,-1,-1,-1,27562.965974
2018-07-02,6273.6863957094465,6685,6271.62,6483.1825,7346.35447048748,7346.35447048748,6635.411082889772,6635.411082889772,6261.452206930709,6261.452206930709,6249.931735707964,6249.931735707964,6261.452206930709,6261.452206930709,6249.931735707964,6249.931735707964,,,,7788.69,-1,-1,-1,-1,-1,36230.452264
2018-07-03,6378.434447854723,6679.35,6378.434447854723,6567.8775000000005,7346.35447048748,7346.35447048748,6635.411082889772,6635.411082889772,6255.6919713193365,6278.380736734334,6255.6919713193365,6278.380736734334,6255.6919713193365,6278.380736734334,6255.6919713193365,6278.380736734334,,,6567.8775000000005,,1,1,-1,0,0,38657.781691
2018-07-04,6473.155973927362,6784.92,6441.11,6581.005,7346.35447048748,7346.35447048748,6635.411082889772,6635.411082889772,6267.036354026835,6317.582893368641,6267.036354026835,6317.582893368641,6267.036354026835,6317.582893368641,6267.036354026835,6317.582893368641,,,,,1,1,-1,0,0,23571.892777
2018-07-05,6527.080486963681,6712,6453.33,6570.015,7346.35447048748,7346.35447048748,6635.411082889772,6635.411082889772,6292.309623697738,6357.923764542186,6292.309623697738,6357.923764542186,6292.309623697738,6357.923764542186,6292.309623697738,6357.923764542186,,,,,1,1,-1,0,0,35071.972898
2018-07-06,6548.54774348184,6648.54,6425,6553.129999999999,7346.35447048748,7346.35447048748,6635.411082889772,6635.411082889772,6325.116694119963,6393.272230763466,6325.116694119963,6393.272230763466,6325.116694119963,6393.272230763466,6325.116694119963,6393.272230763466,,,,,1,1,-1,0,0,29397.094748
2018-07-07,6550.83887174092,6818.16,6508.88,6673.4525,7346.35447048748,7346.35447048748,6635.411082889772,6635.411082889772,6359.194462441715,6431.506902748663,6359.194462441715,6431.506902748663,6359.194462441715,6431.506902748663,6359.194462441715,6431.506902748663,,,,,1,1,-1,0,0,23973.876886
2018-07-08,6612.1456858704605,6780,6612.1456858704605,6728.254999999999,6990.882776688626,6990.882776688626,6546.979836540603,6546.979836540603,6395.350682595189,6471.716833247228,6395.350682595189,6471.716833247228,6395.350682595189,6471.716833247228,6395.350682595189,6471.716833247228,,,,,1,1,-1,0,0,24622.947794
2018-07-09,6670.20034293523,6802.06,6612.24,6697.13,6990.882776688626,6990.882776688626,6546.979836540603,6546.979836540603,6433.533757921209,6510.365089923143,6433.533757921209,6510.365089923143,6433.533757921209,6510.365089923143,6433.533757921209,6510.365089923143,,,,,1,1,-1,0,0,26732.40655
2018-07-10,6683.665171467615,6683.665171467615,6263,6475.9225,6990.882776688626,6990.882776688626,6546.979836540603,6546.979836540603,6471.949423922177,6529.840775999519,6471.949423922177,6529.840775999519,6471.949423922177,6529.840775999519,6471.949423922177,6529.840775999519,,,,,1,1,-1,0,0,38560.672702
2018-07-11,6579.793835733808,6579.793835733808,6278.99,6339.9925,6990.882776688626,6990.882776688626,6546.979836540603,6546.979836540603,6500.895099960848,6531.356253223373,6500.895099960848,6531.356253223373,6500.895099960848,6531.356253223373,6500.895099960848,6531.356253223373,,,,,1,1,-1,0,0,28715.498487
2018-07-12,6459.893167866904,6459.893167866904,6070,6269.73,6990.882776688626,6990.882776688626,6546.979836540603,6546.979836540603,6516.12567659211,6516.12567659211,6512.8210608798445,6512.8210608798445,6516.12567659211,6516.12567659211,6512.8210608798445,6512.8210608798445,,,,,-1,-1,-1,-1,0,31306.663348
2018-07-13,6364.811583933451,6364.811583933451,6110,6231.4925,6990.882776688626,6990.882776688626,6546.979836540603,6546.979836540603,6514.473368735977,6514.473368735977,6482.389780549476,6482.389780549476,6514.473368735977,6514.473368735977,6482.389780549476,6482.389780549476,,6364.811583933451,,6820.16,-1,-1,-1,-1,-1,26375.325286
2018-07-14,6298.152041966726,6335,6178,6244.889999999999,6990.882776688626,6990.882776688626,6546.979836540603,6546.979836540603,6498.431574642726,6498.431574642726,6448.777025723501,6448.777025723501,6498.431574642726,6498.431574642726,6448.777025723501,6448.777025723501,,,,6820.16,-1,-1,-1,-1,-1,17783.071999
2018-07-15,6271.521020983362,6395,6225.4,6306.077499999999,6768.931306614615,6768.931306614615,6499.213171089295,6499.213171089295,6473.604300183113,6473.604300183113,6419.821971651142,6419.821971651142,6473.604300183113,6473.604300183113,6419.821971651142,6419.821971651142,,,,6820.16,-1,-1,-1,-1,-1,22979.211508
2018-07-16,6288.799260491681,6747.3,6288.799260491681,6538.799999999999,6768.931306614615,6768.931306614615,6499.213171089295,6499.213171089295,6446.713135917127,6446.713135917127,6410.407627181348,6410.407627181348,6446.713135917127,6446.713135917127,6410.407627181348,6410.407627181348,,,,6820.16,-1,-1,-1,-1,-1,36204.87708
2018-07-17,6413.79963024584,7468.99,6413.79963024584,7040.45,6768.931306614615,6768.931306614615,6499.213171089295,6499.213171089295,6428.560381549238,6443.690016468028,6428.560381549238,6443.690016468028,6428.560381549238,6443.690016468028,6428.560381549238,6443.690016468028,,,7040.45,,1,1,-1,0,0,52105.423459
2018-07-18,6727.124815122919,7588.08,6727.124815122919,7378.200000000001,6768.931306614615,6768.931306614615,6499.213171089295,6499.213171089295,6436.125199008633,6518.01667734345,6436.125199008633,6518.01667734345,6436.125199008633,6518.01667734345,6436.125199008633,6518.01667734345,,,,,1,1,-1,0,0,59487.64345
2018-07-19,7052.66240756146,7576.28,7052.66240756146,7423.5925,6768.931306614615,6768.931306614615,6499.213171089295,6499.213171089295,6477.070938176042,6620.105354768628,6477.070938176042,6620.105354768628,6477.070938176042,6620.105354768628,6477.070938176042,6620.105354768628,,,,,1,1,-1,0,0,41218.256437
2018-07-20,7238.127453780729,7700,7238.127453780729,7444.8475,6768.931306614615,6768.931306614615,6499.213171089295,6499.213171089295,6548.588146472335,6737.539648422309,6548.588146472335,6737.539648422309,6548.588146472335,6737.539648422309,6548.588146472335,6737.539648422309,,,,,1,1,-1,0,0,46140.313447
2018-07-21,7341.487476890365,7458.47,7211,7351.43,6768.931306614615,6768.931306614615,6499.213171089295,6499.213171089295,6643.063897447322,6845.947405087386,6643.063897447322,6845.947405087386,6643.063897447322,6845.947405087386,6643.063897447322,6845.947405087386,,,,,1,1,-1,0,0,28886.490291
2018-07-22,7346.4587384451825,7582.4,7335.5,7427.985000000001,6634.072238851955,6656.74772130223,6634.072238851955,6656.74772130223,6744.505651267355,6947.838894155436,6744.505651267355,6947.838894155436,6744.505651267355,6947.838894155436,6744.505651267355,6947.838894155436,,,,,1,1,1,1,0,30270.21844
2018-07-23,7387.2218692225915,7833,7375,7580.9475,6634.072238851955,6656.74772130223,6634.072238851955,6656.74772130223,6846.172272711396,7048.384117778322,6846.172272711396,7048.384117778322,6846.172272711396,7048.384117778322,6846.172272711396,7048.384117778322,7375,,,6176,1,1,1,1,1,41646.346671
2018-07-24,7484.084684611296,8486,7484.084684611296,8075.2225,6634.072238851955,6656.74772130223,6634.072238851955,6656.74772130223,6947.2781952448595,7169.435342093654,6947.2781952448595,7169.435342093654,6947.2781952448595,7169.435342093654,6947.2781952448595,7169.435342093654,,,,6176,1,1,1,1,1,60121.163749
2018-07-25,7779.653592305648,8491.77,7779.653592305648,8278.6625,6634.072238851955,6656.74772130223,6634.072238851955,6656.74772130223,7058.356768669257,7307.081431579401,7058.356768669257,7307.081431579401,7058.356768669257,7307.081431579401,7058.356768669257,7307.081431579401,,,,6176,1,1,1,1,1,48257.649124
2018-07-26,8029.158046152825,8315.69,7850.06,8065.345,6634.072238851955,6656.74772130223,6634.072238851955,6656.74772130223,7182.719100124329,7438.692436002422,7182.719100124329,7438.692436002422,7182.719100124329,7438.692436002422,7182.719100124329,7438.692436002422,,,,6176,1,1,1,1,1,43223.481682
2018-07-27,8047.251523076413,8285,7805,8049.6425,6634.072238851955,6656.74772130223,6634.072238851955,6656.74772130223,7310.705768063376,7554.158110934648,7310.705768063376,7554.158110934648,7310.705768063376,7554.158110934648,7310.705768063376,7554.158110934648,,,,6176,1,1,1,1,1,43671.005891
2018-07-28,8048.447011538206,8246.54,8048.447011538206,8181.7875,6634.072238851955,6656.74772130223,6634.072238851955,6656.74772130223,7432.4319394990125,7659.344072110527,7432.4319394990125,7659.344072110527,7432.4319394990125,7659.344072110527,7432.4319394990125,7659.344072110527,,,,6176,1,1,1,1,1,26215.173839
2018-07-29,8115.117255769103,8294.51,8115,8211.3875,6645.409980077093,7025.912328716554,6645.409980077093,7025.912328716554,7545.88800580477,7755.067264377648,7545.88800580477,7755.067264377648,7545.88800580477,7755.067264377648,7545.88800580477,7755.067264377648,,,,6176,1,1,1,1,1,25531.226185
2018-07-30,8163.252377884552,8273,7866,8130.977499999999,6645.409980077093,7025.912328716554,6645.409980077093,7025.912328716554,7650.477635091209,7831.1372167772815,7650.477635091209,7831.1372167772815,7650.477635091209,7831.1372167772815,7650.477635091209,7831.1372167772815,,,,6176,1,1,1,1,1,39692.416542
2018-07-31,8147.114938942275,8180,7633,7928.8325,6645.409980077093,7025.912328716554,6645.409980077093,7025.912328716554,7740.807425934245,7879.178718382292,7740.807425934245,7879.178718382292,7740.807425934245,7879.178718382292,7740.807425934245,7879.178718382292,,,,6176,1,1,1,1,1,48296.915587
2018-08-01,8037.973719471138,8037.973719471138,7430,7630.0625,6645.409980077093,7025.912328716554,6645.409980077093,7025.912328716554,7809.993072158268,7893.137976140477,7809.993072158268,7893.137976140477,7809.993072158268,7893.137976140477,7809.993072158268,7893.137976140477,,,,6176,1,1,1,1,1,42582.312932
2018-08-02,7834.018109735569,7834.018109735569,7455.72,7572.7425,6645.409980077093,7025.912328716554,6645.409980077093,7025.912328716554,7851.565524149372,7880.184447870057,7851.565524149372,7880.184447870057,7851.565524149372,7880.184447870057,7851.565524149372,7880.184447870057,,,,6176,1,1,1,1,1,37665.696684
2018-08-03,7703.380304867785,7703.380304867785,7282.44,7441.732499999999,6645.409980077093,7025.912328716554,6645.409980077093,7025.912328716554,7865.874986009715,7865.874986009715,7843.254919527313,7843.254919527313,7865.874986009715,7865.874986009715,7843.254919527313,7843.254919527313,,,7441.732499999999,,-1,-1,1,0,0,44669.486047
2018-08-04,7572.556402433892,7572.556402433892,6926,7210.7300000000005,6645.409980077093,7025.912328716554,6645.409980077093,7025.912328716554,7854.564952768514,7854.564952768514,7779.550542450889,7779.550542450889,7854.564952768514,7854.564952768514,7779.550542450889,7779.550542450889,,,,,-1,-1,1,0,0,36288.42601
2018-08-05,7391.643201216946,7391.643201216946,6882.29,7001.5475,6835.661154396824,7282.63445293648,6835.661154396824,7282.63445293648,7817.057747609701,7817.057747609701,7695.353427207009,7695.353427207009,7817.057747609701,7817.057747609701,7695.353427207009,7695.353427207009,,,,,-1,-1,1,0,0,32894.849782
2018-08-06,7196.595350608473,7196.595350608473,6821,6985.0025,6835.661154396824,7282.63445293648,6835.661154396824,7282.63445293648,7756.205587408355,7756.205587408355,7598.678762146286,7598.678762146286,7756.205587408355,7756.205587408355,7598.678762146286,7598.678762146286,,,,,-1,-1,1,0,0,32760.191643
2018-08-07,7090.798925304236,7150.46,6670,6868.88,6835.661154396824,7282.63445293648,6835.661154396824,7282.63445293648,7677.44217477732,7677.44217477732,7495.462226822818,7495.462226822818,7677.44217477732,7677.44217477732,7495.462226822818,7495.462226822818,,,,,-1,-1,1,0,0,45438.473501
2018-08-08,6979.8394626521185,6979.8394626521185,6123,6462.5425,6835.661154396824,7282.63445293648,6835.661154396824,7282.63445293648,7586.452200800069,7586.452200800069,7370.925010738821,7370.925010738821,7586.452200800069,7586.452200800069,7370.925010738821,7370.925010738821,,,,,-1,-1,1,0,0,59550.536319
2018-08-09,6721.190981326059,6721.190981326059,6178.6,6403.6175,6835.661154396824,7282.63445293648,6835.661154396824,7282.63445293648,7478.688605769445,7478.688605769445,7235.93874144844,7235.93874144844,7478.688605769445,7478.688605769445,7235.93874144844,7235.93874144844,,,,,-1,-1,1,0,0,51941.185111
2018-08-10,6562.40424066303,6575.88,6026.39,6319.0175,6835.661154396824,7282.63445293648,6835.661154396824,7282.63445293648,7357.313673608942,7357.313673608942,7096.054855221135,7096.054855221135,7357.313673608942,7357.313673608942,7096.054855221135,7096.054855221135,,,,,-1,-1,1,0,0,59034.974902
2018-08-11,6440.710870331515,6488,5971,6209.870000000001,6835.661154396824,7282.63445293648,6835.661154396824,7282.63445293648,7226.684264415038,7226.684264415038,6958.005962747215,6958.005962747215,7226.684264415038,7226.684264415038,6958.005962747215,6958.005962747215,,,,,-1,-1,1,0,0,47133.418555
2018-08-12,6325.290435165758,6472.3,6130,6283.295,7059.147803666652,7127.385357148172,7059.147803666652,7127.385357148172,7092.3451135811265,7092.3451135811265,6835.335625907761,6835.335625907761,7092.3451135811265,7092.3451135811265,6835.335625907761,6835.335625907761,,,,,-1,-1,1,0,0,38567.770712
2018-08-13,6304.292717582879,6545,6145.04,6311.237500000001,7059.147803666652,7127.385357148172,7059.147803666652,7127.385357148172,6963.840369744444,6963.840369744444,6732.8500845816125,6732.8500845816125,6963.840369744444,6963.840369744444,6732.8500845816125,6732.8500845816125,,,,,-1,-1,1,0,0,53895.828783
2018-08-14,6307.76510879144,6307.76510879144,5880,6141.665000000001,7059.147803666652,7127.385357148172,7059.147803666652,7127.385357148172,6848.345227163028,6848.345227163028,6634.041162612886,6634.041162612886,6848.345227163028,6848.345227163028,6634.041162612886,6634.041162612886,,,,,-1,-1,1,0,0,50186.745091
2018-08-15,6224.7150543957205,6609,6172.11,6309.0875,7059.147803666652,7127.385357148172,7059.147803666652,7127.385357148172,6741.193194887956,6741.193194887956,6560.791396892906,6560.791396892906,6741.193194887956,6741.193194887956,6560.791396892906,6560.791396892906,,,,,-1,-1,1,0,0,68806.687026
2018-08-16,6266.90127719786,6480,6205.6,6315.655000000001,7059.147803666652,7127.385357148172,7059.147803666652,7127.385357148172,6650.992295890431,6650.992295890431,6504.941299326388,6504.941299326388,6650.992295890431,6650.992295890431,6504.941299326388,6504.941299326388,,,,,-1,-1,1,0,0,48515.254618
2018-08-17,6291.27813859893,6585,6285.4,6442.7225,7059.147803666652,7127.385357148172,7059.147803666652,7127.385357148172,6577.966797608409,6577.966797608409,6469.647596935199,6469.647596935199,6577.966797608409,6577.966797608409,6469.647596935199,6469.647596935199,,,,,-1,-1,1,0,0,57851.610803
2018-08-18,6367.0003192994645,6620,6288,6468.75,7059.147803666652,7127.385357148172,7059.147803666652,7127.385357148172,6523.8071972718035,6523.8071972718035,6450.1807565206145,6450.1807565206145,6523.8071972718035,6523.8071972718035,6450.1807565206145,6450.1807565206145,,,,,-1,-1,1,0,0,53742.322172
2018-08-19,6417.875159649732,6541,6300,6426.6224999999995,7093.266580407412,7093.266580407412,6860.436344740908,6860.436344740908,6486.993976896209,6486.993976896209,6438.535667295303,6438.535667295303,6486.993976896209,6486.993976896209,6438.535667295303,6438.535667295303,,,,,-1,-1,-1,-1,0,45190.847994
2018-08-20,6422.248829824866,6530,6220,6370.5925,7093.266580407412,7093.266580407412,6860.436344740908,6860.436344740908,6462.764822095755,6462.764822095755,6428.405707004461,6428.405707004461,6462.764822095755,6462.764822095755,6428.405707004461,6428.405707004461,,6530,,6622,-1,-1,-1,-1,-1,49435.55526
2018-08-21,6396.4206649124335,6500,6235.08,6366.52,7093.266580407412,7093.266580407412,6860.436344740908,6860.436344740908,6445.585264550108,6445.585264550108,6418.887233021948,6418.887233021948,6445.585264550108,6445.585264550108,6418.887233021948,6418.887233021948,,,,6622,-1,-1,-1,-1,-1,41569.947408
2018-08-22,6381.470332456217,6882.54,6251.2,6493.6525,7093.266580407412,7093.266580407412,6860.436344740908,6860.436344740908,6432.236248786028,6432.236248786028,6421.852254060518,6421.852254060518,6432.236248786028,6432.236248786028,6421.852254060518,6421.852254060518,,,,6622,-1,-1,-1,-1,-1,77909.391359
2018-08-23,6437.561416228109,6576.99,6342.28,6451.7125,7093.266580407412,7093.266580407412,6860.436344740908,6860.436344740908,6427.044251423273,6427.044251423273,6425.92781721154,6425.92781721154,6427.044251423273,6427.044251423273,6425.92781721154,6425.92781721154,,,,6622,-1,-1,-1,-1,-1,40358.166825
2018-08-24,6444.636958114054,6725,6440.5,6593.035,7093.266580407412,7093.266580407412,6860.436344740908,6860.436344740908,6426.486034317406,6438.928873110192,6426.486034317406,6438.928873110192,6426.486034317406,6438.928873110192,6426.486034317406,6438.928873110192,,,6593.035,,1,1,-1,0,0,38305.675322
2018-08-25,6518.835979057027,6789,6518.835979057027,6715.0575,7093.266580407412,7093.266580407412,6860.436344740908,6860.436344740908,6432.7074537138,6462.463009544525,6432.7074537138,6462.463009544525,6432.7074537138,6462.463009544525,6432.7074537138,6462.463009544525,,,,,1,1,-1,0,0,19220.505929
2018-08-26,6616.946739528514,6775.27,6568,6694.2275,6976.85146257416,6976.85146257416,6709.303687719575,6709.303687719575,6447.585231629163,6491.32543324389,6447.585231629163,6491.32543324389,6447.585231629163,6491.32543324389,6447.585231629163,6491.32543324389,,,,,1,1,-1,0,0,20107.297208
2018-08-27,6655.587119764257,6940.51,6646.5,6798.9125,6976.85146257416,6976.85146257416,6709.303687719575,6709.303687719575,6469.455332436527,6528.71029512112,6469.455332436527,6528.71029512112,6469.455332436527,6528.71029512112,6469.455332436527,6528.71029512112,,,,,1,1,-1,0,0,37747.078747
2018-08-28,6727.249809882129,7135,6727.249809882129,6994.592500000001,6976.85146257416,6976.85146257416,6709.303687719575,6709.303687719575,6499.082813778824,6578.806584870044,6499.082813778824,6578.806584870044,6499.082813778824,6578.806584870044,6499.082813778824,6578.806584870044,,,,,1,1,-1,0,0,48352.917163
2018-08-29,6860.921154941065,7133.81,6860.921154941065,7038.592500000001,6976.85146257416,6976.85146257416,6709.303687719575,6709.303687719575,6538.944699324435,6637.274152761808,6538.944699324435,6637.274152761808,6538.944699324435,6637.274152761808,6538.944699324435,6637.274152761808,,,,,1,1,-1,0,0,43252.487392
2018-08-30,6949.756827470533,7063.63,6784.81,6966.6225,6976.85146257416,6976.85146257416,6709.303687719575,6709.303687719575,6588.109426043122,6691.575078142927,6588.109426043122,6691.575078142927,6588.109426043122,6691.575078142927,6588.109426043122,6691.575078142927,,,,,1,1,-1,0,0,44716.77462
2018-08-31,6958.189663735267,7089,6888,6993.2625,6976.85146257416,6976.85146257416,6709.303687719575,6709.303687719575,6639.842252093024,6742.741106679972,6639.842252093024,6742.741106679972,6639.842252093024,6742.741106679972,6639.842252093024,6742.741106679972,,,,,1,1,-1,0,0,40467.400638
2018-09-01,6975.726081867633,7275,6975.726081867633,7123.74,6976.85146257416,6976.85146257416,6709.303687719575,6709.303687719575,6691.291679386499,6797.268091930935,6691.291679386499,6797.268091930935,6691.291679386499,6797.268091930935,6691.291679386499,6797.268091930935,,,,,1,1,-1,0,0,40323.414093
2018-09-02,7049.7330409338165,7345.45,7049.7330409338165,7244.0075,6843.077575146867,6843.077575146867,6776.142917750605,6776.142917750605,6744.279885658717,6856.04404536236,6744.279885658717,6856.04404536236,6744.279885658717,6856.04404536236,6744.279885658717,6856.04404536236,,,,,1,1,-1,0,0,39814.840352
2018-09-03,7146.870270466909,7338.28,7146.870270466909,7273.7325,6843.077575146867,6843.077575146867,6776.142917750605,6776.142917750605,6800.161965510539,6916.396753841122,6800.161965510539,6916.396753841122,6800.161965510539,6916.396753841122,6800.161965510539,6916.396753841122,,,,,1,1,-1,0,0,32396.018371
2018-09-04,7210.301385233454,7410,7210.301385233454,7314.8075,6843.077575146867,6843.077575146867,6776.142917750605,6776.142917750605,6858.27935967583,6977.446312355709,6858.27935967583,6977.446312355709,6858.27935967583,6977.446312355709,6858.27935967583,6977.446312355709,,,,,1,1,-1,0,0,35300.640518
2018-09-05,7262.554442616727,7397.3,6682,7034.5875,6843.077575146867,6843.077575146867,6776.142917750605,6776.142917750605,6917.86283601577,7016.306255066825,6917.86283601577,7016.306255066825,6917.86283601577,7016.306255066825,6917.86283601577,7016.306255066825,,,,,1,1,-1,0,0,63635.61563
2018-09-06,7148.570971308363,7148.570971308363,6265,6550.82,6843.077575146867,6843.077575146867,6776.142917750605,6776.142917750605,6967.084545541297,7013.27949327311,6967.084545541297,7013.27949327311,6967.084545541297,7013.27949327311,6967.084545541297,7013.27949327311,,,,,1,1,-1,0,0,60644.464227
2018-09-07,6849.6954856541815,6849.6954856541815,6320,6444.095,6843.077575146867,6843.077575146867,6776.142917750605,6776.142917750605,6990.182019407204,6990.182019407204,6976.541848840842,6976.541848840842,6990.182019407204,6990.182019407204,6976.541848840842,6976.541848840842,,,,,-1,-1,-1,-1,0,38906.28805
2018-09-08,6646.895242827091,6646.895242827091,6111,6292.3975,6843.077575146867,6843.077575146867,6776.142917750605,6776.142917750605,6983.361934124024,6983.361934124024,6910.30918344558,6910.30918344558,6983.361934124024,6983.361934124024,6910.30918344558,6910.30918344558,,6646.895242827091,,7412,-1,-1,-1,-1,-1,38215.032171
2018-09-09,6469.646371413546,6469.646371413546,6141.53,6254.6,6809.610246448736,6809.610246448736,6783.082382036531,6783.082382036531,6946.835558784802,6946.835558784802,6828.160295351007,6828.160295351007,6946.835558784802,6946.835558784802,6828.160295351007,6828.160295351007,,,,7412,-1,-1,-1,-1,-1,37053.92382
2018-09-10,6362.123185706773,6373.98,6221,6289.8099999999995,6809.610246448736,6809.610246448736,6783.082382036531,6783.082382036531,6887.497927067905,6887.497927067905,6743.91908100249,6743.91908100249,6887.497927067905,6887.497927067905,6743.91908100249,6743.91908100249,,,,7412,-1,-1,-1,-1,-1,32439.456432
2018-09-11,6325.966592853387,6404,6169.68,6295.1449999999995,6809.610246448736,6809.610246448736,6783.082382036531,6783.082382036531,6815.708504035198,6815.708504035198,6665.031298058591,6665.031298058591,6815.708504035198,6815.708504035198,6665.031298058591,6665.031298058591,,,,7412,-1,-1,-1,-1,-1,33104.88859
2018-09-12,6310.555796426694,6360,6192.37,6295.9974999999995,6809.610246448736,6809.610246448736,6783.082382036531,6783.082382036531,6740.3699010468945,6740.3699010468945,6594.85695722238,6594.85695722238,6740.3699010468945,6740.3699010468945,6594.85695722238,6594.85695722238,,,,7412,-1,-1,-1,-1,-1,31433.645939
2018-09-13,6303.276648213347,6535,6303.276648213347,6424.599999999999,6809.610246448736,6809.610246448736,6783.082382036531,6783.082382036531,6667.613429134637,6667.613429134637,6544.036164110751,6544.036164110751,6667.613429134637,6667.613429134637,6544.036164110751,6544.036164110751,,,,7412,-1,-1,-1,-1,-1,40465.063107
2018-09-14,6363.9383241066735,6584.99,6363.9383241066735,6483.6575,6809.610246448736,6809.610246448736,6783.082382036531,6783.082382036531,6605.8247966226945,6605.8247966226945,6511.883782697999,6511.883782697999,6605.8247966226945,6605.8247966226945,6511.883782697999,6511.883782697999,,,,7412,-1,-1,-1,-1,-1,37173.339277
2018-09-15,6423.797912053336,6565.45,6423.797912053336,6505.7925,6809.610246448736,6809.610246448736,6783.082382036531,6783.082382036531,6558.854289660347,6558.854289660347,6494.019409001263,6494.019409001263,6558.854289660347,6558.854289660347,6494.019409001263,6494.019409001263,,,,7412,-1,-1,-1,-1,-1,25243.656612
2018-09-16,6464.795206026668,6524.62,6370,6478.645,6796.3463142426335,6796.3463142426335,6672.133499334812,6672.133499334812,6526.436849330805,6526.436849330805,6482.6156472766,6482.6156472766,6526.436849330805,6526.436849330805,6482.6156472766,6482.6156472766,,,,7412,-1,-1,-1,-1,-1,27568.132897
2018-09-17,6471.720103013335,6533.84,6201,6370.902499999999,6796.3463142426335,6796.3463142426335,6672.133499334812,6672.133499334812,6504.526248303702,6504.526248303702,6469.449447669689,6469.449447669689,6504.526248303702,6504.526248303702,6469.449447669689,6469.449447669689,,,,7412,-1,-1,-1,-1,-1,35987.254738
2018-09-18,6421.3113015066665,6421.3113015066665,6224.98,6300.03,6796.3463142426335,6796.3463142426335,6672.133499334812,6672.133499334812,6486.987847986696,6486.987847986696,6451.968217016121,6451.968217016121,6486.987847986696,6486.987847986696,6451.968217016121,6451.968217016121,,,,7412,-1,-1,-1,-1,-1,32620.86667
2018-09-19,6360.670650753333,6517.7,6123,6342.245,6796.3463142426335,6796.3463142426335,6672.133499334812,6672.133499334812,6469.478032501408,6469.478032501408,6433.49348232643,6433.49348232643,6469.478032501408,6469.478032501408,6433.49348232643,6433.49348232643,,,,7412,-1,-1,-1,-1,-1,39044.080082
2018-09-20,6351.457825376667,6540,6325,6437.25,6796.3463142426335,6796.3463142426335,6672.133499334812,6672.133499334812,6451.48575741392,6451.48575741392,6423.0882482728175,6423.0882482728175,6451.48575741392,6451.48575741392,6423.0882482728175,6423.0882482728175,,,,7412,-1,-1,-1,-1,-1,25189.024728
2018-09-21,6394.353912688333,6784.86,6394.353912688333,6631.72,6796.3463142426335,6796.3463142426335,6672.133499334812,6672.133499334812,6437.287002843369,6437.287002843369,6429.631024209696,6429.631024209696,6437.287002843369,6437.287002843369,6429.631024209696,6429.631024209696,,,,7412,-1,-1,-1,-1,-1,51779.343463
2018-09-22,6513.036956344167,6839.03,6513.036956344167,6737.0225,6796.3463142426335,6796.3463142426335,6672.133499334812,6672.133499334812,6433.4590135265325,6452.319926665785,6433.4590135265325,6452.319926665785,6433.4590135265325,6452.319926665785,6433.4590135265325,6452.319926665785,,,6737.0225,,1,1,-1,0,0,29349.690667
2018-09-23,6625.029728172083,6788.23,6625.029728172083,6720.2575,6734.239906788723,6734.239906788723,6593.118252095391,6593.118252095391,6442.889470096159,6484.0029089159825,6442.889470096159,6484.0029089159825,6442.889470096159,6484.0029089159825,6442.889470096159,6484.0029089159825,,,,,1,1,-1,0,0,30286.229773
2018-09-24,6672.643614086041,6730,6557,6643.8,6734.239906788723,6734.239906788723,6593.118252095391,6593.118252095391,6463.446189506071,6513.620122375455,6463.446189506071,6513.620122375455,6463.446189506071,6513.620122375455,6463.446189506071,6513.620122375455,,,,,1,1,-1,0,0,35305.73991
2018-09-25,6658.221807043021,6658.221807043021,6325.02,6484.4975,6734.239906788723,6734.239906788723,6593.118252095391,6593.118252095391,6488.533155940763,6529.029946980636,6488.533155940763,6529.029946980636,6488.533155940763,6529.029946980636,6488.533155940763,6529.029946980636,,,,,1,1,-1,0,0,40301.029452
2018-09-26,6571.359653521511,6571.359653521511,6379.7,6461.98,6734.239906788723,6734.239906788723,6593.118252095391,6593.118252095391,6508.7815514607,6533.294076665731,6508.7815514607,6533.294076665731,6508.7815514607,6533.294076665731,6508.7815514607,6533.294076665731,,,,,1,1,-1,0,0,33484.54207
2018-09-27,6516.669826760755,6750,6434,6585.2425,6734.239906788723,6734.239906788723,6593.118252095391,6593.118252095391,6521.037814063216,6538.6781376320605,6521.037814063216,6538.6781376320605,6521.037814063216,6538.6781376320605,6521.037814063216,6538.6781376320605,,,,,1,1,-1,0,0,33087.428297
2018-09-28,6550.956163380378,6814.8,6540.88,6669.844999999999,6734.239906788723,6734.239906788723,6593.118252095391,6593.118252095391,6529.857975847638,6550.563335257506,6529.857975847638,6550.563335257506,6529.857975847638,6550.563335257506,6529.857975847638,6550.563335257506,,,,,1,1,-1,0,0,42399.448523
2018-09-29,6610.400581690188,6636,6464.57,6582.882500000001,6734.239906788723,6734.239906788723,6593.118252095391,6593.118252095391,6540.2106555525725,6558.1453106084955,6540.2106555525725,6558.1453106084955,6540.2106555525725,6558.1453106084955,6540.2106555525725,6558.1453106084955,,,,,1,1,-1,0,0,30255.9597
2018-09-30,6596.641540845094,6662,6533,6604.8075,6663.679079442057,6663.679079442057,6578.6504267422915,6578.6504267422915,6549.177983080534,6565.325072403649,6549.177983080534,6565.325072403649,6549.177983080534,6565.325072403649,6549.177983080534,6565.325072403649,,,,,1,1,-1,0,0,27764.724519
2018-10-01,6600.724520422547,6667.09,6510,6603.8175,6663.679079442057,6663.679079442057,6578.6504267422915,6578.6504267422915,6557.251527742092,6571.349666370453,6557.251527742092,6571.349666370453,6557.251527742092,6571.349666370453,6557.251527742092,6571.349666370453,,,,,1,1,-1,0,0,20621.506894
2018-10-02,6602.271010211274,6640,6494,6567.4475,6663.679079442057,6663.679079442057,6578.6504267422915,6578.6504267422915,6564.300597056272,6574.568251215615,6564.300597056272,6574.568251215615,6564.300597056272,6574.568251215615,6564.300597056272,6574.568251215615,,,,,1,1,-1,0,0,28245.810088
2018-10-03,6584.859255105637,6584.859255105637,6430,6503.6975,6663.679079442057,6663.679079442057,6578.6504267422915,6578.6504267422915,6569.434424135943,6571.740102039998,6569.434424135943,6571.740102039998,6569.434424135943,6571.740102039998,6569.434424135943,6571.740102039998,,,,,1,1,-1,0,0,28451.969138
2018-10-04,6544.278377552819,6643.46,6505.09,6563.087500000001,6663.679079442057,6663.679079442057,6578.6504267422915,6578.6504267422915,6570.58726308797,6570.58726308797,6569.73042063344,6569.73042063344,6570.58726308797,6570.58726308797,6569.73042063344,6569.73042063344,,,,,-1,-1,-1,-1,0,20074.300818
2018-10-05,6553.68293877641,6697,6543.08,6616.855,6663.679079442057,6663.679079442057,6578.6504267422915,6578.6504267422915,6570.158841860705,6571.719152782439,6570.158841860705,6571.719152782439,6570.158841860705,6571.719152782439,6570.158841860705,6571.719152782439,,6697,,6816.8,1,1,-1,0,-1,16096.552392
2018-10-06,6585.268969388205,6651,6566.77,6611.9225,6663.679079442057,6663.679079442057,6578.6504267422915,6578.6504267422915,6570.938997321572,6575.493557968825,6570.938997321572,6575.493557968825,6570.938997321572,6575.493557968825,6570.938997321572,6575.493557968825,,,6611.9225,,1,1,-1,0,0,10939.505391
2018-10-07,6598.595734694102,6640,6525,6594.174999999999,6621.164753092175,6621.164753092175,6576.524524675545,6576.524524675545,6573.216277645199,6578.494869340669,6573.216277645199,6578.494869340669,6573.216277645199,6578.494869340669,6573.216277645199,6578.494869340669,,,,,1,1,-1,0,0,17406.831762
2018-10-08,6596.385367347051,6715.6,6587,6647.717500000001,6621.164753092175,6621.164753092175,6576.524524675545,6576.524524675545,6575.855573492933,6585.067112202737,6575.855573492933,6585.067112202737,6575.855573492933,6585.067112202737,6575.855573492933,6585.067112202737,,,,,1,1,-1,0,0,23123.419541
2018-10-09,6622.051433673526,6685.38,6607,6655.5,6621.164753092175,6621.164753092175,6576.524524675545,6576.524524675545,6580.461342847835,6593.237780757537,6580.461342847835,6593.237780757537,6580.461342847835,6593.237780757537,6580.461342847835,6593.237780757537,,,,,1,1,-1,0,0,15354.779469
2018-10-10,6638.7757168367625,6659.95,6530,6619.405,6621.164753092175,6621.164753092175,6576.524524675545,6576.524524675545,6586.849561802686,6598.72141705659,6586.849561802686,6598.72141705659,6586.849561802686,6598.72141705659,6586.849561802686,6598.72141705659,,,,,1,1,-1,0,0,15390.661444
2018-10-11,6629.090358418382,6633.92,6205,6430.4525,6621.164753092175,6621.164753092175,6576.524524675545,6576.524524675545,6592.785489429639,6592.785489429639,6590.248829333749,6590.248829333749,6592.785489429639,6592.785489429639,6590.248829333749,6590.248829333749,,,,,-1,-1,-1,-1,0,48706.634966
2018-10-12,6529.771429209191,6529.771429209191,6209,6279.93,6621.164753092175,6621.164753092175,6576.524524675545,6576.524524675545,6591.517159381694,6591.517159381694,6568.238900420499,6568.238900420499,6591.517159381694,6591.517159381694,6568.238900420499,6568.238900420499,,6529.771429209191,,6717.6,-1,-1,-1,-1,-1,29004.071419
2018-10-13,6404.850714604596,6404.850714604596,6285.07,6315.25,6621.164753092175,6621.164753092175,6576.524524675545,6576.524524675545,6579.878029901097,6579.878029901097,6538.791285317142,6538.791285317142,6579.878029901097,6579.878029901097,6538.791285317142,6538.791285317142,,,,6717.6,-1,-1,-1,-1,-1,19098.070025
2018-10-14,6360.050357302298,6416,6308,6349.065,6598.844638883859,6598.844638883859,6540.15165868575,6540.15165868575,6559.33465760912,6559.33465760912,6509.003514180769,6509.003514180769,6559.33465760912,6559.33465760912,6509.003514180769,6509.003514180769,,,,6717.6,-1,-1,-1,-1,-1,15627.411314
2018-10-15,6354.557678651148,7680,6300,6767.96,6598.844638883859,6598.844638883859,6540.15165868575,6540.15165868575,6534.169085894945,6534.169085894945,6518.8026348044195,6518.8026348044195,6534.169085894945,6534.169085894945,6518.8026348044195,6518.8026348044195,,,6767.96,,-1,-1,-1,-1,0,90748.031246
2018-10-16,6561.258839325574,6900,6561.258839325574,6770.4425,6598.844638883859,6598.844638883859,6540.15165868575,6540.15165868575,6526.485860349682,6539.325549749533,6526.485860349682,6539.325549749533,6526.485860349682,6539.325549749533,6526.485860349682,6539.325549749533,,,,,1,1,-1,0,0,27557.957764
2018-10-17,6665.8506696627865,6811.12,6665.8506696627865,6747.695,6598.844638883859,6598.844638883859,6540.15165868575,6540.15165868575,6532.905705049608,6565.196557620085,6532.905705049608,6565.196557620085,6532.905705049608,6565.196557620085,6532.905705049608,6565.196557620085,,,,,1,1,-1,0,0,26641.431379
2018-10-18,6706.772834831393,6796,6567,6680.2425,6598.844638883859,6598.844638883859,6540.15165868575,6540.15165868575,6549.051131334846,6588.14145250081,6549.051131334846,6588.14145250081,6549.051131334846,6588.14145250081,6549.051131334846,6588.14145250081,,,,,1,1,-1,0,0,20116.521941
2018-10-19,6693.507667415697,6693.507667415697,6523,6579.745,6598.844638883859,6598.844638883859,6540.15165868575,6540.15165868575,6568.596291917828,6601.897837330219,6568.596291917828,6601.897837330219,6568.596291917828,6601.897837330219,6568.596291917828,6601.897837330219,,,,,1,1,-1,0,0,20772.60077
2018-10-20,6636.626333707849,6636.626333707849,6505.55,6560.119999999999,6598.844638883859,6598.844638883859,6540.15165868575,6540.15165868575,6585.247064624024,6606.791512874939,6585.247064624024,6606.791512874939,6585.247064624024,6606.791512874939,6585.247064624024,6606.791512874939,,,,,1,1,-1,0,0,19240.722247
2018-10-21,6598.373166853924,6663.9,6580,6604.9325,6569.4981487848045,6655.764670096593,6569.4981487848045,6655.764670096593,6596.019288749481,6609.52055291479,6596.019288749481,6609.52055291479,6596.019288749481,6609.52055291479,6596.019288749481,6609.52055291479,,,,,1,1,1,1,0,6515.357792
2018-10-22,6601.652833426962,6639,6535.27,6586.3975,6569.4981487848045,6655.764670096593,6569.4981487848045,6655.764670096593,6602.7699208321355,6609.110507639338,6602.7699208321355,6609.110507639338,6602.7699208321355,6609.110507639338,6602.7699208321355,6609.110507639338,6535.27,,,6283.07,1,1,1,1,1,16213.69266
2018-10-23,6594.025166713482,6595,6515.45,6561.290000000001,6569.4981487848045,6655.764670096593,6569.4981487848045,6655.764670096593,6605.940214235737,6605.940214235737,6605.12633398093,6605.12633398093,6605.940214235737,6605.940214235737,6605.12633398093,6605.12633398093,,,6561.290000000001,,-1,-1,1,0,0,13856.601756
2018-10-24,6577.657583356741,6630,6547.53,6574.135,6569.4981487848045,6655.764670096593,6569.4981487848045,6655.764670096593,6605.533274108333,6605.533274108333,6601.240769549962,6601.240769549962,6605.533274108333,6605.533274108333,6601.240769549962,6601.240769549962,,,,,-1,-1,1,0,0,11951.543977
2018-10-25,6575.896291678371,6575.896291678371,6502.8,6543.1975,6569.4981487848045,6655.764670096593,6569.4981487848045,6655.764670096593,6603.387021829148,6603.387021829148,6594.823661818998,6594.823661818998,6603.387021829148,6603.387021829148,6594.823661818998,6594.823661818998,,,,,-1,-1,1,0,0,10342.701244
2018-10-26,6559.546895839186,6600,6515.01,6545.4425,6569.4981487848045,6655.764670096593,6569.4981487848045,6655.764670096593,6599.105341824073,6599.105341824073,6588.289117068174,6588.289117068174,6599.105341824073,6599.105341824073,6588.289117068174,6588.289117068174,,,,,-1,-1,1,0,0,9443.504156
2018-10-27,6552.494697919593,6558.35,6463.04,6516.405000000001,6569.4981487848045,6655.764670096593,6569.4981487848045,6655.764670096593,6593.697229446123,6593.697229446123,6579.398179065499,6579.398179065499,6593.697229446123,6593.697229446123,6579.398179065499,6579.398179065499,,,,,-1,-1,1,0,0,7776.907864
2018-10-28,6534.449848959797,6534.449848959797,6453,6490.675,6612.631409440699,6628.688573734335,6612.631409440699,6628.688573734335,6586.5477042558105,6586.5477042558105,6568.470896478863,6568.470896478863,6586.5477042558105,6586.5477042558105,6568.470896478863,6568.470896478863,,,,,-1,-1,1,0,0,5743.933728
2018-10-29,6512.562424479898,6512.562424479898,6315,6413.610000000001,6612.631409440699,6628.688573734335,6612.631409440699,6628.688573734335,6577.509300367336,6577.509300367336,6551.812637117197,6551.812637117197,6577.509300367336,6577.509300367336,6551.812637117197,6551.812637117197,,,,,-1,-1,1,0,0,13827.224067
2018-10-30,6463.086212239949,6463.086212239949,6317.01,6346.845,6612.631409440699,6628.688573734335,6612.631409440699,6628.688573734335,6564.660968742266,6564.660968742266,6530.322713326444,6530.322713326444,6564.660968742266,6564.660968742266,6530.322713326444,6530.322713326444,,,,,-1,-1,1,0,0,8877.175385
2018-10-31,6404.965606119975,6428,6245.02,6343.74,6612.631409440699,6628.688573734335,6612.631409440699,6628.688573734335,6547.491841034354,6547.491841034354,6504.748187842186,6504.748187842186,6547.491841034354,6547.491841034354,6504.748187842186,6504.748187842186,,,,,-1,-1,1,0,0,12148.888216
2018-11-01,6374.352803059987,6442.65,6348.66,6392.7075,6612.631409440699,6628.688573734335,6612.631409440699,6628.688573734335,6526.120014438269,6526.120014438269,6482.577354876004,6482.577354876004,6526.120014438269,6526.120014438269,6482.577354876004,6482.577354876004,,,,,-1,-1,1,0,0,9099.035841
2018-11-02,6383.530151529994,6460.34,6383.530151529994,6423.13,6612.631409440699,6628.688573734335,6612.631409440699,6628.688573734335,6504.348684657136,6504.348684657136,6466.0136524596965,6466.0136524596965,6504.348684657136,6504.348684657136,6466.0136524596965,6466.0136524596965,,,,,-1,-1,1,0,0,9739.440679
2018-11-03,6403.330075764998,6439.97,6345,6401.215,6612.631409440699,6628.688573734335,6612.631409440699,6628.688573734335,6485.181168558415,6485.181168558415,6452.183046130446,6452.183046130446,6485.181168558415,6485.181168558415,6452.183046130446,6452.183046130446,,,,,-1,-1,1,0,0,7661.241476
2018-11-04,6402.272537882499,6525,6359,6439.4625,6620.659991587517,6620.659991587517,6552.177508224956,6552.177508224956,6468.682107344431,6468.682107344431,6443.884382140368,6443.884382140368,6468.682107344431,6468.682107344431,6443.884382140368,6443.884382140368,,,,,-1,-1,-1,-1,0,10592.394943
2018-11-05,6420.86751894125,6504.39,6420.86751894125,6472.5625,6620.659991587517,6620.659991587517,6552.177508224956,6552.177508224956,6456.283244742399,6456.283244742399,6440.9705613743545,6440.9705613743545,6456.283244742399,6456.283244742399,6440.9705613743545,6440.9705613743545,,6504.39,,6560.35,-1,-1,-1,-1,-1,8987.882156
2018-11-06,6446.715009470625,6531.31,6445.18,6491.1475,6620.659991587517,6620.659991587517,6552.177508224956,6552.177508224956,6448.626903058376,6448.626903058376,6442.954561994064,6442.954561994064,6448.626903058376,6448.626903058376,6442.954561994064,6442.954561994064,,,,6560.35,-1,-1,-1,-1,-1,11926.565699
2018-11-07,6468.931254735313,6615.15,6468.931254735313,6556.334999999999,6620.659991587517,6620.659991587517,6552.177508224956,6552.177508224956,6445.7907325262195,6451.381079205358,6445.7907325262195,6451.381079205358,6445.7907325262195,6451.381079205358,6445.7907325262195,6451.381079205358,,,6556.334999999999,,1,1,-1,0,0,14271.591117
2018-11-08,6512.633127367656,6594,6468.22,6530.13,6620.659991587517,6620.659991587517,6552.177508224956,6552.177508224956,6448.585905865789,6461.968094138323,6448.585905865789,6461.968094138323,6448.585905865789,6461.968094138323,6448.585905865789,6461.968094138323,,,,,1,1,-1,0,0,13259.789282
2018-11-09,6521.381563683828,6521.381563683828,6391.01,6450.592499999999,6620.659991587517,6620.659991587517,6552.177508224956,6552.177508224956,6455.2770000020555,6467.719662236248,6455.2770000020555,6467.719662236248,6455.2770000020555,6467.719662236248,6455.2770000020555,6467.719662236248,,,,,1,1,-1,0,0,11787.616583
2018-11-10,6485.987031841913,6485.987031841913,6411,6434.8975,6620.659991587517,6620.659991587517,6552.177508224956,6552.177508224956,6461.498331119152,6469.225792120587,6461.498331119152,6469.225792120587,6461.498331119152,6469.225792120587,6461.498331119152,6469.225792120587,,,,,1,1,-1,0,0,7714.829926
2018-11-11,6460.442265920957,6462.14,6355,6425.5275,6586.4187499062355,6586.4187499062355,6515.793797338244,6515.793797338244,6465.36206161987,6466.066577120803,6465.36206161987,6466.066577120803,6465.36206161987,6466.066577120803,6465.36206161987,6466.066577120803,,,,,1,1,-1,0,0,8213.507117
2018-11-12,6442.984882960478,6497,6421,6455.445,6586.4187499062355,6586.4187499062355,6515.793797338244,6515.793797338244,6465.714319370336,6465.714319370336,6463.529245109288,6463.529245109288,6465.714319370336,6465.714319370336,6463.529245109288,6463.529245109288,,,,,-1,-1,-1,-1,0,10132.782567
2018-11-13,6449.214941480239,6498,6391.15,6449.6225,6586.4187499062355,6586.4187499062355,6515.793797338244,6515.793797338244,6464.621782239812,6464.621782239812,6460.875611527094,6460.875611527094,6464.621782239812,6464.621782239812,6460.875611527094,6460.875611527094,,6498,,6617.15,-1,-1,-1,-1,-1,11790.564933
2018-11-14,6449.418720740119,6482.84,5656.87,6130.275,6586.4187499062355,6586.4187499062355,6515.793797338244,6515.793797338244,6462.748696883453,6462.748696883453,6434.657277513887,6434.657277513887,6462.748696883453,6462.748696883453,6434.657277513887,6434.657277513887,,,,6449.6225,-1,-1,-1,-1,-1,46478.964003
2018-11-15,6289.846860370059,6289.846860370059,5403.42,5753.389999999999,6586.4187499062355,6586.4187499062355,6515.793797338244,6515.793797338244,6448.70298719867,6448.70298719867,6377.930379656269,6377.930379656269,6448.70298719867,6448.70298719867,6377.930379656269,6377.930379656269,,,,6449.6225,-1,-1,-1,-1,-1,47700.829401
2018-11-16,6021.61843018503,6021.61843018503,5549.25,5686.2925,6586.4187499062355,6586.4187499062355,6515.793797338244,6515.793797338244,6413.31668342747,6413.31668342747,6301.836890472603,6301.836890472603,6413.31668342747,6413.31668342747,6301.836890472603,6301.836890472603,,,,6449.6225,-1,-1,-1,-1,-1,38721.802274
2018-11-17,5853.955465092515,5853.955465092515,5565.43,5625.2225,6586.4187499062355,6586.4187499062355,6515.793797338244,6515.793797338244,6357.576786950037,6357.576786950037,6215.020281482328,6215.020281482328,6357.576786950037,6357.576786950037,6215.020281482328,6215.020281482328,,,,6449.6225,-1,-1,-1,-1,-1,26411.241413
2018-11-18,5739.588982546257,5739.588982546257,5617,5661.915,6551.10627362224,6551.10627362224,6326.816291779879,6326.816291779879,6286.298534216183,6286.298534216183,6127.7950159349375,6127.7950159349375,6286.298534216183,6286.298534216183,6127.7950159349375,6127.7950159349375,,,,6449.6225,-1,-1,-1,-1,-1,23844.999347
2018-11-19,5700.751991273129,5700.751991273129,4855,5272.742499999999,6551.10627362224,6551.10627362224,6326.816291779879,6326.816291779879,6207.046775075561,6207.046775075561,6020.824701319633,6020.824701319633,6207.046775075561,6207.046775075561,6020.824701319633,6020.824701319633,,,,6449.6225,-1,-1,-1,-1,-1,70580.892856
2018-11-20,5486.747245636564,5486.747245636564,4326,4711.625,6551.10627362224,6551.10627362224,6326.816291779879,6326.816291779879,6113.935738197597,6113.935738197597,5880.41234752126,5880.41234752126,6113.935738197597,6113.935738197597,5880.41234752126,5880.41234752126,,,,6291.846860370059,-1,-1,-1,-1,-1,117380.95159
2018-11-21,5099.1861228182825,5099.1861228182825,4413.85,4605.5075,6551.10627362224,6551.10627362224,6326.816291779879,6326.816291779879,5997.1740428594285,5997.1740428594285,5719.24392364983,5719.24392364983,5997.1740428594285,5997.1740428594285,5719.24392364983,5719.24392364983,,,,6023.61843018503,-1,-1,-1,-1,-1,61071.829475
2018-11-22,4852.346811409141,4852.346811409141,4335,4521.9625,6551.10627362224,6551.10627362224,6326.816291779879,6326.816291779879,5858.20898325463,5858.20898325463,5548.136002025807,5548.136002025807,5858.20898325463,5858.20898325463,5548.136002025807,5548.136002025807,,,,5855.955465092515,-1,-1,-1,-1,-1,34531.119143
2018-11-23,4687.15465570457,4687.15465570457,4222.94,4374.6125,6551.10627362224,6551.10627362224,6326.816291779879,6326.816291779879,5703.1724926402185,5703.1724926402185,5374.49270089695,5374.49270089695,5703.1724926402185,5703.1724926402185,5374.49270089695,5374.49270089695,,,,5741.588982546257,-1,-1,-1,-1,-1,49371.920322
2018-11-24,4530.883577852285,4530.883577852285,3824.69,4174.9400000000005,6551.10627362224,6551.10627362224,6326.816291779879,6326.816291779879,5538.832596768584,5538.832596768584,5194.868634861634,5194.868634861634,5538.832596768584,5538.832596768584,5194.868634861634,5194.868634861634,,,,5702.751991273129,-1,-1,-1,-1,-1,61693.111006
2018-11-25,4352.911788926143,4352.911788926143,3652.66,3976.28,6438.96128270106,6438.96128270106,5817.9111448394915,5817.9111448394915,5366.8506158151085,5366.8506158151085,5012.272716009726,5012.272716009726,5366.8506158151085,5366.8506158151085,5012.272716009726,5012.272716009726,,,,5488.747245636564,-1,-1,-1,-1,-1,101693.975588
2018-11-26,4164.595894463072,4206,3701,3964.4725,6438.96128270106,6438.96128270106,5817.9111448394915,5817.9111448394915,5189.561665912417,5189.561665912417,4837.883010110483,4837.883010110483,5189.561665912417,5189.561665912417,4837.883010110483,4837.883010110483,,,,5101.1861228182825,-1,-1,-1,-1,-1,94503.750767
2018-11-27,4064.534197231536,4064.534197231536,3689.12,3842.1949999999997,6438.96128270106,6438.96128270106,5817.9111448394915,5817.9111448394915,5013.72233801145,5013.72233801145,4674.475621891306,4674.475621891306,5013.72233801145,5013.72233801145,4674.475621891306,4674.475621891306,,,,4854.346811409141,-1,-1,-1,-1,-1,67480.607212
2018-11-28,3953.364598615768,4394.47,3874.27,4102.305,6438.96128270106,6438.96128270106,5817.9111448394915,5817.9111448394915,4844.098979951378,4844.098979951378,4545.474554301258,4545.474554301258,4844.098979951378,4844.098979951378,4545.474554301258,4545.474554301258,,,,4689.15465570457,-1,-1,-1,-1,-1,91983.567949
2018-11-29,4027.834799307884,4450.38,4027.834799307884,4283.4825,6438.96128270106,6438.96128270106,5817.9111448394915,5817.9111448394915,4694.786767126318,4694.786767126318,4454.332586790585,4454.332586790585,4694.786767126318,4694.786767126318,4454.332586790585,4454.332586790585,,,,4532.883577852285,-1,-1,-1,-1,-1,73980.198669
2018-11-30,4155.658649653942,4341.36,3943,4155.35,6438.96128270106,6438.96128270106,5817.9111448394915,5817.9111448394915,4574.559676958452,4574.559676958452,4384.644964229862,4384.644964229862,4574.559676958452,4574.559676958452,4384.644964229862,4384.644964229862,,,,4452.38,-1,-1,-1,-1,-1,67758.446283
2018-12-01,4155.504324826971,4299.99,3963.01,4123.5725,6438.96128270106,6438.96128270106,5817.9111448394915,5817.9111448394915,4479.602320594157,4479.602320594157,4329.979561877248,4329.979561877248,4479.602320594157,4479.602320594157,4329.979561877248,4329.979561877248,,,,4452.38,-1,-1,-1,-1,-1,44840.073481
2018-12-02,4139.538412413485,4312.99,4103.04,4192.004999999999,6128.436213770276,6128.436213770276,5264.648472484919,5264.648472484919,4404.790941235703,4404.790941235703,4291.750266666128,4291.750266666128,4404.790941235703,4404.790941235703,4291.750266666128,4291.750266666128,,,,4452.38,-1,-1,-1,-1,-1,38912.15479
2018-12-03,4165.771706206742,4179,3827,4012.64,6128.436213770276,6128.436213770276,5264.648472484919,5264.648472484919,4348.270603950916,4348.270603950916,4252.074609779655,4252.074609779655,4348.270603950916,4348.270603950916,4252.074609779655,4252.074609779655,,,,4452.38,-1,-1,-1,-1,-1,49094.369163
2018-12-04,4089.205853103371,4089.205853103371,3781,3925.6,6128.436213770276,6128.436213770276,5264.648472484919,5264.648472484919,4300.172606865285,4300.172606865285,4208.597375834592,4208.597375834592,4300.172606865285,4300.172606865285,4208.597375834592,4208.597375834592,,,,4452.38,-1,-1,-1,-1,-1,48489.551613
2018-12-05,4007.4029265516856,4007.4029265516856,3745,3858.955,6128.436213770276,6128.436213770276,5264.648472484919,5264.648472484919,4254.384991349939,4254.384991349939,4161.29402998834,4161.29402998834,4254.384991349939,4254.384991349939,4161.29402998834,4161.29402998834,,,,4343.36,-1,-1,-1,-1,-1,44004.799448
2018-12-06,3933.1789632758428,3933.1789632758428,3500,3669.295,6128.436213770276,6128.436213770276,5264.648472484919,5264.648472484919,4207.83951066914,4207.83951066914,4103.451953184497,4103.451953184497,4207.83951066914,4207.83951066914,4103.451953184497,4103.451953184497,,,,4314.99,-1,-1,-1,-1,-1,68378.796943
2018-12-07,3801.2369816379214,3801.2369816379214,3224.6,3421.7225,6128.436213770276,6128.436213770276,5264.648472484919,5264.648472484919,4155.645731926818,4155.645731926818,4028.347620687989,4028.347620687989,4155.645731926818,4155.645731926818,4028.347620687989,4028.347620687989,,,,4314.99,-1,-1,-1,-1,-1,95145.457442
2018-12-08,3611.4797408189606,3611.4797408189606,3222,3382.875,6128.436213770276,6128.436213770276,5264.648472484919,5264.648472484919,4091.996676307404,4091.996676307404,3942.508798831529,3942.508798831529,4091.996676307404,4091.996676307404,3942.508798831529,3942.508798831529,,,,4181,-1,-1,-1,-1,-1,55365.949949
2018-12-09,3497.1773704094803,3658,3394.04,3502.1925,5696.542343127598,5696.542343127598,4708.154725291513,4708.154725291513,4017.2527375694667,4017.2527375694667,3864.2590080781447,3864.2590080781447,4017.2527375694667,4017.2527375694667,3864.2590080781447,3864.2590080781447,,,,4091.205853103371,-1,-1,-1,-1,-1,45956.893296
2018-12-10,3499.68493520474,3610,3370.11,3490.37,5696.542343127598,5696.542343127598,4708.154725291513,4708.154725291513,3940.755872823806,3940.755872823806,3794.700859124169,3794.700859124169,3940.755872823806,3940.755872823806,3794.700859124169,3794.700859124169,,,,4009.4029265516856,-1,-1,-1,-1,-1,40989.244553
2018-12-11,3495.02746760237,3495.02746760237,3324.32,3404.68,5696.542343127598,5696.542343127598,4708.154725291513,4708.154725291513,3867.7283659739874,3867.7283659739874,3729.8015340280485,3729.8015340280485,3867.7283659739874,3867.7283659739874,3729.8015340280485,3729.8015340280485,,,,3935.1789632758428,-1,-1,-1,-1,-1,35920.864154
2018-12-12,3449.8537338011847,3492,3350,3416.5575,5696.542343127598,5696.542343127598,4708.154725291513,4708.154725291513,3798.764950001018,3798.764950001018,3672.6086289318364,3672.6086289318364,3798.764950001018,3798.764950001018,3672.6086289318364,3672.6086289318364,,,,3803.2369816379214,-1,-1,-1,-1,-1,33922.931286
2018-12-13,3433.2056169005923,3460,3255.5,3365.985,5696.542343127598,5696.542343127598,4708.154725291513,4708.154725291513,3735.6867894664274,3735.6867894664274,3619.790964357454,3619.790964357454,3735.6867894664274,3735.6867894664274,3619.790964357454,3619.790964357454,,,,3660,-1,-1,-1,-1,-1,40040.917013
2018-12-14,3399.595308450296,3399.595308450296,3177,3259.655,5696.542343127598,5696.542343127598,4708.154725291513,4708.154725291513,3677.7388769119407,3677.7388769119407,3567.513426655426,3567.513426655426,3677.7388769119407,3677.7388769119407,3567.513426655426,3567.513426655426,,,,3660,-1,-1,-1,-1,-1,44492.983807
2018-12-15,3329.6251542251484,3329.6251542251484,3156.26,3217.4175,5696.542343127598,5696.542343127598,4708.154725291513,4708.154725291513,3622.6261517836833,3622.6261517836833,3515.6255557684485,3515.6255557684485,3622.6261517836833,3622.6261517836833,3515.6255557684485,3515.6255557684485,,,,3612,-1,-1,-1,-1,-1,29796.041436
2018-12-16,3273.521327112574,3294,3186,3230.095,5202.3485342095555,5202.3485342095555,4233.940699782329,4233.940699782329,3569.125853776066,3569.125853776066,3467.435973888721,3467.435973888721,3569.125853776066,3569.125853776066,3467.435973888721,3467.435973888721,,,,3497.02746760237,-1,-1,-1,-1,-1,24628.808538
2018-12-17,3251.8081635562867,3585,3216,3384.825,5202.3485342095555,5202.3485342095555,4233.940699782329,4233.940699782329,3518.2809138323933,3518.2809138323933,3435.3450416337682,3435.3450416337682,3518.2809138323933,3518.2809138323933,3435.3450416337682,3435.3450416337682,,,,3497.02746760237,-1,-1,-1,-1,-1,66761.751697
2018-12-18,3318.3165817781432,3678.59,3318.3165817781432,3566.2675,5202.3485342095555,5202.3485342095555,4233.940699782329,4233.940699782329,3476.8129777330805,3476.8129777330805,3423.4828398485947,3423.4828398485947,3476.8129777330805,3476.8129777330805,3423.4828398485947,3423.4828398485947,,,3566.2675,,-1,-1,-1,-1,0,61369.615257
2018-12-19,3442.2920408890714,3912.73,3442.2920408890714,3712.6249999999995,5202.3485342095555,5202.3485342095555,4233.940699782329,4233.940699782329,3450.1479087908374,3450.1479087908374,3436.080650624042,3436.080650624042,3450.1479087908374,3450.1479087908374,3436.080650624042,3436.080650624042,,,,,-1,-1,-1,-1,0,94137.341014
2018-12-20,3577.4585204445357,4120,3577.4585204445357,3866.1575000000003,5202.3485342095555,5202.3485342095555,4233.940699782329,4233.940699782329,3443.1142797074394,3472.998560950204,3443.1142797074394,3472.998560950204,3443.1142797074394,3472.998560950204,3443.1142797074394,3472.998560950204,,,,,1,1,-1,0,0,101543.835986
2018-12-21,3721.808010222268,4139.99,3721.808010222268,3948.6275,5202.3485342095555,5202.3485342095555,4233.940699782329,4233.940699782329,3458.056420328822,3526.676680805607,3458.056420328822,3526.676680805607,3458.056420328822,3526.676680805607,3458.056420328822,3526.676680805607,,,,,1,1,-1,0,0,82343.850112
2018-12-22,3835.217755111134,3979,3785,3888.29,5202.3485342095555,5202.3485342095555,4233.940699782329,4233.940699782329,3492.3665505672143,3582.410937446766,3492.3665505672143,3582.410937446766,3492.3665505672143,3582.410937446766,3492.3665505672143,3582.410937446766,,,,,1,1,-1,0,0,42822.350872
2018-12-23,3861.7538775555668,4021.53,3861.7538775555668,3942.5375000000004,4718.144616995943,4718.144616995943,3946.4338697885173,3946.4338697885173,3537.3887440069902,3638.5965128865087,3537.3887440069902,3638.5965128865087,3537.3887440069902,3638.5965128865087,3537.3887440069902,3638.5965128865087,,,,,1,1,-1,0,0,40117.531529
2018-12-24,3902.1456887777836,4198,3902.1456887777836,4015.1375000000003,4718.144616995943,4718.144616995943,3946.4338697885173,3946.4338697885173,3587.992628446749,3697.3285108919335,3587.992628446749,3697.3285108919335,3587.992628446749,3697.3285108919335,3587.992628446749,3697.3285108919335,,,,,1,1,-1,0,0,64647.809129
2018-12-25,3958.641594388892,4020,3646.41,3855.5775000000003,4718.144616995943,4718.144616995943,3946.4338697885173,3946.4338697885173,3642.6605696693414,3740.099333312713,3642.6605696693414,3740.099333312713,3642.6605696693414,3740.099333312713,3642.6605696693414,3740.099333312713,,,,,1,1,-1,0,0,62725.629432
2018-12-26,3907.1095471944463,3907.1095471944463,3656.74,3754.2975,4718.144616995943,4718.144616995943,3946.4338697885173,3946.4338697885173,3691.379951491027,3765.944811801033,3691.379951491027,3765.944811801033,3691.379951491027,3765.944811801033,3691.379951491027,3765.944811801033,,,,,1,1,-1,0,0,42629.375817
2018-12-27,3830.7035235972235,3830.7035235972235,3535,3673.6575,4718.144616995943,4718.144616995943,3946.4338697885173,3946.4338697885173,3728.66238164603,3773.7012639842565,3728.66238164603,3773.7012639842565,3728.66238164603,3773.7012639842565,3728.66238164603,3773.7012639842565,,,,,1,1,-1,0,0,44097.392912
2018-12-28,3752.1805117986114,3887.25,3540.04,3708.61,4718.144616995943,4718.144616995943,3946.4338697885173,3946.4338697885173,3751.1818228151433,3772.7270629111295,3751.1818228151433,3772.7270629111295,3751.1818228151433,3772.7270629111295,3751.1818228151433,3772.7270629111295,,,,,1,1,-1,0,0,45964.304987
2018-12-29,3730.395255899306,3892,3670,3774.08,4718.144616995943,4718.144616995943,3946.4338697885173,3946.4338697885173,3761.954442863136,3771.7294802826655,3761.954442863136,3771.7294802826655,3761.954442863136,3771.7294802826655,3761.954442863136,3771.7294802826655,,,,,1,1,-1,0,0,38874.373903
2018-12-30,3752.237627949653,3903.5,3657.9,3765.005,4332.28924339223,4332.28924339223,3864.114466255097,3864.114466255097,3766.841961572901,3771.0800463186933,3766.841961572901,3771.0800463186933,3766.841961572901,3771.0800463186933,3766.841961572901,3771.0800463186933,,,,,1,1,-1,0,0,33222.369262
2018-12-31,3758.6213139748265,3810,3630.33,3736.5875,4332.28924339223,4332.28924339223,3864.114466255097,3864.114466255097,3768.961003945797,3768.961003945797,3767.470724439952,3767.470724439952,3768.961003945797,3768.961003945797,3767.470724439952,3767.470724439952,,,,,-1,-1,-1,-1,0,29991.77835
2019-01-01,3747.6044069874133,3810.16,3642,3737.6324999999997,4332.28924339223,4332.28924339223,3864.114466255097,3864.114466255097,3768.2158641928745,3768.2158641928745,3762.842241101597,3762.842241101597,3768.2158641928745,3768.2158641928745,3762.842241101597,3762.842241101597,,3810.16,,4200,-1,-1,-1,-1,-1,23741.687033
2019-01-02,3742.6184534937065,3882.14,3742.6184534937065,3821.9,4332.28924339223,4332.28924339223,3864.114466255097,3864.114466255097,3765.529052647236,3765.529052647236,3763.7469031566097,3763.7469031566097,3765.529052647236,3765.529052647236,3763.7469031566097,3763.7469031566097,,,,4200,-1,-1,-1,-1,-1,35156.463369
2019-01-03,3782.2592267468535,3862.74,3730,3804.2725,4332.28924339223,4332.28924339223,3864.114466255097,3864.114466255097,3764.637977901923,3766.930947984958,3764.637977901923,3766.930947984958,3764.637977901923,3766.930947984958,3764.637977901923,3766.930947984958,,,3804.2725,,1,1,-1,0,0,29406.948359
2019-01-04,3793.265863373427,3823.64,3703.57,3771.605,4332.28924339223,4332.28924339223,3864.114466255097,3864.114466255097,3765.7844629434408,3768.9581038256006,3765.7844629434408,3768.9581038256006,3765.7844629434408,3768.9581038256006,3765.7844629434408,3768.9581038256006,,,,,1,1,-1,0,0,29519.554671
2019-01-05,3782.4354316867134,3840.99,3751,3788.26,4332.28924339223,4332.28924339223,3864.114466255097,3864.114466255097,3767.3712833845207,3771.83417691533,3767.3712833845207,3771.83417691533,3767.3712833845207,3771.83417691533,3767.3712833845207,3771.83417691533,,,,,1,1,-1,0,0,30490.667751
2019-01-06,3785.347715843357,4027.71,3740,3881.6075,4098.201854823664,4098.201854823664,3839.796307379513,3839.796307379513,3769.6027301499253,3780.8947556501375,3769.6027301499253,3780.8947556501375,3769.6027301499253,3780.8947556501375,3769.6027301499253,3780.8947556501375,,,,,1,1,-1,0,0,36553.806709
2019-01-07,3833.4776079216786,4017.9,3833.4776079216786,3975.625,4098.201854823664,4098.201854823664,3839.796307379513,3839.796307379513,3775.248742900031,3797.0541633539992,3775.248742900031,3797.0541633539992,3775.248742900031,3797.0541633539992,3775.248742900031,3797.0541633539992,,,,,1,1,-1,0,0,31869.846264
2019-01-08,3904.5513039608395,4069.8,3903,3976.1725000000006,4098.201854823664,4098.201854823664,3839.796307379513,3839.796307379513,3786.151453127015,3819.379823627909,3786.151453127015,3819.379823627909,3786.151453127015,3819.379823627909,3786.151453127015,3819.379823627909,,,,,1,1,-1,0,0,38901.423122
2019-01-09,3940.36190198042,4006.81,3930.04,3964.7374999999997,4098.201854823664,4098.201854823664,3839.796307379513,3839.796307379513,3802.765638377462,3842.3413563661506,3802.765638377462,3842.3413563661506,3802.765638377462,3842.3413563661506,3802.765638377462,3842.3413563661506,,,,,1,1,-1,0,0,28989.439511
2019-01-10,3952.54970099021,3996.01,3540,3771.9875,4098.201854823664,4098.201854823664,3839.796307379513,3839.796307379513,3822.5534973718063,3850.638555544566,3822.5534973718063,3850.638555544566,3822.5534973718063,3850.638555544566,3822.5534973718063,3850.638555544566,,,,,1,1,-1,0,0,59402.22851
2019-01-11,3862.268600495105,3862.268600495105,3465,3577.5475,4098.201854823664,4098.201854823664,3839.796307379513,3839.796307379513,3836.5960264581863,3840.3890369125365,3836.5960264581863,3840.3890369125365,3836.5960264581863,3840.3890369125365,3836.5960264581863,3840.3890369125365,,,,,1,1,-1,0,0,38338.654733
2019-01-12,3719.9080502475526,3719.9080502475526,3530,3583.1575000000003,4098.201854823664,4098.201854823664,3839.796307379513,3839.796307379513,3838.4925316853614,3838.4925316853614,3817.6374271696995,3817.6374271696995,3838.4925316853614,3838.4925316853614,3817.6374271696995,3817.6374271696995,,,,,-1,-1,-1,-1,0,21999.928354
2019-01-13,3651.5327751237764,3651.5327751237764,3441.3,3528.3275,3968.999081101588,3968.999081101588,3806.731421928751,3806.731421928751,3828.0649794275305,3828.0649794275305,3784.845416880126,3784.845416880126,3828.0649794275305,3828.0649794275305,3784.845416880126,3784.845416880126,,3651.5327751237764,,4071.8,-1,-1,-1,-1,-1,26385.757454
2019-01-14,3589.930137561888,3671.87,3467.02,3560.635,3968.999081101588,3968.999081101588,3806.731421928751,3806.731421928751,3806.455198153828,3806.455198153828,3750.6552225236887,3750.6552225236887,3806.455198153828,3806.455198153828,3750.6552225236887,3750.6552225236887,,,,4071.8,-1,-1,-1,-1,-1,35235.211215
2019-01-15,3575.282568780944,3648.42,3516.62,3586.0449999999996,3968.999081101588,3968.999081101588,3806.731421928751,3806.731421928751,3778.555210338758,3778.555210338758,3719.6719469059335,3719.6719469059335,3778.555210338758,3778.555210338758,3719.6719469059335,3719.6719469059335,,,,4071.8,-1,-1,-1,-1,-1,34137.997459
2019-01-16,3580.663784390472,3645,3543.51,3583.3525,3968.999081101588,3968.999081101588,3806.731421928751,3806.731421928751,3749.113578622346,3749.113578622346,3693.520607101353,3693.520607101353,3749.113578622346,3749.113578622346,3693.520607101353,3693.520607101353,,,,4071.8,-1,-1,-1,-1,-1,27480.179977
2019-01-17,3582.008142195236,3634.7,3530.39,3593.285,3968.999081101588,3968.999081101588,3806.731421928751,3806.731421928751,3721.3170928618492,3721.3170928618492,3671.6788866101006,3671.6788866101006,3721.3170928618492,3721.3170928618492,3671.6788866101006,3671.6788866101006,,,,4071.8,-1,-1,-1,-1,-1,29755.440838
2019-01-18,3587.646571097618,3620,3565.75,3598.4849999999997,3968.999081101588,3968.999081101588,3806.731421928751,3806.731421928751,3696.497989735975,3696.497989735975,3654.4897731510096,3654.4897731510096,3696.497989735975,3696.497989735975,3654.4897731510096,3654.4897731510096,,,,4071.8,-1,-1,-1,-1,-1,22713.446755
2019-01-19,3593.065785548809,3720,3593.065785548809,3643.6000000000004,3968.999081101588,3968.999081101588,3806.731421928751,3806.731421928751,3675.4938814434922,3675.4938814434922,3644.9520197255133,3644.9520197255133,3675.4938814434922,3675.4938814434922,3644.9520197255133,3644.9520197255133,,,,4071.8,-1,-1,-1,-1,-1,22171.578123
2019-01-20,3618.3328927744046,3693.73,3475,3593.44,3887.86525151517,3887.86525151517,3732.599627058863,3732.599627058863,3660.222950584503,3660.222950584503,3636.0720639907786,3636.0720639907786,3660.222950584503,3660.222950584503,3636.0720639907786,3636.0720639907786,,,,4071.8,-1,-1,-1,-1,-1,27901.938598
2019-01-21,3605.8864463872023,3605.8864463872023,3475.5,3525.2925,3887.86525151517,3887.86525151517,3732.599627058863,3732.599627058863,3648.147507287641,3648.147507287641,3624.556465465931,3624.556465465931,3648.147507287641,3648.147507287641,3624.556465465931,3624.556465465931,,,,4071.8,-1,-1,-1,-1,-1,19644.436839
2019-01-22,3565.5894731936014,3608.5,3434.85,3535.29,3887.86525151517,3887.86525151517,3732.599627058863,3732.599627058863,3636.351986376786,3636.351986376786,3611.315933072777,3611.315933072777,3636.351986376786,3636.351986376786,3611.315933072777,3611.315933072777,,,,4071.8,-1,-1,-1,-1,-1,29336.442967
2019-01-23,3550.4397365968007,3607.98,3514.5,3561.4275,3887.86525151517,3887.86525151517,3732.599627058863,3732.599627058863,3623.833959724782,3623.833959724782,3600.4499847183206,3600.4499847183206,3623.833959724782,3623.833959724782,3600.4499847183206,3600.4499847183206,,,,4071.8,-1,-1,-1,-1,-1,24938.842698
2019-01-24,3555.9336182984002,3589,3529.22,3560.2024999999994,3887.86525151517,3887.86525151517,3732.599627058863,3732.599627058863,3612.1419722215514,3612.1419722215514,3591.6582350290214,3591.6582350290214,3612.1419722215514,3612.1419722215514,3591.6582350290214,3591.6582350290214,,,,4071.8,-1,-1,-1,-1,-1,20826.25118
2019-01-25,3558.0680591492,3587.15,3522.51,3561.005,3887.86525151517,3887.86525151517,3732.599627058863,3732.599627058863,3601.9001036252866,3601.9001036252866,3584.4909767080844,3584.4909767080844,3601.9001036252866,3601.9001036252866,3584.4909767080844,3584.4909767080844,,,,4071.8,-1,-1,-1,-1,-1,17608.346671
2019-01-26,3559.5365295746,3662.94,3545,3584.9700000000003,3887.86525151517,3887.86525151517,3732.599627058863,3732.599627058863,3593.1955401666855,3593.1955401666855,3581.468092219253,3581.468092219253,3593.1955401666855,3593.1955401666855,3581.468092219253,3581.468092219253,,,,4071.8,-1,-1,-1,-1,-1,19476.532344
2019-01-27,3572.2532647873004,3579,3486,3545.365,3810.2324392870164,3810.2324392870164,3656.5626166769794,3656.5626166769794,3587.331816192969,3587.331816192969,3576.8739882558048,3576.8739882558048,3587.331816192969,3587.331816192969,3576.8739882558048,3576.8739882558048,,,,4071.8,-1,-1,-1,-1,-1,22735.598162
2019-01-28,3558.80913239365,3558.80913239365,3380.27,3480.555,3810.2324392870164,3810.2324392870164,3656.5626166769794,3656.5626166769794,3582.102902224387,3582.102902224387,3567.417791112064,3567.417791112064,3582.102902224387,3582.102902224387,3567.417791112064,3567.417791112064,,,,4071.8,-1,-1,-1,-1,-1,40405.111401
2019-01-29,3519.682066196825,3519.682066196825,3349.92,3409.6025,3810.2324392870164,3810.2324392870164,3656.5626166769794,3656.5626166769794,3574.7603466682253,3574.7603466682253,3552.5430206215497,3552.5430206215497,3574.7603466682253,3574.7603466682253,3552.5430206215497,3552.5430206215497,,,,4071.8,-1,-1,-1,-1,-1,29544.928977
2019-01-30,3464.6422830984125,3478,3387.1,3433.33,3810.2324392870164,3810.2324392870164,3656.5626166769794,3656.5626166769794,3563.6516836448873,3563.6516836448873,3535.665909961803,3535.665909961803,3563.6516836448873,3563.6516836448873,3535.665909961803,3535.665909961803,,,,4071.8,-1,-1,-1,-1,-1,23968.260243
2019-01-31,3448.986141549206,3489.2,3418.8,3449.9,3810.2324392870164,3810.2324392870164,3656.5626166769794,3656.5626166769794,3549.658796803345,3549.658796803345,3520.328202802855,3520.328202802855,3549.658796803345,3549.658796803345,3520.328202802855,3520.328202802855,,,,4071.8,-1,-1,-1,-1,-1,29607.190253
2019-02-01,3449.4430707746033,3488,3401.2,3446.3424999999997,3810.2324392870164,3810.2324392870164,3656.5626166769794,3656.5626166769794,3534.9934998030994,3534.9934998030994,3506.5855563411938,3506.5855563411938,3534.9934998030994,3534.9934998030994,3506.5855563411938,3506.5855563411938,,,,4071.8,-1,-1,-1,-1,-1,25260.476159
2019-02-02,3447.8927853873015,3526.4,3440.29,3483.415,3810.2324392870164,3810.2324392870164,3656.5626166769794,3656.5626166769794,3520.7895280721464,3520.7895280721464,3497.320222659586,3497.320222659586,3520.7895280721464,3520.7895280721464,3497.320222659586,3497.320222659586,,,,4071.8,-1,-1,-1,-1,-1,17920.802
2019-02-03,3465.653892693651,3511.09,3426,3474.815,3733.397527981998,3733.397527981998,3583.534825315245,3583.534825315245,3509.054875365866,3509.054875365866,3490.513689209398,3490.513689209398,3509.054875365866,3509.054875365866,3490.513689209398,3490.513689209398,,,,4071.8,-1,-1,-1,-1,-1,19867.33639
2019-02-04,3470.2344463468253,3484.88,3433.31,3459.8799999999997,3733.397527981998,3733.397527981998,3583.534825315245,3583.534825315245,3499.784282287632,3499.784282287632,3484.809522255071,3484.809522255071,3499.784282287632,3499.784282287632,3484.809522255071,3484.809522255071,,,,4071.8,-1,-1,-1,-1,-1,23131.981108
2019-02-05,3465.0572231734122,3478.97,3448.43,3465.5525,3733.397527981998,3733.397527981998,3583.534825315245,3583.534825315245,3492.2969022713514,3492.2969022713514,3480.342502879788,3480.342502879788,3492.2969022713514,3492.2969022713514,3480.342502879788,3480.342502879788,,,,4071.8,-1,-1,-1,-1,-1,25264.41503
2019-02-06,3465.304861586706,3482.72,3380,3434.915,3733.397527981998,3733.397527981998,3583.534825315245,3583.534825315245,3486.31970257557,3486.31970257557,3474.7372238394905,3474.7372238394905,3486.31970257557,3486.31970257557,3474.7372238394905,3474.7372238394905,,,,4071.8,-1,-1,-1,-1,-1,35310.244846
2019-02-07,3450.1099307933528,3450.1099307933528,3390,3405.4625,3733.397527981998,3733.397527981998,3583.534825315245,3583.534825315245,3480.52846320753,3480.52846320753,3467.6043928702125,3467.6043928702125,3480.52846320753,3480.52846320753,3467.6043928702125,3467.6043928702125,,,,4071.8,-1,-1,-1,-1,-1,18665.538638
2019-02-08,3427.786215396676,3733.58,3373.1,3541.0299999999997,3733.397527981998,3733.397527981998,3583.534825315245,3583.534825315245,3474.066428038871,3474.066428038871,3468.833041616012,3468.833041616012,3474.066428038871,3474.066428038871,3468.833041616012,3468.833041616012,,,,4071.8,-1,-1,-1,-1,-1,47968.058013
2019-02-09,3484.408107698338,3680.02,3484.408107698338,3657.65,3733.397527981998,3733.397527981998,3583.534825315245,3583.534825315245,3471.4497348274417,3478.98761211811,3471.4497348274417,3478.98761211811,3471.4497348274417,3478.98761211811,3471.4497348274417,3478.98761211811,,,3657.65,,1,1,-1,0,0,24759.833719
2019-02-10,3571.029053849169,3684.99,3571.029053849169,3659.9975,3658.4661766486215,3658.4661766486215,3561.78417210256,3561.78417210256,3475.218673472776,3496.4174152241094,3475.218673472776,3496.4174152241094,3475.218673472776,3496.4174152241094,3475.218673472776,3496.4174152241094,,,,,1,1,-1,0,0,23250.602634
2019-02-11,3615.5132769245847,3684.9,3615.5132769245847,3652.8075,3658.4661766486215,3658.4661766486215,3561.78417210256,3561.78417210256,3485.818044348443,3517.508309850303,3485.818044348443,3517.508309850303,3485.818044348443,3517.508309850303,3485.818044348443,3517.508309850303,,,,,1,1,-1,0,0,24954.614571
2019-02-12,3634.1603884622923,3667.6,3582.34,3628.1125,3658.4661766486215,3658.4661766486215,3561.78417210256,3561.78417210256,3501.663177099373,3537.176941766106,3501.663177099373,3537.176941766106,3501.663177099373,3537.176941766106,3501.663177099373,3537.176941766106,,,,,1,1,-1,0,0,29479.59823
2019-02-13,3631.136444231146,3670,3591.75,3625.665,3658.4661766486215,3658.4661766486215,3561.78417210256,3561.78417210256,3519.42005943274,3554.57438504163,3519.42005943274,3554.57438504163,3519.42005943274,3554.57438504163,3519.42005943274,3554.57438504163,,,,,1,1,-1,0,0,25773.997648
2019-02-14,3628.400722115573,3628.400722115573,3568.11,3598.3525,3658.4661766486215,3658.4661766486215,3561.78417210256,3561.78417210256,3536.9972222371853,3567.2480008827556,3536.9972222371853,3567.2480008827556,3536.9972222371853,3567.2480008827556,3536.9972222371853,3567.2480008827556,,,,,1,1,-1,0,0,21753.501261
2019-02-15,3613.3766110577862,3653.23,3573.45,3604.93,3658.4661766486215,3658.4661766486215,3561.78417210256,3561.78417210256,3552.1226115599707,3577.0733462203198,3552.1226115599707,3577.0733462203198,3552.1226115599707,3577.0733462203198,3552.1226115599707,3577.0733462203198,,,,,1,1,-1,0,0,20777.872899
2019-02-16,3609.153305528893,3648.2,3597.91,3616.7524999999996,3658.4661766486215,3658.4661766486215,3561.78417210256,3561.78417210256,3564.5979788901454,3585.296783392241,3564.5979788901454,3585.296783392241,3564.5979788901454,3585.296783392241,3564.5979788901454,3585.296783392241,,,,,1,1,-1,0,0,19565.992751
2019-02-17,3612.952902764446,3700.11,3604.4,3647.3275,3610.1251743755906,3610.1251743755906,3582.8776578898514,3582.8776578898514,3574.9473811411935,3594.1033489434817,3574.9473811411935,3594.1033489434817,3574.9473811411935,3594.1033489434817,3574.9473811411935,3594.1033489434817,,,,,1,1,-1,0,0,25690.227779
2019-02-18,3630.140201382223,3925,3630.140201382223,3786.555,3610.1251743755906,3610.1251743755906,3582.8776578898514,3582.8776578898514,3584.525365042338,3611.444679689406,3584.525365042338,3611.444679689406,3584.525365042338,3611.444679689406,3584.525365042338,3611.444679689406,,,,,1,1,-1,0,0,64042.730492
2019-02-19,3708.3476006911114,3994.52,3708.3476006911114,3913.915,3610.1251743755906,3610.1251743755906,3582.8776578898514,3582.8776578898514,3597.985022365872,3639.0784447624947,3597.985022365872,3639.0784447624947,3597.985022365872,3639.0784447624947,3597.985022365872,3639.0784447624947,,,,,1,1,-1,0,0,50207.172667
2019-02-20,3811.1313003455557,3986.98,3811.1313003455557,3933.6825,3610.1251743755906,3610.1251743755906,3582.8776578898514,3582.8776578898514,3618.5317335641835,3673.8988978330726,3618.5317335641835,3673.8988978330726,3618.5317335641835,3673.8988978330726,3618.5317335641835,3673.8988978330726,,,,,1,1,-1,0,0,36205.14085
2019-02-21,3872.4069001727776,4016.48,3872.4069001727776,3956.14,3610.1251743755906,3610.1251743755906,3582.8776578898514,3582.8776578898514,3646.215315698628,3712.8559583551923,3646.215315698628,3712.8559583551923,3646.215315698628,3712.8559583551923,3646.215315698628,3712.8559583551923,,,,,1,1,-1,0,0,31103.884728
2019-02-22,3914.273450086389,3988,3914.273450086389,3953.49,3610.1251743755906,3610.1251743755906,3582.8776578898514,3582.8776578898514,3679.53563702691,3751.449543637782,3679.53563702691,3751.449543637782,3679.53563702691,3751.449543637782,3679.53563702691,3751.449543637782,,,,,1,1,-1,0,0,23943.16375
2019-02-23,3933.8817250431944,4162.02,3933.15,4043.7325,3610.1251743755906,3610.1251743755906,3582.8776578898514,3582.8776578898514,3715.492590332346,3793.1706845583694,3715.492590332346,3793.1706845583694,3715.492590332346,3793.1706845583694,3715.492590332346,3793.1706845583694,,,,,1,1,-1,0,0,33657.942883
2019-02-24,3988.8071125215974,4198,3712.66,3943.055,3596.501416132721,3683.975542454536,3596.501416132721,3683.975542454536,3754.331637445358,3827.5258697499353,3754.331637445358,3827.5258697499353,3754.331637445358,3827.5258697499353,3754.331637445358,3827.5258697499353,,,,,1,1,1,1,0,62224.18689
2019-02-25,3965.931056260799,3965.931056260799,3740,3796.035,3596.501416132721,3683.975542454536,3596.501416132721,3683.975542454536,3790.928753597647,3847.064814695374,3790.928753597647,3847.064814695374,3790.928753597647,3847.064814695374,3790.928753597647,3847.064814695374,3740,,,3595.91,1,1,1,1,1,38102.966245
2019-02-26,3880.9830281303994,3880.9830281303994,3777,3814.045,3596.501416132721,3683.975542454536,3596.501416132721,3683.975542454536,3818.9967841465104,3855.3996956138967,3818.9967841465104,3855.3996956138967,3818.9967841465104,3855.3996956138967,3818.9967841465104,3855.3996956138967,,,,3595.91,1,1,1,1,1,28838.748036
2019-02-27,3847.5140140651997,3847.5140140651997,3677.17,3785.85,3596.501416132721,3683.975542454536,3596.501416132721,3683.975542454536,3837.1982398802033,3853.4326232797584,3837.1982398802033,3853.4326232797584,3837.1982398802033,3853.4326232797584,3837.1982398802033,3853.4326232797584,,,,3595.91,1,1,1,1,1,31500.995466
2019-02-28,3816.6820070326,3888,3763.87,3820.9,3596.501416132721,3683.975542454536,3596.501416132721,3683.975542454536,3845.3154315799807,3849.75291205524,3845.3154315799807,3849.75291205524,3845.3154315799807,3849.75291205524,3845.3154315799807,3849.75291205524,,,,3595.91,1,1,1,1,1,32561.961044
2019-03-01,3818.7910035163,3857,3813.01,3826.8175,3596.501416132721,3683.975542454536,3596.501416132721,3683.975542454536,3847.53417181761,3847.53417181761,3846.182532490361,3846.182532490361,3847.53417181761,3847.53417181761,3846.182532490361,3846.182532490361,,,3826.8175,,-1,-1,1,0,0,23174.57217
2019-03-02,3822.80425175815,3841.31,3772.25,3813.915,3596.501416132721,3683.975542454536,3596.501416132721,3683.975542454536,3846.8583521539854,3846.8583521539854,3841.5285580666778,3841.5285580666778,3846.8583521539854,3846.8583521539854,3841.5285580666778,3841.5285580666778,,,,,-1,-1,1,0,0,19445.838355
2019-03-03,3818.359625879075,3835,3781.32,3811.0099999999998,3640.2384792936286,3730.539041505659,3640.2384792936286,3730.539041505659,3844.1934551103313,3844.1934551103313,3836.680600971456,3836.680600971456,3844.1934551103313,3844.1934551103313,3836.680600971456,3836.680600971456,,,,,-1,-1,1,0,0,16718.16541
2019-03-04,3814.6848129395376,3830,3670.69,3755.8275000000003,3640.2384792936286,3730.539041505659,3640.2384792936286,3730.539041505659,3840.4370280408934,3840.4370280408934,3828.2955523059904,3828.2955523059904,3840.4370280408934,3840.4370280408934,3828.2955523059904,3828.2955523059904,,,,,-1,-1,1,0,0,34742.84166
2019-03-05,3785.256156469769,3877.1,3703.55,3788.62,3640.2384792936286,3730.539041505659,3640.2384792936286,3730.539041505659,3834.366290173442,3834.366290173442,3820.856839534236,3820.856839534236,3834.366290173442,3834.366290173442,3820.856839534236,3820.856839534236,,,,,-1,-1,1,0,0,32962.536162
2019-03-06,3786.9380782348844,3907,3786.9380782348844,3859.8775,3640.2384792936286,3730.539041505659,3640.2384792936286,3730.539041505659,3827.6115648538384,3827.6115648538384,3818.65935798148,3818.65935798148,3827.6115648538384,3827.6115648538384,3818.65935798148,3818.65935798148,,,,,-1,-1,1,0,0,24775.11883
2019-03-07,3823.407789117442,3905.4,3823.407789117442,3870.3199999999997,3640.2384792936286,3730.539041505659,3640.2384792936286,3730.539041505659,3823.135461417659,3823.135461417659,3820.920492063726,3820.920492063726,3823.135461417659,3823.135461417659,3820.920492063726,3820.920492063726,,,,,-1,-1,1,0,0,26455.257661
2019-03-08,3846.863894558721,3932,3800,3867.63,3640.2384792936286,3730.539041505659,3640.2384792936286,3730.539041505659,3822.0279767406923,3825.593730775526,3822.0279767406923,3825.593730775526,3822.0279767406923,3825.593730775526,3822.0279767406923,3825.593730775526,,,,,1,1,1,1,0,34730.366592
2019-03-09,3857.2469472793605,3971.75,3854.75,3908.6050000000005,3640.2384792936286,3730.539041505659,3640.2384792936286,3730.539041505659,3823.810853758109,3834.218509378305,3823.810853758109,3834.218509378305,3823.810853758109,3834.218509378305,3823.810853758109,3834.218509378305,3854.75,,,3668.69,1,1,1,1,1,30979.747653
2019-03-10,3882.9259736396807,3943.43,3881.69,3921.3424999999997,3685.3887603996436,3769.7440661040223,3685.3887603996436,3769.7440661040223,3829.0146815682065,3844.743726862412,3829.0146815682065,3844.743726862412,3829.0146815682065,3844.743726862412,3829.0146815682065,3844.743726862412,,,,3668.69,1,1,1,1,1,23187.561412
2019-03-11,3902.13423681984,3936.98,3830,3888.645,3685.3887603996436,3769.7440661040223,3685.3887603996436,3769.7440661040223,3836.879204215309,3853.6284801187776,3836.879204215309,3853.6284801187776,3836.879204215309,3853.6284801187776,3836.879204215309,3853.6284801187776,,,,3668.69,1,1,1,1,1,38066.885705
2019-03-12,3895.3896184099203,3905.2,3826.06,3871.3999999999996,3685.3887603996436,3769.7440661040223,3685.3887603996436,3769.7440661040223,3845.253842167043,3859.631047148077,3845.253842167043,3859.631047148077,3845.253842167043,3859.631047148077,3845.253842167043,3859.631047148077,,,,3668.69,1,1,1,1,1,26921.008622
2019-03-13,3883.39480920496,3893.56,3840,3870.5625,3685.3887603996436,3769.7440661040223,3685.3887603996436,3769.7440661040223,3852.44244465756,3863.520981108698,3852.44244465756,3863.520981108698,3852.44244465756,3863.520981108698,3852.44244465756,3863.520981108698,,,,3668.69,1,1,1,1,1,24461.008757
2019-03-14,3876.9786546024798,3920,3810.43,3868.3875,3685.3887603996436,3769.7440661040223,3685.3887603996436,3769.7440661040223,3857.9817128831287,3865.8187776273808,3857.9817128831287,3865.8187776273808,3857.9817128831287,3865.8187776273808,3857.9817128831287,3865.8187776273808,,,,3668.69,1,1,1,1,1,27048.74853
2019-03-15,3872.68307730124,3939.22,3872.2,3903.0750000000003,3685.3887603996436,3769.7440661040223,3685.3887603996436,3769.7440661040223,3861.9002452552545,3869.644481931471,3861.9002452552545,3869.644481931471,3861.9002452552545,3869.644481931471,3861.9002452552545,3869.644481931471,,,,3668.69,1,1,1,1,1,21740.061498
2019-03-16,3887.87903865062,4056.98,3887.87903865062,3977.35,3685.3887603996436,3769.7440661040223,3685.3887603996436,3769.7440661040223,3865.7723635933626,3878.796702819499,3865.7723635933626,3878.796702819499,3865.7723635933626,3878.796702819499,3865.7723635933626,3878.796702819499,,,,3668.69,1,1,1,1,1,28568.376124
2019-03-17,3932.6145193253096,4012,3932.6145193253096,3987.2825,3727.566413251833,3830.2264714972507,3727.566413251833,3830.2264714972507,3872.2845332064308,3890.8305109533035,3872.2845332064308,3890.8305109533035,3872.2845332064308,3890.8305109533035,3872.2845332064308,3890.8305109533035,,,,3668.69,1,1,1,1,1,18814.255577
2019-03-18,3959.948509662655,4037,3953.33,3989.9975,3727.566413251833,3830.2264714972507,3727.566413251833,3830.2264714972507,3881.557522079867,3904.8230428790666,3881.557522079867,3904.8230428790666,3881.557522079867,3904.8230428790666,3881.557522079867,3904.8230428790666,,,,3668.69,1,1,1,1,1,22454.47801
2019-03-19,3974.9730048313277,4031,3970,4001.09,3727.566413251833,3830.2264714972507,3727.566413251833,3830.2264714972507,3893.1902824794665,3919.3033540736465,3893.1902824794665,3919.3033540736465,3893.1902824794665,3919.3033540736465,3893.1902824794665,3919.3033540736465,,,,3668.69,1,1,1,1,1,19893.741815
2019-03-20,3988.031502415664,4050,3980.5,4022.755,3727.566413251833,3830.2264714972507,3727.566413251833,3830.2264714972507,3906.2468182765565,3934.15134565603,3906.2468182765565,3934.15134565603,3906.2468182765565,3934.15134565603,3906.2468182765565,3934.15134565603,,,,3668.69,1,1,1,1,1,23432.300255
2019-03-21,4005.393251207832,4069.32,3880.01,3993.2525,3727.566413251833,3830.2264714972507,3727.566413251833,3830.2264714972507,3920.1990819662933,3945.777527696336,3920.1990819662933,3945.777527696336,3920.1990819662933,3945.777527696336,3920.1990819662933,3945.777527696336,,,,3668.69,1,1,1,1,1,35997.682119
2019-03-22,3999.322875603916,4008,3968.25,3986.0075,3727.566413251833,3830.2264714972507,3727.566413251833,3830.2264714972507,3932.9883048313145,3955.1690852000024,3932.9883048313145,3955.1690852000024,3932.9883048313145,3955.1690852000024,3932.9883048313145,3955.1690852000024,,,,3668.69,1,1,1,1,1,20022.606318
2019-03-23,3992.6651878019584,4018.83,3978.01,3997.685,3727.566413251833,3830.2264714972507,3727.566413251833,3830.2264714972507,3944.0786950156585,3963.252119746201,3944.0786950156585,3963.252119746201,3944.0786950156585,3963.252119746201,3944.0786950156585,3963.252119746201,,,,3668.69,1,1,1,1,1,17302.604318
2019-03-24,3995.175093900979,4006.02,3950,3988.5525000000002,3778.8964423745424,3888.434300784208,3778.8964423745424,3888.434300784208,3953.66540738093,3968.9517384214532,3953.66540738093,3968.9517384214532,3953.66540738093,3968.9517384214532,3953.66540738093,3968.9517384214532,,,,3668.69,1,1,1,1,1,17179.850648
2019-03-25,3991.86379695049,3999.3,3888.71,3953.87,3778.8964423745424,3888.434300784208,3778.8964423745424,3888.434300784208,3961.308572901192,3970.6768236535636,3961.308572901192,3970.6768236535636,3961.308572901192,3970.6768236535636,3961.308572901192,3970.6768236535636,,,,3668.69,1,1,1,1,1,33192.890217
2019-03-26,3972.866898475245,3972.866898475245,3894,3934.25,3778.8964423745424,3888.434300784208,3778.8964423745424,3888.434300784208,3965.9926982773777,3969.065785702687,3965.9926982773777,3969.065785702687,3965.9926982773777,3969.065785702687,3965.9926982773777,3969.065785702687,,,,3668.69,1,1,1,1,1,29349.537627
2019-03-27,3953.5584492376224,4048,3936.15,3992.7425000000003,3778.8964423745424,3888.434300784208,3778.8964423745424,3888.434300784208,3967.5292419900325,3969.5181414684307,3967.5292419900325,3969.5181414684307,3967.5292419900325,3969.5181414684307,3967.5292419900325,3969.5181414684307,,,,3668.69,1,1,1,1,1,32364.555852
2019-03-28,3973.150474618811,4039.7,3973.150474618811,4027.2724999999996,3778.8964423745424,3888.434300784208,3778.8964423745424,3888.434300784208,3968.523691729232,3972.733704900531,3968.523691729232,3972.733704900531,3968.523691729232,3972.733704900531,3968.523691729232,3972.733704900531,,,,3668.69,1,1,1,1,1,20089.293875
2019-03-29,4000.211487309405,4123.71,4000.211487309405,4069.8025000000002,3778.8964423745424,3888.434300784208,3778.8964423745424,3888.434300784208,3970.6286983148816,3980.967649058104,3970.6286983148816,3980.967649058104,3970.6286983148816,3980.967649058104,3970.6286983148816,3980.967649058104,,,,3668.69,1,1,1,1,1,30084.217444
2019-03-30,4035.0069936547025,4140,4035.0069936547025,4100.8025,3778.8964423745424,3888.434300784208,3778.8964423745424,3888.434300784208,3975.798173686493,3993.408953911127,3975.798173686493,3993.408953911127,3975.798173686493,3993.408953911127,3975.798173686493,3993.408953911127,,,,3668.69,1,1,1,1,1,19509.292601
2019-03-31,4067.904746827351,4116.12,4067.904746827351,4102.4075,3833.6653715793755,3942.6717021391773,3833.6653715793755,3942.6717021391773,3984.6035637988102,4007.674922353875,3984.6035637988102,4007.674922353875,3984.6035637988102,4007.674922353875,3984.6035637988102,4007.674922353875,,,,3668.69,1,1,1,1,1,13525.087433
2019-04-01,4085.1561234136757,4158.7,4067,4118.175,3833.6653715793755,3942.6717021391773,3833.6653715793755,3942.6717021391773,3996.139243076343,4023.184183938228,3996.139243076343,4023.184183938228,3996.139243076343,4023.184183938228,3996.139243076343,4023.184183938228,,,,3668.69,1,1,1,1,1,25507.067641
2019-04-02,4101.665561706838,4897.99,4101.665561706838,4510.09,3833.6653715793755,3942.6717021391773,3833.6653715793755,3942.6717021391773,4009.661713507286,4064.1701590700545,4009.661713507286,4064.1701590700545,4009.661713507286,4064.1701590700545,4009.661713507286,4064.1701590700545,,,,3971.150474618811,1,1,1,1,1,105383.639263
2019-04-03,4305.87778085342,5275.01,4305.87778085342,4954.575000000001,3833.6653715793755,3942.6717021391773,3833.6653715793755,3942.6717021391773,4036.9159362886703,4140.73383469661,4036.9159362886703,4140.73383469661,4036.9159362886703,4140.73383469661,4036.9159362886703,4140.73383469661,,,,3998.211487309405,1,1,1,1,1,109890.125743
2019-04-04,4630.22639042671,5039.08,4630.22639042671,4911.8325,3833.6653715793755,3942.6717021391773,3833.6653715793755,3942.6717021391773,4088.82488549264,4235.3175487016015,4088.82488549264,4235.3175487016015,4088.82488549264,4235.3175487016015,4088.82488549264,4235.3175487016015,,,,4033.0069936547025,1,1,1,1,1,61054.254168
2019-04-05,4771.029445213355,5028.22,4771.029445213355,4953.1075,3833.6653715793755,3942.6717021391773,3833.6653715793755,3942.6717021391773,4162.071217097121,4336.836975139938,4162.071217097121,4336.836975139938,4162.071217097121,4336.836975139938,4162.071217097121,4336.836975139938,,,,4065,1,1,1,1,1,39768.552806
2019-04-06,4862.0684726066775,5205,4862.0684726066775,5045.61,3833.6653715793755,3942.6717021391773,3833.6653715793755,3942.6717021391773,4249.454096118529,4442.599352914575,4249.454096118529,4442.599352914575,4249.454096118529,4442.599352914575,4249.454096118529,4442.599352914575,,,,4065,1,1,1,1,1,41770.842313
2019-04-07,4953.839236303338,5234,4953.839236303338,5118.085,3888.1685368592766,4183.471322010606,3888.1685368592766,4183.471322010606,4346.026724516552,4547.274375008259,4346.026724516552,4547.274375008259,4346.026724516552,4547.274375008259,4346.026724516552,4547.274375008259,,,,4099.665561706838,1,1,1,1,1,37615.486804
2019-04-08,5035.962118151669,5305,5035.962118151669,5187.7925,3888.1685368592766,4183.471322010606,3888.1685368592766,4183.471322010606,4446.650549762406,4648.914257235762,4446.650549762406,4648.914257235762,4446.650549762406,4648.914257235762,4446.650549762406,4648.914257235762,,,,4303.87778085342,1,1,1,1,1,50178.430782
2019-04-09,5111.877309075834,5238.4,5076.68,5175.865,3888.1685368592766,4183.471322010606,3888.1685368592766,4183.471322010606,4547.782403499084,4740.9498751671035,4547.782403499084,4740.9498751671035,4547.782403499084,4740.9498751671035,4547.782403499084,4740.9498751671035,,,,4628.22639042671,1,1,1,1,1,34067.012311
2019-04-10,5143.871154537917,5422,5135,5253.8125,3888.1685368592766,4183.471322010606,3888.1685368592766,4183.471322010606,4644.366139333093,4828.141700287719,4644.366139333093,4828.141700287719,4644.366139333093,4828.141700287719,4644.366139333093,4828.141700287719,,,,4769.029445213355,1,1,1,1,1,40073.620471
2019-04-11,5198.841827268959,5332.67,4927,5146.224999999999,3888.1685368592766,4183.471322010606,3888.1685368592766,4183.471322010606,4736.253919810406,4897.54610814663,4736.253919810406,4897.54610814663,4736.253919810406,4897.54610814663,4736.253919810406,4897.54610814663,,,,4860.0684726066775,1,1,1,1,1,54696.600686
2019-04-12,5172.533413634479,5172.533413634479,4861.22,5001.795,3888.1685368592766,4183.471322010606,3888.1685368592766,4183.471322010606,4816.900013978518,4943.665885029287,4816.900013978518,4943.665885029287,4816.900013978518,4943.665885029287,4816.900013978518,4943.665885029287,,,,4860.0684726066775,1,1,1,1,1,33276.678614
2019-04-13,5087.16420681724,5099,5004,5048.805,3888.1685368592766,4183.471322010606,3888.1685368592766,4183.471322010606,4880.282949503902,4975.506351278974,4880.282949503902,4975.506351278974,4880.282949503902,4975.506351278974,4880.282949503902,4975.506351278974,,,,4860.0684726066775,1,1,1,1,1,17292.456802
2019-04-14,5067.98460340862,5152.99,5000,5082.9349999999995,4035.8199294349415,4484.167969216306,4035.8199294349415,4484.167969216306,4927.894650391438,4999.295995490888,4927.894650391438,4999.295995490888,4927.894650391438,4999.295995490888,4927.894650391438,4999.295995490888,,,,4860.0684726066775,1,1,1,1,1,18281.607739
2019-04-15,5075.45980170431,5167.38,4950,5068.4025,4035.8199294349415,4484.167969216306,4035.8199294349415,4484.167969216306,4963.5953229411625,5016.265792117354,4963.5953229411625,5016.265792117354,4963.5953229411625,5016.265792117354,4963.5953229411625,5016.265792117354,,,,4860.0684726066775,1,1,1,1,1,29057.191581
2019-04-16,5071.931150852155,5197.72,5003.94,5100.0825,4035.8199294349415,4484.167969216306,4035.8199294349415,4484.167969216306,4989.930557529258,5031.043041262655,4989.930557529258,5031.043041262655,4989.930557529258,5031.043041262655,4989.930557529258,5031.043041262655,,,,4860.0684726066775,1,1,1,1,1,24242.229493
2019-04-17,5086.006825426078,5230.4,5086.006825426078,5188.4349999999995,4035.8199294349415,4484.167969216306,4035.8199294349415,4484.167969216306,5010.486799395956,5048.309679437162,5010.486799395956,5048.309679437162,5010.486799395956,5048.309679437162,5010.486799395956,5048.309679437162,,,,4860.0684726066775,1,1,1,1,1,23307.536134
2019-04-18,5137.220912713039,5287,5137.220912713039,5236.662499999999,4035.8199294349415,4484.167969216306,4035.8199294349415,4484.167969216306,5029.398239416559,5069.808901866986,5029.398239416559,5069.808901866986,5029.398239416559,5069.808901866986,5029.398239416559,5069.808901866986,,,,4948,1,1,1,1,1,22619.239001
2019-04-19,5186.94170635652,5320,5175,5253.03,4035.8199294349415,4484.167969216306,4035.8199294349415,4484.167969216306,5049.603570641772,5094.413785642872,5049.603570641772,5094.413785642872,5049.603570641772,5094.413785642872,5049.603570641772,5094.413785642872,,,,4948,1,1,1,1,1,24611.236323
2019-04-20,5219.985853178259,5333.42,5219.985853178259,5278.4825,4035.8199294349415,4484.167969216306,4035.8199294349415,4484.167969216306,5072.008678142322,5120.8787106001755,5072.008678142322,5120.8787106001755,5072.008678142322,5120.8787106001755,5072.008678142322,5120.8787106001755,,,,4948,1,1,1,1,1,19168.908274
2019-04-21,5249.23417658913,5314.35,5165,5257.1,4259.993949325623,4742.715887755376,4259.993949325623,4742.715887755376,5096.443694371249,5144.3883274511045,5096.443694371249,5144.3883274511045,5096.443694371249,5144.3883274511045,5096.443694371249,5144.3883274511045,,,,5001.94,1,1,1,1,1,25549.570939
2019-04-22,5253.1670882945655,5400,5208.35,5305.725,4259.993949325623,4742.715887755376,4259.993949325623,4742.715887755376,5120.416010911176,5168.463677059097,5120.416010911176,5168.463677059097,5120.416010911176,5168.463677059097,5120.416010911176,5168.463677059097,,,,5084.006825426078,1,1,1,1,1,29563.852309
2019-04-23,5279.446044147283,5600,5279.446044147283,5445.715,4259.993949325623,4742.715887755376,4259.993949325623,4742.715887755376,5144.439843985137,5200.382226433008,5144.439843985137,5200.382226433008,5144.439843985137,5200.382226433008,5144.439843985137,5200.382226433008,,,,5135.220912713039,1,1,1,1,1,41262.103917
2019-04-24,5362.580522073642,5582.2,5333.35,5455.365,4259.993949325623,4742.715887755376,4259.993949325623,4742.715887755376,5172.411035209072,5235.987918726203,5172.411035209072,5235.987918726203,5172.411035209072,5235.987918726203,5172.411035209072,5235.987918726203,,,,5163,1,1,1,1,1,48224.152413
2019-04-25,5408.972761036821,5491.84,5102,5307.1849999999995,4259.993949325623,4742.715887755376,4259.993949325623,4742.715887755376,5204.199476967638,5260.738265932628,5204.199476967638,5260.738265932628,5204.199476967638,5260.738265932628,5204.199476967638,5260.738265932628,,,,5163,1,1,1,1,1,49636.089948
2019-04-26,5358.07888051841,5510,5161.62,5301.547500000001,4259.993949325623,4742.715887755376,4259.993949325623,4742.715887755376,5232.468871450133,5278.694946113134,5232.468871450133,5278.694946113134,5232.468871450133,5278.694946113134,5232.468871450133,5278.694946113134,,,,5163,1,1,1,1,1,48912.294513
2019-04-27,5329.813190259205,5342.5,5257.67,5302.715,4259.993949325623,4742.715887755376,4259.993949325623,4742.715887755376,5255.5819087816335,5289.695139215297,5255.5819087816335,5289.695139215297,5255.5819087816335,5289.695139215297,5255.5819087816335,5289.695139215297,,,,5163,1,1,1,1,1,15422.896935
2019-04-28,5316.2640951296025,5340,5259.48,5300.6725,4501.354918540499,4976.384233952392,4501.354918540499,4976.384233952392,5272.638523998465,5296.109363513382,5272.638523998465,5296.109363513382,5272.638523998465,5296.109363513382,5272.638523998465,5296.109363513382,,,,5163,1,1,1,1,1,14371.433869
2019-04-29,5308.468297564801,5332,5178.8,5264.6875,4501.354918540499,4976.384233952392,4501.354918540499,4976.384233952392,5284.373943755923,5296.869742486072,5284.373943755923,5296.869742486072,5284.373943755923,5296.869742486072,5284.373943755923,5296.869742486072,,,,5163,1,1,1,1,1,19918.135079
2019-04-30,5286.577898782401,5339.98,5192.15,5272.7699999999995,4501.354918540499,4976.384233952392,4501.354918540499,4976.384233952392,5290.621843120998,5295.09122886973,5290.621843120998,5295.09122886973,5290.621843120998,5295.09122886973,5290.621843120998,5295.09122886973,,,,5163,1,1,1,1,1,22238.06823
2019-05-01,5279.6739493912,5402,5279.6739493912,5355.835,4501.354918540499,4976.384233952392,4501.354918540499,4976.384233952392,5292.8565359953645,5297.301655477737,5292.8565359953645,5297.301655477737,5292.8565359953645,5297.301655477737,5292.8565359953645,5297.301655477737,,,,5163,1,1,1,1,1,17217.473216
2019-05-02,5317.7544746956,5538,5317.7544746956,5446.0175,4501.354918540499,4976.384233952392,4501.354918540499,4976.384233952392,5295.079095736551,5307.895850727701,5295.079095736551,5307.895850727701,5295.079095736551,5307.895850727701,5295.079095736551,5307.895850727701,,,,5176.8,1,1,1,1,1,22795.787835
2019-05-03,5381.8859873477995,5844,5381.8859873477995,5647.2675,4501.354918540499,4976.384233952392,4501.354918540499,4976.384233952392,5301.487473232126,5335.583276772902,5301.487473232126,5335.583276772902,5301.487473232126,5335.583276772902,5301.487473232126,5335.583276772902,,,,5176.8,1,1,1,1,1,46297.172849
2019-05-04,5514.5767436739,5900,5514.5767436739,5771.88,4501.354918540499,4976.384233952392,4501.354918540499,4976.384233952392,5318.535375002514,5378.697417377466,5318.535375002514,5378.697417377466,5318.535375002514,5378.697417377466,5318.535375002514,5378.697417377466,,,,5176.8,1,1,1,1,1,39682.408991
2019-05-05,5643.22837183695,5839.9,5643.22837183695,5785.3375,4738.869576246445,5202.519848898529,4738.869576246445,5202.519848898529,5348.61639618999,5429.859673529908,5348.61639618999,5429.859673529908,5348.61639618999,5429.859673529908,5348.61639618999,5429.859673529908,,,,5190.15,1,1,1,1,1,23822.543775
2019-05-06,5714.282935918474,5805,5619.14,5736.2775,4738.869576246445,5202.519848898529,4738.869576246445,5202.519848898529,5389.238034859949,5479.4078762188,5389.238034859949,5479.4078762188,5389.238034859949,5479.4078762188,5389.238034859949,5479.4078762188,,,,5277.6739493912,1,1,1,1,1,25256.596325
2019-05-07,5725.280217959237,6028.41,5725.280217959237,5843.1025,4738.869576246445,5202.519848898529,4738.869576246445,5202.519848898529,5434.322955539375,5533.740180385689,5434.322955539375,5533.740180385689,5434.322955539375,5533.740180385689,5434.322955539375,5533.740180385689,,,,5315.7544746956,1,1,1,1,1,39905.064422
2019-05-08,5784.191358979619,6014.72,5772.2,5905.137500000001,4738.869576246445,5202.519848898529,4738.869576246445,5202.519848898529,5484.031567962532,5588.901658717723,5484.031567962532,5588.901658717723,5484.031567962532,5588.901658717723,5484.031567962532,5588.901658717723,,,,5379.8859873477995,1,1,1,1,1,23074.05152
2019-05-09,5844.66442948981,6224.55,5844.66442948981,6101.025,4738.869576246445,5202.519848898529,4738.869576246445,5202.519848898529,5536.466613340128,5651.5169535862,5536.466613340128,5651.5169535862,5536.466613340128,5651.5169535862,5536.466613340128,5651.5169535862,,,,5512.5767436739,1,1,1,1,1,27453.011436
2019-05-10,5972.844714744904,6468.92,5972.844714744904,6306.049999999999,4738.869576246445,5202.519848898529,4738.869576246445,5202.519848898529,5593.991783463164,5727.728349305822,5593.991783463164,5727.728349305822,5593.991783463164,5727.728349305822,5593.991783463164,5727.728349305822,,,,5617.14,1,1,1,1,1,36623.61079
2019-05-11,6139.447357372452,7343.99,6139.447357372452,6792.055,4738.869576246445,5202.519848898529,4738.869576246445,5202.519848898529,5660.860066384494,5841.160918808793,5660.860066384494,5841.160918808793,5660.860066384494,5841.160918808793,5660.860066384494,5841.160918808793,,,,5617.14,1,1,1,1,1,74022.424393
2019-05-12,6465.751178686226,7521.78,6465.751178686226,7078.8325,4970.694712572486,5656.1045190558525,4970.694712572486,5656.1045190558525,5751.010492596643,5986.706588624342,5751.010492596643,5986.706588624342,5751.010492596643,5986.706588624342,5751.010492596643,5986.706588624342,,,,5723.280217959237,1,1,1,1,1,86948.975339
2019-05-13,6772.291839343114,8100,6772.291839343114,7432.237499999999,4970.694712572486,5656.1045190558525,4970.694712572486,5656.1045190558525,5868.858540610492,6168.627786186906,5868.858540610492,6168.627786186906,5868.858540610492,6168.627786186906,5868.858540610492,6168.627786186906,,,,5770.2,1,1,1,1,1,85804.735333
2019-05-14,7102.2646696715565,8366,7102.2646696715565,7927.185,4970.694712572486,5656.1045190558525,4970.694712572486,5656.1045190558525,6018.743163398699,6382.928860484891,6018.743163398699,6382.928860484891,6018.743163398699,6382.928860484891,6018.743163398699,6382.928860484891,,,,5842.66442948981,1,1,1,1,1,76583.722603
2019-05-15,7514.724834835779,8249,7514.724834835779,8053.5325,4970.694712572486,5656.1045190558525,4970.694712572486,5656.1045190558525,6200.836011941795,6611.830844662439,6200.836011941795,6611.830844662439,6200.836011941795,6611.830844662439,6200.836011941795,6611.830844662439,,,,5970.844714744904,1,1,1,1,1,37884.327211
2019-05-16,7784.12866741789,8320,7705,8015.1675000000005,4970.694712572486,5656.1045190558525,4970.694712572486,5656.1045190558525,6406.333428302117,6838.140054806809,6406.333428302117,6838.140054806809,6406.333428302117,6838.140054806809,6406.333428302117,6838.140054806809,,,,6137.447357372452,1,1,1,1,1,69630.513996
2019-05-17,7899.648083708946,7925,6913,7515.4825,4970.694712572486,5656.1045190558525,4970.694712572486,5656.1045190558525,6622.236741554463,7008.208138751553,6622.236741554463,7008.208138751553,6622.236741554463,7008.208138751553,6622.236741554463,7008.208138751553,,,,6463.751178686226,1,1,1,1,1,88752.008159
2019-05-18,7707.565291854473,7707.565291854473,7156.61,7306.835,4970.694712572486,5656.1045190558525,4970.694712572486,5656.1045190558525,6815.222440153008,7128.589756341383,6815.222440153008,7128.589756341383,6815.222440153008,7128.589756341383,6815.222440153008,7128.589756341383,,,,6770.291839343114,1,1,1,1,1,37054.944779
2019-05-19,7507.200145927236,8275.09,7243.08,7730.992499999999,5313.399615814169,6277.29738016317,5313.399615814169,6277.29738016317,6971.906098247196,7234.590147229119,6971.906098247196,7234.590147229119,6971.906098247196,7234.590147229119,6971.906098247196,7234.590147229119,,,,6911,1,1,1,1,1,65577.442058
2019-05-20,7619.096322963618,8156.03,7553,7948.780000000001,5313.399615814169,6277.29738016317,5313.399615814169,6277.29738016317,7103.248122738158,7336.024679288888,7103.248122738158,7336.024679288888,7103.248122738158,7336.024679288888,7103.248122738158,7336.024679288888,,,,6911,1,1,1,1,1,65859.208564
2019-05-21,7783.938161481809,8042.32,7771,7913.8375,5313.399615814169,6277.29738016317,5313.399615814169,6277.29738016317,7219.636401013523,7431.516281901809,7219.636401013523,7431.516281901809,7219.636401013523,7431.516281901809,7219.636401013523,7431.516281901809,,,,6911,1,1,1,1,1,52301.752247
2019-05-22,7848.887830740905,8016,7465,7753.4775,5313.399615814169,6277.29738016317,5313.399615814169,6277.29738016317,7325.576341457666,7506.241256524142,7325.576341457666,7506.241256524142,7325.576341457666,7506.241256524142,7325.576341457666,7506.241256524142,,,,6911,1,1,1,1,1,49136.994589
2019-05-23,7801.182665370452,7940.98,7461,7720.3225,5313.399615814169,6277.29738016317,5313.399615814169,6277.29738016317,7415.908798990904,7561.080025553984,7415.908798990904,7561.080025553984,7415.908798990904,7561.080025553984,7415.908798990904,7561.080025553984,,,,7154.61,1,1,1,1,1,49648.184701
2019-05-24,7760.752582685226,8130,7760.752582685226,7927.705,5313.399615814169,6277.29738016317,5313.399615814169,6277.29738016317,7488.494412272444,7616.3356747269,7488.494412272444,7616.3356747269,7488.494412272444,7616.3356747269,7488.494412272444,7616.3356747269,,,,7241.08,1,1,1,1,1,46664.785325
2019-05-25,7844.2287913426135,8091.8,7844.2287913426135,7997.5175,5313.399615814169,6277.29738016317,5313.399615814169,6277.29738016317,7552.415043499672,7671.286808424874,7552.415043499672,7671.286808424874,7552.415043499672,7671.286808424874,7552.415043499672,7671.286808424874,,,,7459,1,1,1,1,1,28414.328817
2019-05-26,7920.873145671307,8740,7833.42,8302.7125,5795.34849798867,6942.2663155487935,5795.34849798867,6942.2663155487935,7611.850925962273,7743.860857749969,7611.850925962273,7743.860857749969,7611.850925962273,7743.860857749969,7611.850925962273,7743.860857749969,,,,7459,1,1,1,1,1,49652.144567
2019-05-27,8111.792822835653,8908.32,8111.792822835653,8716.545,5795.34849798867,6942.2663155487935,5795.34849798867,6942.2663155487935,7677.855891856121,7841.57335220549,7677.855891856121,7841.57335220549,7677.855891856121,7841.57335220549,7677.855891856121,7841.57335220549,,,,7459,1,1,1,1,1,51886.768793
2019-05-28,8414.168911417826,8798.49,8414.168911417826,8694.32,5795.34849798867,6942.2663155487935,5795.34849798867,6942.2663155487935,7759.714622030805,7952.835947707259,7759.714622030805,7952.835947707259,7759.714622030805,7952.835947707259,7759.714622030805,7952.835947707259,,,,7459,1,1,1,1,1,31470.551534
2019-05-29,8554.244455708913,8750,8406.6,8629.7875,5795.34849798867,6942.2663155487935,5795.34849798867,6942.2663155487935,7856.275284869032,8060.964895938749,7856.275284869032,8060.964895938749,7856.275284869032,8060.964895938749,7856.275284869032,8060.964895938749,,,,7758.752582685226,1,1,1,1,1,33880.865922
2019-05-30,8592.015977854457,9074.26,8005,8498.825,5795.34849798867,6942.2663155487935,5795.34849798867,6942.2663155487935,7958.62009040389,8154.230436093432,7958.62009040389,8154.230436093432,7958.62009040389,8154.230436093432,7958.62009040389,8154.230436093432,,,,7831.42,1,1,1,1,1,70379.998521
2019-05-31,8545.42048892723,8594,8108.5,8381.15,5795.34849798867,6942.2663155487935,5795.34849798867,6942.2663155487935,8056.4252632486605,8220.246549155696,8056.4252632486605,8220.246549155696,8056.4252632486605,8220.246549155696,8056.4252632486605,8220.246549155696,,,,7831.42,1,1,1,1,1,44727.49162
2019-06-01,8463.285244463616,8626,8442.36,8541.8575,5795.34849798867,6942.2663155487935,5795.34849798867,6942.2663155487935,8138.335906202177,8277.55443631455,8138.335906202177,8277.55443631455,8138.335906202177,8277.55443631455,8138.335906202177,8277.55443631455,,,,8003,1,1,1,1,1,31868.234157
2019-06-02,8502.571372231807,8814.78,8502.571372231807,8652.465,6368.807406768731,7560.198366904176,6368.807406768731,7560.198366904176,8207.945171258361,8334.568561415468,8207.945171258361,8334.568561415468,8207.945171258361,8334.568561415468,8207.945171258361,8334.568561415468,,,,8003,1,1,1,1,1,27835.133265
2019-06-03,8577.518186115904,8800.95,8080.8,8430.8925,6368.807406768731,7560.198366904176,6368.807406768731,7560.198366904176,8271.256866336913,8373.43929625043,8271.256866336913,8373.43929625043,8271.256866336913,8373.43929625043,8271.256866336913,8373.43929625043,,,,8003,1,1,1,1,1,45692.965104
2019-06-04,8504.20534305795,8504.20534305795,7481.02,7849.8425,6368.807406768731,7560.198366904176,6368.807406768731,7560.198366904176,8322.34808129367,8365.923772531505,8322.34808129367,8365.923772531505,8322.34808129367,8365.923772531505,8322.34808129367,8365.923772531505,,,7849.8425,,1,1,1,1,0,74143.948941
2019-06-05,8177.023921528975,8177.023921528975,7572.78,7733.255,6368.807406768731,7560.198366904176,6368.807406768731,7560.198366904176,8344.135926912588,8344.135926912588,8322.336255972272,8322.336255972272,8344.135926912588,8344.135926912588,8322.336255972272,8322.336255972272,,,,,-1,-1,1,0,0,48679.656455
2019-06-06,7955.139460764487,7955.139460764487,7444.58,7719.3725,6368.807406768731,7560.198366904176,6368.807406768731,7560.198366904176,8333.23609144243,8333.23609144243,8252.770668192183,8252.770668192183,8333.23609144243,8333.23609144243,8252.770668192183,8252.770668192183,,,,,-1,-1,1,0,0,36624.118747
2019-06-07,7837.255980382244,8100,7737.49,7901.397499999999,6368.807406768731,7560.198366904176,6368.807406768731,7560.198366904176,8293.003379817306,8293.003379817306,8188.4191896195525,8188.4191896195525,8293.003379817306,8293.003379817306,8188.4191896195525,8188.4191896195525,,,,,-1,-1,1,0,0,33942.225658
2019-06-08,7869.326740191122,8044.65,7751,7917.0525,6368.807406768731,7560.198366904176,6368.807406768731,7560.198366904176,8240.711284718429,8240.711284718429,8132.351888101501,8132.351888101501,8240.711284718429,8240.711284718429,8132.351888101501,8132.351888101501,,,,,-1,-1,1,0,0,22657.329634
2019-06-09,7893.189620095561,7935,7506.66,7741.2675,6964.502886836453,7873.698481458695,6964.502886836453,7873.698481458695,8186.531586409965,8186.531586409965,8073.891804452845,8073.891804452845,8186.531586409965,8186.531586409965,8073.891804452845,8073.891804452845,,,,,-1,-1,1,0,0,31568.465157
2019-06-10,7817.228560047781,8020,7511,7785.33,6964.502886836453,7873.698481458695,6964.502886836453,7873.698481458695,8130.211695431404,8130.211695431404,8020.788017466503,8020.788017466503,8130.211695431404,8130.211695431404,8020.788017466503,8020.788017466503,,,,,-1,-1,1,0,0,36756.078468
2019-06-11,7801.27928002389,8010,7692.23,7892.032499999999,6964.502886836453,7873.698481458695,6964.502886836453,7873.698481458695,8075.499856448953,8075.499856448953,7980.726021543052,7980.726021543052,8075.499856448953,8075.499856448953,7980.726021543052,7980.726021543052,,,,,-1,-1,1,0,0,30334.999427
2019-06-12,7846.655890011945,8200,7788.99,8000.3825,6964.502886836453,7873.698481458695,6964.502886836453,7873.698481458695,8028.112938996002,8028.112938996002,7960.099852419658,7960.099852419658,8028.112938996002,8028.112938996002,7960.099852419658,7960.099852419658,,,,,-1,-1,1,0,0,41597.082622
2019-06-13,7923.5191950059725,8309.82,7923.5191950059725,8166.5075,6964.502886836453,7873.698481458695,6964.502886836453,7873.698481458695,7994.1063957078295,7994.1063957078295,7961.206895280592,7961.206895280592,7994.1063957078295,7994.1063957078295,7961.206895280592,7961.206895280592,,,,,-1,-1,1,0,0,30467.764341
2019-06-14,8045.013347502986,8684.41,8045.013347502986,8423.7925,6964.502886836453,7873.698481458695,6964.502886836453,7873.698481458695,7977.65664549421,7991.799106701997,7977.65664549421,7991.799106701997,7977.65664549421,7991.799106701997,7977.65664549421,7991.799106701997,,,,,1,1,1,1,0,39835.246255
2019-06-15,8234.402923751493,8864.99,8234.402923751493,8723.05,6964.502886836453,7873.698481458695,6964.502886836453,7873.698481458695,7984.7278760981035,8052.512125825208,7984.7278760981035,8052.512125825208,7984.7278760981035,8052.512125825208,7984.7278760981035,8052.512125825208,8234.402923751493,,,7442.58,1,1,1,1,1,31791.636039
2019-06-16,8478.726461875747,9333,8478.726461875747,8964.275,7419.100684147575,8109.070416163777,7419.100684147575,8109.070416163777,8018.620000961656,8148.5044107593885,8018.620000961656,8148.5044107593885,8018.620000961656,8148.5044107593885,8018.620000961656,8148.5044107593885,,,,7442.58,1,1,1,1,1,63289.251219
2019-06-17,8721.500730937874,9444,8721.500730937874,9165.24,7419.100684147575,8109.070416163777,7419.100684147575,8109.070416163777,8083.562205860521,8270.150228591743,8083.562205860521,8270.150228591743,8083.562205860521,8270.150228591743,8083.562205860521,8270.150228591743,,,,7442.58,1,1,1,1,1,47895.485374
2019-06-18,8943.370365468938,9336.36,8943.370365468938,9170.009999999998,7419.100684147575,8109.070416163777,7419.100684147575,8109.070416163777,8176.856217226132,8400.52960617064,8176.856217226132,8400.52960617064,8176.856217226132,8400.52960617064,8176.856217226132,8400.52960617064,,,,7442.58,1,1,1,1,1,51554.569401
2019-06-19,9056.690182734468,9304,8960,9150.365,7419.100684147575,8109.070416163777,7419.100684147575,8109.070416163777,8288.692911698385,8525.12746588639,8288.692911698385,8525.12746588639,8288.692911698385,8525.12746588639,8288.692911698385,8525.12746588639,,,,7442.58,1,1,1,1,1,32147.706495
2019-06-20,9103.527591367234,9590,9103.527591367234,9384.02,7419.100684147575,8109.070416163777,7419.100684147575,8109.070416163777,8406.910188792386,8651.730140846827,8406.910188792386,8651.730140846827,8406.910188792386,8651.730140846827,8406.910188792386,8651.730140846827,,,,7442.58,1,1,1,1,1,34556.053982
2019-06-21,9243.773795683617,10174.99,9243.773795683617,9842.7425,7419.100684147575,8109.070416163777,7419.100684147575,8109.070416163777,8529.320164819606,8797.441600894585,8529.320164819606,8797.441600894585,8529.320164819606,8797.441600894585,8529.320164819606,8797.441600894585,,,,7442.58,1,1,1,1,1,50484.415892
2019-06-22,9543.258147841809,11160,9543.258147841809,10492.77,7419.100684147575,8109.070416163777,7419.100684147575,8109.070416163777,8663.380882857095,8988.762946519211,8663.380882857095,8988.762946519211,8663.380882857095,8988.762946519211,8663.380882857095,8988.762946519211,,,,8723.05,1,1,1,1,1,104169.447976
2019-06-23,10018.014073920906,11392.64,10018.014073920906,10895.7225,7764.085550155676,8742.159193238886,7764.085550155676,8742.159193238886,8826.071914688153,9219.587104738814,8826.071914688153,9219.587104738814,8826.071914688153,9219.587104738814,8826.071914688153,9219.587104738814,,,,8941.370365468938,1,1,1,1,1,57445.323945
2019-06-24,10456.868286960453,11143.63,10456.868286960453,10931.7425,7764.085550155676,8742.159193238886,7764.085550155676,8742.159193238886,9022.829509713483,9463.099726462753,9022.829509713483,9463.099726462753,9022.829509713483,9463.099726462753,9022.829509713483,9463.099726462753,,,,8958,1,1,1,1,1,43101.045285
2019-06-25,10694.305393480226,11850,10694.305393480226,11438.3625,7764.085550155676,8742.159193238886,7764.085550155676,8742.159193238886,9242.96461808812,9728.396158403024,9242.96461808812,9728.396158403024,9242.96461808812,9728.396158403024,9242.96461808812,9728.396158403024,,,,9101.527591367234,1,1,1,1,1,61276.686648
2019-06-26,11066.333946740113,13970,11066.333946740113,12656.52,7764.085550155676,8742.159193238886,7764.085550155676,8742.159193238886,9485.680388245572,10070.992343527776,9485.680388245572,10070.992343527776,9485.680388245572,10070.992343527776,9485.680388245572,10070.992343527776,,,,9241.773795683617,1,1,1,1,1,155930.147386
2019-06-27,11861.426973370057,13478.04,10525.1,12107.877499999999,7764.085550155676,8742.159193238886,7764.085550155676,8742.159193238886,9778.336365886673,10401.725565458413,9778.336365886673,10401.725565458413,9778.336365886673,10401.725565458413,9778.336365886673,10401.725565458413,,,,9541.258147841809,1,1,1,1,1,173894.820889
2019-06-28,11984.652236685028,12480,10982.88,11798.374999999998,7764.085550155676,8742.159193238886,7764.085550155676,8742.159193238886,10090.030965672544,10681.378957356075,10090.030965672544,10681.378957356075,10090.030965672544,10681.378957356075,10090.030965672544,10681.378957356075,,,,10016.014073920906,1,1,1,1,1,95795.203964
2019-06-29,11891.513618342513,12441.54,11475.02,12056.687499999998,7764.085550155676,8742.159193238886,7764.085550155676,8742.159193238886,10385.70496151431,10926.089324439834,10385.70496151431,10926.089324439834,10385.70496151431,10926.089324439834,10385.70496151431,10926.089324439834,,,,10454.868286960453,1,1,1,1,1,69642.074157
2019-06-30,11974.100559171256,12180,10766.03,11425.814999999999,8253.12237169728,9795.102261675838,8253.12237169728,9795.102261675838,10655.897142977072,11098.989457110298,10655.897142977072,11098.989457110298,10655.897142977072,11098.989457110298,10655.897142977072,11098.989457110298,,,,10523.1,1,1,1,1,1,84512.530443
2019-07-01,11699.957779585628,11699.957779585628,10030,10697.8275,8253.12237169728,9795.102261675838,8253.12237169728,9795.102261675838,10877.443300043684,11173.715857483849,10877.443300043684,11173.715857483849,10877.443300043684,11173.715857483849,10877.443300043684,11173.715857483849,,,,10523.1,1,1,1,1,1,90962.268271
2019-07-02,11198.892639792813,11198.892639792813,9727,10533.375,8253.12237169728,9795.102261675838,8253.12237169728,9795.102261675838,11025.579578763765,11163.328107650399,11025.579578763765,11163.328107650399,11025.579578763765,11163.328107650399,11025.579578763765,11163.328107650399,,,,10523.1,1,1,1,1,1,109561.038728
2019-07-03,10866.133819896408,11991.89,10841.04,11404.4775,8253.12237169728,9795.102261675838,8253.12237169728,9795.102261675838,11094.453843207082,11168.48557749023,11094.453843207082,11168.48557749023,11094.453843207082,11168.48557749023,11094.453843207082,11168.48557749023,,,,10523.1,1,1,1,1,1,96815.90029
2019-07-04,11135.305659948204,12000,11055,11535.1675,8253.12237169728,9795.102261675838,8253.12237169728,9795.102261675838,11131.469710348656,11194.259748970757,11131.469710348656,11194.259748970757,11131.469710348656,11194.259748970757,11131.469710348656,11194.259748970757,,,,10523.1,1,1,1,1,1,66512.221892
2019-07-05,11335.236579974102,11406.83,10796.44,11079.9175,8253.12237169728,9795.102261675838,8253.12237169728,9795.102261675838,11162.864729659706,11202.762919752582,11162.864729659706,11202.762919752582,11162.864729659706,11202.762919752582,11162.864729659706,11202.762919752582,,,,10523.1,1,1,1,1,1,63534.350582
2019-07-06,11207.57703998705,11665,10964.51,11217.102499999999,8253.12237169728,9795.102261675838,8253.12237169728,9795.102261675838,11182.813824706145,11212.134129694694,11182.813824706145,11212.134129694694,11182.813824706145,11212.134129694694,11182.813824706145,11212.134129694694,,,,10523.1,1,1,1,1,1,51469.496331
2019-07-07,11212.339769993525,11538,11094.37,11323.765,9024.112316686558,10344.860572752155,9024.112316686558,10344.860572752155,11197.47397720042,11223.617099916897,11197.47397720042,11223.617099916897,11197.47397720042,11223.617099916897,11197.47397720042,11223.617099916897,,,,10523.1,1,1,1,1,1,38884.795599
2019-07-08,11268.052384996761,12338.03,11220,11801.6575,9024.112316686558,10344.860572752155,9024.112316686558,10344.860572752155,11210.54553855866,11267.49296347235,11210.54553855866,11267.49296347235,11210.54553855866,11267.49296347235,11210.54553855866,11267.49296347235,,,,10794.44,1,1,1,1,1,52182.367215
2019-07-09,11534.85494249838,12794.73,11534.85494249838,12411.185000000001,9024.112316686558,10344.860572752155,9024.112316686558,10344.860572752155,11239.019251015505,11359.205100489504,11239.019251015505,11359.205100489504,11239.019251015505,11359.205100489504,11239.019251015505,11359.205100489504,,,,10794.44,1,1,1,1,1,78442.130343
2019-07-10,11973.01997124919,13147.08,11569,12343.24,9024.112316686558,10344.860572752155,9024.112316686558,10344.860572752155,11299.112175752505,11481.904532637313,11299.112175752505,11481.904532637313,11299.112175752505,11481.904532637313,11299.112175752505,11481.904532637313,,,,10794.44,1,1,1,1,1,109246.044997
2019-07-11,12158.129985624595,12158.129985624595,11000,11640.682499999999,9024.112316686558,10344.860572752155,9024.112316686558,10344.860572752155,11390.50835419491,11562.0381418774,11390.50835419491,11562.0381418774,11390.50835419491,11562.0381418774,11390.50835419491,11562.0381418774,,,,10962.51,1,1,1,1,1,87506.461058
2019-07-12,11899.406242812296,11899.406242812296,11073,11514.525,9024.112316686558,10344.860572752155,9024.112316686558,10344.860572752155,11476.273248036156,11602.504602147552,11476.273248036156,11602.504602147552,11476.273248036156,11602.504602147552,11476.273248036156,11602.504602147552,,,,10998,1,1,1,1,1,56321.858281
2019-07-13,11706.965621406147,11799.98,10830,11435.74,9024.112316686558,10344.860572752155,9024.112316686558,10344.860572752155,11539.388925091855,11607.22599944731,11539.388925091855,11607.22599944731,11539.388925091855,11607.22599944731,11539.388925091855,11607.22599944731,,,,10998,1,1,1,1,1,54245.594548
2019-07-14,11571.352810703072,11571.352810703072,10103,10771.24,9684.486444719356,10822.983507090412,9684.486444719356,10822.983507090412,11573.307462269582,11573.307462269582,11555.83024315646,11555.83024315646,11573.307462269582,11573.307462269582,11555.83024315646,11555.83024315646,,,10771.24,,-1,-1,1,0,0,72517.579236
2019-07-15,11171.296405351535,11171.296405351535,9860,10493.225,9684.486444719356,10822.983507090412,9684.486444719356,10822.983507090412,11564.568852713022,11564.568852713022,11453.456597733559,11453.456597733559,11564.568852713022,11564.568852713022,11453.456597733559,11453.456597733559,,,,,-1,-1,1,0,0,81922.426332
2019-07-16,10832.260702675769,11028,9350.01,10162.845000000001,9684.486444719356,10822.983507090412,9684.486444719356,10822.983507090412,11509.01272522329,11509.01272522329,11306.99977013046,11306.99977013046,11509.01272522329,11509.01272522329,11306.99977013046,11306.99977013046,,,,,-1,-1,1,0,0,97219.443413
2019-07-17,10497.552851337885,10497.552851337885,9060,9528.7725,9684.486444719356,10822.983507090412,9684.486444719356,10822.983507090412,11408.006247676876,11408.006247676876,11113.228342185768,11113.228342185768,11408.006247676876,11408.006247676876,11113.228342185768,11113.228342185768,,,,,-1,-1,1,0,0,84942.672717
2019-07-18,10013.162675668942,10788,9252,10084.005000000001,9684.486444719356,10822.983507090412,9684.486444719356,10822.983507090412,11260.617294931322,11260.617294931322,10926.896215965487,10926.896215965487,11260.617294931322,11260.617294931322,10926.896215965487,10926.896215965487,,,,,-1,-1,1,0,0,80283.310252
2019-07-19,10048.58383783447,10769.71,10048.58383783447,10506.119999999999,9684.486444719356,10822.983507090412,9684.486444719356,10822.983507090412,11093.756755448405,11093.756755448405,10788.061508436178,10788.061508436178,11093.756755448405,11093.756755448405,10788.061508436178,10788.061508436178,,,,,-1,-1,1,0,0,56546.932133
2019-07-20,10277.351918917235,11068.99,10277.351918917235,10666.25,9684.486444719356,10822.983507090412,9684.486444719356,10822.983507090412,10940.909131942291,10940.909131942291,10704.109707235606,10704.109707235606,10940.909131942291,10940.909131942291,10704.109707235606,10704.109707235606,,,,,-1,-1,1,0,0,47331.899848
2019-07-21,10471.800959458618,10817.9,10288,10608.904999999999,10253.734975904885,10658.367018253182,10253.734975904885,10658.367018253182,10822.509419588949,10822.509419588949,10650.935914020143,10650.935914020143,10822.509419588949,10822.509419588949,10650.935914020143,10650.935914020143,,,,,-1,-1,1,0,0,38834.287935
2019-07-22,10540.352979729309,10683.16,10100,10428.404999999999,10253.734975904885,10658.367018253182,10253.734975904885,10658.367018253182,10736.722666804546,10736.722666804546,10607.192017711788,10607.192017711788,10736.722666804546,10736.722666804546,10607.192017711788,10607.192017711788,,,,,-1,-1,1,0,0,40467.954839
2019-07-23,10484.378989864654,10484.378989864654,9822,10093.49,10253.734975904885,10658.367018253182,10253.734975904885,10658.367018253182,10671.957342258167,10671.957342258167,10552.455530743047,10552.455530743047,10671.957342258167,10671.957342258167,10552.455530743047,10552.455530743047,,,,,-1,-1,1,0,0,47624.37071
2019-07-24,10288.934494932328,10288.934494932328,9525,9772.515,10253.734975904885,10658.367018253182,10253.734975904885,10658.367018253182,10612.206436500608,10612.206436500608,10475.035433866356,10475.035433866356,10612.206436500608,10612.206436500608,10475.035433866356,10475.035433866356,,,,,-1,-1,1,0,0,43475.380377
2019-07-25,10030.724747466164,10175,9720.03,9884.575,10253.734975904885,10658.367018253182,10253.734975904885,10658.367018253182,10543.620935183482,10543.620935183482,10392.465788923917,10392.465788923917,10543.620935183482,10543.620935183482,10392.465788923917,10392.465788923917,,,,,-1,-1,1,0,0,37873.354728
2019-07-26,9957.649873733082,9957.649873733082,9637,9808.2825,10253.734975904885,10658.367018253182,10253.734975904885,10658.367018253182,10468.0433620537,10468.0433620537,10304.83815665679,10304.83815665679,10468.0433620537,10468.0433620537,10304.83815665679,10304.83815665679,,,,,-1,-1,1,0,0,27167.463217
2019-07-27,9882.96618686654,10188.66,9333,9705.545,10253.734975904885,10658.367018253182,10253.734975904885,10658.367018253182,10386.440759355246,10386.440759355246,10217.07456293745,10217.07456293745,10386.440759355246,10386.440759355246,10217.07456293745,10217.07456293745,,,,,-1,-1,1,0,0,43809.778301
2019-07-28,9794.25559343327,9794.25559343327,9165,9445.1125,10456.050997079034,10456.050997079034,10395.163605519205,10395.163605519205,10301.757661146348,10301.757661146348,10116.79211775991,10116.79211775991,10301.757661146348,10301.757661146348,10116.79211775991,10116.79211775991,,,,,-1,-1,-1,-1,0,29401.022937
2019-07-29,9619.684046716635,9729,9395,9543.295,10456.050997079034,10456.050997079034,10395.163605519205,10395.163605519205,10209.274889453129,10209.274889453129,10021.544989469878,10021.544989469878,10209.274889453129,10209.274889453129,10021.544989469878,10021.544989469878,,9729,,11070.99,-1,-1,-1,-1,-1,29021.937411
2019-07-30,9581.489523358317,9714.28,9402,9549.89,10456.050997079034,10456.050997079034,10395.163605519205,10395.163605519205,10115.409939461504,10115.409939461504,9936.240319945171,9936.240319945171,10115.409939461504,10115.409939461504,9936.240319945171,9936.240319945171,,,,11070.99,-1,-1,-1,-1,-1,32536.368834
2019-07-31,9565.689761679158,10109.8,9555,9830.0825,10456.050997079034,10456.050997079034,10395.163605519205,10395.163605519205,10025.825129703337,10025.825129703337,9881.222829320273,9881.222829320273,10025.825129703337,10025.825129703337,9881.222829320273,9881.222829320273,,,,11070.99,-1,-1,-1,-1,-1,39515.35456
2019-08-01,9697.886130839579,10467.86,9697.886130839579,10196.71,10456.050997079034,10456.050997079034,10395.163605519205,10395.163605519205,9953.523979511805,9953.523979511805,9867.4469102375,9867.4469102375,9953.523979511805,9953.523979511805,9867.4469102375,9867.4469102375,,,,11070.99,-1,-1,-1,-1,-1,41727.637028
2019-08-02,9947.298065419789,10670,9947.298065419789,10462.525,10456.050997079034,10456.050997079034,10395.163605519205,10395.163605519205,9910.485444874652,9910.485444874652,9895.62555888531,9895.62555888531,9910.485444874652,9910.485444874652,9895.62555888531,9895.62555888531,,,,11070.99,-1,-1,-1,-1,-1,42990.444221
2019-08-03,10204.911532709895,10904.77,10204.911532709895,10685.8275,10456.050997079034,10456.050997079034,10395.163605519205,10395.163605519205,9903.05550187998,9962.507113362699,9903.05550187998,9962.507113362699,9903.05550187998,9962.507113362699,9903.05550187998,9962.507113362699,,,10685.8275,,1,1,-1,0,0,33802.318824
2019-08-04,10445.369516354947,11040,10445.369516354947,10834.5225,10425.60730129912,10425.60730129912,10296.067115387126,10296.067115387126,9932.781307621339,10058.501462769016,9932.781307621339,10058.501462769016,9932.781307621339,10058.501462769016,9932.781307621339,10058.501462769016,,,,,1,1,-1,0,0,39924.745141
2019-08-05,10639.946008177474,11937.52,10639.946008177474,11406.0275,10425.60730129912,10425.60730129912,10296.067115387126,10296.067115387126,9995.641385195177,10200.841796164828,9995.641385195177,10200.841796164828,9995.641385195177,10200.841796164828,9995.641385195177,10200.841796164828,,,,,1,1,-1,0,0,65153.673713
2019-08-06,11022.986754088737,12330.7,11022.986754088737,11717.272500000001,10425.60730129912,10425.60730129912,10296.067115387126,10296.067115387126,10098.241590680002,10384.835703383278,10098.241590680002,10384.835703383278,10098.241590680002,10384.835703383278,10098.241590680002,10384.835703383278,,,,,1,1,-1,0,0,76705.389875
2019-08-07,11370.129627044369,12141.17,11370.129627044369,11745.182499999999,10425.60730129912,10425.60730129912,10296.067115387126,10296.067115387126,10241.538647031639,10583.749947653125,10241.538647031639,10583.749947653125,10241.538647031639,10583.749947653125,10241.538647031639,10583.749947653125,,,,,1,1,-1,0,0,69173.390353
2019-08-08,11557.656063522183,12060,11521,11888.9525,10425.60730129912,10425.60730129912,10296.067115387126,10296.067115387126,10412.64429734238,10780.8567899326,10412.64429734238,10780.8567899326,10412.64429734238,10780.8567899326,10412.64429734238,10780.8567899326,,,,,1,1,-1,0,0,51207.257174
2019-08-09,11723.304281761091,12045.68,11700,11904.96,10425.60730129912,10425.60730129912,10296.067115387126,10296.067115387126,10596.750543637489,10967.295919041482,10596.750543637489,10967.295919041482,10596.750543637489,10967.295919041482,10596.750543637489,10967.295919041482,,,,,1,1,-1,0,0,39427.152588
2019-08-10,11814.132140880545,11985,11270,11611.072499999998,10425.60730129912,10425.60730129912,10296.067115387126,10296.067115387126,10782.023231339484,11116.767978508175,10782.023231339484,11116.767978508175,10782.023231339484,11116.767978508175,10782.023231339484,11116.767978508175,,,,,1,1,-1,0,0,42633.087048
2019-08-11,11712.602320440272,11712.602320440272,11112.11,11392.83,10360.837208343122,10629.282612269513,10360.837208343122,10629.282612269513,10949.39560492383,11219.034333522583,10949.39560492383,11219.034333522583,10949.39560492383,11219.034333522583,10949.39560492383,11219.034333522583,,,,,1,1,1,1,0,26772.90691
2019-08-12,11552.716160220136,11577.89,11235.32,11437.0925,10360.837208343122,10629.282612269513,10360.837208343122,10629.282612269513,11084.214969223205,11287.355995332191,11084.214969223205,11287.355995332191,11084.214969223205,11287.355995332191,11084.214969223205,11287.355995332191,11235.32,,,10202.911532709895,1,1,1,1,1,17568.227075
2019-08-13,11494.904330110068,11494.904330110068,10788.45,11133.917500000001,10360.837208343122,10629.282612269513,10360.837208343122,10629.282612269513,11185.785482277697,11313.967263707595,11185.785482277697,11313.967263707595,11185.785482277697,11313.967263707595,11185.785482277697,11313.967263707595,,,,10202.911532709895,1,1,1,1,1,33234.72968
2019-08-14,11314.410915055036,11314.410915055036,9928.1,10442.327500000001,10360.837208343122,10629.282612269513,10360.837208343122,10629.282612269513,11249.876372992645,11276.238750622331,11249.876372992645,11276.238750622331,11249.876372992645,11276.238750622331,11249.876372992645,11276.238750622331,,,,10202.911532709895,1,1,1,1,1,54451.847499
2019-08-15,10878.369207527518,10878.369207527518,9911,10180.0225,10360.837208343122,10629.282612269513,10360.837208343122,10629.282612269513,11263.057561807487,11263.057561807487,11186.25002035067,11186.25002035067,11263.057561807487,11263.057561807487,11186.25002035067,11186.25002035067,,,10180.0225,,-1,-1,1,0,0,38174.45112
2019-08-16,10529.195853763758,10536.03,9750,10228.585000000001,10360.837208343122,10629.282612269513,10360.837208343122,10629.282612269513,11224.653791079078,11224.653791079078,11062.00663005414,11062.00663005414,11224.653791079078,11224.653791079078,11062.00663005414,11062.00663005414,,,,,-1,-1,1,0,0,51758.142918
2019-08-17,10378.89042688188,10465.14,10000,10253.0775,10360.837208343122,10629.282612269513,10360.837208343122,10629.282612269513,11143.330210566608,11143.330210566608,10934.005968063877,10934.005968063877,11143.330210566608,11143.330210566608,10934.005968063877,10934.005968063877,,,,,-1,-1,1,0,0,29000.581201
2019-08-18,10315.98396344094,10500,10080,10275.7075,10495.059910306318,10716.390101570609,10495.059910306318,10716.390101570609,11038.668089315242,11038.668089315242,10817.28716116143,10817.28716116143,11038.668089315242,11038.668089315242,10817.28716116143,10817.28716116143,,,,,-1,-1,1,0,0,24085.395172
2019-08-19,10295.84573172047,10930,10258.6,10602.5775,10495.059910306318,10716.390101570609,10495.059910306318,10716.390101570609,10927.977625238336,10927.977625238336,10736.548930986393,10736.548930986393,10927.977625238336,10927.977625238336,10736.548930986393,10736.548930986393,,,,,-1,-1,1,0,0,37243.319217
2019-08-20,10449.211615860235,10949.96,10449.211615860235,10796.3,10495.059910306318,10716.390101570609,10495.059910306318,10716.390101570609,10832.263278112365,10832.263278112365,10692.170812633041,10692.170812633041,10832.263278112365,10832.263278112365,10692.170812633041,10692.170812633041,,,,,-1,-1,1,0,0,32298.288761
2019-08-21,10622.755807930116,10804.13,9858,10391.3025,10495.059910306318,10716.390101570609,10495.059910306318,10716.390101570609,10762.217045372703,10762.217045372703,10647.183358676986,10647.183358676986,10762.217045372703,10762.217045372703,10647.183358676986,10647.183358676986,,,,,-1,-1,1,0,0,47355.719282
2019-08-22,10507.029153965057,10507.029153965057,9762,10061.175,10495.059910306318,10716.390101570609,10495.059910306318,10716.390101570609,10704.700202024846,10704.700202024846,10587.266988457986,10587.266988457986,10704.700202024846,10704.700202024846,10587.266988457986,10587.266988457986,,,,,-1,-1,1,0,0,34059.642738
2019-08-23,10284.102076982528,10445,10019.79,10238.560000000001,10495.059910306318,10716.390101570609,10495.059910306318,10716.390101570609,10645.983595241416,10645.983595241416,10529.047885092466,10529.047885092466,10645.983595241416,10645.983595241416,10529.047885092466,10529.047885092466,,,,,-1,-1,1,0,0,27550.336173
2019-08-24,10261.331038491266,10419.42,9890,10207.9825,10495.059910306318,10716.390101570609,10495.059910306318,10716.390101570609,10587.515740166942,10587.515740166942,10472.157681257922,10472.157681257922,10587.515740166942,10587.515740166942,10472.157681257922,10472.157681257922,,,,,-1,-1,1,0,0,27692.456844
2019-08-25,10234.656769245634,10333,9906.97,10129.317500000001,10605.725005938464,10610.135463900766,10605.725005938464,10610.135463900766,10529.836710712432,10529.836710712432,10417.060331562112,10417.060331562112,10529.836710712432,10529.836710712432,10417.060331562112,10417.060331562112,,,,,-1,-1,1,0,0,26271.657398
2019-08-26,10181.987134622817,10604,10137.93,10314.2175,10605.725005938464,10610.135463900766,10605.725005938464,10610.135463900766,10473.448521137272,10473.448521137272,10381.79030855683,10381.79030855683,10473.448521137272,10473.448521137272,10381.79030855683,10381.79030855683,,,,,-1,-1,1,0,0,41687.511599
2019-08-27,10248.102317311408,10391.08,10051.08,10250.2025,10605.725005938464,10610.135463900766,10605.725005938464,10610.135463900766,10427.619414847051,10427.619414847051,10352.293266334013,10352.293266334013,10427.619414847051,10427.619414847051,10352.293266334013,10352.293266334013,,,,,-1,-1,1,0,0,28402.775383
2019-08-28,10249.152408655704,10299,9601.01,9951.675000000001,10605.725005938464,10610.135463900766,10605.725005938464,10610.135463900766,10389.956340590532,10389.956340590532,10309.453854259356,10309.453854259356,10389.956340590532,10389.956340590532,10309.453854259356,10309.453854259356,,,,,-1,-1,1,0,0,42110.555375
2019-08-29,10100.413704327853,10100.413704327853,9320,9565.86,10605.725005938464,10610.135463900766,10605.725005938464,10610.135463900766,10349.705097424943,10349.705097424943,10241.659283993811,10241.659283993811,10349.705097424943,10349.705097424943,10241.659283993811,10241.659283993811,,,,,-1,-1,1,0,0,35532.69491
2019-08-30,9833.136852163927,9833.136852163927,9350.41,9532.490000000002,10605.725005938464,10610.135463900766,10605.725005938464,10610.135463900766,10295.682190709376,10295.682190709376,10156.300408277726,10156.300408277726,10295.682190709376,10295.682190709376,10156.300408277726,10156.300408277726,,,,,-1,-1,1,0,0,26834.318104
2019-08-31,9682.813426081964,9684.51,9420.75,9568.8725,10605.725005938464,10610.135463900766,10605.725005938464,10610.135463900766,10225.991299493551,10225.991299493551,10066.060583898465,10066.060583898465,10225.991299493551,10225.991299493551,10066.060583898465,10066.060583898465,,,,,-1,-1,1,0,0,17130.290074
2019-09-01,9625.842963040981,9830,9520,9665.93,10607.930234919617,10607.930234919617,10374.60453009004,10374.60453009004,10146.025941696009,10146.025941696009,9987.893790909191,9987.893790909191,10146.025941696009,10146.025941696009,9987.893790909191,9987.893790909191,,,,,-1,-1,-1,-1,0,19545.404843
2019-09-02,9645.88648152049,10450,9645.88648152049,10056.5225,10607.930234919617,10607.930234919617,10374.60453009004,10374.60453009004,10066.959866302599,10066.959866302599,9948.009738612069,9948.009738612069,10066.959866302599,10066.959866302599,9948.009738612069,9948.009738612069,,10450,,10606,-1,-1,-1,-1,-1,44740.248093
2019-09-03,9851.204490760245,10773,9851.204490760245,10500.07,10607.930234919617,10607.930234919617,10374.60453009004,10374.60453009004,10007.484802457333,10007.484802457333,9955.695848141682,9955.695848141682,10007.484802457333,10007.484802457333,9955.695848141682,9955.695848141682,,,,10606,-1,-1,-1,-1,-1,47998.376781
2019-09-04,10175.637245380123,10799,10175.637245380123,10586.939999999999,10607.930234919617,10607.930234919617,10374.60453009004,10374.60453009004,9981.590325299507,10001.825612548691,9981.590325299507,10001.825612548691,9981.590325299507,10001.825612548691,9981.590325299507,10001.825612548691,,,10586.939999999999,,1,1,-1,0,0,43943.889026
2019-09-05,10381.288622690061,10900,10381.288622690061,10620.102499999999,10607.930234919617,10607.930234919617,10374.60453009004,10374.60453009004,9991.707968924098,10073.916775831636,9991.707968924098,10073.916775831636,9991.707968924098,10073.916775831636,9991.707968924098,10073.916775831636,,,,,1,1,-1,0,0,33970.960639
2019-09-06,10500.69556134503,10905.87,10150,10479.432499999999,10607.930234919617,10607.930234919617,10374.60453009004,10374.60453009004,10032.812372377866,10146.233339986311,10032.812372377866,10146.233339986311,10032.812372377866,10146.233339986311,10032.812372377866,10146.233339986311,,,,,1,1,-1,0,0,58799.640959
2019-09-07,10490.064030672514,10558,10288.57,10400.289999999999,10607.930234919617,10607.930234919617,10374.60453009004,10374.60453009004,10089.522856182088,10205.580862607987,10089.522856182088,10205.580862607987,10089.522856182088,10205.580862607987,10089.522856182088,10205.580862607987,,,,,1,1,-1,0,0,27637.877392
2019-09-08,10445.177015336256,10592.5,10208,10409.395,10491.26738250483,10491.26738250483,10298.68397345863,10298.68397345863,10147.551859395036,10251.781896829309,10147.551859395036,10251.781896829309,10147.551859395036,10251.781896829309,10147.551859395036,10251.781896829309,,,,,1,1,-1,0,0,23984.672018
2019-09-09,10427.286007668128,10480,10068.5,10308.215,10491.26738250483,10491.26738250483,10298.68397345863,10298.68397345863,10199.666878112173,10279.49512214039,10199.666878112173,10279.49512214039,10199.666878112173,10279.49512214039,10199.666878112173,10279.49512214039,,,,,1,1,-1,0,0,39835.727608
2019-09-10,10367.750503834064,10384.99,9953,10184.68,10491.26738250483,10491.26738250483,10298.68397345863,10298.68397345863,10239.581000126282,10287.371072069394,10239.581000126282,10287.371072069394,10239.581000126282,10287.371072069394,10239.581000126282,10287.371072069394,,,,,1,1,-1,0,0,28915.412225
2019-09-11,10276.215251917032,10293,9880,10107.380000000001,10491.26738250483,10491.26738250483,10298.68397345863,10298.68397345863,10263.476036097838,10277.871203450473,10263.476036097838,10277.871203450473,10263.476036097838,10277.871203450473,10263.476036097838,10277.871203450473,,,,,1,1,-1,0,0,31953.824562
2019-09-12,10191.797625958516,10448.81,10040,10265.6425,10491.26738250483,10491.26738250483,10298.68397345863,10298.68397345863,10270.673619774156,10270.673619774156,10269.766049476235,10269.766049476235,10270.673619774156,10270.673619774156,10269.766049476235,10269.766049476235,,,,,-1,-1,-1,-1,0,34511.162755
2019-09-13,10228.720062979257,10439,10153,10337.2675,10491.26738250483,10491.26738250483,10298.68397345863,10298.68397345863,10270.219834625195,10270.219834625195,10267.737496845464,10267.737496845464,10270.219834625195,10270.219834625195,10267.737496845464,10267.737496845464,,10439,,10907.87,-1,-1,-1,-1,-1,30280.339776
2019-09-14,10282.99378148963,10419.99,10222.33,10330.3675,10491.26738250483,10491.26738250483,10298.68397345863,10298.68397345863,10268.97866573533,10270.895978820166,10268.97866573533,10270.895978820166,10268.97866573533,10270.895978820166,10268.97866573533,10270.895978820166,,,10330.3675,,1,1,-1,0,0,23621.533519
2019-09-15,10306.680640744815,10360,10252.15,10311.7425,10394.975677981729,10394.975677981729,10250.495425878427,10250.495425878427,10269.937322277749,10275.636364307564,10269.937322277749,10275.636364307564,10269.937322277749,10275.636364307564,10269.937322277749,10275.636364307564,,,,,1,1,-1,0,0,18047.654013
2019-09-16,10309.211570372408,10355,10078,10246.9125,10394.975677981729,10394.975677981729,10250.495425878427,10250.495425878427,10272.786843292657,10275.328068938175,10272.786843292657,10275.328068938175,10272.786843292657,10275.328068938175,10272.786843292657,10275.328068938175,,,,,1,1,-1,0,0,28971.401657
2019-09-17,10278.062035186205,10278.062035186205,10128.01,10210.1275,10394.975677981729,10394.975677981729,10250.495425878427,10250.495425878427,10274.057456115415,10274.057456115415,10270.583070979566,10270.583070979566,10274.057456115415,10274.057456115415,10270.583070979566,10270.583070979566,,,,,-1,-1,-1,-1,0,22914.324563
2019-09-18,10244.094767593102,10258.02,10100,10175.6225,10394.975677981729,10394.975677981729,10250.495425878427,10250.495425878427,10272.32026354749,10272.32026354749,10261.599960458323,10261.599960458323,10272.32026354749,10272.32026354749,10261.599960458323,10261.599960458323,,10258.02,,10482,-1,-1,-1,-1,-1,24250.249303
2019-09-19,10209.85863379655,10325,9653,10094.675,10394.975677981729,10394.975677981729,10250.495425878427,10250.495425878427,10266.960112002906,10266.960112002906,10240.433037592036,10240.433037592036,10266.960112002906,10266.960112002906,10240.433037592036,10240.433037592036,,,,10482,-1,-1,-1,-1,-1,44826.282579
2019-09-20,10152.266816898275,10281,10061.39,10188.67,10394.975677981729,10394.975677981729,10250.495425878427,10250.495425878427,10253.69657479747,10253.69657479747,10224.368355066217,10224.368355066217,10253.69657479747,10253.69657479747,10224.368355066217,10224.368355066217,,,,10482,-1,-1,-1,-1,-1,25088.491069
2019-09-21,10170.468408449138,10176.7,9900,10057.7525,10394.975677981729,10394.975677981729,10250.495425878427,10250.495425878427,10239.032464931843,10239.032464931843,10203.703669624929,10203.703669624929,10239.032464931843,10239.032464931843,10203.703669624929,10203.703669624929,,,,10482,-1,-1,-1,-1,-1,20544.175196
2019-09-22,10114.11045422457,10114.11045422457,9853.97,9989.247500000001,10322.735551930078,10322.735551930078,10170.646760325997,10170.646760325997,10221.368067278385,10221.368067278385,10177.540677084538,10177.540677084538,10221.368067278385,10221.368067278385,10177.540677084538,10177.540677084538,,,,10482,-1,-1,-1,-1,-1,22049.275256
2019-09-23,10051.678977112286,10051.678977112286,9615.77,9849.015,10322.735551930078,10322.735551930078,10170.646760325997,10170.646760325997,10199.45437218146,10199.45437218146,10139.953063807608,10139.953063807608,10199.45437218146,10199.45437218146,10139.953063807608,10139.953063807608,,,,10175.6225,-1,-1,-1,-1,-1,31937.232356
2019-09-24,9950.346988556143,9950.346988556143,7800,8947.5825,10322.735551930078,10322.735551930078,10170.646760325997,10170.646760325997,10169.703717994535,10169.703717994535,10035.489160320194,10035.489160320194,10169.703717994535,10169.703717994535,10035.489160320194,10035.489160320194,,,,10175.6225,-1,-1,-1,-1,-1,94007.345203
2019-09-25,9448.964744278072,9448.964744278072,8215.64,8468.31,10322.735551930078,10322.735551930078,10170.646760325997,10170.646760325997,10102.596439157363,10102.596439157363,9885.404290854409,9885.404290854409,10102.596439157363,10102.596439157363,9885.404290854409,9885.404290854409,,,,10175.6225,-1,-1,-1,-1,-1,60783.892258
2019-09-26,8958.637372139036,8958.637372139036,7750,8177.4425,10322.735551930078,10322.735551930078,10170.646760325997,10170.646760325997,9994.000365005886,9994.000365005886,9688.766909122829,9688.766909122829,9994.000365005886,9994.000365005886,9688.766909122829,9688.766909122829,,,,10175.6225,-1,-1,-1,-1,-1,67930.853749
2019-09-27,8568.039936069517,8568.039936069517,7852.15,8089.6375,10322.735551930078,10322.735551930078,10170.646760325997,10170.646760325997,9841.383637064358,9841.383637064358,9470.842791773597,9470.842791773597,9841.383637064358,9841.383637064358,9470.842791773597,9470.842791773597,,,,10116.11045422457,-1,-1,-1,-1,-1,43882.924625
2019-09-28,8328.838718034758,8328.838718034758,8001.09,8173.092500000001,10322.735551930078,10322.735551930078,10170.646760325997,10170.646760325997,9656.113214418978,9656.113214418978,9256.889065210069,9256.889065210069,9656.113214418978,9656.113214418978,9256.889065210069,9256.889065210069,,,,10053.678977112286,-1,-1,-1,-1,-1,34473.605165
2019-09-29,8250.96560901738,8250.96560901738,7890,8090.5824999999995,10246.691156128038,10246.691156128038,9757.2091552444,9757.2091552444,9456.501139814523,9456.501139814523,9056.043047418078,9056.043047418078,9456.501139814523,9456.501139814523,9056.043047418078,9056.043047418078,,,,9952.346988556143,-1,-1,-1,-1,-1,31544.211388
2019-09-30,8170.774054508689,8337.26,7710,8094.91,10246.691156128038,10246.691156128038,9757.2091552444,9757.2091552444,9256.2720936163,9256.2720936163,8875.398725000401,8875.398725000401,9256.2720936163,9256.2720936163,8875.398725000401,8875.398725000401,,,,9450.964744278072,-1,-1,-1,-1,-1,55865.48726
2019-10-01,8132.842027254344,8500,8132.842027254344,8313.865,10246.691156128038,10246.691156128038,9757.2091552444,9757.2091552444,9065.83540930835,9065.83540930835,8737.274800194531,8737.274800194531,9065.83540930835,9065.83540930835,8737.274800194531,8737.274800194531,,,,8960.637372139036,-1,-1,-1,-1,-1,43472.418091
2019-10-02,8223.353513627171,8373.91,8151.22,8294.435000000001,10246.691156128038,10246.691156128038,9757.2091552444,9757.2091552444,8901.555104751442,8901.555104751442,8630.457397792881,8630.457397792881,8901.555104751442,8901.555104751442,8630.457397792881,8630.457397792881,,,,8570.039936069517,-1,-1,-1,-1,-1,26243.386644
2019-10-03,8258.894256813586,8393,8060,8259.24,10246.691156128038,10246.691156128038,9757.2091552444,9757.2091552444,8766.006251272162,8766.006251272162,8546.149380353047,8546.149380353047,8766.006251272162,8766.006251272162,8546.149380353047,8546.149380353047,,,,8502,-1,-1,-1,-1,-1,30488.284058
2019-10-04,8259.067128406794,8259.067128406794,8005,8149.7425,10246.691156128038,10246.691156128038,9757.2091552444,9757.2091552444,8656.077815812605,8656.077815812605,8473.211844112266,8473.211844112266,8656.077815812605,8656.077815812605,8473.211844112266,8473.211844112266,,,,8502,-1,-1,-1,-1,-1,26476.330404
2019-10-05,8204.404814203397,8204.404814203397,8012.98,8114.9175,10246.691156128038,10246.691156128038,9757.2091552444,9757.2091552444,8564.644829962435,8564.644829962435,8409.037877243407,8409.037877243407,8564.644829962435,8564.644829962435,8409.037877243407,8409.037877243407,,,,8502,-1,-1,-1,-1,-1,21907.615564
2019-10-06,8159.661157101698,8159.661157101698,7785,7980.1675,10001.95015568622,10001.95015568622,9248.795755744603,9248.795755744603,8486.841353602922,8486.841353602922,8344.608655043045,8344.608655043045,8486.841353602922,8486.841353602922,8344.608655043045,8344.608655043045,,,,8502,-1,-1,-1,-1,-1,34676.104049
2019-10-07,8069.914328550849,8299.92,7762,8026.8275,10001.95015568622,10001.95015568622,9248.795755744603,9248.795755744603,8415.725004322983,8415.725004322983,8287.435622646846,8287.435622646846,8415.725004322983,8415.725004322983,8287.435622646846,8287.435622646846,,,,8395,-1,-1,-1,-1,-1,52202.072297
2019-10-08,8048.370914275425,8325,8048.370914275425,8193.24,10001.95015568622,10001.95015568622,9248.795755744603,9248.795755744603,8351.580313484916,8351.580313484916,8248.871303927808,8248.871303927808,8351.580313484916,8351.580313484916,8248.871303927808,8248.871303927808,,,,8395,-1,-1,-1,-1,-1,35452.657423
2019-10-09,8120.805457137712,8670,8115,8379.1325,10001.95015568622,10001.95015568622,9248.795755744603,9248.795755744603,8300.225808706362,8300.225808706362,8237.306905001735,8237.306905001735,8300.225808706362,8300.225808706362,8237.306905001735,8237.306905001735,,,,8395,-1,-1,-1,-1,-1,55038.704378
2019-10-10,8249.968978568857,8644,8249.968978568857,8544.675000000001,10001.95015568622,10001.95015568622,9248.795755744603,9248.795755744603,8268.766356854048,8268.766356854048,8248.340970772473,8248.340970772473,8268.766356854048,8268.766356854048,8248.340970772473,8248.340970772473,,,8544.675000000001,,-1,-1,-1,-1,0,39137.946167
2019-10-11,8397.321989284428,8779.51,8212.38,8452.0525,10001.95015568622,10001.95015568622,9248.795755744603,9248.795755744603,8258.553663813262,8272.332437158697,8258.553663813262,8272.332437158697,8258.553663813262,8272.332437158697,8258.553663813262,8272.332437158697,,,,,1,1,-1,0,0,50405.284418
2019-10-12,8424.687244642213,8424.687244642213,8250,8302.01,10001.95015568622,10001.95015568622,9248.795755744603,9248.795755744603,8265.44305048598,8290.463004597816,8265.44305048598,8290.463004597816,8265.44305048598,8290.463004597816,8265.44305048598,8290.463004597816,,,,,1,1,-1,0,0,21339.334098
2019-10-13,8363.348622321108,8451.37,8160,8297.09,9625.372955715411,9625.372955715411,8806.356493833748,8806.356493833748,8277.953027541897,8301.367416156734,8277.953027541897,8301.367416156734,8277.953027541897,8301.367416156734,8277.953027541897,8301.367416156734,,,,,1,1,-1,0,0,27840.739953
2019-10-14,8330.219311160554,8388.85,8203,8303.8225,9625.372955715411,9625.372955715411,8806.356493833748,8806.356493833748,8289.660221849315,8306.909967029422,8289.660221849315,8306.909967029422,8289.660221849315,8306.909967029422,8289.660221849315,8306.909967029422,,,,,1,1,-1,0,0,29810.663253
2019-10-15,8317.020905580277,8403,8090,8249.7875,9625.372955715411,9625.372955715411,8806.356493833748,8806.356493833748,8298.285094439369,8305.766902713622,8298.285094439369,8305.766902713622,8298.285094439369,8305.766902713622,8298.285094439369,8305.766902713622,,,,,1,1,-1,0,0,32773.062476
2019-10-16,8283.404202790138,8283.404202790138,7917,8062.299999999999,9625.372955715411,9625.372955715411,8806.356493833748,8806.356493833748,8302.025998576495,8302.025998576495,8290.189934804599,8290.189934804599,8302.025998576495,8302.025998576495,8290.189934804599,8290.189934804599,,,,,-1,-1,-1,-1,0,34733.593966
2019-10-17,8172.8521013950685,8172.8521013950685,7929.03,8029.887500000001,9625.372955715411,9625.372955715411,8806.356493833748,8806.356493833748,8296.107966690548,8296.107966690548,8263.895393415316,8263.895393415316,8296.107966690548,8296.107966690548,8263.895393415316,8263.895393415316,,8172.8521013950685,,8781.51,-1,-1,-1,-1,-1,29656.949158
2019-10-18,8101.369800697535,8115,7816.01,7987.182500000001,9625.372955715411,9625.372955715411,8806.356493833748,8806.356493833748,8280.001680052932,8280.001680052932,8228.601956923345,8228.601956923345,8280.001680052932,8280.001680052932,8228.601956923345,8228.601956923345,,,,8781.51,-1,-1,-1,-1,-1,31353.181416
2019-10-19,8044.276150348767,8098.1,7866.92,7964.980000000001,9625.372955715411,9625.372955715411,8806.356493833748,8806.356493833748,8254.301818488138,8254.301818488138,8191.239871508324,8191.239871508324,8254.301818488138,8254.301818488138,8191.239871508324,8191.239871508324,,,,8781.51,-1,-1,-1,-1,-1,26627.889388
2019-10-20,8004.628075174384,8297,7870,8085.055,9215.86472477458,9215.86472477458,8505.394693322016,8505.394693322016,8222.770844998231,8222.770844998231,8162.50920029556,8162.50920029556,8222.770844998231,8222.770844998231,8162.50920029556,8162.50920029556,,,,8781.51,-1,-1,-1,-1,-1,34286.452654
2019-10-21,8044.841537587192,8333,8044.841537587192,8223.912499999999,9215.86472477458,9215.86472477458,8505.394693322016,8505.394693322016,8192.640022646896,8192.640022646896,8149.02508204054,8149.02508204054,8192.640022646896,8192.640022646896,8149.02508204054,8149.02508204054,,,,8781.51,-1,-1,-1,-1,-1,30448.679539
2019-10-22,8134.377018793595,8297.99,8000,8128.8175,9215.86472477458,9215.86472477458,8505.394693322016,8505.394693322016,8170.832552343718,8170.832552343718,8141.956586646674,8141.956586646674,8170.832552343718,8170.832552343718,8141.956586646674,8141.956586646674,,,,8781.51,-1,-1,-1,-1,-1,34651.828663
2019-10-23,8131.597259396798,8131.597259396798,7300,7708.5675,9215.86472477458,9215.86472477458,8505.394693322016,8505.394693322016,8156.394569495195,8156.394569495195,8109.856525956356,8109.856525956356,8156.394569495195,8156.394569495195,8109.856525956356,8109.856525956356,,,,8781.51,-1,-1,-1,-1,-1,63897.457098
2019-10-24,7920.082379698399,7920.082379698399,7337.99,7430.6375,9215.86472477458,9215.86472477458,8505.394693322016,8505.394693322016,8133.1255477257755,8133.1255477257755,8054.195745535793,8054.195745535793,8133.1255477257755,8133.1255477257755,8054.195745535793,8054.195745535793,,,,8781.51,-1,-1,-1,-1,-1,32714.383265
2019-10-25,7675.359939849199,8799,7361,8056.8575,9215.86472477458,9215.86472477458,8505.394693322016,8505.394693322016,8093.660646630785,8093.660646630785,8021.008147066332,8021.008147066332,8093.660646630785,8093.660646630785,8021.008147066332,8021.008147066332,,,,8781.51,-1,-1,-1,-1,-1,90748.218174
2019-10-26,7866.108719924599,10370,7866.108719924599,9181.564999999999,9215.86472477458,9215.86472477458,8505.394693322016,8505.394693322016,8057.334396848559,8076.626153371336,8057.334396848559,8076.626153371336,8057.334396848559,8076.626153371336,8057.334396848559,8076.626153371336,,,9181.564999999999,,1,1,-1,0,0,162588.585413
2019-10-27,8523.836859962299,9794.98,8523.836859962299,9407.3125,8860.629709048297,8860.629709048297,8564.720158250933,8564.720158250933,8066.980275109948,8190.2137031234315,8066.980275109948,8190.2137031234315,8066.980275109948,8190.2137031234315,8066.980275109948,8190.2137031234315,,,,,1,1,-1,0,0,93833.541604
2019-10-28,8965.57467998115,9902.1,8965.57467998115,9448.8675,8860.629709048297,8860.629709048297,8564.720158250933,8564.720158250933,8128.596989116691,8343.693716284823,8128.596989116691,8343.693716284823,8128.596989116691,8343.693716284823,8128.596989116691,8343.693716284823,,,,,1,1,-1,0,0,80174.217323
2019-10-29,9207.221089990575,9550,9072,9308.5175,8860.629709048297,8860.629709048297,8564.720158250933,8564.720158250933,8236.145352700758,8498.939138534612,8236.145352700758,8498.939138534612,8236.145352700758,8498.939138534612,8236.145352700758,8498.939138534612,,,,,1,1,-1,0,0,64158.462446
2019-10-30,9257.869294995287,9409.84,9001.01,9243.2975,8860.629709048297,8860.629709048297,8564.720158250933,8564.720158250933,8367.542245617686,8636.192785381332,8367.542245617686,8636.192785381332,8367.542245617686,8636.192785381332,8367.542245617686,8636.192785381332,,,,,1,1,-1,0,0,55241.786434
2019-10-31,9250.583397497645,9405,8913,9153.2175,8860.629709048297,8860.629709048297,8564.720158250933,8564.720158250933,8501.867515499509,8748.622926264741,8501.867515499509,8748.622926264741,8501.867515499509,8748.622926264741,8501.867515499509,8748.622926264741,,,,,1,1,-1,0,0,54376.024902
2019-11-01,9201.900448748824,9279,9030,9170.3675,8860.629709048297,8860.629709048297,8564.720158250933,8564.720158250933,8625.245220882125,8838.574241870107,8625.245220882125,8838.574241870107,8625.245220882125,8838.574241870107,8625.245220882125,8838.574241870107,,,,,1,1,-1,0,0,43594.814115
2019-11-02,9186.133974374412,9373.74,9186.133974374412,9270.217499999999,8860.629709048297,8860.629709048297,8564.720158250933,8564.720158250933,8731.909731376116,8917.483266514131,8731.909731376116,8917.483266514131,8731.909731376116,8917.483266514131,8731.909731376116,8917.483266514131,,,,,1,1,-1,0,0,28923.060828
2019-11-03,9228.175737187205,9362.57,9066.14,9228.3175,8712.674933649616,8817.33400159374,8712.674933649616,8817.33400159374,8824.696498945123,8981.31348181758,8824.696498945123,8981.31348181758,8824.696498945123,8981.31348181758,8824.696498945123,8981.31348181758,,,,,1,1,1,1,0,27894.378279
2019-11-04,9228.246618593603,9513.68,9115.84,9304.8325,8712.674933649616,8817.33400159374,8712.674933649616,8817.33400159374,8903.00499038135,9038.59747543304,8903.00499038135,9038.59747543304,8903.00499038135,9038.59747543304,8903.00499038135,9038.59747543304,9115.84,,,7864.108719924599,1,1,1,1,1,45894.456277
2019-11-05,9266.539559296802,9454.95,9175.76,9332.942500000001,8712.674933649616,8817.33400159374,8712.674933649616,8817.33400159374,8970.801232907195,9089.236720399469,8970.801232907195,9089.236720399469,8970.801232907195,9089.236720399469,8970.801232907195,9089.236720399469,,,,7864.108719924599,1,1,1,1,1,45935.873665
2019-11-06,9299.741029648401,9440.91,9250.01,9334.425,8712.674933649616,8817.33400159374,8712.674933649616,8817.33400159374,9030.018976653331,9134.38257134048,9030.018976653331,9134.38257134048,9030.018976653331,9134.38257134048,9030.018976653331,9134.38257134048,,,,7864.108719924599,1,1,1,1,1,37336.170372
2019-11-07,9317.0830148242,9375,9101,9257.84,8712.674933649616,8817.33400159374,8712.674933649616,8817.33400159374,9082.200773996905,9166.859362434338,9082.200773996905,9166.859362434338,9082.200773996905,9166.859362434338,9082.200773996905,9166.859362434338,,,,7864.108719924599,1,1,1,1,1,39117.470853
2019-11-08,9287.4615074121,9287.4615074121,8696,8986.182499999999,8712.674933649616,8817.33400159374,8712.674933649616,8817.33400159374,9124.530068215621,9172.896710835623,9124.530068215621,9172.896710835623,9124.530068215621,9172.896710835623,9124.530068215621,9172.896710835623,,,,7864.108719924599,1,1,1,1,1,62107.289243
2019-11-09,9136.82200370605,9136.82200370605,8724.88,8797.0075,8712.674933649616,8817.33400159374,8712.674933649616,8817.33400159374,9148.713389525621,9155.801799291103,9148.713389525621,9155.801799291103,9148.713389525621,9155.801799291103,9148.713389525621,9155.801799291103,,,,7864.108719924599,1,1,1,1,1,29469.481405
2019-11-10,8966.914751853024,9147.19,8750,8936.460000000001,8765.004467621678,8961.026532316835,8765.004467621678,8961.026532316835,9152.257594408362,9152.257594408362,9129.543230674519,9129.543230674519,9152.257594408362,9152.257594408362,9129.543230674519,9129.543230674519,,,8936.460000000001,,-1,-1,1,0,0,34422.029797
2019-11-11,8951.687375926513,9072.32,8618.68,8866.1075,8765.004467621678,8961.026532316835,8765.004467621678,8961.026532316835,9140.90041254144,9140.90041254144,9094.85860872519,9094.85860872519,9140.90041254144,9140.90041254144,9094.85860872519,9094.85860872519,,,,,-1,-1,1,0,0,44888.053545
2019-11-12,8908.897437963256,8908.897437963256,8567.6,8752.725,8765.004467621678,8961.026532316835,8765.004467621678,8961.026532316835,9117.879510633313,9117.879510633313,9051.087683838297,9051.087683838297,9117.879510633313,9117.879510633313,9051.087683838297,9051.087683838297,,,,,-1,-1,1,0,0,40366.629471
2019-11-13,8830.811218981627,8844.99,8702,8786.505000000001,8765.004467621678,8961.026532316835,8765.004467621678,8961.026532316835,9084.483597235803,9084.483597235803,9007.549151860601,9007.549151860601,9084.483597235803,9084.483597235803,9007.549151860601,9007.549151860601,,,,,-1,-1,1,0,0,26810.116918
2019-11-14,8808.658109490814,8808.658109490814,8582.6,8701.705,8765.004467621678,8961.026532316835,8765.004467621678,8961.026532316835,9046.0163745482,9046.0163745482,8962.151717194103,8962.151717194103,9046.0163745482,9046.0163745482,8962.151717194103,8962.151717194103,,,,,-1,-1,1,0,0,33468.468961
2019-11-15,8755.181554745406,8790,8400,8577.0275,8765.004467621678,8961.026532316835,8765.004467621678,8961.026532316835,9004.084045871152,9004.084045871152,8911.490740704605,8911.490740704605,9004.084045871152,9004.084045871152,8911.490740704605,8911.490740704605,,,,,-1,-1,1,0,0,46087.417751
2019-11-16,8666.104527372703,8666.104527372703,8400,8476.41,8765.004467621678,8961.026532316835,8765.004467621678,8961.026532316835,8957.787393287877,8957.787393287877,8855.907975941216,8855.907975941216,8957.787393287877,8957.787393287877,8855.907975941216,8855.907975941216,,,,,-1,-1,1,0,0,20902.299752
2019-11-17,8571.257263686352,8635,8350.68,8494.705,8863.015499969257,8907.039184675254,8863.015499969257,8907.039184675254,8906.847684614546,8906.847684614546,8799.480693716556,8799.480693716556,8906.847684614546,8906.847684614546,8799.480693716556,8799.480693716556,,,,,-1,-1,1,0,0,27009.037082
2019-11-18,8532.981131843175,8532.981131843175,8060,8313.39,8863.015499969257,8907.039184675254,8863.015499969257,8907.039184675254,8853.16418916555,8853.16418916555,8734.06861731883,8734.06861731883,8853.16418916555,8853.16418916555,8734.06861731883,8734.06861731883,,,,,-1,-1,1,0,0,43017.69094
2019-11-19,8423.185565921587,8423.185565921587,8003,8135.442499999999,8863.015499969257,8907.039184675254,8863.015499969257,8907.039184675254,8793.61640324219,8793.61640324219,8660.177185279175,8660.177185279175,8793.61640324219,8793.61640324219,8660.177185279175,8660.177185279175,,,,,-1,-1,1,0,0,43556.061025
2019-11-20,8279.314032960792,8279.314032960792,8038.4,8133.6325000000015,8863.015499969257,8907.039184675254,8863.015499969257,8907.039184675254,8726.896794260681,8726.896794260681,8583.249001989669,8583.249001989669,8726.896794260681,8726.896794260681,8583.249001989669,8583.249001989669,,,,,-1,-1,1,0,0,32466.23098
2019-11-21,8206.473266480396,8206.473266480396,7500,7840.2575,8863.015499969257,8907.039184675254,8863.015499969257,8907.039184675254,8655.072898125174,8655.072898125174,8490.020472565722,8490.020472565722,8655.072898125174,8655.072898125174,8490.020472565722,8490.020472565722,,,,,-1,-1,1,0,0,58418.780261
2019-11-22,8023.365383240198,8023.365383240198,6790,7359.005,8863.015499969257,8907.039184675254,8863.015499969257,8907.039184675254,8572.546685345447,8572.546685345447,8362.86168941716,8362.86168941716,8572.546685345447,8572.546685345447,8362.86168941716,8362.86168941716,,,,,-1,-1,1,0,0,126603.140259
2019-11-23,7691.185191620099,7691.185191620099,7080.01,7251.0725,8863.015499969257,8907.039184675254,8863.015499969257,8907.039184675254,8467.704187381303,8467.704187381303,8220.454393404976,8220.454393404976,8467.704187381303,8467.704187381303,8220.454393404976,8220.454393404976,,,,,-1,-1,1,0,0,50449.894755
2019-11-24,7471.12884581005,7471.12884581005,6861,7101.4425,8885.027342322255,8885.027342322255,8526.405949500522,8526.405949500522,8344.07929039314,8344.07929039314,8065.6172689992945,8065.6172689992945,8344.07929039314,8344.07929039314,8065.6172689992945,8065.6172689992945,,,,,-1,-1,-1,-1,0,67890.206483
2019-11-25,7286.285672905025,7377.69,6515,6975.6224999999995,8885.027342322255,8885.027342322255,8526.405949500522,8526.405949500522,8204.848279696216,8204.848279696216,7902.073924207929,7902.073924207929,8204.848279696216,8204.848279696216,7902.073924207929,7902.073924207929,,7377.69,,8668.104527372703,-1,-1,-1,-1,-1,119645.735197
2019-11-26,7130.9540864525125,7340,7017.48,7155.9025,8885.027342322255,8885.027342322255,8526.405949500522,8526.405949500522,8053.461101952073,8053.461101952073,7759.887938630198,7759.887938630198,8053.461101952073,8053.461101952073,7759.887938630198,7759.887938630198,,,,8668.104527372703,-1,-1,-1,-1,-1,65722.39769
2019-11-27,7143.428293226256,7655,6840,7289.5675,8885.027342322255,8885.027342322255,8526.405949500522,8526.405949500522,7906.674520291135,7906.674520291135,7646.611012887378,7646.611012887378,7906.674520291135,7906.674520291135,7646.611012887378,7646.611012887378,,,,8668.104527372703,-1,-1,-1,-1,-1,92452.87349
2019-11-28,7216.4978966131275,7643,7216.4978966131275,7482.5975,8885.027342322255,8885.027342322255,8526.405949500522,8526.405949500522,7776.642766589257,7776.642766589257,7570.907319577989,7570.907319577989,7776.642766589257,7776.642766589257,7570.907319577989,7570.907319577989,,,,8668.104527372703,-1,-1,-1,-1,-1,56933.981109
2019-11-29,7349.547698306564,7850,7349.547698306564,7592.625,8885.027342322255,8885.027342322255,8526.405949500522,8526.405949500522,7673.775043083623,7673.775043083623,7532.425398662523,7532.425398662523,7673.775043083623,7673.775043083623,7532.425398662523,7532.425398662523,,,,8668.104527372703,-1,-1,-1,-1,-1,60745.300873
2019-11-30,7471.086349153282,7810,7441,7633.469999999999,8885.027342322255,8885.027342322255,8526.405949500522,8526.405949500522,7603.100220873073,7603.100220873073,7519.486163446487,7519.486163446487,7603.100220873073,7603.100220873073,7519.486163446487,7519.486163446487,,,,8668.104527372703,-1,-1,-1,-1,-1,46989.433619
2019-12-01,7552.278174576641,7552.278174576641,7210,7420.8425,8705.716645911387,8705.716645911387,8055.678638579208,8055.678638579208,7561.293192159781,7561.293192159781,7505.8357246871665,7505.8357246871665,7561.293192159781,7561.293192159781,7505.8357246871665,7505.8357246871665,,,,8668.104527372703,-1,-1,-1,-1,-1,60769.342313
2019-12-02,7486.56033728832,7486.56033728832,7151.1,7314.360000000001,8705.716645911387,8705.716645911387,8055.678638579208,8055.678638579208,7533.564458423474,7533.564458423474,7486.470803840105,7486.470803840105,7533.564458423474,7533.564458423474,7486.470803840105,7486.470803840105,,,,8668.104527372703,-1,-1,-1,-1,-1,46330.25604
2019-12-03,7400.46016864416,7400.46016864416,7241.35,7307.12,8705.716645911387,8705.716645911387,8055.678638579208,8055.678638579208,7510.01763113179,7510.01763113179,7464.178443487652,7464.178443487652,7510.01763113179,7510.01763113179,7464.178443487652,7464.178443487652,,,,8668.104527372703,-1,-1,-1,-1,-1,33149.477487
2019-12-04,7353.79008432208,7750,7067,7326.0075,8705.716645911387,8705.716645911387,8055.678638579208,8055.678638579208,7487.098037309722,7487.098037309722,7445.77720444254,7445.77720444254,7487.098037309722,7487.098037309722,7445.77720444254,7445.77720444254,,,,8668.104527372703,-1,-1,-1,-1,-1,83147.149142
2019-12-05,7339.89879216104,7485,7150,7304.6475,8705.716645911387,8705.716645911387,8055.678638579208,8055.678638579208,7466.437620876131,7466.437620876131,7425.999681207952,7425.999681207952,7466.437620876131,7466.437620876131,7425.999681207952,7425.999681207952,,,,8668.104527372703,-1,-1,-1,-1,-1,59306.678855
2019-12-06,7322.27314608052,7590.03,7305,7452.875,8705.716645911387,8705.716645911387,8055.678638579208,8055.678638579208,7446.2186510420415,7446.2186510420415,7416.018601948448,7416.018601948448,7446.2186510420415,7446.2186510420415,7416.018601948448,7416.018601948448,,,,8668.104527372703,-1,-1,-1,-1,-1,48189.087944
2019-12-07,7387.5740730402595,7619.62,7387.5740730402595,7526.4475,8705.716645911387,8705.716645911387,8055.678638579208,8055.678638579208,7431.118626495245,7431.118626495245,7417.0750147003855,7417.0750147003855,7431.118626495245,7431.118626495245,7417.0750147003855,7417.0750147003855,,,,8668.104527372703,-1,-1,-1,-1,-1,31498.684173
2019-12-08,7457.01078652013,7564,7374.86,7484.070000000001,8380.697642245297,8380.697642245297,7753.222632299554,7753.222632299554,7424.096820597815,7424.096820597815,7422.271134600592,7422.271134600592,7424.096820597815,7424.096820597815,7422.271134600592,7422.271134600592,,,,8668.104527372703,-1,-1,-1,-1,-1,29856.897631
2019-12-09,7470.540393260066,7650,7273,7442.9375,8380.697642245297,8380.697642245297,7753.222632299554,7753.222632299554,7423.183977599203,7427.971398439748,7423.183977599203,7427.971398439748,7423.183977599203,7427.971398439748,7423.183977599203,7427.971398439748,,,7442.9375,,1,1,-1,0,0,46621.887493
2019-12-10,7456.738946630033,7456.738946630033,7157.1,7281.867500000001,8380.697642245297,8380.697642245297,7753.222632299554,7753.222632299554,7425.577688019475,7425.577688019475,7422.6439615536,7422.6439615536,7425.577688019475,7425.577688019475,7422.6439615536,7422.6439615536,,,,,-1,-1,-1,-1,0,49723.76214
2019-12-11,7369.303223315017,7369.303223315017,7125.66,7208.827499999999,8380.697642245297,8380.697642245297,7753.222632299554,7753.222632299554,7424.110824786538,7424.110824786538,7406.436004349301,7406.436004349301,7424.110824786538,7424.110824786538,7406.436004349301,7406.436004349301,,7369.303223315017,,7752,-1,-1,-1,-1,-1,30093.091944
2019-12-12,7289.065361657508,7295,7080.3,7195.844999999999,8380.697642245297,8380.697642245297,7753.222632299554,7753.222632299554,7415.273414567919,7415.273414567919,7381.860431970857,7381.860431970857,7415.273414567919,7415.273414567919,7381.860431970857,7381.860431970857,,,,7752,-1,-1,-1,-1,-1,42288.600932
2019-12-13,7242.455180828754,7309.05,7190.76,7239.0125,8380.697642245297,8380.697642245297,7753.222632299554,7753.222632299554,7398.566923269387,7398.566923269387,7358.254852704145,7358.254852704145,7398.566923269387,7398.566923269387,7358.254852704145,7358.254852704145,,,,7752,-1,-1,-1,-1,-1,27609.873795
2019-12-14,7240.7338404143775,7271.77,7012,7151.2975,8380.697642245297,8380.697642245297,7753.222632299554,7753.222632299554,7378.410887986766,7378.410887986766,7330.411847481853,7330.411847481853,7378.410887986766,7378.410887986766,7330.411847481853,7330.411847481853,,,,7752,-1,-1,-1,-1,-1,29561.985967
2019-12-15,7196.015670207189,7200.3,7008.35,7097.845,8066.9601372724255,8066.9601372724255,7557.882062175416,7557.882062175416,7354.411367734309,7354.411367734309,7299.215406828779,7299.215406828779,7354.411367734309,7354.411367734309,7299.215406828779,7299.215406828779,,,,7752,-1,-1,-1,-1,-1,26395.778137
2019-12-16,7146.930335103594,7150,6836,6999.33,8066.9601372724255,8066.9601372724255,7557.882062175416,7557.882062175416,7326.813387281544,7326.813387281544,7260.999261363755,7260.999261363755,7326.813387281544,7326.813387281544,7260.999261363755,7260.999261363755,,,,7752,-1,-1,-1,-1,-1,43863.993059
2019-12-17,7073.130167551797,7073.130167551797,6560,6754.3675,8066.9601372724255,8066.9601372724255,7557.882062175416,7557.882062175416,7293.906324322649,7293.906324322649,7207.97907769449,7207.97907769449,7293.906324322649,7293.906324322649,7207.97907769449,7207.97907769449,,,,7752,-1,-1,-1,-1,-1,53865.069929
2019-12-18,6913.748833775899,7440,6435,6944.1675,8066.9601372724255,8066.9601372724255,7557.882062175416,7557.882062175416,7250.942701008569,7250.942701008569,7158.814103604343,7158.814103604343,7250.942701008569,7250.942701008569,7158.814103604343,7158.814103604343,,,,7752,-1,-1,-1,-1,-1,95636.651251
2019-12-19,6928.958166887949,7380,6928.958166887949,7211.61,8066.9601372724255,8066.9601372724255,7557.882062175416,7557.882062175416,7204.878402306455,7204.878402306455,7131.743113903574,7131.743113903574,7204.878402306455,7204.878402306455,7131.743113903574,7131.743113903574,,,,7752,-1,-1,-1,-1,-1,55509.049075
2019-12-20,7070.284083443974,7220,7070.284083443974,7159.66,8066.9601372724255,8066.9601372724255,7557.882062175416,7557.882062175416,7168.310758105014,7168.310758105014,7118.960112293741,7118.960112293741,7168.310758105014,7168.310758105014,7118.960112293741,7118.960112293741,,,,7752,-1,-1,-1,-1,-1,32132.069205
2019-12-21,7114.972041721987,7190.58,7105,7154.085,8066.9601372724255,8066.9601372724255,7557.882062175416,7557.882062175416,7143.635435199378,7143.635435199378,7114.967969154642,7114.967969154642,7143.635435199378,7143.635435199378,7114.967969154642,7114.967969154642,,,,7752,-1,-1,-1,-1,-1,19467.174028
2019-12-22,7134.528520860993,7518.54,7122.47,7318.51,7812.421099723921,7812.421099723921,7348.968938103695,7348.968938103695,7129.30170217701,7129.30170217701,7127.19778333956,7127.19778333956,7129.30170217701,7129.30170217701,7127.19778333956,7127.19778333956,,,,7752,-1,-1,-1,-1,-1,39137.45515
2019-12-23,7226.519260430497,7695.38,7226.519260430497,7444.755,7812.421099723921,7812.421099723921,7348.968938103695,7348.968938103695,7128.249742758286,7157.002416348139,7128.249742758286,7157.002416348139,7128.249742758286,7157.002416348139,7128.249742758286,7157.002416348139,,,7444.755,,1,1,-1,0,0,68051.997203
2019-12-24,7335.637130215248,7436.68,7157.04,7291.6975,7812.421099723921,7812.421099723921,7348.968938103695,7348.968938103695,7142.626079553213,7184.090022081536,7142.626079553213,7184.090022081536,7142.626079553213,7184.090022081536,7142.626079553213,7184.090022081536,,,,,1,1,-1,0,0,43629.494188
2019-12-25,7313.667315107625,7313.667315107625,7128.86,7215.257500000001,7812.421099723921,7812.421099723921,7348.968938103695,7348.968938103695,7163.3580508173745,7201.9551723546565,7163.3580508173745,7201.9551723546565,7163.3580508173745,7201.9551723546565,7163.3580508173745,7201.9551723546565,,,,,1,1,-1,0,0,27492.044323
2019-12-26,7264.462407553812,7435,7157.12,7249.7825,7812.421099723921,7812.421099723921,7348.968938103695,7348.968938103695,7182.656611586016,7216.926558440672,7182.656611586016,7216.926558440672,7182.656611586016,7216.926558440672,7182.656611586016,7216.926558440672,,,,,1,1,-1,0,0,36259.761076
2019-12-27,7257.122453776907,7275.86,7076.42,7202.254999999999,7812.421099723921,7812.421099723921,7348.968938103695,7348.968938103695,7199.791585013344,7222.667676836684,7199.791585013344,7222.667676836684,7199.791585013344,7222.667676836684,7199.791585013344,7222.667676836684,,,,,1,1,-1,0,0,33642.701861
2019-12-28,7229.688726888453,7365.01,7229.688726888453,7293.6475,7812.421099723921,7812.421099723921,7348.968938103695,7348.968938103695,7211.229630925015,7230.39940423105,7211.229630925015,7230.39940423105,7211.229630925015,7230.39940423105,7211.229630925015,7230.39940423105,,,,,1,1,-1,0,0,26848.982199
2019-12-29,7261.668113444226,7528.45,7261.668113444226,7380.012499999999,7580.695018913808,7580.695018913808,7335.497157504101,7335.497157504101,7220.814517578033,7245.345346125403,7220.814517578033,7245.345346125403,7220.814517578033,7245.345346125403,7220.814517578033,7245.345346125403,,,,,1,1,-1,0,0,31387.106085
2019-12-30,7320.8403067221125,7408.24,7220,7315.6675,7580.695018913808,7580.695018913808,7335.497157504101,7335.497157504101,7233.079931851718,7258.617150614335,7233.079931851718,7258.617150614335,7233.079931851718,7258.617150614335,7233.079931851718,7258.617150614335,,,,,1,1,-1,0,0,29605.911782
2019-12-31,7318.253903361056,7320,7145.01,7226.56,7580.695018913808,7580.695018913808,7335.497157504101,7335.497157504101,7245.8485412330265,7264.262999395919,7245.8485412330265,7264.262999395919,7245.8485412330265,7264.262999395919,7245.8485412330265,7264.262999395919,,,,,1,1,-1,0,0,25954.453533
2020-01-01,7272.406951680528,7272.406951680528,7175.15,7206.5599999999995,7580.695018913808,7580.695018913808,7335.497157504101,7335.497157504101,7255.055770314473,7263.997104511266,7255.055770314473,7263.997104511266,7255.055770314473,7263.997104511266,7255.055770314473,7263.997104511266,,,,,1,1,-1,0,0,16792.388165
2020-01-02,7239.483475840264,7239.483475840264,6924.74,7075.93,7580.695018913808,7580.695018913808,7335.497157504101,7335.497157504101,7259.52643741287,7259.52643741287,7251.065209868106,7251.065209868106,7259.52643741287,7259.52643741287,7251.065209868106,7251.065209868106,,,,,-1,-1,-1,-1,0,31951.483932
2020-01-03,7157.706737920133,7405,6871.04,7146.6224999999995,7580.695018913808,7580.695018913808,7335.497157504101,7335.497157504101,7255.295823640488,7255.295823640488,7235.610512333469,7235.610512333469,7255.295823640488,7255.295823640488,7235.610512333469,7235.610512333469,,7405,,7530.45,-1,-1,-1,-1,-1,68428.500451
2020-01-04,7152.164618960066,7404,7152.164618960066,7343.83,7580.695018913808,7580.695018913808,7335.497157504101,7335.497157504101,7245.453167986979,7245.453167986979,7230.836479897,7230.836479897,7245.453167986979,7245.453167986979,7230.836479897,7230.836479897,,,,7530.45,-1,-1,-1,-1,-1,29987.974977
2020-01-05,7247.997309480033,7495,7247.997309480033,7381.485,7458.096088208954,7458.096088208954,7296.0256036073315,7296.0256036073315,7238.144823941989,7238.589346968249,7238.144823941989,7238.589346968249,7238.144823941989,7238.589346968249,7238.144823941989,7238.589346968249,,,7381.485,,1,1,-1,0,0,38331.085604
2020-01-06,7314.741154740017,7795.34,7314.741154740017,7564.4349999999995,7458.096088208954,7458.096088208954,7296.0256036073315,7296.0256036073315,7238.367085455118,7265.20512763721,7238.367085455118,7265.20512763721,7238.367085455118,7265.20512763721,7238.367085455118,7265.20512763721,,,,,1,1,-1,0,0,54635.695316
2020-01-07,7439.588077370008,8207.68,7439.588077370008,7958.8925,7458.096088208954,7458.096088208954,7296.0256036073315,7296.0256036073315,7251.786106546164,7321.735339598085,7251.786106546164,7321.735339598085,7251.786106546164,7321.735339598085,7251.786106546164,7321.735339598085,,,,,1,1,-1,0,0,91171.684661
2020-01-08,7699.240288685004,8455,7699.240288685004,8131.724999999999,7458.096088208954,7458.096088208954,7296.0256036073315,7296.0256036073315,7286.760723072124,7408.077532268219,7286.760723072124,7408.077532268219,7286.760723072124,7408.077532268219,7286.760723072124,7408.077532268219,,,,,1,1,-1,0,0,112622.64264
2020-01-09,7915.482644342502,8055.96,7750,7919.610000000001,7458.096088208954,7458.096088208954,7296.0256036073315,7296.0256036073315,7347.419127670171,7493.00927807583,7347.419127670171,7493.00927807583,7347.419127670171,7493.00927807583,7347.419127670171,7493.00927807583,,,,,1,1,-1,0,0,64239.51983
2020-01-10,7917.546322171251,8199,7672,7971.44,7458.096088208954,7458.096088208954,7296.0256036073315,7296.0256036073315,7420.214202873,7572.3762974497795,7420.214202873,7572.3762974497795,7420.214202873,7572.3762974497795,7420.214202873,7572.3762974497795,,,,,1,1,-1,0,0,82406.777448
2020-01-11,7944.493161085626,8286.34,7944.493161085626,8127.092500000001,7458.096088208954,7458.096088208954,7296.0256036073315,7296.0256036073315,7496.29525016139,7654.1456538770035,7496.29525016139,7654.1456538770035,7496.29525016139,7654.1456538770035,7496.29525016139,7654.1456538770035,,,,,1,1,-1,0,0,54810.032667
2020-01-12,8035.792830542813,8197,7960,8090.4975,7377.060845908143,7485.103098853885,7377.060845908143,7485.103098853885,7575.220452019196,7729.34263609937,7575.220452019196,7729.34263609937,7575.220452019196,7729.34263609937,7575.220452019196,7729.34263609937,,,,,1,1,1,1,0,38131.494336
2020-01-13,8063.145165271407,8196,8055.89,8136.8,7377.060845908143,7485.103098853885,7377.060845908143,7485.103098853885,7652.281544059283,7798.533774933673,7652.281544059283,7798.533774933673,7652.281544059283,7798.533774933673,7652.281544059283,7798.533774933673,8055.89,,,7150.164618960066,1,1,1,1,1,31159.755683
2020-01-14,8099.9725826357035,8880,8099.9725826357035,8476.4725,7377.060845908143,7485.103098853885,7377.060845908143,7485.103098853885,7725.407659496478,7883.318141179386,7725.407659496478,7883.318141179386,7725.407659496478,7883.318141179386,7725.407659496478,7883.318141179386,,,,7150.164618960066,1,1,1,1,1,120399.126742
2020-01-15,8288.222541317851,8916.48,8288.222541317851,8779.1325,7377.060845908143,7485.103098853885,7377.060845908143,7485.103098853885,7804.362900337932,7983.746068047788,7804.362900337932,7983.746068047788,7804.362900337932,7983.746068047788,7804.362900337932,7983.746068047788,,,,7150.164618960066,1,1,1,1,1,84816.297606
2020-01-16,8533.677520658926,8859.81,8533.677520658926,8746.4575,7377.060845908143,7485.103098853885,7377.060845908143,7485.103098853885,7894.05448419286,8091.471062122525,7894.05448419286,8091.471062122525,7894.05448419286,8091.471062122525,7894.05448419286,8091.471062122525,,,,7150.164618960066,1,1,1,1,1,51991.074284
2020-01-17,8640.067510329463,9041.65,8640.067510329463,8836.88,7377.060845908143,7485.103098853885,7377.060845908143,7485.103098853885,7992.762773157693,8203.804520961154,7992.762773157693,8203.804520961154,7992.762773157693,8203.804520961154,7992.762773157693,8203.804520961154,,,,7150.164618960066,1,1,1,1,1,70897.737377
2020-01-18,8738.47375516473,8988.88,8738.47375516473,8906.1225,7377.060845908143,7485.103098853885,7377.060845908143,7485.103098853885,8098.283647059424,8313.04306678551,8098.283647059424,8313.04306678551,8098.283647059424,8313.04306678551,8098.283647059424,8313.04306678551,,,,7150.164618960066,1,1,1,1,1,38294.746545
2020-01-19,8822.298127582366,9198.98,8466,8820.442500000001,7431.081972381015,7833.571244698724,7431.081972381015,7833.571244698724,8205.663356922467,8409.699907291106,8205.663356922467,8409.699907291106,8205.663356922467,8409.699907291106,8205.663356922467,8409.699907291106,,,,7150.164618960066,1,1,1,1,1,70676.889259
2020-01-20,8821.370313791183,8821.370313791183,8521.28,8653.085,7431.081972381015,7833.571244698724,7431.081972381015,7833.571244698724,8307.681632106787,8480.991010603006,8307.681632106787,8480.991010603006,8307.681632106787,8480.991010603006,8307.681632106787,8480.991010603006,,,,7150.164618960066,1,1,1,1,1,38896.639746
2020-01-21,8737.227656895591,8789,8488,8663.845,7431.081972381015,7833.571244698724,7431.081972381015,7833.571244698724,8394.336321354896,8531.018161359305,8394.336321354896,8531.018161359305,8394.336321354896,8531.018161359305,8394.336321354896,8531.018161359305,,,,7150.164618960066,1,1,1,1,1,36494.687659
2020-01-22,8700.536328447795,8818,8590,8706.6,7431.081972381015,7833.571244698724,7431.081972381015,7833.571244698724,8462.6772413571,8569.721135779146,8462.6772413571,8569.721135779146,8462.6772413571,8569.721135779146,8462.6772413571,8569.721135779146,,,,7150.164618960066,1,1,1,1,1,29080.557138
2020-01-23,8703.568164223898,8703.568164223898,8306.39,8521.372500000001,7431.081972381015,7833.571244698724,7431.081972381015,7833.571244698724,8516.199188568122,8586.805063515765,8516.199188568122,8586.805063515765,8516.199188568122,8586.805063515765,8516.199188568122,8586.805063515765,,,,7150.164618960066,1,1,1,1,1,48165.944597
2020-01-24,8612.470332111949,8612.470332111949,8238,8402.385,7431.081972381015,7833.571244698724,7431.081972381015,7833.571244698724,8551.502126041943,8584.068794463095,8551.502126041943,8584.068794463095,8551.502126041943,8584.068794463095,8551.502126041943,8584.068794463095,,,,7150.164618960066,1,1,1,1,1,41687.529529
2020-01-25,8507.427666055974,8507.427666055974,8254.9,8371.4325,7431.081972381015,7833.571244698724,7431.081972381015,7833.571244698724,8567.78546025252,8567.78546025252,8567.345483444284,8567.345483444284,8567.78546025252,8567.78546025252,8567.345483444284,8567.345483444284,,,8371.4325,,-1,-1,1,0,0,25521.157932
2020-01-26,8439.430083027986,8618.13,8293.66,8466.7,7632.326608539869,8115.497886191636,7632.326608539869,8115.497886191636,8567.565471848402,8567.565471848402,8549.508786063301,8549.508786063301,8567.565471848402,8567.565471848402,8549.508786063301,8549.508786063301,,,,,-1,-1,1,0,0,31130.485164
2020-01-27,8453.065041513993,9000,8453.065041513993,8764.24,7632.326608539869,8115.497886191636,7632.326608539869,8115.497886191636,8558.537128955852,8558.537128955852,8551.681325924948,8551.681325924948,8558.537128955852,8558.537128955852,8551.681325924948,8551.681325924948,,,,,-1,-1,1,0,0,53973.542996
2020-01-28,8608.652520756998,9400,8608.652520756998,9136.045,7632.326608539869,8115.497886191636,7632.326608539869,8115.497886191636,8555.1092274404,8587.064616478478,8555.1092274404,8587.064616478478,8555.1092274404,8587.064616478478,8555.1092274404,8587.064616478478,,,,,1,1,1,1,0,74584.853765
2020-01-29,8872.3487603785,9449.24,8872.3487603785,9335.5275,7632.326608539869,8115.497886191636,7632.326608539869,8115.497886191636,8571.086921959439,8652.048075511082,8571.086921959439,8652.048075511082,8571.086921959439,8652.048075511082,8571.086921959439,8652.048075511082,8872.3487603785,,,8236,1,1,1,1,1,53864.065122
2020-01-30,9103.93813018925,9578,9103.93813018925,9399.305,7632.326608539869,8115.497886191636,7632.326608539869,8115.497886191636,8611.567498735261,8739.640111022612,8611.567498735261,8739.640111022612,8611.567498735261,8739.640111022612,8611.567498735261,8739.640111022612,,,,8236,1,1,1,1,1,60626.744259
2020-01-31,9251.621565094625,9530.22,9210.01,9401.16,7632.326608539869,8115.497886191636,7632.326608539869,8115.497886191636,8675.603804878938,8834.615308061419,8675.603804878938,8834.615308061419,8675.603804878938,8834.615308061419,8675.603804878938,8834.615308061419,,,,8236,1,1,1,1,1,45552.022352
2020-02-01,9326.390782547312,9464.53,9281,9370.4625,7632.326608539869,8115.497886191636,7632.326608539869,8115.497886191636,8755.109556470179,8925.690890019565,8755.109556470179,8925.690890019565,8755.109556470179,8925.690890019565,8755.109556470179,8925.690890019565,,,,8236,1,1,1,1,1,28578.067354
2020-02-02,9348.426641273656,9477.03,9120,9328.237500000001,7873.9122473657535,8455.701041738248,7873.9122473657535,8455.701041738248,8840.400223244873,9003.10239673771,8840.400223244873,9003.10239673771,8840.400223244873,9003.10239673771,8840.400223244873,9003.10239673771,,,,8236,1,1,1,1,1,45690.91254
2020-02-03,9338.332070636829,9618.79,9234,9369.155,7873.9122473657535,8455.701041738248,7873.9122473657535,8455.701041738248,8921.751309991292,9073.624821732532,8921.751309991292,9073.624821732532,8921.751309991292,9073.624821732532,8921.751309991292,9073.624821732532,,,,8236,1,1,1,1,1,50892.133451
2020-02-04,9353.743535318416,9353.743535318416,9093.01,9232.845000000001,7873.9122473657535,8455.701041738248,7873.9122473657535,8455.701041738248,8997.688065861912,9122.954015256932,8997.688065861912,9122.954015256932,8997.688065861912,9122.954015256932,8997.688065861912,9122.954015256932,,,,8236,1,1,1,1,1,53308.175266
2020-02-05,9293.294267659208,9744.45,9177.22,9432.6825,7873.9122473657535,8455.701041738248,7873.9122473657535,8455.701041738248,9060.321040559422,9171.65943238235,9060.321040559422,9171.65943238235,9060.321040559422,9171.65943238235,9060.321040559422,9171.65943238235,,,,8236,1,1,1,1,1,64870.415615
2020-02-06,9362.988383829605,9862.57,9362.988383829605,9693.2375,7873.9122473657535,8455.701041738248,7873.9122473657535,8455.701041738248,9115.990236470887,9229.836327888208,9115.990236470887,9229.836327888208,9115.990236470887,9229.836327888208,9115.990236470887,9229.836327888208,,,,8236,1,1,1,1,1,64949.706588
2020-02-07,9528.112941914802,9885,9528.112941914802,9800.182499999999,7873.9122473657535,8455.701041738248,7873.9122473657535,8455.701041738248,9172.913282179548,9297.475836285981,9172.913282179548,9297.475836285981,9172.913282179548,9297.475836285981,9172.913282179548,9297.475836285981,,,,8236,1,1,1,1,1,43966.114632
2020-02-08,9664.1477209574,9940,9664.1477209574,9829.0075,7873.9122473657535,8455.701041738248,7873.9122473657535,8455.701041738248,9235.194559232765,9371.42759791096,9235.194559232765,9371.42759791096,9235.194559232765,9371.42759791096,9235.194559232765,9371.42759791096,,,,8236,1,1,1,1,1,43600.843666
2020-02-09,9746.5776104787,10166,9746.5776104787,10023.385,8164.806644552001,8867.73389064827,8164.806644552001,8867.73389064827,9303.311078571864,9454.75686065403,9303.311078571864,9454.75686065403,9303.311078571864,9454.75686065403,9303.311078571864,9454.75686065403,,,,8236,1,1,1,1,1,43408.475616
2020-02-10,9884.981305239351,10188,9756,9986.8875,8164.806644552001,8867.73389064827,8164.806644552001,8867.73389064827,9379.033969612949,9538.018102436869,9379.033969612949,9538.018102436869,9379.033969612949,9538.018102436869,9379.033969612949,9538.018102436869,,,,8236,1,1,1,1,1,59573.084619
2020-02-11,9935.934402619676,10323.59,9700,10024.6025,8164.806644552001,8867.73389064827,8164.806644552001,8867.73389064827,9458.526036024909,9617.58567066602,9458.526036024909,9617.58567066602,9458.526036024909,9617.58567066602,9458.526036024909,9617.58567066602,,,,8236,1,1,1,1,1,62422.395224
2020-02-12,9980.26845130984,10450,9980.26845130984,10305.655,8164.806644552001,8867.73389064827,8164.806644552001,8867.73389064827,9538.055853345464,9704.624962949747,9538.055853345464,9704.624962949747,9538.055853345464,9704.624962949747,9538.055853345464,9704.624962949747,,,,8236,1,1,1,1,1,61008.06393
2020-02-13,10142.96172565492,10500,10080,10283.74,8164.806644552001,8867.73389064827,8164.806644552001,8867.73389064827,9621.340408147606,9793.87000765673,9621.340408147606,9793.87000765673,9621.340408147606,9793.87000765673,9621.340408147606,9793.87000765673,,,,8236,1,1,1,1,1,79344.358759
2020-02-14,10213.350862827461,10381.56,10111.37,10266.2675,8164.806644552001,8867.73389064827,8164.806644552001,8867.73389064827,9707.605207902168,9875.452547013334,9707.605207902168,9875.452547013334,9707.605207902168,9875.452547013334,9707.605207902168,9875.452547013334,,,,8236,1,1,1,1,1,47038.480173
2020-02-15,10239.80918141373,10375,9801,10106.27,8164.806644552001,8867.73389064827,8164.806644552001,8867.73389064827,9791.528877457751,9936.197043009981,9791.528877457751,9936.197043009981,9791.528877457751,9936.197043009981,9791.528877457751,9936.197043009981,,,,8236,1,1,1,1,1,57657.202947
2020-02-16,10173.039590706865,10173.039590706865,9638.12,9877.462500000001,8516.270267600135,9295.302430883294,8516.270267600135,9295.302430883294,9863.862960233866,9967.141663572278,9863.862960233866,9967.141663572278,9863.862960233866,9967.141663572278,9863.862960233866,9967.141663572278,,,,8236,1,1,1,1,1,60023.999537
2020-02-17,10025.251045353434,10025.251045353434,9452.67,9758.3825,8516.270267600135,9295.302430883294,8516.270267600135,9295.302430883294,9915.502311903072,9968.093329532856,9915.502311903072,9968.093329532856,9915.502311903072,9968.093329532856,9915.502311903072,9968.093329532856,,,,8236,1,1,1,1,1,70261.011901
2020-02-18,9891.816772676717,10250,9576.01,9924.18,8516.270267600135,9295.302430883294,8516.270267600135,9295.302430883294,9941.797820717964,9963.418183748798,9941.797820717964,9963.418183748798,9941.797820717964,9963.418183748798,9941.797820717964,9963.418183748798,,,,8236,1,1,1,1,1,70604.124019
2020-02-19,9907.998386338359,10250,9350,9839.6425,8516.270267600135,9295.302430883294,8516.270267600135,9295.302430883294,9952.60800223338,9952.60800223338,9949.991296857197,9949.991296857197,9952.60800223338,9952.60800223338,9949.991296857197,9949.991296857197,,,9839.6425,,-1,-1,1,0,0,55162.586895
2020-02-20,9873.82044316918,9873.82044316918,9400,9572.5175,8516.270267600135,9295.302430883294,8516.270267600135,9295.302430883294,9951.29964954529,9951.29964954529,9919.729709616886,9919.729709616886,9951.29964954529,9951.29964954529,9919.729709616886,9919.729709616886,,,,,-1,-1,1,0,0,60152.342914
2020-02-21,9723.16897158459,9755.51,9550.21,9644.994999999999,8516.270267600135,9295.302430883294,8516.270267600135,9295.302430883294,9935.514679581087,9935.514679581087,9883.273527418452,9883.273527418452,9935.514679581087,9935.514679581087,9883.273527418452,9883.273527418452,,,,,-1,-1,1,0,0,42181.554524
2020-02-22,9684.081985792294,9709.17,9560.02,9649.275000000001,8516.270267600135,9295.302430883294,8516.270267600135,9295.302430883294,9909.39410349977,9909.39410349977,9845.581817417371,9845.581817417371,9909.39410349977,9909.39410349977,9845.581817417371,9845.581817417371,,,,,-1,-1,1,0,0,24636.757623
2020-02-23,9666.678492896148,9990,9645,9805.5625,8905.786349241715,9553.394995955674,8905.786349241715,9553.394995955674,9877.487960458571,9877.487960458571,9821.87932437746,9821.87932437746,9877.487960458571,9877.487960458571,9821.87932437746,9821.87932437746,,,,,-1,-1,1,0,0,37702.089843
2020-02-24,9736.120496448075,9990,9473.56,9764.0225,8905.786349241715,9553.394995955674,8905.786349241715,9553.394995955674,9849.683642418016,9849.683642418016,9803.622287601906,9803.622287601906,9849.683642418016,9849.683642418016,9803.622287601906,9803.622287601906,,,,,-1,-1,1,0,0,55796.59612
2020-02-25,9750.071498224037,9750.071498224037,9250,9474.09,8905.786349241715,9553.394995955674,8905.786349241715,9553.394995955674,9826.652965009962,9826.652965009962,9773.096644796435,9773.096644796435,9826.652965009962,9826.652965009962,9773.096644796435,9773.096644796435,,,,,-1,-1,1,0,0,54379.344552
2020-02-26,9612.080749112018,9612.080749112018,8633.63,9028.199999999999,8905.786349241715,9553.394995955674,8905.786349241715,9553.394995955674,9799.8748049032,9799.8748049032,9709.8203430214,9709.8203430214,9799.8748049032,9799.8748049032,9709.8203430214,9709.8203430214,,,,,-1,-1,1,0,0,92130.345482
2020-02-27,9320.14037455601,9320.14037455601,8531,8777.994999999999,8905.786349241715,9553.394995955674,8905.786349241715,9553.394995955674,9754.8475739623,9754.8475739623,9616.06905501586,9616.06905501586,9754.8475739623,9754.8475739623,9616.06905501586,9616.06905501586,,,,,-1,-1,1,0,0,72483.578762
2020-02-28,9049.067687278004,9049.067687278004,8445,8715.29,8905.786349241715,9553.394995955674,8905.786349241715,9553.394995955674,9685.45831448908,9685.45831448908,9501.077324046442,9501.077324046442,9685.45831448908,9685.45831448908,9501.077324046442,9501.077324046442,,,,,-1,-1,1,0,0,71155.208977
2020-02-29,8882.178843639002,8882.178843639002,8523.55,8631.99,8905.786349241715,9553.394995955674,8905.786349241715,9553.394995955674,9593.267819267761,9593.267819267761,9378.872036062763,9378.872036062763,9593.267819267761,9593.267819267761,9378.872036062763,9378.872036062763,,,,,-1,-1,1,0,0,36748.183035
2020-03-01,8757.084421819502,8757.084421819502,8411,8554.1225,9229.590672598693,9486.847186591727,9229.590672598693,9486.847186591727,9486.069927665263,9486.069927665263,9254.371861656778,9254.371861656778,9486.069927665263,9486.069927665263,9254.371861656778,9254.371861656778,,,,,-1,-1,1,0,0,43892.200403
2020-03-02,8655.603460909751,8965.75,8498,8727.3225,9229.590672598693,9486.847186591727,9229.590672598693,9486.847186591727,9370.22089466102,9370.22089466102,9148.031525029155,9148.031525029155,9370.22089466102,9370.22089466102,9148.031525029155,9148.031525029155,,,,,-1,-1,1,0,0,60401.31773
2020-03-03,8691.462980454875,8919.65,8651,8810.475,9229.590672598693,9486.847186591727,9229.590672598693,9486.847186591727,9259.126209845088,9259.126209845088,9064.63852083267,9064.63852083267,9259.126209845088,9259.126209845088,9064.63852083267,9064.63852083267,,,,,-1,-1,1,0,0,55154.997282
2020-03-04,8750.968990227437,8848.29,8660,8754.8075,9229.590672598693,9486.847186591727,9229.590672598693,9486.847186591727,9161.882365338879,9161.882365338879,8998.066505694238,8998.066505694238,9161.882365338879,9161.882365338879,8998.066505694238,8998.066505694238,,,,,-1,-1,1,0,0,38696.482578
2020-03-05,8752.888245113718,9159.42,8746.54,8927.907500000001,9229.590672598693,9486.847186591727,9229.590672598693,9486.847186591727,9079.974435516559,9079.974435516559,8957.988225792677,8957.988225792677,9079.974435516559,9079.974435516559,8957.988225792677,8957.988225792677,,,,,-1,-1,1,0,0,58201.866355
2020-03-06,8840.39787255686,9170,8840.39787255686,9085.505,9229.590672598693,9486.847186591727,9229.590672598693,9486.847186591727,9018.981330654618,9018.981330654618,8941.603869437347,8941.603869437347,9018.981330654618,9018.981330654618,8941.603869437347,8941.603869437347,,,,,-1,-1,1,0,0,43782.948044
2020-03-07,8962.951436278428,9188,8835,9010.1375,9229.590672598693,9486.847186591727,9229.590672598693,9486.847186591727,8980.292600045983,8980.292600045983,8939.061691105506,8939.061691105506,8980.292600045983,8980.292600045983,8939.061691105506,8939.061691105506,,,,,-1,-1,1,0,0,45422.204525
2020-03-08,8986.544468139215,8986.544468139215,8000,8451.33,9358.21892959521,9358.21892959521,9195.68308422994,9195.68308422994,8959.677145575744,8959.677145575744,8908.279167258566,8908.279167258566,8959.677145575744,8959.677145575744,8908.279167258566,8908.279167258566,,,,,-1,-1,-1,-1,0,77537.315166
2020-03-09,8718.937234069606,8718.937234069606,7632.01,7943.9875,9358.21892959521,9358.21892959521,9195.68308422994,9195.68308422994,8933.978156417155,8933.978156417155,8835.70855166566,8835.70855166566,8933.978156417155,8933.978156417155,8835.70855166566,8835.70855166566,,8718.937234069606,,9190,-1,-1,-1,-1,-1,116968.863268
2020-03-10,8331.462367034803,8331.462367034803,7728.01,7925.36,9358.21892959521,9358.21892959521,9195.68308422994,9195.68308422994,8884.843354041408,8884.843354041408,8734.58583166468,8734.58583166468,8884.843354041408,8884.843354041408,8734.58583166468,8734.58583166468,,,,9190,-1,-1,-1,-1,-1,86783.443875
2020-03-11,8128.411183517401,8128.411183517401,7590,7849.7725,9358.21892959521,9358.21892959521,9195.68308422994,9195.68308422994,8809.714592853044,8809.714592853044,8615.356374339248,8615.356374339248,8809.714592853044,8809.714592853044,8615.356374339248,8615.356374339248,,,,9190,-1,-1,-1,-1,-1,79942.411172
2020-03-12,7989.0918417587,7989.0918417587,4410,6277.6875,9358.21892959521,9358.21892959521,9195.68308422994,9195.68308422994,8712.535483596146,8712.535483596146,8386.481420613167,8386.481420613167,8712.535483596146,8712.535483596146,8386.481420613167,8386.481420613167,,,,7943.9875,-1,-1,-1,-1,-1,261505.608653
2020-03-13,7133.38967087935,7133.38967087935,3782.13,5028.9349999999995,9358.21892959521,9358.21892959521,9195.68308422994,9195.68308422994,8549.508452104656,8549.508452104656,8047.049079081129,8047.049079081129,8549.508452104656,8549.508452104656,8047.049079081129,8047.049079081129,,,,7943.9875,-1,-1,-1,-1,-1,402201.673764
2020-03-14,6081.162335439674,6081.162335439674,5055.13,5360.9400000000005,9358.21892959521,9358.21892959521,9195.68308422994,9195.68308422994,8298.278765592891,8298.278765592891,7675.0961720229525,7675.0961720229525,8298.278765592891,8298.278765592891,7675.0961720229525,7675.0961720229525,,,,7943.9875,-1,-1,-1,-1,-1,136910.135974
2020-03-15,5721.051167719837,5940,5093.1,5391.72,9276.951006912575,9276.951006912575,8191.604154002812,8191.604154002812,7986.6874688079215,7986.6874688079215,7311.417848276426,7311.417848276426,7986.6874688079215,7986.6874688079215,7311.417848276426,7311.417848276426,,,,7943.9875,-1,-1,-1,-1,-1,139916.146534
2020-03-16,5556.385583859919,5556.385583859919,4442.12,5049.21,9276.951006912575,9276.951006912575,8191.604154002812,8191.604154002812,7649.052658542173,7649.052658542173,6949.66640329725,6949.66640329725,7649.052658542173,7649.052658542173,6949.66640329725,6949.66640329725,,,,7943.9875,-1,-1,-1,-1,-1,227276.92276
2020-03-17,5302.797791929959,5525,4921.45,5196.9875,9276.951006912575,9276.951006912575,8191.604154002812,8191.604154002812,7299.359530919711,7299.359530919711,6628.572832945656,6628.572832945656,7299.359530919711,7299.359530919711,6628.572832945656,6628.572832945656,,,,7943.9875,-1,-1,-1,-1,-1,150089.926318
2020-03-18,5249.892645964979,5436.17,5009.37,5287.805,9276.951006912575,9276.951006912575,8191.604154002812,8191.604154002812,6963.966181932683,6963.966181932683,6355.816862652298,6355.816862652298,6963.966181932683,6963.966181932683,6355.816862652298,6355.816862652298,,,,7135.38967087935,-1,-1,-1,-1,-1,137127.634894
2020-03-19,5268.84882298249,6400,5252.53,5802.04,9276.951006912575,9276.951006912575,8191.604154002812,8191.604154002812,6659.89152229249,6659.89152229249,6168.534107012582,6168.534107012582,6659.89152229249,6659.89152229249,6168.534107012582,6168.534107012582,,,,6402,-1,-1,-1,-1,-1,199020.873439
2020-03-20,5535.444411491245,6900,5535.444411491245,6235.1025,9276.951006912575,9276.951006912575,8191.604154002812,8191.604154002812,6414.212814652536,6414.212814652536,6070.732263156985,6070.732263156985,6414.212814652536,6414.212814652536,6070.732263156985,6070.732263156985,,,,6402,-1,-1,-1,-1,-1,219298.329514
2020-03-21,5885.273455745622,6456.98,5860.02,6177.1375,9276.951006912575,9276.951006912575,8191.604154002812,8191.604154002812,6242.47253890476,6242.47253890476,6027.235444982543,6027.235444982543,6242.47253890476,6242.47253890476,6027.235444982543,6027.235444982543,,,,6402,-1,-1,-1,-1,-1,128913.668363
2020-03-22,6031.205477872811,6407.87,5734.01,6036.277499999999,8734.277580457694,8734.277580457694,7258.104152600625,7258.104152600625,6134.853991943652,6134.853991943652,6009.168512010974,6009.168512010974,6134.853991943652,6134.853991943652,6009.168512010974,6009.168512010974,,,,6402,-1,-1,-1,-1,-1,119115.990527
2020-03-23,6033.7414889364045,6600,5688,6142.84,8734.277580457694,8734.277580457694,7258.104152600625,7258.104152600625,6072.011251977313,6072.011251977313,6010.246330866297,6010.246330866297,6072.011251977313,6072.011251977313,6010.246330866297,6010.246330866297,,,,6402,-1,-1,-1,-1,-1,164674.215785
2020-03-24,6088.290744468202,6833,6088.290744468202,6603.575000000001,8734.277580457694,8734.277580457694,7258.104152600625,7258.104152600625,6041.1287914218055,6045.686450009252,6041.1287914218055,6045.686450009252,6041.1287914218055,6045.686450009252,6041.1287914218055,6045.686450009252,,,6603.575000000001,,1,1,-1,0,0,151138.009878
2020-03-25,6345.9328722341015,6957.96,6345.9328722341015,6707.52,8734.277580457694,8734.277580457694,7258.104152600625,7258.104152600625,6043.407620715529,6110.549615485547,6043.407620715529,6110.549615485547,6043.407620715529,6110.549615485547,6043.407620715529,6110.549615485547,,,,,1,1,-1,0,0,132155.734989
2020-03-26,6526.726436117051,6780,6510,6676.195,8734.277580457694,8734.277580457694,7258.104152600625,7258.104152600625,6076.978618100538,6186.390714356148,6076.978618100538,6186.390714356148,6076.978618100538,6186.390714356148,6076.978618100538,6186.390714356148,,,,,1,1,-1,0,0,83026.555211
2020-03-27,6601.460718058525,6842.59,6261,6549.9925,8734.277580457694,8734.277580457694,7258.104152600625,7258.104152600625,6131.684666228343,6255.327235176516,6131.684666228343,6255.327235176516,6131.684666228343,6255.327235176516,6131.684666228343,6255.327235176516,,,,,1,1,-1,0,0,82914.968354
2020-03-28,6575.726609029263,6575.726609029263,6024,6244.9400000000005,8734.277580457694,8734.277580457694,7258.104152600625,7258.104152600625,6193.50595070243,6296.366151056076,6193.50595070243,6296.366151056076,6193.50595070243,6296.366151056076,6193.50595070243,6296.366151056076,,,,,1,1,-1,0,0,93159.693429
2020-03-29,6410.333304514632,6410.333304514632,5866.56,6062.657499999999,7996.190866529159,7996.190866529159,6747.552460556179,6747.552460556179,6244.936050879253,6305.838078573314,6244.936050879253,6305.838078573314,6244.936050879253,6305.838078573314,6244.936050879253,6305.838078573314,,,,,1,1,-1,0,0,63311.627714
2020-03-30,6236.495402257316,6599,5857.76,6182.910000000001,7996.190866529159,7996.190866529159,6747.552460556179,6747.552460556179,6275.387064726284,6302.543046702783,6275.387064726284,6302.543046702783,6275.387064726284,6302.543046702783,6275.387064726284,6302.543046702783,,,,,1,1,-1,0,0,118889.549992
2020-03-31,6209.702701128658,6523.23,6209.702701128658,6412.38,7996.190866529159,7996.190866529159,6747.552460556179,6747.552460556179,6288.965055714533,6304.224103284228,6288.965055714533,6304.224103284228,6288.965055714533,6304.224103284228,6288.965055714533,6304.224103284228,,,,,1,1,-1,0,0,72337.595259
2020-04-01,6311.041350564329,6679.94,6150.11,6471.2775,7996.190866529159,7996.190866529159,6747.552460556179,6747.552460556179,6296.59457949938,6313.796872742844,6296.59457949938,6313.796872742844,6296.59457949938,6313.796872742844,6296.59457949938,6313.796872742844,,,,,1,1,-1,0,0,97500.7524
2020-04-02,6391.159425282165,7198,6391.159425282165,6796.6125,7996.190866529159,7996.190866529159,6747.552460556179,6747.552460556179,6305.195726121112,6352.080695370042,6305.195726121112,6352.080695370042,6305.195726121112,6352.080695370042,6305.195726121112,6352.080695370042,,,,,1,1,-1,0,0,149299.906871
2020-04-03,6593.885962641083,7048,6593.885962641083,6794.514999999999,7996.190866529159,7996.190866529159,6747.552460556179,6747.552460556179,6328.6382107455765,6405.990126902779,6328.6382107455765,6405.990126902779,6328.6382107455765,6405.990126902779,6328.6382107455765,6405.990126902779,,,,,1,1,-1,0,0,104080.276939
2020-04-04,6694.200481320541,6990.41,6650.01,6807.594999999999,7996.190866529159,7996.190866529159,6747.552460556179,6747.552460556179,6367.314168824178,6464.88686103382,6367.314168824178,6464.88686103382,6367.314168824178,6464.88686103382,6367.314168824178,6464.88686103382,,,,,1,1,-1,0,0,72990.861139
2020-04-05,6750.89774066027,6895.54,6677.52,6800.8125,7371.871663542669,7371.871663542669,6563.636255826531,6563.636255826531,6416.1005149289995,6520.4880657733065,6416.1005149289995,6520.4880657733065,6416.1005149289995,6520.4880657733065,6416.1005149289995,6520.4880657733065,,,,,1,1,-1,0,0,49685.356983
2020-04-06,6775.855120330135,7355.14,6765,7055.705,7371.871663542669,7371.871663542669,6563.636255826531,6563.636255826531,6468.294290351153,6587.985247034776,6468.294290351153,6587.985247034776,6468.294290351153,6587.985247034776,6468.294290351153,6587.985247034776,,,,,1,1,-1,0,0,118052.000832
2020-04-07,6915.780060165067,7459.69,6915.780060165067,7265.9775,7371.871663542669,7371.871663542669,6563.636255826531,6563.636255826531,6528.139768692964,6668.490301227706,6528.139768692964,6668.490301227706,6528.139768692964,6668.490301227706,6528.139768692964,6668.490301227706,,,,,1,1,-1,0,0,103585.168918
2020-04-08,7090.878780082534,7420,7090.878780082534,7282.15,7371.871663542669,7371.871663542669,6563.636255826531,6563.636255826531,6598.315034960336,6755.169245523391,6598.315034960336,6755.169245523391,6598.315034960336,6755.169245523391,6598.315034960336,6755.169245523391,,,,,1,1,-1,0,0,76059.145838
2020-04-09,7186.514390041267,7371.92,7108.08,7280.950000000001,7371.871663542669,7371.871663542669,6563.636255826531,6563.636255826531,6676.742140241863,6838.436917482437,6676.742140241863,6838.436917482437,6676.742140241863,6838.436917482437,6676.742140241863,6838.436917482437,,,,,1,1,-1,0,0,61077.538712
2020-04-10,7233.732195020633,7295.75,6739.98,7044.547500000001,7371.871663542669,7371.871663542669,6563.636255826531,6563.636255826531,6757.58952886215,6898.634320509789,6757.58952886215,6898.634320509789,6757.58952886215,6898.634320509789,6757.58952886215,6898.634320509789,,,,,1,1,-1,0,0,104674.623375
2020-04-11,7139.139847510317,7139.139847510317,6760,6860.012500000001,7371.871663542669,7371.871663542669,6563.636255826531,6563.636255826531,6828.111924685969,6933.47655109992,6828.111924685969,6933.47655109992,6828.111924685969,6933.47655109992,6828.111924685969,6933.47655109992,,,,,1,1,-1,0,0,45470.293206
2020-04-12,6999.576173755158,7177,6780,6934.4075,6967.7539596846,6967.7539596846,6650.307862900594,6650.307862900594,6880.794237892944,6953.226869138769,6880.794237892944,6953.226869138769,6880.794237892944,6953.226869138769,6880.794237892944,6953.226869138769,,,,,1,1,-1,0,0,73868.666501
2020-04-13,6966.99183687758,6966.99183687758,6575,6805.1225,6967.7539596846,6967.7539596846,6650.307862900594,6650.307862900594,6917.010553515856,6951.359210828012,6917.010553515856,6951.359210828012,6917.010553515856,6951.359210828012,6917.010553515856,6951.359210828012,,,,,1,1,-1,0,0,96415.476573
2020-04-14,6886.0571684387905,6978,6754.28,6859.755,6967.7539596846,6967.7539596846,6650.307862900594,6650.307862900594,6934.184882171934,6943.213310841364,6934.184882171934,6943.213310841364,6934.184882171934,6943.213310841364,6934.184882171934,6943.213310841364,,,,,1,1,-1,0,0,69068.623285
2020-04-15,6872.906084219396,6933,6605,6756.952499999999,6967.7539596846,6967.7539596846,6650.307862900594,6650.307862900594,6938.699096506649,6938.699096506649,6925.967565088793,6925.967565088793,6938.699096506649,6938.699096506649,6925.967565088793,6925.967565088793,,,,,-1,-1,-1,-1,0,61571.384994
2020-04-16,6814.929292109698,7190,6468.27,6845.365,6967.7539596846,6967.7539596846,6650.307862900594,6650.307862900594,6932.333330797721,6932.333330797721,6909.357195554361,6909.357195554361,6932.333330797721,6932.333330797721,6909.357195554361,6909.357195554361,,7190,,7461.69,-1,-1,-1,-1,-1,125009.857539
2020-04-17,6830.147146054849,7148.12,6830.147146054849,7062.66,6967.7539596846,6967.7539596846,6650.307862900594,6650.307862900594,6920.845263176041,6920.845263176041,6906.7978122136765,6906.7978122136765,6920.845263176041,6920.845263176041,6906.7978122136765,6906.7978122136765,,,,7461.69,-1,-1,-1,-1,-1,54126.509763
2020-04-18,6946.4035730274245,7293.08,6946.4035730274245,7145.715,6967.7539596846,6967.7539596846,6650.307862900594,6650.307862900594,6913.821537694858,6921.257008814693,6913.821537694858,6921.257008814693,6913.821537694858,6921.257008814693,6913.821537694858,6921.257008814693,,,7145.715,,1,1,-1,0,0,49488.542819
2020-04-19,7046.059286513712,7266.15,7046.059286513712,7172.772499999999,6809.030911292597,6809.030911292597,6747.5555382780685,6747.5555382780685,6917.539273254775,6946.80492362336,6917.539273254775,6946.80492362336,6917.539273254775,6946.80492362336,6917.539273254775,6946.80492362336,,,,,1,1,-1,0,0,45664.86393
2020-04-20,7109.415893256855,7220,6751,6979.807500000001,6809.030911292597,6809.030911292597,6747.5555382780685,6747.5555382780685,6932.172098439068,6964.794032728813,6932.172098439068,6964.794032728813,6932.172098439068,6964.794032728813,6932.172098439068,6964.794032728813,,,,,1,1,-1,0,0,90149.49137
2020-04-21,7044.611696628428,7044.611696628428,6762,6843.0875,6809.030911292597,6809.030911292597,6747.5555382780685,6747.5555382780685,6948.4830655839405,6969.525278363394,6948.4830655839405,6969.525278363394,6948.4830655839405,6969.525278363394,6948.4830655839405,6969.525278363394,,,,,1,1,-1,0,0,60109.710808
2020-04-22,6943.849598314214,7156.38,6818,6985.219999999999,6809.030911292597,6809.030911292597,6747.5555382780685,6747.5555382780685,6959.004171973667,6972.2964926564355,6959.004171973667,6972.2964926564355,6959.004171973667,6972.2964926564355,6959.004171973667,6972.2964926564355,,,,,1,1,-1,0,0,61486.377334
2020-04-23,6964.534799157107,7738,6964.534799157107,7341.3775,6809.030911292597,6809.030911292597,6747.5555382780685,6747.5555382780685,6965.650332315051,6998.462195497376,6965.650332315051,6998.462195497376,6965.650332315051,6998.462195497376,6965.650332315051,6998.462195497376,,,,,1,1,-1,0,0,102773.569561
2020-04-24,7152.956149578553,7615.96,7152.956149578553,7498.23,6809.030911292597,6809.030911292597,6747.5555382780685,6747.5555382780685,6982.056263906214,7042.367379426873,6982.056263906214,7042.367379426873,6982.056263906214,7042.367379426873,6982.056263906214,7042.367379426873,,,,,1,1,-1,0,0,60182.119939
2020-04-25,7325.593074789276,7705,7325.593074789276,7544.9349999999995,6809.030911292597,6809.030911292597,6747.5555382780685,6747.5555382780685,7012.211821666543,7101.337612635551,7012.211821666543,7101.337612635551,7012.211821666543,7101.337612635551,7012.211821666543,7101.337612635551,,,,,1,1,-1,0,0,43874.427726
2020-04-26,7435.264037394638,7700,7435.264037394638,7603.032499999999,6778.293224785332,6940.45775869229,6778.293224785332,6940.45775869229,7056.774717151046,7168.150613116202,7056.774717151046,7168.150613116202,7056.774717151046,7168.150613116202,7056.774717151046,7168.150613116202,,,,,1,1,1,1,0,50522.616209
2020-04-27,7519.148268697319,7792.02,7519.148268697319,7716.435,6778.293224785332,6940.45775869229,6778.293224785332,6940.45775869229,7112.462665133624,7240.977770783391,7112.462665133624,7240.977770783391,7112.462665133624,7240.977770783391,7112.462665133624,7240.977770783391,7519.148268697319,,,6749,1,1,1,1,1,65441.339576
2020-04-28,7617.7916343486595,7780,7617.7916343486595,7737.9025,6778.293224785332,6940.45775869229,6778.293224785332,6940.45775869229,7176.720217958507,7314.732104040607,7176.720217958507,7314.732104040607,7176.720217958507,7314.732104040607,7176.720217958507,7314.732104040607,,,,6749,1,1,1,1,1,46302.752638
2020-04-29,7677.84706717433,8952.89,7677.84706717433,8295.0225,6778.293224785332,6940.45775869229,6778.293224785332,6940.45775869229,7245.726160999557,7423.476975520335,7245.726160999557,7423.476975520335,7245.726160999557,7423.476975520335,7245.726160999557,7423.476975520335,,,,6749,1,1,1,1,1,183546.887514
2020-04-30,7986.434783587165,9460,7986.434783587165,8814.895,6778.293224785332,6940.45775869229,6778.293224785332,6940.45775869229,7334.601568259945,7575.421396990719,7334.601568259945,7575.421396990719,7334.601568259945,7575.421396990719,7334.601568259945,7575.421396990719,,,,7716.435,1,1,1,1,1,206277.214124
2020-05-01,8400.664891793582,9059.18,8400.664891793582,8779.925,6778.293224785332,6940.45775869229,6778.293224785332,6940.45775869229,7455.011482625332,7742.745442468548,7455.011482625332,7742.745442468548,7455.011482625332,7742.745442468548,7455.011482625332,7742.745442468548,,,,7716.435,1,1,1,1,1,91468.815059
2020-05-02,8590.29494589679,9010,8590.29494589679,8890.18,6778.293224785332,6940.45775869229,6778.293224785332,6940.45775869229,7598.878462546941,7912.158621956411,7598.878462546941,7912.158621956411,7598.878462546941,7912.158621956411,7598.878462546941,7912.158621956411,,,,7716.435,1,1,1,1,1,59002.08755
2020-05-03,8740.237472948396,9200,8712,8944.685000000001,6859.3754917388105,7434.2889417042725,6859.3754917388105,7434.2889417042725,7755.518542251676,8078.957838720141,7755.518542251676,8078.957838720141,7755.518542251676,8078.957838720141,7755.518542251676,8078.957838720141,,,,7716.435,1,1,1,1,1,90126.065643
2020-05-04,8842.461236474199,8950,8522,8809.5275,6859.3754917388105,7434.2889417042725,6859.3754917388105,7434.2889417042725,7917.2381904859085,8219.20097057863,7917.2381904859085,8219.20097057863,7917.2381904859085,8219.20097057863,7917.2381904859085,8219.20097057863,,,,7716.435,1,1,1,1,1,84418.512331
2020-05-05,8825.9943682371,9118.58,8760,8943.0825,6859.3754917388105,7434.2889417042725,6859.3754917388105,7434.2889417042725,8068.219580532269,8346.222276244203,8068.219580532269,8346.222276244203,8068.219580532269,8346.222276244203,8068.219580532269,8346.222276244203,,,,7984.434783587165,1,1,1,1,1,76480.765342
2020-05-06,8884.538434118549,9395,8884.538434118549,9116.3725,6859.3754917388105,7434.2889417042725,6859.3754917388105,7434.2889417042725,8207.220928388237,8469.84466918281,8207.220928388237,8469.84466918281,8207.220928388237,8469.84466918281,8207.220928388237,8469.84466918281,,,,8398.664891793582,1,1,1,1,1,105925.30242
2020-05-07,9000.455467059273,10067,9000.455467059273,9554.45,6859.3754917388105,7434.2889417042725,6859.3754917388105,7434.2889417042725,8338.532798785523,8610.712502718323,8338.532798785523,8610.712502718323,8338.532798785523,8610.712502718323,8338.532798785523,8610.712502718323,,,,8520,1,1,1,1,1,147154.611378
2020-05-08,9277.452733529637,10035.96,9277.452733529637,9881.8175,6859.3754917388105,7434.2889417042725,6859.3754917388105,7434.2889417042725,8474.622650751924,8766.002668505695,8474.622650751924,8766.002668505695,8474.622650751924,8766.002668505695,8474.622650751924,8766.002668505695,,,,8520,1,1,1,1,1,100683.7964
2020-05-09,9579.635116764817,9914.25,9520,9693.4175,6859.3754917388105,7434.2889417042725,6859.3754917388105,7434.2889417042725,8620.31265962881,8919.433455711847,8620.31265962881,8919.433455711847,8620.31265962881,8919.433455711847,8620.31265962881,8919.433455711847,,,,8520,1,1,1,1,1,81950.679567
2020-05-10,9636.526308382408,9636.526308382408,8117,8988.425,7146.832216721542,8018.429791362749,7146.832216721542,8018.429791362749,8769.87305767033,9006.606574050662,8769.87305767033,9006.606574050662,8769.87305767033,9006.606574050662,8769.87305767033,9006.606574050662,,,,8520,1,1,1,1,1,183865.182028
2020-05-11,9312.475654191203,9312.475654191203,8200,8663.0725,7146.832216721542,8018.429791362749,7146.832216721542,8018.429791362749,8888.239815860496,9035.322862879437,8888.239815860496,9035.322862879437,8888.239815860496,9035.322862879437,8888.239815860496,9035.322862879437,,,,8520,1,1,1,1,1,168807.251832
2020-05-12,8987.7740770956,8987.7740770956,8528.78,8719.9675,7146.832216721542,8018.429791362749,7146.832216721542,8018.429791362749,8961.781339369965,9028.346113281164,8961.781339369965,9028.346113281164,8961.781339369965,9028.346113281164,8961.781339369965,9028.346113281164,,,,8520,1,1,1,1,1,86522.780066
2020-05-13,8853.8707885478,9398,8792.99,9077.8375,7146.832216721542,8018.429791362749,7146.832216721542,8018.429791362749,8995.063726325565,9025.297270922485,8995.063726325565,9025.297270922485,8995.063726325565,9025.297270922485,8995.063726325565,9025.297270922485,,,,8520,1,1,1,1,1,92466.274018
2020-05-14,8965.8541442739,9939,8965.8541442739,9574.2725,7146.832216721542,8018.429791362749,7146.832216721542,8018.429791362749,9010.180498624024,9053.736515707498,9010.180498624024,9053.736515707498,9010.180498624024,9053.736515707498,9010.180498624024,9053.736515707498,,,,8520,1,1,1,1,1,129565.37747
2020-05-15,9270.06332213695,9845.62,9150,9526.0025,7146.832216721542,8018.429791362749,7146.832216721542,8018.429791362749,9031.95850716576,9102.046824591771,9031.95850716576,9102.046824591771,9031.95850716576,9102.046824591771,9031.95850716576,9102.046824591771,,,,8520,1,1,1,1,1,115890.761516
2020-05-16,9398.032911068476,9588,9220,9376.307499999999,7146.832216721542,8018.429791362749,7146.832216721542,8018.429791362749,9067.002665878765,9150.683926797796,9067.002665878765,9150.683926797796,9067.002665878765,9150.683926797796,9067.002665878765,9150.683926797796,,,,8520,1,1,1,1,1,59587.627862
2020-05-17,9387.170205534238,9888,9322.1,9567.7375,7582.631004042145,8477.410873795008,7582.631004042145,8477.410873795008,9108.84329633828,9208.098396679341,9108.84329633828,9208.098396679341,9108.84329633828,9208.098396679341,9108.84329633828,9208.098396679341,,,,8526.78,1,1,1,1,1,68647.764323
2020-05-18,9477.453852767117,9950,9464.23,9707.317500000001,7582.631004042145,8477.410873795008,7582.631004042145,8477.410873795008,9158.470846508812,9274.149766314056,9158.470846508812,9274.149766314056,9158.470846508812,9274.149766314056,9158.470846508812,9274.149766314056,,,,8790.99,1,1,1,1,1,82006.603583
2020-05-19,9592.38567638356,9897.21,9474,9720.1675,7582.631004042145,8477.410873795008,7582.631004042145,8477.410873795008,9216.310306411435,9340.244052390864,9216.310306411435,9340.244052390864,9216.310306411435,9340.244052390864,9216.310306411435,9340.244052390864,,,,8963.8541442739,1,1,1,1,1,78539.760454
2020-05-20,9656.27658819178,9842,9326,9613.64,7582.631004042145,8477.410873795008,7582.631004042145,8477.410873795008,9278.27717940115,9395.020060974004,9278.27717940115,9395.020060974004,9278.27717940115,9395.020060974004,9278.27717940115,9395.020060974004,,,,9148,1,1,1,1,1,74923.73809
2020-05-21,9634.95829409589,9634.95829409589,8815,9243.3875,7582.631004042145,8477.410873795008,7582.631004042145,8477.410873795008,9336.648620187578,9414.987172630486,9336.648620187578,9414.987172630486,9336.648620187578,9414.987172630486,9336.648620187578,9414.987172630486,,,,9148,1,1,1,1,1,108928.780969
2020-05-22,9439.172897047945,9439.172897047945,8933.52,9110.5075,7582.631004042145,8477.410873795008,7582.631004042145,8477.410873795008,9375.817896409033,9407.914593705154,9375.817896409033,9407.914593705154,9375.817896409033,9407.914593705154,9375.817896409033,9407.914593705154,,,9110.5075,,1,1,1,1,0,58943.131024
2020-05-23,9274.840198523973,9307.85,9070,9181.75,7582.631004042145,8477.410873795008,7582.631004042145,8477.410873795008,9391.866245057094,9391.866245057094,9386.898097400073,9386.898097400073,9391.866245057094,9391.866245057094,9386.898097400073,9386.898097400073,,,,,-1,-1,1,0,0,43526.296966
2020-05-24,9228.295099261986,9298,8700,8974.337500000001,8030.020938918577,8833.289108916526,8030.020938918577,8833.289108916526,9389.382171228584,9389.382171228584,9347.157959339074,9347.157959339074,9389.382171228584,9389.382171228584,9347.157959339074,9347.157959339074,,,,,-1,-1,1,0,0,70379.86645
2020-05-25,9101.316299630995,9101.316299630995,8642.72,8810.217499999999,8030.020938918577,8833.289108916526,8030.020938918577,8833.289108916526,9368.27006528383,9368.27006528383,9290.100078508513,9290.100078508513,9368.27006528383,9368.27006528383,9290.100078508513,9290.100078508513,,,,,-1,-1,1,0,0,62833.910949
2020-05-26,8955.766899815497,9017.67,8700,8864.8,8030.020938918577,8833.289108916526,8030.020938918577,8833.289108916526,9329.185071896172,9329.185071896172,9227.424991582728,9227.424991582728,9329.185071896172,9329.185071896172,9227.424991582728,9227.424991582728,,,,,-1,-1,1,0,0,58299.770138
2020-05-27,8910.283449907747,9225,8811.73,9020.45,8030.020938918577,8833.289108916526,8030.020938918577,8833.289108916526,9278.30503173945,9278.30503173945,9177.23802843018,9177.23802843018,9278.30503173945,9278.30503173945,9177.23802843018,9177.23802843018,,,,,-1,-1,1,0,0,68910.355514
2020-05-28,8965.366724953874,9625.47,8965.366724953874,9378.8575,8030.020938918577,8833.289108916526,8030.020938918577,8833.289108916526,9227.771530084814,9227.771530084814,9158.842086429813,9158.842086429813,9227.771530084814,9227.771530084814,9158.842086429813,9158.842086429813,,,,,-1,-1,1,0,0,74110.787662
2020-05-29,9172.112112476938,9605.26,9172.112112476938,9484.55,8030.020938918577,8833.289108916526,8030.020938918577,8833.289108916526,9193.306808257314,9193.306808257314,9168.005444145967,9168.005444145967,9193.306808257314,9193.306808257314,9168.005444145967,9168.005444145967,,,,,-1,-1,1,0,0,57374.362961
2020-05-30,9328.331056238469,9740,9328.331056238469,9548.887499999999,8030.020938918577,8833.289108916526,8030.020938918577,8833.289108916526,9180.65612620164,9200.58229632224,9180.65612620164,9200.58229632224,9180.65612620164,9200.58229632224,9180.65612620164,9200.58229632224,,,,,1,1,1,1,0,55665.27254
2020-05-31,9438.609278119235,9700,9381.41,9556.85,8431.65502391755,9004.901060458316,8431.65502391755,9004.901060458316,9190.619211261941,9244.10794051184,9190.619211261941,9244.10794051184,9190.619211261941,9244.10794051184,9190.619211261941,9244.10794051184,9381.41,,,8640.72,1,1,1,1,1,48333.786403
2020-06-01,9497.729639059617,10380,9421.67,9862.677500000002,8431.65502391755,9004.901060458316,8431.65502391755,9004.901060458316,9217.363575886891,9312.98980506726,9217.363575886891,9312.98980506726,9217.363575886891,9312.98980506726,9217.363575886891,9312.98980506726,,,,8640.72,1,1,1,1,1,76649.12696
2020-06-02,9680.20356952981,10228.99,9266,9803.935,8431.65502391755,9004.901060458316,8431.65502391755,9004.901060458316,9265.176690477076,9383.516216287806,9265.176690477076,9383.516216287806,9265.176690477076,9383.516216287806,9265.176690477076,9383.516216287806,,,,8640.72,1,1,1,1,1,108970.773151
2020-06-03,9742.069284764904,9742.069284764904,9365.21,9559.8675,8431.65502391755,9004.901060458316,8431.65502391755,9004.901060458316,9324.34645338244,9435.876346065807,9324.34645338244,9435.876346065807,9324.34645338244,9435.876346065807,9324.34645338244,9435.876346065807,,,,8640.72,1,1,1,1,1,46252.644939
2020-06-04,9650.968392382452,9881.63,9450,9696.752499999999,8431.65502391755,9004.901060458316,8431.65502391755,9004.901060458316,9380.111399724125,9481.107640142634,9380.111399724125,9481.107640142634,9380.111399724125,9481.107640142634,9380.111399724125,9481.107640142634,,,,8640.72,1,1,1,1,1,57456.100969
2020-06-05,9673.860446191225,9854.75,9581,9711.2625,8431.65502391755,9004.901060458316,8431.65502391755,9004.901060458316,9430.60951993338,9522.13651928117,9430.60951993338,9522.13651928117,9430.60951993338,9522.13651928117,9430.60951993338,9522.13651928117,,,,8640.72,1,1,1,1,1,47788.05005
2020-06-06,9692.561473095613,9735,9531.05,9638.38,8431.65502391755,9004.901060458316,8431.65502391755,9004.901060458316,9476.373019607274,9552.58211612295,9476.373019607274,9552.58211612295,9476.373019607274,9552.58211612295,9476.373019607274,9552.58211612295,,,,8640.72,1,1,1,1,1,32752.950893
2020-06-07,9665.470736547806,9802,9372.46,9647.074999999999,8718.278042187934,9269.49977980601,8718.278042187934,9269.49977980601,9514.477567865111,9572.938445139249,9514.477567865111,9572.938445139249,9514.477567865111,9572.938445139249,9514.477567865111,9572.938445139249,,,,8640.72,1,1,1,1,1,57952.848385
2020-06-08,9656.272868273903,9800,9633,9740.5,8718.278042187934,9269.49977980601,8718.278042187934,9269.49977980601,9543.70800650218,9594.394045073897,9543.70800650218,9594.394045073897,9543.70800650218,9594.394045073897,9543.70800650218,9594.394045073897,,,,8640.72,1,1,1,1,1,40664.664125
2020-06-09,9698.386434136952,9877,9570,9750.3575,8718.278042187934,9269.49977980601,8718.278042187934,9269.49977980601,9569.051025788038,9615.921497350986,9569.051025788038,9615.921497350986,9569.051025788038,9615.921497350986,9569.051025788038,9615.921497350986,,,,8640.72,1,1,1,1,1,46024.001289
2020-06-10,9724.371967068477,9992.72,9704.18,9838.585,8718.278042187934,9269.49977980601,8718.278042187934,9269.49977980601,9592.486261569511,9643.660330139506,9592.486261569511,9643.660330139506,9592.486261569511,9643.660330139506,9592.486261569511,9643.660330139506,,,,8640.72,1,1,1,1,1,47130.762982
2020-06-11,9781.478483534238,9964,9113,9560.655,8718.278042187934,9269.49977980601,8718.278042187934,9269.49977980601,9618.073295854509,9653.14938906251,9618.073295854509,9653.14938906251,9618.073295854509,9653.14938906251,9618.073295854509,9653.14938906251,,,,8640.72,1,1,1,1,1,94418.98473
2020-06-12,9671.06674176712,9671.06674176712,9232.51,9383.41,8718.278042187934,9269.49977980601,8718.278042187934,9269.49977980601,9635.61134245851,9643.032192721783,9635.61134245851,9643.032192721783,9635.61134245851,9643.032192721783,9635.61134245851,9643.032192721783,,,,8640.72,1,1,1,1,1,50119.066932
2020-06-13,9527.238370883559,9527.238370883559,9351,9446.0075,8718.278042187934,9269.49977980601,8718.278042187934,9269.49977980601,9639.321767590145,9639.321767590145,9622.29651156011,9622.29651156011,9639.321767590145,9639.321767590145,9622.29651156011,9622.29651156011,,,9446.0075,,-1,-1,1,0,0,27759.784851
2020-06-14,9486.62293544178,9486.62293544178,9245,9385.3575,8993.888910996971,9406.27156216477,8993.888910996971,9406.27156216477,9630.809139575127,9630.809139575127,9592.940245343398,9592.940245343398,9630.809139575127,9630.809139575127,9592.940245343398,9592.940245343398,,,,,-1,-1,1,0,0,30055.44939
2020-06-15,9435.99021772089,9495,8910.45,9293.3925,8993.888910996971,9406.27156216477,8993.888910996971,9406.27156216477,9611.874692459261,9611.874692459261,9551.753359694429,9551.753359694429,9611.874692459261,9611.874692459261,9551.753359694429,9551.753359694429,,,,,-1,-1,1,0,0,86107.924707
2020-06-16,9364.691358860444,9589,9364.691358860444,9478.432499999999,8993.888910996971,9406.27156216477,8993.888910996971,9406.27156216477,9581.814026076845,9581.814026076845,9523.417297034757,9523.417297034757,9581.814026076845,9581.814026076845,9523.417297034757,9523.417297034757,,,,,-1,-1,1,0,0,52052.446927
2020-06-17,9421.561929430221,9565,9236.61,9448.43,8993.888910996971,9406.27156216477,8993.888910996971,9406.27156216477,9552.615661555801,9552.615661555801,9500.81452871116,9500.81452871116,9552.615661555801,9552.615661555801,9500.81452871116,9500.81452871116,,,,,-1,-1,1,0,0,48046.411152
2020-06-18,9434.995964715112,9489,9280,9405.1125,8993.888910996971,9406.27156216477,8993.888910996971,9406.27156216477,9526.71509513348,9526.71509513348,9481.507689046159,9481.507689046159,9526.71509513348,9526.71509513348,9481.507689046159,9481.507689046159,,,,,-1,-1,1,0,0,37381.953765
2020-06-19,9420.054232357556,9438.3,9215.79,9337.66,8993.888910996971,9406.27156216477,8993.888910996971,9406.27156216477,9504.111392089819,9504.111392089819,9461.070574450778,9461.070574450778,9504.111392089819,9504.111392089819,9461.070574450778,9461.070574450778,,,,,-1,-1,1,0,0,45330.983673
2020-06-20,9378.857116178777,9395,9170.95,9308.782500000001,8993.888910996971,9406.27156216477,8993.888910996971,9406.27156216477,9482.590983270298,9482.590983270298,9438.406750270171,9438.406750270171,9482.590983270298,9482.590983270298,9438.406750270171,9438.406750270171,,,,,-1,-1,1,0,0,30329.065384
2020-06-21,9343.819808089389,9422,9281.54,9339.295,9200.08023658087,9380.105868192799,9200.08023658087,9380.105868192799,9460.498866770235,9460.498866770235,9419.67536136386,9419.67536136386,9460.498866770235,9460.498866770235,9419.67536136386,9419.67536136386,,,,,-1,-1,1,0,0,24316.926234
2020-06-22,9341.557404044695,9780,9277.09,9509.3675,9200.08023658087,9380.105868192799,9200.08023658087,9380.105868192799,9440.087114067046,9440.087114067046,9416.02990117623,9416.02990117623,9440.087114067046,9440.087114067046,9416.02990117623,9416.02990117623,,,,,-1,-1,1,0,0,57895.468343
2020-06-23,9425.462452022348,9720,9425.462452022348,9651.9025,9200.08023658087,9380.105868192799,9200.08023658087,9380.105868192799,9428.058507621638,9428.058507621638,9426.744415296222,9426.744415296222,9428.058507621638,9428.058507621638,9426.744415296222,9426.744415296222,,,,,-1,-1,1,0,0,41031.02938
2020-06-24,9538.682476011174,9670,9208,9449.705,9200.08023658087,9380.105868192799,9200.08023658087,9380.105868192799,9427.401461458929,9435.286962215023,9427.401461458929,9435.286962215023,9427.401461458929,9435.286962215023,9427.401461458929,9435.286962215023,,,,,1,1,1,1,0,61571.475811
2020-06-25,9494.193738005586,9494.193738005586,9009.69,9224.3775,9200.08023658087,9380.105868192799,9200.08023658087,9380.105868192799,9431.344211836975,9431.344211836975,9427.746975824932,9427.746975824932,9431.344211836975,9431.344211836975,9427.746975824932,9427.746975824932,9009.69,,,9007.69,-1,-1,1,0,1,55831.619156
2020-06-26,9359.285619002792,9359.285619002792,9045.45,9188.787499999999,9200.08023658087,9380.105868192799,9200.08023658087,9380.105868192799,9429.545593830953,9429.545593830953,9407.37988961413,9407.37988961413,9429.545593830953,9429.545593830953,9407.37988961413,9407.37988961413,,,9188.787499999999,,-1,-1,1,0,0,50292.298277
2020-06-27,9274.036559501395,9274.036559501395,8833,9050.8625,9200.08023658087,9380.105868192799,9200.08023658087,9380.105868192799,9418.462741722542,9418.462741722542,9371.262272950118,9371.262272950118,9418.462741722542,9418.462741722542,9371.262272950118,9371.262272950118,,,,,-1,-1,1,0,0,46290.930113
2020-06-28,9162.449529750698,9191,8948.06,9066.852499999999,9290.093052386836,9346.673361918703,9290.093052386836,9346.673361918703,9394.86250733633,9394.86250733633,9329.592117128028,9329.592117128028,9394.86250733633,9394.86250733633,9329.592117128028,9329.592117128028,,,,,-1,-1,1,0,0,30688.176421
2020-06-29,9114.651014875348,9238,9024.67,9142.8475,9290.093052386836,9346.673361918703,9290.093052386836,9346.673361918703,9362.227312232179,9362.227312232179,9292.408267663568,9292.408267663568,9362.227312232179,9362.227312232179,9292.408267663568,9292.408267663568,,,,,-1,-1,1,0,0,42120.293261
2020-06-30,9128.749257437674,9205,9064.89,9150.342499999999,9290.093052386836,9346.673361918703,9290.093052386836,9346.673361918703,9327.317789947874,9327.317789947874,9261.26355317534,9261.26355317534,9327.317789947874,9327.317789947874,9261.26355317534,9261.26355317534,,,,,-1,-1,1,0,0,31463.162801
2020-07-01,9139.545878718836,9292,9080.1,9185.545,9290.093052386836,9346.673361918703,9290.093052386836,9346.673361918703,9294.290671561608,9294.290671561608,9238.999056770112,9238.999056770112,9294.290671561608,9294.290671561608,9238.999056770112,9238.999056770112,,,,,-1,-1,1,0,0,38488.528699
2020-07-02,9162.54543935942,9261.96,8940,9130.1225,9290.093052386836,9346.673361918703,9290.093052386836,9346.673361918703,9266.64486416586,9266.64486416586,9218.35632983165,9218.35632983165,9266.64486416586,9266.64486416586,9218.35632983165,9218.35632983165,,,,,-1,-1,1,0,0,45725.168076
2020-07-03,9146.333969679708,9146.333969679708,9037.47,9076.817500000001,9290.093052386836,9346.673361918703,9290.093052386836,9346.673361918703,9242.500596998756,9242.500596998756,9198.357059927763,9198.357059927763,9242.500596998756,9242.500596998756,9198.357059927763,9198.357059927763,,,,,-1,-1,1,0,0,28943.420177
2020-07-04,9111.575734839855,9190,9040.04,9105.8225,9290.093052386836,9346.673361918703,9290.093052386836,9346.673361918703,9220.42882846326,9220.42882846326,9181.335400531034,9181.335400531034,9220.42882846326,9220.42882846326,9181.335400531034,9181.335400531034,,,,,-1,-1,1,0,0,26441.968484
2020-07-05,9108.699117419928,9145.24,8893.03,9060.669999999998,9318.383207152769,9318.383207152769,9257.590101510636,9257.590101510636,9200.882114497148,9200.882114497148,9161.887459819132,9161.887459819132,9200.882114497148,9200.882114497148,9161.887459819132,9161.887459819132,,,,,-1,-1,-1,-1,0,34073.653627
2020-07-06,9084.684558709963,9375,9055.92,9211.1325,9318.383207152769,9318.383207152769,9257.590101510636,9257.590101510636,9181.38478715814,9181.38478715814,9154.571470140989,9154.571470140989,9181.38478715814,9181.38478715814,9154.571470140989,9154.571470140989,,9375,,9377,-1,-1,-1,-1,-1,54463.132277
2020-07-07,9147.908529354982,9379.42,9147.908529354982,9295.57,9318.383207152769,9318.383207152769,9257.590101510636,9257.590101510636,9167.978128649565,9167.978128649565,9158.991145583323,9158.991145583323,9167.978128649565,9167.978128649565,9158.991145583323,9158.991145583323,,,,9377,-1,-1,-1,-1,-1,34587.336678
2020-07-08,9221.73926467749,9470,9221.73926467749,9348.615,9318.383207152769,9318.383207152769,9257.590101510636,9257.590101510636,9163.484637116444,9174.967637390226,9163.484637116444,9174.967637390226,9163.484637116444,9174.967637390226,9163.484637116444,9174.967637390226,,,9348.615,,1,1,-1,0,0,56140.517781
2020-07-09,9285.177132338744,9440.79,9160,9317.32,9318.383207152769,9318.383207152769,9257.590101510636,9257.590101510636,9169.226137253336,9193.610368739623,9169.226137253336,9193.610368739623,9169.226137253336,9193.610368739623,9169.226137253336,9193.610368739623,,,,,1,1,-1,0,0,48044.450645
2020-07-10,9301.248566169372,9317.48,9125,9240.810000000001,9318.383207152769,9318.383207152769,9257.590101510636,9257.590101510636,9181.418252996478,9206.979134285139,9181.418252996478,9206.979134285139,9181.418252996478,9206.979134285139,9181.418252996478,9206.979134285139,,,,,1,1,-1,0,0,38295.494006
2020-07-11,9271.029283084687,9299.28,9178.25,9249.975,9318.383207152769,9318.383207152769,9257.590101510636,9257.590101510636,9194.198693640808,9217.009397005138,9194.198693640808,9217.009397005138,9194.198693640808,9217.009397005138,9194.198693640808,9217.009397005138,,,,,1,1,-1,0,0,22561.366
2020-07-12,9260.502141542343,9345,9157.5,9259.817500000001,9287.986654331702,9287.986654331702,9239.311822190464,9239.311822190464,9205.604045322973,9225.129787463844,9205.604045322973,9225.129787463844,9205.604045322973,9225.129787463844,9205.604045322973,9225.129787463844,,,,,1,1,-1,0,0,30872.702286
2020-07-13,9260.159820771172,9343.82,9200.89,9272.66,9287.986654331702,9287.986654331702,9239.311822190464,9239.311822190464,9215.366916393408,9232.852873476035,9215.366916393408,9232.852873476035,9215.366916393408,9232.852873476035,9215.366916393408,9232.852873476035,,,,,1,1,-1,0,0,42740.069115
2020-07-14,9266.409910385586,9279.54,9113,9222.75,9287.986654331702,9287.986654331702,9239.311822190464,9239.311822190464,9224.109894934722,9235.352278425757,9224.109894934722,9235.352278425757,9224.109894934722,9235.352278425757,9224.109894934722,9235.352278425757,,,,,1,1,-1,0,0,45772.552509
2020-07-15,9244.579955192792,9276.49,9160.57,9222.6275,9287.986654331702,9287.986654331702,9239.311822190464,9239.311822190464,9229.731086680238,9235.693297213176,9229.731086680238,9235.693297213176,9229.731086680238,9235.693297213176,9229.731086680238,9235.693297213176,,,,,1,1,-1,0,0,39053.579665
2020-07-16,9233.603727596397,9233.603727596397,9047.25,9151.18,9287.986654331702,9287.986654331702,9239.311822190464,9239.311822190464,9232.712191946708,9232.712191946708,9229.693867454864,9229.693867454864,9232.712191946708,9232.712191946708,9229.693867454864,9229.693867454864,,,,,-1,-1,-1,-1,0,43375.571191
2020-07-17,9192.391863798199,9192.391863798199,9089.81,9141.17,9287.986654331702,9287.986654331702,9239.311822190464,9239.311822190464,9231.203029700786,9231.203029700786,9220.160539296028,9220.160539296028,9231.203029700786,9231.203029700786,9220.160539296028,9220.160539296028,,9192.391863798199,,9472,-1,-1,-1,-1,-1,28054.358741
2020-07-18,9166.780931899099,9219.3,9121.1,9166.2475,9287.986654331702,9287.986654331702,9239.311822190464,9239.311822190464,9225.681784498407,9225.681784498407,9211.106903371126,9211.106903371126,9225.681784498407,9225.681784498407,9211.106903371126,9211.106903371126,,,,9472,-1,-1,-1,-1,-1,22554.541457
2020-07-19,9166.514215949548,9232.27,9101.35,9178.227499999999,9263.649238261083,9263.649238261083,9223.300323101856,9223.300323101856,9218.394343934768,9218.394343934768,9203.191519994285,9203.191519994285,9218.394343934768,9218.394343934768,9203.191519994285,9203.191519994285,,,,9472,-1,-1,-1,-1,-1,26052.019417
2020-07-20,9172.370857974773,9221.52,9131,9180.5725,9263.649238261083,9263.649238261083,9223.300323101856,9223.300323101856,9210.792931964526,9210.792931964526,9197.11316948504,9197.11316948504,9210.792931964526,9210.792931964526,9197.11316948504,9197.11316948504,,,,9472,-1,-1,-1,-1,-1,35458.764082
2020-07-21,9176.471678987386,9437.73,9152.8,9285.3275,9263.649238261083,9263.649238261083,9223.300323101856,9223.300323101856,9203.953050724784,9203.953050724784,9200.140528159553,9200.140528159553,9203.953050724784,9203.953050724784,9200.140528159553,9200.140528159553,,,,9472,-1,-1,-1,-1,-1,60413.582486
2020-07-22,9230.899589493692,9544,9230.899589493692,9428.29,9263.649238261083,9263.649238261083,9223.300323101856,9223.300323101856,9202.046789442167,9215.631674793196,9202.046789442167,9215.631674793196,9202.046789442167,9215.631674793196,9202.046789442167,9215.631674793196,,,9428.29,,1,1,-1,0,0,48815.004107
2020-07-23,9329.594794746847,9664,9329.594794746847,9556.439999999999,9263.649238261083,9263.649238261083,9223.300323101856,9223.300323101856,9208.839232117682,9245.463163007138,9208.839232117682,9245.463163007138,9208.839232117682,9245.463163007138,9208.839232117682,9245.463163007138,,,,,1,1,-1,0,0,51856.2335
2020-07-24,9443.017397373424,9637,9443.017397373424,9560.377499999999,9263.649238261083,9263.649238261083,9223.300323101856,9223.300323101856,9227.151197562409,9283.863627345163,9227.151197562409,9283.863627345163,9227.151197562409,9283.863627345163,9227.151197562409,9283.863627345163,,,,,1,1,-1,0,0,43931.136205
2020-07-25,9501.697448686711,9732.9,9501.697448686711,9621.105,9263.649238261083,9263.649238261083,9223.300323101856,9223.300323101856,9255.507412453786,9328.938185991636,9255.507412453786,9328.938185991636,9255.507412453786,9328.938185991636,9255.507412453786,9328.938185991636,,,,,1,1,-1,0,0,40679.545416
2020-07-26,9561.401224343355,10111,9561.401224343355,9848.24,9243.474780681468,9350.922072729216,9243.474780681468,9350.922072729216,9292.22279922271,9389.22386235377,9292.22279922271,9389.22386235377,9292.22279922271,9389.22386235377,9292.22279922271,9389.22386235377,,,,,1,1,1,1,0,65279.269319
2020-07-27,9704.820612171678,11394.86,9704.820612171678,10568.3925,9243.474780681468,9350.922072729216,9243.474780681468,9350.922072729216,9340.72333078824,9502.157139654506,9340.72333078824,9502.157139654506,9340.72333078824,9502.157139654506,9340.72333078824,9502.157139654506,9704.820612171678,,,9099.35,1,1,1,1,1,150188.933144
2020-07-28,10136.606556085839,11242.23,10136.606556085839,10935.865000000002,9243.474780681468,9350.922072729216,9243.474780681468,9350.922072729216,9421.440235221373,9653.585548029376,9421.440235221373,9653.585548029376,9421.440235221373,9653.585548029376,9421.440235221373,9653.585548029376,,,,9099.35,1,1,1,1,1,97267.734187
2020-07-29,10536.23577804292,11342.82,10536.23577804292,11040.404999999999,9243.474780681468,9350.922072729216,9243.474780681468,9350.922072729216,9537.512891625374,9831.837791136944,9537.512891625374,9831.837791136944,9537.512891625374,9831.837791136944,9537.512891625374,9831.837791136944,,,,9099.35,1,1,1,1,1,76838.094233
2020-07-30,10788.320389021459,11170,10788.320389021459,11050.282500000001,9243.474780681468,9350.922072729216,9243.474780681468,9350.922072729216,9684.67534138116,10014.345995998146,9684.67534138116,10014.345995998146,9684.67534138116,10014.345995998146,9684.67534138116,10014.345995998146,,,,9099.35,1,1,1,1,1,60794.826456
2020-07-31,10919.30144451073,11444,10919.30144451073,11209.8125,9243.474780681468,9350.922072729216,9243.474780681468,9350.922072729216,9849.510668689654,10198.072745045127,9849.510668689654,10198.072745045127,9849.510668689654,10198.072745045127,9849.510668689654,10198.072745045127,,,,9099.35,1,1,1,1,1,70063.660974
2020-08-01,11064.556972255365,11861,11064.556972255365,11554.4075,9243.474780681468,9350.922072729216,9243.474780681468,9350.922072729216,10023.79170686739,10389.417016029944,10023.79170686739,10389.417016029944,10023.79170686739,10389.417016029944,10023.79170686739,10389.417016029944,,,,9099.35,1,1,1,1,1,85087.485126
2020-08-02,11309.482236127682,12123.46,10518.5,11378.619999999999,9297.198426705341,9842.487850157302,9297.198426705341,9842.487850157302,10206.604361448668,10562.541990756368,10206.604361448668,10562.541990756368,10206.604361448668,10562.541990756368,10206.604361448668,10562.541990756368,,,,9099.35,1,1,1,1,1,97553.077604
2020-08-03,11344.05111806384,11473,10936,11175.0425,9297.198426705341,9842.487850157302,9297.198426705341,9842.487850157302,10384.573176102518,10702.843104629552,10384.573176102518,10702.843104629552,10384.573176102518,10702.843104629552,10384.573176102518,10702.843104629552,,,,9099.35,1,1,1,1,1,56931.841475
2020-08-04,11259.54680903192,11414.98,11000,11206.657500000001,9297.198426705341,9842.487850157302,9297.198426705341,9842.487850157302,10543.708140366036,10814.312777559564,10543.708140366036,10814.312777559564,10543.708140366036,10814.312777559564,10543.708140366036,10814.312777559564,,,,9099.35,1,1,1,1,1,58629.113709
2020-08-05,11233.10215451596,11780.93,11093,11452.7075,9297.198426705341,9842.487850157302,9297.198426705341,9842.487850157302,10679.0104589628,10917.498370355297,10679.0104589628,10917.498370355297,10679.0104589628,10917.498370355297,10679.0104589628,10917.498370355297,,,,9099.35,1,1,1,1,1,74970.256852
2020-08-06,11342.90482725798,11900,11342.90482725798,11742.4675,9297.198426705341,9842.487850157302,9297.198426705341,9842.487850157302,10798.25441465905,11024.724617506523,10798.25441465905,11024.724617506523,10798.25441465905,11024.724617506523,10798.25441465905,11024.724617506523,,,,9099.35,1,1,1,1,1,63529.08502
2020-08-07,11542.68616362899,11909.94,11322,11647.16,9297.198426705341,9842.487850157302,9297.198426705341,9842.487850157302,10911.489516082787,11126.383259368271,10911.489516082787,11126.383259368271,10911.489516082787,11126.383259368271,10911.489516082787,11126.383259368271,,,,9099.35,1,1,1,1,1,65755.926022
2020-08-08,11594.923081814495,11808.27,11512,11669.010000000002,9297.198426705341,9842.487850157302,9297.198426705341,9842.487850157302,11018.93638772553,11220.016626555784,11018.93638772553,11220.016626555784,11018.93638772553,11220.016626555784,11018.93638772553,11220.016626555784,,,,9099.35,1,1,1,1,1,41858.16104
2020-08-09,11631.966540907248,11797.11,11521.97,11690.445,9569.84313843132,10353.609366365083,9569.84313843132,10353.609366365083,11119.476507140656,11302.854976458493,11119.476507140656,11302.854976458493,11119.476507140656,11302.854976458493,11119.476507140656,11302.854976458493,,,,9099.35,1,1,1,1,1,41493.067342
2020-08-10,11661.205770453624,12067.35,11450,11772.99,9569.84313843132,10353.609366365083,9569.84313843132,10353.609366365083,11211.165741799576,11380.182336737971,11211.165741799576,11380.182336737971,11211.165741799576,11380.182336737971,11211.165741799576,11380.182336737971,,,,9099.35,1,1,1,1,1,84952.337887
2020-08-11,11717.097885226813,11935,11125,11586.245,9569.84313843132,10353.609366365083,9569.84313843132,10353.609366365083,11295.674039268773,11434.993183496726,11295.674039268773,11434.993183496726,11295.674039268773,11434.993183496726,11295.674039268773,11434.993183496726,,,,9099.35,1,1,1,1,1,90748.284634
2020-08-12,11651.671442613406,11651.671442613406,11150,11430.985,9569.84313843132,10353.609366365083,9569.84313843132,10353.609366365083,11365.33361138275,11463.779470900588,11365.33361138275,11463.779470900588,11365.33361138275,11463.779470900588,11365.33361138275,11463.779470900588,,,,9099.35,1,1,1,1,1,64909.613644
2020-08-13,11541.328221306703,11792.96,11270.36,11601.915,9569.84313843132,10353.609366365083,9569.84313843132,10353.609366365083,11414.556541141668,11485.022968082487,11414.556541141668,11485.022968082487,11414.556541141668,11485.022968082487,11414.556541141668,11485.022968082487,,,,9099.35,1,1,1,1,1,70132.491502
2020-08-14,11571.621610653352,11850,11571.621610653352,11756.085000000001,9569.84313843132,10353.609366365083,9569.84313843132,10353.609366365083,11449.789754612077,11512.919630077968,11449.789754612077,11512.919630077968,11449.789754612077,11512.919630077968,11449.789754612077,11512.919630077968,,,,9099.35,1,1,1,1,1,59818.852697
2020-08-15,11663.853305326676,11980,11663.853305326676,11818.237500000001,9569.84313843132,10353.609366365083,9569.84313843132,10353.609366365083,11481.354692345021,11549.81064101678,11481.354692345021,11549.81064101678,11481.354692345021,11549.81064101678,11481.354692345021,11549.81064101678,,,,9099.35,1,1,1,1,1,56237.90505
2020-08-16,11741.045402663338,11931.72,11686,11845.279999999999,9961.7262523982,10836.324498063195,9961.7262523982,10836.324498063195,11515.5826666809,11589.355398090365,11515.5826666809,11589.355398090365,11515.5826666809,11589.355398090365,11515.5826666809,11589.355398090365,,,,9099.35,1,1,1,1,1,41368.236906
2020-08-17,11793.162701331668,12468,11769.78,12107.474999999999,9961.7262523982,10836.324498063195,9961.7262523982,10836.324498063195,11552.469032385632,11647.387309368487,11552.469032385632,11647.387309368487,11552.469032385632,11647.387309368487,11552.469032385632,11647.387309368487,,,,11148,1,1,1,1,1,84734.21154
2020-08-18,11950.318850665833,12387.77,11817.93,12107.965,9961.7262523982,10836.324498063195,9961.7262523982,10836.324498063195,11599.92817087706,11711.678526035874,11599.92817087706,11711.678526035874,11599.92817087706,11711.678526035874,11599.92817087706,11711.678526035874,,,,11268.36,1,1,1,1,1,75923.835527
2020-08-19,12029.141925332917,12029.141925332917,11561,11820.192500000001,9961.7262523982,10836.324498063195,9961.7262523982,10836.324498063195,11655.803348456466,11754.853588181151,11655.803348456466,11754.853588181151,11655.803348456466,11754.853588181151,11655.803348456466,11754.853588181151,,,,11268.36,1,1,1,1,1,73940.169606
2020-08-20,11924.66721266646,11924.66721266646,11668,11790.982499999998,9961.7262523982,10836.324498063195,9961.7262523982,10836.324498063195,11705.328468318809,11781.422007684687,11705.328468318809,11781.422007684687,11705.328468318809,11781.422007684687,11705.328468318809,11781.422007684687,,,,11268.36,1,1,1,1,1,46085.254351
2020-08-21,11857.824856333229,11878,11485.81,11687.1725,9961.7262523982,10836.324498063195,9961.7262523982,10836.324498063195,11743.375238001749,11789.001032910659,11743.375238001749,11789.001032910659,11743.375238001749,11789.001032910659,11743.375238001749,11789.001032910659,,,,11268.36,1,1,1,1,1,64448.306142
2020-08-22,11772.498678166616,11772.498678166616,11376.81,11564.25,9961.7262523982,10836.324498063195,9961.7262523982,10836.324498063195,11766.188135456205,11777.650205231459,11766.188135456205,11777.650205231459,11766.188135456205,11777.650205231459,11766.188135456205,11777.650205231459,,,,11268.36,1,1,1,1,1,43678.701646
2020-08-23,11668.374339083308,11718.07,11514.13,11635.96,10399.025375230698,11269.072354364653,10399.025375230698,11269.072354364653,11771.919170343832,11771.919170343832,11759.596119384665,11759.596119384665,11771.919170343832,11771.919170343832,11759.596119384665,11759.596119384665,,,11635.96,,-1,-1,1,0,0,37900.00469
2020-08-24,11652.167169541653,11824.9,11585.09,11701.5775,10399.025375230698,11269.072354364653,10399.025375230698,11269.072354364653,11765.757644864249,11765.757644864249,11745.067550256228,11745.067550256228,11765.757644864249,11765.757644864249,11745.067550256228,11745.067550256228,,,,,-1,-1,1,0,0,46212.391867
2020-08-25,11676.872334770826,11767.85,11117.64,11488.025,10399.025375230698,11269.072354364653,10399.025375230698,11269.072354364653,11755.412597560238,11755.412597560238,11717.623487635088,11717.623487635088,11755.412597560238,11755.412597560238,11717.623487635088,11717.623487635088,,,,,-1,-1,1,0,0,69590.923272
2020-08-26,11582.448667385412,11582.448667385412,11244,11390.7925,10399.025375230698,11269.072354364653,10399.025375230698,11269.072354364653,11736.518042597663,11736.518042597663,11681.02061139479,11681.02061139479,11736.518042597663,11736.518042597663,11681.02061139479,11681.02061139479,,,,,-1,-1,1,0,0,53998.231231
2020-08-27,11486.620583692706,11592.2,11125,11377.25,10399.025375230698,11269.072354364653,10399.025375230698,11269.072354364653,11708.769326996226,11708.769326996226,11638.53900555184,11638.53900555184,11708.769326996226,11708.769326996226,11638.53900555184,11638.53900555184,,,,,-1,-1,1,0,0,63246.036383
2020-08-28,11431.935291846352,11542.65,11276.89,11419.2075,10399.025375230698,11269.072354364653,10399.025375230698,11269.072354364653,11673.654166274033,11673.654166274033,11599.081517705998,11599.081517705998,11673.654166274033,11673.654166274033,11599.081517705998,11599.081517705998,,,,,-1,-1,1,0,0,45953.908365
2020-08-29,11425.571395923176,11580.02,11417.04,11497.45,10399.025375230698,11269.072354364653,10399.025375230698,11269.072354364653,11636.367841990015,11636.367841990015,11570.084808380141,11570.084808380141,11636.367841990015,11636.367841990015,11570.084808380141,11570.084808380141,,,,,-1,-1,1,0,0,32973.7992
2020-08-30,11461.510697961588,11719,11458,11588.5,10834.048864797674,11425.686516104628,10834.048864797674,11425.686516104628,11603.226325185078,11603.226325185078,11555.367932126765,11555.367932126765,11603.226325185078,11603.226325185078,11555.367932126765,11555.367932126765,,,,,-1,-1,1,0,0,43177.879054
2020-08-31,11525.005348980794,11800.77,11525.005348980794,11682.862500000001,10834.048864797674,11425.686516104628,10834.048864797674,11425.686516104628,11579.29712865592,11579.29712865592,11555.437200307511,11555.437200307511,11579.29712865592,11579.29712865592,11555.437200307511,11555.437200307511,,,,,-1,-1,1,0,0,55353.617744
2020-09-01,11603.933924490397,12050.85,11515,11784.3325,10834.048864797674,11425.686516104628,10834.048864797674,11425.686516104628,11567.367164481715,11571.744361530978,11567.367164481715,11571.744361530978,11567.367164481715,11571.744361530978,11567.367164481715,11571.744361530978,,,,,1,1,1,1,0,78148.193668
2020-09-02,11694.133212245199,11954.57,11160.1,11606.295,10834.048864797674,11425.686516104628,10834.048864797674,11425.686516104628,11569.555763006347,11582.201498237959,11569.555763006347,11582.201498237959,11569.555763006347,11582.201498237959,11569.555763006347,11582.201498237959,11160.1,,,11115.64,1,1,1,1,1,87221.845602
2020-09-03,11650.2141061226,11650.2141061226,9960.8,10738.1975,10834.048864797674,11425.686516104628,10834.048864797674,11425.686516104628,11575.878630622154,11575.878630622154,11535.317489129957,11535.317489129957,11575.878630622154,11575.878630622154,11535.317489129957,11535.317489129957,,,10738.1975,,-1,-1,1,0,0,121950.106015
2020-09-04,11194.2058030613,11194.2058030613,9875.5,10271.7725,10834.048864797674,11425.686516104628,10834.048864797674,11425.686516104628,11555.598059876056,11555.598059876056,11433.314154870728,11433.314154870728,11555.598059876056,11555.598059876056,11433.314154870728,11433.314154870728,,,,,-1,-1,1,0,0,92733.599113
2020-09-05,10732.98915153065,10732.98915153065,9825,10250.905,10834.048864797674,11425.686516104628,10834.048864797674,11425.686516104628,11494.456107373393,11494.456107373393,11292.570969629274,11292.570969629274,11494.456107373393,11494.456107373393,11292.570969629274,11292.570969629274,,,,,-1,-1,1,0,0,90001.605568
2020-09-06,10491.947075765325,10491.947075765325,9994.86,10191.2225,11129.867690451152,11297.440694519066,11129.867690451152,11297.440694519066,11393.513538501335,11393.513538501335,11137.995100361342,11137.995100361342,11393.513538501335,11393.513538501335,11137.995100361342,11137.995100361342,,,,,-1,-1,1,0,0,56368.788815
2020-09-07,10341.584787882663,10410.75,9875,10228.77,11129.867690451152,11297.440694519066,11129.867690451152,11297.440694519066,11265.754319431338,11265.754319431338,10983.729125512691,10983.729125512691,11265.754319431338,11265.754319431338,10983.729125512691,10983.729125512691,,,,,-1,-1,1,0,0,62620.230676
2020-09-08,10285.177393941332,10438,9850,10197.025,11129.867690451152,11297.440694519066,11129.867690451152,11297.440694519066,11124.741722472016,11124.741722472016,10841.411357069777,10841.411357069777,11124.741722472016,11124.741722472016,10841.411357069777,10841.411357069777,,,,,-1,-1,1,0,0,73491.878418
2020-09-09,10241.101196970667,10343,9981.01,10167.467499999999,11129.867690451152,11297.440694519066,11129.867690451152,11297.440694519066,10983.076539770896,10983.076539770896,10716.483804434009,10716.483804434009,10983.076539770896,10983.076539770896,10716.483804434009,10716.483804434009,,,,,-1,-1,1,0,0,49347.113776
2020-09-10,10204.284348485333,10483.35,10070.83,10277.585000000001,11129.867690451152,11297.440694519066,11129.867690451152,11297.440694519066,10849.780172102452,10849.780172102452,10617.520149442857,10617.520149442857,10849.780172102452,10849.780172102452,10617.520149442857,10617.520149442857,,,,,-1,-1,1,0,0,58253.75375
2020-09-11,10240.934674242668,10397.6,10200,10330.5875,11129.867690451152,11297.440694519066,11129.867690451152,11297.440694519066,10733.650160772653,10733.650160772653,10542.426923257457,10542.426923257457,10733.650160772653,10733.650160772653,10542.426923257457,10542.426923257457,,,,,-1,-1,1,0,0,43830.254467
2020-09-12,10285.761087121333,10477.97,10269.25,10394.0075,11129.867690451152,11297.440694519066,11129.867690451152,11297.440694519066,10638.038542015054,10638.038542015054,10490.878548684082,10490.878548684082,10638.038542015054,10638.038542015054,10490.878548684082,10490.878548684082,,,,,-1,-1,1,0,0,35379.153096
2020-09-13,10339.884293560666,10580.11,10200,10388.4025,11213.65419248511,11213.65419248511,10997.748295490916,10997.748295490916,10564.458545349567,10564.458545349567,10456.708920523715,10456.708920523715,10564.458545349567,10564.458545349567,10456.708920523715,10456.708920523715,,,,,-1,-1,-1,-1,0,43837.609865
2020-09-14,10364.143396780333,10750,10212.34,10491.7375,11213.65419248511,11213.65419248511,10997.748295490916,10997.748295490916,10510.58373293664,10510.58373293664,10440.57165437522,10440.57165437522,10510.58373293664,10510.58373293664,10440.57165437522,10440.57165437522,,10750,,10752,-1,-1,-1,-1,-1,67059.291361
2020-09-15,10427.940448390167,10930.04,10427.940448390167,10748.4,11213.65419248511,11213.65419248511,10997.748295490916,10997.748295490916,10475.57769365593,10475.57769365593,10450.19724748991,10450.19724748991,10475.57769365593,10475.57769365593,10450.19724748991,10450.19724748991,,,,10752,-1,-1,-1,-1,-1,61822.452786
2020-09-16,10588.170224195084,11093,10588.170224195084,10873.365,11213.65419248511,11213.65419248511,10997.748295490916,10997.748295490916,10462.887470572921,10484.509556686333,10462.887470572921,10484.509556686333,10462.887470572921,10484.509556686333,10462.887470572921,10484.509556686333,,,10873.365,,1,1,-1,0,0,64991.51244
2020-09-17,10730.767612097541,11045.46,10730.767612097541,10921.3225,11213.65419248511,11213.65419248511,10997.748295490916,10997.748295490916,10473.698513629628,10533.639289810213,10473.698513629628,10533.639289810213,10473.698513629628,10533.639289810213,10473.698513629628,10533.639289810213,,,,,1,1,-1,0,0,55601.614529
2020-09-18,10826.04505604877,11038.03,10812.84,10931.064999999999,11213.65419248511,11213.65419248511,10997.748295490916,10997.748295490916,10503.66890171992,10589.309229641534,10503.66890171992,10589.309229641534,10503.66890171992,10589.309229641534,10503.66890171992,10589.309229641534,,,,,1,1,-1,0,0,47266.728275
2020-09-19,10878.555028024384,11179.79,10878.555028024384,11020.302500000002,11213.65419248511,11213.65419248511,10997.748295490916,10997.748295490916,10546.489065680727,10650.84332684021,10546.489065680727,10650.84332684021,10546.489065680727,10650.84332684021,10546.489065680727,10650.84332684021,,,,,1,1,-1,0,0,38440.036858
2020-09-20,10949.428764012193,11080.64,10723,10951.14,11105.701243988013,11105.701243988013,10833.206967280948,10833.206967280948,10598.666196260468,10704.022249014066,10598.666196260468,10704.022249014066,10598.666196260468,10704.022249014066,10598.666196260468,10704.022249014066,,,,,1,1,-1,0,0,39157.922565
2020-09-21,10950.284382006095,10988.86,10296.35,10655.6775,11105.701243988013,11105.701243988013,10833.206967280948,10833.206967280948,10651.344222637266,10730.507587938528,10651.344222637266,10730.507587938528,10651.344222637266,10730.507587938528,10651.344222637266,10730.507587938528,,,,,1,1,-1,0,0,70683.431179
2020-09-22,10802.980941003047,10802.980941003047,10353,10468.135,11105.701243988013,11105.701243988013,10833.206967280948,10833.206967280948,10690.925905287897,10731.868891219987,10690.925905287897,10731.868891219987,10690.925905287897,10731.868891219987,10690.925905287897,10731.868891219987,,,,,1,1,-1,0,0,43991.235476
2020-09-23,10635.557970501523,10635.557970501523,10136.82,10361.26,11105.701243988013,11105.701243988013,10833.206967280948,10833.206967280948,10711.397398253943,10711.397398253943,10706.764618887404,10706.764618887404,10711.397398253943,10711.397398253943,10706.764618887404,10706.764618887404,,,,,-1,-1,-1,-1,0,51876.568079
2020-09-24,10498.40898525076,10795.24,10190.93,10490.9875,11105.701243988013,11105.701243988013,10833.206967280948,10833.206967280948,10709.081008570673,10709.081008570673,10676.127247570003,10676.127247570003,10709.081008570673,10709.081008570673,10676.127247570003,10676.127247570003,,10795.24,,11181.79,-1,-1,-1,-1,-1,57676.619427
2020-09-25,10494.69824262538,10760.53,10494.69824262538,10684.9425,11105.701243988013,11105.701243988013,10833.206967280948,10833.206967280948,10692.604128070338,10692.604128070338,10655.837807510121,10655.837807510121,10692.604128070338,10692.604128070338,10655.837807510121,10655.837807510121,,,,11181.79,-1,-1,-1,-1,-1,48101.117008
2020-09-26,10589.82037131269,10820.94,10589.82037131269,10720.1975,11105.701243988013,11105.701243988013,10833.206967280948,10833.206967280948,10674.220967790228,10674.220967790228,10648.53444687295,10648.53444687295,10674.220967790228,10674.220967790228,10648.53444687295,10648.53444687295,,,,11181.79,-1,-1,-1,-1,-1,28420.836659
2020-09-27,10655.008935656344,10799,10594.82,10724.165,10969.45410563448,10969.45410563448,10726.785313527314,10726.785313527314,10661.377707331589,10661.377707331589,10649.100792979261,10649.100792979261,10661.377707331589,10661.377707331589,10649.100792979261,10649.100792979261,,,,11181.79,-1,-1,-1,-1,-1,30549.483253
2020-09-28,10689.586967828172,10950,10626,10761.595000000001,10969.45410563448,10969.45410563448,10726.785313527314,10726.785313527314,10655.239250155424,10658.937949960231,10655.239250155424,10658.937949960231,10655.239250155424,10658.937949960231,10655.239250155424,10658.937949960231,,,10761.595000000001,,1,1,-1,0,0,50095.251734
2020-09-29,10725.590983914088,10867.54,10635.87,10760,10969.45410563448,10969.45410563448,10726.785313527314,10726.785313527314,10657.088600057827,10671.37860508631,10657.088600057827,10671.37860508631,10657.088600057827,10671.37860508631,10657.088600057827,10671.37860508631,,,,,1,1,-1,0,0,41874.898399
2020-09-30,10742.795491957044,10849.34,10665.13,10782.91,10969.45410563448,10969.45410563448,10726.785313527314,10726.785313527314,10664.233602572067,10685.065601292075,10664.233602572067,10685.065601292075,10664.233602572067,10685.065601292075,10664.233602572067,10685.065601292075,,,,,1,1,-1,0,0,39596.027322
2020-10-01,10762.852745978522,10920,10437,10688.18,10969.45410563448,10969.45410563448,10726.785313527314,10726.785313527314,10674.649601932071,10692.95887376166,10674.649601932071,10692.95887376166,10674.649601932071,10692.95887376166,10674.649601932071,10692.95887376166,,,,,1,1,-1,0,0,60866.332893
2020-10-02,10725.516372989261,10725.516372989261,10374,10557.0425,10969.45410563448,10969.45410563448,10726.785313527314,10726.785313527314,10683.804237846865,10687.981062045952,10683.804237846865,10687.981062045952,10683.804237846865,10687.981062045952,10683.804237846865,10687.981062045952,,,,,1,1,-1,0,0,50130.393705
2020-10-03,10641.279436494631,10641.279436494631,10496.46,10553.119999999999,10969.45410563448,10969.45410563448,10726.785313527314,10726.785313527314,10685.892649946409,10685.892649946409,10676.329519352077,10676.329519352077,10685.892649946409,10685.892649946409,10676.329519352077,10676.329519352077,,,,,-1,-1,-1,-1,0,22298.221341
2020-10-04,10597.199718247315,10696.87,10517.87,10605.86,10848.119709580897,10848.119709580897,10694.408285628719,10694.408285628719,10681.111084649243,10681.111084649243,10664.502835891357,10664.502835891357,10681.111084649243,10681.111084649243,10664.502835891357,10664.502835891357,,10696.87,,10952,-1,-1,-1,-1,-1,23212.001595
2020-10-05,10601.529859123657,10798,10601.529859123657,10718.1175,10848.119709580897,10848.119709580897,10694.408285628719,10694.408285628719,10672.8069602703,10672.8069602703,10660.34295860262,10660.34295860262,10672.8069602703,10672.8069602703,10660.34295860262,10660.34295860262,,,,10952,-1,-1,-1,-1,-1,34025.761653
2020-10-06,10659.823679561829,10800,10525,10679.215,10848.119709580897,10848.119709580897,10694.408285628719,10694.408285628719,10666.574959436459,10666.574959436459,10658.90539020457,10658.90539020457,10666.574959436459,10666.574959436459,10658.90539020457,10658.90539020457,,,,10952,-1,-1,-1,-1,-1,48674.740471
2020-10-07,10669.519339780914,10681.87,10546.17,10623.52,10848.119709580897,10848.119709580897,10694.408285628719,10694.408285628719,10662.740174820514,10662.740174820514,10655.689142262429,10655.689142262429,10662.740174820514,10662.740174820514,10655.689142262429,10655.689142262429,,,,10952,-1,-1,-1,-1,-1,32811.990279
2020-10-08,10646.519669890458,10950,10530.41,10768.095000000001,10848.119709580897,10848.119709580897,10694.408285628719,10694.408285628719,10659.214658541472,10660.238628797002,10659.214658541472,10660.238628797002,10659.214658541472,10660.238628797002,10659.214658541472,10660.238628797002,,,10768.095000000001,,1,1,-1,0,0,51959.691572
2020-10-09,10707.30733494523,11104.64,10707.30733494523,10977.43,10848.119709580897,10848.119709580897,10694.408285628719,10694.408285628719,10659.726643669237,10681.37794817319,10659.726643669237,10681.37794817319,10659.726643669237,10681.37794817319,10659.726643669237,10681.37794817319,,,,,1,1,-1,0,0,48240.073237
2020-10-10,10842.368667472616,11491,10842.368667472616,11221.3425,10848.119709580897,10848.119709580897,10694.408285628719,10694.408285628719,10670.552295921214,10728.388920376578,10670.552295921214,10728.388920376578,10670.552295921214,10728.388920376578,10670.552295921214,10728.388920376578,,,,,1,1,-1,0,0,43648.036943
2020-10-11,11031.85558373631,11445,11031.85558373631,11332.060000000001,10771.263997604809,10796.406580959196,10771.263997604809,10796.406580959196,10699.470608148897,10793.154384870742,10699.470608148897,10793.154384870742,10699.470608148897,10793.154384870742,10699.470608148897,10793.154384870742,,,,,1,1,1,1,0,29043.851339
2020-10-12,11181.957791868155,11720.01,11172,11447.32,10771.263997604809,10796.406580959196,10771.263997604809,10796.406580959196,10746.31249650982,10875.57094057658,10746.31249650982,10875.57094057658,10746.31249650982,10875.57094057658,10746.31249650982,10875.57094057658,11172,,,10494.46,1,1,1,1,1,52825.28371
2020-10-13,11314.638895934077,11557,11300,11451.449999999999,10771.263997604809,10796.406580959196,10771.263997604809,10796.406580959196,10810.9417185432,10961.161002875475,10810.9417185432,10961.161002875475,10810.9417185432,10961.161002875475,10810.9417185432,10961.161002875475,,,,10494.46,1,1,1,1,1,42205.283709
2020-10-14,11383.044447967037,11547.98,11280,11416.61,10771.263997604809,10796.406580959196,10771.263997604809,10796.406580959196,10886.051360709338,11040.725041647518,10886.051360709338,11040.725041647518,10886.051360709338,11040.725041647518,10886.051360709338,11040.725041647518,,,,10494.46,1,1,1,1,1,41415.106015
2020-10-15,11399.827223983519,11617.34,11250.83,11447.795,10771.263997604809,10796.406580959196,10771.263997604809,10796.406580959196,10963.38820117843,11112.363638794326,10963.38820117843,11112.363638794326,10963.38820117843,11112.363638794326,10963.38820117843,11112.363638794326,,,,10494.46,1,1,1,1,1,48760.717679
2020-10-16,11423.81111199176,11541.15,11200,11391.4,10771.263997604809,10796.406580959196,10771.263997604809,10796.406580959196,11037.87591998638,11170.392907614269,11037.87591998638,11170.392907614269,11037.87591998638,11170.392907614269,11037.87591998638,11170.392907614269,,,,10494.46,1,1,1,1,1,48797.749502
2020-10-17,11407.60555599588,11407.60555599588,11255,11334.215,10771.263997604809,10796.406580959196,10771.263997604809,10796.406580959196,11104.134413800326,11213.536665986569,11104.134413800326,11213.536665986569,11104.134413800326,11213.536665986569,11104.134413800326,11213.536665986569,,,,10494.46,1,1,1,1,1,22368.915241
2020-10-18,11370.91027799794,11505,11346.22,11428.6675,10783.835289282002,10995.230947612692,10783.835289282002,10995.230947612692,11158.83553989345,11251.37377798368,11158.83553989345,11251.37377798368,11158.83553989345,11251.37377798368,11158.83553989345,11251.37377798368,,,,10494.46,1,1,1,1,1,23284.041191
2020-10-19,11399.78888899897,11823.99,11399.78888899897,11621.64,10783.835289282002,10995.230947612692,10783.835289282002,10995.230947612692,11205.104658938566,11296.580267272624,11205.104658938566,11296.580267272624,11205.104658938566,11296.580267272624,11205.104658938566,11296.580267272624,,,,10494.46,1,1,1,1,1,47414.534692
2020-10-20,11510.714444499485,12038.38,11510.714444499485,11844.354999999998,10783.835289282002,10995.230947612692,10783.835289282002,10995.230947612692,11250.842463105597,11355.850913827653,11250.842463105597,11355.850913827653,11250.842463105597,11355.850913827653,11250.842463105597,11355.850913827653,,,,10494.46,1,1,1,1,1,62134.750663
2020-10-21,11677.53472224974,13217.68,11677.53472224974,12448.897500000001,10783.835289282002,10995.230947612692,10783.835289282002,10995.230947612692,11303.346688466627,11463.471510868641,11303.346688466627,11463.471510868641,11303.346688466627,11463.471510868641,11303.346688466627,11463.471510868641,,,,11447.32,1,1,1,1,1,114584.456767
2020-10-22,12063.216111124872,13185,12063.216111124872,12903.087500000001,10783.835289282002,10995.230947612692,10783.835289282002,10995.230947612692,11383.409099667635,11610.597426793885,11383.409099667635,11610.597426793885,11383.409099667635,11610.597426793885,11383.409099667635,11610.597426793885,,,,11447.32,1,1,1,1,1,70038.824144
2020-10-23,12483.151805562436,13027.69,12483.151805562436,12909.92,10783.835289282002,10995.230947612692,10783.835289282002,10995.230947612692,11497.003263230761,11778.401163202318,11497.003263230761,11778.401163202318,11497.003263230761,11778.401163202318,11497.003263230761,11778.401163202318,,,,11447.32,1,1,1,1,1,50386.999841
2020-10-24,12696.53590278122,13166.73,12696.53590278122,13017.880000000001,10783.835289282002,10995.230947612692,10783.835289282002,10995.230947612692,11637.70221321654,11955.911288031879,11637.70221321654,11955.911288031879,11637.70221321654,11955.911288031879,11637.70221321654,11955.911288031879,,,,11447.32,1,1,1,1,1,35952.20907
2020-10-25,12857.20795139061,13350,12857.20795139061,13094.64,10889.533118447347,11460.50016876787,10889.533118447347,11460.50016876787,11796.80675062421,12135.091807411312,11796.80675062421,12135.091807411312,11796.80675062421,12135.091807411312,11796.80675062421,12135.091807411312,,,,11508.714444499485,1,1,1,1,1,38481.579504
2020-10-26,12975.923975695305,13238.81,12765,13021.41,10889.533118447347,11460.50016876787,10889.533118447347,11460.50016876787,11965.949279017761,12295.615533033939,11965.949279017761,12295.615533033939,11965.949279017761,12295.615533033939,11965.949279017761,12295.615533033939,,,,11675.53472224974,1,1,1,1,1,60951.672986
2020-10-27,12998.666987847653,13789.29,12998.666987847653,13374.37,10889.533118447347,11460.50016876787,10889.533118447347,11460.50016876787,12130.78240602585,12458.938423736932,12130.78240602585,12458.938423736932,12130.78240602585,12458.938423736932,12130.78240602585,12458.938423736932,,,,12061.216111124872,1,1,1,1,1,80796.553996
2020-10-28,13186.518493923828,13859.48,12888,13412.51,10889.533118447347,11460.50016876787,10889.533118447347,11460.50016876787,12294.86041488139,12613.172546042242,12294.86041488139,12613.172546042242,12294.86041488139,12613.172546042242,12294.86041488139,12613.172546042242,,,,12481.151805562436,1,1,1,1,1,94440.561226
2020-10-29,13299.514246961913,13642.91,12920.77,13321.445,10889.533118447347,11460.50016876787,10889.533118447347,11460.50016876787,12454.016480461816,12745.858448957897,12454.016480461816,12745.858448957897,12454.016480461816,12745.858448957897,12454.016480461816,12745.858448957897,,,,12694.53590278122,1,1,1,1,1,74872.602132
2020-10-30,13310.479623480956,13669.98,13115,13450.1925,10889.533118447347,11460.50016876787,10889.533118447347,11460.50016876787,12599.937464709856,12864.716722044077,12599.937464709856,12864.716722044077,12599.937464709856,12864.716722044077,12599.937464709856,12864.716722044077,,,,12763,1,1,1,1,1,70657.778881
2020-10-31,13380.336061740478,14100,13380.336061740478,13715.65,10889.533118447347,11460.50016876787,10889.533118447347,11460.50016876787,12732.327093376965,12989.460699157731,12732.327093376965,12989.460699157731,12732.327093376965,12989.460699157731,12732.327093376965,12989.460699157731,,,,12763,1,1,1,1,1,67339.238515
2020-11-01,13547.993030870239,13895,13547.993030870239,13762.625,11175.016643607609,12083.645280232386,11175.016643607609,12083.645280232386,12860.893896267347,13109.802738813203,12860.893896267347,13109.802738813203,12860.893896267347,13109.802738813203,12860.893896267347,13109.802738813203,,,,12886,1,1,1,1,1,36285.648526
2020-11-02,13655.30901543512,13830,13195.05,13583.977499999999,11175.016643607609,12083.645280232386,11175.016643607609,12083.645280232386,12985.348317540274,13206.52070310092,12985.348317540274,13206.52070310092,12985.348317540274,13206.52070310092,12985.348317540274,13206.52070310092,,,,12886,1,1,1,1,1,64566.421908
2020-11-03,13619.643257717558,14066.11,13284.99,13731.064999999999,11175.016643607609,12083.645280232386,11175.016643607609,12083.645280232386,13095.934510320598,13293.338540775496,13095.934510320598,13293.338540775496,13095.934510320598,13293.338540775496,13095.934510320598,13293.338540775496,,,,12918.77,1,1,1,1,1,74115.630787
2020-11-04,13675.354128858778,14259,13525,13987.885,11175.016643607609,12083.645280232386,11175.016643607609,12083.645280232386,13194.636525548047,13384.384308707116,13194.636525548047,13384.384308707116,13194.636525548047,13384.384308707116,13194.636525548047,13384.384308707116,,,,13113,1,1,1,1,1,93016.988262
2020-11-05,13831.61956442939,15750,13831.61956442939,14894.3975,11175.016643607609,12083.645280232386,11175.016643607609,12083.645280232386,13289.510417127582,13532.8745424981,13289.510417127582,13532.8745424981,13289.510417127582,13532.8745424981,13289.510417127582,13532.8745424981,,,,13193.05,1,1,1,1,1,143741.522673
2020-11-06,14363.008532214695,15960,14363.008532214695,15573.985,11175.016643607609,12083.645280232386,11175.016643607609,12083.645280232386,13411.192479812842,13738.358960365827,13411.192479812842,13738.358960365827,13411.192479812842,13738.358960365827,13411.192479812842,13738.358960365827,,,,13193.05,1,1,1,1,1,122618.197695
2020-11-07,14968.496766107348,15753.52,14344.22,15123.9925,11175.016643607609,12083.645280232386,11175.016643607609,12083.645280232386,13574.775720089336,13950.62487591841,13574.775720089336,13950.62487591841,13574.775720089336,13950.62487591841,13574.775720089336,13950.62487591841,,,,13193.05,1,1,1,1,1,101431.206553
2020-11-08,15046.244633053673,15650,14703.88,15161.82,11629.330961919997,12972.090860130545,11629.330961919997,12972.090860130545,13762.700298003874,14155.44775049584,13762.700298003874,14155.44775049584,13762.700298003874,14155.44775049584,13762.700298003874,14155.44775049584,,,,13282.99,1,1,1,1,1,65547.178574
2020-11-09,15104.032316526836,15840,14805.54,15362.2625,11629.330961919997,12972.090860130545,11629.330961919997,12972.090860130545,13959.074024249858,14350.810510066272,13959.074024249858,14350.810510066272,13959.074024249858,14350.810510066272,13959.074024249858,14350.810510066272,,,,13523,1,1,1,1,1,108976.334134
2020-11-10,15233.14740826342,15460,15072.46,15289.519999999999,11629.330961919997,12972.090860130545,11629.330961919997,12972.090860130545,14154.942267158065,14523.132806043548,14154.942267158065,14523.132806043548,14154.942267158065,14523.132806043548,14154.942267158065,14523.132806043548,,,,13829.61956442939,1,1,1,1,1,61681.919606
2020-11-11,15261.33370413171,15965,15261.33370413171,15554.7825,11629.330961919997,12972.090860130545,11629.330961919997,12972.090860130545,14339.037536600807,14691.32584825715,14339.037536600807,14691.32584825715,14339.037536600807,14691.32584825715,14339.037536600807,14691.32584825715,,,,14342.22,1,1,1,1,1,78469.746458
2020-11-12,15408.058102065854,16340.7,15408.058102065854,15939.3625,11629.330961919997,12972.090860130545,11629.330961919997,12972.090860130545,14515.181692428978,14866.057608203566,14515.181692428978,14866.057608203566,14515.181692428978,14866.057608203566,14515.181692428978,14866.057608203566,,,,14342.22,1,1,1,1,1,102196.356592
2020-11-13,15673.710301032927,16480,15673.710301032927,16261.224999999999,11629.330961919997,12972.090860130545,11629.330961919997,12972.090860130545,14690.619650316272,15050.363877717484,14690.619650316272,15050.363877717484,14690.619650316272,15050.363877717484,14690.619650316272,15050.363877717484,,,,14701.88,1,1,1,1,1,75691.881014
2020-11-14,15967.467650516463,16326.99,15670,16096.869999999999,11629.330961919997,12972.090860130545,11629.330961919997,12972.090860130545,14870.491764016879,15222.148406593902,14870.491764016879,15222.148406593902,14870.491764016879,15222.148406593902,14870.491764016879,15222.148406593902,,,,14803.54,1,1,1,1,1,59116.347179
2020-11-15,16032.168825258232,16180,15774.72,15995.32,12300.71091102527,13897.887554980569,12300.71091102527,13897.887554980569,15046.320085305391,15371.061524489178,15046.320085305391,15371.061524489178,15046.320085305391,15371.061524489178,15046.320085305391,15371.061524489178,,,,15070.46,1,1,1,1,1,43596.841513
2020-11-16,16013.744412629116,16880,15864,16353.6425,12300.71091102527,13897.887554980569,12300.71091102527,13897.887554980569,15208.690804897285,15521.157442055248,15208.690804897285,15521.157442055248,15208.690804897285,15521.157442055248,15208.690804897285,15521.157442055248,,,,15259.33370413171,1,1,1,1,1,81300.675924
2020-11-17,16183.693456314559,17858.82,16183.693456314559,17192.32,12300.71091102527,13897.887554980569,12300.71091102527,13897.887554980569,15364.924123476267,15709.733251239595,15364.924123476267,15709.733251239595,15364.924123476267,15709.733251239595,15364.924123476267,15709.733251239595,,,,15406.058102065854,1,1,1,1,1,115221.403102
2020-11-18,16688.006728157277,18476.93,16688.006728157277,17781.719999999998,12300.71091102527,13897.887554980569,12300.71091102527,13897.887554980569,15537.32868735793,15948.751527777982,15537.32868735793,15948.751527777982,15537.32868735793,15948.751527777982,15537.32868735793,15948.751527777982,,,,15668,1,1,1,1,1,149019.788134
2020-11-19,17234.863364078636,18179.8,17234.863364078636,17774.005,12300.71091102527,13897.887554980569,12300.71091102527,13897.887554980569,15743.040107567957,16207.593959430238,15743.040107567957,16207.593959430238,15743.040107567957,16207.593959430238,15743.040107567957,16207.593959430238,,,,15668,1,1,1,1,1,93009.561008
2020-11-20,17504.434182039317,18815.22,17504.434182039317,18253.434999999998,12300.71091102527,13897.887554980569,12300.71091102527,13897.887554980569,15975.317033499097,16489.434817009238,15975.317033499097,16489.434817009238,15975.317033499097,16489.434817009238,15975.317033499097,16489.434817009238,,,,15772.72,1,1,1,1,1,88423.018489
2020-11-21,17878.934591019657,18965.9,17878.934591019657,18658.485,12300.71091102527,13897.887554980569,12300.71091102527,13897.887554980569,16232.375925254168,16785.949770857267,16232.375925254168,16785.949770857267,16232.375925254168,16785.949770857267,16232.375925254168,16785.949770857267,,,,15862,1,1,1,1,1,75577.458394
2020-11-22,18268.70979550983,18750,17610.86,18369.7725,13099.29923300292,15105.246225209998,13099.29923300292,15105.246225209998,16509.16284805572,17054.446598477032,16509.16284805572,17054.446598477032,16509.16284805572,17054.446598477032,16509.16284805572,17054.446598477032,,,,16181.693456314559,1,1,1,1,1,81645.737778
2020-11-23,18319.241147754914,18766,18000,18386.97,13099.29923300292,15105.246225209998,13099.29923300292,15105.246225209998,16781.804723266378,17296.51011256285,16781.804723266378,17296.51011256285,16781.804723266378,17296.51011256285,16781.804723266378,17296.51011256285,,,,16686.006728157277,1,1,1,1,1,82961.506093
2020-11-24,18353.10557387746,19418.97,18018,18741.247499999998,13099.29923300292,15105.246225209998,13099.29923300292,15105.246225209998,17039.157417914616,17528.2571441057,17039.157417914616,17528.2571441057,17039.157417914616,17528.2571441057,17039.157417914616,17528.2571441057,,,,17232.863364078636,1,1,1,1,1,113581.509241
2020-11-25,18547.17653693873,19484.21,18500.27,18965.8975,13099.29923300292,15105.246225209998,13099.29923300292,15105.246225209998,17283.70728101016,17756.061880170495,17283.70728101016,17756.061880170495,17283.70728101016,17756.061880170495,17283.70728101016,17756.061880170495,,,,17502.434182039317,1,1,1,1,1,93266.576887
2020-11-26,18756.537018469364,18915.03,16188,17742.8325,13099.29923300292,15105.246225209998,13099.29923300292,15105.246225209998,17519.88458059033,17875.218579173787,17519.88458059033,17875.218579173787,17519.88458059033,17875.218579173787,17519.88458059033,17875.218579173787,,,,17502.434182039317,1,1,1,1,1,181005.246693
2020-11-27,18249.684759234682,18249.684759234682,16438.08,17046.1725,13099.29923300292,15105.246225209998,13099.29923300292,15105.246225209998,17697.55157988206,17897.108320970307,17697.55157988206,17897.108320970307,17697.55157988206,17897.108320970307,17697.55157988206,17897.108320970307,,,17046.1725,,1,1,1,1,0,85297.024787
2020-11-28,17647.92862961734,17880.49,16865.56,17401.3575,13099.29923300292,15105.246225209998,13099.29923300292,15105.246225209998,17797.329950426185,17867.476930380595,17797.329950426185,17867.476930380595,17797.329950426185,17867.476930380595,17797.329950426185,17867.476930380595,,,,,1,1,1,1,0,64910.69997
2020-11-29,17524.643064808668,18360.05,17517,17945.47,14102.272729106457,16246.530758316443,14102.272729106457,16246.530758316443,17832.403440403392,17850.921289067315,17832.403440403392,17850.921289067315,17832.403440403392,17850.921289067315,17832.403440403392,17850.921289067315,,,,,1,1,1,1,0,55329.016303
2020-11-30,17735.056532404335,19863.16,17735.056532404335,18982.255,14102.272729106457,16246.530758316443,14102.272729106457,16246.530758316443,17841.662364735355,17907.90294331088,17841.662364735355,17907.90294331088,17841.662364735355,17907.90294331088,17841.662364735355,17907.90294331088,,,,,1,1,1,1,0,115463.466888
2020-12-01,18358.655766202166,19888,18001.12,19087.487499999996,14102.272729106457,16246.530758316443,14102.272729106457,16246.530758316443,17874.782654023118,18016.79774846807,17874.782654023118,18016.79774846807,17874.782654023118,18016.79774846807,17874.782654023118,18016.79774846807,,,,,1,1,1,1,0,127698.762652
2020-12-02,18723.07163310108,19342,18330,18910.2625,14102.272729106457,16246.530758316443,14102.272729106457,16246.530758316443,17945.790201245596,18139.574060635397,17945.790201245596,18139.574060635397,17945.790201245596,18139.574060635397,17945.790201245596,18139.574060635397,,,,,1,1,1,1,0,75911.013478
2020-12-03,18816.66706655054,19598,18816.66706655054,19272.795,14102.272729106457,16246.530758316443,14102.272729106457,16246.530758316443,18042.6821309405,18284.554848325915,18042.6821309405,18284.554848325915,18042.6821309405,18284.554848325915,18042.6821309405,18284.554848325915,,,,,1,1,1,1,0,66689.391279
2020-12-04,19044.731033275268,19527,18565.31,19041.2925,14102.272729106457,16246.530758316443,14102.272729106457,16246.530758316443,18163.61848963321,18419.770641247527,18163.61848963321,18419.770641247527,18163.61848963321,18419.770641247527,18163.61848963321,18419.770641247527,,,,,1,1,1,1,0,71283.6682
2020-12-05,19043.01176663763,19177,18500,18868.7925,14102.272729106457,16246.530758316443,14102.272729106457,16246.530758316443,18291.69456544037,18525.30960464756,18291.69456544037,18525.30960464756,18291.69456544037,18525.30960464756,18291.69456544037,18525.30960464756,,,,,1,1,1,1,0,42922.748573
2020-12-06,18955.902133318814,19420,18857,19196.015,15174.401743711449,17239.410204330325,15174.401743711449,17239.410204330325,18408.502085043965,18626.28731456154,18408.502085043965,18626.28731456154,18408.502085043965,18626.28731456154,18408.502085043965,18626.28731456154,,,,,1,1,1,1,0,37043.091861
2020-12-07,19075.958566659407,19420.91,18902.88,19212.340000000004,15174.401743711449,17239.410204330325,15174.401743711449,17239.410204330325,18517.394699802753,18720.23111937503,18517.394699802753,18720.23111937503,18517.394699802753,18720.23111937503,18517.394699802753,18720.23111937503,,,,,1,1,1,1,0,41372.296293
2020-12-08,19144.149283329705,19294.84,18200,18746.4625,15174.401743711449,17239.410204330325,15174.401743711449,17239.410204330325,18618.81290958889,18775.283279528645,18618.81290958889,18775.283279528645,18618.81290958889,18775.283279528645,18618.81290958889,18775.283279528645,,,,,1,1,1,1,0,61626.947614
2020-12-09,18945.30589166485,18945.30589166485,17650,18288.739999999998,15174.401743711449,17239.410204330325,15174.401743711449,17239.410204330325,18697.04809455877,18772.71248016067,18697.04809455877,18772.71248016067,18697.04809455877,18772.71248016067,18697.04809455877,18772.71248016067,,,,,1,1,1,1,0,79585.553801
2020-12-10,18617.022945832425,18617.022945832425,17911.12,18316.09,15174.401743711449,17239.410204330325,15174.401743711449,17239.410204330325,18734.88028735972,18735.299573144996,18734.88028735972,18735.299573144996,18734.88028735972,18735.299573144996,18734.88028735972,18735.299573144996,,,,,1,1,1,1,0,52890.675094
2020-12-11,18466.556472916214,18466.556472916214,17572.33,18039.1,15174.401743711449,17239.410204330325,15174.401743711449,17239.410204330325,18735.089930252358,18735.089930252358,18664.58120883218,18664.58120883218,18735.089930252358,18735.089930252358,18664.58120883218,18664.58120883218,,,,,-1,-1,1,0,0,72610.724259
2020-12-12,18252.828236458106,18948.66,18020.7,18453.645,15174.401743711449,17239.410204330325,15174.401743711449,17239.410204330325,18699.83556954227,18699.83556954227,18609.74615884463,18609.74615884463,18699.83556954227,18699.83556954227,18609.74615884463,18609.74615884463,,,,,-1,-1,1,0,0,49519.978432
2020-12-13,18353.236618229053,19411,18353.236618229053,19026.45,16206.905974020887,17889.186538470734,16206.905974020887,17889.186538470734,18654.79086419345,18654.79086419345,18599.821771096656,18599.821771096656,18654.79086419345,18654.79086419345,18599.821771096656,18599.821771096656,,,,,-1,-1,1,0,0,56560.821744
2020-12-14,18689.843309114527,19349,18689.843309114527,19199.2825,16206.905974020887,17889.186538470734,16206.905974020887,17889.186538470734,18627.306317645052,18629.161102010767,18627.306317645052,18629.161102010767,18627.306317645052,18629.161102010767,18627.306317645052,18629.161102010767,,,,,1,1,1,1,0,47257.201294
2020-12-15,18944.562904557264,19570,18944.562904557264,19330.03,16206.905974020887,17889.186538470734,16206.905974020887,17889.186538470734,18628.23370982791,18693.353043127827,18628.23370982791,18693.353043127827,18628.23370982791,18693.353043127827,18628.23370982791,18693.353043127827,18944.562904557264,,,17570.33,1,1,1,1,1,61834.366011
2020-12-16,19137.29645227863,21560,19137.29645227863,20400.1375,16206.905974020887,17889.186538470734,16206.905974020887,17889.186538470734,18660.793376477868,18844.67190969459,18660.793376477868,18844.67190969459,18660.793376477868,18844.67190969459,18660.793376477868,18844.67190969459,,,,17570.33,1,1,1,1,1,114306.33557
2020-12-17,19768.716976139316,23800,19768.716976139316,22290.670000000002,16206.905974020887,17889.186538470734,16206.905974020887,17889.186538470734,18752.732643086227,19143.05218772575,18752.732643086227,19143.05218772575,18752.732643086227,19143.05218772575,18752.732643086227,19143.05218772575,,,,19330.03,1,1,1,1,1,184882.476748
2020-12-18,21029.693488069657,23285.18,21029.693488069657,22884.93,16206.905974020887,17889.186538470734,16206.905974020887,17889.186538470734,18947.892415405986,19541.34716692332,18947.892415405986,19541.34716692332,18947.892415405986,19541.34716692332,18947.892415405986,19541.34716692332,,,,19330.03,1,1,1,1,1,79646.134315
2020-12-19,21957.31174403483,24171.47,21957.31174403483,23462.6175,16206.905974020887,17889.186538470734,16206.905974020887,17889.186538470734,19244.619791164652,20024.62531989055,19244.619791164652,20024.62531989055,19244.619791164652,20024.62531989055,19244.619791164652,20024.62531989055,,,,19330.03,1,1,1,1,1,86045.064677
2020-12-20,22709.964622017415,24295,22709.964622017415,23658.030000000002,17048.046256245812,19187.954989451682,17048.046256245812,19187.954989451682,19634.6225555276,20545.14307937465,19634.6225555276,20545.14307937465,19634.6225555276,20545.14307937465,19634.6225555276,20545.14307937465,,,,19330.03,1,1,1,1,1,76690.145685
2020-12-21,23183.99731100871,24102.77,21815,23023.254999999997,17048.046256245812,19187.954989451682,17048.046256245812,19187.954989451682,20089.882817451125,21009.039144767456,20089.882817451125,21009.039144767456,20089.882817451125,21009.039144767456,20089.882817451125,21009.039144767456,,,,19330.03,1,1,1,1,1,87175.188425
2020-12-22,23103.626155504353,23837.1,22353.4,23180.292500000003,17048.046256245812,19187.954989451682,17048.046256245812,19187.954989451682,20549.46098110929,21413.040910315976,20549.46098110929,21413.040910315976,20549.46098110929,21413.040910315976,20549.46098110929,21413.040910315976,,,,19766.716976139316,1,1,1,1,1,87033.12616
2020-12-23,23141.959327752178,24100,22600,23435.8875,17048.046256245812,19187.954989451682,17048.046256245812,19187.954989451682,20981.250945712633,21771.03469393836,20981.250945712633,21771.03469393836,20981.250945712633,21771.03469393836,20981.250945712633,21771.03469393836,,,,21027.693488069657,1,1,1,1,1,119047.259733
2020-12-24,23288.923413876088,23794.43,22703.42,23364.859999999997,17048.046256245812,19187.954989451682,17048.046256245812,19187.954989451682,21376.142819825494,22072.931673809308,21376.142819825494,22072.931673809308,21376.142819825494,22072.931673809308,21376.142819825494,22072.931673809308,,,,21813,1,1,1,1,1,69013.834252
2020-12-25,23326.89170693804,24789.86,23326.89170693804,24166.230000000003,17048.046256245812,19187.954989451682,17048.046256245812,19187.954989451682,21724.5372468174,22376.442413718836,21724.5372468174,22376.442413718836,21724.5372468174,22376.442413718836,21724.5372468174,22376.442413718836,,,,21813,1,1,1,1,1,79519.943569
2020-12-26,23746.560853469022,26867.03,23746.560853469022,25643.2225,17048.046256245812,19187.954989451682,17048.046256245812,19187.954989451682,22050.489830268118,22751.360860166897,22050.489830268118,22751.360860166897,22050.489830268118,22751.360860166897,22050.489830268118,22751.360860166897,,,,21813,1,1,1,1,1,97806.513386
2020-12-27,24694.89167673451,28422,24694.89167673451,26724.265,18118.000622848747,21171.691676391656,18118.000622848747,21171.691676391656,22400.925345217507,23227.002911016025,22400.925345217507,23227.002911016025,22400.925345217507,23227.002911016025,22400.925345217507,23227.002911016025,,,,22351.4,1,1,1,1,1,148455.586214
2020-12-28,25709.578338367253,27500,25709.578338367253,26740.487500000003,18118.000622848747,21171.691676391656,18118.000622848747,21171.691676391656,22813.964128116768,23732.338813249404,22813.964128116768,23732.338813249404,22813.964128116768,23732.338813249404,22813.964128116768,23732.338813249404,,,,22598,1,1,1,1,1,79721.742496
2020-12-29,26225.032919183628,27410,25880,26938.605,18118.000622848747,21171.691676391656,18118.000622848747,21171.691676391656,23273.151470683086,24224.257404651336,23273.151470683086,24224.257404651336,23273.151470683086,24224.257404651336,23273.151470683086,24224.257404651336,,,,22701.42,1,1,1,1,1,69411.592606
2020-12-30,26581.818959591816,28996,26581.818959591816,28144.135000000002,18118.000622848747,21171.691676391656,18118.000622848747,21171.691676391656,23748.704437667213,24751.74704287398,23748.704437667213,24751.74704287398,23748.704437667213,24751.74704287398,23748.704437667213,24751.74704287398,,,,23324.89170693804,1,1,1,1,1,95356.057826
2020-12-31,27362.97697979591,29300,27362.97697979591,28737.295000000002,18118.000622848747,21171.691676391656,18118.000622848747,21171.691676391656,24250.225740270598,25303.603558224455,24250.225740270598,25303.603558224455,24250.225740270598,25303.603558224455,24250.225740270598,25303.603558224455,,,,23744.560853469022,1,1,1,1,1,75508.505152
2021-01-01,28050.135989897957,29600,28050.135989897957,29119.972500000003,18118.000622848747,21171.691676391656,18118.000622848747,21171.691676391656,24776.914649247527,25863.488381985746,24776.914649247527,25863.488381985746,24776.914649247527,25863.488381985746,24776.914649247527,25863.488381985746,,,,24692.89167673451,1,1,1,1,1,54182.925011
2021-01-02,28585.05424494898,33300,28585.05424494898,30939.14,18118.000622848747,21171.691676391656,18118.000622848747,21171.691676391656,25320.201515616634,26523.774521117793,25320.201515616634,26523.774521117793,25320.201515616634,26523.774521117793,25320.201515616634,26523.774521117793,,,,25707.578338367253,1,1,1,1,1,129993.873362
2021-01-03,29762.09712247449,34778.11,29762.09712247449,32979.4,19644.846149620204,24171.59399039345,19644.846149620204,24171.59399039345,25921.988018367214,27302.721522945587,25921.988018367214,27302.721522945587,25921.988018367214,27302.721522945587,25921.988018367214,27302.721522945587,,,,25878,1,1,1,1,1,120957.56675
2021-01-04,31370.748561237247,33600,28130,31679.690000000002,19644.846149620204,24171.59399039345,19644.846149620204,24171.59399039345,26612.3547706564,28012.220178675332,26612.3547706564,28012.220178675332,26612.3547706564,28012.220178675332,26612.3547706564,28012.220178675332,,,,26579.818959591816,1,1,1,1,1,140899.88569
2021-01-05,31525.219280618625,34360,29900,32549.82,19644.846149620204,24171.59399039345,19644.846149620204,24171.59399039345,27312.287474665864,28705.234186147376,27312.287474665864,28705.234186147376,27312.287474665864,28705.234186147376,27312.287474665864,28705.234186147376,,,,27360.97697979591,1,1,1,1,1,116049.997038
2021-01-06,32037.519640309314,36939.21,32037.519640309314,35236.524999999994,19644.846149620204,24171.59399039345,19644.846149620204,24171.59399039345,28008.76083040662,29504.859334879424,28008.76083040662,29504.859334879424,28008.76083040662,29504.859334879424,28008.76083040662,29504.859334879424,,,,28048.135989897957,1,1,1,1,1,127139.20131
2021-01-07,33637.022320154654,40365,33637.022320154654,38216.66,19644.846149620204,24171.59399039345,19644.846149620204,24171.59399039345,28756.81008264302,30496.601455416414,28756.81008264302,30496.601455416414,28756.81008264302,30496.601455416414,28756.81008264302,30496.601455416414,,,,28128,1,1,1,1,1,132825.700437
2021-01-08,35926.841160077325,41950,35926.841160077325,39616.3225,19644.846149620204,24171.59399039345,19644.846149620204,24171.59399039345,29626.705769029715,31657.938867188986,29626.705769029715,31657.938867188986,29626.705769029715,31657.938867188986,29626.705769029715,31657.938867188986,,,,28128,1,1,1,1,1,139789.957499
2021-01-09,37771.58183003866,41380,37771.58183003866,40193.795,19644.846149620204,24171.59399039345,19644.846149620204,24171.59399039345,30642.32231810935,32877.34528582333,30642.32231810935,32877.34528582333,30642.32231810935,32877.34528582333,30642.32231810935,32877.34528582333,,,,28128,1,1,1,1,1,75785.979675
2021-01-10,38982.68841501933,41350,35111.11,38674.8375,21908.220070006824,28174.430298698935,21908.220070006824,28174.430298698935,31759.83380196634,33948.829498335486,31759.83380196634,33948.829498335486,31759.83380196634,33948.829498335486,31759.83380196634,33948.829498335486,,,,29898,1,1,1,1,1,118209.544503
2021-01-11,38828.762957509665,38828.762957509665,30420,35559.807499999995,21908.220070006824,28174.430298698935,21908.220070006824,28174.430298698935,32854.33165015091,34623.1224735451,32854.33165015091,34623.1224735451,32854.33165015091,34623.1224735451,32854.33165015091,34623.1224735451,,,,30418,1,1,1,1,1,249131.539943
2021-01-12,37194.28522875483,37194.28522875483,32531,34655.1525,21908.220070006824,28174.430298698935,21908.220070006824,28174.430298698935,33738.72706184801,35006.286596716905,33738.72706184801,35006.286596716905,33738.72706184801,35006.286596716905,33738.72706184801,35006.286596716905,,,,30418,1,1,1,1,1,133948.151996
2021-01-13,35924.71886437741,37850,32380,35412.6325,21908.220070006824,28174.430298698935,21908.220070006824,28174.430298698935,34372.50682928246,35219.36774258619,34372.50682928246,35219.36774258619,34372.50682928246,35219.36774258619,34372.50682928246,35219.36774258619,,,,30418,1,1,1,1,1,124477.914938
2021-01-14,35668.67568218871,40100,35668.67568218871,38329.277500000004,21908.220070006824,28174.430298698935,21908.220070006824,28174.430298698935,34795.93728593433,35516.34245274813,34795.93728593433,35516.34245274813,34795.93728593433,35516.34245274813,34795.93728593433,35516.34245274813,,,,30418,1,1,1,1,1,102950.389421
2021-01-15,36998.97659109435,39747.76,34408,37510.7975,21908.220070006824,28174.430298698935,21908.220070006824,28174.430298698935,35156.139869341234,35801.600968159306,35156.139869341234,35801.600968159306,35156.139869341234,35801.600968159306,35156.139869341234,35801.600968159306,,,,30418,1,1,1,1,1,118300.920916
2021-01-16,37254.88704554718,37950,35357.8,36510.0525,21908.220070006824,28174.430298698935,21908.220070006824,28174.430298698935,35478.87041875027,36020.64017919363,35478.87041875027,36020.64017919363,35478.87041875027,36020.64017919363,35478.87041875027,36020.64017919363,,,,30418,1,1,1,1,1,86348.431508
2021-01-17,36882.46977277359,36882.46977277359,33850,35631.52250000001,25041.325184352878,31365.224975820052,25041.325184352878,31365.224975820052,35749.755298971955,36104.278507204595,35749.755298971955,36104.278507204595,35749.755298971955,36104.278507204595,35749.755298971955,36104.278507204595,,,,32378,1,1,1,1,1,80157.727384
2021-01-18,36256.9961363868,37469.83,34800,36181.5225,25041.325184352878,31365.224975820052,25041.325184352878,31365.224975820052,35927.016903088275,36149.78160711123,35927.016903088275,36149.78160711123,35927.016903088275,36149.78160711123,35927.016903088275,36149.78160711123,,,,32378,1,1,1,1,1,70698.11875
2021-01-19,36219.2593181934,37850,35844.06,36552.002499999995,25041.325184352878,31365.224975820052,25041.325184352878,31365.224975820052,36038.39925509976,36212.48739572874,36038.39925509976,36212.48739572874,36038.39925509976,36212.48739572874,36038.39925509976,36212.48739572874,,,,33848,1,1,1,1,1,79611.307769
2021-01-20,36385.6309090967,36415.31,33400,35296.37,25041.325184352878,31365.224975820052,25041.325184352878,31365.224975820052,36125.44332541425,36167.24701544317,36125.44332541425,36167.24701544317,36125.44332541425,36167.24701544317,36125.44332541425,36167.24701544317,,,,33848,1,1,1,1,1,89368.422918
2021-01-21,35841.00045454835,35841.00045454835,30071,32997.340000000004,25041.325184352878,31365.224975820052,25041.325184352878,31365.224975820052,36146.345170428714,36146.345170428714,35925.720456806,35925.720456806,36146.345170428714,36146.345170428714,35925.720456806,35925.720456806,,,32997.340000000004,,-1,-1,1,0,0,135004.076658
2021-01-22,34419.17022727418,34419.17022727418,28850,31618.4225,25041.325184352878,31365.224975820052,25041.325184352878,31365.224975820052,36036.032813617356,36036.032813617356,35493.09431004919,35493.09431004919,36036.032813617356,36036.032813617356,35493.09431004919,35493.09431004919,,,,,-1,-1,1,0,0,142971.684049
2021-01-23,33018.79636363709,33456,31390.16,32468.54,25041.325184352878,31365.224975820052,25041.325184352878,31365.224975820052,35764.563561833274,35764.563561833274,35032.56031097247,35032.56031097247,35764.563561833274,35764.563561833274,35032.56031097247,35032.56031097247,,,,,-1,-1,1,0,0,64595.287675
2021-01-24,32743.668181818546,33071,30900,32077.225,28203.275080086467,32651.017838501284,28203.275080086467,32651.017838501284,35398.56193640287,35398.56193640287,34565.68115446841,34565.68115446841,35398.56193640287,35398.56193640287,34565.68115446841,34565.68115446841,,,,,-1,-1,1,0,0,57978.037966
2021-01-25,32410.446590909272,34875,31910,32824.6625,28203.275080086467,32651.017838501284,28203.275080086467,32651.017838501284,34982.121545435635,34982.121545435635,34209.07942527842,34209.07942527842,34982.121545435635,34982.121545435635,34209.07942527842,34209.07942527842,,,,,-1,-1,1,0,0,88499.226921
2021-01-26,32617.554545454637,32921.88,30837.37,32120.302499999998,28203.275080086467,32651.017838501284,28203.275080086467,32651.017838501284,34595.60048535703,34595.60048535703,33857.34949264178,33857.34949264178,34595.60048535703,34595.60048535703,33857.34949264178,33857.34949264178,,,,,-1,-1,1,0,0,84972.20691
2021-01-27,32368.928522727318,32557.29,29241.72,31157.292500000003,28203.275080086467,32651.017838501284,28203.275080086467,32651.017838501284,34226.4749889994,34226.4749889994,33468.67181412601,33468.67181412601,34226.4749889994,34226.4749889994,33468.67181412601,33468.67181412601,,,,,-1,-1,1,0,0,95911.961711
2021-01-28,31763.11051136366,33783.98,29842.1,31838.282499999998,28203.275080086467,32651.017838501284,28203.275080086467,32651.017838501284,33847.5734015627,33847.5734015627,33139.57302537109,33139.57302537109,33847.5734015627,33847.5734015627,33139.57302537109,33139.57302537109,,,,,-1,-1,1,0,0,92621.145617
2021-01-29,31800.69650568183,38531.9,31800.69650568183,34516.92,28203.275080086467,32651.017838501284,28203.275080086467,32651.017838501284,33493.573213466894,33493.573213466894,33076.92516639389,33076.92516639389,33493.573213466894,33493.573213466894,33076.92516639389,33076.92516639389,,,,,-1,-1,1,0,0,231827.005626
2021-01-30,33158.808252840914,34933,32825,34066.79,28203.275080086467,32651.017838501284,28203.275080086467,32651.017838501284,33285.24918993039,33285.24918993039,33107.153889699315,33107.153889699315,33285.24918993039,33285.24918993039,33107.153889699315,33107.153889699315,,,,,-1,-1,1,0,0,84889.68134
2021-01-31,33612.79912642046,34342.69,32171.67,33467.5575,30427.146459293876,33240.79278337031,30427.146459293876,33240.79278337031,33196.20153981486,33196.20153981486,33147.17398430014,33147.17398430014,33196.20153981486,33196.20153981486,33147.17398430014,33147.17398430014,,,,,-1,-1,1,0,0,68742.280384
2021-02-01,33540.17831321023,34717.27,32296.16,33408.1925,30427.146459293876,33240.79278337031,30427.146459293876,33240.79278337031,33171.6877620575,33196.3634701363,33171.6877620575,33196.3634701363,33171.6877620575,33196.3634701363,33171.6877620575,33196.3634701363,,,,,1,1,1,1,0,82718.276882
2021-02-02,33474.18540660512,35984.33,33418,34596.415,30427.146459293876,33240.79278337031,30427.146459293876,33240.79278337031,33184.0256160969,33323.48470855006,33184.0256160969,33323.48470855006,33184.0256160969,33323.48470855006,33184.0256160969,33323.48470855006,33418,,,29239.72,1,1,1,1,1,78056.65988
2021-02-03,34035.300203302555,37662.63,34035.300203302555,36529.1475,30427.146459293876,33240.79278337031,30427.146459293876,33240.79278337031,33253.75516232348,33582.10659919659,33253.75516232348,33582.10659919659,33253.75516232348,33582.10659919659,33253.75516232348,33582.10659919659,,,,29239.72,1,1,1,1,1,80784.333663
2021-02-04,35282.22385165127,38708.27,35282.22385165127,37356.785,30427.146459293876,33240.79278337031,30427.146459293876,33240.79278337031,33417.93088076004,33976.15406608755,33417.93088076004,33976.15406608755,33417.93088076004,33976.15406608755,33417.93088076004,33976.15406608755,,,,29239.72,1,1,1,1,1,92077.456002
2021-02-05,36319.50442582564,38310.12,36319.50442582564,37526.7525,30427.146459293876,33240.79278337031,30427.146459293876,33240.79278337031,33697.0424734238,34439.40433035447,33697.0424734238,34439.40433035447,33697.0424734238,34439.40433035447,33697.0424734238,34439.40433035447,,,,29239.72,1,1,1,1,1,66681.334275
2021-02-06,36923.12846291282,40955.51,36923.12846291282,39161.927500000005,30427.146459293876,33240.79278337031,30427.146459293876,33240.79278337031,34068.22340188913,35015.72283377698,34068.22340188913,35015.72283377698,34068.22340188913,35015.72283377698,34068.22340188913,35015.72283377698,,,,29239.72,1,1,1,1,1,98757.311183
2021-02-07,38042.52798145641,39700,37351,38756.925,31833.969621332093,34417.42309547701,31833.969621332093,34417.42309547701,34541.973117833055,35591.061727515225,34541.973117833055,35591.061727515225,34541.973117833055,35591.061727515225,34541.973117833055,35591.061727515225,,,,29239.72,1,1,1,1,1,84363.679763
2021-02-08,38399.72649072821,46794.45,37988.89,42488.475,31833.969621332093,34417.42309547701,31833.969621332093,34417.42309547701,35066.517422674144,36377.493090830125,35066.517422674144,36377.493090830125,35066.517422674144,36377.493090830125,35066.517422674144,36377.493090830125,,,,34596.415,1,1,1,1,1,138589.688723
2021-02-09,40444.10074536411,48142.19,40444.10074536411,46474.64,31833.969621332093,34417.42309547701,31833.969621332093,34417.42309547701,35722.00525675214,37411.05126320836,35722.00525675214,37411.05126320836,35722.00525675214,37411.05126320836,35722.00525675214,37411.05126320836,,,,35280.22385165127,1,1,1,1,1,115499.861712
2021-02-10,43459.37037268205,47310,43459.37037268205,45566.25,31833.969621332093,34417.42309547701,31833.969621332093,34417.42309547701,36566.52825998025,38563.39587015222,36566.52825998025,38563.39587015222,36566.52825998025,38563.39587015222,36566.52825998025,38563.39587015222,,,,36317.50442582564,1,1,1,1,1,97154.1822
2021-02-11,44512.81018634103,48678.9,43994.02,46362.5025,31833.969621332093,34417.42309547701,31833.969621332093,34417.42309547701,37564.96206506624,39752.148891297846,37564.96206506624,39752.148891297846,37564.96206506624,39752.148891297846,37564.96206506624,39752.148891297846,,,,36921.12846291282,1,1,1,1,1,89561.081454
2021-02-12,45437.656343170514,48985.8,45437.656343170514,47591.76500000001,31833.969621332093,34417.42309547701,31833.969621332093,34417.42309547701,38658.55547818205,40938.99545941357,38658.55547818205,40938.99545941357,38658.55547818205,40938.99545941357,38658.55547818205,40938.99545941357,,,,37349,1,1,1,1,1,85870.035697
2021-02-13,46514.71067158526,48150,46202.53,47201.0925,31833.969621332093,34417.42309547701,31833.969621332093,34417.42309547701,39798.77546879781,42033.13166528827,39798.77546879781,42033.13166528827,39798.77546879781,42033.13166528827,39798.77546879781,42033.13166528827,,,,37986.89,1,1,1,1,1,63768.097399
2021-02-14,46857.90158579263,49707.43,46857.90158579263,48114.0425,33125.69635840455,37383.33608745159,33125.69635840455,37383.33608745159,40915.95356704304,43063.83409492829,40915.95356704304,43063.83409492829,40915.95356704304,43063.83409492829,40915.95356704304,43063.83409492829,,,,40442.10074536411,1,1,1,1,1,73735.475533
2021-02-15,47485.97204289632,49010.92,45570.79,47768.32,33125.69635840455,37383.33608745159,33125.69635840455,37383.33608745159,41989.89383098567,43935.51002127548,41989.89383098567,43935.51002127548,41989.89383098567,43935.51002127548,41989.89383098567,43935.51002127548,,,,43457.37037268205,1,1,1,1,1,79398.156784
2021-02-16,47627.14602144816,50689.18,47003.62,48684.337499999994,33125.69635840455,37383.33608745159,33125.69635840455,37383.33608745159,42962.701926130576,44748.1197521563,42962.701926130576,44748.1197521563,42962.701926130576,44748.1197521563,42962.701926130576,44748.1197521563,,,,43992.02,1,1,1,1,1,88813.266298
2021-02-17,48155.74176072408,52618.74,48155.74176072408,50704.725,33125.69635840455,37383.33608745159,33125.69635840455,37383.33608745159,43855.41083914344,45586.05917129675,43855.41083914344,45586.05917129675,43855.41083914344,45586.05917129675,43855.41083914344,45586.05917129675,,,,45435.656343170514,1,1,1,1,1,85743.637818
2021-02-18,49430.23338036204,52530,49430.23338036204,51775.5425,33125.69635840455,37383.33608745159,33125.69635840455,37383.33608745159,44720.7350052201,46439.80362412979,44720.7350052201,46439.80362412979,44720.7350052201,46439.80362412979,44720.7350052201,46439.80362412979,,,,45568.79,1,1,1,1,1,60758.046954
2021-02-19,50602.887940181026,56368,50602.887940181026,53634.2025,33125.69635840455,37383.33608745159,33125.69635840455,37383.33608745159,45580.269314674944,47403.74578842616,45580.269314674944,47403.74578842616,45580.269314674944,47403.74578842616,45580.269314674944,47403.74578842616,,,,45568.79,1,1,1,1,1,79659.77802
2021-02-20,52118.54522009051,57700.46,52118.54522009051,55827.895,33125.69635840455,37383.33608745159,33125.69635840455,37383.33608745159,46492.00755155055,48479.15129368616,46492.00755155055,48479.15129368616,46492.00755155055,48479.15129368616,46492.00755155055,48479.15129368616,,,,45568.79,1,1,1,1,1,80948.205314
2021-02-21,53973.22011004525,58352.8,53973.22011004525,56770.037500000006,35254.51622292807,42148.52226977987,35254.51622292807,42148.52226977987,47485.57942261836,49628.84436381518,47485.57942261836,49628.84436381518,47485.57942261836,49628.84436381518,47485.57942261836,49628.84436381518,,,,47001.62,1,1,1,1,1,58166.708511
2021-02-22,55371.62880502263,57508.47,47622,54157.6225,35254.51622292807,42148.52226977987,35254.51622292807,42148.52226977987,48557.21189321677,50524.130993203435,48557.21189321677,50524.130993203435,48557.21189321677,50524.130993203435,48557.21189321677,50524.130993203435,,,,47620,1,1,1,1,1,134019.434944
2021-02-23,54764.62565251131,54764.62565251131,44892.56,50513.705,35254.51622292807,42148.52226977987,35254.51622292807,42148.52226977987,49540.67144321011,51005.02013874482,49540.67144321011,51005.02013874482,49540.67144321011,51005.02013874482,49540.67144321011,51005.02013874482,,,,47620,1,1,1,1,1,169375.025051
2021-02-24,52639.16532625566,52639.16532625566,46988.69,49232.72,35254.51622292807,42148.52226977987,35254.51622292807,42148.52226977987,50272.845790977466,51173.42751994262,50272.845790977466,51173.42751994262,50272.845790977466,51173.42751994262,50272.845790977466,51173.42751994262,,,,47620,1,1,1,1,1,91881.209252
2021-02-25,50935.94266312783,52041.73,46674.34,48866.5025,35254.51622292807,42148.52226977987,35254.51622292807,42148.52226977987,50723.136655460046,51114.79107746509,50723.136655460046,51114.79107746509,50723.136655460046,51114.79107746509,50723.136655460046,51114.79107746509,,,,47620,1,1,1,1,1,83310.673121
2021-02-26,49901.22258156392,49901.22258156392,44106.78,46470.3725,35254.51622292807,42148.52226977987,35254.51622292807,42148.52226977987,50918.96386646257,50918.96386646257,50774.54814549263,50774.54814549263,50918.96386646257,50918.96386646257,50774.54814549263,50774.54814549263,,,46470.3725,,-1,-1,1,0,0,109423.200663
2021-02-27,48185.79754078196,48394,45000,46444.3275,35254.51622292807,42148.52226977987,35254.51622292807,42148.52226977987,50846.7560059776,50846.7560059776,50280.78883187907,50280.78883187907,50846.7560059776,50846.7560059776,50280.78883187907,50280.78883187907,,,,,-1,-1,1,0,0,66060.834292
2021-02-28,47315.06252039098,47315.06252039098,43000,45219.4475,38701.51924635397,45852.80596176935,38701.51924635397,45852.80596176935,50563.77241892833,50563.77241892833,49644.288201376425,49644.288201376425,50563.77241892833,50563.77241892833,49644.288201376425,49644.288201376425,,,,,-1,-1,1,0,0,83055.369042
2021-03-01,46267.25501019549,49790,44950.53,47365.4175,38701.51924635397,45852.80596176935,38701.51924635397,45852.80596176935,50104.030310152375,50104.030310152375,49120.50012280163,49120.50012280163,50104.030310152375,50104.030310152375,49120.50012280163,49120.50012280163,,,,,-1,-1,1,0,0,85086.111648
2021-03-02,46816.33625509775,50200,46816.33625509775,48821.0025,38701.51924635397,45852.80596176935,38701.51924635397,45852.80596176935,49612.265216477004,49612.265216477004,48790.99178655537,48790.99178655537,49612.265216477004,49612.265216477004,48790.99178655537,48790.99178655537,,,,,-1,-1,1,0,0,64221.06214
2021-03-03,47818.669377548875,52640,47818.669377548875,49881.6725,38701.51924635397,45852.80596176935,38701.51924635397,45852.80596176935,49201.628501516185,49201.628501516185,48703.77776539326,48703.77776539326,49201.628501516185,49201.628501516185,48703.77776539326,48703.77776539326,,,,,-1,-1,1,0,0,81035.913705
2021-03-04,48850.170938774434,51773.88,47500,49499.335,38701.51924635397,45852.80596176935,38701.51924635397,45852.80596176935,48952.70313345472,48952.70313345472,48725.48399723319,48725.48399723319,48952.70313345472,48952.70313345472,48725.48399723319,48725.48399723319,,,,,-1,-1,1,0,0,82649.716829
2021-03-05,49174.75296938722,49448.93,46300,48218.682499999995,38701.51924635397,45852.80596176935,38701.51924635397,45852.80596176935,48839.09356534395,48839.09356534395,48696.512004990815,48696.512004990815,48839.09356534395,48839.09356534395,48696.512004990815,48696.512004990815,,,,,-1,-1,1,0,0,78192.496372
2021-03-06,48696.71773469361,49200,47070,48474.7525,38701.51924635397,45852.80596176935,38701.51924635397,45852.80596176935,48767.80278516738,48767.80278516738,48653.11223560505,48653.11223560505,48767.80278516738,48767.80278516738,48653.11223560505,48653.11223560505,,,,,-1,-1,1,0,0,44399.234242
2021-03-07,48585.735117346805,51450.03,48585.735117346805,50046.545,42277.16260406166,47479.159340353835,42277.16260406166,47479.159340353835,48710.457510386215,48722.98337194221,48710.457510386215,48722.98337194221,48710.457510386215,48722.98337194221,48710.457510386215,48722.98337194221,,,,,1,1,1,1,0,55235.028032
2021-03-08,49316.1400586734,52402.78,49274.67,51252.932499999995,42277.16260406166,47479.159340353835,42277.16260406166,47479.159340353835,48716.72044116421,48919.02521491965,48716.72044116421,48919.02521491965,48716.72044116421,48919.02521491965,48716.72044116421,48919.02521491965,49274.67,,,42998,1,1,1,1,1,66987.359664
2021-03-09,50284.536279336695,54895,50284.536279336695,53486.0225,42277.16260406166,47479.159340353835,42277.16260406166,47479.159340353835,48817.87282804193,49305.48905717568,48817.87282804193,49305.48905717568,48817.87282804193,49305.48905717568,48817.87282804193,49305.48905717568,,,,42998,1,1,1,1,1,71656.737076
2021-03-10,51885.27938966834,57387.69,51885.27938966834,55279.737499999996,42277.16260406166,47479.159340353835,42277.16260406166,47479.159340353835,49061.6809426088,49912.86174024258,49061.6809426088,49912.86174024258,49061.6809426088,49912.86174024258,49061.6809426088,49912.86174024258,,,,42998,1,1,1,1,1,84749.238943
2021-03-11,53582.508444834166,58150,53582.508444834166,56511.8925,42277.16260406166,47479.159340353835,42277.16260406166,47479.159340353835,49487.27134142569,50689.09037964487,49487.27134142569,50689.09037964487,49487.27134142569,50689.09037964487,49487.27134142569,50689.09037964487,,,,42998,1,1,1,1,1,81914.812859
2021-03-12,55047.200472417084,58081.51,54962.84,57009.805,42277.16260406166,47479.159340353835,42277.16260406166,47479.159340353835,50088.18086053527,51547.88583256233,50088.18086053527,51547.88583256233,50088.18086053527,51547.88583256233,50088.18086053527,51547.88583256233,,,,42998,1,1,1,1,1,73405.406047
2021-03-13,56028.50273620854,61844,56028.50273620854,59083.08500000001,42277.16260406166,47479.159340353835,42277.16260406166,47479.159340353835,50818.03334654879,52544.046980416424,50818.03334654879,52544.046980416424,50818.03334654879,52544.046980416424,50818.03334654879,52544.046980416424,,,,42998,1,1,1,1,1,83245.091346
2021-03-14,57555.79386810427,61724.79,57555.79386810427,60212.065,44878.16097220775,50320.1403491891,44878.16097220775,50320.1403491891,51681.040163482605,53606.08340084929,51681.040163482605,53606.08340084929,51681.040163482605,53606.08340084929,51681.040163482605,53606.08340084929,,,,51252.932499999995,1,1,1,1,1,52601.05275
2021-03-15,58883.92943405214,60633.43,54600,57453.677500000005,44878.16097220775,50320.1403491891,44878.16097220775,50320.1403491891,52643.56178216595,54482.73824884363,52643.56178216595,54482.73824884363,52643.56178216595,54482.73824884363,52643.56178216595,54482.73824884363,,,,51252.932499999995,1,1,1,1,1,102771.427298
2021-03-16,58168.80346702607,58168.80346702607,53271.34,55678.895,44878.16097220775,50320.1403491891,44878.16097220775,50320.1403491891,53563.15001550478,55055.33026543382,53563.15001550478,55055.33026543382,53563.15001550478,55055.33026543382,53563.15001550478,55055.33026543382,,,,51252.932499999995,1,1,1,1,1,77986.694355
2021-03-17,56923.84923351303,58974.73,54123.69,57228.0325,44878.16097220775,50320.1403491891,44878.16097220775,50320.1403491891,54309.2401404693,55478.73944365986,54309.2401404693,55478.73944365986,54309.2401404693,55478.73944365986,54309.2401404693,55478.73944365986,,,,51252.932499999995,1,1,1,1,1,70421.620841
2021-03-18,57075.940866756515,60129.97,57023,58428.525,44878.16097220775,50320.1403491891,44878.16097220775,50320.1403491891,54893.98979206458,55915.05212887906,54893.98979206458,55915.05212887906,54893.98979206458,55915.05212887906,54893.98979206458,55915.05212887906,,,,51252.932499999995,1,1,1,1,1,66580.406675
2021-03-19,57752.232933378255,59468,56270.74,57852.4375,44878.16097220775,50320.1403491891,44878.16097220775,50320.1403491891,55404.52096047182,56289.40253571162,55404.52096047182,56289.40253571162,55404.52096047182,56289.40253571162,55404.52096047182,56289.40253571162,,,,51252.932499999995,1,1,1,1,1,52392.652961
2021-03-20,57802.33521668913,59880,57802.33521668913,58458.115,44878.16097220775,50320.1403491891,44878.16097220775,50320.1403491891,55846.961748091715,56659.32550980085,55846.961748091715,56659.32550980085,55846.961748091715,56659.32550980085,55846.961748091715,56659.32550980085,,,,51252.932499999995,1,1,1,1,1,44476.941776
2021-03-21,58130.22510834456,58589.1,55450.11,57372.697499999995,47599.150660698426,52919.059226217214,47599.150660698426,52919.059226217214,56253.14362894628,56896.50802146785,56253.14362894628,56896.50802146785,56253.14362894628,56896.50802146785,56253.14362894628,56896.50802146785,,,,51252.932499999995,1,1,1,1,1,48564.470274
2021-03-22,57751.46130417228,58430.73,53650,55878.885,47599.150660698426,52919.059226217214,47599.150660698426,52919.059226217214,56574.82582520707,56965.52750954136,56574.82582520707,56965.52750954136,56574.82582520707,56965.52750954136,56574.82582520707,56965.52750954136,,,,51252.932499999995,1,1,1,1,1,62581.626169
2021-03-23,56815.173152086136,56815.173152086136,53000,54313.759999999995,47599.150660698426,52919.059226217214,47599.150660698426,52919.059226217214,56770.17666737421,56844.003187664704,56770.17666737421,56844.003187664704,56770.17666737421,56844.003187664704,56770.17666737421,56844.003187664704,,,,51252.932499999995,1,1,1,1,1,59789.365427
2021-03-24,55564.466576043065,57200,51700,53886.612499999996,47599.150660698426,52919.059226217214,47599.150660698426,52919.059226217214,56807.08992751945,56807.08992751945,56586.73775579747,56586.73775579747,56807.08992751945,56807.08992751945,56586.73775579747,56586.73775579747,,,53886.612499999996,,-1,-1,1,0,0,83537.465021
2021-03-25,54725.539538021534,54725.539538021534,50427.56,51828,47599.150660698426,52919.059226217214,47599.150660698426,52919.059226217214,56696.91384165846,56696.91384165846,56141.34028876728,56141.34028876728,56696.91384165846,56696.91384165846,56141.34028876728,56141.34028876728,,,,,-1,-1,1,0,0,87400.534538
2021-03-26,53276.76976901077,55073.46,51214.6,53151.8575,47599.150660698426,52919.059226217214,47599.150660698426,52919.059226217214,56419.127065212866,56419.127065212866,55670.18427335189,55670.18427335189,56419.127065212866,56419.127065212866,55670.18427335189,55670.18427335189,,,,,-1,-1,1,0,0,63813.774692
2021-03-27,53214.31363450538,56700.36,53214.31363450538,55373.27250000001,47599.150660698426,52919.059226217214,47599.150660698426,52919.059226217214,56044.65566928237,56044.65566928237,55357.456414504784,55357.456414504784,56044.65566928237,56044.65566928237,55357.456414504784,55357.456414504784,,,,,-1,-1,1,0,0,50105.475055
2021-03-28,54293.79306725269,56559.75,54293.79306725269,55711.59,50259.104943457816,54026.445078156416,50259.104943457816,54026.445078156416,55701.05604189357,55701.05604189357,55198.830090964715,55198.830090964715,55701.05604189357,55701.05604189357,55198.830090964715,55198.830090964715,,,,,-1,-1,1,0,0,39050.387511
2021-03-29,55002.69153362635,58405.82,54800.01,56654.7375,50259.104943457816,54026.445078156416,50259.104943457816,54026.445078156416,55449.943066429136,55449.943066429136,55215.203110418624,55215.203110418624,55449.943066429136,55449.943066429136,55215.203110418624,55215.203110418624,,,,,-1,-1,1,0,0,67857.937398
2021-03-30,55828.714516813176,59368,55828.714516813176,58205.345,50259.104943457816,54026.445078156416,50259.104943457816,54026.445078156416,55332.57308842388,55408.84299931827,55332.57308842388,55408.84299931827,55332.57308842388,55408.84299931827,55332.57308842388,55408.84299931827,,,,,1,1,1,1,0,55122.443122
2021-03-31,57017.029758406585,59800,56769,58514.03,50259.104943457816,54026.445078156416,50259.104943457816,54026.445078156416,55370.70804387108,55731.75689771885,55370.70804387108,55731.75689771885,55370.70804387108,55731.75689771885,55370.70804387108,55731.75689771885,56769,,,50425.56,1,1,1,1,1,60975.542666
2021-04-01,57765.52987920329,59490,57765.52987920329,58721.337499999994,50259.104943457816,54026.445078156416,50259.104943457816,54026.445078156416,55551.23247079496,56122.791598473144,55551.23247079496,56122.791598473144,55551.23247079496,56122.791598473144,55551.23247079496,56122.791598473144,,,,50425.56,1,1,1,1,1,47390.744659
2021-04-02,58243.43368960165,60200,58243.43368960165,59074.7575,50259.104943457816,54026.445078156416,50259.104943457816,54026.445078156416,55837.01203463405,56555.72909183206,55837.01203463405,56555.72909183206,55837.01203463405,56555.72909183206,55837.01203463405,56555.72909183206,,,,50425.56,1,1,1,1,1,47382.418781
2021-04-03,58659.09559480082,59791.72,56880,58168.4175,50259.104943457816,54026.445078156416,50259.104943457816,54026.445078156416,56196.37056323305,56919.46251601005,56196.37056323305,56919.46251601005,56196.37056323305,56919.46251601005,56196.37056323305,56919.46251601005,,,,50425.56,1,1,1,1,1,47409.852113
2021-04-04,58413.75654740041,58492.85,56388,57533.7025,52142.77501080711,55397.47656559645,52142.77501080711,55397.47656559645,56557.916539621554,57159.21498025667,56557.916539621554,57159.21498025667,56557.916539621554,57159.21498025667,56557.916539621554,57159.21498025667,,,,50425.56,1,1,1,1,1,41314.081973
2021-04-05,57973.7295237002,59272,56777.77,58345.4425,52142.77501080711,55397.47656559645,52142.77501080711,55397.47656559645,56858.56575993911,57354.03462140895,56858.56575993911,57354.03462140895,56858.56575993911,57354.03462140895,56858.56575993911,57354.03462140895,,,,50425.56,1,1,1,1,1,54258.01579
2021-04-06,58159.5860118501,59495.24,57413.02,58507.35,52142.77501080711,55397.47656559645,52142.77501080711,55397.47656559645,57106.30019067403,57537.37395452922,57106.30019067403,57537.37395452922,57106.30019067403,57537.37395452922,57106.30019067403,57537.37395452922,,,,50425.56,1,1,1,1,1,54201.000727
2021-04-07,58333.46800592505,58655,55473,57017.869999999995,52142.77501080711,55397.47656559645,52142.77501080711,55397.47656559645,57321.83707260163,57608.03991415886,57321.83707260163,57608.03991415886,57321.83707260163,57608.03991415886,57321.83707260163,57608.03991415886,,,,50425.56,1,1,1,1,1,71228.405659
2021-04-08,57675.669002962524,58153.31,55700,56971.0675,52142.77501080711,55397.47656559645,52142.77501080711,55397.47656559645,57464.93849338025,57598.08151412663,57464.93849338025,57598.08151412663,57464.93849338025,57598.08151412663,57464.93849338025,57598.08151412663,,,,50425.56,1,1,1,1,1,44283.147019
2021-04-09,57323.36825148126,58894.9,57323.36825148126,58192.24,52142.77501080711,55397.47656559645,52142.77501080711,55397.47656559645,57531.51000375344,57623.24649292172,57531.51000375344,57623.24649292172,57531.51000375344,57623.24649292172,57531.51000375344,57623.24649292172,,,,50425.56,1,1,1,1,1,40831.884911
2021-04-10,57757.80412574063,61500,57757.80412574063,59327.9225,52142.77501080711,55397.47656559645,52142.77501080711,55397.47656559645,57577.37824833758,57765.00225591041,57577.37824833758,57765.00225591041,57577.37824833758,57765.00225591041,57577.37824833758,57765.00225591041,,,,50425.56,1,1,1,1,1,69906.424117
2021-04-11,58542.863312870315,60699,58542.863312870315,59925.77,53770.12578820178,56699.40091547174,53770.12578820178,56699.40091547174,57671.190252124,57978.94355868512,57671.190252124,57978.94355868512,57671.190252124,57978.94355868512,57671.190252124,57978.94355868512,,,,50425.56,1,1,1,1,1,41156.715391
2021-04-12,59234.316656435156,61300,59234.316656435156,60127.3475,53770.12578820178,56699.40091547174,53770.12578820178,56699.40091547174,57825.06690540456,58256.120757271754,57825.06690540456,58256.120757271754,57825.06690540456,58256.120757271754,57825.06690540456,58256.120757271754,,,,50425.56,1,1,1,1,1,56375.037117
2021-04-13,59680.83207821758,63777.77,59680.83207821758,61754.4825,53770.12578820178,56699.40091547174,53770.12578820178,56699.40091547174,58040.593831338156,58649.23530833103,58040.593831338156,58649.23530833103,58040.593831338156,58649.23530833103,58040.593831338156,58649.23530833103,,,,50425.56,1,1,1,1,1,82848.688746
2021-04-14,60717.657289108785,64854,60717.657289108785,63172.385,53770.12578820178,56699.40091547174,53770.12578820178,56699.40091547174,58344.9145698346,59163.01672871188,58344.9145698346,59163.01672871188,58344.9145698346,59163.01672871188,58344.9145698346,59163.01672871188,,,,50425.56,1,1,1,1,1,82616.343993
2021-04-15,61945.0211445544,63800,61945.0211445544,62984.8775,53770.12578820178,56699.40091547174,53770.12578820178,56699.40091547174,58753.96564927324,59714.40034431764,58753.96564927324,59714.40034431764,58753.96564927324,59714.40034431764,58753.96564927324,59714.40034431764,,,,50425.56,1,1,1,1,1,51649.70034
2021-04-16,62464.9493222772,63520.61,60000,62003.537500000006,53770.12578820178,56699.40091547174,53770.12578820178,56699.40091547174,59234.18299679544,60174.63481926714,59234.18299679544,60174.63481926714,59234.18299679544,60174.63481926714,59234.18299679544,60174.63481926714,,,,50425.56,1,1,1,1,1,91764.139884
2021-04-17,62234.2434111386,62506.05,59580.91,60857.107500000006,53770.12578820178,56699.40091547174,53770.12578820178,56699.40091547174,59704.40890803129,60488.96138833402,59704.40890803129,60488.96138833402,59704.40890803129,60488.96138833402,59704.40890803129,60488.96138833402,,,,50425.56,1,1,1,1,1,58912.256128
2021-04-18,61545.675455569304,61545.675455569304,50931.3,56896.745,55234.76335183676,57338.817043238414,55234.76335183676,57338.817043238414,60096.68514818265,60390.39268407195,60096.68514818265,60390.39268407195,60096.68514818265,60390.39268407195,60096.68514818265,60390.39268407195,,,,50425.56,1,1,1,1,1,124882.131824
2021-04-19,59221.21022778466,59221.21022778466,54221.58,55882.88500000001,55234.76335183676,57338.817043238414,55234.76335183676,57338.817043238414,60243.538916127305,60243.538916127305,60055.178726955906,60055.178726955906,60243.538916127305,60243.538916127305,60055.178726955906,60055.178726955906,,,55882.88500000001,,-1,-1,1,0,0,78229.042267
2021-04-20,57552.04761389233,57552.04761389233,53329.96,55616.085,55234.76335183676,57338.817043238414,55234.76335183676,57338.817043238414,60149.35882154161,60149.35882154161,59539.39944296756,59539.39944296756,60149.35882154161,60149.35882154161,59539.39944296756,59539.39944296756,,,,,-1,-1,1,0,0,72744.482151
2021-04-21,56584.066306946166,56757.91,53536.02,55126.64,55234.76335183676,57338.817043238414,55234.76335183676,57338.817043238414,59844.37913225459,59844.37913225459,58939.74774455246,58939.74774455246,59844.37913225459,59844.37913225459,58939.74774455246,58939.74774455246,,,,,-1,-1,1,0,0,66984.756909
2021-04-22,55855.35315347309,55855.35315347309,50500,52875.015,55234.76335183676,57338.817043238414,55234.76335183676,57338.817043238414,59392.06343840352,59392.06343840352,58200.50429259733,58200.50429259733,59392.06343840352,59392.06343840352,58200.50429259733,58200.50429259733,,,,,-1,-1,1,0,0,104199.478711
2021-04-23,54365.18407673654,54365.18407673654,47500,50611.985,55234.76335183676,57338.817043238414,55234.76335183676,57338.817043238414,58796.28386550043,58796.28386550043,57278.64259242013,57278.64259242013,58796.28386550043,58796.28386550043,57278.64259242013,57278.64259242013,,,,,-1,-1,1,0,0,126439.334755
2021-04-24,52488.584538368275,52488.584538368275,48657.14,50245.439999999995,55234.76335183676,57338.817043238414,55234.76335183676,57338.817043238414,58037.46322896028,58037.46322896028,56287.66665916091,56287.66665916091,58037.46322896028,58037.46322896028,56287.66665916091,56287.66665916091,,,,,-1,-1,1,0,0,55361.512573
2021-04-25,51367.01226918414,51367.01226918414,46930,49153.13,56286.790197537586,56286.790197537586,55794.11370065228,55794.11370065228,57162.56494406059,57162.56494406059,55240.022065900484,55240.022065900484,57162.56494406059,57162.56494406059,55240.022065900484,55240.022065900484,,,,,-1,-1,-1,-1,0,58255.645004
2021-04-26,50260.07113459207,54356.62,48753.44,51544.552500000005,56286.790197537586,56286.790197537586,55794.11370065228,55794.11370065228,56201.29350498054,56201.29350498054,54394.55670840095,54394.55670840095,56201.29350498054,56201.29350498054,54394.55670840095,54394.55670840095,,54356.62,,62508.05,-1,-1,-1,-1,-1,86310.802124
2021-04-27,50902.31181729604,55460,50902.31181729604,54423.8375,56286.790197537586,56286.790197537586,55794.11370065228,55794.11370065228,55297.925106690745,55297.925106690745,53869.12252603425,53869.12252603425,55297.925106690745,55297.925106690745,53869.12252603425,53869.12252603425,,,,62508.05,-1,-1,-1,-1,-1,54064.034675
2021-04-28,52663.07465864802,56428,52663.07465864802,55024.8375,56286.790197537586,56286.790197537586,55794.11370065228,55794.11370065228,54583.523816362496,54583.523816362496,53652.86427899999,53652.86427899999,54583.523816362496,54583.523816362496,53652.86427899999,53652.86427899999,,,,62508.05,-1,-1,-1,-1,-1,55130.459015
2021-04-29,53843.95607932401,55195.84,52330.94,53982.0025,56286.790197537586,56286.790197537586,55794.11370065228,55794.11370065228,54118.19404768124,54118.19404768124,53568.41668512453,53568.41668512453,54118.19404768124,54118.19404768124,53568.41668512453,53568.41668512453,,,,62508.05,-1,-1,-1,-1,-1,52486.019455
2021-04-30,53912.979289662006,57963,53013.01,55556.32,56286.790197537586,56286.790197537586,55794.11370065228,55794.11370065228,53843.305366402885,53843.305366402885,53666.1554201863,53666.1554201863,53843.305366402885,53843.305366402885,53666.1554201863,53666.1554201863,,,,62508.05,-1,-1,-1,-1,-1,68578.910045
2021-05-01,54734.649644831006,58458.07,54734.649644831006,57727.957500000004,56286.790197537586,56286.790197537586,55794.11370065228,55794.11370065228,53754.73039329459,53956.00472119105,53754.73039329459,53956.00472119105,53754.73039329459,53956.00472119105,53754.73039329459,53956.00472119105,,,57727.957500000004,,1,1,-1,0,0,42600.351836
2021-05-02,56231.303572415505,57911.02,56035.25,57080.4575,56040.45194909493,56040.45194909493,54769.66389179479,54769.66389179479,53855.36755724282,54345.356888052185,53855.36755724282,54345.356888052185,53855.36755724282,54345.356888052185,53855.36755724282,54345.356888052185,,,,,1,1,-1,0,0,36812.878863
2021-05-03,56655.880536207755,58981.44,56435,57291.009999999995,56040.45194909493,56040.45194909493,54769.66389179479,54769.66389179479,54100.3622226475,54793.31907667625,54100.3622226475,54793.31907667625,54100.3622226475,54793.31907667625,54100.3622226475,54793.31907667625,,,,,1,1,-1,0,0,57649.931286
2021-05-04,56973.445268103875,57200,53046.69,55154.02250000001,56040.45194909493,56040.45194909493,54769.66389179479,54769.66389179479,54446.84064966187,55073.49879717634,54446.84064966187,55073.49879717634,54446.84064966187,55073.49879717634,54446.84064966187,55073.49879717634,,,,,1,1,-1,0,0,85324.625903
2021-05-05,56063.73388405194,58069.82,52900,55402.744999999995,56040.45194909493,56040.45194909493,54769.66389179479,54769.66389179479,54760.1697234191,55251.8560821952,54760.1697234191,55251.8560821952,54760.1697234191,55251.8560821952,54760.1697234191,55251.8560821952,,,,,1,1,-1,0,0,77263.923439
2021-05-06,55733.239442025966,58360,55200,56847.447499999995,56040.45194909493,56040.45194909493,54769.66389179479,54769.66389179479,55006.012902807146,55449.161984387225,55006.012902807146,55449.161984387225,55006.012902807146,55449.161984387225,55006.012902807146,55449.161984387225,,,,,1,1,-1,0,0,70181.671908
2021-05-07,56290.34347101298,58650,55241.63,56900.015,56040.45194909493,56040.45194909493,54769.66389179479,54769.66389179479,55227.587443597185,55658.69008393159,55227.587443597185,55658.69008393159,55227.587443597185,55658.69008393159,55227.587443597185,55658.69008393159,,,,,1,1,-1,0,0,74542.747829
2021-05-08,56595.17923550649,59500,56595.17923550649,58144.384999999995,56040.45194909493,56040.45194909493,54769.66389179479,54769.66389179479,55443.138763764386,55938.69171116978,55443.138763764386,55938.69171116978,55443.138763764386,55938.69171116978,55443.138763764386,55938.69171116978,,,,,1,1,-1,0,0,69709.906028
2021-05-09,57369.782117753246,59300,56235.66,58160.7575,55405.057920444866,55405.057920444866,55130.38134253949,55130.38134253949,55690.91523746708,56231.83542106036,55690.91523746708,56231.83542106036,55690.91523746708,56231.83542106036,55690.91523746708,56231.83542106036,,,,,1,1,-1,0,0,69806.11991
2021-05-10,57765.26980887662,59500,53400,56739.24250000001,55405.057920444866,55405.057920444866,55130.38134253949,55130.38134253949,55961.37532926372,56423.6840551123,55961.37532926372,56423.6840551123,55961.37532926372,56423.6840551123,55961.37532926372,56423.6840551123,,,,,1,1,-1,0,0,89586.34925
2021-05-11,57252.25615443831,57252.25615443831,54370,55929.6475,55405.057920444866,55405.057920444866,55130.38134253949,55130.38134253949,56192.52969218801,56493.42283074604,56192.52969218801,56493.42283074604,56192.52969218801,56493.42283074604,56192.52969218801,56493.42283074604,,,,,1,1,-1,0,0,64329.54055
2021-05-12,56590.951827219156,58000.01,48600,53225.3375,55405.057920444866,55405.057920444866,55130.38134253949,55130.38134253949,56342.97626146702,56342.97626146702,56313.581103913675,56313.581103913675,56342.97626146702,56342.97626146702,56313.581103913675,56313.581103913675,,,,,-1,-1,-1,-1,0,99842.789836
2021-05-13,54908.14466360958,54908.14466360958,46000,49143.8275,55405.057920444866,55405.057920444866,55130.38134253949,55130.38134253949,56328.27868269034,56328.27868269034,55778.67257387111,55778.67257387111,56328.27868269034,56328.27868269034,55778.67257387111,55778.67257387111,,54908.14466360958,,59502,-1,-1,-1,-1,-1,147332.002121
2021-05-14,52025.98608180479,52025.98608180479,48799.75,49949.03,55405.057920444866,55405.057920444866,55130.38134253949,55130.38134253949,56053.47562828072,56053.47562828072,55077.62774580959,55077.62774580959,56053.47562828072,56053.47562828072,55077.62774580959,55077.62774580959,,,,59502,-1,-1,-1,-1,-1,80082.204306
2021-05-15,50987.508040902394,50987.508040902394,46555,48465.5375,55405.057920444866,55405.057920444866,55130.38134253949,55130.38134253949,55565.551687045154,55565.551687045154,54232.36332823791,54232.36332823791,55565.551687045154,55565.551687045154,54232.36332823791,54232.36332823791,,,,59502,-1,-1,-1,-1,-1,89437.449359
2021-05-16,49726.52277045119,49795.89,43825.39,46703.942500000005,55267.719631492175,55267.719631492175,54090.24726442352,54090.24726442352,54898.95750764153,54898.95750764153,53240.624199093334,53240.624199093334,54898.95750764153,54898.95750764153,53240.624199093334,53240.624199093334,,,,59502,-1,-1,-1,-1,-1,114269.812775
2021-05-17,48215.2326352256,48215.2326352256,42001,44662.967500000006,55267.719631492175,55267.719631492175,54090.24726442352,54090.24726442352,54069.79085336743,54069.79085336743,52114.07784936093,52114.07784936093,54069.79085336743,54069.79085336743,52114.07784936093,52114.07784936093,,,,59502,-1,-1,-1,-1,-1,166657.172736
2021-05-18,46439.1000676128,46439.1000676128,42250.02,43609.2775,55267.719631492175,55267.719631492175,54090.24726442352,54090.24726442352,53091.93435136418,53091.93435136418,50927.93813588096,50927.93813588096,53091.93435136418,53091.93435136418,50927.93813588096,50927.93813588096,,,,59502,-1,-1,-1,-1,-1,116979.860784
2021-05-19,45024.1887838064,45024.1887838064,30000,38281.1925,55267.719631492175,55267.719631492175,54090.24726442352,54090.24726442352,52009.93624362257,52009.93624362257,49365.91332568118,49365.91332568118,52009.93624362257,52009.93624362257,49365.91332568118,49365.91332568118,,,,49143.8275,-1,-1,-1,-1,-1,354347.243161
2021-05-20,41652.6906419032,42451.67,34850,38624.884999999995,55267.719631492175,55267.719631492175,54090.24726442352,54090.24726442352,50687.92478465187,50687.92478465187,47750.648244014126,47750.648244014126,50687.92478465187,50687.92478465187,47750.648244014126,47750.648244014126,,,,49143.8275,-1,-1,-1,-1,-1,203017.596923
2021-05-21,40138.7878209516,42200,33488,38366.35,55267.719631492175,55267.719631492175,54090.24726442352,54090.24726442352,49219.286514333,49219.286514333,46178.86998023384,46178.86998023384,49219.286514333,49219.286514333,46178.86998023384,46178.86998023384,,,,49143.8275,-1,-1,-1,-1,-1,202100.888258
2021-05-22,39252.5689104758,39252.5689104758,35200.62,37185.675,55267.719631492175,55267.719631492175,54090.24726442352,54090.24726442352,47699.07824728342,47699.07824728342,44693.727966025624,44693.727966025624,47699.07824728342,47699.07824728342,44693.727966025624,44693.727966025624,,,,48217.2326352256,-1,-1,-1,-1,-1,126542.243689
2021-05-23,38219.121955237904,38270.64,31111.01,35373.85249999999,54678.98344795785,54678.98344795785,49591.925940041234,49591.925940041234,46196.40310665452,46196.40310665452,43205.099750309244,43205.099750309244,46196.40310665452,46196.40310665452,43205.099750309244,43205.099750309244,,,,46441.1000676128,-1,-1,-1,-1,-1,217136.046593
2021-05-24,36796.48722761895,39920,34031,36857.1825,54678.98344795785,54678.98344795785,49591.925940041234,49591.925940041234,44700.75142848188,44700.75142848188,41950.057043561195,41950.057043561195,44700.75142848188,44700.75142848188,41950.057043561195,41950.057043561195,,,,45026.1887838064,-1,-1,-1,-1,-1,161630.893971
2021-05-25,36826.834863809476,39791.77,36419.62,38336.775,54678.98344795785,54678.98344795785,49591.925940041234,49591.925940041234,43325.40423602154,43325.40423602154,40999.365373513545,40999.365373513545,43325.40423602154,43325.40423602154,40999.365373513545,40999.365373513545,,,,42453.67,-1,-1,-1,-1,-1,111996.228404
2021-05-26,37581.80493190474,40841,37581.80493190474,39052.0175,54678.98344795785,54678.98344795785,49591.925940041234,49591.925940041234,42162.38480476754,42162.38480476754,40357.02405793031,40357.02405793031,42162.38480476754,42162.38480476754,40357.02405793031,40357.02405793031,,,,42453.67,-1,-1,-1,-1,-1,104780.773396
2021-05-27,38316.91121595237,40411.14,37134.27,38829.3275,54678.98344795785,54678.98344795785,49591.925940041234,49591.925940041234,41259.70443134893,41259.70443134893,39907.56594364106,39907.56594364106,41259.70443134893,41259.70443134893,39907.56594364106,39907.56594364106,,,,42453.67,-1,-1,-1,-1,-1,86547.158794
2021-05-28,38573.11935797619,38877.83,34684,36938.8275,54678.98344795785,54678.98344795785,49591.925940041234,49591.925940041234,40583.63518749499,40583.63518749499,39463.230225493004,39463.230225493004,40583.63518749499,40583.63518749499,39463.230225493004,39463.230225493004,,,,40843,-1,-1,-1,-1,-1,135377.62972
2021-05-29,37755.973428988094,37755.973428988094,33632.76,35309.57,54678.98344795785,54678.98344795785,49591.925940041234,49591.925940041234,40023.43270649399,40023.43270649399,38958.12591160178,38958.12591160178,40023.43270649399,40023.43270649399,38958.12591160178,38958.12591160178,,,,40843,-1,-1,-1,-1,-1,112663.092689
2021-05-30,36532.77171449405,36532.77171449405,33379,35028.354999999996,52135.45469399954,52135.45469399954,45128.3457204454,45128.3457204454,39490.77930904789,39490.77930904789,38403.308226954345,38403.308226954345,39490.77930904789,39490.77930904789,38403.308226954345,38403.308226954345,,,,40843,-1,-1,-1,-1,-1,73535.386967
2021-05-31,35780.563357247025,37499,34153.84,36136.9775,52135.45469399954,52135.45469399954,45128.3457204454,45128.3457204454,38947.04376800112,38947.04376800112,37921.218817439534,37921.218817439534,38947.04376800112,38947.04376800112,37921.218817439534,37921.218817439534,,,,40843,-1,-1,-1,-1,-1,94160.735289
2021-06-01,35958.77042862351,37894.81,35666,36876.93,52135.45469399954,52135.45469399954,45128.3457204454,45128.3457204454,38434.131292720325,38434.131292720325,37578.72454097407,37578.72454097407,38434.131292720325,38434.131292720325,37578.72454097407,37578.72454097407,,,,40413.14,-1,-1,-1,-1,-1,81234.66377
2021-06-02,36417.85021431175,38225,35920,37102.1325,52135.45469399954,52135.45469399954,45128.3457204454,45128.3457204454,38006.4279168472,38006.4279168472,37360.00686863276,37360.00686863276,38006.4279168472,38006.4279168472,37360.00686863276,37360.00686863276,,,,38879.83,-1,-1,-1,-1,-1,67587.372495
2021-06-03,36759.99135715587,39476,36759.99135715587,38365.3675,52135.45469399954,52135.45469399954,45128.3457204454,45128.3457204454,37683.21739273998,37683.21739273998,37300.63468242416,37300.63468242416,37683.21739273998,37683.21739273998,37300.63468242416,37300.63468242416,,,,38879.83,-1,-1,-1,-1,-1,75889.106011
2021-06-04,37562.67942857793,39289.07,35555.15,37730,52135.45469399954,52135.45469399954,45128.3457204454,45128.3457204454,37491.92603758207,37491.92603758207,37293.69123327974,37293.69123327974,37491.92603758207,37491.92603758207,37293.69123327974,37293.69123327974,,,,38879.83,-1,-1,-1,-1,-1,91317.799245
2021-06-05,37646.339714288966,37925,34800,36266.837499999994,52135.45469399954,52135.45469399954,45128.3457204454,45128.3457204454,37392.8086354309,37392.8086354309,37234.08234103834,37234.08234103834,37392.8086354309,37392.8086354309,37234.08234103834,37234.08234103834,,,,38879.83,-1,-1,-1,-1,-1,70459.62149
2021-06-06,36956.588607144484,36956.588607144484,35222,35753.595,48631.900207222476,48631.900207222476,41591.56457630262,41591.56457630262,37313.44548823461,37313.44548823461,37116.31914355092,37116.31914355092,37313.44548823461,37313.44548823461,37116.31914355092,37116.31914355092,,,,38879.83,-1,-1,-1,-1,-1,47650.206637
2021-06-07,36355.09180357224,36900,33300,34887.275,48631.900207222476,48631.900207222476,41591.56457630262,41591.56457630262,37214.88231589276,37214.88231589276,36905.298323153875,36905.298323153875,37214.88231589276,37214.88231589276,36905.298323153875,36905.298323153875,,,,38879.83,-1,-1,-1,-1,-1,77574.952573
2021-06-08,35621.183401786126,35621.183401786126,31000,33001.445,48631.900207222476,48631.900207222476,41591.56457630262,41591.56457630262,37060.09031952332,37060.09031952332,36531.76901832318,36531.76901832318,37060.09031952332,37060.09031952332,36531.76901832318,36531.76901832318,,,,38879.83,-1,-1,-1,-1,-1,123251.189037
2021-06-09,34311.31420089306,37534.79,32396.82,35175.115000000005,48631.900207222476,48631.900207222476,41591.56457630262,41591.56457630262,36795.92966892325,36795.92966892325,36208.36563445997,36208.36563445997,36795.92966892325,36795.92966892325,36208.36563445997,36208.36563445997,,,,38879.83,-1,-1,-1,-1,-1,136607.597517
2021-06-10,34743.21460044653,38491,34743.21460044653,37084.192500000005,48631.900207222476,48631.900207222476,41591.56457630262,41591.56457630262,36502.14765169161,36502.14765169161,36062.514258947216,36062.514258947216,36502.14765169161,36502.14765169161,36062.514258947216,36062.514258947216,,,,38493,-1,-1,-1,-1,-1,109527.284943
2021-06-11,35913.70355022327,37680.4,35913.70355022327,36906.745,48631.900207222476,48631.900207222476,41591.56457630262,41591.56457630262,36282.33095531941,36282.33095531941,36042.550174033655,36042.550174033655,36282.33095531941,36282.33095531941,36042.550174033655,36042.550174033655,,,,38493,-1,-1,-1,-1,-1,78466.0053
2021-06-12,36410.224275111636,37463.63,34600.36,36235.520000000004,48631.900207222476,48631.900207222476,41591.56457630262,41591.56457630262,36162.44056467653,36162.44056467653,36045.22323616237,36045.22323616237,36162.44056467653,36162.44056467653,36045.22323616237,36045.22323616237,,,,38493,-1,-1,-1,-1,-1,87717.54999
2021-06-13,36322.87213755582,39380,34757,37175.9225,45111.73239176255,45111.73239176255,38879.44422926594,38879.44422926594,36103.83190041945,36123.24625833147,36103.83190041945,36123.24625833147,36103.83190041945,36123.24625833147,36103.83190041945,36123.24625833147,,,37175.9225,,1,1,-1,0,0,86921.025555
2021-06-14,36749.39731877791,41064.05,36749.39731877791,39832.725,45111.73239176255,45111.73239176255,38879.44422926594,38879.44422926594,36113.539079375456,36379.71443765994,36113.539079375456,36379.71443765994,36113.539079375456,36379.71443765994,36113.539079375456,36379.71443765994,,,,,1,1,-1,0,0,108522.391949
2021-06-15,38291.061159388955,41330,38291.061159388955,40374.18,45111.73239176255,45111.73239176255,38879.44422926594,38879.44422926594,36246.62675851769,36783.120578416296,36246.62675851769,36783.120578416296,36246.62675851769,36783.120578416296,36246.62675851769,36783.120578416296,,,,,1,1,-1,0,0,80679.622838
2021-06-16,39332.62057969448,40527.14,38116.01,39283.990000000005,45111.73239176255,45111.73239176255,38879.44422926594,38879.44422926594,36514.873668466986,37196.42740556991,36514.873668466986,37196.42740556991,36514.873668466986,37196.42740556991,36514.873668466986,37196.42740556991,,,,,1,1,-1,0,0,87771.976937
2021-06-17,39308.30528984724,39559.88,37365,38341.7125,45111.73239176255,45111.73239176255,38879.44422926594,38879.44422926594,36855.650537018446,37517.952550854214,36855.650537018446,37517.952550854214,36855.650537018446,37517.952550854214,36855.650537018446,37517.952550854214,,,,,1,1,-1,0,0,79541.307119
2021-06-18,38825.00889492362,38825.00889492362,35129.29,36811.235,45111.73239176255,45111.73239176255,38879.44422926594,38879.44422926594,37186.80154393632,37657.30278724089,37186.80154393632,37657.30278724089,37186.80154393632,37657.30278724089,37186.80154393632,37657.30278724089,,,,,1,1,-1,0,0,95228.042935
2021-06-19,37818.12194746181,37818.12194746181,34803.52,35641.18,45111.73239176255,45111.73239176255,38879.44422926594,38879.44422926594,37422.052165588604,37621.26029190935,37422.052165588604,37621.26029190935,37422.052165588604,37621.26029190935,37422.052165588604,37621.26029190935,,,,,1,1,-1,0,0,68712.449461
2021-06-20,36729.65097373091,36729.65097373091,33336,35139.4,41995.58831051424,41995.58831051424,37914.417662478285,37914.417662478285,37521.65622874897,37521.65622874897,37414.432922528504,37414.432922528504,37521.65622874897,37521.65622874897,37414.432922528504,37414.432922528504,,,,,-1,-1,-1,-1,0,89878.17085
2021-06-21,35934.52548686546,35934.52548686546,31251.23,33552.5825,41995.58831051424,41995.58831051424,37914.417662478285,37914.417662478285,37468.044575638734,37468.044575638734,37029.36085645337,37029.36085645337,37468.044575638734,37468.044575638734,37029.36085645337,37029.36085645337,,35934.52548686546,,41332,-1,-1,-1,-1,-1,168778.873159
2021-06-22,34743.553993432724,34743.553993432724,28805,31556.864999999998,41995.58831051424,41995.58831051424,37914.417662478285,37914.417662478285,37248.70271604605,37248.70271604605,36443.694549197244,36443.694549197244,37248.70271604605,37248.70271604605,36443.694549197244,36443.694549197244,,,,41332,-1,-1,-1,-1,-1,204208.179762
2021-06-23,33150.20949671636,34881,31683,33187.9075,41995.58831051424,41995.58831051424,37914.417662478285,37914.417662478285,36846.19863262164,36846.19863262164,35884.32446803166,35884.32446803166,36846.19863262164,36846.19863262164,35884.32446803166,35884.32446803166,,,,41332,-1,-1,-1,-1,-1,126966.100563
2021-06-24,33169.05849835818,35298,32286.57,33980.6825,41995.58831051424,41995.58831051424,37914.417662478285,37914.417662478285,36365.26155032665,36365.26155032665,35427.66316629286,35427.66316629286,36365.26155032665,36365.26155032665,35427.66316629286,35427.66316629286,,,,41332,-1,-1,-1,-1,-1,86625.80426
2021-06-25,33574.87049917909,35500,31275,33255.6325,41995.58831051424,41995.58831051424,37914.417662478285,37914.417662478285,35896.46235830976,35896.46235830976,35034.44012179271,35034.44012179271,35896.46235830976,35896.46235830976,35034.44012179271,35034.44012179271,,,,41332,-1,-1,-1,-1,-1,116061.130356
2021-06-26,33415.25149958955,33415.25149958955,30151,31685.184999999998,41995.58831051424,41995.58831051424,37914.417662478285,37914.417662478285,35465.45124005123,35465.45124005123,34596.02331240393,34596.02331240393,35465.45124005123,35465.45124005123,34596.02331240393,34596.02331240393,,,,41332,-1,-1,-1,-1,-1,107820.375287
2021-06-27,32550.218249794772,34749,31973.45,33426.61,39955.00298649626,39955.00298649626,36222.7330454017,36222.7330454017,35030.73727622758,35030.73727622758,34265.09957913759,34265.09957913759,35030.73727622758,35030.73727622758,34265.09957913759,34265.09957913759,,,,41332,-1,-1,-1,-1,-1,96613.244211
2021-06-28,32988.41412489739,35297.71,32988.41412489739,34589.4525,39955.00298649626,39955.00298649626,36222.7330454017,36222.7330454017,34647.91842768258,34647.91842768258,34084.081668796505,34084.081668796505,34647.91842768258,34647.91842768258,34084.081668796505,34084.081668796505,,,,41332,-1,-1,-1,-1,-1,82222.267819
2021-06-29,33788.933312448695,36600,33788.933312448695,35308.012500000004,39955.00298649626,39955.00298649626,36222.7330454017,36222.7330454017,34366.00004823955,34366.00004823955,34069.5966984087,34069.5966984087,34366.00004823955,34366.00004823955,34069.5966984087,34069.5966984087,,,,41332,-1,-1,-1,-1,-1,90788.79622
2021-06-30,34548.47290622435,36100,34017.55,35268.567500000005,39955.00298649626,39955.00298649626,36222.7330454017,36222.7330454017,34217.79837332412,34217.79837332412,34144.08601472971,34144.08601472971,34217.79837332412,34217.79837332412,34144.08601472971,34144.08601472971,,,,41332,-1,-1,-1,-1,-1,77152.197634
2021-07-01,34908.52020311217,35057.57,32711,34079.565,39955.00298649626,39955.00298649626,36222.7330454017,36222.7330454017,34180.94219402692,34182.85460999492,34180.94219402692,34182.85460999492,34180.94219402692,34182.85460999492,34180.94219402692,34182.85460999492,,,34079.565,,1,1,-1,0,0,71708.266112
2021-07-02,34494.04260155609,34494.04260155609,32699,33491.229999999996,39955.00298649626,39955.00298649626,36222.7330454017,36222.7330454017,34181.89840201092,34181.89840201092,34166.433215854966,34166.433215854966,34181.89840201092,34181.89840201092,34166.433215854966,34166.433215854966,,,,,-1,-1,-1,-1,0,56172.181378
2021-07-03,33992.636300778046,34945.61,33316.73,34179.5025,39955.00298649626,39955.00298649626,36222.7330454017,36222.7330454017,34174.16580893294,34174.16580893294,34153.63091941983,34153.63091941983,34174.16580893294,34174.16580893294,34153.63091941983,34153.63091941983,,34945.61,,36602,-1,-1,-1,-1,-1,43044.578641
2021-07-04,34086.069400389024,35967.85,34086.069400389024,35070.1575,38088.86801594898,38088.86801594898,35457.73154452053,35457.73154452053,34163.89836417639,34205.3370171523,34163.89836417639,34205.3370171523,34163.89836417639,34205.3370171523,34163.89836417639,34205.3370171523,,,35070.1575,,1,1,-1,0,0,43703.475789
2021-07-05,34578.11345019451,35293.78,33125.55,34349.4,38088.86801594898,38088.86801594898,35457.73154452053,35457.73154452053,34184.617690664345,34241.14420457379,34184.617690664345,34241.14420457379,34184.617690664345,34241.14420457379,34184.617690664345,34241.14420457379,,,,,1,1,-1,0,0,64123.874245
2021-07-06,34463.75672509726,35118.88,33532,34140.26,38088.86801594898,38088.86801594898,35457.73154452053,35457.73154452053,34212.880947619065,34264.30577885498,34212.880947619065,34264.30577885498,34212.880947619065,34264.30577885498,34212.880947619065,34264.30577885498,,,,,1,1,-1,0,0,58210.596349
2021-07-07,34302.00836254863,35059.09,33777.77,34229.74999999999,38088.86801594898,38088.86801594898,35457.73154452053,35457.73154452053,34238.59336323702,34282.03440790017,34238.59336323702,34282.03440790017,34238.59336323702,34282.03440790017,34238.59336323702,34282.03440790017,,,,,1,1,-1,0,0,53807.521675
2021-07-08,34265.879181274315,34265.879181274315,32077,33186.115,38088.86801594898,38088.86801594898,35457.73154452053,35457.73154452053,34260.3138855686,34260.3138855686,34216.235228809,34216.235228809,34260.3138855686,34260.3138855686,34216.235228809,34216.235228809,,,,,-1,-1,-1,-1,0,70136.48032
2021-07-09,33725.99709063716,34100,32261.07,33263.1475,38088.86801594898,38088.86801594898,35457.73154452053,35457.73154452053,34238.27455718879,34238.27455718879,34107.42391579758,34107.42391579758,34238.27455718879,34238.27455718879,34107.42391579758,34107.42391579758,,34100,,36102,-1,-1,-1,-1,-1,47153.939899
2021-07-10,33494.572295318576,34262,33004.78,33646.365,38088.86801594898,38088.86801594898,35457.73154452053,35457.73154452053,34172.84923649319,34172.84923649319,34011.712450439554,34011.712450439554,34172.84923649319,34172.84923649319,34011.712450439554,34011.712450439554,,,,36102,-1,-1,-1,-1,-1,34761.175468
2021-07-11,33570.46864765929,34666,33306.47,33933.5825,36773.29978023475,36773.29978023475,34813.690318566434,34813.690318566434,34092.28084346637,34092.28084346637,33954.37312984805,33954.37312984805,34092.28084346637,34092.28084346637,33954.37312984805,33954.37312984805,,,,36102,-1,-1,-1,-1,-1,31572.647448
2021-07-12,33752.02557382964,34678.43,32658.34,33670.6,36773.29978023475,36773.29978023475,34813.690318566434,34813.690318566434,34023.32698665721,34023.32698665721,33904.10151478174,33904.10151478174,34023.32698665721,34023.32698665721,33904.10151478174,33904.10151478174,,,,36102,-1,-1,-1,-1,-1,48181.403762
2021-07-13,33711.312786914816,33711.312786914816,32202.25,32839.74,36773.29978023475,36773.29978023475,34813.690318566434,34813.690318566434,33963.71425071947,33963.71425071947,33810.60163918863,33810.60163918863,33963.71425071947,33963.71425071947,33810.60163918863,33810.60163918863,,,,36102,-1,-1,-1,-1,-1,41126.361008
2021-07-14,33275.5263934574,33275.5263934574,31550,32553.292499999996,36773.29978023475,36773.29978023475,34813.690318566434,34813.690318566434,33887.15794495405,33887.15794495405,33665.011446804296,33665.011446804296,33887.15794495405,33887.15794495405,33665.011446804296,33665.011446804296,,,,36102,-1,-1,-1,-1,-1,46777.823484
2021-07-15,32914.4094467287,33185.25,31133,32254.57,36773.29978023475,36773.29978023475,34813.690318566434,34813.690318566434,33776.08469587917,33776.08469587917,33482.11788279186,33482.11788279186,33776.08469587917,33776.08469587917,33482.11788279186,33482.11788279186,,,,36102,-1,-1,-1,-1,-1,51639.576353
2021-07-16,32584.48972336435,32584.48972336435,31020,31631.885,36773.29978023475,36773.29978023475,34813.690318566434,34813.690318566434,33629.101289335515,33629.101289335515,33261.042951042975,33261.042951042975,33629.101289335515,33629.101289335515,33261.042951042975,33261.042951042975,,,,36102,-1,-1,-1,-1,-1,48499.864154
2021-07-17,32108.187361682176,32108.187361682176,31164.31,31506.04,36773.29978023475,36773.29978023475,34813.690318566434,34813.690318566434,33445.072120189245,33445.072120189245,33021.042492208886,33021.042492208886,33445.072120189245,33445.072120189245,33021.042492208886,33021.042492208886,,,,36102,-1,-1,-1,-1,-1,34012.242132
2021-07-18,31807.11368084109,32435,31108.97,31710.65,35793.4950494006,35793.4950494006,34089.68716802828,34089.68716802828,33233.057306199065,33233.057306199065,32797.43258279754,32797.43258279754,33233.057306199065,33233.057306199065,32797.43258279754,32797.43258279754,,,,36102,-1,-1,-1,-1,-1,35923.716186
2021-07-19,31758.881840420545,31899,30407.44,31231.165,35793.4950494006,35793.4950494006,34089.68716802828,34089.68716802828,33015.24494449831,33015.24494449831,32562.120325277367,32562.120325277367,33015.24494449831,33015.24494449831,32562.120325277367,32562.120325277367,,,,36102,-1,-1,-1,-1,-1,47340.468499
2021-07-20,31495.023420210273,31495.023420210273,29278,30242.7675,35793.4950494006,35793.4950494006,34089.68716802828,34089.68716802828,32788.68263488784,32788.68263488784,32280.359783752643,32280.359783752643,32788.68263488784,32788.68263488784,32280.359783752643,32280.359783752643,,,,33187.25,-1,-1,-1,-1,-1,61034.049017
2021-07-21,30868.895460105137,32858,29482.61,31068.864999999998,35793.4950494006,35793.4950494006,34089.68716802828,34089.68716802828,32534.521209320243,32534.521209320243,32041.247782709874,32041.247782709874,32534.521209320243,32534.521209320243,32041.247782709874,32041.247782709874,,,,33187.25,-1,-1,-1,-1,-1,82796.265128
2021-07-22,30968.880230052568,32591.35,30968.880230052568,32182.9225,35793.4950494006,35793.4950494006,34089.68716802828,34089.68716802828,32287.88449601506,32287.88449601506,31897.374222873597,31897.374222873597,32287.88449601506,32287.88449601506,31897.374222873597,31897.374222873597,,,,33187.25,-1,-1,-1,-1,-1,46148.092433
2021-07-23,31575.901365026286,33650,31575.901365026286,32873.9975,35793.4950494006,35793.4950494006,34089.68716802828,34089.68716802828,32092.62935944433,32092.62935944433,31876.59552469574,31876.59552469574,32092.62935944433,32092.62935944433,31876.59552469574,31876.59552469574,,,,33187.25,-1,-1,-1,-1,-1,50112.863626
2021-07-24,32224.94943251314,34500,32224.94943251314,33948.345,35793.4950494006,35793.4950494006,34089.68716802828,34089.68716802828,31984.612442070036,31986.717949240367,31984.612442070036,31986.717949240367,31984.612442070036,31986.717949240367,31984.612442070036,31986.717949240367,,,33948.345,,1,1,-1,0,0,47977.550138
2021-07-25,33086.64721625657,35398,33086.64721625657,34722.9125,34941.59110871444,34941.59110871444,33464.83590010526,33464.83590010526,31985.6651956552,32223.60475037345,31985.6651956552,32223.60475037345,31985.6651956552,32223.60475037345,31985.6651956552,32223.60475037345,,,,,1,1,-1,0,0,47852.928313
2021-07-26,33904.779858128284,40550,33904.779858128284,37093.6,34941.59110871444,34941.59110871444,33464.83590010526,33464.83590010526,32104.634973014327,32702.123940119174,32104.634973014327,32702.123940119174,32104.634973014327,32702.123940119174,32104.634973014327,32702.123940119174,,,,,1,1,-1,0,0,152452.512724
2021-07-27,35499.189929064145,39542.61,35499.189929064145,38156.2025,34941.59110871444,34941.59110871444,33464.83590010526,33464.83590010526,32403.37945656675,33322.95948639277,32403.37945656675,33322.95948639277,32403.37945656675,33322.95948639277,32403.37945656675,33322.95948639277,,,,,1,1,-1,0,0,88397.267015
2021-07-28,36827.69621453207,40900,36827.69621453207,39787.042499999996,34941.59110871444,34941.59110871444,33464.83590010526,33464.83590010526,32863.169471479756,34080.47378539807,32863.169471479756,34080.47378539807,32863.169471479756,34080.47378539807,32863.169471479756,34080.47378539807,,,,,1,1,-1,0,0,101344.528441
2021-07-29,38307.369357266034,40640,38307.369357266034,39969.012500000004,34941.59110871444,34941.59110871444,33464.83590010526,33464.83590010526,33471.82162843891,34898.466148776984,33471.82162843891,34898.466148776984,33471.82162843891,34898.466148776984,33471.82162843891,34898.466148776984,,,,,1,1,-1,0,0,53998.439283
2021-07-30,39138.19092863302,42316.71,38313.23,40713.7,34941.59110871444,34941.59110871444,33464.83590010526,33464.83590010526,34185.14388860795,35744.3729479877,34185.14388860795,35744.3729479877,34185.14388860795,35744.3729479877,34185.14388860795,35744.3729479877,,,,,1,1,-1,0,0,73602.784805
2021-07-31,39925.94546431651,42448,39925.94546431651,41779.08500000001,34941.59110871444,34941.59110871444,33464.83590010526,33464.83590010526,34964.758418297824,36608.05132399008,34964.758418297824,36608.05132399008,34964.758418297824,36608.05132399008,34964.758418297824,36608.05132399008,,,,,1,1,-1,0,0,44849.791012
2021-08-01,40852.51523215826,42599,39422.01,40832.0725,34203.213504409854,34926.5809604386,34203.213504409854,34926.5809604386,35786.404871143954,37394.95439804004,35786.404871143954,37394.95439804004,35786.404871143954,37394.95439804004,35786.404871143954,37394.95439804004,,,,,1,1,1,1,0,53953.186326
2021-08-02,40842.293866079126,40842.293866079126,38690,39542.025,34203.213504409854,34926.5809604386,34203.213504409854,34926.5809604386,36590.679634591994,37991.88239126331,36590.679634591994,37991.88239126331,36590.679634591994,37991.88239126331,36590.679634591994,37991.88239126331,38690,,,32222.94943251314,1,1,1,1,1,50837.351954
2021-08-03,40192.15943303956,40192.15943303956,37642.03,38693.985,34203.213504409854,34926.5809604386,34203.213504409854,34926.5809604386,37291.281012927655,38376.06666145696,37291.281012927655,38376.06666145696,37291.281012927655,38376.06666145696,37291.281012927655,38376.06666145696,,,,32222.94943251314,1,1,1,1,1,57117.435853
2021-08-04,39443.07221651978,39969.66,37508.56,38852.11,34203.213504409854,34926.5809604386,34203.213504409854,34926.5809604386,37833.67383719231,38605.77788911827,37833.67383719231,38605.77788911827,37833.67383719231,38605.77788911827,37833.67383719231,38605.77788911827,,,,32222.94943251314,1,1,1,1,1,52329.35243
2021-08-05,39147.59110825989,41350,37332.7,39817.0825,34203.213504409854,34926.5809604386,34203.213504409854,34926.5809604386,38219.72586315529,38784.62672984436,38219.72586315529,38784.62672984436,38219.72586315529,38784.62672984436,38219.72586315529,38784.62672984436,,,,32222.94943251314,1,1,1,1,1,84343.755621
2021-08-06,39482.33680412994,43392.43,39482.33680412994,41736.405,34203.213504409854,34926.5809604386,34203.213504409854,34926.5809604386,38502.17629649983,39067.089559713924,38502.17629649983,39067.089559713924,38502.17629649983,39067.089559713924,38502.17629649983,39067.089559713924,,,,32222.94943251314,1,1,1,1,1,75753.941347
2021-08-07,40609.37090206497,44700,40609.37090206497,43638.955,34203.213504409854,34926.5809604386,34203.213504409854,34926.5809604386,38784.632928106876,39494.22418177026,38784.632928106876,39494.22418177026,38784.632928106876,39494.22418177026,38784.632928106876,39494.22418177026,,,,32222.94943251314,1,1,1,1,1,73396.740808
2021-08-08,42124.162951032486,45310,42124.162951032486,44234.4775,34564.89723242423,37180.64889646649,34564.89723242423,37180.64889646649,39139.42855493857,40045.01826484063,39139.42855493857,40045.01826484063,39139.42855493857,40045.01826484063,39139.42855493857,40045.01826484063,,,,32222.94943251314,1,1,1,1,1,69329.092698
2021-08-09,43179.32022551625,46454.15,42779,44820.2275,34564.89723242423,37180.64889646649,34564.89723242423,37180.64889646649,39592.2234098896,40681.00271841022,39592.2234098896,40681.00271841022,39592.2234098896,40681.00271841022,39592.2234098896,40681.00271841022,,,,32222.94943251314,1,1,1,1,1,74587.884845
2021-08-10,43999.77386275813,46700,43999.77386275813,45780.829999999994,34564.89723242423,37180.64889646649,34564.89723242423,37180.64889646649,40136.61306414991,41372.38139345104,40136.61306414991,41372.38139345104,40136.61306414991,41372.38139345104,40136.61306414991,41372.38139345104,,,,32222.94943251314,1,1,1,1,1,53814.643421
2021-08-11,44890.30193137906,46743.47,44890.30193137906,45795.1525,34564.89723242423,37180.64889646649,34564.89723242423,37180.64889646649,40754.49722880048,42069.0181260024,40754.49722880048,42069.0181260024,40754.49722880048,42069.0181260024,40754.49722880048,42069.0181260024,,,,32222.94943251314,1,1,1,1,1,52734.901977
2021-08-12,45342.72721568953,46218.12,43770,44974.4475,34564.89723242423,37180.64889646649,34564.89723242423,37180.64889646649,41411.75767740144,42661.431317008144,41411.75767740144,42661.431317008144,41411.75767740144,42661.431317008144,41411.75767740144,42661.431317008144,,,,32222.94943251314,1,1,1,1,1,55266.108781
2021-08-13,45158.587357844764,47886,44217.39,46075.8625,34564.89723242423,37180.64889646649,34564.89723242423,37180.64889646649,42036.594497204795,43219.93779702887,42036.594497204795,43219.93779702887,42036.594497204795,43219.93779702887,42036.594497204795,43219.93779702887,,,,32222.94943251314,1,1,1,1,1,48239.370431
2021-08-14,45617.224928922384,48144,45617.224928922384,47245.8825,34564.89723242423,37180.64889646649,34564.89723242423,37180.64889646649,42628.26614711683,43786.00929147697,42628.26614711683,43786.00929147697,42628.26614711683,43786.00929147697,42628.26614711683,43786.00929147697,,,,42777,1,1,1,1,1,46114.359022
2021-08-15,46431.55371446119,47372.27,45500,46728.6475,35872.773064445355,39902.291113466265,35872.773064445355,39902.291113466265,43207.1377192969,44292.14118996505,43207.1377192969,44292.14118996505,43207.1377192969,44292.14118996505,43207.1377192969,44292.14118996505,,,,42777,1,1,1,1,1,42110.711334
2021-08-16,46580.10060723059,48053.83,45660,46647.235,35872.773064445355,39902.291113466265,35872.773064445355,39902.291113466265,43749.639454630975,44745.50498364549,43749.639454630975,44745.50498364549,43749.639454630975,44745.50498364549,43749.639454630975,44745.50498364549,,,,42777,1,1,1,1,1,52480.574014
2021-08-17,46613.667803615295,47160,44376,45533.3125,35872.773064445355,39902.291113466265,35872.773064445355,39902.291113466265,44247.57221913824,45061.540540008216,44247.57221913824,45061.540540008216,44247.57221913824,45061.540540008216,44247.57221913824,45061.540540008216,,,,42777,1,1,1,1,1,57039.341629
2021-08-18,46073.49015180765,46073.49015180765,44203.28,44901.13,35872.773064445355,39902.291113466265,35872.773064445355,39902.291113466265,44654.55637957323,45231.36220283488,44654.55637957323,45231.36220283488,44654.55637957323,45231.36220283488,44654.55637957323,45231.36220283488,,,,42777,1,1,1,1,1,54099.415985
2021-08-19,45487.31007590382,47033,43927.7,45605.1725,35872.773064445355,39902.291113466265,35872.773064445355,39902.291113466265,44942.95929120405,45335.67306247763,44942.95929120405,45335.67306247763,44942.95929120405,45335.67306247763,44942.95929120405,45335.67306247763,,,,42777,1,1,1,1,1,53411.75392
2021-08-20,45546.24128795191,49382.99,45546.24128795191,48022.2675,35872.773064445355,39902.291113466265,35872.773064445355,39902.291113466265,45139.316176840846,45543.352526444105,45139.316176840846,45543.352526444105,45139.316176840846,45543.352526444105,45139.316176840846,45543.352526444105,,,,43925.7,1,1,1,1,1,56850.352228
2021-08-21,46784.254393975956,49757.04,46784.254393975956,49030.845,35872.773064445355,39902.291113466265,35872.773064445355,39902.291113466265,45341.33435164248,45866.558135899024,45341.33435164248,45866.558135899024,45341.33435164248,45866.558135899024,45341.33435164248,45866.558135899024,,,,43925.7,1,1,1,1,1,46745.136584
2021-08-22,47907.549696987975,49500,47907.549696987975,48902.775,37887.532088955806,42620.62600952768,37887.532088955806,42620.62600952768,45603.946243770755,46256.312794764206,45603.946243770755,46256.312794764206,45603.946243770755,46256.312794764206,45603.946243770755,46256.312794764206,,,,43925.7,1,1,1,1,1,37007.887795
2021-08-23,48405.16234849399,50500,48405.16234849399,49564.2675,37887.532088955806,42620.62600952768,37887.532088955806,42620.62600952768,45930.12951926748,46701.51699152198,45930.12951926748,46701.51699152198,45930.12951926748,46701.51699152198,45930.12951926748,46701.51699152198,,,,43925.7,1,1,1,1,1,52462.541954
2021-08-24,48984.714924247,49860,47600,48655.715000000004,37887.532088955806,42620.62600952768,37887.532088955806,42620.62600952768,46315.82325539473,47093.5981046347,46315.82325539473,47093.5981046347,46315.82325539473,47093.5981046347,46315.82325539473,47093.5981046347,,,,43925.7,1,1,1,1,1,51014.594748
2021-08-25,48820.2149621235,49264.3,47126.28,48259.4775,37887.532088955806,42620.62600952768,37887.532088955806,42620.62600952768,46704.710680014716,47389.8110695003,46704.710680014716,47389.8110695003,46704.710680014716,47389.8110695003,46704.710680014716,47389.8110695003,,,,45544.24128795191,1,1,1,1,1,44655.830342
2021-08-26,48539.84623106175,49352.84,46250,47855.0075,37887.532088955806,42620.62600952768,37887.532088955806,42620.62600952768,47047.26087475751,47582.231552061145,47047.26087475751,47582.231552061145,47047.26087475751,47582.231552061145,47047.26087475751,47582.231552061145,,,,46248,1,1,1,1,1,49371.277774
2021-08-27,48197.42686553087,49149.93,46348,47852.9225,37887.532088955806,42620.62600952768,37887.532088955806,42620.62600952768,47314.74621340933,47699.12451408479,47314.74621340933,47699.12451408479,47314.74621340933,47699.12451408479,47314.74621340933,47699.12451408479,,,,46248,1,1,1,1,1,42068.104965
2021-08-28,48025.174682765435,49299,48025.174682765435,48902.7825,37887.532088955806,42620.62600952768,37887.532088955806,42620.62600952768,47506.93536374706,47830.46642545564,47506.93536374706,47830.46642545564,47506.93536374706,47830.46642545564,47506.93536374706,47830.46642545564,,,,46248,1,1,1,1,1,26681.063786
2021-08-29,48463.97859138272,49632.27,47762.54,48764.4975,40254.079049241736,44949.52201048987,40254.079049241736,44949.52201048987,47668.70089460135,47965.12421497449,47668.70089460135,47965.12421497449,47668.70089460135,47965.12421497449,47668.70089460135,47965.12421497449,,,,46248,1,1,1,1,1,32652.283473
2021-08-30,48614.23804569136,48888.61,46853,47873.090000000004,40254.079049241736,44949.52201048987,40254.079049241736,44949.52201048987,47816.912554787916,48036.152098656465,47816.912554787916,48036.152098656465,47816.912554787916,48036.152098656465,47816.912554787916,48036.152098656465,,,,46248,1,1,1,1,1,40288.35083
2021-08-31,48243.66402284568,48246.11,46700,47257.47750000001,40254.079049241736,44949.52201048987,40254.079049241736,44949.52201048987,47926.53232672219,48031.57940277961,47926.53232672219,48031.57940277961,47926.53232672219,48031.57940277961,47926.53232672219,48031.57940277961,,,,46248,1,1,1,1,1,48645.52737
2021-09-01,47750.570761422845,49156,46512,47894.8525,40254.079049241736,44949.52201048987,40254.079049241736,44949.52201048987,47979.0558647509,48011.38115915495,47979.0558647509,48011.38115915495,47979.0558647509,48011.38115915495,47979.0558647509,48011.38115915495,,,,46346,1,1,1,1,1,49904.65528
2021-09-02,47822.71163071142,50450.13,47822.71163071142,49272.83500000001,40254.079049241736,44949.52201048987,40254.079049241736,44949.52201048987,47995.21851195293,48075.796726014625,47995.21851195293,48075.796726014625,47995.21851195293,48075.796726014625,47995.21851195293,48075.796726014625,,,,46510,1,1,1,1,1,54410.770538
2021-09-03,48547.77331535571,51000,48316.84,49640.6525,40254.079049241736,44949.52201048987,40254.079049241736,44949.52201048987,48035.50761898378,48221.459077466854,48035.50761898378,48221.459077466854,48035.50761898378,48221.459077466854,48035.50761898378,48221.459077466854,,,,46510,1,1,1,1,1,59025.644157
2021-09-04,49094.21290767785,50535.69,49094.21290767785,49954.832500000004,40254.079049241736,44949.52201048987,40254.079049241736,44949.52201048987,48128.483348225316,48418.17066382208,48128.483348225316,48418.17066382208,48128.483348225316,48418.17066382208,48128.483348225316,48418.17066382208,,,,46510,1,1,1,1,1,34664.65959
2021-09-05,49524.52270383893,51900,49450,50756.105,42601.8005298658,46883.45110734319,42601.8005298658,46883.45110734319,48273.3270060237,48686.81262742231,48273.3270060237,48686.81262742231,48273.3270060237,48686.81262742231,48273.3270060237,48686.81262742231,,,,46510,1,1,1,1,1,40544.835873
2021-09-06,50140.31385191946,52780,50140.31385191946,52042.527500000004,42601.8005298658,46883.45110734319,42601.8005298658,46883.45110734319,48480.069816723,49042.310092527965,48480.069816723,49042.310092527965,48480.069816723,49042.310092527965,48480.069816723,49042.310092527965,,,,46510,1,1,1,1,1,49249.667081
2021-09-07,51091.42067595973,52920,42843.05,48823.245,42601.8005298658,46883.45110734319,42601.8005298658,46883.45110734319,48761.18995462548,49197.286138596115,48761.18995462548,49197.286138596115,48761.18995462548,49197.286138596115,48761.18995462548,49197.286138596115,,,,46510,1,1,1,1,1,123048.802719
2021-09-08,49957.33283797986,49957.33283797986,44412.02,46167.472499999996,42601.8005298658,46883.45110734319,42601.8005298658,46883.45110734319,48979.23804661079,49129.7197072407,48979.23804661079,49129.7197072407,48979.23804661079,49129.7197072407,48979.23804661079,49129.7197072407,,,46167.472499999996,,1,1,1,1,0,65069.3152
2021-09-09,48062.40266898993,48062.40266898993,45513.08,46339.125,42601.8005298658,46883.45110734319,42601.8005298658,46883.45110734319,49054.47887692574,49054.47887692574,48908.36940614189,48908.36940614189,49054.47887692574,49054.47887692574,48908.36940614189,48908.36940614189,,,,,-1,-1,1,0,0,50651.66002
2021-09-10,47200.76383449497,47200.76383449497,44132.29,45602.835,42601.8005298658,46883.45110734319,42601.8005298658,46883.45110734319,48981.42414153381,48981.42414153381,48549.587599949606,48549.587599949606,48981.42414153381,48981.42414153381,48549.587599949606,48549.587599949606,,,,,-1,-1,1,0,0,49048.26618
2021-09-11,46401.79941724749,46401.79941724749,44722.22,45181.51,42601.8005298658,46883.45110734319,42601.8005298658,46883.45110734319,48765.505870741705,48765.505870741705,48126.800055608684,48126.800055608684,48765.505870741705,48765.505870741705,48126.800055608684,48126.800055608684,,,,,-1,-1,1,0,0,30440.4081
2021-09-12,45791.65470862374,46460,44742.06,45600.244999999995,44742.6258186045,47636.867121100884,44742.6258186045,47636.867121100884,48446.15296317519,48446.15296317519,47709.20496794268,47709.20496794268,48446.15296317519,48446.15296317519,47709.20496794268,47709.20496794268,,,,,-1,-1,1,0,0,32094.28052
2021-09-13,45695.94985431187,46880,43370,45303.990000000005,44742.6258186045,47636.867121100884,44742.6258186045,47636.867121100884,48077.67896555893,48077.67896555893,47301.285482199455,47301.285482199455,48077.67896555893,48077.67896555893,47301.285482199455,47301.285482199455,,,,,-1,-1,1,0,0,65429.15056
2021-09-14,45499.96992715594,47250,44594.44,45974.17,44742.6258186045,47636.867121100884,44742.6258186045,47636.867121100884,47689.48222387919,47689.48222387919,46980.11056659391,46980.11056659391,47689.48222387919,47689.48222387919,46980.11056659391,46980.11056659391,,,,,-1,-1,1,0,0,44855.85099
2021-09-15,45737.06996357797,48500,45737.06996357797,47601.7525,44742.6258186045,47636.867121100884,44742.6258186045,47636.867121100884,47334.796395236546,47334.796395236546,46822.57227621755,46822.57227621755,47334.796395236546,47334.796395236546,46822.57227621755,46822.57227621755,,,,,-1,-1,1,0,0,43204.71174
2021-09-16,46669.41123178898,48557,46669.41123178898,47859.33,44742.6258186045,47636.867121100884,44742.6258186045,47636.867121100884,47078.68433572705,47078.68433572705,46803.82914867987,46803.82914867987,47078.68433572705,47078.68433572705,46803.82914867987,46803.82914867987,,,,,-1,-1,1,0,0,40725.08895
2021-09-17,47264.37061589449,48150,46699.56,47471.8375,44742.6258186045,47636.867121100884,44742.6258186045,47636.867121100884,46941.256742203455,46941.256742203455,46847.7590562995,46847.7590562995,46941.256742203455,46941.256742203455,46847.7590562995,46847.7590562995,,,,,-1,-1,1,0,0,34461.92776
2021-09-18,47368.10405794725,48843.2,47035.56,47867.869999999995,44742.6258186045,47636.867121100884,44742.6258186045,47636.867121100884,46894.50789925148,46951.00852058309,46894.50789925148,46951.00852058309,46894.50789925148,46951.00852058309,46894.50789925148,46951.00852058309,,,,,1,1,1,1,0,30906.47038
2021-09-19,47617.98702897362,48372.83,46829.18,47684.1275,46189.7464698527,47314.4201497146,46189.7464698527,47314.4201497146,46922.75820991729,47059.1936138408,46922.75820991729,47059.1936138408,46922.75820991729,47059.1936138408,46922.75820991729,47059.1936138408,46829.18,,,43368,1,1,1,1,1,29847.24349
2021-09-20,47651.05726448681,47651.05726448681,42500,45026.155,46189.7464698527,47314.4201497146,46189.7464698527,47314.4201497146,46990.97591187904,46990.97591187904,46989.49099233018,46989.49099233018,46990.97591187904,46990.97591187904,46989.49099233018,46989.49099233018,,,45026.155,,-1,-1,1,0,0,78003.524443
2021-09-21,46338.6061322434,46338.6061322434,39600,41747.505,46189.7464698527,47314.4201497146,46189.7464698527,47314.4201497146,46990.23345210461,46990.23345210461,46647.335397740026,46647.335397740026,46990.23345210461,46990.23345210461,46647.335397740026,46647.335397740026,,,,,-1,-1,1,0,0,84534.080485
2021-09-22,44043.0555661217,44043.0555661217,40565.39,42210.91,46189.7464698527,47314.4201497146,46189.7464698527,47314.4201497146,46818.78442492231,46818.78442492231,46138.17544340425,46138.17544340425,46818.78442492231,46818.78442492231,46138.17544340425,46138.17544340425,,,,,-1,-1,1,0,0,58349.05542
2021-09-23,43126.982783060856,44978,43069.09,44114.68,46189.7464698527,47314.4201497146,46189.7464698527,47314.4201497146,46478.479934163275,46478.479934163275,45694.70193159075,45694.70193159075,46478.479934163275,46478.479934163275,45694.70193159075,45694.70193159075,,,,,-1,-1,1,0,0,48699.57655
2021-09-24,43620.83139153043,45200,40675,43387.707500000004,46189.7464698527,47314.4201497146,46189.7464698527,47314.4201497146,46086.59093287701,46086.59093287701,45267.85276308151,45267.85276308151,46086.59093287701,46086.59093287701,45267.85276308151,45267.85276308151,,,,,-1,-1,1,0,0,84113.426292
2021-09-25,43504.26944576522,43504.26944576522,41646.28,42523.585,46189.7464698527,47314.4201497146,46189.7464698527,47314.4201497146,45677.22184797925,45677.22184797925,44848.81188087062,44848.81188087062,45677.22184797925,45677.22184797925,44848.81188087062,44848.81188087062,,,,,-1,-1,1,0,0,33594.57189
2021-09-26,43013.92722288261,43950,40750,42632.8825,46752.08330978365,46752.08330978365,46097.088182363485,46097.088182363485,45263.016864424935,45263.016864424935,44452.18307360332,44452.18307360332,45263.016864424935,45263.016864424935,44452.18307360332,44452.18307360332,,,,,-1,-1,-1,-1,0,49879.99765
2021-09-27,42823.404861441304,44350,42098,42939.0625,46752.08330978365,46752.08330978365,46097.088182363485,46097.088182363485,44857.599969014125,44857.599969014125,44142.68374281254,44142.68374281254,44857.599969014125,44857.599969014125,44142.68374281254,44142.68374281254,,44350,,48845.2,-1,-1,-1,-1,-1,39776.84383
2021-09-28,42881.23368072065,42881.23368072065,40888,41712.3175,46752.08330978365,46752.08330978365,46097.088182363485,46097.088182363485,44500.14185591333,44500.14185591333,43815.851830447755,43815.851830447755,44500.14185591333,44500.14185591333,43815.851830447755,43815.851830447755,,,,48845.2,-1,-1,-1,-1,-1,43372.2624
2021-09-29,42296.775590360325,42590,40753.88,41473.2925,46752.08330978365,46752.08330978365,46097.088182363485,46097.088182363485,44157.99684318054,44157.99684318054,43482.231177312395,43482.231177312395,44157.99684318054,44157.99684318054,43482.231177312395,43482.231177312395,,,,48845.2,-1,-1,-1,-1,-1,33511.53487
2021-09-30,41885.03404518016,44141.37,41410.17,42724.9825,46752.08330978365,46752.08330978365,46097.088182363485,46097.088182363485,43820.11401024646,43820.11401024646,43242.82224664769,43242.82224664769,43820.11401024646,43820.11401024646,43242.82224664769,43242.82224664769,,,,48845.2,-1,-1,-1,-1,-1,46381.22781
2021-10-01,42305.00827259008,48495,42305.00827259008,45934.912500000006,46752.08330978365,46752.08330978365,46097.088182363485,46097.088182363485,43531.46812844707,43531.46812844707,43265.956746972806,43265.956746972806,43531.46812844707,43531.46812844707,43265.956746972806,43265.956746972806,,,,48845.2,-1,-1,-1,-1,-1,66244.87492
2021-10-02,44119.960386295046,48336.59,44119.960386295046,47885.8175,46752.08330978365,46752.08330978365,46097.088182363485,46097.088182363485,43398.71243770994,43530.05287567339,43398.71243770994,43530.05287567339,43398.71243770994,43530.05287567339,43398.71243770994,43530.05287567339,,,47885.8175,,1,1,-1,0,0,30508.98131
2021-10-03,46002.888943147525,49228.08,46002.888943147525,48037.745,46424.58574607357,46424.58574607357,45602.69237516763,45602.69237516763,43464.38265669167,43989.995322035924,43464.38265669167,43989.995322035924,43464.38265669167,43989.995322035924,43464.38265669167,43989.995322035924,,,,,1,1,-1,0,0,30825.05601
2021-10-04,47020.31697157376,49536.12,46891,48463.0175,46424.58574607357,46424.58574607357,45602.69237516763,45602.69237516763,43727.1889893638,44559.09008997022,43727.1889893638,44559.09008997022,43727.1889893638,44559.09008997022,43727.1889893638,44559.09008997022,,,,,1,1,-1,0,0,46796.49372
2021-10-05,47741.66723578688,51886.3,47741.66723578688,50401.405,46424.58574607357,46424.58574607357,45602.69237516763,45602.69237516763,44143.13953966701,45258.771628599396,44143.13953966701,45258.771628599396,44143.13953966701,45258.771628599396,44143.13953966701,45258.771628599396,,,,,1,1,-1,0,0,52125.66793
2021-10-06,49071.53611789344,55750,49071.53611789344,53229.85,46424.58574607357,46424.58574607357,45602.69237516763,45602.69237516763,44700.955584133204,46165.01936265722,44700.955584133204,46165.01936265722,44700.955584133204,46165.01936265722,44700.955584133204,46165.01936265722,,,,,1,1,-1,0,0,79877.545181
2021-10-07,51150.69305894672,55332.31,51150.69305894672,54447.3825,46424.58574607357,46424.58574607357,45602.69237516763,45602.69237516763,45432.98747339521,47197.290553378974,45432.98747339521,47197.290553378974,45432.98747339521,47197.290553378974,45432.98747339521,47197.290553378974,,,,,1,1,-1,0,0,54917.37766
2021-10-08,52799.037779473365,56100,52799.037779473365,54363.565,46424.58574607357,46424.58574607357,45602.69237516763,45602.69237516763,46315.13901338709,48285.07218339203,46315.13901338709,48285.07218339203,46315.13901338709,48285.07218339203,46315.13901338709,48285.07218339203,,,,,1,1,-1,0,0,46160.25785
2021-10-09,53581.30138973668,55489,53581.30138973668,54514.015,46424.58574607357,46424.58574607357,45602.69237516763,45602.69237516763,47300.10559838956,49326.59981175158,47300.10559838956,49326.59981175158,47300.10559838956,49326.59981175158,47300.10559838956,49326.59981175158,,,,,1,1,-1,0,0,55177.08013
2021-10-10,54047.658194868345,56561.31,54047.658194868345,55062.5075,46013.6390606206,47425.818722298296,46013.6390606206,47425.818722298296,48313.35270507057,50310.70680815782,48313.35270507057,50310.70680815782,48313.35270507057,50310.70680815782,48313.35270507057,50310.70680815782,,,,,1,1,1,1,0,89237.836128
2021-10-11,54555.08284743417,57839.04,54415.06,56096.115,46013.6390606206,47425.818722298296,46013.6390606206,47425.818722298296,49312.02975661419,51251.34497569857,49312.02975661419,51251.34497569857,49312.02975661419,51251.34497569857,49312.02975661419,51251.34497569857,54415.06,,,44117.960386295046,1,1,1,1,1,52933.165751
2021-10-12,55325.59892371709,57680,53879,56256.82,46013.6390606206,47425.818722298296,46013.6390606206,47425.818722298296,50281.68736615638,52093.332543238095,50281.68736615638,52093.332543238095,50281.68736615638,52093.332543238095,50281.68736615638,52093.332543238095,,,,44117.960386295046,1,1,1,1,1,53471.2855
2021-10-13,55791.20946185854,57777,54167.19,56327.025,46013.6390606206,47425.818722298296,46013.6390606206,47425.818722298296,51187.50995469724,52834.90661451001,51187.50995469724,52834.90661451001,51187.50995469724,52834.90661451001,51187.50995469724,52834.90661451001,,,,44117.960386295046,1,1,1,1,1,55808.44492
2021-10-14,56059.117230929274,58532.54,56059.117230929274,57517.34,46013.6390606206,47425.818722298296,46013.6390606206,47425.818722298296,52011.20828460363,53554.94091452176,52011.20828460363,53554.94091452176,52011.20828460363,53554.94091452176,52011.20828460363,53554.94091452176,,,,44117.960386295046,1,1,1,1,1,43053.336781
2021-10-15,56788.228615464635,62933,56788.228615464635,59700.84,46013.6390606206,47425.818722298296,46013.6390606206,47425.818722298296,52783.07459956269,54379.635445034844,52783.07459956269,54379.635445034844,52783.07459956269,54379.635445034844,52783.07459956269,54379.635445034844,,,,44117.960386295046,1,1,1,1,1,82512.908022
2021-10-16,58244.53430773232,62378.42,58244.53430773232,61269.1025,46013.6390606206,47425.818722298296,46013.6390606206,47425.818722298296,53581.35502229877,55267.1162111704,53581.35502229877,55267.1162111704,53581.35502229877,55267.1162111704,53581.35502229877,55267.1162111704,,,,44117.960386295046,1,1,1,1,1,35467.88096
2021-10-17,59756.81840386616,61718.39,58963,60771.322499999995,46719.72889145945,50811.107352738145,46719.72889145945,50811.107352738145,54424.235616734586,56128.85314779332,54424.235616734586,56128.85314779332,54424.235616734586,56128.85314779332,54424.235616734586,56128.85314779332,,,,44117.960386295046,1,1,1,1,1,39099.24124
2021-10-18,60264.070451933076,62695.78,59844.45,61519.597499999996,46719.72889145945,50811.107352738145,46719.72889145945,50811.107352738145,55276.54438226395,56971.18561512312,55276.54438226395,56971.18561512312,55276.54438226395,56971.18561512312,55276.54438226395,56971.18561512312,,,,44117.960386295046,1,1,1,1,1,51798.44844
2021-10-19,60891.83397596654,64486,60891.83397596654,63023.6025,46719.72889145945,50811.107352738145,46719.72889145945,50811.107352738145,56123.864998693534,57840.019166353486,56123.864998693534,57840.019166353486,56123.864998693534,57840.019166353486,56123.864998693534,57840.019166353486,,,,44117.960386295046,1,1,1,1,1,53628.107744
2021-10-20,61957.71823798327,67000,61957.71823798327,65190.85,46719.72889145945,50811.107352738145,46719.72889145945,50811.107352738145,56981.94208252351,58795.39059716216,56981.94208252351,58795.39059716216,56981.94208252351,58795.39059716216,56981.94208252351,58795.39059716216,,,,44117.960386295046,1,1,1,1,1,51428.934856
2021-10-21,63574.284118991636,66639.74,62000,64208.5725,46719.72889145945,50811.107352738145,46719.72889145945,50811.107352738145,57888.66633984283,59713.25358110272,57888.66633984283,59713.25358110272,57888.66633984283,59713.25358110272,57888.66633984283,59713.25358110272,,,,44117.960386295046,1,1,1,1,1,68538.64537
2021-10-22,63891.42830949582,63891.42830949582,60000,61653.44,46719.72889145945,50811.107352738145,46719.72889145945,50811.107352738145,58800.95996047277,60376.77369126566,58800.95996047277,60376.77369126566,58800.95996047277,60376.77369126566,58800.95996047277,60376.77369126566,,,,44117.960386295046,1,1,1,1,1,52119.35886
2021-10-23,62772.43415474791,62772.43415474791,59562.15,60821.1925,46719.72889145945,50811.107352738145,46719.72889145945,50811.107352738145,59588.86682586921,60784.66343255133,59588.86682586921,60784.66343255133,59588.86682586921,60784.66343255133,59588.86682586921,60784.66343255133,,,,44117.960386295046,1,1,1,1,1,27617.30936
2021-10-24,61796.81332737395,61796.81332737395,59510.63,60787.4,48765.418122098796,54832.87872246013,48765.418122098796,54832.87872246013,60186.76512921027,60991.74537680781,60186.76512921027,60991.74537680781,60186.76512921027,60991.74537680781,60186.76512921027,60991.74537680781,,,,44117.960386295046,1,1,1,1,1,31226.57676
2021-10-25,61292.10666368698,63710.63,60650,62072.9075,48765.418122098796,54832.87872246013,48765.418122098796,54832.87872246013,60589.25525300903,61171.909454270964,60589.25525300903,61171.909454270964,60589.25525300903,61171.909454270964,60589.25525300903,61171.909454270964,,,,44117.960386295046,1,1,1,1,1,36853.83806
2021-10-26,61682.50708184349,63293.48,59817.55,61629.655,48765.418122098796,54832.87872246013,48765.418122098796,54832.87872246013,60880.58235363999,61294.55389630398,60880.58235363999,61294.55389630398,60880.58235363999,61294.55389630398,60880.58235363999,61294.55389630398,,,,44117.960386295046,1,1,1,1,1,40217.50083
2021-10-27,61656.081040921745,61656.081040921745,58000,59559.5625,48765.418122098796,54832.87872246013,48765.418122098796,54832.87872246013,61087.56812497198,61256.088169177776,61087.56812497198,61256.088169177776,61087.56812497198,61256.088169177776,61087.56812497198,61256.088169177776,,,,44117.960386295046,1,1,1,1,1,62124.49016
2021-10-28,60607.82177046087,62499,57820,59827.082500000004,48765.418122098796,54832.87872246013,48765.418122098796,54832.87872246013,61171.82814707488,61171.82814707488,61143.23864304666,61143.23864304666,61171.82814707488,61171.82814707488,61143.23864304666,61143.23864304666,,,59827.082500000004,,-1,-1,1,0,0,61056.35301
2021-10-29,60217.45213523044,62980,60174.81,61496.104999999996,48765.418122098796,54832.87872246013,48765.418122098796,54832.87872246013,61157.53339506077,61157.53339506077,61097.14025447533,61097.14025447533,61157.53339506077,61157.53339506077,61097.14025447533,61097.14025447533,,,,,-1,-1,1,0,0,43973.90414
2021-10-30,60856.77856761521,62359.25,60673,61786.285,48765.418122098796,54832.87872246013,48765.418122098796,54832.87872246013,61127.33682476805,61127.33682476805,61104.222174246795,61104.222174246795,61127.33682476805,61127.33682476805,61104.222174246795,61104.222174246795,,,,,-1,-1,1,0,0,31478.12566
2021-10-31,61321.53178380761,62405.3,59945.36,61377.412500000006,51799.14842227946,57606.266142892,51799.14842227946,57606.266142892,61115.77949950742,61121.58741651393,61115.77949950742,61121.58741651393,61115.77949950742,61121.58741651393,61115.77949950742,61121.58741651393,,,,,1,1,1,1,0,39267.63794
2021-11-01,61349.47214190381,62437.74,59405,61013.41499999999,51799.14842227946,57606.266142892,51799.14842227946,57606.266142892,61118.68345801068,61123.45291792411,61118.68345801068,61123.45291792411,61118.68345801068,61123.45291792411,61118.68345801068,61123.45291792411,59405,,,57818,1,1,1,1,1,44687.66672
2021-11-02,61181.4435709519,64270,60624.68,62256.447499999995,51799.14842227946,57606.266142892,51799.14842227946,57606.266142892,61121.068187967394,61209.62924967676,61121.068187967394,61209.62924967676,61121.068187967394,61209.62924967676,61121.068187967394,61209.62924967676,,,,57818,1,1,1,1,1,46368.2841
2021-11-03,61718.94553547595,63500,60382.76,62499.95250000001,51799.14842227946,57606.266142892,51799.14842227946,57606.266142892,61165.348718822075,61322.35911642286,61165.348718822075,61322.35911642286,61165.348718822075,61322.35911642286,61165.348718822075,61322.35911642286,,,,57818,1,1,1,1,1,43336.09049
2021-11-04,62109.44901773798,63086.31,60677.01,62013.705,51799.14842227946,57606.266142892,51799.14842227946,57606.266142892,61243.853917622466,61432.67833317207,61243.853917622466,61432.67833317207,61243.853917622466,61432.67833317207,61243.853917622466,61432.67833317207,,,,57818,1,1,1,1,1,35930.93314
2021-11-05,62061.57700886899,62595.72,60721,61412.2125,51799.14842227946,57606.266142892,51799.14842227946,57606.266142892,61338.26612539727,61507.711660459056,61338.26612539727,61507.711660459056,61338.26612539727,61507.711660459056,61338.26612539727,61507.711660459056,,,,57818,1,1,1,1,1,31604.48749
2021-11-06,61736.8947544345,61736.8947544345,60050,61005.31999999999,51799.14842227946,57606.266142892,51799.14842227946,57606.266142892,61422.988892928166,61509.35527690482,61422.988892928166,61509.35527690482,61422.988892928166,61509.35527690482,61422.988892928166,61509.35527690482,,,,57818,1,1,1,1,1,25590.57408
2021-11-07,61371.107377217246,63286.35,61322.78,62338.335,54702.707282585725,59541.88328187716,54702.707282585725,59541.88328187716,61466.17208491649,61560.81454834835,61466.17208491649,61560.81454834835,61466.17208491649,61560.81454834835,61466.17208491649,61560.81454834835,,,,57818,1,1,1,1,1,25515.6883
2021-11-08,61854.72118860862,67789,61854.72118860862,65465.4975,54702.707282585725,59541.88328187716,54702.707282585725,59541.88328187716,61513.493316632426,61823.06624577365,61513.493316632426,61823.06624577365,61513.493316632426,61823.06624577365,61513.493316632426,61823.06624577365,,,,61013.41499999999,1,1,1,1,1,54442.089684
2021-11-09,63660.10934430431,68524.25,63660.10934430431,67305.0325,54702.707282585725,59541.88328187716,54702.707282585725,59541.88328187716,61668.27978120303,62297.833398027986,61668.27978120303,62297.833398027986,61668.27978120303,62297.833398027986,61668.27978120303,62297.833398027986,,,,61013.41499999999,1,1,1,1,1,44661.378068
2021-11-10,65482.570922152154,69000,62822.9,65913.25,54702.707282585725,59541.88328187716,54702.707282585725,59541.88328187716,61983.05658961551,62831.11112085868,61983.05658961551,62831.11112085868,61983.05658961551,62831.11112085868,61983.05658961551,62831.11112085868,,,,61013.41499999999,1,1,1,1,1,65171.504046
2021-11-11,65697.91046107607,65697.91046107607,64100,64839.1875,54702.707282585725,59541.88328187716,54702.707282585725,59541.88328187716,62407.08385523709,63280.20881237339,62407.08385523709,63280.20881237339,62407.08385523709,63280.20881237339,62407.08385523709,63280.20881237339,,,,61013.41499999999,1,1,1,1,1,37237.98058
2021-11-12,65268.548980538035,65450.7,62278,64156.295000000006,54702.707282585725,59541.88328187716,54702.707282585725,59541.88328187716,62843.64633380524,63579.40348465902,62843.64633380524,63579.40348465902,62843.64633380524,63579.40348465902,62843.64633380524,63579.40348465902,,,,61013.41499999999,1,1,1,1,1,44490.10816
2021-11-13,64712.421990269024,65000,63360.22,64215.61,54702.707282585725,59541.88328187716,54702.707282585725,59541.88328187716,63211.52490923213,63785.04184398416,63211.52490923213,63785.04184398416,63211.52490923213,63785.04184398416,63211.52490923213,63785.04184398416,,,,61852.72118860862,1,1,1,1,1,22504.97383
2021-11-14,64464.01599513451,65550.51,63576.27,64756.472499999996,57122.29528223144,61677.2076943747,57122.29528223144,61677.2076943747,63498.283376608146,63952.275325429175,63498.283376608146,63952.275325429175,63498.283376608146,63952.275325429175,63498.283376608146,63952.275325429175,,,,62276,1,1,1,1,1,25705.07347
2021-11-15,64610.24424756726,66401.82,63400,64731.917499999996,57122.29528223144,61677.2076943747,57122.29528223144,61677.2076943747,63725.27935101866,64104.42607112242,63725.27935101866,64104.42607112242,63725.27935101866,64104.42607112242,63725.27935101866,64104.42607112242,,,,62276,1,1,1,1,1,37829.37124
2021-11-16,64671.08087378363,64671.08087378363,58574.07,61464.245,57122.29528223144,61677.2076943747,57122.29528223144,61677.2076943747,63914.85271107054,64019.0469182921,63914.85271107054,64019.0469182921,63914.85271107054,64019.0469182921,63914.85271107054,64019.0469182921,,,61464.245,,1,1,1,1,0,77455.15609
2021-11-17,63067.662936891815,63067.662936891815,58373,59904.2425,57122.29528223144,61677.2076943747,57122.29528223144,61677.2076943747,63966.94981468132,63966.94981468132,63720.011773651626,63720.011773651626,63966.94981468132,63966.94981468132,63720.011773651626,63720.011773651626,,,,,-1,-1,1,0,0,46289.38491
2021-11-18,61485.95271844591,61485.95271844591,56474.26,58671.685,57122.29528223144,61677.2076943747,57122.29528223144,61677.2076943747,63843.48079416647,63843.48079416647,63207.96878042574,63207.96878042574,63843.48079416647,63843.48079416647,63207.96878042574,63207.96878042574,,,,,-1,-1,1,0,0,62146.99931
2021-11-19,60078.818859222956,60078.818859222956,55600,57215.965,57122.29528223144,61677.2076943747,57122.29528223144,61677.2076943747,63525.7247872961,63525.7247872961,62527.7204412924,62527.7204412924,63525.7247872961,63525.7247872961,62527.7204412924,62527.7204412924,,,,,-1,-1,1,0,0,50715.88726
2021-11-20,58647.39192961148,59845,57353,58740.652500000004,57122.29528223144,61677.2076943747,57122.29528223144,61677.2076943747,63026.722614294245,63026.722614294245,61865.27483112888,61865.27483112888,63026.722614294245,63026.722614294245,61865.27483112888,61865.27483112888,,,,,-1,-1,1,0,0,33811.5901
2021-11-21,58694.02221480574,60029.76,58486.65,59211.487499999996,59399.75148830307,61880.64408995793,59399.75148830307,61880.64408995793,62445.998722711556,62445.998722711556,61310.81844394791,61310.81844394791,62445.998722711556,62445.998722711556,61310.81844394791,61310.81844394791,,,,,-1,-1,1,0,0,31902.22785
2021-11-22,58952.75485740286,59444,55610,57479.72,59399.75148830307,61880.64408995793,59399.75148830307,61880.64408995793,61878.40858332973,61878.40858332973,60746.36548729926,60746.36548729926,61878.40858332973,61878.40858332973,60746.36548729926,60746.36548729926,,,,,-1,-1,1,0,0,51724.32047
2021-11-23,58216.23742870143,58216.23742870143,55317,56778.0225,59399.75148830307,61880.64408995793,59399.75148830307,61880.64408995793,61312.38703531449,61312.38703531449,60161.66600549002,60161.66600549002,61312.38703531449,61312.38703531449,60161.66600549002,60161.66600549002,,,,,-1,-1,1,0,0,49917.85017
2021-11-24,57497.129964350715,57735,55837,57062.887500000004,59399.75148830307,61880.64408995793,59399.75148830307,61880.64408995793,60737.02652040225,60737.02652040225,59610.70299047661,59610.70299047661,60737.02652040225,60737.02652040225,59610.70299047661,59610.70299047661,,,,,-1,-1,1,0,0,39612.04964
2021-11-25,57280.00873217536,59398.9,57000,58124.3875,59399.75148830307,61880.64408995793,59399.75148830307,61880.64408995793,60173.86475543943,60173.86475543943,59206.04212280966,59206.04212280966,60173.86475543943,60173.86475543943,59206.04212280966,59206.04212280966,,,,,-1,-1,1,0,0,42153.51522
2021-11-26,57702.198116087675,59150,53500,56334.225,59399.75148830307,61880.64408995793,59399.75148830307,61880.64408995793,59689.95343912454,59689.95343912454,58791.91715400617,58791.91715400617,59689.95343912454,59689.95343912454,58791.91715400617,58791.91715400617,,,,,-1,-1,1,0,0,65927.87066
2021-11-27,57018.21155804384,57018.21155804384,53610,54333.6875,59399.75148830307,61880.64408995793,59399.75148830307,61880.64408995793,59240.93529656535,59240.93529656535,58305.60199078817,58305.60199078817,59240.93529656535,59240.93529656535,58305.60199078817,58305.60199078817,,,,,-1,-1,1,0,0,29716.99957
2021-11-28,55675.94952902192,57445.05,53256.64,55673.26,60640.1977891305,60640.1977891305,60490.46841895814,60490.46841895814,58773.26864367676,58773.26864367676,57830.39917163909,57830.39917163909,58773.26864367676,58773.26864367676,57830.39917163909,57830.39917163909,,,,,-1,-1,-1,-1,0,36163.7137
2021-11-29,55674.604764510965,58865.97,55674.604764510965,57645.945,60640.1977891305,60640.1977891305,60490.46841895814,60490.46841895814,58301.83390765792,58301.83390765792,57531.738474757636,57531.738474757636,58301.83390765792,58301.83390765792,57531.738474757636,57531.738474757636,,58865.97,,60031.76,-1,-1,-1,-1,-1,40125.28009
2021-11-30,56660.274882255486,59176.99,55875.55,57444.837499999994,60640.1977891305,60640.1977891305,60490.46841895814,60490.46841895814,57916.78619120778,57916.78619120778,57370.82344917351,57370.82344917351,57916.78619120778,57916.78619120778,57370.82344917351,57370.82344917351,,,,60031.76,-1,-1,-1,-1,-1,49161.05194
2021-12-01,57052.55619112774,59053.55,56458.01,57411.5475,60640.1977891305,60640.1977891305,60490.46841895814,60490.46841895814,57643.80482019064,57643.80482019064,57306.67132377723,57306.67132377723,57643.80482019064,57643.80482019064,57306.67132377723,57306.67132377723,,,,60031.76,-1,-1,-1,-1,-1,44956.63656
2021-12-02,57232.05184556387,57375.47,55777.77,56704.4125,60640.1977891305,60640.1977891305,60490.46841895814,60490.46841895814,57475.238071983935,57475.238071983935,57229.245199713514,57229.245199713514,57475.238071983935,57475.238071983935,57229.245199713514,57229.245199713514,,,,60031.76,-1,-1,-1,-1,-1,37574.05976
2021-12-03,56968.232172781936,57600,51680,54841.3275,60640.1977891305,60640.1977891305,60490.46841895814,60490.46841895814,57352.241635848724,57352.241635848724,57019.17031679329,57019.17031679329,57352.241635848724,57352.241635848724,57019.17031679329,57019.17031679329,,,,57645.945,-1,-1,-1,-1,-1,58927.69027
2021-12-04,55904.77983639097,55904.77983639097,42000.3,49653.23,60640.1977891305,60640.1977891305,60490.46841895814,60490.46841895814,57185.705976321005,57185.705976321005,56374.16666933293,56374.16666933293,57185.705976321005,57185.705976321005,56374.16666933293,56374.16666933293,,,,57645.945,-1,-1,-1,-1,-1,114203.373748
2021-12-05,52779.00491819548,52779.00491819548,47727.21,48993.7625,60565.333104044315,60565.333104044315,57152.68954293512,57152.68954293512,56779.93632282697,56779.93632282697,55557.21642627497,55557.21642627497,56779.93632282697,56779.93632282697,55557.21642627497,55557.21642627497,,,,57645.945,-1,-1,-1,-1,-1,45580.82012
2021-12-06,50886.38370909774,50891.11,47100,49457.337499999994,60565.333104044315,60565.333104044315,57152.68954293512,57152.68954293512,56168.576374550976,56168.576374550976,54644.99443515899,54644.99443515899,56168.576374550976,56168.576374550976,54644.99443515899,54644.99443515899,,,,57645.945,-1,-1,-1,-1,-1,58571.21575
2021-12-07,50171.86060454887,51936.33,50039.74,50751.7325,60565.333104044315,60565.333104044315,57152.68954293512,57152.68954293512,55406.785404854985,55406.785404854985,53870.83940294737,53870.83940294737,55406.785404854985,55406.785404854985,53870.83940294737,53870.83940294737,,,,57602,-1,-1,-1,-1,-1,38253.46877
2021-12-08,50461.796552274434,51200,48600,50215.035,60565.333104044315,60565.333104044315,57152.68954293512,57152.68954293512,54638.81240390118,54638.81240390118,53176.08869770384,53176.08869770384,54638.81240390118,54638.81240390118,53176.08869770384,53176.08869770384,,,,57602,-1,-1,-1,-1,-1,38425.92466
2021-12-09,50338.41577613722,50797.76,47320,49033.635,60565.333104044315,60565.333104044315,57152.68954293512,57152.68954293512,53907.45055080251,53907.45055080251,52513.770723819565,52513.770723819565,53907.45055080251,53907.45055080251,52513.770723819565,52513.770723819565,,,,55906.77983639097,-1,-1,-1,-1,-1,37692.68665
2021-12-10,49686.02538806861,50125,46852,47913.36,60565.333104044315,60565.333104044315,57152.68954293512,57152.68954293512,53210.61063731104,53210.61063731104,51860.717946957804,51860.717946957804,53210.61063731104,53210.61063731104,51860.717946957804,51860.717946957804,,,,52781.00491819548,-1,-1,-1,-1,-1,44233.57391
2021-12-11,48799.692694034304,49485.71,46751,48191.81,60565.333104044315,60565.333104044315,57152.68954293512,57152.68954293512,52535.66429213442,52535.66429213442,51240.078671226824,51240.078671226824,52535.66429213442,52535.66429213442,51240.078671226824,51240.078671226824,,,,51938.33,-1,-1,-1,-1,-1,28889.19358
2021-12-12,48495.751347017154,50777,48495.751347017154,49714.722499999996,58859.011323489714,58859.011323489714,54483.10997999614,54483.10997999614,51887.87148168062,51887.87148168062,50784.28946497741,50784.28946497741,51887.87148168062,51887.87148168062,50784.28946497741,50784.28946497741,,,,51938.33,-1,-1,-1,-1,-1,26017.93421
2021-12-13,49105.23692350858,50189.97,45672.75,48154.8425,58859.011323489714,58859.011323489714,54483.10997999614,54483.10997999614,51336.08047332901,51336.08047332901,50349.04653680766,50349.04653680766,51336.08047332901,51336.08047332901,50349.04653680766,50349.04653680766,,,,51202,-1,-1,-1,-1,-1,50869.52093
2021-12-14,48630.03971175429,48700.41,46290,47509.1125,58859.011323489714,58859.011323489714,54483.10997999614,54483.10997999614,50842.563505068334,50842.563505068334,49917.78597176231,49917.78597176231,50842.563505068334,50842.563505068334,49917.78597176231,49917.78597176231,,,,50799.76,-1,-1,-1,-1,-1,39955.98445
2021-12-15,48069.576105877146,49500,46547,48312.232500000006,58859.011323489714,58859.011323489714,54483.10997999614,54483.10997999614,50380.17473841532,50380.17473841532,49555.59025738176,49555.59025738176,50380.17473841532,50380.17473841532,49555.59025738176,49555.59025738176,,,,50779,-1,-1,-1,-1,-1,51629.181
2021-12-16,48190.90430293858,49436.43,47511,48361.1975,58859.011323489714,58859.011323489714,54483.10997999614,54483.10997999614,49967.882497898536,49967.882497898536,49281.61383007998,49281.61383007998,49967.882497898536,49967.882497898536,49281.61383007998,49281.61383007998,,,,50779,-1,-1,-1,-1,-1,31949.86739
2021-12-17,48276.050901469294,48276.050901469294,45456,46803.884999999995,58859.011323489714,58859.011323489714,54483.10997999614,54483.10997999614,49624.74816398926,49624.74816398926,48968.992196952895,48968.992196952895,49624.74816398926,49624.74816398926,48968.992196952895,48968.992196952895,,,,50779,-1,-1,-1,-1,-1,43104.4887
2021-12-18,47539.967950734645,47539.967950734645,45500,46465.170000000006,58859.011323489714,58859.011323489714,54483.10997999614,54483.10997999614,49296.87018047108,49296.87018047108,48626.86070401932,48626.86070401932,49296.87018047108,49296.87018047108,48626.86070401932,48626.86070401932,,,,50191.97,-1,-1,-1,-1,-1,25020.05271
2021-12-19,47002.56897536732,48300.01,46406.91,47055.655000000006,56671.06065174292,56671.06065174292,52072.23328641088,52072.23328641088,48961.8654422452,48961.8654422452,48339.59269974565,48339.59269974565,48961.8654422452,48961.8654422452,48339.59269974565,48339.59269974565,,,,49502,-1,-1,-1,-1,-1,29305.70665
2021-12-20,47029.11198768366,47537.57,45558.85,46672.955,56671.06065174292,56671.06065174292,52072.23328641088,52072.23328641088,48650.729070995425,48650.729070995425,48059.759101944626,48059.759101944626,48650.729070995425,48650.729070995425,48059.759101944626,48059.759101944626,,,,49502,-1,-1,-1,-1,-1,35848.50609
2021-12-21,46851.03349384183,49328.96,46630,47940.7525,56671.06065174292,56671.06065174292,52072.23328641088,52072.23328641088,48355.244086470026,48355.244086470026,47896.09696932778,47896.09696932778,48355.244086470026,48355.244086470026,47896.09696932778,47896.09696932778,,,,49438.43,-1,-1,-1,-1,-1,37713.92924
2021-12-22,47395.89299692091,49576.13,47395.89299692091,48868.4375,56671.06065174292,56671.06065174292,52072.23328641088,52072.23328641088,48125.6705278989,48125.6705278989,47856.431654473934,47856.431654473934,48125.6705278989,48125.6705278989,47856.431654473934,47856.431654473934,,,,49438.43,-1,-1,-1,-1,-1,27004.2022
2021-12-23,48132.16524846046,51375,47920.42,49680.6,56671.06065174292,56671.06065174292,52072.23328641088,52072.23328641088,47991.05109118642,47991.05109118642,47964.1980326658,47964.1980326658,47991.05109118642,47991.05109118642,47964.1980326658,47964.1980326658,,,49680.6,,-1,-1,-1,-1,0,35192.54046
2021-12-24,48906.38262423023,51810,48906.38262423023,50963.3125,56671.06065174292,56671.06065174292,52072.23328641088,52072.23328641088,47977.62456192611,48208.47313399528,47977.62456192611,48208.47313399528,47977.62456192611,48208.47313399528,47977.62456192611,48208.47313399528,,,,,1,1,-1,0,0,31684.81208
2021-12-25,49934.847562115116,51156.23,49934.847562115116,50629.55,56671.06065174292,56671.06065174292,52072.23328641088,52072.23328641088,48093.048847960694,48518.50334991013,48093.048847960694,48518.50334991013,48093.048847960694,48518.50334991013,48093.048847960694,48518.50334991013,,,,,1,1,-1,0,0,19135.51613
2021-12-26,50282.19878105756,51280,49412,50466.78999999999,54371.6469690769,54371.6469690769,50490.153977625916,50490.153977625916,48305.77609893541,48826.89468136855,48305.77609893541,48826.89468136855,48305.77609893541,48826.89468136855,48305.77609893541,48826.89468136855,,,,,1,1,-1,0,0,22569.88914
2021-12-27,50374.49439052878,52088,50374.49439052878,51003.48,54371.6469690769,54371.6469690769,50490.153977625916,50490.153977625916,48566.33539015197,49160.4304150621,48566.33539015197,49160.4304150621,48566.33539015197,49160.4304150621,48566.33539015197,49160.4304150621,,,,,1,1,-1,0,0,28779.58212
2021-12-28,50688.98719526439,50704.05,47313.01,49065.56,54371.6469690769,54371.6469690769,50490.153977625916,50490.153977625916,48863.38290260704,49341.1889915639,48863.38290260704,49341.1889915639,48863.38290260704,49341.1889915639,48863.38290260704,49341.1889915639,,,,,1,1,-1,0,0,45853.33924
2021-12-29,49877.27359763219,49877.27359763219,46096.99,47061.1175,54371.6469690769,54371.6469690769,50490.153977625916,50490.153977625916,49102.28594708547,49326.6074101316,49102.28594708547,49326.6074101316,49102.28594708547,49326.6074101316,49102.28594708547,49326.6074101316,,,,,1,1,-1,0,0,39498.87
2021-12-30,48469.1955488161,48469.1955488161,45900,46846.3825,54371.6469690769,54371.6469690769,50490.153977625916,50490.153977625916,49214.44667860853,49214.44667860853,49150.43253784332,49150.43253784332,49214.44667860853,49214.44667860853,49150.43253784332,49150.43253784332,,,,,-1,-1,-1,-1,0,30352.29569
2021-12-31,47657.78902440805,48548.26,45678,46891.0175,54371.6469690769,54371.6469690769,50490.153977625916,50490.153977625916,49182.439608225926,49182.439608225926,48894.29173906512,48894.29173906512,49182.439608225926,49182.439608225926,48894.29173906512,48894.29173906512,,48548.26,,52090,-1,-1,-1,-1,-1,34936.46964
2022-01-01,47274.403262204025,47954.63,46208.37,47025.645,54371.6469690769,54371.6469690769,50490.153977625916,50490.153977625916,49038.36567364552,49038.36567364552,48616.667839767375,48616.667839767375,49038.36567364552,49038.36567364552,48616.667839767375,48616.667839767375,,,,52090,-1,-1,-1,-1,-1,19604.46325
2022-01-02,47150.02413110201,47990,46654,47413.21,52430.90047335141,52430.90047335141,49681.96984549185,49681.96984549185,48827.51675670645,48827.51675670645,48370.23363725137,48370.23363725137,48827.51675670645,48827.51675670645,48370.23363725137,48370.23363725137,,,,52090,-1,-1,-1,-1,-1,18340.4604
2022-01-03,47281.61706555101,47570,45696,46749.57,52430.90047335141,52430.90047335141,49681.96984549185,49681.96984549185,48598.87519697891,48598.87519697891,48117.814398667135,48117.814398667135,48598.87519697891,48598.87519697891,48117.814398667135,48117.814398667135,,,,52090,-1,-1,-1,-1,-1,27662.0771
2022-01-04,47015.5935327755,47557.54,45500,46333.912500000006,52430.90047335141,52430.90047335141,49681.96984549185,49681.96984549185,48358.34479782302,48358.34479782302,47865.258497063536,47865.258497063536,48358.34479782302,48358.34479782302,47865.258497063536,47865.258497063536,,,,52090,-1,-1,-1,-1,-1,35491.4136
2022-01-05,46674.75301638775,47070,42500,44713.285,52430.90047335141,52430.90047335141,49681.96984549185,49681.96984549185,48111.80164744327,48111.80164744327,47513.99916582927,47513.99916582927,48111.80164744327,48111.80164744327,47513.99916582927,47513.99916582927,,,,52090,-1,-1,-1,-1,-1,51784.11857
2022-01-06,45694.01900819388,45694.01900819388,42430.58,43195.0075,52430.90047335141,52430.90047335141,49681.96984549185,49681.96984549185,47812.90040663627,47812.90040663627,47060.24767465485,47060.24767465485,47812.90040663627,47812.90040663627,47060.24767465485,47060.24767465485,,,,52090,-1,-1,-1,-1,-1,38880.37305
2022-01-07,44444.513254096935,44444.513254096935,40610,42101.152500000004,52430.90047335141,52430.90047335141,49681.96984549185,49681.96984549185,47436.57404064556,47436.57404064556,46478.70116343066,46478.70116343066,47436.57404064556,47436.57404064556,46478.70116343066,46478.70116343066,,,,52090,-1,-1,-1,-1,-1,54836.50818
2022-01-08,43272.832877048466,43272.832877048466,40501,41511.805,52430.90047335141,52430.90047335141,49681.96984549185,49681.96984549185,46957.63760203811,46957.63760203811,45821.61648264547,45821.61648264547,46957.63760203811,46957.63760203811,45821.61648264547,45821.61648264547,,,,46891.0175,-1,-1,-1,-1,-1,32952.73111
2022-01-09,42392.31893852423,42786.7,41200.02,41882.77,51056.43515942163,51056.43515942163,47879.017013934135,47879.017013934135,46389.62704234179,46389.62704234179,45181.095698455545,45181.095698455545,46389.62704234179,46389.62704234179,45181.095698455545,45181.095698455545,,,,46891.0175,-1,-1,-1,-1,-1,22724.39426
2022-01-10,42137.54446926211,42248.5,39650,41396.4025,51056.43515942163,51056.43515942163,47879.017013934135,47879.017013934135,45785.36137039866,45785.36137039866,44542.36520306558,44542.36520306558,45785.36137039866,45785.36137039866,44542.36520306558,44542.36520306558,,,,46891.0175,-1,-1,-1,-1,-1,50729.17019
2022-01-11,41766.97348463105,43100,41268.93,42230.1775,51056.43515942163,51056.43515942163,47879.017013934135,47879.017013934135,45163.86328673212,45163.86328673212,44026.438086825125,44026.438086825125,45163.86328673212,45163.86328673212,44026.438086825125,44026.438086825125,,,,46891.0175,-1,-1,-1,-1,-1,37296.43729
2022-01-12,41998.575492315525,44322,41998.575492315525,43350.9875,51056.43515942163,51056.43515942163,47879.017013934135,47879.017013934135,44595.15068677862,44595.15068677862,43687.10290229804,43687.10290229804,44595.15068677862,44595.15068677862,43687.10290229804,43687.10290229804,,,,46891.0175,-1,-1,-1,-1,-1,33943.2928
2022-01-13,42674.78149615777,44500,42311.22,43318.494999999995,51056.43515942163,51056.43515942163,47879.017013934135,47879.017013934135,44141.12679453833,44141.12679453833,43485.54836922907,43485.54836922907,44141.12679453833,44141.12679453833,43485.54836922907,43485.54836922907,,,,46891.0175,-1,-1,-1,-1,-1,34910.87762
2022-01-14,42996.63824807888,43448.78,41725.95,42698.26,51056.43515942163,51056.43515942163,47879.017013934135,47879.017013934135,43813.3375818837,43813.3375818837,43323.210359822726,43323.210359822726,43813.3375818837,43813.3375818837,43323.210359822726,43323.210359822726,,,,46891.0175,-1,-1,-1,-1,-1,32640.88292
2022-01-15,42847.44912403944,43800,42555,43124.8125,51056.43515942163,51056.43515942163,47879.017013934135,47879.017013934135,43568.27397085322,43568.27397085322,43225.99529287196,43225.99529287196,43568.27397085322,43568.27397085322,43225.99529287196,43225.99529287196,,,,46891.0175,-1,-1,-1,-1,-1,21936.05616
2022-01-16,42986.13081201972,43475,42581.79,43053.185000000005,49467.72608667788,49467.72608667788,45896.741250350446,45896.741250350446,43397.13463186259,43397.13463186259,43162.67547586231,43162.67547586231,43397.13463186259,43397.13463186259,43162.67547586231,43162.67547586231,,,,46891.0175,-1,-1,-1,-1,-1,20602.35271
2022-01-17,43019.65790600986,43176.18,41540.42,42497.47,49467.72608667788,49467.72608667788,45896.741250350446,45896.741250350446,43279.90505386244,43279.90505386244,43079.415694648036,43079.415694648036,43279.90505386244,43279.90505386244,43079.415694648036,43079.415694648036,,,,46891.0175,-1,-1,-1,-1,-1,27562.08613
2022-01-18,42758.56395300493,42758.56395300493,41250,42123.6875,49467.72608667788,49467.72608667788,45896.741250350446,45896.741250350446,43179.66037425524,43179.66037425524,42964.408966246214,42964.408966246214,43179.66037425524,43179.66037425524,42964.408966246214,42964.408966246214,,,,46891.0175,-1,-1,-1,-1,-1,29324.08257
2022-01-19,42441.12572650246,42559.13,41138.56,41927.455,49467.72608667788,49467.72608667788,45896.741250350446,45896.741250350446,43072.03467025073,43072.03467025073,42826.486601025754,42826.486601025754,43072.03467025073,43072.03467025073,42826.486601025754,42826.486601025754,,,,46891.0175,-1,-1,-1,-1,-1,31685.72159
2022-01-20,42184.29036325123,43505,40553.31,41599.805,49467.72608667788,49467.72608667788,45896.741250350446,45896.741250350446,42949.260635638246,42949.260635638246,42685.15525190395,42685.15525190395,42949.260635638246,42949.260635638246,42685.15525190395,42685.15525190395,,,,43802,-1,-1,-1,-1,-1,42330.33953
2022-01-21,41892.04768162561,41892.04768162561,35440.45,38416.67,49467.72608667788,49467.72608667788,45896.741250350446,45896.741250350446,42817.2079437711,42817.2079437711,42328.10271910567,42328.10271910567,42817.2079437711,42817.2079437711,42328.10271910567,42328.10271910567,,,,43507,-1,-1,-1,-1,-1,88860.891999
2022-01-22,40154.358840812805,40154.358840812805,34008,35589.9875,49467.72608667788,49467.72608667788,45896.741250350446,45896.741250350446,42572.655331438385,42572.655331438385,41730.240299470985,41730.240299470985,42572.655331438385,42572.655331438385,41730.240299470985,41730.240299470985,,,,43507,-1,-1,-1,-1,-1,90471.338961
2022-01-23,37872.1731704064,37872.1731704064,34601.01,35603.994999999995,47682.23366851416,47682.23366851416,43307.42083285434,43307.42083285434,42151.44781545468,42151.44781545468,40985.20206237322,40985.20206237322,42151.44781545468,42151.44781545468,40985.20206237322,40985.20206237322,,,,43507,-1,-1,-1,-1,-1,44279.52354
2022-01-24,36738.0840852032,37550,32917.17,35843.0175,47682.23366851416,47682.23366851416,43307.42083285434,43307.42083285434,41568.324938913946,41568.324938913946,40173.238959187824,40173.238959187824,41568.324938913946,41568.324938913946,40173.238959187824,40173.238959187824,,,,43507,-1,-1,-1,-1,-1,91904.753211
2022-01-25,36290.5507926016,37545.14,35701,36716.2025,47682.23366851416,47682.23366851416,43307.42083285434,43307.42083285434,40870.78194905088,40870.78194905088,39473.43256560909,39473.43256560909,40870.78194905088,40870.78194905088,39473.43256560909,39473.43256560909,,,,43507,-1,-1,-1,-1,-1,49232.40183
2022-01-26,36503.3766463008,38919.98,36234.63,37230.5675,47682.23366851416,47682.23366851416,43307.42083285434,43307.42083285434,40172.10725732998,40172.10725732998,38946.741223802666,38946.741223802666,40172.10725732998,40172.10725732998,38946.741223802666,38946.741223802666,,,,41894.04768162561,-1,-1,-1,-1,-1,69830.16036
2022-01-27,36866.9720731504,37234.47,35507.01,36677.205,47682.23366851416,47682.23366851416,43307.42083285434,43307.42083285434,39559.424240566324,39559.424240566324,38489.81175713611,38489.81175713611,39559.424240566324,39559.424240566324,38489.81175713611,38489.81175713611,,,,40156.358840812805,-1,-1,-1,-1,-1,53020.87934
2022-01-28,36772.088536575204,38000,36155.01,37257.92,47682.23366851416,47682.23366851416,43307.42083285434,43307.42083285434,39024.617998851216,39024.617998851216,38148.26181731462,38148.26181731462,39024.617998851216,39024.617998851216,38148.26181731462,38148.26181731462,,,,38921.98,-1,-1,-1,-1,-1,42154.26956
2022-01-29,37015.0042682876,38720.74,37015.0042682876,37968.1475,47682.23366851416,47682.23366851416,43307.42083285434,43307.42083285434,38586.43990808292,38586.43990808292,37947.224040227185,37947.224040227185,38586.43990808292,38586.43990808292,37947.224040227185,37947.224040227185,,,,38921.98,-1,-1,-1,-1,-1,26129.49682
2022-01-30,37491.5758841438,38359.26,37351.63,37939.87,45494.82725068425,45494.82725068425,40787.57205561509,40787.57205561509,38266.83197415505,38266.83197415505,37839.03840476939,37839.03840476939,38266.83197415505,38266.83197415505,37839.03840476939,37839.03840476939,,,,38921.98,-1,-1,-1,-1,-1,21430.66527
2022-01-31,37715.7229420719,38744,36632.61,37931.315,45494.82725068425,45494.82725068425,40787.57205561509,40787.57205561509,38052.935189462216,38052.935189462216,37781.16275984451,37781.16275984451,38052.935189462216,38052.935189462216,37781.16275984451,37781.16275984451,,,,38921.98,-1,-1,-1,-1,-1,36855.2458
2022-02-01,37823.518971035955,39265.2,37823.518971035955,38606.6725,45494.82725068425,45494.82725068425,40787.57205561509,40787.57205561509,37917.048974653364,37917.048974653364,37807.359890050546,37807.359890050546,37917.048974653364,37917.048974653364,37807.359890050546,37807.359890050546,,,,38921.98,-1,-1,-1,-1,-1,34574.44663
2022-02-02,38215.09573551798,38855.92,36586.95,37758.455,45494.82725068425,45494.82725068425,40787.57205561509,40787.57205561509,37862.20443235195,37862.20443235195,37823.74035470927,37823.74035470927,37862.20443235195,37862.20443235195,37823.74035470927,37823.74035470927,,,,38921.98,-1,-1,-1,-1,-1,35794.6813
2022-02-03,37986.77536775899,37986.77536775899,36250,36961.244999999995,45494.82725068425,45494.82725068425,40787.57205561509,40787.57205561509,37842.97239353061,37842.97239353061,37784.49200080958,37784.49200080958,37842.97239353061,37842.97239353061,37784.49200080958,37784.49200080958,,,,38921.98,-1,-1,-1,-1,-1,32081.10999
2022-02-04,37474.010183879494,41772.33,37026.73,39421.3225,45494.82725068425,45494.82725068425,40787.57205561509,40787.57205561509,37813.732197170095,37867.429984115086,37813.732197170095,37867.429984115086,37813.732197170095,37867.429984115086,37813.732197170095,37867.429984115086,,,39421.3225,,1,1,-1,0,0,64703.95874
2022-02-05,38447.66634193975,41913.69,38447.66634193975,41427.7475,45494.82725068425,45494.82725068425,40787.57205561509,40787.57205561509,37840.58109064259,38100.957715155855,37840.58109064259,38100.957715155855,37840.58109064259,38100.957715155855,37840.58109064259,38100.957715155855,,,,,1,1,-1,0,0,32531.14158
2022-02-06,39937.706920969875,42656,39937.706920969875,41884.0075,43141.19965314967,43141.19965314967,39921.6312710307,39921.6312710307,37970.76940289923,38476.861555893025,37970.76940289923,38476.861555893025,37970.76940289923,38476.861555893025,37970.76940289923,38476.861555893025,,,,,1,1,-1,0,0,22405.16704
2022-02-07,40910.85721048494,44500.5,40910.85721048494,43091.8025,43141.19965314967,43141.19965314967,39921.6312710307,39921.6312710307,38223.81547939613,38996.87380817921,38223.81547939613,38996.87380817921,38223.81547939613,38996.87380817921,38223.81547939613,38996.87380817921,,,,,1,1,-1,0,0,51060.62006
2022-02-08,42001.32985524247,45492,42001.32985524247,44010.244999999995,43141.19965314967,43141.19965314967,39921.6312710307,39921.6312710307,38610.34464378767,39628.82195875205,38610.34464378767,39628.82195875205,38610.34464378767,39628.82195875205,38610.34464378767,39628.82195875205,,,,,1,1,-1,0,0,64880.29387
2022-02-09,43005.78742762123,44799,43005.78742762123,44083.159999999996,43141.19965314967,43141.19965314967,39921.6312710307,39921.6312710307,39119.583301269864,40287.69658502458,39119.583301269864,40287.69658502458,39119.583301269864,40287.69658502458,39119.583301269864,40287.69658502458,,,,,1,1,-1,0,0,34428.16729
2022-02-10,43544.473713810614,45821,43174.01,44215.79,43141.19965314967,43141.19965314967,39921.6312710307,39921.6312710307,39703.639943147224,40941.93779670093,39703.639943147224,40941.93779670093,39703.639943147224,40941.93779670093,39703.639943147224,40941.93779670093,,,,,1,1,-1,0,0,62357.29091
2022-02-11,43880.13185690531,43920,41938.51,42931.920000000006,43141.19965314967,43141.19965314967,39921.6312710307,39921.6312710307,40322.78886992408,41445.090599263254,40322.78886992408,41445.090599263254,40322.78886992408,41445.090599263254,40322.78886992408,41445.090599263254,,,,,1,1,-1,0,0,44975.1687
2022-02-12,43406.025928452655,43406.025928452655,41688.88,42339.9925,43141.19965314967,43141.19965314967,39921.6312710307,39921.6312710307,40883.93973459367,41792.35217290017,40883.93973459367,41792.35217290017,40883.93973459367,41792.35217290017,40883.93973459367,41792.35217290017,,,,,1,1,-1,0,0,26556.85681
2022-02-13,42873.00921422633,42873.00921422633,41870,42225.3825,41531.41546209019,41531.41546209019,40723.247834334354,40723.247834334354,41338.14595374692,42013.785179194114,41338.14595374692,42013.785179194114,41338.14595374692,42013.785179194114,41338.14595374692,42013.785179194114,,,,,1,1,-1,0,0,17732.08113
2022-02-14,42549.19585711317,42842.4,41550.56,42245.6375,41531.41546209019,41531.41546209019,40723.247834334354,40723.247834334354,41675.96556647051,42142.29064080543,41675.96556647051,42142.29064080543,41675.96556647051,42142.29064080543,41675.96556647051,42142.29064080543,,,,,1,1,-1,0,0,34010.1306
2022-02-15,42397.41667855658,44751.4,42397.41667855658,43564.807499999995,41531.41546209019,41531.41546209019,40723.247834334354,40723.247834334354,41909.12810363797,42303.19048497719,41909.12810363797,42303.19048497719,41909.12810363797,42303.19048497719,41909.12810363797,42303.19048497719,,,,,1,1,-1,0,0,38095.19576
2022-02-16,42981.11208927829,44549.97,42981.11208927829,44068.845,41531.41546209019,41531.41546209019,40723.247834334354,40723.247834334354,42106.15929430758,42497.57212867174,42106.15929430758,42497.57212867174,42106.15929430758,42497.57212867174,42106.15929430758,42497.57212867174,,,,,1,1,-1,0,0,28471.8727
2022-02-17,43524.97854463915,44164.71,40073.21,42156.795,41531.41546209019,41531.41546209019,40723.247834334354,40723.247834334354,42301.86571148966,42586.714785283686,42301.86571148966,42586.714785283686,42301.86571148966,42586.714785283686,42301.86571148966,42586.714785283686,,,,,1,1,-1,0,0,47245.99494
2022-02-18,42840.88677231957,42840.88677231957,39450,40225.0075,41531.41546209019,41531.41546209019,40723.247834334354,40723.247834334354,42444.29024838668,42517.424067336025,42444.29024838668,42517.424067336025,42444.29024838668,42517.424067336025,42444.29024838668,42517.424067336025,,,,,1,1,-1,0,0,43845.92241
2022-02-19,41532.94713615978,41532.94713615978,39639.03,40034.24249999999,41531.41546209019,41531.41546209019,40723.247834334354,40723.247834334354,42480.857157861356,42480.857157861356,42322.18774347102,42322.18774347102,42480.857157861356,42480.857157861356,42322.18774347102,42322.18774347102,,,,,-1,-1,-1,-1,0,18042.0551
2022-02-20,40783.59481807989,40783.59481807989,38000,39147.875,41127.331648212275,41127.331648212275,41021.95341328727,41021.95341328727,42401.52245066619,42401.52245066619,41996.1066514957,41996.1066514957,42401.52245066619,42401.52245066619,41996.1066514957,41996.1066514957,,40783.59481807989,,44753.4,-1,-1,-1,-1,-1,33439.29011
2022-02-21,39965.734909039944,39965.734909039944,36800,37922.35,41127.331648212275,41127.331648212275,41021.95341328727,41021.95341328727,42198.81455108095,42198.81455108095,41547.69976884271,41547.69976884271,42198.81455108095,42198.81455108095,41547.69976884271,41547.69976884271,,,,44753.4,-1,-1,-1,-1,-1,62347.68496
2022-02-22,38944.04245451997,38944.04245451997,36350,37504.3725,41127.331648212275,41127.331648212275,41021.95341328727,41021.95341328727,41873.25715996183,41873.25715996183,41017.36896435285,41017.36896435285,41873.25715996183,41873.25715996183,41017.36896435285,41017.36896435285,,,,44753.4,-1,-1,-1,-1,-1,53785.94589
2022-02-23,38224.20747725999,39249.93,37036.79,37941.76500000001,41127.331648212275,41127.331648212275,41021.95341328727,41021.95341328727,41445.313062157344,41445.313062157344,40511.73051380977,40511.73051380977,41445.313062157344,41445.313062157344,40511.73051380977,40511.73051380977,,,,44753.4,-1,-1,-1,-1,-1,43558.40464
2022-02-24,38082.986238629994,39843,34322.28,37435.627499999995,41127.331648212275,41127.331648212275,41021.95341328727,41021.95341328727,40978.52178798356,40978.52178798356,40001.031940965026,40001.031940965026,40978.52178798356,40978.52178798356,40001.031940965026,40001.031940965026,,,,44753.4,-1,-1,-1,-1,-1,120476.29458
2022-02-25,37759.306869315,39683.53,37759.306869315,38811.4375,41127.331648212275,41127.331648212275,41021.95341328727,41021.95341328727,40489.7768644743,40489.7768644743,39629.58268418792,39629.58268418792,40489.7768644743,40489.7768644743,39629.58268418792,39629.58268418792,,,,44753.4,-1,-1,-1,-1,-1,56574.57125
2022-02-26,38285.3721846575,40348.45,38285.3721846575,39314.3775,41127.331648212275,41127.331648212275,41021.95341328727,41021.95341328727,40059.67977433111,40059.67977433111,39405.46727841556,39405.46727841556,40059.67977433111,40059.67977433111,39405.46727841556,39405.46727841556,,,,44753.4,-1,-1,-1,-1,-1,29361.2568
2022-02-27,38799.87484232875,39855.7,37000,38417.875,41074.64253074978,41074.64253074978,39938.69445888881,39938.69445888881,39732.57352637334,39732.57352637334,39222.02632746994,39222.02632746994,39732.57352637334,39732.57352637334,39222.02632746994,39222.02632746994,,,,44753.4,-1,-1,-1,-1,-1,46229.44719
2022-02-28,38608.87492116437,44225.84,37450.17,40633.7725,41074.64253074978,41074.64253074978,39938.69445888881,39938.69445888881,39477.29992692164,39477.29992692164,39225.9883750572,39225.9883750572,39477.29992692164,39477.29992692164,39225.9883750572,39225.9883750572,,,,44753.4,-1,-1,-1,-1,-1,73945.63858
2022-03-01,39621.32371058219,44949,39621.32371058219,43835.045,41074.64253074978,41074.64253074978,39938.69445888881,39938.69445888881,39351.64415098942,39475.00930661871,39351.64415098942,39475.00930661871,39351.64415098942,39475.00930661871,39351.64415098942,39475.00930661871,,,43835.045,,1,1,-1,0,0,61743.09873
2022-03-02,41728.184355291094,45400,41728.184355291094,44262.0675,41074.64253074978,41074.64253074978,39938.69445888881,39938.69445888881,39413.326728804066,39929.405718772025,39413.326728804066,39929.405718772025,39413.326728804066,39929.405718772025,39413.326728804066,39929.405718772025,,,,,1,1,-1,0,0,57782.65081
2022-03-03,42995.125927645546,44101.12,41832.28,43070.0975,41074.64253074978,41074.64253074978,39938.69445888881,39938.69445888881,39671.36622378804,40414.36850116707,39671.36622378804,40414.36850116707,39671.36622378804,40414.36850116707,39671.36622378804,40414.36850116707,,,,,1,1,-1,0,0,50940.61021
2022-03-04,43032.61171382277,43032.61171382277,38550,40669.990000000005,41074.64253074978,41074.64253074978,39938.69445888881,39938.69445888881,40042.867362477555,40721.30089790647,40042.867362477555,40721.30089790647,40042.867362477555,40721.30089790647,40042.867362477555,40721.30089790647,,,,,1,1,-1,0,0,61964.68498
2022-03-05,41851.30085691139,41851.30085691139,38407.59,39141.86,41074.64253074978,41074.64253074978,39938.69445888881,39938.69445888881,40382.084130192015,40828.24375243368,40382.084130192015,40828.24375243368,40382.084130192015,40828.24375243368,40382.084130192015,40828.24375243368,,,,,1,1,-1,0,0,30363.13341
2022-03-06,40496.580428455694,40496.580428455694,38088.57,38900.305,40506.66849481929,40506.66849481929,40061.61842624423,40061.61842624423,40605.16394131285,40759.685103372525,40605.16394131285,40759.685103372525,40605.16394131285,40759.685103372525,40605.16394131285,40759.685103372525,,,,,1,1,-1,0,0,39677.26158
2022-03-07,39698.442714227844,39698.442714227844,37155,38277.8425,40506.66849481929,40506.66849481929,40061.61842624423,40061.61842624423,40682.42452234269,40682.42452234269,40545.26856747655,40545.26856747655,40682.42452234269,40682.42452234269,40545.26856747655,40545.26856747655,,,,,-1,-1,-1,-1,0,63994.11559
2022-03-08,38988.14260711392,39362.08,37867.65,38487.0925,40506.66849481929,40506.66849481929,40061.61842624423,40061.61842624423,40613.846544909626,40613.846544909626,40279.071758218604,40279.071758218604,40613.846544909626,40613.846544909626,40279.071758218604,40279.071758218604,,39362.08,,45402,-1,-1,-1,-1,-1,55528.43367
2022-03-09,38737.617553556964,42594.06,38656.45,40480.7125,40506.66849481929,40506.66849481929,40061.61842624423,40061.61842624423,40446.45915156412,40446.45915156412,40140.4588699134,40140.4588699134,40446.45915156412,40446.45915156412,40140.4588699134,40140.4588699134,,,,45402,-1,-1,-1,-1,-1,67392.58799
2022-03-10,39609.165026778486,42039.63,38539.73,40485.765,40506.66849481929,40506.66849481929,40061.61842624423,40061.61842624423,40293.45901073876,40293.45901073876,40078.27184530708,40078.27184530708,40293.45901073876,40293.45901073876,40078.27184530708,40078.27184530708,,,,45402,-1,-1,-1,-1,-1,71945.52888
2022-03-11,40047.46501338924,40236.26,38223.6,39152.86,40506.66849481929,40506.66849481929,40061.61842624423,40061.61842624423,40185.865428022924,40185.865428022924,39990.29784787215,39990.29784787215,40185.865428022924,40185.865428022924,39990.29784787215,39990.29784787215,,,,45402,-1,-1,-1,-1,-1,59015.75104
2022-03-12,39600.16250669462,39600.16250669462,38660.52,38921.03999999999,40506.66849481929,40506.66849481929,40061.61842624423,40061.61842624423,40088.08163794754,40088.08163794754,39878.5920628892,39878.5920628892,40088.08163794754,40088.08163794754,39878.5920628892,39878.5920628892,,,,45402,-1,-1,-1,-1,-1,24034.36432
2022-03-13,39260.60125334731,39310,37578.51,38368.3,40284.14346053176,40284.14346053176,39857.10748296142,39857.10748296142,39983.33685041837,39983.33685041837,39715.41920771472,39715.41920771472,39983.33685041837,39983.33685041837,39715.41920771472,39715.41920771472,,,,45402,-1,-1,-1,-1,-1,32791.82359
2022-03-14,38814.45062667366,39947.12,37555,38737.71,40284.14346053176,40284.14346053176,39857.10748296142,39857.10748296142,39849.378029066545,39849.378029066545,39554.663070762515,39554.663070762515,39849.378029066545,39849.378029066545,39554.663070762515,39554.663070762515,,,,45402,-1,-1,-1,-1,-1,46933.02814
2022-03-15,38776.08031333683,39887.61,38098.33,39234.41,40284.14346053176,40284.14346053176,39857.10748296142,39857.10748296142,39702.02054991453,39702.02054991453,39430.26082974675,39430.26082974675,39702.02054991453,39702.02054991453,39430.26082974675,39430.26082974675,,,,45402,-1,-1,-1,-1,-1,46015.54926
2022-03-16,39005.24515666842,41718,38828.48,40235.2025,40284.14346053176,40284.14346053176,39857.10748296142,39857.10748296142,39566.14068983064,39566.14068983064,39418.11499144342,39418.11499144342,39566.14068983064,39566.14068983064,39418.11499144342,39418.11499144342,,,,45402,-1,-1,-1,-1,-1,88120.76167
2022-03-17,39620.22382833421,41478.82,39620.22382833421,41002.6825,40284.14346053176,40284.14346053176,39857.10748296142,39857.10748296142,39492.12784063703,39502.43560447731,39492.12784063703,39502.43560447731,39492.12784063703,39502.43560447731,39492.12784063703,39502.43560447731,,,41002.6825,,1,1,-1,0,0,37189.38087
2022-03-18,40311.453164167106,42325.02,40135.04,41283.865000000005,40284.14346053176,40284.14346053176,39857.10748296142,39857.10748296142,39497.28172255717,39676.132684921075,39497.28172255717,39676.132684921075,39497.28172255717,39676.132684921075,39497.28172255717,39676.132684921075,,,,,1,1,-1,0,0,45408.00969
2022-03-19,40797.659082083555,42400,40797.659082083555,41964.482500000006,40284.14346053176,40284.14346053176,39857.10748296142,39857.10748296142,39586.707203739126,39918.41954300556,39586.707203739126,39918.41954300556,39586.707203739126,39918.41954300556,39586.707203739126,39918.41954300556,,,,,1,1,-1,0,0,29067.18108
2022-03-20,41381.070791041784,42296.26,40911,41667.625,40070.62547174659,40070.62547174659,39783.50967728472,39783.50967728472,39752.563373372344,40177.759579423204,39752.563373372344,40177.759579423204,39752.563373372344,40177.759579423204,39752.563373372344,40177.759579423204,,,,,1,1,-1,0,0,30653.33468
2022-03-21,41524.34789552089,41544.22,40467.94,41069.130000000005,40070.62547174659,40070.62547174659,39783.50967728472,39783.50967728472,39965.16147639777,40385.331587036504,39965.16147639777,40385.331587036504,39965.16147639777,40385.331587036504,39965.16147639777,40385.331587036504,,,,,1,1,-1,0,0,39426.24877
2022-03-22,41296.738947760445,43361,40875.51,41900.725000000006,40070.62547174659,40070.62547174659,39783.50967728472,39783.50967728472,40175.24653171714,40613.146248358586,40175.24653171714,40613.146248358586,40175.24653171714,40613.146248358586,40175.24653171714,40613.146248358586,,,,,1,1,-1,0,0,59454.94294
2022-03-23,41598.731973880225,43025.96,41598.731973880225,42506.08,40070.62547174659,40070.62547174659,39783.50967728472,39783.50967728472,40394.19639003786,40858.94684484947,40394.19639003786,40858.94684484947,40394.19639003786,40858.94684484947,40394.19639003786,40858.94684484947,,,,,1,1,-1,0,0,40828.87039
2022-03-24,42052.40598694011,44220.89,42052.40598694011,43413.892499999994,40070.62547174659,40070.62547174659,39783.50967728472,39783.50967728472,40626.57161744367,41158.1828364226,40626.57161744367,41158.1828364226,40626.57161744367,41158.1828364226,40626.57161744367,41158.1828364226,,,,,1,1,-1,0,0,56195.12374
2022-03-25,42733.14924347005,45094.14,42733.14924347005,44244.44,40070.62547174659,40070.62547174659,39783.50967728472,39783.50967728472,40892.37722693314,41523.87401340673,40892.37722693314,41523.87401340673,40892.37722693314,41523.87401340673,40892.37722693314,41523.87401340673,,,,,1,1,-1,0,0,54614.43648
2022-03-26,43488.794621735025,44792.99,43488.794621735025,44422.347499999996,40070.62547174659,40070.62547174659,39783.50967728472,39783.50967728472,41208.12562016993,41918.917244662494,41208.12562016993,41918.917244662494,41208.12562016993,41918.917244662494,41208.12562016993,41918.917244662494,,,,,1,1,-1,0,0,23041.61741
2022-03-27,43955.571060867514,46999,43955.571060867514,45689.8725,39927.067574515655,40971.96818942056,39927.067574515655,40971.96818942056,41563.52143241621,42390.4784335393,41563.52143241621,42390.4784335393,41563.52143241621,42390.4784335393,41563.52143241621,42390.4784335393,,,,,1,1,1,1,0,41874.91071
2022-03-28,44822.721780433756,48189.84,44822.721780433756,47200.8425,39927.067574515655,40971.96818942056,39927.067574515655,40971.96818942056,41976.99993297775,42954.41170671982,41976.99993297775,42954.41170671982,41976.99993297775,42954.41170671982,41976.99993297775,42954.41170671982,44822.721780433756,,,40465.94,1,1,1,1,1,58949.2614
2022-03-29,46011.78214021688,48096.47,46011.78214021688,47401.082500000004,39927.067574515655,40971.96818942056,39927.067574515655,40971.96818942056,42465.70581984878,43566.54656650527,42465.70581984878,43566.54656650527,42465.70581984878,43566.54656650527,42465.70581984878,43566.54656650527,,,,40465.94,1,1,1,1,1,36772.28457
2022-03-30,46706.43232010844,47700.22,46445.42,47162.104999999996,39927.067574515655,40971.96818942056,39927.067574515655,40971.96818942056,43016.12619317702,44157.720413384865,43016.12619317702,44157.720413384865,43016.12619317702,44157.720413384865,43016.12619317702,44157.720413384865,,,,40465.94,1,1,1,1,1,40947.2085
2022-03-31,46934.26866005422,47600,45200,46344.5825,39927.067574515655,40971.96818942056,39927.067574515655,40971.96818942056,43586.92330328094,44643.55641985123,43586.92330328094,44643.55641985123,43586.92330328094,44643.55641985123,43586.92330328094,44643.55641985123,,,,40465.94,1,1,1,1,1,48645.12667
2022-04-01,46639.425580027106,46720.09,44200,45678.4825,39927.067574515655,40971.96818942056,39927.067574515655,40971.96818942056,44115.239861566086,44973.919276216024,44115.239861566086,44973.919276216024,44115.239861566086,44973.919276216024,44115.239861566086,44973.919276216024,,,,40465.94,1,1,1,1,1,56271.06474
2022-04-02,46158.95404001355,47213,45620,46231.8725,39927.067574515655,40971.96818942056,39927.067574515655,40971.96818942056,44544.57956889105,45246.491929967364,44544.57956889105,45246.491929967364,44544.57956889105,45246.491929967364,44544.57956889105,45246.491929967364,,,,40465.94,1,1,1,1,1,37073.53582
2022-04-03,46195.41327000677,47444.11,45530.92,46298.342500000006,40449.5178819681,42671.262196806405,40449.5178819681,42671.262196806405,44895.535749429204,45473.310680609924,44895.535749429204,45473.310680609924,44895.535749429204,45473.310680609924,44895.535749429204,45473.310680609924,,,,40465.94,1,1,1,1,1,33394.67794
2022-04-04,46246.877885003385,46890.71,45118,46249.145000000004,40449.5178819681,42671.262196806405,40449.5178819681,42671.262196806405,45184.42321501956,45637.19254563343,45184.42321501956,45637.19254563343,45184.42321501956,45637.19254563343,45184.42321501956,45637.19254563343,,,,40465.94,1,1,1,1,1,44641.87514
2022-04-05,46248.011442501695,47200,45353.81,46157.965,40449.5178819681,42671.262196806405,40449.5178819681,42671.262196806405,45410.807880326494,45767.24888842146,45410.807880326494,45767.24888842146,45410.807880326494,45767.24888842146,45410.807880326494,45767.24888842146,,,,40465.94,1,1,1,1,1,42192.74852
2022-04-06,46202.988221250846,46202.988221250846,43121,44324.0375,40449.5178819681,42671.262196806405,40449.5178819681,42671.262196806405,45589.028384373974,45756.431145918454,45589.028384373974,45756.431145918454,45589.028384373974,45756.431145918454,45589.028384373974,45756.431145918454,,,,40465.94,1,1,1,1,1,60849.32936
2022-04-07,45263.51286062542,45263.51286062542,42727.35,43310.75,40449.5178819681,42671.262196806405,40449.5178819681,42671.262196806405,45672.729765146214,45672.729765146214,45607.81400247432,45607.81400247432,45672.729765146214,45672.729765146214,45607.81400247432,45607.81400247432,,,43310.75,,-1,-1,1,0,0,37396.54156
2022-04-08,44287.131430312715,44287.131430312715,42107.14,42943.4925,40449.5178819681,42671.262196806405,40449.5178819681,42671.262196806405,45640.27188381026,45640.27188381026,45342.76243221657,45342.76243221657,45640.27188381026,45640.27188381026,45342.76243221657,45342.76243221657,,,,,-1,-1,1,0,0,42375.04203
2022-04-09,43615.31196515636,43615.31196515636,42125.48,42482.8675,40449.5178819681,42671.262196806405,40449.5178819681,42671.262196806405,45491.51715801341,45491.51715801341,45007.247737239544,45007.247737239544,45491.51715801341,45491.51715801341,45007.247737239544,45007.247737239544,,,,,-1,-1,1,0,0,17891.66047
2022-04-10,43049.089732578184,43410.3,41868,42547.777500000004,41560.39003938725,43620.502438269184,41560.39003938725,43620.502438269184,45249.38244762647,45249.38244762647,44647.255908108484,44647.255908108484,45249.38244762647,45249.38244762647,44647.255908108484,44647.255908108484,,,,,-1,-1,1,0,0,22771.09403
2022-04-11,42798.4336162891,42798.4336162891,39200,40826.0025,41560.39003938725,43620.502438269184,41560.39003938725,43620.502438269184,44948.31917786747,44948.31917786747,44191.122967850526,44191.122967850526,44948.31917786747,44948.31917786747,44191.122967850526,44191.122967850526,,,,,-1,-1,1,0,0,63560.44721
2022-04-12,41812.21805814455,41812.21805814455,39254.63,39889.755,41560.39003938725,43620.502438269184,41560.39003938725,43620.502438269184,44569.721072859,44569.721072859,43667.246023394306,43667.246023394306,44569.721072859,44569.721072859,43667.246023394306,43667.246023394306,,,,,-1,-1,1,0,0,57751.01778
2022-04-13,40850.986529072274,41561.31,39588.54,40593.1475,41560.39003938725,43620.502438269184,41560.39003938725,43620.502438269184,44118.48354812665,44118.48354812665,43154.43678121462,43154.43678121462,44118.48354812665,44118.48354812665,43154.43678121462,43154.43678121462,,,,,-1,-1,1,0,0,41340.15341
2022-04-14,40722.06701453614,41500,39551.94,40535.525,41560.39003938725,43620.502438269184,41560.39003938725,43620.502438269184,43636.460164670636,43636.460164670636,42686.05435463472,42686.05435463472,43636.460164670636,43636.460164670636,42686.05435463472,42686.05435463472,,,,,-1,-1,1,0,0,36807.01401
2022-04-15,40628.79600726807,40870.36,39766.4,40282.7575,41560.39003938725,43620.502438269184,41560.39003938725,43620.502438269184,43161.25725965268,43161.25725965268,42263.122468646965,42263.122468646965,43161.25725965268,43161.25725965268,42263.122468646965,42263.122468646965,,,,,-1,-1,1,0,0,24026.35739
2022-04-16,40455.77675363404,40709.35,39991.55,40407.8775,41560.39003938725,43620.502438269184,41560.39003938725,43620.502438269184,42712.18986414983,42712.18986414983,41899.355685831484,41899.355685831484,42712.18986414983,42712.18986414983,41899.355685831484,41899.355685831484,,,,,-1,-1,1,0,0,15805.44718
2022-04-17,40431.82712681702,40595.67,39546.17,40049.665,42590.44623882822,43063.954376201495,42590.44623882822,43063.954376201495,42305.77277499066,42305.77277499066,41574.61806237295,41574.61806237295,42305.77277499066,42305.77277499066,41574.61806237295,41574.61806237295,,,,,-1,-1,1,0,0,19988.49259
2022-04-18,40240.746063408515,41116.73,38536.51,40033.12,42590.44623882822,43063.954376201495,42590.44623882822,43063.954376201495,41940.19541868181,41940.19541868181,41281.48792284601,41281.48792284601,41940.19541868181,41940.19541868181,41281.48792284601,41281.48792284601,,,,,-1,-1,1,0,0,54243.49575
2022-04-19,40136.93303170426,41760,40136.93303170426,41156.3275,42590.44623882822,43063.954376201495,42590.44623882822,43063.954376201495,41610.84167076391,41610.84167076391,41101.67701044509,41101.67701044509,41610.84167076391,41610.84167076391,41101.67701044509,41101.67701044509,,,,,-1,-1,1,0,0,35788.85843
2022-04-20,40646.63026585213,42199,40646.63026585213,41467.595,42590.44623882822,43063.954376201495,42590.44623882822,43063.954376201495,41356.259340604505,41356.259340604505,41030.05741776741,41030.05741776741,41356.259340604505,41356.259340604505,41030.05741776741,41030.05741776741,,,,,-1,-1,1,0,0,40877.35041
2022-04-21,41057.112632926066,42976,39751,41141.3,42590.44623882822,43063.954376201495,42590.44623882822,43063.954376201495,41193.15837918596,41193.15837918596,41014.52789589242,41014.52789589242,41193.15837918596,41193.15837918596,41014.52789589242,41014.52789589242,,,,,-1,-1,1,0,0,59316.27657
2022-04-22,41099.20631646304,41099.20631646304,39177,40040.3125,42590.44623882822,43063.954376201495,42590.44623882822,43063.954376201495,41103.84313753919,41103.84313753919,40948.561086780894,40948.561086780894,41103.84313753919,41103.84313753919,40948.561086780894,40948.561086780894,,,,,-1,-1,1,0,0,46664.0196
2022-04-23,40569.75940823152,40569.75940823152,39285,39603.9475,42590.44623882822,43063.954376201495,42590.44623882822,43063.954376201495,41026.20211216004,41026.20211216004,40834.092619625284,40834.092619625284,41026.20211216004,41026.20211216004,40834.092619625284,40834.092619625284,,,,,-1,-1,1,0,0,20291.42375
2022-04-24,40086.85345411576,40086.85345411576,38929.62,39440.340000000004,42827.20030751486,42827.20030751486,42109.178950798996,42109.178950798996,40930.14736589266,40930.14736589266,40674.16947783556,40674.16947783556,40930.14736589266,40930.14736589266,40674.16947783556,40674.16947783556,,,,,-1,-1,-1,-1,0,26703.61186
2022-04-25,39763.596727057884,40616,38200,39673.05,42827.20030751486,42827.20030751486,42109.178950798996,42109.178950798996,40802.158421864115,40802.158421864115,40500.78242979404,40500.78242979404,40802.158421864115,40802.158421864115,40500.78242979404,40500.78242979404,,40616,,42978,-1,-1,-1,-1,-1,63037.12784
2022-04-26,39718.32336352894,40797.31,37702.26,39259.575,42827.20030751486,42827.20030751486,42109.178950798996,42109.178950798996,40651.47042582908,40651.47042582908,40319.298221693614,40319.298221693614,40651.47042582908,40651.47042582908,40319.298221693614,40319.298221693614,,,,42978,-1,-1,-1,-1,-1,66650.258
2022-04-27,39488.949181764474,39488.949181764474,37881.31,38676.0975,42827.20030751486,42827.20030751486,42109.178950798996,42109.178950798996,40485.38432376135,40485.38432376135,40107.0081018413,40107.0081018413,40485.38432376135,40485.38432376135,40107.0081018413,40107.0081018413,,,,42978,-1,-1,-1,-1,-1,57083.12272
2022-04-28,39082.52334088224,40372.63,38881.43,39557.9625,42827.20030751486,42827.20030751486,42109.178950798996,42109.178950798996,40296.19621280132,40296.19621280132,39951.63967776615,39951.63967776615,40296.19621280132,40296.19621280132,39951.63967776615,39951.63967776615,,,,42978,-1,-1,-1,-1,-1,56086.6715
2022-04-29,39320.24292044112,39925.25,38175,39109.604999999996,42827.20030751486,42827.20030751486,42109.178950798996,42109.178950798996,40123.917945283734,40123.917945283734,39806.324173406116,39806.324173406116,40123.917945283734,40123.917945283734,39806.324173406116,39806.324173406116,,,,42978,-1,-1,-1,-1,-1,51453.65715
2022-04-30,39214.923960220556,39214.923960220556,37578.2,38150.1225,42827.20030751486,42827.20030751486,42109.178950798996,42109.178950798996,39965.12105934492,39965.12105934492,39625.90746530069,39625.90746530069,39965.12105934492,39965.12105934492,39625.90746530069,39625.90746530069,,,,42978,-1,-1,-1,-1,-1,35321.18989
2022-05-01,38682.52323011028,38682.52323011028,37386.38,38040.1325,42468.18962915693,42468.18962915693,40967.76845187152,40967.76845187152,39795.5142623228,39795.5142623228,39414.77809260744,39414.77809260744,39795.5142623228,39795.5142623228,39414.77809260744,39414.77809260744,,,,42978,-1,-1,-1,-1,-1,38812.24104
2022-05-02,38361.32786505514,39167.34,38052,38553.2125,42468.18962915693,42468.18962915693,40967.76845187152,40967.76845187152,39605.14617746512,39605.14617746512,39237.91256300893,39237.91256300893,39605.14617746512,39605.14617746512,39237.91256300893,39237.91256300893,,,,42978,-1,-1,-1,-1,-1,53200.92628
2022-05-03,38457.27018252757,38651.51,37517.8,38105.855,42468.18962915693,42468.18962915693,40967.76845187152,40967.76845187152,39421.529370237025,39421.529370237025,39061.614980985,39061.614980985,39421.529370237025,39421.529370237025,39061.614980985,39061.614980985,,,,42978,-1,-1,-1,-1,-1,40316.45358
2022-05-04,38281.56259126379,40023.77,37670,38778.18,42468.18962915693,42468.18962915693,40967.76845187152,40967.76845187152,39241.572175611014,39241.572175611014,38946.1661686477,38946.1661686477,39241.572175611014,39241.572175611014,38946.1661686477,38946.1661686477,,,,42978,-1,-1,-1,-1,-1,62574.61736
2022-05-05,38529.87129563189,39845.51,35571.9,37915.095,42468.18962915693,42468.18962915693,40967.76845187152,40967.76845187152,39093.86917212936,39093.86917212936,38805.12809224676,38805.12809224676,39093.86917212936,39093.86917212936,38805.12809224676,38805.12809224676,,,,42978,-1,-1,-1,-1,-1,88722.43355
2022-05-06,38222.48314781595,38222.48314781595,35258,36125.0925,42468.18962915693,42468.18962915693,40967.76845187152,40967.76845187152,38949.49863218806,38949.49863218806,38575.033577185095,38575.033577185095,38949.49863218806,38949.49863218806,38575.033577185095,38575.033577185095,,,,39673.05,-1,-1,-1,-1,-1,68437.80187
2022-05-07,37173.78782390797,37173.78782390797,34785,35604.365000000005,42468.18962915693,42468.18962915693,40967.76845187152,40967.76845187152,38762.266104686576,38762.266104686576,38255.14072213577,38255.14072213577,38762.266104686576,38762.266104686576,38255.14072213577,38255.14072213577,,,,39673.05,-1,-1,-1,-1,-1,34281.70682
2022-05-08,36389.07641195399,36389.07641195399,33713.95,34684.7425,41717.97904051422,41717.97904051422,39372.38640328397,39372.38640328397,38508.703413411175,38508.703413411175,37842.66366612087,37842.66366612087,38508.703413411175,38508.703413411175,37842.66366612087,37842.66366612087,,,,39673.05,-1,-1,-1,-1,-1,72445.64344
2022-05-09,35536.909455976995,35536.909455976995,30033.33,32097.795000000002,41717.97904051422,41717.97904051422,39372.38640328397,39372.38640328397,38175.68353976602,38175.68353976602,37246.49191214659,37246.49191214659,38175.68353976602,38175.68353976602,37246.49191214659,37246.49191214659,,,,39673.05,-1,-1,-1,-1,-1,191876.926428
2022-05-10,33817.3522279885,33817.3522279885,29730.4,30870.18,41717.97904051422,41717.97904051422,39372.38640328397,39372.38640328397,37711.0877259563,37711.0877259563,36507.152133789496,36507.152133789496,37711.0877259563,37711.0877259563,36507.152133789496,36507.152133789496,,,,39673.05,-1,-1,-1,-1,-1,165532.00311
2022-05-11,32343.76611399425,32343.76611399425,27785,30017.16,41717.97904051422,41717.97904051422,39372.38640328397,39372.38640328397,37109.1199298729,37109.1199298729,35639.039874841306,35639.039874841306,37109.1199298729,37109.1199298729,35639.039874841306,35639.039874841306,,,,38224.48314781595,-1,-1,-1,-1,-1,207063.739278
2022-05-12,31180.463056997127,31180.463056997127,26700,28769.1725,41717.97904051422,41717.97904051422,39372.38640328397,39372.38640328397,36374.0799023571,36374.0799023571,34684.45280099058,34684.45280099058,36374.0799023571,36374.0799023571,34684.45280099058,34684.45280099058,,,,37175.78782390797,-1,-1,-1,-1,-1,204507.263138
2022-05-13,29974.817778498564,31083.37,28751.67,29537.9575,41717.97904051422,41717.97904051422,39372.38640328397,39372.38640328397,35529.26635167384,35529.26635167384,33808.09003484993,33808.09003484993,35529.26635167384,35529.26635167384,33808.09003484993,33808.09003484993,,,,36391.07641195399,-1,-1,-1,-1,-1,97872.36957
2022-05-14,29756.387639249282,30343.27,28630,29586.765000000003,41717.97904051422,41717.97904051422,39372.38640328397,39372.38640328397,34668.67819326188,34668.67819326188,33023.211021758725,33023.211021758725,34668.67819326188,34668.67819326188,33023.211021758725,33023.211021758725,,,,35538.909455976995,-1,-1,-1,-1,-1,51095.87863
2022-05-15,29671.57631962464,31460,29480,30588.9075,40545.182721899095,40545.182721899095,36699.41823915501,36699.41823915501,33845.944607510304,33845.944607510304,32414.88169859594,32414.88169859594,33845.944607510304,33845.944607510304,32414.88169859594,32414.88169859594,,,,33819.3522279885,-1,-1,-1,-1,-1,46275.66912
2022-05-16,30130.24190981232,31328.9,29087.04,30404.71,40545.182721899095,40545.182721899095,36699.41823915501,36699.41823915501,33130.41315305312,33130.41315305312,31937.469461462828,31937.469461462828,33130.41315305312,33130.41315305312,31937.469461462828,31937.469461462828,,,,32345.76611399425,-1,-1,-1,-1,-1,73082.19658
2022-05-17,30267.47595490616,30788.37,29450.38,30139.4225,40545.182721899095,40545.182721899095,36699.41823915501,36699.41823915501,32533.941307257977,32533.941307257977,31556.805319890816,31556.805319890816,32533.941307257977,32533.941307257977,31556.805319890816,31556.805319890816,,,,31462,-1,-1,-1,-1,-1,56724.13307
2022-05-18,30203.44922745308,30709.99,28654.47,29631.177499999998,40545.182721899095,40545.182721899095,36699.41823915501,36699.41823915501,32045.373313574397,32045.373313574397,31222.98128599921,31222.98128599921,32045.373313574397,32045.373313574397,31222.98128599921,31222.98128599921,,,,31462,-1,-1,-1,-1,-1,59749.15799
2022-05-19,29917.31336372654,30545.18,28691.38,29567.78,40545.182721899095,40545.182721899095,36699.41823915501,36699.41823915501,31634.177299786803,31634.177299786803,30930.07958617712,30930.07958617712,31634.177299786803,31634.177299786803,30930.07958617712,30930.07958617712,,,,31462,-1,-1,-1,-1,-1,67877.36415
2022-05-20,29742.54668186327,30777.33,28730,29756.89,40545.182721899095,40545.182721899095,36699.41823915501,36699.41823915501,31282.12844298196,31282.12844298196,30688.64653375247,30688.64653375247,31282.12844298196,31282.12844298196,30688.64653375247,30688.64653375247,,,,31462,-1,-1,-1,-1,-1,60517.25325
2022-05-21,29749.718340931635,29749.718340931635,28947.28,29312.3825,40545.182721899095,40545.182721899095,36699.41823915501,36699.41823915501,30985.387488367214,30985.387488367214,30464.966954773266,30464.966954773266,30985.387488367214,30985.387488367214,30464.966954773266,30464.966954773266,,,,31330.9,-1,-1,-1,-1,-1,20987.13124
2022-05-22,29531.050420465817,30487.99,29255.11,29870.5275,38622.300480527054,38622.300480527054,34425.89487488083,34425.89487488083,30725.17722157024,30725.17722157024,30300.24559794681,30300.24559794681,30725.17722157024,30725.17722157024,30300.24559794681,30300.24559794681,,,,30790.37,-1,-1,-1,-1,-1,36158.98748
2022-05-23,29700.78896023291,30670.51,28866.35,29734.985,38622.300480527054,38622.300480527054,34425.89487488083,34425.89487488083,30512.711409758525,30512.711409758525,30173.856777393255,30173.856777393255,30512.711409758525,30512.711409758525,30173.856777393255,30173.856777393255,,,,30779.33,-1,-1,-1,-1,-1,63901.49932
2022-05-24,29717.886980116455,29845.86,28669,29319.645,38622.300480527054,38622.300480527054,34425.89487488083,34425.89487488083,30343.28409357589,30343.28409357589,30045.030102702563,30045.030102702563,30343.28409357589,30343.28409357589,30045.030102702563,30045.030102702563,,,,30779.33,-1,-1,-1,-1,-1,59442.96036
2022-05-25,29518.76599005823,30223.74,29294.21,29678.67,38622.300480527054,38622.300480527054,34425.89487488083,34425.89487488083,30194.157098139225,30194.157098139225,29952.361334052417,29952.361334052417,30194.157098139225,30194.157098139225,29952.361334052417,29952.361334052417,,,,30779.33,-1,-1,-1,-1,-1,59537.38659
2022-05-26,29598.717995029114,29886.64,28019.56,29162.4225,38622.300480527054,38622.300480527054,34425.89487488083,34425.89487488083,30073.25921609582,30073.25921609582,29839.291356656115,29839.291356656115,30073.25921609582,30073.25921609582,29839.291356656115,29839.291356656115,,,,30672.51,-1,-1,-1,-1,-1,94581.65463
2022-05-27,29380.57024751456,29397.66,28282.9,28877.9275,38622.300480527054,38622.300480527054,34425.89487488083,34425.89487488083,29956.275286375967,29956.275286375967,29710.567418779843,29710.567418779843,29956.275286375967,29956.275286375967,29710.567418779843,29710.567418779843,,,,30672.51,-1,-1,-1,-1,-1,90998.5201
2022-05-28,29129.24887375728,29266,28450,28844.285,38622.300480527054,38622.300480527054,34425.89487488083,34425.89487488083,29833.421352577905,29833.421352577905,29580.43545218509,29580.43545218509,29833.421352577905,29833.421352577905,29580.43545218509,29580.43545218509,,,,30672.51,-1,-1,-1,-1,-1,34479.35127
2022-05-29,28986.766936878637,29587.78,28839.21,29231.605000000003,36524.09767770395,36524.09767770395,32540.726825696747,32540.726825696747,29706.928402381498,29706.928402381498,29482.45431506617,29482.45431506617,29706.928402381498,29706.928402381498,29482.45431506617,29482.45431506617,,,,30225.74,-1,-1,-1,-1,-1,27567.34764
2022-05-30,29109.18596843932,32222,29109.18596843932,30680.985,36524.09767770395,36524.09767770395,32540.726825696747,32540.726825696747,29594.691358723834,29594.691358723834,29507.652888335426,29507.652888335426,29594.691358723834,29594.691358723834,29507.652888335426,29507.652888335426,,,30680.985,,-1,-1,-1,-1,0,96785.9476
2022-05-31,29895.08548421966,32399,29895.08548421966,31783.57,36524.09767770395,36524.09767770395,32540.726825696747,32540.726825696747,29551.17212352963,29651.45954286325,29551.17212352963,29651.45954286325,29551.17212352963,29651.45954286325,29551.17212352963,29651.45954286325,,,,,1,1,-1,0,0,62433.11632
2022-06-01,30839.327742109832,31982.97,29301,30722.7125,36524.09767770395,36524.09767770395,32540.726825696747,32540.726825696747,29601.31583319644,29812.79536099083,29601.31583319644,29812.79536099083,29601.31583319644,29812.79536099083,29601.31583319644,29812.79536099083,,,,,1,1,-1,0,0,103395.63382
2022-06-02,30781.020121054917,30781.020121054917,29594.55,30135.5025,36524.09767770395,36524.09767770395,32540.726825696747,32540.726825696747,29707.055597093637,29933.438993853622,29707.055597093637,29933.438993853622,29707.055597093637,29933.438993853622,29707.055597093637,29933.438993853622,,,,,1,1,-1,0,0,56961.42928
2022-06-03,30458.261310527458,30699,29282.36,30033.550000000003,36524.09767770395,36524.09767770395,32540.726825696747,32540.726825696747,29820.24729547363,30006.170807747658,29820.24729547363,30006.170807747658,29820.24729547363,30006.170807747658,29820.24729547363,30006.170807747658,,,,,1,1,-1,0,0,54067.44727
2022-06-04,30245.90565526373,30245.90565526373,29485,29759.5325,36524.09767770395,36524.09767770395,32540.726825696747,32540.726825696747,29913.209051610644,30033.70477822125,29913.209051610644,30033.70477822125,29913.209051610644,30033.70477822125,29913.209051610644,30033.70477822125,,,,,1,1,-1,0,0,25617.90113
2022-06-05,30002.719077631868,30189,29531.42,29875.915,34532.41225170035,34532.41225170035,31546.445270509423,31546.445270509423,29973.456914915947,30034.648074769968,29973.456914915947,30034.648074769968,29973.456914915947,30034.648074769968,29973.456914915947,30034.648074769968,,,,,1,1,-1,0,0,23139.9281
2022-06-06,29939.317038815934,31765.64,29890.23,30737.042499999996,34532.41225170035,34532.41225170035,31546.445270509423,31546.445270509423,30004.052494842956,30083.835774042393,30004.052494842956,30083.835774042393,30004.052494842956,30083.835774042393,30004.052494842956,30083.835774042393,,,,,1,1,-1,0,0,68836.92456
2022-06-07,30338.179769407965,31589.6,29218.96,30826.7475,34532.41225170035,34532.41225170035,31546.445270509423,31546.445270509423,30043.944134442674,30143.193237552598,30043.944134442674,30143.193237552598,30043.944134442674,30143.193237552598,30043.944134442674,30143.193237552598,,,,,1,1,-1,0,0,110674.51658
2022-06-08,30582.463634703985,31327.22,29843.88,30625.2975,34532.41225170035,34532.41225170035,31546.445270509423,31546.445270509423,30093.568685997638,30211.02868017944,30093.568685997638,30211.02868017944,30093.568685997638,30211.02868017944,30093.568685997638,30211.02868017944,,,,,1,1,-1,0,0,68542.61276
2022-06-09,30603.880567351993,30700,29944.1,30239.699999999997,34532.41225170035,34532.41225170035,31546.445270509423,31546.445270509423,30152.29868308854,30256.986683330506,30152.29868308854,30256.986683330506,30152.29868308854,30256.986683330506,30152.29868308854,30256.986683330506,,,,,1,1,-1,0,0,46291.1865
2022-06-10,30421.790283675997,30421.790283675997,28850,29608.6525,34532.41225170035,34532.41225170035,31546.445270509423,31546.445270509423,30204.642683209524,30240.084558890558,30204.642683209524,30240.084558890558,30204.642683209524,30240.084558890558,30204.642683209524,30240.084558890558,,,,,1,1,-1,0,0,76204.2498
2022-06-11,30015.221391838,30015.221391838,28099.99,28764.2425,34532.41225170035,34532.41225170035,31546.445270509423,31546.445270509423,30222.36362105004,30222.36362105004,30141.84883522111,30141.84883522111,30222.36362105004,30222.36362105004,30141.84883522111,30141.84883522111,,,,,-1,-1,-1,-1,0,65901.39895
2022-06-12,29389.731945919,29389.731945919,26560,27526.05,33039.428761104886,33039.428761104886,30497.501997222487,30497.501997222487,30182.106228135577,30182.106228135577,29924.85257641878,29924.85257641878,30182.106228135577,30182.106228135577,29924.85257641878,29924.85257641878,,29389.731945919,,31767.64,-1,-1,-1,-1,-1,92474.598809
2022-06-13,28457.8909729595,28457.8909729595,21925.77,24470.8875,33039.428761104886,33039.428761104886,30497.501997222487,30497.501997222487,30053.47940227718,30053.47940227718,29459.43274764978,29459.43274764978,30053.47940227718,30053.47940227718,29459.43274764978,29459.43274764978,,,,31767.64,-1,-1,-1,-1,-1,254611.034966
2022-06-14,26464.38923647975,26464.38923647975,20846,22207.64,33039.428761104886,33039.428761104886,30497.501997222487,30497.501997222487,29756.45607496348,29756.45607496348,28756.563216054474,28756.563216054474,29756.45607496348,29756.45607496348,28756.563216054474,28756.563216054474,,,,27526.05,-1,-1,-1,-1,-1,187201.64671
2022-06-15,24336.014618239875,24336.014618239875,20111.62,21907.94,33039.428761104886,33039.428761104886,30497.501997222487,30497.501997222487,29256.509645508977,29256.509645508977,27887.787131804707,27887.787131804707,29256.509645508977,29256.509645508977,27887.787131804707,27887.787131804707,,,,27526.05,-1,-1,-1,-1,-1,200774.493467
2022-06-16,23121.97730911994,23121.97730911994,20232,21553.19,33039.428761104886,33039.428761104886,30497.501997222487,30497.501997222487,28572.148388656842,28572.148388656842,26959.647094510838,26959.647094510838,28572.148388656842,28572.148388656842,26959.647094510838,26959.647094510838,,,,27526.05,-1,-1,-1,-1,-1,99673.59429
2022-06-17,22337.583654559967,22337.583654559967,20246.66,20620.375,33039.428761104886,33039.428761104886,30497.501997222487,30497.501997222487,27765.89774158384,27765.89774158384,26031.03983113096,26031.03983113096,27765.89774158384,27765.89774158384,26031.03983113096,26031.03983113096,,,,27526.05,-1,-1,-1,-1,-1,86694.33663
2022-06-18,21478.979327279983,21478.979327279983,17622,19463.415,33039.428761104886,33039.428761104886,30497.501997222487,30497.501997222487,26898.4687863574,26898.4687863574,25062.561204443373,25062.561204443373,26898.4687863574,26898.4687863574,25062.561204443373,25062.561204443373,,,,27526.05,-1,-1,-1,-1,-1,196441.655524
2022-06-19,20471.19716363999,20815.95,17960.41,19580.287500000002,31768.465379163685,31768.465379163685,27932.343598940897,27932.343598940897,25980.514995400386,25980.514995400386,24134.551175230645,24134.551175230645,25980.514995400386,25980.514995400386,24134.551175230645,24134.551175230645,,,,26466.38923647975,-1,-1,-1,-1,-1,128320.87595
2022-06-20,20025.742331819994,21090,19637.03,20468.73,31768.465379163685,31768.465379163685,27932.343598940897,27932.343598940897,25057.533085315517,25057.533085315517,23361.108664506868,23361.108664506868,25057.533085315517,25057.533085315517,23361.108664506868,23361.108664506868,,,,24338.014618239875,-1,-1,-1,-1,-1,109028.94154
2022-06-21,20247.23616591,21723,20247.23616591,20842.205,31768.465379163685,31768.465379163685,27932.343598940897,27932.343598940897,24209.320874911195,24209.320874911195,22769.396441142275,22769.396441142275,24209.320874911195,24209.320874911195,22769.396441142275,22769.396441142275,,,,23123.97730911994,-1,-1,-1,-1,-1,104371.0749
2022-06-22,20544.720582955,20900,19770.51,20345.5025,31768.465379163685,31768.465379163685,27932.343598940897,27932.343598940897,23489.358658026737,23489.358658026737,22281.77845509182,22281.77845509182,23489.358658026737,23489.358658026737,22281.77845509182,22281.77845509182,,,,22339.583654559967,-1,-1,-1,-1,-1,92133.97938
2022-06-23,20445.111541477498,21233,19890.07,20555.3,31768.465379163685,31768.465379163685,27932.343598940897,27932.343598940897,22885.56855655928,22885.56855655928,21898.58712207072,21898.58712207072,22885.56855655928,22885.56855655928,21898.58712207072,21898.58712207072,,,,21725,-1,-1,-1,-1,-1,83127.08716
2022-06-24,20500.20577073875,21558.41,20500.20577073875,21160.735,31768.465379163685,31768.465379163685,27932.343598940897,27932.343598940897,22392.077839315,22392.077839315,21633.658012287422,21633.658012287422,22392.077839315,22392.077839315,21633.658012287422,21633.658012287422,,,,21725,-1,-1,-1,-1,-1,77430.36622
2022-06-25,20830.470385369375,21614.5,20830.470385369375,21312.4975,31768.465379163685,31768.465379163685,27932.343598940897,27932.343598940897,22012.86792580121,22012.86792580121,21466.764565979418,21466.764565979418,22012.86792580121,22012.86792580121,21466.764565979418,21466.764565979418,,,,21725,-1,-1,-1,-1,-1,51431.67794
2022-06-26,21071.48394268469,21888,20964.73,21345.495000000003,29850.40448905229,29850.40448905229,25571.26929836047,25571.26929836047,21739.816245890313,21739.816245890313,21375.606528341617,21375.606528341617,21739.816245890313,21739.816245890313,21375.606528341617,21375.606528341617,,,,21725,-1,-1,-1,-1,-1,53278.10464
2022-06-27,21208.489471342345,21539.85,20510,20957.6225,29850.40448905229,29850.40448905229,25571.26929836047,25571.26929836047,21557.711387115964,21557.711387115964,21304.47801873233,21304.47801873233,21557.711387115964,21557.711387115964,21304.47801873233,21304.47801873233,,,,21725,-1,-1,-1,-1,-1,64475.0013
2022-06-28,21083.055985671173,21212.1,20202.01,20609.4925,29850.40448905229,29850.40448905229,25571.26929836047,25571.26929836047,21431.094702924147,21431.094702924147,21224.367967820035,21224.367967820035,21431.094702924147,21431.094702924147,21224.367967820035,21224.367967820035,,,,21725,-1,-1,-1,-1,-1,63801.0832
2022-06-29,20846.274242835585,20846.274242835585,19854.92,20172.879999999997,29850.40448905229,29850.40448905229,25571.26929836047,25571.26929836047,21327.73133537209,21327.73133537209,21116.380535491877,21116.380535491877,21327.73133537209,21327.73133537209,21116.380535491877,21116.380535491877,,,,21725,-1,-1,-1,-1,-1,77309.04379
2022-06-30,20509.57712141779,20509.57712141779,18626,19717.572500000002,29850.40448905229,29850.40448905229,25571.26929836047,25571.26929836047,21222.05593543198,21222.05593543198,20952.59094709136,20952.59094709136,21222.05593543198,21222.05593543198,20952.59094709136,20952.59094709136,,,,21725,-1,-1,-1,-1,-1,93846.64806
2022-07-01,20113.574810708895,20918.35,18975,19778.84,29850.40448905229,29850.40448905229,25571.26929836047,25571.26929836047,21087.32344126167,21087.32344126167,20786.720273000974,20786.720273000974,21087.32344126167,21087.32344126167,20786.720273000974,20786.720273000974,,,,21725,-1,-1,-1,-1,-1,111844.59494
2022-07-02,19946.20740535445,19946.20740535445,18977.01,19244.2525,29850.40448905229,29850.40448905229,25571.26929836047,25571.26929836047,20937.02185713132,20937.02185713132,20597.464985507795,20597.464985507795,20937.02185713132,20937.02185713132,20597.464985507795,20597.464985507795,,,,21541.85,-1,-1,-1,-1,-1,46180.3021
2022-07-03,19595.229952677226,19647.63,18781,19249.32,27710.83689370638,27710.83689370638,23483.029637292504,23483.029637292504,20767.243421319556,20767.243421319556,20395.44185158089,20395.44185158089,20767.243421319556,20767.243421319556,20395.44185158089,20395.44185158089,,,,21214.1,-1,-1,-1,-1,-1,51087.46631
2022-07-04,19422.274976338613,20354.01,19055.31,19740.464999999997,27710.83689370638,27710.83689370638,23483.029637292504,23483.029637292504,20581.34263645022,20581.34263645022,20234.28200174867,20234.28200174867,20581.34263645022,20581.34263645022,20234.28200174867,20234.28200174867,,,,20920.35,-1,-1,-1,-1,-1,74814.04601
2022-07-05,19581.369988169303,20750,19304.4,20116.735,27710.83689370638,27710.83689370638,23483.029637292504,23483.029637292504,20407.81231909944,20407.81231909944,20132.74911585307,20132.74911585307,20407.81231909944,20407.81231909944,20132.74911585307,20132.74911585307,,,,20920.35,-1,-1,-1,-1,-1,96041.13756
2022-07-06,19849.05249408465,20675.22,19761.25,20294.204999999998,27710.83689370638,27710.83689370638,23483.029637292504,23483.029637292504,20270.280717476253,20270.280717476253,20086.45001422784,20086.45001422784,20270.280717476253,20270.280717476253,20086.45001422784,20086.45001422784,,,,20920.35,-1,-1,-1,-1,-1,82439.5808
2022-07-07,20071.628747042327,21838.1,20071.628747042327,21069.8175,27710.83689370638,27710.83689370638,23483.029637292504,23483.029637292504,20178.365365852045,20178.365365852045,20124.96320985103,20124.96320985103,20178.365365852045,20178.365365852045,20124.96320985103,20124.96320985103,,,21069.8175,,-1,-1,-1,-1,0,85014.58261
2022-07-08,20570.723123521166,22527.37,20570.723123521166,21734.0925,27710.83689370638,27710.83689370638,23483.029637292504,23483.029637292504,20151.664287851538,20251.8928324227,20151.664287851538,20251.8928324227,20151.664287851538,20251.8928324227,20151.664287851538,20251.8928324227,,,,,1,1,-1,0,0,403081.57349
2022-07-09,21152.407811760582,21980,21152.407811760582,21622.175,27710.83689370638,27710.83689370638,23483.029637292504,23483.029637292504,20201.778560137118,20420.002640596824,20201.778560137118,20420.002640596824,20201.778560137118,20420.002640596824,20201.778560137118,20420.002640596824,,,,,1,1,-1,0,0,178417.84468
2022-07-10,21387.291405880293,21607.65,20655,21179.3175,25596.93326549944,25596.93326549944,22132.090795721913,22132.090795721913,20310.89060036697,20568.43718093348,20310.89060036697,20568.43718093348,20310.89060036697,20568.43718093348,20310.89060036697,20568.43718093348,,,,,1,1,-1,0,0,192188.21556
2022-07-11,21283.304452940145,21283.304452940145,19875.23,20392.1075,25596.93326549944,25596.93326549944,22132.090795721913,22132.090795721913,20439.663890650223,20650.155470471618,20439.663890650223,20650.155470471618,20439.663890650223,20650.155470471618,20439.663890650223,20650.155470471618,,,,,1,1,-1,0,0,137535.40724
2022-07-12,20837.70597647007,20837.70597647007,19240,19647.945,25596.93326549944,25596.93326549944,22132.090795721913,22132.090795721913,20544.90968056092,20643.018118279495,20544.90968056092,20643.018118279495,20544.90968056092,20643.018118279495,20544.90968056092,20643.018118279495,,,,,1,1,-1,0,0,139506.45862
2022-07-13,20242.825488235037,20366.61,18910.94,19710.925,25596.93326549944,25596.93326549944,22132.090795721913,22132.090795721913,20593.963899420207,20593.963899420207,20565.44797648133,20565.44797648133,20593.963899420207,20593.963899420207,20565.44797648133,20565.44797648133,,,,,-1,-1,-1,-1,0,209250.24888
2022-07-14,19976.875244117517,20900,19616.07,20334.945,25596.93326549944,25596.93326549944,22132.090795721913,22132.090795721913,20579.705937950766,20579.705937950766,20497.38409560201,20497.38409560201,20579.705937950766,20579.705937950766,20497.38409560201,20497.38409560201,,20900,,22529.37,-1,-1,-1,-1,-1,174809.21696
2022-07-15,20155.910122058758,21200,20155.910122058758,20750.2925,25596.93326549944,25596.93326549944,22132.090795721913,22132.090795721913,20538.54501677639,20538.54501677639,20471.678203674095,20471.678203674095,20538.54501677639,20538.54501677639,20471.678203674095,20471.678203674095,,,,22529.37,-1,-1,-1,-1,-1,143343.3049
2022-07-16,20453.10131102938,21588.94,20453.10131102938,21023.2975,25596.93326549944,25596.93326549944,22132.090795721913,22132.090795721913,20505.11161022524,20505.11161022524,20495.942727604677,20495.942727604677,20505.11161022524,20505.11161022524,20495.942727604677,20495.942727604677,,,,22529.37,-1,-1,-1,-1,-1,121011.67393
2022-07-17,20738.19940551469,21684.54,20738.19940551469,21107.0775,23864.512030610676,23864.512030610676,21289.810772787812,21289.810772787812,20500.52716891496,20558.027181008074,20500.52716891496,20558.027181008074,20500.52716891496,20558.027181008074,20500.52716891496,20558.027181008074,,,21107.0775,,1,1,-1,0,0,118229.4525
2022-07-18,20922.638452757346,22777.63,20762.45,21693.06,23864.512030610676,23864.512030610676,21289.810772787812,21289.810772787812,20529.277174961517,20674.192586567995,20529.277174961517,20674.192586567995,20529.277174961517,20674.192586567995,20529.277174961517,20674.192586567995,,,,,1,1,-1,0,0,239942.73132
2022-07-19,21307.849226378676,23800,21307.849226378676,22802.184999999998,23864.512030610676,23864.512030610676,21289.810772787812,21289.810772787812,20601.734880764754,20873.316733751188,20601.734880764754,20873.316733751188,20601.734880764754,20873.316733751188,20601.734880764754,20873.316733751188,,,,,1,1,-1,0,0,263770.76574
2022-07-20,22055.017113189337,24276.74,22055.017113189337,23451.1775,23864.512030610676,23864.512030610676,21289.810772787812,21289.810772787812,20737.52580725797,21151.67877557832,20737.52580725797,21151.67877557832,20737.52580725797,21151.67877557832,20737.52580725797,21151.67877557832,,,,,1,1,-1,0,0,238762.17094
2022-07-21,22753.097306594667,23442.77,22341.46,23039.93,23864.512030610676,23864.512030610676,21289.810772787812,21289.810772787812,20944.602291418145,21436.481999637235,20944.602291418145,21436.481999637235,20944.602291418145,21436.481999637235,20944.602291418145,21436.481999637235,,,,,1,1,-1,0,0,184817.68191
2022-07-22,22896.513653297334,23756.49,22500,23023.3775,23864.512030610676,23864.512030610676,21289.810772787812,21289.810772787812,21190.54214552769,21712.28912985914,21190.54214552769,21712.28912985914,21190.54214552769,21712.28912985914,21190.54214552769,21712.28912985914,,,,,1,1,-1,0,0,171598.43966
2022-07-23,22959.945576648664,23000.77,21934.57,22517.810000000005,23864.512030610676,23864.512030610676,21289.810772787812,21289.810772787812,21451.41563769341,21920.197769678518,21451.41563769341,21920.197769678518,21451.41563769341,21920.197769678518,21451.41563769341,21920.197769678518,,,,,1,1,-1,0,0,122137.77375
2022-07-24,22738.877788324335,23014.64,22257.15,22575.012499999997,22577.161401699243,22577.161401699243,21511.358583336736,21511.358583336736,21685.806703685965,22081.774895141123,21685.806703685965,22081.774895141123,21685.806703685965,22081.774895141123,21685.806703685965,22081.774895141123,,,,,1,1,-1,0,0,115189.67277
2022-07-25,22656.945144162164,22666,21250,21951.0075,22577.161401699243,22577.161401699243,21511.358583336736,21511.358583336736,21883.790799413542,22161.552066214732,21883.790799413542,22161.552066214732,21883.790799413542,22161.552066214732,21883.790799413542,22161.552066214732,,,,,1,1,-1,0,0,180344.76643
2022-07-26,22303.976322081082,22303.976322081082,20706.5,21154.9725,22577.161401699243,22577.161401699243,21511.358583336736,21511.358583336736,22022.671432814135,22150.40845447804,22022.671432814135,22150.40845447804,22022.671432814135,22150.40845447804,22022.671432814135,22150.40845447804,,,,,1,1,-1,0,0,177817.24326
2022-07-27,21729.47441104054,23112.63,21042.53,22090.57,22577.161401699243,22577.161401699243,21511.358583336736,21511.358583336736,22086.53994364609,22131.28744884822,22086.53994364609,22131.28744884822,22086.53994364609,22131.28744884822,22086.53994364609,22131.28744884822,,,,,1,1,-1,0,0,210971.19796
2022-07-28,21910.02220552027,24199.72,21910.02220552027,23394.7725,22577.161401699243,22577.161401699243,21511.358583336736,21511.358583336736,22108.913696247153,22186.572915457582,22108.913696247153,22186.572915457582,22108.913696247153,22186.572915457582,22108.913696247153,22186.572915457582,,,,,1,1,-1,0,0,236029.0741
2022-07-29,22652.397352760134,24442.66,22652.397352760134,23868.9225,22577.161401699243,22577.161401699243,21511.358583336736,21511.358583336736,22147.743305852367,22320.596923068395,22147.743305852367,22320.596923068395,22147.743305852367,22320.596923068395,22147.743305852367,22320.596923068395,,,,,1,1,-1,0,0,198298.50623
2022-07-30,23260.659926380067,24668,23260.659926380067,23897.76,22577.161401699243,22577.161401699243,21511.358583336736,21511.358583336736,22234.17011446038,22512.134619075365,22234.17011446038,22512.134619075365,22234.17011446038,22512.134619075365,22234.17011446038,22512.134619075365,,,,,1,1,-1,0,0,151060.13211
2022-07-31,23579.209963190035,24194.82,23227.31,23590.0225,22044.25999251799,22044.25999251799,21938.02332574949,21938.02332574949,22373.15236676787,22702.47052136503,22373.15236676787,22702.47052136503,22373.15236676787,22702.47052136503,22373.15236676787,22702.47052136503,,,,,1,1,-1,0,0,127743.32483
2022-08-01,23584.616231595017,23584.616231595017,22850,23231.0125,22044.25999251799,22044.25999251799,21938.02332574949,21938.02332574949,22537.81144406645,22845.524228605318,22537.81144406645,22845.524228605318,22537.81144406645,22845.524228605318,22537.81144406645,22845.524228605318,,,,,1,1,-1,0,0,144210.16219
2022-08-02,23407.81436579751,23459.89,22654.37,23092.237500000003,22044.25999251799,22044.25999251799,21938.02332574949,21938.02332574949,22691.66783633588,22939.66517979248,22691.66783633588,22939.66517979248,22691.66783633588,22939.66517979248,22691.66783633588,22939.66517979248,,,,,1,1,-1,0,0,158073.28225
2022-08-03,23250.025932898756,23647.68,22681.22,23033.3,22044.25999251799,22044.25999251799,21938.02332574949,21938.02332574949,22815.666508064176,23002.565739540463,22815.666508064176,23002.565739540463,22815.666508064176,23002.565739540463,22815.666508064176,23002.565739540463,,,,,1,1,-1,0,0,145948.80995
2022-08-04,23141.662966449378,23223.32,22400,22765.802499999998,22044.25999251799,22044.25999251799,21938.02332574949,21938.02332574949,22909.116123802316,23021.264278718132,22909.116123802316,23021.264278718132,22909.116123802316,23021.264278718132,22909.116123802316,23021.264278718132,,,,,1,1,-1,0,0,154854.67016
2022-08-05,22953.732733224686,23472.86,22586.95,22998.66,22044.25999251799,22044.25999251799,21938.02332574949,21938.02332574949,22965.190201260222,23028.37127740887,22965.190201260222,23028.37127740887,22965.190201260222,23028.37127740887,22965.190201260222,23028.37127740887,,,,,1,1,-1,0,0,175251.69749
2022-08-06,22976.19636661234,23354.36,22909.52,23132.9125,22044.25999251799,22044.25999251799,21938.02332574949,21938.02332574949,22996.780739334547,23037.454626952924,22996.780739334547,23037.454626952924,22996.780739334547,23037.454626952924,22996.780739334547,23037.454626952924,,,,,1,1,-1,0,0,83911.80307
2022-08-07,23054.55443330617,23402,22844.62,23093.805,21991.14165913374,22353.71534174145,21991.14165913374,22353.71534174145,23017.117683143733,23047.14154397336,23017.117683143733,23047.14154397336,23017.117683143733,23047.14154397336,23017.117683143733,23047.14154397336,,,,,1,1,1,1,0,88890.00877
2022-08-08,23074.179716653085,24245,23074.179716653085,23595.91,21991.14165913374,22353.71534174145,21991.14165913374,22353.71534174145,23032.129613558543,23091.677733192068,23032.129613558543,23091.677733192068,23032.129613558543,23091.677733192068,23032.129613558543,23091.677733192068,23074.179716653085,,,22398,1,1,1,1,1,170958.44152
2022-08-09,23335.044858326542,23933.25,22865,23439.795,21991.14165913374,22353.71534174145,21991.14165913374,22353.71534174145,23061.903673375306,23139.26970872876,23061.903673375306,23139.26970872876,23061.903673375306,23139.26970872876,23061.903673375306,23139.26970872876,,,,22398,1,1,1,1,1,143182.50858
2022-08-10,23387.41992916327,24226,22664.69,23499.015,21991.14165913374,22353.71534174145,21991.14165913374,22353.71534174145,23100.58669105203,23188.59143274029,23100.58669105203,23188.59143274029,23100.58669105203,23188.59143274029,23100.58669105203,23188.59143274029,,,,22398,1,1,1,1,1,208916.54953
2022-08-11,23443.217464581634,24918.54,23443.217464581634,24164.7775,21991.14165913374,22353.71534174145,21991.14165913374,22353.71534174145,23144.58906189616,23283.061275016826,23144.58906189616,23283.061275016826,23144.58906189616,23283.061275016826,23144.58906189616,23283.061275016826,,,,22398,1,1,1,1,1,249759.79557
2022-08-12,23803.99748229082,24456.5,23583,24094.067499999997,21991.14165913374,22353.71534174145,21991.14165913374,22353.71534174145,23213.825168456493,23389.487643239732,23213.825168456493,23389.487643239732,23213.825168456493,23389.487643239732,23213.825168456493,23389.487643239732,,,,22398,1,1,1,1,1,174207.5704
2022-08-13,23949.032491145408,24888,23949.032491145408,24505.575,21991.14165913374,22353.71534174145,21991.14165913374,22353.71534174145,23301.656405848113,23522.124157506685,23301.656405848113,23522.124157506685,23301.656405848113,23522.124157506685,23301.656405848113,23522.124157506685,,,,22398,1,1,1,1,1,152852.25435
2022-08-14,24227.303745572703,25047.56,24144,24484.965,22172.428500437596,22922.676758550628,22172.428500437596,22922.676758550628,23411.8902816774,23668.806355621175,23411.8902816774,23668.806355621175,23411.8902816774,23668.806355621175,23411.8902816774,23668.806355621175,,,,22398,1,1,1,1,1,151206.14473
2022-08-15,24356.13437278635,25211.32,23773.22,24346.152500000004,22172.428500437596,22922.676758550628,22172.428500437596,22922.676758550628,23540.34831864929,23804.182524747972,23540.34831864929,23804.182524747972,23540.34831864929,23804.182524747972,23540.34831864929,23804.182524747972,,,,22398,1,1,1,1,1,242539.54758
2022-08-16,24351.143436393177,24351.143436393177,23671.22,23966.6225,22172.428500437596,22922.676758550628,22172.428500437596,22922.676758550628,23672.26542169863,23892.322498647023,23672.26542169863,23892.322498647023,23672.26542169863,23892.322498647023,23672.26542169863,23892.322498647023,,,,22398,1,1,1,1,1,179324.94821
2022-08-17,24158.882968196587,24446.71,23180.4,23706.480000000003,22172.428500437596,22922.676758550628,22172.428500437596,22922.676758550628,23782.293960172825,23931.74744143566,23782.293960172825,23931.74744143566,23782.293960172825,23931.74744143566,23782.293960172825,23931.74744143566,,,,22398,1,1,1,1,1,210668.68766
2022-08-18,23932.681484098295,23932.681484098295,23111.04,23311.225000000002,22172.428500437596,22922.676758550628,22172.428500437596,22922.676758550628,23857.02070080424,23918.15993034711,23857.02070080424,23918.15993034711,23857.02070080424,23918.15993034711,23857.02070080424,23918.15993034711,,,,22398,1,1,1,1,1,144185.97011
2022-08-19,23621.95324204915,23621.95324204915,20783.57,22004.52,22172.428500437596,22922.676758550628,22172.428500437596,22922.676758550628,23887.590315575675,23887.590315575675,23786.471464343784,23786.471464343784,23887.590315575675,23887.590315575675,23786.471464343784,23786.471464343784,,,22004.52,,-1,-1,1,0,0,283995.87747
2022-08-20,22813.236621024575,22813.236621024575,20761.9,21029.802499999998,22172.428500437596,22922.676758550628,22172.428500437596,22922.676758550628,23837.03088995973,23837.03088995973,23553.289955423876,23553.289955423876,23837.03088995973,23837.03088995973,23553.289955423876,23553.289955423876,,,,,-1,-1,1,0,0,183041.68363
2022-08-21,21921.519560512286,21921.519560512286,21069.11,21381.197500000002,22547.552629494112,23035.738137236272,22547.552629494112,23035.738137236272,23695.160422691803,23695.160422691803,23268.47606902412,23268.47606902412,23695.160422691803,23695.160422691803,23268.47606902412,23268.47606902412,,,,,-1,-1,1,0,0,159200.6841
2022-08-22,21651.358530256144,21651.358530256144,20890.18,21338.855000000003,22547.552629494112,23035.738137236272,22547.552629494112,23035.738137236272,23481.81824585796,23481.81824585796,22967.95953946903,22967.95953946903,23481.81824585796,23481.81824585796,22967.95953946903,22967.95953946903,,,,,-1,-1,1,0,0,222222.04526
2022-08-23,21495.106765128075,21684.87,20890.14,21376.219999999998,22547.552629494112,23035.738137236272,22547.552629494112,23035.738137236272,23224.888892663494,23224.888892663494,22684.929572504476,22684.929572504476,23224.888892663494,23224.888892663494,22684.929572504476,22684.929572504476,,,,,-1,-1,1,0,0,200967.77164
2022-08-24,21435.66338256404,21900,21145,21485.5475,22547.552629494112,23035.738137236272,22547.552629494112,23035.738137236272,22954.909232583985,22954.909232583985,22446.770978866487,22446.770978866487,22954.909232583985,22954.909232583985,22446.770978866487,22446.770978866487,,,,,-1,-1,1,0,0,174383.22046
2022-08-25,21460.60544128202,21819.88,21310.15,21514.28,22547.552629494112,23035.738137236272,22547.552629494112,23035.738137236272,22700.840105725234,22700.840105725234,22253.80433574245,22253.80433574245,22700.840105725234,22700.840105725234,22253.80433574245,22253.80433574245,,,,,-1,-1,1,0,0,169915.78301
2022-08-26,21487.44272064101,21886.77,20107.9,20948.69,22547.552629494112,23035.738137236272,22547.552629494112,23035.738137236272,22477.32222073384,22477.32222073384,22061.877355121705,22061.877355121705,22477.32222073384,22477.32222073384,22061.877355121705,22061.877355121705,,,,,-1,-1,1,0,0,273811.61955
2022-08-27,21218.066360320503,21218.066360320503,19800,20119.9175,22547.552629494112,23035.738137236272,22547.552629494112,23035.738137236272,22269.59978792777,22269.59978792777,21841.390115279894,21841.390115279894,22269.59978792777,22269.59978792777,21841.390115279894,21841.390115279894,,,,,-1,-1,1,0,0,162582.46032
2022-08-28,20668.99193016025,20668.99193016025,19520,19821.0975,22791.64538336519,22791.64538336519,22400.100843381235,22400.100843381235,22055.494951603832,22055.494951603832,21589.90764555818,21589.90764555818,22055.494951603832,22055.494951603832,21589.90764555818,21589.90764555818,,,,,-1,-1,-1,-1,0,139307.95976
2022-08-29,20245.044715080126,20433.62,19550.79,19956.4375,22791.64538336519,22791.64538336519,22400.100843381235,22400.100843381235,21822.701298581007,21822.701298581007,21335.354973751324,21335.354973751324,21822.701298581007,21822.701298581007,21335.354973751324,21335.354973751324,,20433.62,,22815.236621024575,-1,-1,-1,-1,-1,210509.49545
2022-08-30,20100.741107540063,20576.25,19540,20053.7775,22791.64538336519,22791.64538336519,22400.100843381235,22400.100843381235,21579.028136166165,21579.028136166165,21103.882587186676,21103.882587186676,21579.028136166165,21579.028136166165,21103.882587186676,21103.882587186676,,,,22815.236621024575,-1,-1,-1,-1,-1,256634.35529
2022-08-31,20077.25930377003,20490,19797.94,20037.7475,22791.64538336519,22791.64538336519,22400.100843381235,22400.100843381235,21341.45536167642,21341.45536167642,20906.69361690147,20906.69361690147,21341.45536167642,21341.45536167642,20906.69361690147,20906.69361690147,,,,22815.236621024575,-1,-1,-1,-1,-1,276946.60765
2022-09-01,20057.503401885017,20208.37,19565.66,19988.4825,22791.64538336519,22791.64538336519,22400.100843381235,22400.100843381235,21124.074489288945,21124.074489288945,20730.077462641242,20730.077462641242,21124.074489288945,21124.074489288945,20730.077462641242,20730.077462641242,,,,22815.236621024575,-1,-1,-1,-1,-1,245289.94576
2022-09-02,20022.992950942506,20441.26,19755.29,20070.262499999997,22791.64538336519,22791.64538336519,22400.100843381235,22400.100843381235,20927.075975965094,20927.075975965094,20589.200937328194,20589.200937328194,20927.075975965094,20927.075975965094,20589.200937328194,20589.200937328194,,,,22815.236621024575,-1,-1,-1,-1,-1,245986.6033
2022-09-03,20046.62772547125,20055.93,19652.72,19872.8825,22791.64538336519,22791.64538336519,22400.100843381235,22400.100843381235,20758.138456646644,20758.138456646644,20462.822036096735,20462.822036096735,20758.138456646644,20758.138456646644,20462.822036096735,20462.822036096735,,,,22815.236621024575,-1,-1,-1,-1,-1,146639.03204
2022-09-04,19959.755112735627,20029.23,19583.1,19861.27,22595.87311337321,22595.87311337321,21614.335937314798,21614.335937314798,20610.48024637169,20610.48024637169,20350.11337037425,20350.11337037425,20610.48024637169,20610.48024637169,20350.11337037425,20350.11337037425,,,,22815.236621024575,-1,-1,-1,-1,-1,145588.77893
2022-09-05,19910.512556367816,20057.27,19633.83,19872.06,22595.87311337321,22595.87311337321,21614.335937314798,21614.335937314798,20480.296808372972,20480.296808372972,20254.69863914533,20254.69863914533,20480.296808372972,20480.296808372972,20254.69863914533,20254.69863914533,,,,22815.236621024575,-1,-1,-1,-1,-1,222543.01057
2022-09-06,19891.286278183907,20180,18649.51,19353.864999999998,22595.87311337321,22595.87311337321,21614.335937314798,21614.335937314798,20367.497723759152,20367.497723759152,20144.746580607447,20144.746580607447,20367.497723759152,20367.497723759152,20144.746580607447,20144.746580607447,,,,22815.236621024575,-1,-1,-1,-1,-1,356315.05718
2022-09-07,19622.575639091952,19622.575639091952,18510.77,19014.57,22595.87311337321,22595.87311337321,21614.335937314798,21614.335937314798,20256.1221521833,20256.1221521833,20008.80239675097,20008.80239675097,20256.1221521833,20256.1221521833,20008.80239675097,20008.80239675097,,,,22815.236621024575,-1,-1,-1,-1,-1,287394.7788
2022-09-08,19318.572819545974,19458.25,19012,19270.7175,22595.87311337321,22595.87311337321,21614.335937314798,21614.335937314798,20132.462274467136,20132.462274467136,19879.23579389666,19879.23579389666,20132.462274467136,20132.462274467136,19879.23579389666,19879.23579389666,,,,22815.236621024575,-1,-1,-1,-1,-1,262813.28273
2022-09-09,19294.645159772987,21597.22,19291.75,20392.405,22595.87311337321,22595.87311337321,21614.335937314798,21614.335937314798,20005.849034181898,20005.849034181898,19842.306423324346,19842.306423324346,20005.849034181898,20005.849034181898,19842.306423324346,19842.306423324346,,,,22815.236621024575,-1,-1,-1,-1,-1,428919.74652
2022-09-10,19843.525079886494,21810.8,19843.525079886494,21482.9725,22595.87311337321,22595.87311337321,21614.335937314798,21614.335937314798,19924.077728753124,19924.077728753124,19905.33042742339,19905.33042742339,19924.077728753124,19924.077728753124,19905.33042742339,19905.33042742339,,,,22815.236621024575,-1,-1,-1,-1,-1,307997.33504
2022-09-11,20663.248789943245,21860,20663.248789943245,21671.02,22105.104525344002,22105.104525344002,21010.190989855895,21010.190989855895,19914.704078088256,20051.101537562787,19914.704078088256,20051.101537562787,19914.704078088256,20051.101537562787,19914.704078088256,20051.101537562787,,,21671.02,,1,1,-1,0,0,280702.55149
2022-09-12,21167.134394971625,22488,21167.134394971625,22062.28,22105.104525344002,22105.104525344002,21010.190989855895,21010.190989855895,19982.90280782552,20267.57566984322,19982.90280782552,20267.57566984322,19982.90280782552,20267.57566984322,19982.90280782552,20267.57566984322,,,,,1,1,-1,0,0,395395.61828
2022-09-13,21614.70719748581,22799,19860,21307.002500000002,22105.104525344002,22105.104525344002,21010.190989855895,21010.190989855895,20125.239238834372,20468.828198643263,20125.239238834372,20468.828198643263,20125.239238834372,20468.828198643263,20125.239238834372,20468.828198643263,,,,,1,1,-1,0,0,431915.03333
2022-09-14,21460.854848742907,21460.854848742907,19617.62,20139.8575,22105.104525344002,22105.104525344002,21010.190989855895,21010.190989855895,20297.033718738818,20580.6099210369,20297.033718738818,20580.6099210369,20297.033718738818,20580.6099210369,20297.033718738818,20580.6099210369,,,,,1,1,-1,0,0,340826.40151
2022-09-15,20800.356174371453,20800.356174371453,19497,19939.072500000002,22105.104525344002,22105.104525344002,21010.190989855895,21010.190989855895,20438.82181988786,20604.20461736716,20438.82181988786,20604.20461736716,20438.82181988786,20604.20461736716,20438.82181988786,20604.20461736716,,,,,1,1,-1,0,0,333069.76076
2022-09-16,20369.714337185727,20369.714337185727,19320.01,19678.7975,22105.104525344002,22105.104525344002,21010.190989855895,21010.190989855895,20521.51321862751,20555.691424652454,20521.51321862751,20555.691424652454,20521.51321862751,20555.691424652454,20521.51321862751,20555.691424652454,,,,,1,1,-1,0,0,283791.07064
2022-09-17,20024.255918592862,20189,19748.08,19963.5,22105.104525344002,22105.104525344002,21010.190989855895,21010.190989855895,20538.602321639984,20538.602321639984,20481.986828496327,20481.986828496327,20538.602321639984,20538.602321639984,20481.986828496327,20481.986828496327,,,,,-1,-1,-1,-1,0,179350.24338
2022-09-18,19993.87795929643,20117.26,19335.62,19745.417499999996,21557.64775759995,21557.64775759995,20902.650229546478,20902.650229546478,20510.294575068157,20510.294575068157,20386.796420185936,20386.796420185936,20510.294575068157,20510.294575068157,20386.796420185936,20386.796420185936,,20117.26,,22801,-1,-1,-1,-1,-1,254217.46904
2022-09-19,19869.64772964821,19869.64772964821,18232.56,19218.307500000003,21557.64775759995,21557.64775759995,20902.650229546478,20902.650229546478,20448.54549762705,20448.54549762705,20245.551502497812,20245.551502497812,20448.54549762705,20448.54549762705,20245.551502497812,20245.551502497812,,,,22801,-1,-1,-1,-1,-1,380512.40306
2022-09-20,19543.977614824107,19634.62,18711.87,19189.6275,21557.64775759995,21557.64775759995,20902.650229546478,20902.650229546478,20347.048500062432,20347.048500062432,20092.923632128528,20092.923632128528,20347.048500062432,20347.048500062432,20092.923632128528,20092.923632128528,,,,22801,-1,-1,-1,-1,-1,324098.3286
2022-09-21,19366.802557412055,19956,18125.98,18854.4125,21557.64775759995,21557.64775759995,20902.650229546478,20902.650229546478,20219.986066095484,20219.986066095484,19931.28619326504,19931.28619326504,20219.986066095484,20219.986066095484,19931.28619326504,19931.28619326504,,,,22801,-1,-1,-1,-1,-1,385034.10021
2022-09-22,19110.607528706027,19550.17,18356.39,18942.3875,21557.64775759995,21557.64775759995,20902.650229546478,20902.650229546478,20075.636129680264,20075.636129680264,19772.17561636532,19772.17561636532,20075.636129680264,20075.636129680264,19772.17561636532,19772.17561636532,,,,22801,-1,-1,-1,-1,-1,379321.72111
2022-09-23,19026.497514353014,19500,18531.42,19180.74,21557.64775759995,21557.64775759995,20902.650229546478,20902.650229546478,19923.905873022795,19923.905873022795,19634.589681565267,19634.589681565267,19923.905873022795,19923.905873022795,19634.589681565267,19634.589681565267,,,,22801,-1,-1,-1,-1,-1,385886.91829
2022-09-24,19103.618757176508,19316.14,18805.34,19082.6375,21557.64775759995,21557.64775759995,20902.650229546478,20902.650229546478,19779.247777294033,19779.247777294033,19520.813523790028,19520.813523790028,19779.247777294033,19779.247777294033,19520.813523790028,19520.813523790028,,,,22801,-1,-1,-1,-1,-1,239496.56746
2022-09-25,19093.128128588254,19180.21,18629.2,18884.695,21230.148993573213,21230.148993573213,20351.824994613416,20351.824994613416,19650.030650542034,19650.030650542034,19416.695295348876,19416.695295348876,19650.030650542034,19650.030650542034,19416.695295348876,19416.695295348876,,,,22801,-1,-1,-1,-1,-1,191191.4492
2022-09-26,18988.911564294125,19318.96,18680.72,19009.1575,21230.148993573213,21230.148993573213,20351.824994613416,20351.824994613416,19533.36297294546,19533.36297294546,19331.017186140754,19331.017186140754,19533.36297294546,19533.36297294546,19331.017186140754,19331.017186140754,,,,22801,-1,-1,-1,-1,-1,439239.21943
2022-09-27,18999.034532147063,20385.86,18816.32,19376.9975,21230.148993573213,21230.148993573213,20351.824994613416,20351.824994613416,19432.190079543107,19432.190079543107,19296.681697123273,19296.681697123273,19432.190079543107,19432.190079543107,19296.681697123273,19296.681697123273,,,,22801,-1,-1,-1,-1,-1,593260.74161
2022-09-28,19188.016016073532,19790,18471.28,19188.05,21230.148993573213,21230.148993573213,20351.824994613416,20351.824994613416,19364.43588833319,19364.43588833319,19268.450007305793,19268.450007305793,19364.43588833319,19364.43588833319,19268.450007305793,19268.450007305793,,,,22801,-1,-1,-1,-1,-1,521385.45547
2022-09-29,19188.033008036764,19645.52,18843.01,19373.214999999997,21230.148993573213,21230.148993573213,20351.824994613416,20351.824994613416,19316.442947819494,19316.442947819494,19254.74139603127,19254.74139603127,19316.442947819494,19316.442947819494,19254.74139603127,19254.74139603127,,,,22801,-1,-1,-1,-1,-1,406424.93256
2022-09-30,19280.62400401838,20185,19155.36,19588.377500000002,21230.148993573213,21230.148993573213,20351.824994613416,20351.824994613416,19285.592171925382,19285.592171925382,19274.797286767454,19274.797286767454,19285.592171925382,19285.592171925382,19274.797286767454,19274.797286767454,,,,22801,-1,-1,-1,-1,-1,444322.9534
2022-10-01,19434.50075200919,19484,19159.42,19344.245,21230.148993573213,21230.148993573213,20351.824994613416,20351.824994613416,19280.194729346418,19291.333960331882,19280.194729346418,19291.333960331882,19280.194729346418,19291.333960331882,19280.194729346418,19291.333960331882,,,19344.245,,1,1,-1,0,0,165625.13959
2022-10-02,19389.372876004592,19395.91,18920.35,19171.325,20790.986994093313,20790.986994093313,19908.229611573162,19908.229611573162,19285.76434483915,19292.64267543255,19285.76434483915,19292.64267543255,19285.76434483915,19292.64267543255,19285.76434483915,19292.64267543255,,,,,1,1,-1,0,0,206812.47032
2022-10-03,19280.348938002295,19719.1,18959.68,19341.4,20790.986994093313,20790.986994093313,19908.229611573162,19908.229611573162,19289.203510135852,19296.14136995224,19289.203510135852,19296.14136995224,19289.203510135852,19296.14136995224,19289.203510135852,19296.14136995224,,,,,1,1,-1,0,0,293585.75212
2022-10-04,19310.874469001148,20475,19310.874469001148,19983.125,20790.986994093313,20790.986994093313,19908.229611573162,19908.229611573162,19292.672440044047,19339.892059799062,19292.672440044047,19339.892059799062,19292.672440044047,19339.892059799062,19292.672440044047,19339.892059799062,,,,,1,1,-1,0,0,327012.00127
2022-10-05,19646.999734500576,20365.6,19646.999734500576,20147.92,20790.986994093313,20790.986994093313,19908.229611573162,19908.229611573162,19316.282249921554,19414.70796461213,19316.282249921554,19414.70796461213,19316.282249921554,19414.70796461213,19316.282249921554,19414.70796461213,,,,,1,1,-1,0,0,312239.75224
2022-10-06,19897.459867250287,20456.6,19853,20107.1325,20790.986994093313,20790.986994093313,19908.229611573162,19908.229611573162,19365.49510726684,19508.630064831603,19365.49510726684,19508.630064831603,19365.49510726684,19508.630064831603,19365.49510726684,19508.630064831603,,,,,1,1,-1,0,0,320122.1702
2022-10-07,20002.29618362514,20068.82,19320,19719.895,20790.986994093313,20790.986994093313,19908.229611573162,19908.229611573162,19437.062586049222,19576.382398807327,19437.062586049222,19576.382398807327,19437.062586049222,19576.382398807327,19437.062586049222,19576.382398807327,,,,,1,1,-1,0,0,220874.83913
2022-10-08,19861.09559181257,19861.09559181257,19237.14,19453.1425,20790.986994093313,20790.986994093313,19908.229611573162,19908.229611573162,19506.722492428275,19610.37668996035,19506.722492428275,19610.37668996035,19506.722492428275,19610.37668996035,19506.722492428275,19610.37668996035,,,,,1,1,-1,0,0,102480.09842
2022-10-09,19657.119045906285,19657.119045906285,19316.04,19432.395,20349.608302833236,20349.608302833236,19729.934006426418,19729.934006426418,19558.54959119431,19617.82216654223,19558.54959119431,19617.82216654223,19558.54959119431,19617.82216654223,19558.54959119431,19617.82216654223,,,,,1,1,-1,0,0,113900.82681
2022-10-10,19544.75702295314,19544.75702295314,19020.25,19279.27,20349.608302833236,20349.608302833236,19729.934006426418,19729.934006426418,19588.18587886827,19597.24661960794,19588.18587886827,19597.24661960794,19588.18587886827,19597.24661960794,19588.18587886827,19597.24661960794,,,,,1,1,-1,0,0,212509.09849
2022-10-11,19412.013511476573,19412.013511476573,18860,19079.989999999998,20349.608302833236,20349.608302833236,19729.934006426418,19729.934006426418,19592.716249238103,19592.716249238103,19551.5342653613,19551.5342653613,19592.716249238103,19592.716249238103,19551.5342653613,19551.5342653613,,,,,-1,-1,-1,-1,0,243473.84286
2022-10-12,19246.001755738285,19246.001755738285,18965.88,19104.93,20349.608302833236,20349.608302833236,19729.934006426418,19729.934006426418,19572.1252572997,19572.1252572997,19493.683532269122,19493.683532269122,19572.1252572997,19572.1252572997,19493.683532269122,19493.683532269122,,19246.001755738285,,20477,-1,-1,-1,-1,-1,213826.26731
2022-10-13,19175.465877869145,19513.79,18190,19058.505,20349.608302833236,20349.608302833236,19729.934006426418,19729.934006426418,19532.90439478441,19532.90439478441,19421.42045124372,19421.42045124372,19532.90439478441,19532.90439478441,19421.42045124372,19421.42045124372,,,,20477,-1,-1,-1,-1,-1,399756.68337
2022-10-14,19116.98543893457,19951.87,19070.37,19393.6875,20349.608302833236,20349.608302833236,19729.934006426418,19729.934006426418,19477.162423014066,19477.162423014066,19384.30281640875,19384.30281640875,19477.162423014066,19477.162423014066,19384.30281640875,19384.30281640875,,,,20477,-1,-1,-1,-1,-1,351634.32601
2022-10-15,19255.336469467285,19255.336469467285,18975.18,19112.295,20349.608302833236,20349.608302833236,19729.934006426418,19729.934006426418,19430.732619711405,19430.732619711405,19346.113179559085,19346.113179559085,19430.732619711405,19430.732619711405,19346.113179559085,19346.113179559085,,,,20477,-1,-1,-1,-1,-1,113847.64232
2022-10-16,19183.815734733642,19425.84,19063.74,19205.24,20039.771154629827,20039.771154629827,19482.559290943496,19482.559290943496,19388.422899635243,19388.422899635243,19317.05097161807,19317.05097161807,19388.422899635243,19388.422899635243,19317.05097161807,19317.05097161807,,,,20477,-1,-1,-1,-1,-1,131894.61885
2022-10-17,19194.52786736682,19676.96,19152.03,19410.4575,20039.771154629827,20039.771154629827,19482.559290943496,19482.559290943496,19352.736935626657,19352.736935626657,19307.17241859881,19307.17241859881,19352.736935626657,19352.736935626657,19307.17241859881,19307.17241859881,,,,20477,-1,-1,-1,-1,-1,222813.87634
2022-10-18,19302.492683683413,19706.66,19091,19418.395,20039.771154629827,20039.771154629827,19482.559290943496,19482.559290943496,19329.95467711273,19329.95467711273,19309.003716285115,19309.003716285115,19329.95467711273,19329.95467711273,19309.003716285115,19309.003716285115,,,,20477,-1,-1,-1,-1,-1,260313.07848
2022-10-19,19360.443841841705,19360.443841841705,19065.97,19219.385000000002,20039.771154629827,20039.771154629827,19482.559290943496,19482.559290943496,19319.47919669892,19319.47919669892,19304.752273395236,19304.752273395236,19319.47919669892,19319.47919669892,19304.752273395236,19304.752273395236,,,,20477,-1,-1,-1,-1,-1,186137.29538
2022-10-20,19289.914420920853,19347.82,18900,19103.2725,20039.771154629827,20039.771154629827,19482.559290943496,19482.559290943496,19312.115735047075,19312.115735047075,19289.92377398751,19289.92377398751,19312.115735047075,19312.115735047075,19289.92377398751,19289.92377398751,,,,20477,-1,-1,-1,-1,-1,223530.13068
2022-10-21,19196.593460460426,19250,18650,19026.5725,20039.771154629827,20039.771154629827,19482.559290943496,19482.559290943496,19301.019754517292,19301.019754517292,19259.96982680858,19259.96982680858,19301.019754517292,19301.019754517292,19259.96982680858,19259.96982680858,,,,20477,-1,-1,-1,-1,-1,269310.75769
2022-10-22,19111.58298023021,19257,19111.58298023021,19184.61,20039.771154629827,20039.771154629827,19482.559290943496,19482.559290943496,19280.494790662935,19280.494790662935,19237.655688196774,19237.655688196774,19280.494790662935,19280.494790662935,19237.655688196774,19237.655688196774,,,,20477,-1,-1,-1,-1,-1,110403.90837
2022-10-23,19148.096490115106,19695,19070.11,19384.95,19761.16522278666,19761.16522278666,19353.831814998623,19353.831814998623,19259.07523942985,19259.07523942985,19234.965395451884,19234.965395451884,19259.07523942985,19259.07523942985,19234.965395451884,19234.965395451884,,,,20477,-1,-1,-1,-1,-1,167057.20184
2022-10-24,19266.523245057553,19601.15,19157,19414.5675,19761.16522278666,19761.16522278666,19353.831814998623,19353.831814998623,19247.020317440867,19247.020317440867,19244.807240243157,19244.807240243157,19247.020317440867,19247.020317440867,19244.807240243157,19244.807240243157,,,,20477,-1,-1,-1,-1,-1,256168.14467
2022-10-25,19340.545372528777,20415.87,19237,19765.885000000002,19761.16522278666,19761.16522278666,19353.831814998623,19353.831814998623,19245.913778842012,19288.957243624776,19245.913778842012,19288.957243624776,19245.913778842012,19288.957243624776,19245.913778842012,19288.957243624776,,,19765.885000000002,,1,1,-1,0,0,326370.67061
2022-10-26,19553.215186264388,21020,19553.215186264388,20480.255,19761.16522278666,19761.16522278666,19353.831814998623,19353.831814998623,19267.435511233394,19386.24627627019,19267.435511233394,19386.24627627019,19267.435511233394,19386.24627627019,19267.435511233394,19386.24627627019,,,,,1,1,-1,0,0,380492.69576
2022-10-27,20016.735093132193,20872.21,20016.735093132193,20534.7325,19761.16522278666,19761.16522278666,19353.831814998623,19353.831814998623,19326.840893751792,19518.212882197688,19326.840893751792,19518.212882197688,19326.840893751792,19518.212882197688,19326.840893751792,19518.212882197688,,,,,1,1,-1,0,0,328643.57791
2022-10-28,20275.733796566095,20750,20000.09,20409.26,19761.16522278666,19761.16522278666,19353.831814998623,19353.831814998623,19422.526887974742,19654.513570914416,19422.526887974742,19654.513570914416,19422.526887974742,19654.513570914416,19422.526887974742,19654.513570914416,,,,,1,1,-1,0,0,287039.94569
2022-10-29,20342.496898283047,21085,20342.496898283047,20760.129999999997,19761.16522278666,19761.16522278666,19353.831814998623,19353.831814998623,19538.52022944458,19805.055437046853,19538.52022944458,19805.055437046853,19538.52022944458,19805.055437046853,19538.52022944458,19805.055437046853,,,,,1,1,-1,0,0,254881.77755
2022-10-30,20551.313449141522,20931.21,20515,20720.8425,19557.498518892644,19591.511544102756,19557.498518892644,19591.511544102756,19671.78783324572,19953.044845707638,19671.78783324572,19953.044845707638,19671.78783324572,19953.044845707638,19671.78783324572,19953.044845707638,,,,,1,1,1,1,0,192795.60886
2022-10-31,20636.077974570762,20845.92,20237.95,20550.5225,19557.498518892644,19591.511544102756,19557.498518892644,19591.511544102756,19812.41633947668,20076.735260676898,19812.41633947668,20076.735260676898,19812.41633947668,20076.735260676898,19812.41633947668,20076.735260676898,20237.95,,,19068.11,1,1,1,1,1,303567.61628
2022-11-01,20593.30023728538,20700,20330.74,20501.275,19557.498518892644,19591.511544102756,19557.498518892644,19591.511544102756,19944.57580007679,20174.86576976428,19944.57580007679,20174.86576976428,19944.57580007679,20174.86576976428,19944.57580007679,20174.86576976428,,,,19068.11,1,1,1,1,1,279932.43771
2022-11-02,20547.28761864269,20800,20048.04,20370.6725,19557.498518892644,19591.511544102756,19557.498518892644,19591.511544102756,20059.720784920537,20244.360830440295,20059.720784920537,20244.360830440295,20059.720784920537,20244.360830440295,20059.720784920537,20244.360830440295,,,,19068.11,1,1,1,1,1,373716.27299
2022-11-03,20458.980059321344,20458.980059321344,20031.24,20196.055,19557.498518892644,19591.511544102756,19557.498518892644,19591.511544102756,20152.040807680416,20280.52100979758,20152.040807680416,20280.52100979758,20152.040807680416,20280.52100979758,20152.040807680416,20280.52100979758,,,,19068.11,1,1,1,1,1,319185.1544
2022-11-04,20327.517529660672,21302.05,20180.96,20709.6625,19557.498518892644,19591.511544102756,19557.498518892644,19591.511544102756,20216.280908738998,20328.464782174764,20216.280908738998,20328.464782174764,20216.280908738998,20328.464782174764,20216.280908738998,20328.464782174764,,,,19068.11,1,1,1,1,1,453694.39165
2022-11-05,20518.590014830334,21480.65,20518.590014830334,21252.2975,19557.498518892644,19591.511544102756,19557.498518892644,19591.511544102756,20272.37284545688,20405.42228486104,20272.37284545688,20405.42228486104,20272.37284545688,20405.42228486104,20272.37284545688,20405.42228486104,,,,19068.11,1,1,1,1,1,245621.98525
2022-11-06,20885.443757415167,21365.27,20885.443757415167,21114.0875,19574.5050314977,19986.47747194383,19574.5050314977,19986.47747194383,20338.89756515896,20499.748138900995,20338.89756515896,20499.748138900995,20338.89756515896,20499.748138900995,20338.89756515896,20499.748138900995,,,,19068.11,1,1,1,1,1,230036.97217
2022-11-07,20999.765628707584,21069.77,20384.89,20737.842500000002,19574.5050314977,19986.47747194383,19574.5050314977,19986.47747194383,20419.322852029978,20570.284105744166,20419.322852029978,20570.284105744166,20419.322852029978,20570.284105744166,20419.322852029978,20570.284105744166,,,,19068.11,1,1,1,1,1,386977.60337
2022-11-08,20868.804064353793,20868.804064353793,17166.83,19251.4025,19574.5050314977,19986.47747194383,19574.5050314977,19986.47747194383,20494.803478887072,20511.527650398333,20494.803478887072,20511.527650398333,20494.803478887072,20511.527650398333,20494.803478887072,20511.527650398333,,,,19068.11,1,1,1,1,1,760705.362783
2022-11-09,20060.103282176897,20060.103282176897,15588,17160.9875,19574.5050314977,19986.47747194383,19574.5050314977,19986.47747194383,20503.165564642703,20503.165564642703,20280.17649263162,20280.17649263162,20503.165564642703,20503.165564642703,20280.17649263162,20280.17649263162,,,17160.9875,,-1,-1,1,0,0,731926.929729
2022-11-10,18610.545391088446,18610.545391088446,15754.26,16869.2725,19574.5050314977,19986.47747194383,19574.5050314977,19986.47747194383,20391.67102863716,20391.67102863716,19921.633003710496,19921.633003710496,20391.67102863716,20391.67102863716,19921.633003710496,19921.633003710496,,,,,-1,-1,1,0,0,608448.36432
2022-11-11,17739.908945544223,17739.908945544223,16361.6,17182.34,19574.5050314977,19986.47747194383,19574.5050314977,19986.47747194383,20156.65201617383,20156.65201617383,19517.362172797228,19517.362172797228,20156.65201617383,20156.65201617383,19517.362172797228,19517.362172797228,,,,,-1,-1,1,0,0,393552.86492
2022-11-12,17461.124472772113,17461.124472772113,16631.39,16908.1375,19574.5050314977,19986.47747194383,19574.5050314977,19986.47747194383,19837.00709448553,19837.00709448553,19115.198624023375,19115.198624023375,19837.00709448553,19837.00709448553,19115.198624023375,19115.198624023375,,,,,-1,-1,1,0,0,167819.96035
2022-11-13,17184.63098638606,17184.63098638606,16229,16581.572500000002,19780.491251720763,19780.491251720763,19522.14834578104,19522.14834578104,19476.102859254454,19476.102859254454,18721.278745188436,18721.278745188436,19476.102859254454,19476.102859254454,18721.278745188436,18721.278745188436,,,,,-1,-1,-1,-1,0,184960.78846
2022-11-14,16883.10174319303,17190,15815.21,16489.1125,19780.491251720763,19780.491251720763,19522.14834578104,19522.14834578104,19098.690802221445,19098.690802221445,18348.38967423078,18348.38967423078,19098.690802221445,19098.690802221445,18348.38967423078,18348.38967423078,,17190,,21482.65,-1,-1,-1,-1,-1,380210.7775
2022-11-15,16686.107121596513,17134.69,16527.72,16795.175000000003,19780.491251720763,19780.491251720763,19522.14834578104,19522.14834578104,18723.540238226113,18723.540238226113,18035.488850554397,18035.488850554397,18723.540238226113,18723.540238226113,18035.488850554397,18035.488850554397,,,,21482.65,-1,-1,-1,-1,-1,282461.84391
2022-11-16,16740.641060798258,17015.92,16378.61,16739.465,19780.491251720763,19780.491251720763,19522.14834578104,19522.14834578104,18379.514544390255,18379.514544390255,17772.416925251655,17772.416925251655,18379.514544390255,18379.514544390255,17772.416925251655,17772.416925251655,,,,21482.65,-1,-1,-1,-1,-1,261493.40809
2022-11-17,16740.05303039913,16751,16410.74,16628.9775,19780.491251720763,19780.491251720763,19522.14834578104,19522.14834578104,18075.965734820955,18075.965734820955,17548.34120076354,17548.34120076354,18075.965734820955,18075.965734820955,17548.34120076354,17548.34120076354,,,,21482.65,-1,-1,-1,-1,-1,228038.97873
2022-11-18,16684.515265199567,17011,16546.04,16737.5125,19780.491251720763,19780.491251720763,19522.14834578104,19522.14834578104,17812.15346779225,17812.15346779225,17372.34370627232,17372.34370627232,17812.15346779225,17812.15346779225,17372.34370627232,17372.34370627232,,,,21482.65,-1,-1,-1,-1,-1,214224.18184
2022-11-19,16711.013882599786,16822.41,16553.53,16694.012499999997,19780.491251720763,19780.491251720763,19522.14834578104,19522.14834578104,17592.248587032285,17592.248587032285,17230.024687898873,17230.024687898873,17592.248587032285,17592.248587032285,17230.024687898873,17230.024687898873,,,,21482.65,-1,-1,-1,-1,-1,104963.15558
2022-11-20,16702.51319129989,16753.33,16180,16478.56,19651.3197987509,19651.3197987509,18675.571047467947,18675.571047467947,17411.136637465577,17411.136637465577,17101.26035576247,17101.26035576247,17411.136637465577,17411.136637465577,17101.26035576247,17101.26035576247,,,,21482.65,-1,-1,-1,-1,-1,154842.13478
2022-11-21,16590.536595649945,16590.536595649945,15476,15963.9475,19651.3197987509,19651.3197987509,18675.571047467947,18675.571047467947,17256.198496614023,17256.198496614023,16957.080984504373,16957.080984504373,17256.198496614023,17256.198496614023,16957.080984504373,16957.080984504373,,,,21482.65,-1,-1,-1,-1,-1,324096.997753
2022-11-22,16277.242047824973,16315,15616.63,15984.965,19651.3197987509,19651.3197987509,18675.571047467947,18675.571047467947,17106.639740559196,17106.639740559196,16809.03090257965,16809.03090257965,17106.639740559196,17106.639740559196,16809.03090257965,16809.03090257965,,,,21482.65,-1,-1,-1,-1,-1,239548.06623
2022-11-23,16131.103523912487,16706,16131.103523912487,16424.3175,19651.3197987509,19651.3197987509,18675.571047467947,18675.571047467947,16957.835321569422,16957.835321569422,16698.971996292697,16698.971996292697,16957.835321569422,16957.835321569422,16698.971996292697,16698.971996292697,,,,21482.65,-1,-1,-1,-1,-1,264927.70408
2022-11-24,16277.710511956244,16812.63,16277.710511956244,16618.185,19651.3197987509,19651.3197987509,18675.571047467947,18675.571047467947,16828.40365893106,16828.40365893106,16629.618907553046,16629.618907553046,16828.40365893106,16828.40365893106,16629.618907553046,16629.618907553046,,,,21482.65,-1,-1,-1,-1,-1,206565.92346
2022-11-25,16447.947755978123,16666,16342.81,16532.625,19651.3197987509,19651.3197987509,18675.571047467947,18675.571047467947,16729.011283242053,16729.011283242053,16585.49651338045,16585.49651338045,16729.011283242053,16729.011283242053,16585.49651338045,16585.49651338045,,,,21482.65,-1,-1,-1,-1,-1,182089.49533
2022-11-26,16490.28637798906,16701.99,16385,16516.7275,19651.3197987509,19651.3197987509,18675.571047467947,18675.571047467947,16657.253898311254,16657.253898311254,16559.395347754737,16559.395347754737,16657.253898311254,16657.253898311254,16559.395347754737,16559.395347754737,,,,21482.65,-1,-1,-1,-1,-1,181804.81666
2022-11-27,16503.50693899453,16600,16401,16471.8475,19163.445423109428,19163.445423109428,17779.76848347347,17779.76848347347,16608.324623032997,16608.324623032997,16541.409760417748,16541.409760417748,16608.324623032997,16608.324623032997,16541.409760417748,16541.409760417748,,,,21482.65,-1,-1,-1,-1,-1,162025.47607
2022-11-28,16487.677219497265,16487.677219497265,15995.27,16280.997500000001,19163.445423109428,19163.445423109428,17779.76848347347,17779.76848347347,16574.867191725374,16574.867191725374,16512.704995156568,16512.704995156568,16574.867191725374,16574.867191725374,16512.704995156568,16512.704995156568,,,,21482.65,-1,-1,-1,-1,-1,252695.40367
2022-11-29,16384.337359748635,16548.71,16100,16325.855,19163.445423109428,19163.445423109428,17779.76848347347,17779.76848347347,16543.786093440973,16543.786093440973,16483.933490904066,16483.933490904066,16543.786093440973,16543.786093440973,16483.933490904066,16483.933490904066,,,,21482.65,-1,-1,-1,-1,-1,248106.25009
2022-11-30,16355.096179874317,17249,16355.096179874317,16820.9625,19163.445423109428,19163.445423109428,17779.76848347347,17779.76848347347,16513.85979217252,16513.85979217252,16489.27169772251,16489.27169772251,16513.85979217252,16513.85979217252,16489.27169772251,16489.27169772251,,,,21482.65,-1,-1,-1,-1,-1,303019.80719
2022-12-01,16588.02933993716,17324,16588.02933993716,17080.477499999997,19163.445423109428,19163.445423109428,17779.76848347347,17779.76848347347,16501.565744947515,16527.83951399299,16501.565744947515,16527.83951399299,16501.565744947515,16527.83951399299,16501.565744947515,16527.83951399299,,,17080.477499999997,,1,1,-1,0,0,232818.18218
2022-12-02,16834.253419968576,17105.73,16787.85,16991.079999999998,19163.445423109428,19163.445423109428,17779.76848347347,17779.76848347347,16514.702629470252,16581.561280785805,16514.702629470252,16581.561280785805,16514.702629470252,16581.561280785805,16514.702629470252,16581.561280785805,,,,,1,1,-1,0,0,202372.2062
2022-12-03,16912.66670998429,17188.98,16858.74,17006.2625,19163.445423109428,19163.445423109428,17779.76848347347,17779.76848347347,16548.13195512803,16643.084862774474,16548.13195512803,16643.084862774474,16548.13195512803,16643.084862774474,16548.13195512803,16643.084862774474,,,,,1,1,-1,0,0,154542.57306
2022-12-04,16959.464604992143,17202.84,16878.25,17017.9975,18471.60695329145,18471.60695329145,17233.412370159058,17233.412370159058,16595.60840895125,16704.822815566837,16595.60840895125,16704.822815566837,16595.60840895125,16704.822815566837,16595.60840895125,16704.822815566837,,,,,1,1,-1,0,0,178619.13387
2022-12-05,16988.73105249607,17424.25,16867,17091.0625,18471.60695329145,18471.60695329145,17233.412370159058,17233.412370159058,16650.215612259046,16768.117244430578,16650.215612259046,16768.117244430578,16650.215612259046,16768.117244430578,16650.215612259046,16768.117244430578,,,,,1,1,-1,0,0,233703.29225
2022-12-06,17039.896776248035,17107.01,16906.37,17017.1725,18471.60695329145,18471.60695329145,17233.412370159058,17233.412370159058,16709.16642834481,16819.831984534227,16709.16642834481,16819.831984534227,16709.16642834481,16819.831984534227,16709.16642834481,16819.831984534227,,,,,1,1,-1,0,0,218730.76883
2022-12-07,17028.534638124016,17142.21,16678.83,16936.66,18471.60695329145,18471.60695329145,17233.412370159058,17233.412370159058,16764.49920643952,16855.230123248977,16764.49920643952,16855.230123248977,16764.49920643952,16855.230123248977,16764.49920643952,16855.230123248977,,,,,1,1,-1,0,0,220657.41334
2022-12-08,16982.597319062006,17299,16733.49,17023.307500000003,18471.60695329145,18471.60695329145,17233.412370159058,17233.412370159058,16809.86466484425,16885.470906339553,16809.86466484425,16885.470906339553,16809.86466484425,16885.470906339553,16809.86466484425,16885.470906339553,,,,,1,1,-1,0,0,236417.97804
2022-12-09,17002.952409531004,17360,17002.952409531004,17192.7175,18471.60695329145,18471.60695329145,17233.412370159058,17233.412370159058,16847.6677855919,16922.177464975237,16847.6677855919,16922.177464975237,16847.6677855919,16922.177464975237,16847.6677855919,16922.177464975237,,,,,1,1,-1,0,0,238422.06465
2022-12-10,17097.8349547655,17227.72,17092,17143.9425,18471.60695329145,18471.60695329145,17233.412370159058,17233.412370159058,16884.92262528357,16958.702472224435,16884.92262528357,16958.702472224435,16884.92262528357,16958.702472224435,16884.92262528357,16958.702472224435,,,,,1,1,-1,0,0,140573.97937
2022-12-11,17120.88872738275,17270.99,17071,17138.6325,17852.509661725257,17852.509661725257,17076.297941834466,17076.297941834466,16921.812548754002,16992.785283129284,16921.812548754002,16992.785283129284,16921.812548754002,16992.785283129284,16921.812548754002,16992.785283129284,,,,,1,1,-1,0,0,155286.47871
2022-12-12,17129.760613691375,17241.89,16871.85,17102.155,17852.509661725257,17852.509661725257,17076.297941834466,17076.297941834466,16957.298915941643,17017.013138910974,16957.298915941643,17017.013138910974,16957.298915941643,17017.013138910974,16957.298915941643,17017.013138910974,,,,,1,1,-1,0,0,226227.49694
2022-12-13,17115.957806845687,18000,17080.14,17515.9425,17852.509661725257,17852.509661725257,17076.297941834466,17076.297941834466,16987.15602742631,17064.852532746914,16987.15602742631,17064.852532746914,16987.15602742631,17064.852532746914,16987.15602742631,17064.852532746914,,,,,1,1,-1,0,0,284462.9139
2022-12-14,17315.950153422844,18387.95,17315.950153422844,17906.965000000004,17852.509661725257,17852.509661725257,17076.297941834466,17076.297941834466,17026.004280086614,17146.45325377831,17026.004280086614,17146.45325377831,17026.004280086614,17146.45325377831,17026.004280086614,17146.45325377831,,,,,1,1,-1,0,0,266681.22209
2022-12-15,17611.457576711422,17854.82,17275.51,17572.67,17852.509661725257,17852.509661725257,17076.297941834466,17076.297941834466,17086.22876693246,17222.947913850698,17086.22876693246,17222.947913850698,17086.22876693246,17222.947913850698,17086.22876693246,17222.947913850698,,,,,1,1,-1,0,0,223701.96882
2022-12-16,17592.06378835571,17592.06378835571,16527.32,17012.0325,17852.509661725257,17852.509661725257,17076.297941834466,17076.297941834466,17154.58834039158,17254.90516458023,17154.58834039158,17254.90516458023,17154.58834039158,17254.90516458023,17154.58834039158,17254.90516458023,,,,,1,1,-1,0,0,253379.04116
2022-12-17,17302.048144177854,17302.048144177854,16579.85,16696.1725,17852.509661725257,17852.509661725257,17076.297941834466,17076.297941834466,17204.746752485902,17244.496284477,17204.746752485902,17244.496284477,17204.746752485902,17244.496284477,17204.746752485902,17244.496284477,,,,,1,1,-1,0,0,144825.66684
2022-12-18,16999.110322088927,16999.110322088927,16663.07,16760.52,17464.403801779863,17464.403801779863,17145.080627818043,17145.080627818043,17224.62151848145,17224.62151848145,17205.057151679273,17205.057151679273,17224.62151848145,17224.62151848145,17205.057151679273,17205.057151679273,,,,,-1,-1,-1,-1,0,112619.31646
2022-12-19,16879.815161044462,16879.815161044462,16256.3,16562.542500000003,17464.403801779863,17464.403801779863,17145.080627818043,17145.080627818043,17214.83933508036,17214.83933508036,17136.835427826372,17136.835427826372,17214.83933508036,17214.83933508036,17136.835427826372,17136.835427826372,,16879.815161044462,,18389.95,-1,-1,-1,-1,-1,179094.28305
2022-12-20,16721.178830522233,17061.27,16397.2,16698.2275,17464.403801779863,17464.403801779863,17145.080627818043,17145.080627818043,17175.837381453366,17175.837381453366,17067.899392677613,17067.899392677613,17175.837381453366,17175.837381453366,17067.899392677613,17067.899392677613,,,,18389.95,-1,-1,-1,-1,-1,248808.92324
2022-12-21,16709.70316526112,16925,16709.70316526112,16842.205,17464.403801779863,17464.403801779863,17145.080627818043,17145.080627818043,17121.86838706549,17121.86838706549,17011.61843760401,17011.61843760401,17121.86838706549,17121.86838706549,17011.61843760401,17011.61843760401,,,,18389.95,-1,-1,-1,-1,-1,156810.96362
2022-12-22,16775.95408263056,16868.52,16559.85,16768.62,17464.403801779863,17464.403801779863,17145.080627818043,17145.080627818043,17066.74341233475,17066.74341233475,16961.49777706332,16961.49777706332,17066.74341233475,17066.74341233475,16961.49777706332,16961.49777706332,,,,18389.95,-1,-1,-1,-1,-1,176044.27235
2022-12-23,16772.287041315278,16955.14,16731.13,16821.6675,17464.403801779863,17464.403801779863,17145.080627818043,17145.080627818043,17014.120594699034,17014.120594699034,16925.535545101262,16925.535545101262,17014.120594699034,17014.120594699034,16925.535545101262,16925.535545101262,,,,18389.95,-1,-1,-1,-1,-1,161612.00947
2022-12-24,16796.97727065764,16869.99,16776.62,16815.3125,17464.403801779863,17464.403801779863,17145.080627818043,17145.080627818043,16969.828069900148,16969.828069900148,16898.903338857916,16898.903338857916,16969.828069900148,16969.828069900148,16898.903338857916,16898.903338857916,,,,18389.95,-1,-1,-1,-1,-1,100224.29096
2022-12-25,16806.14488532882,16857.96,16721,16811.7,17304.742214798953,17304.742214798953,16993.19291050983,16993.19291050983,16934.36570437903,16934.36570437903,16877.612565497624,16877.612565497624,16934.36570437903,16934.36570437903,16877.612565497624,16877.612565497624,,,,18389.95,-1,-1,-1,-1,-1,125441.07202
2022-12-26,16808.92244266441,16944.52,16791,16871.755,17304.742214798953,17304.742214798953,16993.19291050983,16993.19291050983,16905.989134938325,16905.989134938325,16865.582364166687,16865.582364166687,16905.989134938325,16905.989134938325,16865.582364166687,16865.582364166687,,,,18389.95,-1,-1,-1,-1,-1,124564.00656
2022-12-27,16840.338721332206,16972.83,16592.37,16797.7375,17304.742214798953,17304.742214798953,16993.19291050983,16993.19291050983,16885.785749552506,16885.785749552506,16854.21153164926,16854.21153164926,16885.785749552506,16885.785749552506,16854.21153164926,16854.21153164926,,,,18389.95,-1,-1,-1,-1,-1,173749.58616
2022-12-28,16819.0381106661,16819.0381106661,16465.33,16625.9725,17304.742214798953,17304.742214798953,16993.19291050983,16993.19291050983,16869.998640600883,16869.998640600883,16833.628089690796,16833.628089690796,16869.998640600883,16869.998640600883,16833.628089690796,16833.628089690796,,,,18389.95,-1,-1,-1,-1,-1,193037.56577
2022-12-29,16722.50530533305,16722.50530533305,16488.91,16583.5275,17304.742214798953,17304.742214798953,16993.19291050983,16993.19291050983,16851.81336514584,16851.81336514584,16805.865500152468,16805.865500152468,16851.81336514584,16851.81336514584,16805.865500152468,16805.865500152468,,,,18389.95,-1,-1,-1,-1,-1,160998.47158
2022-12-30,16653.016402666522,16677.35,16333,16562.825,17304.742214798953,17304.742214798953,16993.19291050983,16993.19291050983,16828.839432649154,16828.839432649154,16770.748056191394,16770.748056191394,16828.839432649154,16828.839432649154,16770.748056191394,16770.748056191394,,,,18389.95,-1,-1,-1,-1,-1,164916.31174
2022-12-31,16607.920701333263,16644.09,16470,16565.9925,17304.742214798953,17304.742214798953,16993.19291050983,16993.19291050983,16799.793744420276,16799.793744420276,16736.69349293329,16736.69349293329,16799.793744420276,16799.793744420276,16736.69349293329,16736.69349293329,,,,18389.95,-1,-1,-1,-1,-1,114490.42864
2023-01-01,16586.956600666632,16628,16499.01,16571.3825,17148.96756265439,17148.96756265439,16856.79826973551,16856.79826973551,16768.24361867678,16768.24361867678,16706.103032944695,16706.103032944695,16768.24361867678,16768.24361867678,16706.103032944695,16706.103032944695,,,,18389.95,-1,-1,-1,-1,-1,96925.41374
2023-01-02,16579.169550333318,16799.23,16548.7,16659.492499999997,17148.96756265439,17148.96756265439,16856.79826973551,16856.79826973551,16737.173325810738,16737.173325810738,16686.54259425123,16686.54259425123,16737.173325810738,16737.173325810738,16686.54259425123,16686.54259425123,,,,18389.95,-1,-1,-1,-1,-1,121888.57191
2023-01-03,16619.331025166655,16778.4,16605.28,16682.91,17148.96756265439,17148.96756265439,16856.79826973551,16856.79826973551,16711.857960030982,16711.857960030982,16676.075515042317,16676.075515042317,16711.857960030982,16711.857960030982,16676.075515042317,16676.075515042317,,,,18389.95,-1,-1,-1,-1,-1,159541.53733
2023-01-04,16651.12051258333,16991.87,16651.12051258333,16792.635000000002,17148.96756265439,17148.96756265439,16856.79826973551,16856.79826973551,16693.966737536648,16693.966737536648,16679.68963285588,16679.68963285588,16693.966737536648,16693.966737536648,16679.68963285588,16679.68963285588,,,,18389.95,-1,-1,-1,-1,-1,220362.18862
2023-01-05,16721.877756291666,16879.82,16721.877756291666,16828.7575,17148.96756265439,17148.96756265439,16856.79826973551,16856.79826973551,16686.828185196264,16691.01120963909,16686.828185196264,16691.01120963909,16686.828185196264,16691.01120963909,16686.828185196264,16691.01120963909,,,16828.7575,,1,1,-1,0,0,163473.56641
2023-01-06,16775.317628145833,17041,16679,16875.625,17148.96756265439,17148.96756265439,16856.79826973551,16856.79826973551,16688.919697417678,16709.78122968436,16688.919697417678,16709.78122968436,16688.919697417678,16709.78122968436,16688.919697417678,16709.78122968436,,,,,1,1,-1,0,0,207401.28415
2023-01-07,16825.471314072915,16981.91,16825.471314072915,16945.947500000002,17148.96756265439,17148.96756265439,16856.79826973551,16856.79826973551,16699.350463551018,16734.977799247892,16699.350463551018,16734.977799247892,16699.350463551018,16734.977799247892,16699.350463551018,16734.977799247892,,,,,1,1,-1,0,0,104526.5688
2023-01-08,16885.70940703646,17176.99,16885.70940703646,17039.912500000002,17002.88291619495,17002.88291619495,16837.39977823251,16837.39977823251,16717.164131399455,16770.03420097935,16717.164131399455,16770.03420097935,16717.164131399455,16770.03420097935,16717.164131399455,16770.03420097935,,,,,1,1,-1,0,0,135155.89695
2023-01-09,16962.81095351823,17398.8,16962.81095351823,17202.3875,17002.88291619495,17002.88291619495,16837.39977823251,16837.39977823251,16743.5991661894,16818.542135190008,16743.5991661894,16818.542135190008,16743.5991661894,16818.542135190008,16743.5991661894,16818.542135190008,,,,,1,1,-1,0,0,266211.52723
2023-01-10,17082.599226759114,17499,17082.599226759114,17316.260000000002,17002.88291619495,17002.88291619495,16837.39977823251,16837.39977823251,16781.070650689704,16879.09672477183,16781.070650689704,16879.09672477183,16781.070650689704,16879.09672477183,16781.070650689704,16879.09672477183,,,,,1,1,-1,0,0,221382.42581
2023-01-11,17199.429613379558,18000,17199.429613379558,17674.875,17002.88291619495,17002.88291619495,16837.39977823251,16837.39977823251,16830.083687730767,16964.185473858277,16830.083687730767,16964.185473858277,16830.083687730767,16964.185473858277,16830.083687730767,16964.185473858277,,,,,1,1,-1,0,0,262221.60653
2023-01-12,17437.15230668978,19117.04,17437.15230668978,18449.7425,17002.88291619495,17002.88291619495,16837.39977823251,16837.39977823251,16897.13458079452,17105.767894941873,16897.13458079452,17105.767894941873,16897.13458079452,17105.767894941873,16897.13458079452,17105.767894941873,,,,,1,1,-1,0,0,454568.32178
2023-01-13,17943.44740334489,20000,17943.44740334489,19372.687499999996,17002.88291619495,17002.88291619495,16837.39977823251,16837.39977823251,17001.451237868197,17323.762152045823,17001.451237868197,17323.762152045823,17001.451237868197,17323.762152045823,17001.451237868197,17323.762152045823,,,,,1,1,-1,0,0,368615.87823
2023-01-14,18658.067451672443,21258,18658.067451672443,20507.745,17002.88291619495,17002.88291619495,16837.39977823251,16837.39977823251,17162.60669495701,17642.977945253482,17162.60669495701,17642.977945253482,17162.60669495701,17642.977945253482,17162.60669495701,17642.977945253482,,,,,1,1,-1,0,0,393913.74951
2023-01-15,19582.90622583622,21050.74,19582.90622583622,20856.5025,16920.14134721373,17575.489910649874,16920.14134721373,17575.489910649874,17402.792320105244,18025.3040525428,17402.792320105244,18025.3040525428,17402.792320105244,18025.3040525428,17402.792320105244,18025.3040525428,,,,,1,1,1,1,0,178542.22549
2023-01-16,20219.70436291811,21474.05,20219.70436291811,21036.042500000003,16920.14134721373,17575.489910649874,16920.14134721373,17575.489910649874,17714.04818632402,18444.79590295926,17714.04818632402,18444.79590295926,17714.04818632402,18444.79590295926,17714.04818632402,18444.79590295926,20219.70436291811,,,16823.471314072915,1,1,1,1,1,293078.08262
2023-01-17,20627.873431459055,21647.45,20627.873431459055,21202.305,16920.14134721373,17575.489910649874,16920.14134721373,17575.489910649874,18079.42204464164,18870.032505399853,18079.42204464164,18870.032505399853,18079.42204464164,18870.032505399853,18079.42204464164,18870.032505399853,,,,16823.471314072915,1,1,1,1,1,275407.74409
2023-01-18,20915.089215729527,21650,20407.15,20966.7275,16920.14134721373,17575.489910649874,16920.14134721373,17575.489910649874,18474.727275020745,19256.45040196391,18474.727275020745,19256.45040196391,18474.727275020745,19256.45040196391,18474.727275020745,19256.45040196391,,,,16823.471314072915,1,1,1,1,1,350916.01949
2023-01-19,20940.908357864762,21192,20659.19,20900.0625,16920.14134721373,17575.489910649874,16920.14134721373,17575.489910649874,18865.588838492327,19584.920070360673,18865.588838492327,19584.920070360673,18865.588838492327,19584.920070360673,18865.588838492327,19584.920070360673,,,,16823.471314072915,1,1,1,1,1,251385.84925
2023-01-20,20920.48542893238,22755.93,20861.28,21839.002500000002,16920.14134721373,17575.489910649874,16920.14134721373,17575.489910649874,19225.2544544265,19916.806307778934,19225.2544544265,19916.806307778934,19225.2544544265,19916.806307778934,19225.2544544265,19916.806307778934,,,,16823.471314072915,1,1,1,1,1,338079.13659
2023-01-21,21379.743964466194,23371.8,21379.743964466194,22810.8375,16920.14134721373,17575.489910649874,16920.14134721373,17575.489910649874,19571.030381102715,20277.79544519227,19571.030381102715,20277.79544519227,19571.030381102715,20277.79544519227,19571.030381102715,20277.79544519227,,,,16823.471314072915,1,1,1,1,1,346445.48432
2023-01-22,22095.290732233098,23078.71,22095.290732233098,22715.5775,17247.815628931803,18861.04975930682,17247.815628931803,18861.04975930682,19924.41291314749,20643.45009117843,19924.41291314749,20643.45009117843,19924.41291314749,20643.45009117843,19924.41291314749,20643.45009117843,,,,16823.471314072915,1,1,1,1,1,253577.75286
2023-01-23,22405.43411611655,23180,22405.43411611655,22825.6175,17247.815628931803,18861.04975930682,17247.815628931803,18861.04975930682,20283.93150216296,20997.259711916846,20283.93150216296,20997.259711916846,20283.93150216296,20997.259711916846,20283.93150216296,20997.259711916846,,,,16823.471314072915,1,1,1,1,1,293588.37938
2023-01-24,22615.525808058275,23162.2,22462.93,22793.9575,17247.815628931803,18861.04975930682,17247.815628931803,18861.04975930682,20640.5956070399,21318.93918960346,20640.5956070399,21318.93918960346,20640.5956070399,21318.93918960346,20640.5956070399,21318.93918960346,,,,16823.471314072915,1,1,1,1,1,293158.78254
2023-01-25,22704.741654029138,23816.73,22300,22952.4025,17247.815628931803,18861.04975930682,17247.815628931803,18861.04975930682,20979.767398321677,21613.458887981997,20979.767398321677,21613.458887981997,20979.767398321677,21613.458887981997,20979.767398321677,21613.458887981997,,,,16823.471314072915,1,1,1,1,1,346042.83223
2023-01-26,22828.57207701457,23282.47,22828.57207701457,23050.637499999997,17247.815628931803,18861.04975930682,17247.815628931803,18861.04975930682,21296.613143151837,21873.93288282756,21296.613143151837,21873.93288282756,21296.613143151837,21873.93288282756,21296.613143151837,21873.93288282756,,,,16823.471314072915,1,1,1,1,1,288924.43581
2023-01-27,22939.604788507284,23500,22534.88,23029.6725,17247.815628931803,18861.04975930682,17247.815628931803,18861.04975930682,21585.2730129897,22095.674652804315,21585.2730129897,22095.674652804315,21585.2730129897,22095.674652804315,21585.2730129897,22095.674652804315,,,,16823.471314072915,1,1,1,1,1,280833.86315
2023-01-28,22984.638644253642,23189,22878.46,23041.055,17247.815628931803,18861.04975930682,17247.815628931803,18861.04975930682,21840.47383289701,22281.608701749832,21840.47383289701,22281.608701749832,21840.47383289701,22281.608701749832,21840.47383289701,22281.608701749832,,,,16823.471314072915,1,1,1,1,1,148115.71085
2023-01-29,23012.84682212682,23960.54,22967.76,23423,18054.432694119314,20281.066135470934,18054.432694119314,20281.066135470934,22061.04126732342,22462.549302705018,22061.04126732342,22462.549302705018,22061.04126732342,22462.549302705018,22061.04126732342,22462.549302705018,,,,16823.471314072915,1,1,1,1,1,295688.78553
2023-01-30,23217.92341106341,23800.51,22500,23217.5075,18054.432694119314,20281.066135470934,18054.432694119314,20281.066135470934,22261.795285014217,22611.115887600623,22261.795285014217,22611.115887600623,22261.795285014217,22611.115887600623,22261.795285014217,22611.115887600623,,,,16823.471314072915,1,1,1,1,1,302405.90121
2023-01-31,23217.715455531703,23320,22714.77,22996.820000000003,18054.432694119314,20281.066135470934,18054.432694119314,20281.066135470934,22436.45558630742,22720.554558443666,22436.45558630742,22720.554558443666,22436.45558630742,22720.554558443666,22436.45558630742,22720.554558443666,,,,16823.471314072915,1,1,1,1,1,264649.34909
2023-02-01,23107.26772776585,23812.66,22760.23,23357.670000000002,18054.432694119314,20281.066135470934,18054.432694119314,20281.066135470934,22578.50507237554,22819.528371370223,22578.50507237554,22819.528371370223,22578.50507237554,22819.528371370223,22578.50507237554,22819.528371370223,,,,16823.471314072915,1,1,1,1,1,310790.42271
2023-02-02,23232.468863882925,24255,23232.468863882925,23709.655000000002,18054.432694119314,20281.066135470934,18054.432694119314,20281.066135470934,22699.016721872882,22935.749022786727,22699.016721872882,22935.749022786727,22699.016721872882,22935.749022786727,22699.016721872882,22935.749022786727,,,,16823.471314072915,1,1,1,1,1,364177.20751
2023-02-03,23471.06193194146,23715.7,23204.62,23460.387499999997,18054.432694119314,20281.066135470934,18054.432694119314,20281.066135470934,22817.382872329803,23036.84695657653,22817.382872329803,23036.84695657653,22817.382872329803,23036.84695657653,22817.382872329803,23036.84695657653,,,,16823.471314072915,1,1,1,1,1,332571.02904
2023-02-04,23465.72471597073,23587.78,23253.96,23400.12,18054.432694119314,20281.066135470934,18054.432694119314,20281.066135470934,22927.114914453166,23118.697034337652,22927.114914453166,23118.697034337652,22927.114914453166,23118.697034337652,22927.114914453166,23118.697034337652,,,,16823.471314072915,1,1,1,1,1,166126.47295
2023-02-05,23432.922357985364,23433.33,22743,23109.225000000002,19167.749414795122,21501.76642672694,19167.749414795122,21501.76642672694,23022.90597439541,23162.309053306948,23022.90597439541,23162.309053306948,23022.90597439541,23162.309053306948,23022.90597439541,23162.309053306948,,,,16823.471314072915,1,1,1,1,1,209251.33917
2023-02-06,23271.07367899268,23271.07367899268,22628.13,22870.452500000003,19167.749414795122,21501.76642672694,19167.749414795122,21501.76642672694,23092.607513851177,23169.13896537612,23092.607513851177,23169.13896537612,23092.607513851177,23169.13896537612,23092.607513851177,23169.13896537612,,,,16823.471314072915,1,1,1,1,1,265371.6069
2023-02-07,23070.763089496344,23350.25,22745.78,23024.752500000002,19167.749414795122,21501.76642672694,19167.749414795122,21501.76642672694,23130.873239613647,23161.548251630444,23130.873239613647,23161.548251630444,23130.873239613647,23161.548251630444,23130.873239613647,23161.548251630444,,,,16823.471314072915,1,1,1,1,1,308006.72482
2023-02-08,23047.757794748173,23452,22665.85,23080.817499999997,19167.749414795122,21501.76642672694,19167.749414795122,21501.76642672694,23146.210745622044,23149.122191620823,23146.210745622044,23149.122191620823,23146.210745622044,23149.122191620823,23146.210745622044,23149.122191620823,,,,16823.471314072915,1,1,1,1,1,280056.30717
2023-02-09,23064.287647374083,23064.287647374083,21688,22364.3975,19167.749414795122,21501.76642672694,19167.749414795122,21501.76642672694,23147.66646862143,23147.66646862143,23089.645230911112,23089.645230911112,23147.66646862143,23147.66646862143,23089.645230911112,23089.645230911112,,,22364.3975,,-1,-1,1,0,0,402894.6955
2023-02-10,22714.34257368704,22714.34257368704,21451,21703.045000000002,19167.749414795122,21501.76642672694,19167.749414795122,21501.76642672694,23118.65584976627,23118.65584976627,22977.981520885016,22977.981520885016,23118.65584976627,23118.65584976627,22977.981520885016,22977.981520885016,,,,,-1,-1,1,0,0,338591.94247
2023-02-11,22208.69378684352,22208.69378684352,21599.78,21748.46,19167.749414795122,21501.76642672694,19167.749414795122,21501.76642672694,23048.31868532564,23048.31868532564,22833.73182265388,22833.73182265388,23048.31868532564,23048.31868532564,22833.73182265388,22833.73182265388,,,,,-1,-1,1,0,0,177021.58433
2023-02-12,21978.57689342176,22090,21630,21841.39,20334.75792076103,22053.970846849625,20334.75792076103,22053.970846849625,22941.02525398976,22941.02525398976,22682.082843541713,22682.082843541713,22941.02525398976,22941.02525398976,22682.082843541713,22682.082843541713,,,,,-1,-1,1,0,0,204435.65163
2023-02-13,21909.98344671088,21909.98344671088,21351.07,21700.6,20334.75792076103,22053.970846849625,20334.75792076103,22053.970846849625,22811.554048765734,22811.554048765734,22525.608998161697,22525.608998161697,22811.554048765734,22811.554048765734,22525.608998161697,22525.608998161697,,,,,-1,-1,1,0,0,295730.76791
2023-02-14,21805.29172335544,22319.08,21532.77,21956.58,20334.75792076103,22053.970846849625,20334.75792076103,22053.970846849625,22668.581523463716,22668.581523463716,22397.283108777883,22397.283108777883,22668.581523463716,22668.581523463716,22397.283108777883,22397.283108777883,,,,,-1,-1,1,0,0,361958.40109
2023-02-15,21880.93586167772,24380,21880.93586167772,23237.7925,20334.75792076103,22053.970846849625,20334.75792076103,22053.970846849625,22532.932316120798,22532.932316120798,22377.187289026413,22377.187289026413,22532.932316120798,22532.932316120798,22377.187289026413,22377.187289026413,,,,,-1,-1,1,0,0,375669.16111
2023-02-16,22559.36418083886,25250,22559.36418083886,24148.96,20334.75792076103,22053.970846849625,20334.75792076103,22053.970846849625,22455.059802573604,22479.118999932885,22455.059802573604,22479.118999932885,22455.059802573604,22479.118999932885,22455.059802573604,22479.118999932885,,,,,1,1,1,1,0,450080.68366
2023-02-17,23354.162090419428,25021.11,23339.37,24112.0425,20334.75792076103,22053.970846849625,20334.75792076103,22053.970846849625,22467.089401253244,22658.025100371193,22467.089401253244,22658.025100371193,22467.089401253244,22658.025100371193,22467.089401253244,22658.025100371193,23339.37,,,21349.07,1,1,1,1,1,496813.1994
2023-02-18,23733.102295209712,24877,23733.102295209712,24626.7975,20334.75792076103,22053.970846849625,20334.75792076103,22053.970846849625,22562.557250812217,22882.35687366317,22562.557250812217,22882.35687366317,22562.557250812217,22882.35687366317,22562.557250812217,22882.35687366317,,,,21349.07,1,1,1,1,1,216917.25213
2023-02-19,24179.949897604856,25192,24179.949897604856,24572.094999999998,21194.364383805325,22557.059028083197,21194.364383805325,22557.059028083197,22722.457062237692,23133.59097454514,22722.457062237692,23133.59097454514,22722.457062237692,23133.59097454514,22722.457062237692,23133.59097454514,,,,21349.07,1,1,1,1,1,300395.99542
2023-02-20,24376.022448802425,25121.23,23840.83,24519.1925,21194.364383805325,22557.059028083197,21194.364383805325,22557.059028083197,22928.024018391414,23369.120467192766,22928.024018391414,23369.120467192766,22928.024018391414,23369.120467192766,22928.024018391414,23369.120467192766,,,,21349.07,1,1,1,1,1,346938.56997
2023-02-21,24447.607474401215,25250,24148.34,24673.5975,21194.364383805325,22557.059028083197,21194.364383805325,22557.059028083197,23148.57224279209,23591.10229944233,23148.57224279209,23591.10229944233,23148.57224279209,23591.10229944233,23148.57224279209,23591.10229944233,,,,21349.07,1,1,1,1,1,376000.82868
2023-02-22,24560.60248720061,24560.60248720061,23574.69,24170.905,21194.364383805325,22557.059028083197,21194.364383805325,22557.059028083197,23369.83727111721,23750.302505083946,23369.83727111721,23750.302505083946,23369.83727111721,23750.302505083946,23369.83727111721,23750.302505083946,,,,21349.07,1,1,1,1,1,379425.75365
2023-02-23,24365.753743600304,24599.59,23608,24082.5,21194.364383805325,22557.059028083197,21194.364383805325,22557.059028083197,23560.069888100577,23861.365572678133,23560.069888100577,23861.365572678133,23560.069888100577,23861.365572678133,23560.069888100577,23861.365572678133,,,,21349.07,1,1,1,1,1,398400.45437
2023-02-24,24224.126871800152,24224.126871800152,22841.19,23524.7575,21194.364383805325,22557.059028083197,21194.364383805325,22557.059028083197,23710.717730389355,23899.166980952927,23710.717730389355,23899.166980952927,23710.717730389355,23899.166980952927,23710.717730389355,23899.166980952927,,,,21349.07,1,1,1,1,1,343582.57453
2023-02-25,23874.442185900076,23874.442185900076,22722,23070.559999999998,21194.364383805325,22557.059028083197,21194.364383805325,22557.059028083197,23804.94235567114,23871.136003658685,23804.94235567114,23871.136003658685,23804.94235567114,23871.136003658685,23804.94235567114,23871.136003658685,,,,21349.07,1,1,1,1,1,191311.8101
2023-02-26,23472.501092950035,23689.99,23059.18,23365.2725,21875.71170594426,23111.713846759838,21875.71170594426,23111.713846759838,23838.039179664913,23838.039179664913,23815.88598266171,23815.88598266171,23838.039179664913,23838.039179664913,23815.88598266171,23815.88598266171,,,23365.2725,,-1,-1,1,0,0,202323.73623
2023-02-27,23418.886796475017,23897.99,23106.77,23512.925,21875.71170594426,23111.713846759838,21875.71170594426,23111.713846759838,23826.962581163312,23826.962581163312,23760.61436988153,23760.61436988153,23826.962581163312,23826.962581163312,23760.61436988153,23760.61436988153,,,,,-1,-1,1,0,0,283706.0859
2023-02-28,23465.905898237506,23600,23020.97,23313.6575,21875.71170594426,23111.713846759838,21875.71170594426,23111.713846759838,23793.78847552242,23793.78847552242,23698.333748777695,23698.333748777695,23793.78847552242,23793.78847552242,23698.333748777695,23698.333748777695,,,,,-1,-1,1,0,0,264140.99894
2023-03-01,23389.781699118754,24000,23020.03,23447.6425,21875.71170594426,23111.713846759838,21875.71170594426,23111.713846759838,23746.06111215006,23746.06111215006,23648.472107907197,23648.472107907197,23746.06111215006,23746.06111215006,23648.472107907197,23648.472107907197,,,,,-1,-1,1,0,0,315287.41737
2023-03-02,23418.71209955938,23796.93,23195.9,23521.9775,21875.71170594426,23111.713846759838,21875.71170594426,23111.713846759838,23697.266610028626,23697.266610028626,23610.528479232755,23610.528479232755,23697.266610028626,23697.266610028626,23610.528479232755,23610.528479232755,,,,,-1,-1,1,0,0,239315.45219
2023-03-03,23470.34479977969,23476.95,21971.13,22816.935,21875.71170594426,23111.713846759838,21875.71170594426,23111.713846759838,23653.89754463069,23653.89754463069,23532.671361025765,23532.671361025765,23653.89754463069,23653.89754463069,23532.671361025765,23532.671361025765,,,,,-1,-1,1,0,0,319954.19785
2023-03-04,23143.639899889844,23143.639899889844,22157.08,22316.997499999998,21875.71170594426,23111.713846759838,21875.71170594426,23111.713846759838,23593.284452828226,23593.284452828226,23421.464080433092,23421.464080433092,23593.284452828226,23593.284452828226,23421.464080433092,23421.464080433092,,,,,-1,-1,1,0,0,121257.38132
2023-03-05,22730.31869994492,22730.31869994492,22189.22,22407.030000000002,22493.712776352048,23160.65885578559,22493.712776352048,23160.65885578559,23507.374266630657,23507.374266630657,23288.923595671124,23288.923595671124,23507.374266630657,23507.374266630657,23288.923595671124,23288.923595671124,,,,,-1,-1,1,0,0,154841.75786
2023-03-06,22568.67434997246,22602.19,22258,22425.1075,22493.712776352048,23160.65885578559,22493.712776352048,23160.65885578559,23398.14893115089,23398.14893115089,23153.699757610826,23153.699757610826,23398.14893115089,23398.14893115089,23153.699757610826,23153.699757610826,,,,,-1,-1,1,0,0,203751.82957
2023-03-07,22496.89092498623,22557.91,21927,22273.07,22493.712776352048,23160.65885578559,22493.712776352048,23160.65885578559,23275.924344380855,23275.924344380855,23015.930230839196,23015.930230839196,23275.924344380855,23275.924344380855,23015.930230839196,23015.930230839196,,,,,-1,-1,1,0,0,292519.80912
2023-03-08,22384.980462493113,22384.980462493113,21580,21942.75,22493.712776352048,23160.65885578559,22493.712776352048,23160.65885578559,23145.927287610026,23145.927287610026,22867.837562826422,22867.837562826422,23145.927287610026,23145.927287610026,22867.837562826422,22867.837562826422,,,,,-1,-1,1,0,0,301460.57272
2023-03-09,22163.865231246557,22163.865231246557,20042.72,20986.075,22493.712776352048,23160.65885578559,22493.712776352048,23160.65885578559,23006.882425218224,23006.882425218224,22662.842655780183,22662.842655780183,23006.882425218224,23006.882425218224,22662.842655780183,22662.842655780183,,,,,-1,-1,1,0,0,443658.28584
2023-03-10,21574.970115623277,21574.970115623277,19549.09,20107.4425,22493.712776352048,23160.65885578559,22493.712776352048,23160.65885578559,22834.862540499205,22834.862540499205,22392.8473015614,22392.8473015614,22834.862540499205,22834.862540499205,22392.8473015614,22392.8473015614,,,,,-1,-1,1,0,0,618456.4671
2023-03-11,20841.20630781164,20841.20630781164,19765.03,20264.489999999998,22493.712776352048,23160.65885578559,22493.712776352048,23160.65885578559,22613.854921030303,22613.854921030303,22092.194878689916,22092.194878689916,22613.854921030303,22613.854921030303,22092.194878689916,22092.194878689916,,,,,-1,-1,1,0,0,427831.82133
2023-03-12,20552.84815390582,22150,20270.6,21218.36,22827.185816068817,22827.185816068817,22600.84027083869,22600.84027083869,22353.02489986011,22353.02489986011,21859.068828886473,21859.068828886473,22353.02489986011,22353.02489986011,21859.068828886473,21859.068828886473,,,,,-1,-1,-1,-1,0,430944.94288
2023-03-13,20885.60407695291,24500,20885.60407695291,23106.3525,22827.185816068817,22827.185816068817,22600.84027083869,22600.84027083869,22106.04686437329,22106.04686437329,21793.41634649731,21793.41634649731,22106.04686437329,22106.04686437329,21793.41634649731,21793.41634649731,,24500,,24502,-1,-1,-1,-1,-1,687889.31259
2023-03-14,21995.978288476457,26386.87,21995.978288476457,24786.4925,22827.185816068817,22827.185816068817,22600.84027083869,22600.84027083869,21949.7316054353,21949.7316054353,21940.370825626003,21940.370825626003,21949.7316054353,21949.7316054353,21940.370825626003,21940.370825626003,,,24786.4925,,-1,-1,-1,-1,0,699360.93423
2023-03-15,23391.23539423823,25196.97,23391.23539423823,24512.4975,22827.185816068817,22827.185816068817,22600.84027083869,22600.84027083869,21945.05121553065,22202.959693352113,21945.05121553065,22202.959693352113,21945.05121553065,22202.959693352113,21945.05121553065,22202.959693352113,,,,,1,1,-1,0,0,581450.72984
2023-03-16,23951.866447119115,25167.4,23951.866447119115,24643.71,22827.185816068817,22827.185816068817,22600.84027083869,22600.84027083869,22074.00545444138,22523.34570097607,22074.00545444138,22523.34570097607,22074.00545444138,22523.34570097607,22074.00545444138,22523.34570097607,,,,,1,1,-1,0,0,439421.32998
2023-03-17,24297.788223559557,27756.84,24297.788223559557,26260.1875,22827.185816068817,22827.185816068817,22600.84027083869,22600.84027083869,22298.675577708724,22951.064085494247,22298.675577708724,22951.064085494247,22298.675577708724,22951.064085494247,22298.675577708724,22951.064085494247,,,,,1,1,-1,0,0,624460.68091
2023-03-18,25278.98786177978,27724.85,25278.98786177978,27151.3675,22827.185816068817,22827.185816068817,22600.84027083869,22600.84027083869,22624.869831601485,23453.553484526787,22624.869831601485,23453.553484526787,22624.869831601485,23453.553484526787,22624.869831601485,23453.553484526787,,,,,1,1,-1,0,0,371238.97174
2023-03-19,26215.17768088989,28390.1,26215.17768088989,27524.42,22714.013043453753,23344.97893684946,22714.013043453753,23344.97893684946,23039.211658064134,24010.952124601365,23039.211658064134,24010.952124601365,23039.211658064134,24010.952124601365,23039.211658064134,24010.952124601365,,,,,1,1,1,1,0,372066.99054
2023-03-20,26869.798840444942,28472,26869.798840444942,27821.587499999998,22714.013043453753,23344.97893684946,22714.013043453753,23344.97893684946,23525.08189133275,24581.946527358043,23525.08189133275,24581.946527358043,23525.08189133275,24581.946527358043,23525.08189133275,24581.946527358043,26869.798840444942,,,19763.03,1,1,1,1,1,477378.23373
2023-03-21,27345.69317022247,28438.55,27303.1,27891.0325,22714.013043453753,23344.97893684946,22714.013043453753,23344.97893684946,24053.514209345394,25129.53479443983,24053.514209345394,25129.53479443983,24053.514209345394,25129.53479443983,24053.514209345394,25129.53479443983,,,,19763.03,1,1,1,1,1,420929.7422
2023-03-22,27618.362835111235,28868.05,26601.8,27707.1575,22714.013043453753,23344.97893684946,22714.013043453753,23344.97893684946,24591.524501892614,25613.458900352485,24591.524501892614,25613.458900352485,24591.524501892614,25613.458900352485,24591.524501892614,25613.458900352485,,,,19763.03,1,1,1,1,1,224113.41296
2023-03-23,27662.760167555618,28750,27105,27850.345,22714.013043453753,23344.97893684946,22714.013043453753,23344.97893684946,25102.49170112255,26037.385029026074,25102.49170112255,26037.385029026074,25102.49170112255,26037.385029026074,25102.49170112255,26037.385029026074,,,,19763.03,1,1,1,1,1,128649.60818
2023-03-24,27756.55258377781,28374.3,27000,27781.0475,22714.013043453753,23344.97893684946,22714.013043453753,23344.97893684946,25569.938365074315,26385.491888355384,25569.938365074315,26385.491888355384,25569.938365074315,26385.491888355384,25569.938365074315,26385.491888355384,,,,19763.03,1,1,1,1,1,86242.06544
2023-03-25,27768.800041888906,27787.33,27156.09,27465.2075,22714.013043453753,23344.97893684946,22714.013043453753,23344.97893684946,25977.71512671485,26650.951978008336,25977.71512671485,26650.951978008336,25977.71512671485,26650.951978008336,25977.71512671485,26650.951978008336,,,,19763.03,1,1,1,1,1,50844.08102
2023-03-26,27617.00377094445,28194.4,27417.76,27760.7925,23029.495990151605,24627.358168072966,23029.495990151605,24627.358168072966,26314.333552361593,26872.30331671107,26314.333552361593,26872.30331671107,26314.333552361593,26872.30331671107,26314.333552361593,26872.30331671107,,,,19763.03,1,1,1,1,1,49671.70353
2023-03-27,27688.898135472227,28023.86,26508.14,27406.24,23029.495990151605,24627.358168072966,23029.495990151605,24627.358168072966,26593.318434536333,27023.110049630744,26593.318434536333,27023.110049630744,26593.318434536333,27023.110049630744,26593.318434536333,27023.110049630744,,,,19763.03,1,1,1,1,1,88039.46898
2023-03-28,27547.569067736113,27547.569067736113,26631.78,27134.4375,23029.495990151605,24627.358168072966,23029.495990151605,24627.358168072966,26808.21424208354,27110.573534703242,26808.21424208354,27110.573534703242,26808.21424208354,27110.573534703242,26808.21424208354,27110.573534703242,,,,19763.03,1,1,1,1,1,78602.44341
2023-03-29,27341.003283868056,28650,27240.1,27874.940000000002,23029.495990151605,24627.358168072966,23029.495990151605,24627.358168072966,26959.39388839339,27210.584253182744,26959.39388839339,27210.584253182744,26959.39388839339,27210.584253182744,26959.39388839339,27210.584253182744,,,,19763.03,1,1,1,1,1,89486.16008
2023-03-30,27607.97164193403,29184.68,27607.97164193403,28311.9525,23029.495990151605,24627.358168072966,23029.495990151605,24627.358168072966,27084.98907078807,27343.26122783178,27084.98907078807,27343.26122783178,27084.98907078807,27343.26122783178,27084.98907078807,27343.26122783178,,,,19763.03,1,1,1,1,1,98865.43256
2023-03-31,27959.962070967013,28656.69,27511.71,28165.5725,23029.495990151605,24627.358168072966,23029.495990151605,24627.358168072966,27214.125149309926,27470.085808437772,27214.125149309926,27470.085808437772,27214.125149309926,27470.085808437772,27214.125149309926,27470.085808437772,,,,19763.03,1,1,1,1,1,78198.12139
2023-04-01,28062.767285483504,28819.71,28062.767285483504,28489.517499999998,23029.495990151605,24627.358168072966,23029.495990151605,24627.358168072966,27342.10547887385,27608.257697992034,27342.10547887385,27608.257697992034,27342.10547887385,27608.257697992034,27342.10547887385,27608.257697992034,,,,19763.03,1,1,1,1,1,30238.44753
2023-04-02,28276.14239274175,28530,27856.43,28252.760000000002,23828.427079112287,25904.772378087517,23828.427079112287,25904.772378087517,27475.181588432944,27727.900170912326,27475.181588432944,27727.900170912326,27475.181588432944,27727.900170912326,27475.181588432944,27727.900170912326,,,,19763.03,1,1,1,1,1,37365.65692
2023-04-03,28264.451196370876,28500.99,27200.24,27918.275,23828.427079112287,25904.772378087517,23828.427079112287,25904.772378087517,27601.540879672637,27805.341225224496,27601.540879672637,27805.341225224496,27601.540879672637,27805.341225224496,27601.540879672637,27805.341225224496,,,,19763.03,1,1,1,1,1,79180.01405
2023-04-04,28091.363098185437,28444.44,27662.79,28018.175000000003,23828.427079112287,25904.772378087517,23828.427079112287,25904.772378087517,27703.44105244857,27863.600454954343,27703.44105244857,27863.600454954343,27703.44105244857,27863.600454954343,27703.44105244857,27863.600454954343,,,,19763.03,1,1,1,1,1,49722.55691
2023-04-05,28054.76904909272,28775,27805.1,28228.895,23828.427079112287,25904.772378087517,23828.427079112287,25904.772378087517,27783.520753701454,27922.1072561455,27783.520753701454,27922.1072561455,27783.520753701454,27922.1072561455,27783.520753701454,27922.1072561455,,,,19763.03,1,1,1,1,1,60737.64732
2023-04-06,28141.832024546362,28182.05,27711,28024.22,23828.427079112287,25904.772378087517,23828.427079112287,25904.772378087517,27852.814004923475,27957.647607811694,27852.814004923475,27957.647607811694,27852.814004923475,27957.647607811694,27852.814004923475,27957.647607811694,,,,19763.03,1,1,1,1,1,40118.94963
2023-04-07,28083.02601227318,28100,27766.94,27951.775,23828.427079112287,25904.772378087517,23828.427079112287,25904.772378087517,27905.230806367585,27975.814229278727,27905.230806367585,27975.814229278727,27905.230806367585,27975.814229278727,27905.230806367585,27975.814229278727,,,,19763.03,1,1,1,1,1,24762.09387
2023-04-08,28017.40050613659,28154.99,27859.02,27964.682500000003,23828.427079112287,25904.772378087517,23828.427079112287,25904.772378087517,27940.522517823156,27986.355010163825,27940.522517823156,27986.355010163825,27940.522517823156,27986.355010163825,27940.522517823156,27986.355010163825,,,,19763.03,1,1,1,1,1,19479.96735
2023-04-09,27991.041503068296,28530,27800,28148.035,24866.599728599904,26826.95964067242,24866.599728599904,26826.95964067242,27963.43876399349,28002.91085151938,27963.43876399349,28002.91085151938,27963.43876399349,28002.91085151938,27963.43876399349,28002.91085151938,,,,19763.03,1,1,1,1,1,32531.16101
2023-04-10,28069.538251534148,29770,28069.538251534148,28975.274999999998,24866.599728599904,26826.95964067242,24866.599728599904,26826.95964067242,27983.174807756433,28074.474868529545,27983.174807756433,28074.474868529545,27983.174807756433,28074.474868529545,27983.174807756433,28074.474868529545,,,,19763.03,1,1,1,1,1,67754.0622
2023-04-11,28522.40662576707,30550,28522.40662576707,29994.4425,24866.599728599904,26826.95964067242,24866.599728599904,26826.95964067242,28028.824838142988,28225.457104854642,28028.824838142988,28225.457104854642,28028.824838142988,28225.457104854642,28028.824838142988,28225.457104854642,,,,19763.03,1,1,1,1,1,67990.07621
2023-04-12,29258.424562883534,30486,29258.424562883534,30052.975,24866.599728599904,26826.95964067242,24866.599728599904,26826.95964067242,28127.140971498815,28432.670941947432,28127.140971498815,28432.670941947432,28127.140971498815,28432.670941947432,28127.140971498815,28432.670941947432,,,,19763.03,1,1,1,1,1,62049.48451
2023-04-13,29655.699781441766,30595,29655.699781441766,30177.875,24866.599728599904,26826.95964067242,24866.599728599904,26826.95964067242,28279.905956723123,28670.561639148375,28279.905956723123,28670.561639148375,28279.905956723123,28670.561639148375,28279.905956723123,28670.561639148375,,,,19763.03,1,1,1,1,1,51934.11731
2023-04-14,29916.787390720885,31000,29916.787390720885,30451.692499999997,24866.599728599904,26826.95964067242,24866.599728599904,26826.95964067242,28475.233797935747,28928.311091727664,28475.233797935747,28928.311091727664,28475.233797935747,28928.311091727664,28475.233797935747,28928.311091727664,,,,19763.03,1,1,1,1,1,75984.19452
2023-04-15,30184.23994536044,30595.6,30184.23994536044,30389.905,24866.599728599904,26826.95964067242,24866.599728599904,26826.95964067242,28701.772444831706,29173.943959016004,28701.772444831706,29173.943959016004,28701.772444831706,29173.943959016004,28701.772444831706,29173.943959016004,,,,19763.03,1,1,1,1,1,25429.81247
2023-04-16,30287.072472680222,30549.99,30120,30317.434999999998,25846.779684636163,27833.180783194093,25846.779684636163,27833.180783194093,28937.858201923857,29390.32200011981,28937.858201923857,29390.32200011981,28937.858201923857,29390.32200011981,28937.858201923857,29390.32200011981,,,,19763.03,1,1,1,1,1,26431.99322
2023-04-17,30302.25373634011,30316.06,29240.65,29822.91,25846.779684636163,27833.180783194093,25846.779684636163,27833.180783194093,29164.090101021833,29538.422546765163,29164.090101021833,29538.422546765163,29164.090101021833,29538.422546765163,29164.090101021833,29538.422546765163,,,,19763.03,1,1,1,1,1,56441.81127
2023-04-18,30062.581868170055,30485,29096.78,29848.015,25846.779684636163,27833.180783194093,25846.779684636163,27833.180783194093,29351.2563238935,29637.284728113205,29351.2563238935,29637.284728113205,29351.2563238935,29637.284728113205,29351.2563238935,29637.284728113205,,,,19763.03,1,1,1,1,1,62004.89434
2023-04-19,29955.298434085027,30413.53,28520,29527.659999999996,25846.779684636163,27833.180783194093,25846.779684636163,27833.180783194093,29494.27052600335,29680.472624334117,29494.27052600335,29680.472624334117,29494.27052600335,29680.472624334117,29494.27052600335,29680.472624334117,,,,19763.03,1,1,1,1,1,86575.48656
2023-04-20,29741.479217042513,29741.479217042513,28010,28534.762499999997,25846.779684636163,27833.180783194093,25846.779684636163,27833.180783194093,29587.371575168734,29640.756541164956,29587.371575168734,29640.756541164956,29587.371575168734,29640.756541164956,29587.371575168734,29640.756541164956,,,,19763.03,1,1,1,1,1,76879.09372
2023-04-21,29138.120858521255,29138.120858521255,27125,27751.3775,25846.779684636163,27833.180783194093,25846.779684636163,27833.180783194093,29614.064058166845,29614.064058166845,29501.99110351674,29501.99110351674,29614.064058166845,29614.064058166845,29501.99110351674,29501.99110351674,,,27751.3775,,-1,-1,1,0,0,77684.7679
2023-04-22,28444.749179260627,28444.749179260627,27140.35,27525.690000000002,25846.779684636163,27833.180783194093,25846.779684636163,27833.180783194093,29558.02758084179,29558.02758084179,29293.84665360211,29293.84665360211,29558.02758084179,29558.02758084179,29293.84665360211,29293.84665360211,,,,,-1,-1,1,0,0,36023.69686
2023-04-23,27985.219589630316,27985.219589630316,27311.25,27633.887499999997,26839.98023391513,28347.9167865769,26839.98023391513,28347.9167865769,29425.93711722195,29425.93711722195,29057.605689527558,29057.605689527558,29425.93711722195,29425.93711722195,29057.605689527558,29057.605689527558,,,,,-1,-1,1,0,0,34812.09581
2023-04-24,27809.553544815157,28000,26942.82,27511.085,26839.98023391513,28347.9167865769,26839.98023391513,28347.9167865769,29241.771403374754,29241.771403374754,28814.760701552874,28814.760701552874,29241.771403374754,29241.771403374754,28814.760701552874,28814.760701552874,,,,,-1,-1,1,0,0,53111.56874
2023-04-25,27660.319272407578,28399.99,27192,27850.927499999998,26839.98023391513,28347.9167865769,26839.98023391513,28347.9167865769,29028.266052463812,29028.266052463812,28609.08179530238,28609.08179530238,29028.266052463812,29028.266052463812,28609.08179530238,28609.08179530238,,,,,-1,-1,1,0,0,52325.14637
2023-04-26,27755.623386203788,30036,27235,28496.7725,26839.98023391513,28347.9167865769,26839.98023391513,28347.9167865769,28818.673923883096,28818.673923883096,28492.810943607576,28492.810943607576,28818.673923883096,28818.673923883096,28492.810943607576,28492.810943607576,,,,,-1,-1,1,0,0,129228.40403
2023-04-27,28126.19794310189,29890,28126.19794310189,29039.23,26839.98023391513,28347.9167865769,26839.98023391513,28347.9167865769,28655.742433745338,28655.742433745338,28465.4485930783,28465.4485930783,28655.742433745338,28655.742433745338,28465.4485930783,28465.4485930783,,,,,-1,-1,1,0,0,95430.82431
2023-04-28,28582.713971550947,29599.54,28582.713971550947,29318.7525,26839.98023391513,28347.9167865769,26839.98023391513,28347.9167865769,28560.59551341182,28560.59551341182,28502.055631071056,28502.055631071056,28560.59551341182,28560.59551341182,28502.055631071056,28502.055631071056,,,,,-1,-1,1,0,0,54298.16578
2023-04-29,28950.73323577547,29448.88,28950.73323577547,29255.505,26839.98023391513,28347.9167865769,26839.98023391513,28347.9167865769,28531.32557224144,28576.864003184714,28531.32557224144,28576.864003184714,28531.32557224144,28576.864003184714,28531.32557224144,28576.864003184714,,,,,1,1,1,1,0,20466.83058
2023-04-30,29103.119117887734,29969.39,29079.59,29378.159999999996,27593.948510246013,28484.261994068584,27593.948510246013,28484.261994068584,28554.094787713075,28683.39242361884,28554.094787713075,28683.39242361884,28554.094787713075,28683.39242361884,28554.094787713075,28683.39242361884,29079.59,,,26940.82,1,1,1,1,1,39752.5372
2023-05-01,29240.639558943865,29337.34,27666.95,28576.4375,27593.948510246013,28484.261994068584,27593.948510246013,28484.261994068584,28618.743605665957,28735.056739031843,28618.743605665957,28735.056739031843,28618.743605665957,28735.056739031843,28618.743605665957,28735.056739031843,,,,26940.82,1,1,1,1,1,64433.65958
2023-05-02,28908.53852947193,28908.53852947193,27872,28372.5,27593.948510246013,28484.261994068584,27593.948510246013,28484.261994068584,28676.9001723489,28739.6411996205,28676.9001723489,28739.6411996205,28676.9001723489,28739.6411996205,28676.9001723489,28739.6411996205,,,,26940.82,1,1,1,1,1,50824.5224
2023-05-03,28640.519264735965,29266.66,28113.69,28769.09,27593.948510246013,28484.261994068584,27593.948510246013,28484.261994068584,28708.2706859847,28738.03382492307,28708.2706859847,28738.03382492307,28708.2706859847,28738.03382492307,28708.2706859847,28738.03382492307,,,,26940.82,1,1,1,1,1,64615.79213
2023-05-04,28704.80463236798,29379.83,28663.64,28976.947500000002,27593.948510246013,28484.261994068584,27593.948510246013,28484.261994068584,28723.152255453886,28754.463424123733,28723.152255453886,28754.463424123733,28723.152255453886,28754.463424123733,28723.152255453886,28754.463424123733,,,,26940.82,1,1,1,1,1,42575.47501
2023-05-05,28840.87606618399,29677,28800,29205.1925,27593.948510246013,28484.261994068584,27593.948510246013,28484.261994068584,28738.80783978881,28795.5797897438,28738.80783978881,28795.5797897438,28738.80783978881,28795.5797897438,28738.80783978881,28795.5797897438,,,,26940.82,1,1,1,1,1,58415.83048
2023-05-06,29023.034283091998,29820,28300,29118.45,27593.948510246013,28484.261994068584,27593.948510246013,28484.261994068584,28767.193814766302,28838.748874235756,28767.193814766302,28838.748874235756,28767.193814766302,28838.748874235756,28767.193814766302,28838.748874235756,,,,26940.82,1,1,1,1,1,49249.28459
2023-05-07,29070.742141545998,29138.29,28395.23,28702.9525,28039.1052521573,28599.419631445515,28039.1052521573,28599.419631445515,28802.971344501027,28857.832650212073,28802.971344501027,28857.832650212073,28802.971344501027,28857.832650212073,28802.971344501027,28857.832650212073,,,,26940.82,1,1,1,1,1,30003.41028
2023-05-08,28886.847320773,28886.847320773,27262,27997.972500000003,28039.1052521573,28599.419631445515,28039.1052521573,28599.419631445515,28830.40199735655,28830.40199735655,28813.457002127634,28813.457002127634,28830.40199735655,28830.40199735655,28813.457002127634,28813.457002127634,,,27997.972500000003,,-1,-1,1,0,0,68244.36179
2023-05-09,28442.4099103865,28442.4099103865,27353,27617.0175,28039.1052521573,28599.419631445515,28039.1052521573,28599.419631445515,28821.92949974209,28821.92949974209,28717.21523996073,28717.21523996073,28821.92949974209,28821.92949974209,28717.21523996073,28717.21523996073,,,,,-1,-1,1,0,0,40113.31069
2023-05-10,28029.71370519325,28331.42,26777,27583.8625,28039.1052521573,28599.419631445515,28039.1052521573,28599.419631445515,28769.57236985141,28769.57236985141,28580.149867512846,28580.149867512846,28769.57236985141,28769.57236985141,28580.149867512846,28580.149867512846,,,,,-1,-1,1,0,0,71155.11355
2023-05-11,27806.788102596627,27806.788102596627,26702.05,27224.8875,28039.1052521573,28599.419631445515,28039.1052521573,28599.419631445515,28674.861118682125,28674.861118682125,28409.96189892921,28409.96189892921,28674.861118682125,28674.861118682125,28409.96189892921,28409.96189892921,,,,,-1,-1,1,0,0,47635.31365
2023-05-12,27515.837801298316,27515.837801298316,25811.46,26666.55,28039.1052521573,28599.419631445515,28039.1052521573,28599.419631445515,28542.411508805668,28542.411508805668,28194.315024854175,28194.315024854175,28542.411508805668,28542.411508805668,28194.315024854175,28194.315024854175,,,,,-1,-1,1,0,0,67207.93494
2023-05-13,27091.19390064916,27091.19390064916,26692.03,26826.942499999997,28039.1052521573,28599.419631445515,28039.1052521573,28599.419631445515,28368.36326682992,28368.36326682992,27980.88204366097,27980.88204366097,28368.36326682992,28368.36326682992,27980.88204366097,27980.88204366097,,,,,-1,-1,1,0,0,22814.90421
2023-05-14,26959.06820032458,27200,26560.53,26863.355,28319.262441801406,28319.262441801406,28191.270255531053,28191.270255531053,28174.622655245446,28174.622655245446,27784.82276411927,27784.82276411927,28174.622655245446,28174.622655245446,27784.82276411927,27784.82276411927,,,,,-1,-1,-1,-1,0,21594.8036
2023-05-15,26911.21160016229,27663.59,26726,27117.335,28319.262441801406,28319.262441801406,28191.270255531053,28191.270255531053,27979.72270968236,27979.72270968236,27632.85833463726,27632.85833463726,27979.72270968236,27979.72270968236,27632.85833463726,27632.85833463726,,27663.59,,29822,-1,-1,-1,-1,-1,40430.08333
2023-05-16,27014.273300081142,27296.89,26852.11,27086.247499999998,28319.262441801406,28319.262441801406,28191.270255531053,28191.270255531053,27806.29052215981,27806.29052215981,27511.23243335748,27511.23243335748,27806.29052215981,27806.29052215981,27511.23243335748,27511.23243335748,,,,29822,-1,-1,-1,-1,-1,33270.45451
2023-05-17,27050.26040004057,27500,26544.71,27121.0425,28319.262441801406,28319.262441801406,28191.270255531053,28191.270255531053,27658.761477758642,27658.761477758642,27413.831083129375,27413.831083129375,27658.761477758642,27658.761477758642,27413.831083129375,27413.831083129375,,,,29822,-1,-1,-1,-1,-1,42958.97785
2023-05-18,27085.651450020283,27485.33,26361.2,27018.3575,28319.262441801406,28319.262441801406,28191.270255531053,28191.270255531053,27536.296280444007,27536.296280444007,27330.493000078543,27330.493000078543,27536.296280444007,27536.296280444007,27330.493000078543,27330.493000078543,,,,29822,-1,-1,-1,-1,-1,49198.65143
2023-05-19,27052.00447501014,27183.6,26630,26878.785,28319.262441801406,28319.262441801406,28191.270255531053,28191.270255531053,27433.394640261275,27433.394640261275,27256.54450520362,27256.54450520362,27433.394640261275,27433.394640261275,27256.54450520362,27256.54450520362,,,,29822,-1,-1,-1,-1,-1,28754.13544
2023-05-20,26965.39473750507,27150,26825.11,26989.449999999997,28319.262441801406,28319.262441801406,28191.270255531053,28191.270255531053,27344.969572732447,27344.969572732447,27197.674690188447,27197.674690188447,27344.969572732447,27344.969572732447,27197.674690188447,27197.674690188447,,,,29822,-1,-1,-1,-1,-1,14434.54718
2023-05-21,26977.422368752534,27277.55,26666.03,26948.445,28255.266348666228,28255.266348666228,27772.730850480923,27772.730850480923,27271.322131460445,27271.322131460445,27149.72985669245,27149.72985669245,27271.322131460445,27271.322131460445,27149.72985669245,27149.72985669245,,,,29822,-1,-1,-1,-1,-1,21347.87279
2023-05-22,26962.933684376265,27099.89,26538.21,26808.787500000002,28255.266348666228,28255.266348666228,27772.730850480923,27772.730850480923,27210.525994076448,27210.525994076448,27100.931195674464,27100.931195674464,27210.525994076448,27210.525994076448,27100.931195674464,27100.931195674464,,,,29822,-1,-1,-1,-1,-1,26458.83828
2023-05-23,26885.86059218813,27495.83,26798.11,27090.7075,28255.266348666228,28255.266348666228,27772.730850480923,27772.730850480923,27155.728594875454,27155.728594875454,27075.198116299187,27075.198116299187,27155.728594875454,27155.728594875454,27075.198116299187,27075.198116299187,,,,29822,-1,-1,-1,-1,-1,38700.83858
2023-05-24,26988.284046094064,27219.61,26080.5,26712.1825,28255.266348666228,28255.266348666228,27772.730850480923,27772.730850480923,27115.46335558732,27115.46335558732,27034.29565883289,27034.29565883289,27115.46335558732,27115.46335558732,27034.29565883289,27034.29565883289,,,,29822,-1,-1,-1,-1,-1,54393.0657
2023-05-25,26850.23327304703,26850.23327304703,25871.89,26326.665,28255.266348666228,28255.266348666228,27772.730850480923,27772.730850480923,27074.879507210102,27074.879507210102,26965.470932254448,26965.470932254448,27074.879507210102,27074.879507210102,26965.470932254448,26965.470932254448,,,,29822,-1,-1,-1,-1,-1,37435.44895
2023-05-26,26588.449136523515,26932.16,26327.24,26609.78,28255.266348666228,28255.266348666228,27772.730850480923,27772.730850480923,27020.175219732275,27020.175219732275,26902.14706890686,26902.14706890686,27020.175219732275,27020.175219732275,26902.14706890686,26902.14706890686,,,,29822,-1,-1,-1,-1,-1,35061.18713
2023-05-27,26599.114568261757,26895,26551,26751.55,28255.266348666228,28255.266348666228,27772.730850480923,27772.730850480923,26961.161144319565,26961.161144319565,26854.553183625412,26854.553183625412,26961.161144319565,26961.161144319565,26854.553183625412,26854.553183625412,,,,29822,-1,-1,-1,-1,-1,15095.6867
2023-05-28,26675.332284130876,28261.32,26675.332284130876,27486.239999999998,28013.998599573573,28013.998599573573,27478.52805950015,27478.52805950015,26907.85716397249,26907.85716397249,26869.676300133186,26869.676300133186,26907.85716397249,26907.85716397249,26869.676300133186,26869.676300133186,,,,29822,-1,-1,-1,-1,-1,43916.00855
2023-05-29,27080.786142065437,28447.14,27080.786142065437,27943.2875,28013.998599573573,28013.998599573573,27478.52805950015,27478.52805950015,26888.766732052838,26945.02918969455,26888.766732052838,26945.02918969455,26888.766732052838,26945.02918969455,26888.766732052838,26945.02918969455,,,27943.2875,,1,1,-1,0,0,42385.41945
2023-05-30,27512.036821032718,28038.59,27512.036821032718,27755.845,28013.998599573573,28013.998599573573,27478.52805950015,27478.52805950015,26916.89796087369,27047.713691118457,26916.89796087369,27047.713691118457,26916.89796087369,27047.713691118457,26916.89796087369,27047.713691118457,,,,,1,1,-1,0,0,32686.75371
2023-05-31,27633.940910516358,27835.51,26839.01,27394.814999999995,28013.998599573573,28013.998599573573,27478.52805950015,27478.52805950015,26982.305825996074,27129.242483917227,26982.305825996074,27129.242483917227,26982.305825996074,27129.242483917227,26982.305825996074,27129.242483917227,,,,,1,1,-1,0,0,46588.80573
2023-06-01,27514.377955258176,27514.377955258176,26605.05,26995.835,28013.998599573573,28013.998599573573,27478.52805950015,27478.52805950015,27055.77415495665,27169.79305333104,27055.77415495665,27169.79305333104,27055.77415495665,27169.79305333104,27055.77415495665,27169.79305333104,,,,,1,1,-1,0,0,39217.8088
2023-06-02,27255.106477629088,27300,26505,26966.379999999997,28013.998599573573,28013.998599573573,27478.52805950015,27478.52805950015,27112.783604143842,27174.21252493093,27112.783604143842,27174.21252493093,27112.783604143842,27174.21252493093,27112.783604143842,27174.21252493093,,,,,1,1,-1,0,0,36380.90269
2023-06-03,27110.743238814543,27333.29,26914.93,27140.0075,28013.998599573573,28013.998599573573,27478.52805950015,27478.52805950015,27143.498064537383,27171.877625879562,27143.498064537383,27171.877625879562,27143.498064537383,27171.877625879562,27143.498064537383,27171.877625879562,,,,,1,1,-1,0,0,16595.34117
2023-06-04,27125.375369407273,27455.02,26951,27147.612500000003,27746.26332953686,27746.26332953686,27438.65348339927,27438.65348339927,27157.68784520847,27170.59905889757,27157.68784520847,27170.59905889757,27157.68784520847,27170.59905889757,27157.68784520847,27170.59905889757,,,,,1,1,-1,0,0,19258.41049
2023-06-05,27136.493934703638,27136.493934703638,25388,26340.1825,27746.26332953686,27746.26332953686,27438.65348339927,27438.65348339927,27164.14345205302,27164.14345205302,27110.419597279684,27110.419597279684,27164.14345205302,27164.14345205302,27110.419597279684,27110.419597279684,,,,,-1,-1,-1,-1,0,65805.60305
2023-06-06,26738.33821735182,27355.33,25351.02,26416.1575,27746.26332953686,27746.26332953686,27438.65348339927,27438.65348339927,27137.281524666352,27137.281524666352,27024.984011374294,27024.984011374294,27137.281524666352,27137.281524666352,27024.984011374294,27024.984011374294,,27355.33,,28449.14,-1,-1,-1,-1,-1,68392.60438
2023-06-07,26577.24785867591,27391.77,26125.01,26771.547499999997,27746.26332953686,27746.26332953686,27438.65348339927,27438.65348339927,27081.132768020325,27081.132768020325,26957.683833800194,26957.683833800194,27081.132768020325,27081.132768020325,26957.683833800194,26957.683833800194,,,,28449.14,-1,-1,-1,-1,-1,59619.44364
2023-06-08,26674.397679337955,26810,26210,26464.4875,27746.26332953686,27746.26332953686,27438.65348339927,27438.65348339927,27019.40830091026,27019.40830091026,26889.124858579777,26889.124858579777,27019.40830091026,27019.40830091026,26889.124858579777,26889.124858579777,,,,28449.14,-1,-1,-1,-1,-1,31075.51083
2023-06-09,26569.44258966898,26783.33,26269.91,26507.4175,27746.26332953686,27746.26332953686,27438.65348339927,27438.65348339927,26954.26657974502,26954.26657974502,26825.432906929134,26825.432906929134,26954.26657974502,26954.26657974502,26825.432906929134,26825.432906929134,,,,28449.14,-1,-1,-1,-1,-1,27934.7097
2023-06-10,26538.430044834487,26538.430044834487,25358,26052.72,27746.26332953686,27746.26332953686,27438.65348339927,27438.65348339927,26889.849743337076,26889.849743337076,26733.173295313332,26733.173295313332,26889.849743337076,26889.849743337076,26733.173295313332,26733.173295313332,,,,28449.14,-1,-1,-1,-1,-1,64944.60108
2023-06-11,26295.575022417244,26295.575022417244,25634.7,25902.0875,27592.458406468064,27592.458406468064,27094.177964996543,27094.177964996543,26811.511519325202,26811.511519325202,26627.790906861093,26627.790906861093,26811.511519325202,26811.511519325202,26627.790906861093,26627.790906861093,,,,28449.14,-1,-1,-1,-1,-1,30014.29595
2023-06-12,26098.831261208623,26106.48,25602.11,25884.83,27592.458406468064,27592.458406468064,27094.177964996543,27094.177964996543,26719.651213093148,26719.651213093148,26515.969961889256,26515.969961889256,26719.651213093148,26719.651213093148,26515.969961889256,26515.969961889256,,,,28449.14,-1,-1,-1,-1,-1,29900.50893
2023-06-13,25991.830630604312,26433.21,25712.57,25996.307500000003,27592.458406468064,27592.458406468064,27094.177964996543,27094.177964996543,26617.810587491203,26617.810587491203,26420.898816081226,26420.898816081226,26617.810587491203,26617.810587491203,26420.898816081226,26420.898816081226,,,,28449.14,-1,-1,-1,-1,-1,41065.60853
2023-06-14,25994.06906530216,26098,24820.56,25495.35,27592.458406468064,27592.458406468064,27094.177964996543,27094.177964996543,26519.354701786215,26519.354701786215,26303.74081028142,26303.74081028142,26519.354701786215,26519.354701786215,26303.74081028142,26303.74081028142,,,,28449.14,-1,-1,-1,-1,-1,45077.31608
2023-06-15,25744.70953265108,25759.01,24800,25321.525,27592.458406468064,27592.458406468064,27094.177964996543,27094.177964996543,26411.54775603382,26411.54775603382,26169.29554738652,26169.29554738652,26411.54775603382,26411.54775603382,26169.29554738652,26169.29554738652,,,,28449.14,-1,-1,-1,-1,-1,48664.86063
2023-06-16,25533.117266325542,26518,25175.56,25909.2625,27592.458406468064,27592.458406468064,27094.177964996543,27094.177964996543,26290.42165171017,26290.42165171017,26072.304593075107,26072.304593075107,26290.42165171017,26290.42165171017,26072.304593075107,26072.304593075107,,,,28449.14,-1,-1,-1,-1,-1,51596.91662
2023-06-17,25721.18988316277,26839.99,25721.18988316277,26470.7475,27592.458406468064,27592.458406468064,27094.177964996543,27094.177964996543,26181.36312239264,26181.36312239264,26037.35101204145,26037.35101204145,26181.36312239264,26181.36312239264,26037.35101204145,26037.35101204145,,,,28449.14,-1,-1,-1,-1,-1,27842.2195
2023-06-18,26095.968691581387,26700,26095.968691581387,26453.2025,27343.318185732303,27343.318185732303,26644.147358735187,26644.147358735187,26109.357067217046,26109.357067217046,26047.611248336787,26047.611248336787,26109.357067217046,26109.357067217046,26047.611248336787,26047.611248336787,,,,28449.14,-1,-1,-1,-1,-1,21538.31022
2023-06-19,26274.585595790693,27068.09,26256.61,26627.2575,27343.318185732303,27343.318185732303,26644.147358735187,26644.147358735187,26078.48415777692,26097.64598310669,26078.48415777692,26097.64598310669,26078.48415777692,26097.64598310669,26078.48415777692,26097.64598310669,,,26627.2575,,1,1,-1,0,0,35872.65974
2023-06-20,26450.92154789535,28402.74,26450.92154789535,27551.77,27343.318185732303,27343.318185732303,26644.147358735187,26644.147358735187,26088.065070441804,26220.234840740733,26088.065070441804,26220.234840740733,26088.065070441804,26220.234840740733,26088.065070441804,26220.234840740733,,,,,1,1,-1,0,0,69666.95525
2023-06-21,27001.345773947673,30800,27001.345773947673,29339.97,27343.318185732303,27343.318185732303,26644.147358735187,26644.147358735187,26154.149955591267,26483.25902285734,26154.149955591267,26483.25902285734,26154.149955591267,26483.25902285734,26154.149955591267,26483.25902285734,,,,,1,1,-1,0,0,108926.40412
2023-06-22,28170.657886973837,30500,28170.657886973837,29976.105,27343.318185732303,27343.318185732303,26644.147358735187,26644.147358735187,26318.704489224303,26847.878856345495,26318.704489224303,26847.878856345495,26318.704489224303,26847.878856345495,26318.704489224303,26847.878856345495,,,,,1,1,-1,0,0,59054.5646
2023-06-23,29073.38144348692,31431.94,29073.38144348692,30451.34,27343.318185732303,27343.318185732303,26644.147358735187,26644.147358735187,26583.2916727849,27298.89094445312,26583.2916727849,27298.89094445312,26583.2916727849,27298.89094445312,26583.2916727849,27298.89094445312,,,,,1,1,-1,0,0,73931.89635
2023-06-24,29762.360721743462,30800,29762.360721743462,30566.485,27343.318185732303,27343.318185732303,26644.147358735187,26644.147358735187,26941.091308619012,27769.266422585,26941.091308619012,27769.266422585,26941.091308619012,27769.266422585,26941.091308619012,27769.266422585,,,,,1,1,-1,0,0,30513.30135
2023-06-25,30164.42286087173,31046.01,30164.42286087173,30578.4,26993.732772233743,27282.652824213754,26993.732772233743,27282.652824213754,27355.178865602007,28230.46809085551,27355.178865602007,28230.46809085551,27355.178865602007,28230.46809085551,27355.178865602007,28230.46809085551,,,,,1,1,1,1,0,30223.44801
2023-06-26,30371.411430435866,30666,29930,30331.665,26993.732772233743,27282.652824213754,26993.732772233743,27282.652824213754,27792.823478228758,28631.8556264265,27792.823478228758,28631.8556264265,27792.823478228758,28631.8556264265,27792.823478228758,28631.8556264265,29930,,,25719.18988316277,1,1,1,1,1,45180.41489
2023-06-27,30351.538215217934,30994.97,30226.17,30545.3925,26993.732772233743,27282.652824213754,26993.732772233743,27282.652824213754,28212.33955232763,28987.85088101545,28212.33955232763,28987.85088101545,28212.33955232763,28987.85088101545,28212.33955232763,28987.85088101545,,,,25719.18988316277,1,1,1,1,1,42699.64157
2023-06-28,30448.46535760897,30709.74,29858.8,30334.5975,26993.732772233743,27282.652824213754,26993.732772233743,27282.652824213754,28600.09521667154,29273.986429458007,28600.09521667154,29273.986429458007,28600.09521667154,29273.986429458007,28600.09521667154,29273.986429458007,,,,25719.18988316277,1,1,1,1,1,40463.51937
2023-06-29,30391.531428804483,30843.98,30049.98,30354.6675,26993.732772233743,27282.652824213754,26993.732772233743,27282.652824213754,28937.040823064774,29508.498867863924,28937.040823064774,29508.498867863924,28937.040823064774,29508.498867863924,28937.040823064774,29508.498867863924,,,,25719.18988316277,1,1,1,1,1,36330.62903
2023-06-30,30373.099464402243,31282,29500,30425.3275,26993.732772233743,27282.652824213754,26993.732772233743,27282.652824213754,29222.769845464347,29696.74759451883,29222.769845464347,29696.74759451883,29222.769845464347,29696.74759451883,29222.769845464347,29696.74759451883,,,,25719.18988316277,1,1,1,1,1,89419.07618
2023-07-01,30399.21348220112,30661.6,30320.57,30510.015,26993.732772233743,27282.652824213754,26993.732772233743,27282.652824213754,29459.758719991587,29853.58384704947,29459.758719991587,29853.58384704947,29459.758719991587,29853.58384704947,29459.758719991587,29853.58384704947,,,,25719.18988316277,1,1,1,1,1,17501.75075
2023-07-02,30454.61424110056,30791,30155,30537.2325,27138.192798223747,28209.31264633961,27138.192798223747,28209.31264633961,29656.67128352053,29982.85212829494,29656.67128352053,29982.85212829494,29656.67128352053,29982.85212829494,29656.67128352053,29982.85212829494,,,,25719.18988316277,1,1,1,1,1,23286.41019
2023-07-03,30495.923370550277,31380,30495.923370550277,30930.8725,27138.192798223747,28209.31264633961,27138.192798223747,28209.31264633961,29819.761705907735,30118.09534238551,29819.761705907735,30118.09534238551,29819.761705907735,30118.09534238551,29819.761705907735,30118.09534238551,,,,25719.18988316277,1,1,1,1,1,43761.64311
2023-07-04,30713.39793527514,31350.69,30620,30973.35,27138.192798223747,28209.31264633961,27138.192798223747,28209.31264633961,29968.928524146624,30251.98787708851,29968.928524146624,30251.98787708851,29968.928524146624,30251.98787708851,29968.928524146624,30251.98787708851,,,,25719.18988316277,1,1,1,1,1,33206.11943
2023-07-05,30843.37396763757,30878.07,30200,30587.35,27138.192798223747,28209.31264633961,27138.192798223747,28209.31264633961,30110.45820061757,30347.82311460066,30110.45820061757,30347.82311460066,30110.45820061757,30347.82311460066,30110.45820061757,30347.82311460066,,,,25719.18988316277,1,1,1,1,1,33215.67122
2023-07-06,30715.361983818784,31500,29850.45,30437.67,27138.192798223747,28209.31264633961,27138.192798223747,28209.31264633961,30229.140657609114,30417.261548226685,30229.140657609114,30417.261548226685,30229.140657609114,30417.261548226685,30229.140657609114,30417.261548226685,,,,25719.18988316277,1,1,1,1,1,71319.6261
2023-07-07,30576.515991909393,30576.515991909393,29701.02,30097.535,27138.192798223747,28209.31264633961,27138.192798223747,28209.31264633961,30323.2011029179,30433.722612605765,30323.2011029179,30433.722612605765,30323.2011029179,30433.722612605765,30323.2011029179,30433.722612605765,,,,25719.18988316277,1,1,1,1,1,34070.53895
2023-07-08,30337.025495954695,30386.81,30044.47,30265.152500000004,27138.192798223747,28209.31264633961,27138.192798223747,28209.31264633961,30378.461857761835,30425.817054772262,30378.461857761835,30425.817054772262,30378.461857761835,30425.817054772262,30378.461857761835,30425.817054772262,,,,25719.18988316277,1,1,1,1,1,13094.59042
2023-07-09,30301.08899797735,30445.52,30061.12,30237.995000000003,27673.75272228168,29108.4050187865,27673.75272228168,29108.4050187865,30402.13945626705,30407.515700647476,30402.13945626705,30407.515700647476,30402.13945626705,30407.515700647476,30402.13945626705,30407.515700647476,,,,25719.18988316277,1,1,1,1,1,15388.50196
2023-07-10,30269.541998988676,31045.78,29950,30392.015,27673.75272228168,29108.4050187865,27673.75272228168,29108.4050187865,30404.827578457265,30404.827578457265,30399.581161975882,30399.581161975882,30404.827578457265,30404.827578457265,30399.581161975882,30399.581161975882,,,30392.015,,-1,-1,1,0,0,41262.87652
2023-07-11,30330.778499494336,30813.63,30300,30536.824999999997,27673.75272228168,29108.4050187865,27673.75272228168,29108.4050187865,30402.204370216576,30404.387462853378,30402.204370216576,30404.387462853378,30402.204370216576,30404.387462853378,30402.204370216576,30404.387462853378,,,,,1,1,1,1,0,28476.83311
2023-07-12,30433.801749747166,30983.25,30210,30548.8375,27673.75272228168,29108.4050187865,27673.75272228168,29108.4050187865,30403.29591653498,30419.037945448068,30403.29591653498,30419.037945448068,30403.29591653498,30419.037945448068,30403.29591653498,30419.037945448068,30210,,,29699.02,1,1,1,1,1,38108.99669
2023-07-13,30491.319624873584,31804.2,30251,30972.3575,27673.75272228168,29108.4050187865,27673.75272228168,29108.4050187865,30411.166930991527,30466.824289394066,30411.166930991527,30466.824289394066,30411.166930991527,30466.824289394066,30411.166930991527,30466.824289394066,,,,29699.02,1,1,1,1,1,70772.51836
2023-07-14,30731.83856243679,31630,29900,30824.059999999998,27673.75272228168,29108.4050187865,27673.75272228168,29108.4050187865,30438.995610192796,30516.20461445465,30438.995610192796,30516.20461445465,30438.995610192796,30516.20461445465,30438.995610192796,30516.20461445465,,,,29699.02,1,1,1,1,1,60749.48424
2023-07-15,30777.949281218396,30777.949281218396,30200,30298.105,27673.75272228168,29108.4050187865,27673.75272228168,29108.4050187865,30477.600112323726,30539.008435141106,30477.600112323726,30539.008435141106,30477.600112323726,30539.008435141106,30477.600112323726,30539.008435141106,,,,29699.02,1,1,1,1,1,14118.55329
2023-07-16,30538.0271406092,30538.0271406092,30064.29,30256.815,28391.07887053409,29807.566363778522,28391.07887053409,29807.566363778522,30508.304273732418,30532.786341253763,30508.304273732418,30532.786341253763,30508.304273732418,30532.786341253763,30508.304273732418,30532.786341253763,,,,29699.02,1,1,1,1,1,15760.1281
2023-07-17,30397.421070304597,30397.421070304597,29659.2,30091.54,28391.07887053409,29807.566363778522,28391.07887053409,29807.566363778522,30520.545307493092,30520.545307493092,30494.64795911954,30494.64795911954,30520.545307493092,30520.545307493092,30494.64795911954,30494.64795911954,,,30091.54,,-1,-1,1,0,0,30882.76839
2023-07-18,30244.4805351523,30244.4805351523,29512,29937.23,28391.07887053409,29807.566363778522,28391.07887053409,29807.566363778522,30507.59663330632,30507.59663330632,30431.5078082086,30431.5078082086,30507.59663330632,30507.59663330632,30431.5078082086,30431.5078082086,,,,,-1,-1,1,0,0,30003.8601
2023-07-19,30090.85526757615,30189.09,29761.96,29929.85,28391.07887053409,29807.566363778522,28391.07887053409,29807.566363778522,30469.55222075746,30469.55222075746,30363.05849411109,30363.05849411109,30469.55222075746,30469.55222075746,30363.05849411109,30363.05849411109,,,,,-1,-1,1,0,0,25657.36137
2023-07-20,30010.352633788076,30417.46,29570.96,29924.4075,28391.07887053409,29807.566363778522,28391.07887053409,29807.566363778522,30416.305357434278,30416.305357434278,30297.136506584335,30297.136506584335,30416.305357434278,30416.305357434278,30297.136506584335,30297.136506584335,,,,,-1,-1,1,0,0,37540.68193
2023-07-21,29967.38006689404,30061.7,29726.34,29872.44,28391.07887053409,29807.566363778522,28391.07887053409,29807.566363778522,30356.720932009306,30356.720932009306,30231.69100219533,30231.69100219533,30356.720932009306,30356.720932009306,30231.69100219533,30231.69100219533,,,,,-1,-1,1,0,0,23881.40865
2023-07-22,29919.91003344702,29999,29625.1,29829.955,28391.07887053409,29807.566363778522,28391.07887053409,29807.566363778522,30294.20596710232,30294.20596710232,30166.643122917478,30166.643122917478,30294.20596710232,30294.20596710232,30166.643122917478,30166.643122917478,,,,,-1,-1,1,0,0,14660.40467
2023-07-23,29874.93251672351,30350,29730,29989.435,29099.322617156304,29984.94520731016,29099.322617156304,29984.94520731016,30230.4245450099,30230.4245450099,30120.23844647789,30120.23844647789,30230.4245450099,30230.4245450099,30120.23844647789,30120.23844647789,,,,,-1,-1,1,0,0,18292.78637
2023-07-24,29932.183758361756,30099.58,28861.9,29555.432500000003,29099.322617156304,29984.94520731016,29099.322617156304,29984.94520731016,30175.331495743896,30175.331495743896,30053.430541304977,30053.430541304977,30175.331495743896,30175.331495743896,30053.430541304977,30053.430541304977,,,,,-1,-1,1,0,0,39628.99691
2023-07-25,29743.808129180878,29743.808129180878,29047.65,29207.265,29099.322617156304,29984.94520731016,29099.322617156304,29984.94520731016,30114.38101852444,30114.38101852444,29967.338165405214,29967.338165405214,30114.38101852444,30114.38101852444,29967.338165405214,29967.338165405214,,,,,-1,-1,1,0,0,21565.7478
2023-07-26,29475.53656459044,29690,29096.94,29341.9525,29099.322617156304,29984.94520731016,29099.322617156304,29984.94520731016,30040.85959196483,30040.85959196483,29876.830087829094,29876.830087829094,30040.85959196483,30040.85959196483,29876.830087829094,29876.830087829094,,,,,-1,-1,1,0,0,33931.63366
2023-07-27,29408.74453229522,29567.49,29083.85,29306.5175,29099.322617156304,29984.94520731016,29099.322617156304,29984.94520731016,29958.844839896963,29958.844839896963,29787.02146675977,29787.02146675977,29958.844839896963,29958.844839896963,29787.02146675977,29787.02146675977,,,,,-1,-1,1,0,0,22476.47626
2023-07-28,29357.63101614761,29542.22,29123.12,29300.565,29099.322617156304,29984.94520731016,29099.322617156304,29984.94520731016,29872.933153328366,29872.933153328366,29704.565224685382,29704.565224685382,29872.933153328366,29872.933153328366,29704.565224685382,29704.565224685382,,,,,-1,-1,1,0,0,23993.61627
2023-07-29,29329.098008073805,29406.92,29256.18,29332.534999999996,29099.322617156304,29984.94520731016,29099.322617156304,29984.94520731016,29788.749189006874,29788.749189006874,29632.896136369163,29632.896136369163,29788.749189006874,29788.749189006874,29632.896136369163,29632.896136369163,,,,,-1,-1,1,0,0,10851.36844
2023-07-30,29330.8165040369,29449,29033.24,29279.0575,29542.133912233232,29860.46574789287,29542.133912233232,29860.46574789287,29710.82266268802,29710.82266268802,29567.462327567377,29567.462327567377,29710.82266268802,29710.82266268802,29567.462327567377,29567.462327567377,,,,,-1,-1,1,0,0,15706.97441
2023-07-31,29304.93700201845,29530,29101.8,29286.285,29542.133912233232,29860.46574789287,29542.133912233232,29860.46574789287,29639.1424951277,29639.1424951277,29513.663721054298,29513.663721054298,29639.1424951277,29639.1424951277,29513.663721054298,29513.663721054298,,,,,-1,-1,1,0,0,22605.48964
2023-08-01,29295.611001009223,29739.25,28585.7,29315.8,29542.133912233232,29860.46574789287,29542.133912233232,29860.46574789287,29576.403108091003,29576.403108091003,29463.70672949913,29463.70672949913,29576.403108091003,29576.403108091003,29463.70672949913,29463.70672949913,,,,,-1,-1,1,0,0,44719.65162
2023-08-02,29305.705500504613,30047.5,28927.5,29466.75,29542.133912233232,29860.46574789287,29542.133912233232,29860.46574789287,29520.054918795067,29520.054918795067,29438.00743527356,29438.00743527356,29520.054918795067,29520.054918795067,29438.00743527356,29438.00743527356,,,,,-1,-1,1,0,0,48181.65141
2023-08-03,29386.227750252307,29433.33,28968,29195.2425,29542.133912233232,29860.46574789287,29542.133912233232,29860.46574789287,29479.031177034318,29479.031177034318,29408.920442616254,29408.920442616254,29479.031177034318,29479.031177034318,29408.920442616254,29408.920442616254,,,,,-1,-1,1,0,0,26476.91994
2023-08-04,29290.735125126153,29333.08,28807.54,29112.065000000002,29542.133912233232,29860.46574789287,29542.133912233232,29860.46574789287,29443.97580982529,29443.97580982529,29371.07403170198,29371.07403170198,29443.97580982529,29443.97580982529,29371.07403170198,29371.07403170198,,,,,-1,-1,1,0,0,23551.95217
2023-08-05,29201.40006256308,29201.40006256308,28978.64,29079.25,29542.133912233232,29860.46574789287,29542.133912233232,29860.46574789287,29407.524920763637,29407.524920763637,29330.665573237948,29330.665573237948,29407.524920763637,29407.524920763637,29330.665573237948,29330.665573237948,,,,,-1,-1,1,0,0,11645.52018
2023-08-06,29140.32503128154,29205.09,28991.88,29089.38,29701.299830063053,29701.299830063053,29655.781133947086,29655.781133947086,29369.095247000794,29369.095247000794,29291.897464584283,29291.897464584283,29369.095247000794,29369.095247000794,29291.897464584283,29291.897464584283,,,,,-1,-1,-1,-1,0,13178.1972
2023-08-07,29114.85251564077,29276.78,28701.03,29069.324999999997,29701.299830063053,29701.299830063053,29655.781133947086,29655.781133947086,29330.49635579254,29330.49635579254,29251.45896181932,29251.45896181932,29330.49635579254,29330.49635579254,29251.45896181932,29251.45896181932,,29276.78,,30049.5,-1,-1,-1,-1,-1,30966.87746
2023-08-08,29092.088757820384,30244,29092.088757820384,29592.9825,29701.299830063053,29701.299830063053,29655.781133947086,29655.781133947086,29290.97765880593,29290.97765880593,29255.15041982597,29255.15041982597,29290.97765880593,29290.97765880593,29255.15041982597,29255.15041982597,,,,30049.5,-1,-1,-1,-1,-1,45700.53392
2023-08-09,29342.53562891019,30160,29342.53562891019,29722.2675,29701.299830063053,29701.299830063053,29655.781133947086,29655.781133947086,29273.06403931595,29291.24503530722,29273.06403931595,29291.24503530722,29273.06403931595,29291.24503530722,29273.06403931595,29291.24503530722,,,29722.2675,,1,1,-1,0,0,38003.88725
2023-08-10,29532.401564455096,29738,29320.2,29523.985,29701.299830063053,29701.299830063053,29655.781133947086,29655.781133947086,29282.154537311584,29329.19155415905,29282.154537311584,29329.19155415905,29282.154537311584,29329.19155415905,29282.154537311584,29329.19155415905,,,,,1,1,-1,0,0,23463.45373
2023-08-11,29528.19328222755,29564.52,29252.45,29424.69,29701.299830063053,29701.299830063053,29655.781133947086,29655.781133947086,29305.67304573532,29356.968531080824,29305.67304573532,29356.968531080824,29305.67304573532,29356.968531080824,29305.67304573532,29356.968531080824,,,,,1,1,-1,0,0,20637.0443
2023-08-12,29476.44164111377,29481.35,29381.56,29429.774999999998,29701.299830063053,29701.299830063053,29655.781133947086,29655.781133947086,29331.320788408073,29377.514509572997,29331.320788408073,29377.514509572997,29331.320788408073,29377.514509572997,29331.320788408073,29377.514509572997,,,,,1,1,-1,0,0,8971.48068
2023-08-13,29453.108320556887,29474.65,29272.32,29370.247499999998,29678.540482005068,29678.540482005068,29544.340724280886,29544.340724280886,29354.417648990537,29388.441916919674,29354.417648990537,29388.441916919674,29354.417648990537,29388.441916919674,29354.417648990537,29388.441916919674,,,,,1,1,-1,0,0,11101.70947
2023-08-14,29411.677910278442,29695.32,29102.45,29383.137499999997,29678.540482005068,29678.540482005068,29544.340724280886,29544.340724280886,29371.429782955107,29394.403990183673,29371.429782955107,29394.403990183673,29371.429782955107,29394.403990183673,29371.429782955107,29394.403990183673,,,,,1,1,-1,0,0,31443.11532
2023-08-15,29397.40770513922,29499.26,29059.6,29297.445,29678.540482005068,29678.540482005068,29544.340724280886,29544.340724280886,29382.91688656939,29389.988440915862,29382.91688656939,29389.988440915862,29382.91688656939,29389.988440915862,29382.91688656939,29389.988440915862,,,,,1,1,-1,0,0,27503.87691
2023-08-16,29347.426352569608,29347.426352569608,28723.08,28978.3625,29678.540482005068,29678.540482005068,29544.340724280886,29544.340724280886,29386.452663742628,29386.452663742628,29362.068772179235,29362.068772179235,29386.452663742628,29386.452663742628,29362.068772179235,29362.068772179235,,,,,-1,-1,-1,-1,0,32996.69854
2023-08-17,29162.8944262848,29162.8944262848,25166,27325.85,29678.540482005068,29678.540482005068,29544.340724280886,29544.340724280886,29374.260717960933,29374.260717960933,29201.69212152109,29201.69212152109,29374.260717960933,29374.260717960933,29201.69212152109,29201.69212152109,,29162.8944262848,,30246,-1,-1,-1,-1,-1,100271.54033
2023-08-18,28244.3722131424,28244.3722131424,25619,26282.2525,29678.540482005068,29678.540482005068,29544.340724280886,29544.340724280886,29287.97641974101,29287.97641974101,28939.810316551742,28939.810316551742,29287.97641974101,29287.97641974101,28939.810316551742,28939.810316551742,,,,30246,-1,-1,-1,-1,-1,69790.65711
2023-08-19,27263.3123565712,27263.3123565712,25801.09,26059.024999999998,29678.540482005068,29678.540482005068,29544.340724280886,29544.340724280886,29113.89336814638,29113.89336814638,28609.320995275724,28609.320995275724,29113.89336814638,29113.89336814638,28609.320995275724,28609.320995275724,,,,30246,-1,-1,-1,-1,-1,26160.75343
2023-08-20,26661.168678285598,26661.168678285598,25971.05,26140.0125,29611.44060314298,29611.44060314298,28833.36454923416,28833.36454923416,28861.607181711053,28861.607181711053,28255.006331468434,28255.006331468434,28861.607181711053,28861.607181711053,28255.006331468434,28255.006331468434,,,,30246,-1,-1,-1,-1,-1,19056.91209
2023-08-21,26400.590589142797,26400.590589142797,25812,26096.835,29611.44060314298,29611.44060314298,28833.36454923416,28833.36454923416,28558.306756589744,28558.306756589744,27904.99261841196,27904.99261841196,28558.306756589744,28558.306756589744,27904.99261841196,27904.99261841196,,,,30246,-1,-1,-1,-1,-1,30267.24233
2023-08-22,26248.7127945714,26248.7127945714,25300,25905.585,29611.44060314298,29611.44060314298,28833.36454923416,28833.36454923416,28231.649687500852,28231.649687500852,27565.720443774386,27565.720443774386,28231.649687500852,28231.649687500852,27565.720443774386,27565.720443774386,,,,30246,-1,-1,-1,-1,-1,34247.06688
2023-08-23,26077.148897285697,26819.27,25812.82,26280.2,29611.44060314298,29611.44060314298,28833.36454923416,28833.36454923416,27898.68506563762,27898.68506563762,27290.205809436586,27290.205809436586,27898.68506563762,27898.68506563762,27290.205809436586,27290.205809436586,,,,30246,-1,-1,-1,-1,-1,44023.69978
2023-08-24,26178.67444864285,26577.87,25864,26263.6575,29611.44060314298,29611.44060314298,28833.36454923416,28833.36454923416,27594.445437537102,27594.445437537102,27066.596284765536,27066.596284765536,27594.445437537102,27594.445437537102,27066.596284765536,27066.596284765536,,,,30246,-1,-1,-1,-1,-1,30205.22116
2023-08-25,26221.165974321426,26314.05,25777.15,26082.815,29611.44060314298,29611.44060314298,28833.36454923416,28833.36454923416,27330.52086115132,27330.52086115132,26876.218414035917,26876.218414035917,27330.52086115132,27330.52086115132,26876.218414035917,26876.218414035917,,,,30246,-1,-1,-1,-1,-1,27753.33772
2023-08-26,26151.990487160714,26151.990487160714,25985.92,26047.265,29611.44060314298,29611.44060314298,28833.36454923416,28833.36454923416,27103.36963759362,27103.36963759362,26716.981903654934,26716.981903654934,27103.36963759362,27103.36963759362,26716.981903654934,26716.981903654934,,,,30246,-1,-1,-1,-1,-1,10022.22322
2023-08-27,26099.627743580357,26182.23,25966.11,26066.8725,29222.40257618857,29222.40257618857,27987.478255832582,27987.478255832582,26910.17577062428,26910.17577062428,26585.936257231824,26585.936257231824,26910.17577062428,26910.17577062428,26585.936257231824,26585.936257231824,,,,30246,-1,-1,-1,-1,-1,12099.64216
2023-08-28,26083.25012179018,26253.99,25864.5,26085.0675,29222.40257618857,29222.40257618857,27987.478255832582,27987.478255832582,26748.056013928053,26748.056013928053,26479.071902075768,26479.071902075768,26748.056013928053,26748.056013928053,26479.071902075768,26479.071902075768,,,,30246,-1,-1,-1,-1,-1,22692.62655
2023-08-29,26084.15881089509,28142.85,25922,26975.2975,29222.40257618857,29222.40257618857,27987.478255832582,27987.478255832582,26613.563958001912,26613.563958001912,26456.04672972721,26456.04672972721,26613.563958001912,26613.563958001912,26456.04672972721,26456.04672972721,,,,30246,-1,-1,-1,-1,-1,74251.99488
2023-08-30,26529.728155447545,27768.57,26529.728155447545,27450.535000000003,29222.40257618857,29222.40257618857,27987.478255832582,27987.478255832582,26534.805343864562,26534.805343864562,26499.843302453133,26499.843302453133,26534.805343864562,26534.805343864562,26499.843302453133,26499.843302453133,,,,30246,-1,-1,-1,-1,-1,35448.25848
2023-08-31,26990.131577723776,27587.51,25655.01,26620.8225,29222.40257618857,29222.40257618857,27987.478255832582,27987.478255832582,26517.32432315885,26539.26172234548,26517.32432315885,26539.26172234548,26517.32432315885,26539.26172234548,26517.32432315885,26539.26172234548,,,26620.8225,,1,1,-1,0,0,51032.80401
2023-09-01,26805.477038861885,26805.477038861885,25333.75,25808.8925,29222.40257618857,29222.40257618857,27987.478255832582,27987.478255832582,26528.293022752165,26528.293022752165,26526.469200258394,26526.469200258394,26528.293022752165,26528.293022752165,26526.469200258394,26526.469200258394,,,,,-1,-1,-1,-1,0,41032.15056
2023-09-02,26307.184769430944,26307.184769430944,25752.47,25853.63,29222.40257618857,29222.40257618857,27987.478255832582,27987.478255832582,26527.38111150528,26527.38111150528,26478.601417458383,26478.601417458383,26527.38111150528,26527.38111150528,26478.601417458383,26478.601417458383,,26307.184769430944,,28144.85,-1,-1,-1,-1,-1,16250.77698
2023-09-03,26080.407384715472,26135,25800,25943.932500000003,28604.940416010577,28604.940416010577,27362.67299095596,27362.67299095596,26502.991264481832,26502.991264481832,26412.817212482423,26412.817212482423,26502.991264481832,26502.991264481832,26412.817212482423,26412.817212482423,,,,28144.85,-1,-1,-1,-1,-1,17474.47667
2023-09-04,26012.169942357737,26108.02,25631.21,25884.115,28604.940416010577,28604.940416010577,27362.67299095596,27362.67299095596,26457.90423848213,26457.90423848213,26337.323385547596,26337.323385547596,26457.90423848213,26457.90423848213,26337.323385547596,26337.323385547596,,,,28144.85,-1,-1,-1,-1,-1,21777.59609
2023-09-05,25948.14247117887,25948.14247117887,25562.62,25774.059999999998,28604.940416010577,28604.940416010577,27362.67299095596,27362.67299095596,26397.613812014864,26397.613812014864,26255.063408537284,26255.063408537284,26397.613812014864,26397.613812014864,26255.063408537284,26255.063408537284,,,,28144.85,-1,-1,-1,-1,-1,21323.39337
2023-09-06,25861.101235589435,26040,25372.51,25741.142499999998,28604.940416010577,28604.940416010577,27362.67299095596,27362.67299095596,26326.338610276074,26326.338610276074,26172.10875485337,26172.10875485337,26326.338610276074,26326.338610276074,26172.10875485337,26172.10875485337,,,,28144.85,-1,-1,-1,-1,-1,27262.52386
2023-09-07,25801.121867794718,26443.14,25615.38,26018.3675,28604.940416010577,28604.940416010577,27362.67299095596,27362.67299095596,26249.223682564723,26249.223682564723,26115.387124209345,26115.387124209345,26249.223682564723,26249.223682564723,26115.387124209345,26115.387124209345,,,,28144.85,-1,-1,-1,-1,-1,27687.49567
2023-09-08,25909.74468389736,26445.5,25647.26,26064.565,28604.940416010577,28604.940416010577,27362.67299095596,27362.67299095596,26182.305403387036,26182.305403387036,26080.15083406569,26080.15083406569,26182.305403387036,26182.305403387036,26080.15083406569,26080.15083406569,,,,28144.85,-1,-1,-1,-1,-1,28999.76471
2023-09-09,25987.15484194868,25987.15484194868,25796.64,25888.46,28604.940416010577,28604.940416010577,27362.67299095596,27362.67299095596,26131.228118726365,26131.228118726365,26049.014039723865,26049.014039723865,26131.228118726365,26131.228118726365,26049.014039723865,26049.014039723865,,,,28144.85,-1,-1,-1,-1,-1,10980.62277
2023-09-10,25937.80742097434,26033.66,25570.57,25836.859999999997,27983.806703483267,27983.806703483267,26796.081013638384,26796.081013638384,26090.121079225115,26090.121079225115,26016.324452632765,26016.324452632765,26090.121079225115,26090.121079225115,26016.324452632765,26016.324452632765,,,,28144.85,-1,-1,-1,-1,-1,18738.26914
2023-09-11,25887.333710487168,25900.69,24901,25451.4525,27983.806703483267,27983.806703483267,26796.081013638384,26796.081013638384,26053.222765928942,26053.222765928942,25958.29549865594,25958.29549865594,26053.222765928942,26053.222765928942,25958.29549865594,25958.29549865594,,,,28144.85,-1,-1,-1,-1,-1,41682.32
2023-09-12,25669.393105243584,26567,25131.48,25675.277499999997,27983.806703483267,27983.806703483267,26796.081013638384,26796.081013638384,26005.75913229244,26005.75913229244,25913.65906703609,25913.65906703609,26005.75913229244,26005.75913229244,25913.65906703609,25913.65906703609,,,,28144.85,-1,-1,-1,-1,-1,56434.38537
2023-09-13,25672.33530262179,26405.22,25672.33530262179,26057.872499999998,27983.806703483267,27983.806703483267,26796.081013638384,26796.081013638384,25959.709099664266,25959.709099664266,25896.231550882363,25896.231550882363,25959.709099664266,25959.709099664266,25896.231550882363,25896.231550882363,,,,28144.85,-1,-1,-1,-1,-1,31610.82753
2023-09-14,25865.103901310893,26860.49,25865.103901310893,26432.9975,27983.806703483267,27983.806703483267,26796.081013638384,26796.081013638384,25927.970325273312,25927.970325273312,25920.07135665712,25920.07135665712,25927.970325273312,25927.970325273312,25920.07135665712,25920.07135665712,,,,28144.85,-1,-1,-1,-1,-1,38333.1725
2023-09-15,26149.050700655447,26888,26149.050700655447,26558.6825,27983.806703483267,27983.806703483267,26796.081013638384,26796.081013638384,25924.020840965215,25977.07434323384,25924.020840965215,25977.07434323384,25924.020840965215,25977.07434323384,25924.020840965215,25977.07434323384,,,26558.6825,,1,1,-1,0,0,26227.29369
2023-09-16,26353.866600327725,26777,26353.866600327725,26595.415,27983.806703483267,27983.806703483267,26796.081013638384,26796.081013638384,25950.547592099527,26051.939088696752,25950.547592099527,26051.939088696752,25950.547592099527,26051.939088696752,25950.547592099527,26051.939088696752,,,,,1,1,-1,0,0,13960.93351
2023-09-17,26474.640800163863,26623.25,26399,26527.3575,27389.943858560826,27389.943858560826,26402.242480453882,26402.242480453882,26001.243340398138,26127.24245758782,26001.243340398138,26127.24245758782,26001.243340398138,26127.24245758782,26001.243340398138,26127.24245758782,,,,,1,1,-1,0,0,12998.10277
2023-09-18,26500.99915008193,27409,26377.35,26769.09,27389.943858560826,27389.943858560826,26402.242480453882,26402.242480453882,26064.24289899298,26218.994459064335,26064.24289899298,26218.994459064335,26064.24289899298,26218.994459064335,26064.24289899298,26218.994459064335,,,,,1,1,-1,0,0,43000.43256
2023-09-19,26635.044575040964,27483.57,26635.044575040964,27031.03,27389.943858560826,27389.943858560826,26402.242480453882,26402.242480453882,26141.618679028656,26326.450088949478,26141.618679028656,26326.450088949478,26141.618679028656,26326.450088949478,26141.618679028656,26326.450088949478,,,,,1,1,-1,0,0,36190.52187
2023-09-20,26833.03728752048,27388.63,26800,27130.97,27389.943858560826,27389.943858560826,26402.242480453882,26402.242480453882,26234.034383989063,26439.85909248971,26234.034383989063,26439.85909248971,26234.034383989063,26439.85909248971,26234.034383989063,26439.85909248971,,,,,1,1,-1,0,0,34207.21867
2023-09-21,26982.00364376024,27159.6,26377.7,26807.5975,27389.943858560826,27389.943858560826,26402.242480453882,26402.242480453882,26336.946738239385,26527.61584467074,26336.946738239385,26527.61584467074,26336.946738239385,26527.61584467074,26336.946738239385,26527.61584467074,,,,,1,1,-1,0,0,34476.82662
2023-09-22,26894.80057188012,26894.80057188012,26468.77,26590.092500000002,27389.943858560826,27389.943858560826,26402.242480453882,26402.242480453882,26432.28129145506,26584.96900157916,26432.28129145506,26584.96900157916,26432.28129145506,26584.96900157916,26432.28129145506,26584.96900157916,,,,,1,1,-1,0,0,18198.2292
2023-09-23,26742.446535940064,26742.446535940064,26509,26574.4775,27389.943858560826,27389.943858560826,26402.242480453882,26402.242480453882,26508.625146517108,26616.811465148945,26508.625146517108,26616.811465148945,26508.625146517108,26616.811465148945,26508.625146517108,26616.811465148945,,,,,1,1,-1,0,0,9440.7026
2023-09-24,26658.462017970032,26738.54,26122.08,26421.2425,26896.093169507352,26896.093169507352,26447.454553965574,26447.454553965574,26562.718305833027,26619.961918312052,26562.718305833027,26619.961918312052,26562.718305833027,26619.961918312052,26562.718305833027,26619.961918312052,,,,,1,1,-1,0,0,15706.65771
2023-09-25,26539.852258985018,26539.852258985018,25990.46,26247.4525,26896.093169507352,26896.093169507352,26447.454553965574,26447.454553965574,26591.34011207254,26595.604781893097,26591.34011207254,26595.604781893097,26591.34011207254,26595.604781893097,26591.34011207254,26595.604781893097,,,,,1,1,-1,0,0,26266.2039
2023-09-26,26393.65237949251,26397.46,26088.34,26253.067499999997,26896.093169507352,26896.093169507352,26447.454553965574,26447.454553965574,26593.472446982818,26593.472446982818,26556.462579384697,26556.462579384697,26593.472446982818,26593.472446982818,26556.462579384697,26556.462579384697,,,,,-1,-1,-1,-1,0,18495.35066
2023-09-27,26323.359939746253,26850,26112.06,26389.182500000003,26896.093169507352,26896.093169507352,26447.454553965574,26447.454553965574,26574.967513183758,26574.967513183758,26525.946265374278,26525.946265374278,26574.967513183758,26574.967513183758,26525.946265374278,26525.946265374278,,26850,,27485.57,-1,-1,-1,-1,-1,34771.57978
2023-09-28,26356.271219873128,27308.48,26342.4,26761.3175,26896.093169507352,26896.093169507352,26447.454553965574,26447.454553965574,26550.456889279016,26550.456889279016,26526.476066799994,26526.476066799994,26550.456889279016,26550.456889279016,26526.476066799994,26526.476066799994,,,,27485.57,-1,-1,-1,-1,-1,44517.83491
2023-09-29,26558.794359936564,27244.89,26558.794359936564,26959.6,26896.093169507352,26896.093169507352,26447.454553965574,26447.454553965574,26538.466478039503,26553.74940641362,26538.466478039503,26553.74940641362,26538.466478039503,26553.74940641362,26538.466478039503,26553.74940641362,,,26959.6,,1,1,-1,0,0,28478.76219
2023-09-30,26759.19717996828,27094.99,26759.19717996828,26962.704999999998,26896.093169507352,26896.093169507352,26447.454553965574,26447.454553965574,26546.10794222656,26596.723447884026,26546.10794222656,26596.723447884026,26546.10794222656,26596.723447884026,26546.10794222656,26596.723447884026,,,,,1,1,-1,0,0,12804.62307
2023-10-01,26860.95108998414,28065.51,26860.95108998414,27493.684999999998,26671.773861736463,26671.773861736463,26646.080100182466,26646.080100182466,26571.415695055293,26681.093631424264,26571.415695055293,26681.093631424264,26571.415695055293,26681.093631424264,26571.415695055293,26681.093631424264,,,,,1,1,-1,0,0,24602.81468
2023-10-02,27177.31804499207,28580,27177.31804499207,27837.1325,26671.773861736463,26671.773861736463,26646.080100182466,26646.080100182466,26626.25466323978,26810.408474060532,26626.25466323978,26810.408474060532,26626.25466323978,26810.408474060532,26626.25466323978,26810.408474060532,,,,,1,1,-1,0,0,57071.14241
2023-10-03,27507.225272496034,27676.52,27160.5,27439.497499999998,26671.773861736463,26671.773861736463,26646.080100182466,26646.080100182466,26718.331568650156,26927.246708985323,26718.331568650156,26927.246708985323,26718.331568650156,26927.246708985323,26718.331568650156,26927.246708985323,,,,,1,1,-1,0,0,28928.96555
2023-10-04,27473.361386248016,27839.72,27202,27561.684999999998,26671.773861736463,26671.773861736463,26646.080100182466,26646.080100182466,26822.789138817738,27034.38854195704,26822.789138817738,27034.38854195704,26822.789138817738,27034.38854195704,26822.789138817738,27034.38854195704,,,,,1,1,-1,0,0,29816.142
2023-10-05,27517.523193124005,28120.39,27352,27665.337499999998,26671.773861736463,26671.773861736463,26646.080100182466,26646.080100182466,26928.588840387387,27140.336875683748,26928.588840387387,27140.336875683748,26928.588840387387,27140.336875683748,26928.588840387387,27140.336875683748,,,,,1,1,-1,0,0,30681.49619
2023-10-06,27591.430346562003,28295,27175.94,27703.105,26671.773861736463,26671.773861736463,26646.080100182466,26646.080100182466,27034.462858035567,27238.76005017459,27034.462858035567,27238.76005017459,27034.462858035567,27238.76005017459,27034.462858035567,27238.76005017459,,,,,1,1,-1,0,0,37983.24277
2023-10-07,27647.267673281,28029.67,27647.267673281,27939.88,26671.773861736463,26671.773861736463,26646.080100182466,26646.080100182466,27136.611454105077,27336.002979289507,27136.611454105077,27336.002979289507,27136.611454105077,27336.002979289507,27136.611454105077,27336.002979289507,,,,,1,1,-1,0,0,13348.83825
2023-10-08,27793.5738366405,28095.14,27687.5,27914.09,26658.926980959463,27044.202733936876,26658.926980959463,27044.202733936876,27236.307216697292,27429.078388864968,27236.307216697292,27429.078388864968,27236.307216697292,27429.078388864968,27236.307216697292,27429.078388864968,,,,,1,1,1,1,0,19693.56921
2023-10-09,27853.831918320247,27987.93,27260,27688.7775,26658.926980959463,27044.202733936876,26658.926980959463,27044.202733936876,27332.69280278113,27496.385265841527,27332.69280278113,27496.385265841527,27332.69280278113,27496.385265841527,27332.69280278113,27496.385265841527,27260,,,26757.19717996828,1,1,1,1,1,31534.74639
2023-10-10,27771.304709160126,27771.304709160126,27298,27503.309999999998,26658.926980959463,27044.202733936876,26658.926980959463,27044.202733936876,27414.53903431133,27535.759105207348,27414.53903431133,27535.759105207348,27414.53903431133,27535.759105207348,27414.53903431133,27535.759105207348,,,,26757.19717996828,1,1,1,1,1,22776.84383
2023-10-11,27637.30735458006,27637.30735458006,26538.66,27070.4225,26658.926980959463,27044.202733936876,26658.926980959463,27044.202733936876,27475.149069759336,27526.14824776319,27475.149069759336,27526.14824776319,27475.149069759336,27526.14824776319,27475.149069759336,27526.14824776319,,,,26757.19717996828,1,1,1,1,1,37349.44706
2023-10-12,27353.86492729003,27353.86492729003,26555,26784.2975,26658.926980959463,27044.202733936876,26658.926980959463,27044.202733936876,27500.648658761264,27500.648658761264,27475.939500145414,27475.939500145414,27500.648658761264,27500.648658761264,27475.939500145414,27475.939500145414,,,26784.2975,,-1,-1,1,0,0,23428.64112
2023-10-13,27069.081213645015,27130,26685,26859.1575,26658.926980959463,27044.202733936876,26658.926980959463,27044.202733936876,27488.29407945334,27488.29407945334,27404.497211547416,27404.497211547416,27488.29407945334,27488.29407945334,27404.497211547416,27404.497211547416,,,,,-1,-1,1,0,0,24115.76499
2023-10-14,26964.119356822506,26989.58,26789,26873.265,26658.926980959463,27044.202733936876,26658.926980959463,27044.202733936876,27446.395645500375,27446.395645500375,27326.6680437713,27326.6680437713,27446.395645500375,27446.395645500375,27326.6680437713,27326.6680437713,,,,,-1,-1,1,0,0,10417.25576
2023-10-15,26918.692178411253,27293.33,26808.25,27027.052499999998,26851.564857448167,27207.834340890495,26851.564857448167,27207.834340890495,27386.531844635836,27386.531844635836,27262.362265549695,27262.362265549695,27386.531844635836,27386.531844635836,27262.362265549695,27262.362265549695,,,,,-1,-1,1,0,0,15274.6917
2023-10-16,26972.872339205627,30000,26972.872339205627,28191.895,26851.564857448167,27207.834340890495,26851.564857448167,27207.834340890495,27324.44705509276,27324.44705509276,27300.979360517664,27300.979360517664,27324.44705509276,27324.44705509276,27300.979360517664,27300.979360517664,,,,,-1,-1,1,0,0,78399.22445
2023-10-17,27582.383669602816,28613.65,27582.383669602816,28394.9125,26851.564857448167,27207.834340890495,26851.564857448167,27207.834340890495,27312.713207805213,27384.987613661273,27312.713207805213,27384.987613661273,27312.713207805213,27384.987613661273,27312.713207805213,27384.987613661273,,,,,1,1,1,1,0,38428.44532
2023-10-18,27988.648084801407,28982.36,27988.648084801407,28460.285,26851.564857448167,27207.834340890495,26851.564857448167,27207.834340890495,27348.85041073324,27510.41348101624,27348.85041073324,27510.41348101624,27348.85041073324,27510.41348101624,27348.85041073324,27510.41348101624,27988.648084801407,,,26536.66,1,1,1,1,1,32162.47591
2023-10-19,28224.466542400703,28916.89,28100.66,28512.815000000002,26851.564857448167,27207.834340890495,26851.564857448167,27207.834340890495,27429.63194587474,27651.460610633796,27429.63194587474,27651.460610633796,27429.63194587474,27651.460610633796,27429.63194587474,27651.460610633796,,,,26536.66,1,1,1,1,1,35895.50179
2023-10-20,28368.640771200353,30207.55,28368.640771200353,29292.1475,26851.564857448167,27207.834340890495,26851.564857448167,27207.834340890495,27540.546278254267,27842.418973341224,27540.546278254267,27842.418973341224,27540.546278254267,27842.418973341224,27540.546278254267,27842.418973341224,,,,26536.66,1,1,1,1,1,59422.0992
2023-10-21,28830.394135600174,30379.99,28830.394135600174,29855.9025,26851.564857448167,27207.834340890495,26851.564857448167,27207.834340890495,27691.482625797744,28076.57742877881,27691.482625797744,28076.57742877881,27691.482625797744,28076.57742877881,27691.482625797744,28076.57742877881,,,,26536.66,1,1,1,1,1,27517.51897
2023-10-22,29343.148317800085,30248,29343.148317800085,29947.565000000002,27029.69959916933,27746.40635485488,27029.69959916933,27746.40635485488,27884.030027288278,28331.97475066046,27884.030027288278,28331.97475066046,27884.030027288278,28331.97475066046,27884.030027288278,28331.97475066046,,,,26536.66,1,1,1,1,1,22852.54563
2023-10-23,29645.356658900044,34741.91,29645.356658900044,31921.989999999998,27029.69959916933,27746.40635485488,27029.69959916933,27746.40635485488,28108.002388974368,28731.753818986526,28108.002388974368,28731.753818986526,28108.002388974368,28731.753818986526,28108.002388974368,28731.753818986526,,,,28460.285,1,1,1,1,1,93513.64246
2023-10-24,30783.673329450023,35280,30783.673329450023,33776.265,27029.69959916933,27746.40635485488,27029.69959916933,27746.40635485488,28419.878103980445,29267.130637159888,28419.878103980445,29267.130637159888,28419.878103980445,29267.130637159888,28419.878103980445,29267.130637159888,,,,28460.285,1,1,1,1,1,115265.02418
2023-10-25,32279.96916472501,35132.85,32279.96916472501,34307.67,27029.69959916933,27746.40635485488,27029.69959916933,27746.40635485488,28843.504370570165,29893.238391881023,28843.504370570165,29893.238391881023,28843.504370570165,29893.238391881023,28843.504370570165,29893.238391881023,,,,28460.285,1,1,1,1,1,54887.02529
2023-10-26,33293.81958236251,34824.13,33293.81958236251,34305.71,27029.69959916933,27746.40635485488,27029.69959916933,27746.40635485488,29368.371381225592,30544.18924624424,29368.371381225592,30544.18924624424,29368.371381225592,30544.18924624424,29368.371381225592,30544.18924624424,,,,28828.394135600174,1,1,1,1,1,39744.66255
2023-10-27,33799.76479118125,34245,33390.95,33919.9075,27029.69959916933,27746.40635485488,27029.69959916933,27746.40635485488,29956.280313734915,31140.82998508495,29956.280313734915,31140.82998508495,29956.280313734915,31140.82998508495,29956.280313734915,31140.82998508495,,,,29341.148317800085,1,1,1,1,1,32330.40106
2023-10-28,33859.83614559063,34493.33,33859.83614559063,34081.585,27029.69959916933,27746.40635485488,27029.69959916933,27746.40635485488,30548.55514940993,31679.95715989598,30548.55514940993,31679.95715989598,30548.55514940993,31679.95715989598,30548.55514940993,31679.95715989598,,,,29643.356658900044,1,1,1,1,1,16880.13144
2023-10-29,33970.71057279532,34750.11,33930,34321.7525,27388.052977012103,29221.477241169625,27388.052977012103,29221.477241169625,31114.256154652954,32159.388606656936,31114.256154652954,32159.388606656936,31114.256154652954,32159.388606656936,31114.256154652954,32159.388606656936,,,,30781.673329450023,1,1,1,1,1,20685.52176
2023-10-30,34146.23153639766,34856,34062.84,34479.8625,27388.052977012103,29221.477241169625,27388.052977012103,29221.477241169625,31636.822380654943,32581.065050918045,31636.822380654943,32581.065050918045,31636.822380654943,32581.065050918045,31636.822380654943,32581.065050918045,,,,32277.96916472501,1,1,1,1,1,33657.95976
2023-10-31,34313.047018198835,34720.49,34025,34465,27388.052977012103,29221.477241169625,27388.052977012103,29221.477241169625,32108.943715786496,32937.831320784935,32108.943715786496,32937.831320784935,32108.943715786496,32937.831320784935,32108.943715786496,32937.831320784935,,,,33291.81958236251,1,1,1,1,1,32737.89822
2023-11-01,34389.02350909942,35582,34097.39,34935.15,27388.052977012103,29221.477241169625,27388.052977012103,29221.477241169625,32523.387518285715,33265.48309618859,32523.387518285715,33265.48309618859,32523.387518285715,33265.48309618859,32523.387518285715,33265.48309618859,,,,33388.95,1,1,1,1,1,53473.28165
2023-11-02,34662.08675454971,35984.99,34300,35162.0025,27388.052977012103,29221.477241169625,27388.052977012103,29221.477241169625,32894.43530723715,33574.99052181686,32894.43530723715,33574.99052181686,32894.43530723715,33574.99052181686,32894.43530723715,33574.99052181686,,,,33857.83614559063,1,1,1,1,1,48015.57732
2023-11-03,34912.04462727485,34946.5,34120,34681.215,27388.052977012103,29221.477241169625,27388.052977012103,29221.477241169625,33234.71291452701,33816.31171022132,33234.71291452701,33816.31171022132,33234.71291452701,33816.31171022132,33234.71291452701,33816.31171022132,,,,33928,1,1,1,1,1,39071.20644
2023-11-04,34796.629813637424,35255,34585.18,34904.7575,27388.052977012103,29221.477241169625,27388.052977012103,29221.477241169625,33525.512312374165,34023.95760864901,33525.512312374165,34023.95760864901,33525.512312374165,34023.95760864901,33525.512312374165,34023.95760864901,,,,34023,1,1,1,1,1,18377.55545
2023-11-05,34850.69365681871,35380,34448,34975.485,28304.765109090862,30987.3304481452,28304.765109090862,30987.3304481452,33774.73496051159,34199.93343285355,33774.73496051159,34199.93343285355,33774.73496051159,34199.93343285355,33774.73496051159,34199.93343285355,,,,34023,1,1,1,1,1,24528.73376
2023-11-06,34913.089328409354,35276.33,34725.9,35015.0525,28304.765109090862,30987.3304481452,28304.765109090862,30987.3304481452,33987.33419668257,34351.625219637775,33987.33419668257,34351.625219637775,33987.33419668257,34351.625219637775,33987.33419668257,34351.625219637775,,,,34095.39,1,1,1,1,1,22346.47086
2023-11-07,34964.070914204676,35888,34523.06,35214.0675,28304.765109090862,30987.3304481452,28304.765109090862,30987.3304481452,34169.47970816017,34493.1413320405,34169.47970816017,34493.1413320405,34169.47970816017,34493.1413320405,34169.47970816017,34493.1413320405,,,,34118,1,1,1,1,1,38688.73692
2023-11-08,35089.06920710234,36106,35089.06920710234,35557.4625,28304.765109090862,30987.3304481452,28304.765109090862,30987.3304481452,34331.310520100335,34645.160753073826,34331.310520100335,34645.160753073826,34331.310520100335,34645.160753073826,34331.310520100335,34645.160753073826,,,,34118,1,1,1,1,1,33401.34137
2023-11-09,35323.26585355117,37972.24,35323.26585355117,36458.024999999994,28304.765109090862,30987.3304481452,28304.765109090862,30987.3304481452,34488.23563658708,34860.46212055176,34488.23563658708,34860.46212055176,34488.23563658708,34860.46212055176,34488.23563658708,34860.46212055176,,,,34446,1,1,1,1,1,82537.88885
2023-11-10,35890.64542677558,37526,35890.64542677558,36963.36,28304.765109090862,30987.3304481452,28304.765109090862,30987.3304481452,34674.34887856942,35112.68725584911,34674.34887856942,35112.68725584911,34674.34887856942,35112.68725584911,34674.34887856942,35112.68725584911,,,,34446,1,1,1,1,1,43414.04898
2023-11-11,36427.00271338779,37408.26,36427.00271338779,37126.705,28304.765109090862,30987.3304481452,28304.765109090862,30987.3304481452,34893.51806720927,35384.57501684074,34893.51806720927,35384.57501684074,34893.51806720927,35384.57501684074,34893.51806720927,35384.57501684074,,,,34521.06,1,1,1,1,1,22984.97235
2023-11-12,36776.853856693895,37222.22,36731.1,37036.86,29646.04777861803,32880.03418536372,29646.04777861803,32880.03418536372,35139.046542025004,35649.872278399744,35139.046542025004,35649.872278399744,35139.046542025004,35649.872278399744,35139.046542025004,35649.872278399744,,,,34521.06,1,1,1,1,1,17687.18874
2023-11-13,36906.85692834695,37417.99,36333,36819.5125,29646.04777861803,32880.03418536372,29646.04777861803,32880.03418536372,35394.459410212374,35882.07478523279,35394.459410212374,35882.07478523279,35394.459410212374,35882.07478523279,35394.459410212374,35882.07478523279,,,,35087.06920710234,1,1,1,1,1,32798.18252
2023-11-14,36863.184714173476,36863.184714173476,34800,35889.53,29646.04777861803,32880.03418536372,29646.04777861803,32880.03418536372,35638.267097722586,36010.160405919676,35638.267097722586,36010.160405919676,35638.267097722586,36010.160405919676,35638.267097722586,36010.160405919676,,,,35087.06920710234,1,1,1,1,1,45503.68416
2023-11-15,36376.35735708674,37980,35360,36687.35,29646.04777861803,32880.03418536372,29646.04777861803,32880.03418536372,35824.21375182113,36122.44626742707,35824.21375182113,36122.44626742707,35824.21375182113,36122.44626742707,35824.21375182113,36122.44626742707,,,,35087.06920710234,1,1,1,1,1,53569.13385
2023-11-16,36531.85367854337,37929.54,35500,36862.8125,29646.04777861803,32880.03418536372,29646.04777861803,32880.03418536372,35973.3300096241,36226.722360771295,35973.3300096241,36226.722360771295,35973.3300096241,36226.722360771295,35973.3300096241,36226.722360771295,,,,35087.06920710234,1,1,1,1,1,47490.39566
2023-11-17,36697.333089271684,36800,35861.1,36359.63250000001,29646.04777861803,32880.03418536372,29646.04777861803,32880.03418536372,36100.0261851977,36293.41067424719,36100.0261851977,36293.41067424719,36100.0261851977,36293.41067424719,36100.0261851977,36293.41067424719,,,,35087.06920710234,1,1,1,1,1,38283.61112
2023-11-18,36528.48279463584,36845.49,36178.58,36551.52,29646.04777861803,32880.03418536372,29646.04777861803,32880.03418536372,36196.718429722445,36345.208111594766,36196.718429722445,36345.208111594766,36196.718429722445,36345.208111594766,36196.718429722445,36345.208111594766,,,,35087.06920710234,1,1,1,1,1,17102.24186
2023-11-19,36540.001397317916,37500,36384.02,36952.9975,31263.04098199088,34418.67425270257,31263.04098199088,34418.67425270257,36270.963270658605,36413.73994793338,36270.963270658605,36413.73994793338,36270.963270658605,36413.73994793338,36270.963270658605,36413.73994793338,,,,35087.06920710234,1,1,1,1,1,21246.34648
2023-11-20,36746.49944865896,37750,36677,37308.9075,31263.04098199088,34418.67425270257,31263.04098199088,34418.67425270257,36342.351609296,36508.55363060086,36342.351609296,36508.55363060086,36342.351609296,36508.55363060086,36342.351609296,36508.55363060086,,,,35358,1,1,1,1,1,36022.70291
2023-11-21,37027.70347432948,37649.44,35735,36643.72,31263.04098199088,34418.67425270257,31263.04098199088,34418.67425270257,36425.45261994843,36575.50332588848,36425.45261994843,36575.50332588848,36425.45261994843,36575.50332588848,36425.45261994843,36575.50332588848,,,,35498,1,1,1,1,1,47646.54804
2023-11-22,36835.71173716474,37861.1,35632.01,36660.775,31263.04098199088,34418.67425270257,31263.04098199088,34418.67425270257,36500.47797291846,36622.02614888072,36500.47797291846,36622.02614888072,36500.47797291846,36622.02614888072,36500.47797291846,36622.02614888072,,,,35630.01,1,1,1,1,1,45051.30697
2023-11-23,36748.24336858237,37653.44,36748.24336858237,37306.5175,31263.04098199088,34418.67425270257,31263.04098199088,34418.67425270257,36561.25206089959,36687.47768053581,36561.25206089959,36687.47768053581,36561.25206089959,36687.47768053581,36561.25206089959,36687.47768053581,,,,35630.01,1,1,1,1,1,23827.92882
2023-11-24,37027.38043429119,38414,37027.38043429119,37668.3375,31263.04098199088,34418.67425270257,31263.04098199088,34418.67425270257,36624.364870717705,36793.29256522906,36624.364870717705,36793.29256522906,36624.364870717705,36793.29256522906,36624.364870717705,36793.29256522906,,,,35630.01,1,1,1,1,1,44680.80646
2023-11-25,37347.8589671456,37888,37347.8589671456,37743.33500000001,31263.04098199088,34418.67425270257,31263.04098199088,34418.67425270257,36708.82871797338,36912.75912638313,36708.82871797338,36912.75912638313,36708.82871797338,36912.75912638313,36708.82871797338,36912.75912638313,,,,35630.01,1,1,1,1,1,11396.14464
2023-11-26,37545.5969835728,37814.63,37150,37548.182499999995,32840.85761734673,35600.82548733274,32840.85761734673,35600.82548733274,36810.79392217826,37022.00736554481,36810.79392217826,37022.00736554481,36810.79392217826,37022.00736554481,36810.79392217826,37022.00736554481,,,,35630.01,1,1,1,1,1,21264.53723
2023-11-27,37546.8897417864,37569.23,36707,37241.587499999994,32840.85761734673,35600.82548733274,32840.85761734673,35600.82548733274,36916.40064386153,37094.69382781153,36916.40064386153,37094.69382781153,36916.40064386153,37094.69382781153,36916.40064386153,37094.69382781153,,,,35630.01,1,1,1,1,1,30001.07376
2023-11-28,37394.2386208932,38377,36868.41,37576.745,32840.85761734673,35600.82548733274,32840.85761734673,35600.82548733274,37005.54723583654,37169.45013930593,37005.54723583654,37169.45013930593,37005.54723583654,37169.45013930593,37005.54723583654,37169.45013930593,,,,36705,1,1,1,1,1,37544.46667
2023-11-29,37485.491810446605,38450,37485.491810446605,37923.380000000005,32840.85761734673,35600.82548733274,32840.85761734673,35600.82548733274,37087.498687571235,37263.59337497376,37087.498687571235,37263.59337497376,37087.498687571235,37263.59337497376,37087.498687571235,37263.59337497376,,,,36705,1,1,1,1,1,32994.19107
2023-11-30,37704.435905223305,38145.85,37500,37806.115,32840.85761734673,35600.82548733274,32840.85761734673,35600.82548733274,37175.5460312725,37354.23860507048,37175.5460312725,37354.23860507048,37175.5460312725,37354.23860507048,37175.5460312725,37354.23860507048,,,,36705,1,1,1,1,1,24740.29147
2023-12-01,37755.27545261165,38999,37615.86,38255.3375,32840.85761734673,35600.82548733274,32840.85761734673,35600.82548733274,37264.89231817149,37467.840124278504,37264.89231817149,37467.840124278504,37264.89231817149,37467.840124278504,37264.89231817149,37467.840124278504,,,,36705,1,1,1,1,1,43415.66324
2023-12-02,38005.30647630582,39717.14,38005.30647630582,39122.9025,32840.85761734673,35600.82548733274,32840.85761734673,35600.82548733274,37366.366221225,37631.50516558664,37366.366221225,37631.50516558664,37366.366221225,37631.50516558664,37366.366221225,37631.50516558664,,,,36705,1,1,1,1,1,26696.92161
2023-12-03,38564.10448815291,40250,38564.10448815291,39736.8675,34220.841552339734,36757.535438762825,34220.841552339734,36757.535438762825,37498.935693405816,37854.3056473962,37498.935693405816,37854.3056473962,37498.935693405816,37854.3056473962,37498.935693405816,37854.3056473962,,,,36866.41,1,1,1,1,1,26710.65335
2023-12-04,39150.48599407646,42420,39150.48599407646,41088.905000000006,34220.841552339734,36757.535438762825,34220.841552339734,36757.535438762825,37676.620670401004,38189.22708109773,37676.620670401004,38189.22708109773,37676.620670401004,38189.22708109773,37676.620670401004,38189.22708109773,,,,37483.491810446605,1,1,1,1,1,79272.33059
2023-12-05,40119.695497038236,44488,40119.695497038236,42991.605,34220.841552339734,36757.535438762825,34220.841552339734,36757.535438762825,37932.923875749366,38678.014587262565,37932.923875749366,38678.014587262565,37932.923875749366,38678.014587262565,37932.923875749366,38678.014587262565,,,,37498,1,1,1,1,1,67490.74644
2023-12-06,41555.650248519116,44297.21,41555.650248519116,43867.25,34220.841552339734,36757.535438762825,34220.841552339734,36757.535438762825,38305.469231505966,39274.19769342811,38305.469231505966,39274.19769342811,38305.469231505966,39274.19769342811,38305.469231505966,39274.19769342811,,,,37613.86,1,1,1,1,1,51431.10492
2023-12-07,42711.45012425956,44047.33,42711.45012425956,43476.065,34220.841552339734,36757.535438762825,34220.841552339734,36757.535438762825,38789.83346246704,39904.62768685663,38789.83346246704,39904.62768685663,38789.83346246704,39904.62768685663,38789.83346246704,39904.62768685663,,,,38003.30647630582,1,1,1,1,1,47103.26845
2023-12-08,43093.75756212978,44700,43081.1,43806.31,34220.841552339734,36757.535438762825,34220.841552339734,36757.535438762825,39347.23057466183,40533.554057450005,39347.23057466183,40533.554057450005,39347.23057466183,40533.554057450005,39347.23057466183,40533.554057450005,,,,38562.10448815291,1,1,1,1,1,42900.37556
2023-12-09,43450.03378106489,44358.02,43450.03378106489,43956.7825,34220.841552339734,36757.535438762825,34220.841552339734,36757.535438762825,39940.39231605591,41117.73422666758,39940.39231605591,41117.73422666758,39940.39231605591,41117.73422666758,39940.39231605591,41117.73422666758,,,,39148.48599407646,1,1,1,1,1,24925.97008
2023-12-10,43703.40814053245,44049,43563,43778.775,35489.18849555128,38526.749976003324,35489.18849555128,38526.749976003324,40529.063271361745,41626.42377749938,40529.063271361745,41626.42377749938,40529.063271361745,41626.42377749938,40529.063271361745,41626.42377749938,,,,40117.695497038236,1,1,1,1,1,18956.61758
2023-12-11,43741.091570266224,43804.5,40222,42267.35,35489.18849555128,38526.749976003324,35489.18849555128,38526.749976003324,41077.74352443056,41942.239933671306,41077.74352443056,41942.239933671306,41077.74352443056,41942.239933671306,41077.74352443056,41942.239933671306,,,,40220,1,1,1,1,1,76663.89804
2023-12-12,43004.22078513311,43004.22078513311,40680,41382.479999999996,35489.18849555128,38526.749976003324,35489.18849555128,38526.749976003324,41509.99172905093,42096.33106956445,41509.99172905093,42096.33106956445,41509.99172905093,42096.33106956445,41509.99172905093,42096.33106956445,,,,40220,1,1,1,1,1,42722.69773
2023-12-13,42193.35039256656,43475.2,40555,42097.9025,35489.18849555128,38526.749976003324,35489.18849555128,38526.749976003324,41803.16139930769,42166.820902188105,41803.16139930769,42166.820902188105,41803.16139930769,42166.820902188105,41803.16139930769,42166.820902188105,,,,40220,1,1,1,1,1,45865.99773
2023-12-14,42145.62644628328,43420,41400,42677.8225,35489.18849555128,38526.749976003324,35489.18849555128,38526.749976003324,41984.9911507479,42221.408720468724,41984.9911507479,42221.408720468724,41984.9911507479,42221.408720468724,41984.9911507479,42221.408720468724,,,,40220,1,1,1,1,1,42047.05709
2023-12-15,42411.72447314164,43080.81,41666,42427.3425,35489.18849555128,38526.749976003324,35489.18849555128,38526.749976003324,42103.19993560831,42262.443971027824,42103.19993560831,42262.443971027824,42103.19993560831,42262.443971027824,42103.19993560831,42262.443971027824,,,,40220,1,1,1,1,1,33421.7932
2023-12-16,42419.53348657082,42724.43,41605,42136.9375,35489.18849555128,38526.749976003324,35489.18849555128,38526.749976003324,42182.82195331807,42277.952090232284,42182.82195331807,42277.952090232284,42182.82195331807,42277.952090232284,42182.82195331807,42277.952090232284,,,,40220,1,1,1,1,1,24118.85747
2023-12-17,42278.23549328541,42424.07,41252,41832.185,37007.9692357773,40011.95133185,37007.9692357773,40011.95133185,42230.387021775176,42255.73770435784,42230.387021775176,42255.73770435784,42230.387021775176,42255.73770435784,42230.387021775176,42255.73770435784,,,,40553,1,1,1,1,1,27722.11452
2023-12-18,42055.2102466427,42757.81,40542.93,41833.295,37007.9692357773,40011.95133185,37007.9692357773,40011.95133185,42243.06236306651,42243.06236306651,42204.62197826557,42204.62197826557,42243.06236306651,42243.06236306651,42204.62197826557,42204.62197826557,,,41833.295,,-1,-1,1,0,0,46734.0925
2023-12-19,41944.25262332135,43497,41811.1,42560.472499999996,37007.9692357773,40011.95133185,37007.9692357773,40011.95133185,42223.84217066604,42223.84217066604,42202.864355206046,42202.864355206046,42223.84217066604,42223.84217066604,42202.864355206046,42202.864355206046,,,,,-1,-1,1,0,0,40927.86444
2023-12-20,42252.36256166067,44283,42206,43108.479999999996,37007.9692357773,40011.95133185,37007.9692357773,40011.95133185,42213.35326293604,42269.56380090797,42213.35326293604,42269.56380090797,42213.35326293604,42269.56380090797,42213.35326293604,42269.56380090797,,,,,1,1,1,1,0,48710.2947
2023-12-21,42680.421280830335,44242.35,42680.421280830335,43764.947499999995,37007.9692357773,40011.95133185,37007.9692357773,40011.95133185,42241.458531922006,42396.020983525064,42241.458531922006,42396.020983525064,42241.458531922006,42396.020983525064,42241.458531922006,42396.020983525064,42680.421280830335,,,40540.93,1,1,1,1,1,34624.29384
2023-12-22,43222.68439041516,44398.26,43222.68439041516,43910.4075,37007.9692357773,40011.95133185,37007.9692357773,40011.95133185,42318.73975772353,42569.92216534037,42318.73975772353,42569.92216534037,42318.73975772353,42569.92216534037,42318.73975772353,42569.92216534037,,,,40540.93,1,1,1,1,1,32783.19638
2023-12-23,43566.54594520758,43988.68,43291.1,43737.745,37007.9692357773,40011.95133185,37007.9692357773,40011.95133185,42444.33096153195,42746.728989828545,42444.33096153195,42746.728989828545,42444.33096153195,42746.728989828545,42444.33096153195,42746.728989828545,,,,40540.93,1,1,1,1,1,16557.1293
2023-12-24,43652.14547260379,43946,42500,43284.9125,38509.96028381365,41095.82450360499,38509.96028381365,41095.82450360499,42595.52997568025,42882.486441551686,42595.52997568025,42882.486441551686,42595.52997568025,42882.486441551686,42595.52997568025,42882.486441551686,,,,40540.93,1,1,1,1,1,25144.33496
2023-12-25,43468.5289863019,43802.32,42720.43,43272.595,38509.96028381365,41095.82450360499,38509.96028381365,41095.82450360499,42739.00820861597,42984.37165724682,42739.00820861597,42984.37165724682,42739.00820861597,42984.37165724682,42739.00820861597,42984.37165724682,,,,40540.93,1,1,1,1,1,27021.23992
2023-12-26,43370.56199315095,43592.68,41637.6,42828.8325,38509.96028381365,41095.82450360499,38509.96028381365,41095.82450360499,42861.68993293139,43020.633377108185,42861.68993293139,43020.633377108185,42861.68993293139,43020.633377108185,42861.68993293139,43020.633377108185,,,,40540.93,1,1,1,1,1,41010.04282
2023-12-27,43099.69724657547,43677,42098.69,42928.3675,38509.96028381365,41095.82450360499,38509.96028381365,41095.82450360499,42941.16165501979,43031.360429446664,42941.16165501979,43031.360429446664,42941.16165501979,43031.360429446664,42941.16165501979,43031.360429446664,,,,40540.93,1,1,1,1,1,36191.21136
2023-12-28,43014.03237328774,43787.57,42241.79,43005.495,38509.96028381365,41095.82450360499,38509.96028381365,41095.82450360499,42986.26104223322,43034.66517954909,42986.26104223322,43034.66517954909,42986.26104223322,43034.66517954909,42986.26104223322,43034.66517954909,,,,40540.93,1,1,1,1,1,35150.52485
2023-12-29,43009.76368664387,43111,41300,42260.427500000005,38509.96028381365,41095.82450360499,38509.96028381365,41095.82450360499,43010.463110891156,43010.463110891156,42981.59696222906,42981.59696222906,43010.463110891156,43010.463110891156,42981.59696222906,42981.59696222906,,,42260.427500000005,,-1,-1,1,0,0,42597.18912
2023-12-30,42635.09559332194,42635.09559332194,41520.3,42084.96000000001,38509.96028381365,41095.82450360499,38509.96028381365,41095.82450360499,42996.03003656011,42996.03003656011,42889.03320165143,42889.03320165143,42996.03003656011,42996.03003656011,42889.03320165143,42889.03320165143,,,,,-1,-1,1,0,0,22906.57818
2023-12-31,42360.02779666097,42899,41965.84,42322.177500000005,39802.89239370931,41771.977994272675,39802.89239370931,41771.977994272675,42942.53161910577,42942.53161910577,42801.19039093865,42801.19039093865,42942.53161910577,42942.53161910577,42801.19039093865,42801.19039093865,,,,,-1,-1,1,0,0,23585.91603
2024-01-01,42341.10264833049,44184.1,42180.77,43207,39802.89239370931,41771.977994272675,39802.89239370931,41771.977994272675,42871.86100502221,42871.86100502221,42775.93510337438,42775.93510337438,42871.86100502221,42871.86100502221,42775.93510337438,42775.93510337438,,,,,-1,-1,1,0,0,27174.29903
2024-01-02,42774.051324165244,45879.63,42774.051324165244,44788.6075,39802.89239370931,41771.977994272675,39802.89239370931,41771.977994272675,42823.8980541983,42877.76262995179,42823.8980541983,42877.76262995179,42823.8980541983,42877.76262995179,42823.8980541983,42877.76262995179,,,,,1,1,1,1,0,65146.40661
2024-01-03,43781.32941208262,45500,40750,43510.535,39802.89239370931,41771.977994272675,39802.89239370931,41771.977994272675,42850.83034207504,42970.411339960694,42850.83034207504,42970.411339960694,42850.83034207504,42970.411339960694,42850.83034207504,42970.411339960694,40750,,,40748,1,1,1,1,1,81194.55173
2024-01-04,43645.93220604131,44729.58,42613.77,43584.92,39802.89239370931,41771.977994272675,39802.89239370931,41771.977994272675,42910.620841017866,43073.48200121371,42910.620841017866,43073.48200121371,42910.620841017866,43073.48200121371,42910.620841017866,43073.48200121371,,,,40748,1,1,1,1,1,48038.06334
2024-01-05,43615.426103020654,44357.46,42450,43775.917499999996,39802.89239370931,41771.977994272675,39802.89239370931,41771.977994272675,42992.051421115786,43163.912211979914,42992.051421115786,43163.912211979914,42992.051421115786,43163.912211979914,42992.051421115786,43163.912211979914,,,,40748,1,1,1,1,1,48075.25327
2024-01-06,43695.671801510325,44214.42,43397.05,43931.22750000001,39802.89239370931,41771.977994272675,39802.89239370931,41771.977994272675,43077.98181654785,43263.50676486171,43077.98181654785,43263.50676486171,43077.98181654785,43263.50676486171,43077.98181654785,43263.50676486171,,,,40748,1,1,1,1,1,17835.06144
2024-01-07,43813.44965075517,44480.59,43572.09,43987.505,40787.43519399099,42390.83045459646,40787.43519399099,42390.83045459646,43170.74429070478,43372.19772490229,43170.74429070478,43372.19772490229,43170.74429070478,43372.19772490229,43170.74429070478,43372.19772490229,,,,40748,1,1,1,1,1,23023.8508
2024-01-08,43900.47732537758,47248.99,43175,45326.01,40787.43519399099,42390.83045459646,40787.43519399099,42390.83045459646,43271.471007803535,43559.846537938305,43271.471007803535,43559.846537938305,43271.471007803535,43559.846537938305,43271.471007803535,43559.846537938305,,,,40748,1,1,1,1,1,72814.57589
2024-01-09,44613.243662688794,47972,44613.243662688794,46445.427500000005,40787.43519399099,42390.83045459646,40787.43519399099,42390.83045459646,43415.65877287092,43856.40551010232,43415.65877287092,43856.40551010232,43415.65877287092,43856.40551010232,43415.65877287092,43856.40551010232,,,,43510.535,1,1,1,1,1,69927.66617
2024-01-10,45529.3355813444,47695.93,44300.36,46190.06999999999,40787.43519399099,42390.83045459646,40787.43519399099,42390.83045459646,43636.03214148662,44179.02355357742,43636.03214148662,44179.02355357742,43636.03214148662,44179.02355357742,43636.03214148662,44179.02355357742,,,,43510.535,1,1,1,1,1,89911.41203
2024-01-11,45859.70279067219,48969.48,45606.06,46892.175,40787.43519399099,42390.83045459646,40787.43519399099,42390.83045459646,43907.527847532016,44565.3858311183,43907.527847532016,44565.3858311183,43907.527847532016,44565.3858311183,43907.527847532016,44565.3858311183,,,,43510.535,1,1,1,1,1,87470.3296
2024-01-12,46375.9388953361,46515.53,41500,44284.355,40787.43519399099,42390.83045459646,40787.43519399099,42390.83045459646,44236.456839325154,44754.894462212105,44236.456839325154,44754.894462212105,44236.456839325154,44754.894462212105,44236.456839325154,44754.894462212105,,,,43510.535,1,1,1,1,1,86327.93707
2024-01-13,45330.14694766805,45330.14694766805,42436.12,42830.962499999994,40787.43519399099,42390.83045459646,40787.43519399099,42390.83045459646,44495.67565076863,44774.61623553339,44495.67565076863,44774.61623553339,44495.67565076863,44774.61623553339,44495.67565076863,44774.61623553339,,,42830.962499999994,,1,1,1,1,0,36118.47464
2024-01-14,44080.55472383402,44080.55472383402,41720,42344.835,41589.13282429372,43305.67722755273,41589.13282429372,43305.67722755273,44635.14594315101,44635.14594315101,44631.097052095196,44631.097052095196,44635.14594315101,44635.14594315101,44631.097052095196,44631.097052095196,,,,,-1,-1,1,0,0,28228.40894
2024-01-15,43212.694861917014,43400.43,41718.05,42340.4825,41589.13282429372,43305.67722755273,41589.13282429372,43305.67722755273,44633.1214976231,44633.1214976231,44389.61630323596,44389.61630323596,44633.1214976231,44633.1214976231,44389.61630323596,44389.61630323596,,,,,-1,-1,1,0,0,40269.89303
2024-01-16,42776.588680958506,43578.01,42050,42819.265,41589.13282429372,43305.67722755273,41589.13282429372,43305.67722755273,44511.36890042953,44511.36890042953,44136.156364168644,44136.156364168644,44511.36890042953,44511.36890042953,44136.156364168644,44136.156364168644,,,,,-1,-1,1,0,0,45045.74589
2024-01-17,42797.92684047925,43198,42200.69,42828.1825,41589.13282429372,43305.67722755273,41589.13282429372,43305.67722755273,44323.76263229908,44323.76263229908,43895.21225668844,43895.21225668844,44323.76263229908,44323.76263229908,43895.21225668844,43895.21225668844,,,,,-1,-1,1,0,0,33266.21388
2024-01-18,42813.054670239624,42930,40683.28,41929.2175,41589.13282429372,43305.67722755273,41589.13282429372,43305.67722755273,44109.48744449376,44109.48744449376,43622.2095208307,43622.2095208307,44109.48744449376,44109.48744449376,43622.2095208307,43622.2095208307,,,,,-1,-1,1,0,0,43907.51641
2024-01-19,42371.13608511981,42371.13608511981,40280,41365.85,41589.13282429372,43305.67722755273,41589.13282429372,43305.67722755273,43865.84848266223,43865.84848266223,43314.79233491746,43314.79233491746,43865.84848266223,43865.84848266223,43314.79233491746,43314.79233491746,,,,,-1,-1,1,0,0,48342.74559
2024-01-20,41868.4930425599,41872.56,41456.3,41670.9825,41589.13282429372,43305.67722755273,41589.13282429372,43305.67722755273,43590.32040878984,43590.32040878984,43029.312452666614,43029.312452666614,43590.32040878984,43590.32040878984,43029.312452666614,43029.312452666614,,,,,-1,-1,1,0,0,15923.99493
2024-01-21,41769.73777127995,41881.39,41500.98,41664.6875,42447.40502592323,42938.69117422825,42447.40502592323,42938.69117422825,43309.81643072823,43309.81643072823,42778.30062896319,42778.30062896319,43309.81643072823,43309.81643072823,42778.30062896319,42778.30062896319,,,,,-1,-1,1,0,0,11730.16301
2024-01-22,41717.212635639975,41717.212635639975,39431.58,40567.3925,42447.40502592323,42938.69117422825,42447.40502592323,42938.69117422825,43044.05852984571,43044.05852984571,42490.49945024442,42490.49945024442,43044.05852984571,43044.05852984571,42490.49945024442,42490.49945024442,,,,,-1,-1,1,0,0,55426.19911
2024-01-23,41142.30256781999,41142.30256781999,38555,39549.34,42447.40502592323,42938.69117422825,42447.40502592323,42938.69117422825,42767.27899004506,42767.27899004506,42143.457729834816,42143.457729834816,42767.27899004506,42767.27899004506,42143.457729834816,42143.457729834816,,,,,-1,-1,1,0,0,57956.63351
2024-01-24,40345.821283909994,40555,39484.19,40005.415,42447.40502592323,42938.69117422825,42447.40502592323,42938.69117422825,42455.36835993994,42455.36835993994,41799.65149063413,41799.65149063413,42455.36835993994,42455.36835993994,41799.65149063413,41799.65149063413,,,,,-1,-1,1,0,0,39293.82861
2024-01-25,40175.618141955,40300.24,39550,39974.055,42447.40502592323,42938.69117422825,42447.40502592323,42938.69117422825,42127.509925287035,42127.509925287035,41479.23762743867,41479.23762743867,42127.509925287035,42127.509925287035,41479.23762743867,41479.23762743867,,,,,-1,-1,1,0,0,31022.11853
2024-01-26,40074.836570977495,42246.82,39822.52,40963.485,42447.40502592323,42938.69117422825,42447.40502592323,42938.69117422825,41803.37377636285,41803.37377636285,41267.28251486352,41267.28251486352,41803.37377636285,41803.37377636285,41267.28251486352,41267.28251486352,,,,,-1,-1,1,0,0,47384.96726
2024-01-27,40519.16078548875,42200,40519.16078548875,41884.62,42447.40502592323,42938.69117422825,42447.40502592323,42938.69117422825,41535.32814561318,41535.32814561318,41169.5659403623,41169.5659403623,41535.32814561318,41535.32814561318,41169.5659403623,41169.5659403623,,,,,-1,-1,1,0,0,16224.41667
2024-01-28,41201.890392744375,42842.68,41201.890392744375,42153.795,42693.048100075735,42693.048100075735,42172.21151627599,42172.21151627599,41352.44704298774,41352.44704298774,41184.45358390705,41184.45358390705,41352.44704298774,41352.44704298774,41184.45358390705,41184.45358390705,,,,,-1,-1,-1,-1,0,27294.99838
2024-01-29,41677.84269637219,43333,41677.84269637219,42617.9075,42693.048100075735,42693.048100075735,42172.21151627599,42172.21151627599,41268.45031344739,41292.92956327496,41268.45031344739,41292.92956327496,41268.45031344739,41292.92956327496,41268.45031344739,41292.92956327496,,43333,,43335,1,1,-1,0,-1,31542.74207
2024-01-30,42147.875098186094,43882.36,42147.875098186094,43202.54,42693.048100075735,42693.048100075735,42172.21151627599,42172.21151627599,41280.689938361174,41481.527952386044,41280.689938361174,41481.527952386044,41280.689938361174,41481.527952386044,41280.689938361174,41481.527952386044,,,43202.54,,1,1,-1,0,0,37619.24546
2024-01-31,42675.207549093044,43745.11,42276.84,42885.7625,42693.048100075735,42693.048100075735,42172.21151627599,42172.21151627599,41381.108945373606,41695.24738373896,41381.108945373606,41695.24738373896,41381.108945373606,41695.24738373896,41381.108945373606,41695.24738373896,,,,,1,1,-1,0,0,39871.13688
2024-02-01,42780.48502454652,43285.13,41884.28,42708.0875,42693.048100075735,42693.048100075735,42172.21151627599,42172.21151627599,41538.17816455629,41881.13851813901,41538.17816455629,41881.13851813901,41538.17816455629,41881.13851813901,41538.17816455629,41881.13851813901,,,,,1,1,-1,0,0,35231.04664
2024-02-02,42744.286262273265,43488,42546.79,43079.435,42693.048100075735,42693.048100075735,42172.21151627599,42172.21151627599,41709.65834134765,42064.19787396386,41709.65834134765,42064.19787396386,41709.65834134765,42064.19787396386,41709.65834134765,42064.19787396386,,,,,1,1,-1,0,0,29672.14418
2024-02-03,42911.86063113663,43380.01,42880,43117.7725,42693.048100075735,42693.048100075735,42172.21151627599,42172.21151627599,41886.92810765575,42239.24449857726,41886.92810765575,42239.24449857726,41886.92810765575,42239.24449857726,41886.92810765575,42239.24449857726,,,,,1,1,-1,0,0,12033.40998
2024-02-04,43014.81656556831,43119.04,42222,42733.755,42432.62980817586,42432.62980817586,42252.220815306806,42252.220815306806,42063.086303116506,42368.32478053594,42063.086303116506,42368.32478053594,42063.086303116506,42368.32478053594,42063.086303116506,42368.32478053594,,,,,1,1,-1,0,0,17066.89404
2024-02-05,42874.28578278415,43569.76,42258.1,42779.86,42432.62980817586,42432.62980817586,42252.220815306806,42252.220815306806,42215.705541826224,42473.200171242,42215.705541826224,42473.200171242,42215.705541826224,42473.200171242,42215.705541826224,42473.200171242,,,,,1,1,-1,0,0,29467.75905
2024-02-06,42827.072891392076,43399.98,42574,42945.4075,42432.62980817586,42432.62980817586,42252.220815306806,42252.220815306806,42344.45285653411,42563.3344581587,42344.45285653411,42563.3344581587,42344.45285653411,42563.3344581587,42344.45285653411,42563.3344581587,,,,,1,1,-1,0,0,24675.85433
2024-02-07,42886.24019569604,44396.5,42788,43658.265,42432.62980817586,42432.62980817586,42252.220815306806,42252.220815306806,42453.8936573464,42682.634177898966,42453.8936573464,42682.634177898966,42453.8936573464,42682.634177898966,42453.8936573464,42682.634177898966,,,,,1,1,-1,0,0,34392.59915
2024-02-08,43272.25259784802,45614.3,43272.25259784802,44895.9125,42432.62980817586,42432.62980817586,42252.220815306806,42252.220815306806,42568.26391762268,42878.84473564665,42568.26391762268,42878.84473564665,42568.26391762268,42878.84473564665,42568.26391762268,42878.84473564665,,,,,1,1,-1,0,0,45439.62231
2024-02-09,44084.08254892401,48200,44084.08254892401,46465.8875,42432.62980817586,42432.62980817586,42252.220815306806,42252.220815306806,42723.554326634665,43221.9357438236,42723.554326634665,43221.9357438236,42723.554326634665,43221.9357438236,42723.554326634665,43221.9357438236,,,,,1,1,-1,0,0,73503.481
2024-02-10,45274.985024462,48170,45274.985024462,47463.4675,42432.62980817586,42432.62980817586,42252.220815306806,42252.220815306806,42972.74503522913,43677.50476038683,42972.74503522913,43677.50476038683,42972.74503522913,43677.50476038683,42972.74503522913,43677.50476038683,,,,,1,1,-1,0,0,24802.35936
2024-02-11,46369.226262231,48592.66,46369.226262231,48050.2225,42342.42531174133,43317.261143322045,42342.42531174133,43317.261143322045,43325.124897807975,44216.13287884778,43325.124897807975,44216.13287884778,43325.124897807975,44216.13287884778,43325.124897807975,44216.13287884778,,,,,1,1,1,1,0,29958.80837
2024-02-12,47209.724381115506,50334.82,47209.724381115506,49065.525,42342.42531174133,43317.261143322045,42342.42531174133,43317.261143322045,43770.628888327876,44844.27627294821,43770.628888327876,44844.27627294821,43770.628888327876,44844.27627294821,43770.628888327876,44844.27627294821,47209.724381115506,,,42220,1,1,1,1,1,59009.96705
2024-02-13,48137.62469055776,50368.61,48137.62469055776,49571.6075,42342.42531174133,43317.261143322045,42342.42531174133,43317.261143322045,44307.45258063805,45511.595674402255,44307.45258063805,45511.595674402255,44307.45258063805,45511.595674402255,44307.45258063805,45511.595674402255,,,,42220,1,1,1,1,1,55551.56706
2024-02-14,48854.61609527888,52043.71,48854.61609527888,50690.8725,42342.42531174133,43317.261143322045,42342.42531174133,43317.261143322045,44909.524127520155,46231.843217146336,44909.524127520155,46231.843217146336,44909.524127520155,46231.843217146336,44909.524127520155,46231.843217146336,,,,42220,1,1,1,1,1,57046.37401
2024-02-15,49772.74429763944,52816.62,49772.74429763944,51951.4475,42342.42531174133,43317.261143322045,42342.42531174133,43317.261143322045,45570.683672333245,46998.762808797874,45570.683672333245,46998.762808797874,45570.683672333245,46998.762808797874,45570.683672333245,46998.762808797874,,,,42220,1,1,1,1,1,53816.03055
2024-02-16,50862.09589881972,52572.08,50862.09589881972,52035.55,42342.42531174133,43317.261143322045,42342.42531174133,43317.261143322045,46284.72324056556,47764.14240851188,46284.72324056556,47764.14240851188,46284.72324056556,47764.14240851188,46284.72324056556,47764.14240851188,,,,42220,1,1,1,1,1,37772.25318
2024-02-17,51448.82294940986,52162.82,50625,51638.64,42342.42531174133,43317.261143322045,42342.42531174133,43317.261143322045,47024.43282453872,48450.624295386464,47024.43282453872,48450.624295386464,47024.43282453872,48450.624295386464,47024.43282453872,48450.624295386464,,,,42220,1,1,1,1,1,25674.00622
2024-02-18,51543.73147470493,52377,51163.28,51830.14749999999,42829.84322753169,45376.28147242136,42829.84322753169,45376.28147242136,47737.52855996259,49062.352771331476,47737.52855996259,49062.352771331476,47737.52855996259,49062.352771331476,47737.52855996259,49062.352771331476,,,,42220,1,1,1,1,1,21992.10363
2024-02-19,51686.93948735246,52488.77,51677,52019.545000000006,42829.84322753169,45376.28147242136,42829.84322753169,45376.28147242136,48399.94066564703,49606.11146903974,48399.94066564703,49606.11146903974,48399.94066564703,49606.11146903974,48399.94066564703,49606.11146903974,,,,42220,1,1,1,1,1,29534.99432
2024-02-20,51853.24224367623,52985,50760.37,51944.7325,42829.84322753169,45376.28147242136,42829.84322753169,45376.28147242136,49003.02606734338,50062.5077250262,49003.02606734338,50062.5077250262,49003.02606734338,50062.5077250262,49003.02606734338,50062.5077250262,,,,42220,1,1,1,1,1,49614.47318
2024-02-21,51898.98737183811,52366.8,50625,51775.0025,42829.84322753169,45376.28147242136,42829.84322753169,45376.28147242136,49532.76689618479,50418.06506608062,49532.76689618479,50418.06506608062,49532.76689618479,50418.06506608062,49532.76689618479,50418.06506608062,,,,42220,1,1,1,1,1,43079.40049
2024-02-22,51836.99493591906,52065.78,50940.78,51536.09,42829.84322753169,45376.28147242136,42829.84322753169,45376.28147242136,49975.415981132704,50688.60037349705,49975.415981132704,50688.60037349705,49975.415981132704,50688.60037349705,49975.415981132704,50688.60037349705,,,,42220,1,1,1,1,1,35309.44574
2024-02-23,51686.54246795953,51686.54246795953,50521,51025.5275,42829.84322753169,45376.28147242136,42829.84322753169,45376.28147242136,50332.00817731488,50862.965982334295,50332.00817731488,50862.965982334295,50332.00817731488,50862.965982334295,50332.00817731488,50862.965982334295,,,,42220,1,1,1,1,1,30545.79544
2024-02-24,51356.03498397976,51698,50585,51148.8425,42829.84322753169,45376.28147242136,42829.84322753169,45376.28147242136,50597.48707982459,50974.02578989485,50597.48707982459,50974.02578989485,50597.48707982459,50974.02578989485,50597.48707982459,50974.02578989485,,,,42220,1,1,1,1,1,16560.4211
2024-02-25,51252.438741989885,51958.55,51252.438741989885,51633.8525,44103.06234997652,47538.70903275439,44103.06234997652,47538.70903275439,50785.756434859715,51074.768740632004,50785.756434859715,51074.768740632004,50785.756434859715,51074.768740632004,50785.756434859715,51074.768740632004,,,,42220,1,1,1,1,1,18721.63159
2024-02-26,51443.14562099494,54910,50901.44,53004.19,44103.06234997652,47538.70903275439,44103.06234997652,47538.70903275439,50930.262587745856,51254.219910053056,50930.262587745856,51254.219910053056,50930.262587745856,51254.219910053056,50930.262587745856,51254.219910053056,,,,42220,1,1,1,1,1,51256.72199
2024-02-27,52223.66781049747,57588.15,52223.66781049747,55888.025,44103.06234997652,47538.70903275439,44103.06234997652,47538.70903275439,51092.24124889945,51624.777810911386,51092.24124889945,51624.777810911386,51092.24124889945,51624.777810911386,51092.24124889945,51624.777810911386,,,,42220,1,1,1,1,1,67194.98562
2024-02-28,54055.84640524874,64000,54055.84640524874,60040.325000000004,44103.06234997652,47538.70903275439,44103.06234997652,47538.70903275439,51358.509529905416,52367.769421686426,51358.509529905416,52367.769421686426,51358.509529905416,52367.769421686426,51358.509529905416,52367.769421686426,,,,50519,1,1,1,1,1,118763.46984
2024-02-29,57048.085702624376,63676.35,57048.085702624376,61901.034999999996,44103.06234997652,47538.70903275439,44103.06234997652,47538.70903275439,51863.13947579591,53385.66503379262,51863.13947579591,53385.66503379262,51863.13947579591,53385.66503379262,51863.13947579591,53385.66503379262,,,,50583,1,1,1,1,1,78425.07603
2024-03-01,59474.56035131219,63114.23,59474.56035131219,61852.53,44103.06234997652,47538.70903275439,44103.06234997652,47538.70903275439,52624.402254794266,54535.643443163375,52624.402254794266,54535.643443163375,52624.402254794266,54535.643443163375,52624.402254794266,54535.643443163375,,,,50899.44,1,1,1,1,1,47737.93473
2024-03-02,60663.545175656094,62433.19,60663.545175656094,62092.3725,44103.06234997652,47538.70903275439,44103.06234997652,47538.70903275439,53580.02284897882,55688.07956928437,53580.02284897882,55688.07956928437,53580.02284897882,55688.07956928437,53580.02284897882,55688.07956928437,,,,50899.44,1,1,1,1,1,25534.73659
2024-03-03,61377.958837828046,63231.88,61320,62413.2825,45820.88569136545,51130.56453065519,45820.88569136545,51130.56453065519,54634.0512091316,56794.56760726729,54634.0512091316,56794.56760726729,54634.0512091316,56794.56760726729,54634.0512091316,56794.56760726729,,,,52221.66781049747,1,1,1,1,1,28994.90903
2024-03-04,61895.62066891402,68499,61895.62066891402,65539.67,45820.88569136545,51130.56453065519,45820.88569136545,51130.56453065519,55714.30940819944,57992.07626740952,55714.30940819944,57992.07626740952,55714.30940819944,57992.07626740952,55714.30940819944,57992.07626740952,,,,54053.84640524874,1,1,1,1,1,84835.16005
2024-03-05,63717.64533445701,69000,59005,64993.68000000001,45820.88569136545,51130.56453065519,45820.88569136545,51130.56453065519,56853.192837804476,59100.86964802742,56853.192837804476,59100.86964802742,56853.192837804476,59100.86964802742,56853.192837804476,59100.86964802742,,,,57046.085702624376,1,1,1,1,1,132696.7813
2024-03-06,64355.662667228506,67641.1,62779.14,65054.572499999995,45820.88569136545,51130.56453065519,45820.88569136545,51130.56453065519,57977.031242915946,60138.90648287397,57977.031242915946,60138.90648287397,57977.031242915946,60138.90648287397,57977.031242915946,60138.90648287397,,,,59003,1,1,1,1,1,78738.85491
2024-03-07,64705.11758361425,67980,64705.11758361425,66607.05249999999,45820.88569136545,51130.56453065519,45820.88569136545,51130.56453065519,59057.96886289496,61144.24948881864,59057.96886289496,61144.24948881864,59057.96886289496,61144.24948881864,59057.96886289496,61144.24948881864,,,,59003,1,1,1,1,1,53059.8869
2024-03-08,65656.08504180712,69990,65656.08504180712,67755.0075,45820.88569136545,51130.56453065519,45820.88569136545,51130.56453065519,60101.1091758568,62157.41355000037,60101.1091758568,62157.41355000037,60101.1091758568,62157.41355000037,60101.1091758568,62157.41355000037,,,,59003,1,1,1,1,1,74261.932842
2024-03-09,66705.54627090356,68541.1,66705.54627090356,68209.9175,45820.88569136545,51130.56453065519,45820.88569136545,51130.56453065519,61129.261362928584,63108.7224639253,61129.261362928584,63108.7224639253,61129.261362928584,63108.7224639253,61129.261362928584,63108.7224639253,,,,59003,1,1,1,1,1,19872.89743
2024-03-10,67457.73188545178,69887.61,67457.73188545178,68812.88,48475.72511101032,55708.7196863414,48475.72511101032,55708.7196863414,62118.991913426944,64023.35693298366,62118.991913426944,64023.35693298366,62118.991913426944,64023.35693298366,62118.991913426944,64023.35693298366,,,,59003,1,1,1,1,1,38404.66835
2024-03-11,68135.30594272588,72800,67024.96,70214.73500000002,48475.72511101032,55708.7196863414,48475.72511101032,55708.7196863414,63071.1744232053,64940.88797878403,63071.1744232053,64940.88797878403,63071.1744232053,64940.88797878403,63071.1744232053,64940.88797878403,,,,62777.14,1,1,1,1,1,75292.825726
2024-03-12,69175.02047136295,73000,68620.82,71287.7325,48475.72511101032,55708.7196863414,48475.72511101032,55708.7196863414,64006.031200994665,65865.06960140701,64006.031200994665,65865.06960140701,64006.031200994665,65865.06960140701,64006.031200994665,65865.06960140701,,,,64703.11758361425,1,1,1,1,1,68783.546691
2024-03-13,70231.37648568148,73650.25,70231.37648568148,72376.9925,48475.72511101032,55708.7196863414,48475.72511101032,55708.7196863414,64935.55040120084,66808.12584898074,64935.55040120084,66808.12584898074,64935.55040120084,66808.12584898074,64935.55040120084,66808.12584898074,,,,65654.08504180712,1,1,1,1,1,52659.711647
2024-03-14,71304.18449284074,73777,68555,71698.33499999999,48475.72511101032,55708.7196863414,48475.72511101032,55708.7196863414,65871.83812509078,67650.48578889109,65871.83812509078,67650.48578889109,65871.83812509078,67650.48578889109,65871.83812509078,67650.48578889109,,,,66703.54627090356,1,1,1,1,1,71757.628746
2024-03-15,71501.25974642037,72419.71,65600,69727.125,48475.72511101032,55708.7196863414,48475.72511101032,55708.7196863414,66761.16195699094,68235.72379620161,66761.16195699094,68235.72379620161,66761.16195699094,68235.72379620161,66761.16195699094,68235.72379620161,,,,66703.54627090356,1,1,1,1,1,103334.03546
2024-03-16,70614.19237321019,70614.19237321019,64780,67405.8675,48475.72511101032,55708.7196863414,48475.72511101032,55708.7196863414,67498.44287659628,68519.30946764906,67498.44287659628,68519.30946764906,67498.44287659628,68519.30946764906,67498.44287659628,68519.30946764906,,,,66703.54627090356,1,1,1,1,1,55926.95336
2024-03-17,69010.02993660509,69010.02993660509,64533,66782.87999999999,52092.222398675854,60502.06659448235,52092.222398675854,60502.06659448235,68008.87617212268,68546.28726993817,68008.87617212268,68546.28726993817,68008.87617212268,68546.28726993817,68008.87617212268,68546.28726993817,,,,66703.54627090356,1,1,1,1,1,49742.21589
2024-03-18,67896.45496830254,68956,66565.2,67881.165,52092.222398675854,60502.06659448235,52092.222398675854,60502.06659448235,68277.58172103042,68494.73626408531,68277.58172103042,68494.73626408531,68277.58172103042,68494.73626408531,68277.58172103042,68494.73626408531,,,,66703.54627090356,1,1,1,1,1,55691.08088
2024-03-19,67888.80998415127,68124.11,61555,64806.627499999995,52092.222398675854,60502.06659448235,52092.222398675854,60502.06659448235,68386.15899255787,68386.15899255787,68212.80362641643,68212.80362641643,68386.15899255787,68386.15899255787,68212.80362641643,68212.80362641643,,,64806.627499999995,,-1,-1,1,0,0,101005.32487
2024-03-20,66347.71874207564,68100,60775,64663.229999999996,52092.222398675854,60502.06659448235,52092.222398675854,60502.06659448235,68299.48130948715,68299.48130948715,67793.11804520228,67793.11804520228,68299.48130948715,68299.48130948715,67793.11804520228,67793.11804520228,,,,,-1,-1,1,0,0,90420.58592
2024-03-21,65505.47437103782,68240.47,64529.01,66527.815,52092.222398675854,60502.06659448235,52092.222398675854,60502.06659448235,68046.29967734471,68046.29967734471,67455.71582264076,67455.71582264076,68046.29967734471,68046.29967734471,67455.71582264076,67455.71582264076,,,,,-1,-1,1,0,0,53357.48002
2024-03-22,66016.64468551891,66649.62,62260,64551.884999999995,52092.222398675854,60502.06659448235,52092.222398675854,60502.06659448235,67751.00774999273,67751.00774999273,67068.37892755552,67068.37892755552,67751.00774999273,67751.00774999273,67068.37892755552,67068.37892755552,,,,,-1,-1,1,0,0,51482.37821
2024-03-23,65284.264842759454,65999,63000,64196.412500000006,52092.222398675854,60502.06659448235,52092.222398675854,60502.06659448235,67409.69333877412,67409.69333877412,66669.98085723878,66669.98085723878,67409.69333877412,67409.69333877412,66669.98085723878,66669.98085723878,,,,,-1,-1,1,0,0,26410.11409
2024-03-24,64740.33867137973,67628.69,63772.29,65650.2475,56297.1444965791,63055.77403569885,56297.1444965791,63055.77403569885,67039.83709800645,67039.83709800645,66375.43159647819,66375.43159647819,67039.83709800645,67039.83709800645,66375.43159647819,66375.43159647819,,,,,-1,-1,1,0,0,31395.78015
2024-03-25,65195.29308568986,71150,65195.29308568986,68656.2675,56297.1444965791,63055.77403569885,56297.1444965791,63055.77403569885,66707.63434724232,66707.63434724232,66342.31143668917,66342.31143668917,66707.63434724232,66707.63434724232,66342.31143668917,66342.31143668917,,,,,-1,-1,1,0,0,53431.14486
2024-03-26,66925.78029284492,71561.1,66925.78029284492,70177.275,56297.1444965791,63055.77403569885,56297.1444965791,63055.77403569885,66524.97289196575,66553.98180298615,66524.97289196575,66553.98180298615,66524.97289196575,66553.98180298615,66524.97289196575,66553.98180298615,,,,,1,1,1,1,0,38934.38417
2024-03-27,68551.52764642246,71769.54,68359.18,69896.675,56297.1444965791,63055.77403569885,56297.1444965791,63055.77403569885,66539.47734747596,66927.45009469091,66539.47734747596,66927.45009469091,66539.47734747596,66927.45009469091,66539.47734747596,66927.45009469091,68359.18,,,60773,1,1,1,1,1,49119.35685
2024-03-28,69224.10132321123,71552.06,68903.62,70176.5675,56297.1444965791,63055.77403569885,56297.1444965791,63055.77403569885,66733.46372108343,67371.65859625197,66733.46372108343,67371.65859625197,66733.46372108343,67371.65859625197,66733.46372108343,67371.65859625197,,,,60773,1,1,1,1,1,35439.03239
2024-03-29,69700.33441160561,70916.16,69009,70139.075,56297.1444965791,63055.77403569885,56297.1444965791,63055.77403569885,67052.56115866771,67807.35445312709,67052.56115866771,67807.35445312709,67052.56115866771,67807.35445312709,67052.56115866771,67807.35445312709,,,,60773,1,1,1,1,1,25445.08353
2024-03-30,69919.70470580281,70321.1,69540,69823.4525,56297.1444965791,63055.77403569885,56297.1444965791,63055.77403569885,67429.9578058974,68196.78672840868,67429.9578058974,68196.78672840868,67429.9578058974,68196.78672840868,67429.9578058974,68196.78672840868,,,,60773,1,1,1,1,1,13644.61142
2024-03-31,69871.5786029014,71366,69562.99,70447.7925,59676.459266138976,65470.06184004975,59676.459266138976,65470.06184004975,67813.37226715304,68566.54877219046,67813.37226715304,68566.54877219046,67813.37226715304,68566.54877219046,67813.37226715304,68566.54877219046,,,,60773,1,1,1,1,1,19396.34433
2024-04-01,70159.6855514507,71288.23,68062.86,70070.22249999999,59676.459266138976,65470.06184004975,59676.459266138976,65470.06184004975,68189.96051967175,68857.21112512617,68189.96051967175,68857.21112512617,68189.96051967175,68857.21112512617,68189.96051967175,68857.21112512617,,,,60773,1,1,1,1,1,41445.32039
2024-04-02,70114.95402572534,70114.95402572534,64550,67334.50749999999,59676.459266138976,65470.06184004975,59676.459266138976,65470.06184004975,68523.58582239895,68919.19957985051,68523.58582239895,68919.19957985051,68523.58582239895,68919.19957985051,68523.58582239895,68919.19957985051,,,,60773,1,1,1,1,1,71799.82793
2024-04-03,68724.73076286266,68724.73076286266,64493.07,65705.9925,59676.459266138976,65470.06184004975,59676.459266138976,65470.06184004975,68721.39270112473,68769.72142997349,68721.39270112473,68769.72142997349,68721.39270112473,68769.72142997349,68721.39270112473,68769.72142997349,,,,60773,1,1,1,1,1,39887.21778
2024-04-04,67215.36163143133,69309.91,65064.52,67206.3725,59676.459266138976,65470.06184004975,59676.459266138976,65470.06184004975,68745.55706554912,68745.55706554912,68560.34892473172,68560.34892473172,68745.55706554912,68745.55706554912,68560.34892473172,68560.34892473172,,,67206.3725,,-1,-1,1,0,0,41510.48453
2024-04-05,67210.86706571566,68756.67,65952.56,67754.4125,59676.459266138976,65470.06184004975,59676.459266138976,65470.06184004975,68652.95299514043,68652.95299514043,68361.15539710308,68361.15539710308,68652.95299514043,68652.95299514043,68361.15539710308,68361.15539710308,,,,,-1,-1,1,0,0,37915.23073
2024-04-06,67482.63978285783,69692,67447.83,68464.115,59676.459266138976,65470.06184004975,59676.459266138976,65470.06184004975,68507.05419612175,68507.05419612175,68260.24204408629,68260.24204408629,68507.05419612175,68507.05419612175,68260.24204408629,68260.24204408629,,,,,-1,-1,1,0,0,20134.28919
2024-04-07,67973.37739142892,70326.29,67973.37739142892,69351.67,62573.26055309436,66872.07970719821,62573.26055309436,66872.07970719821,68383.64812010403,68383.64812010403,68270.56573726762,68270.56573726762,68383.64812010403,68383.64812010403,68270.56573726762,68270.56573726762,,,,,-1,-1,1,0,0,21534.74433
2024-04-08,68662.52369571445,72797.99,68662.52369571445,70705.4025,62573.26055309436,66872.07970719821,62573.26055309436,66872.07970719821,68327.10692868583,68447.52072613798,68327.10692868583,68447.52072613798,68327.10692868583,68447.52072613798,68327.10692868583,68447.52072613798,,,,,1,1,1,1,0,45723.87624
2024-04-09,69683.96309785722,71758.19,68210,70183.5475,62573.26055309436,66872.07970719821,62573.26055309436,66872.07970719821,68387.31382741191,68664.44678079539,68387.31382741191,68664.44678079539,68387.31382741191,68664.44678079539,68387.31382741191,68664.44678079539,68210,,,64491.07,1,1,1,1,1,39293.90242
2024-04-10,69933.75529892862,71172.08,67518,69616.79000000001,62573.26055309436,66872.07970719821,62573.26055309436,66872.07970719821,68525.88030410366,68845.29756576322,68525.88030410366,68845.29756576322,68525.88030410366,68845.29756576322,68525.88030410366,68845.29756576322,,,,64491.07,1,1,1,1,1,42006.02377
2024-04-11,69775.27264946431,71305.89,69567.21,70377.6025,62573.26055309436,66872.07970719821,62573.26055309436,66872.07970719821,68685.58893493345,69055.13426289069,68685.58893493345,69055.13426289069,68685.58893493345,69055.13426289069,68685.58893493345,69055.13426289069,,,,64491.07,1,1,1,1,1,31917.25595
2024-04-12,70076.43757473215,71227.46,65086.86,68359.265,62573.26055309436,66872.07970719821,62573.26055309436,66872.07970719821,68870.36159891207,69120.37995539838,68870.36159891207,69120.37995539838,68870.36159891207,69120.37995539838,68870.36159891207,69120.37995539838,,,,64491.07,1,1,1,1,1,56072.86229
2024-04-13,69217.85128736607,69217.85128736607,60660.57,64907.65000000001,62573.26055309436,66872.07970719821,62573.26055309436,66872.07970719821,68995.37077715523,68995.37077715523,68873.54800641617,68873.54800641617,68995.37077715523,68995.37077715523,68873.54800641617,68873.54800641617,,,64907.65000000001,,-1,-1,1,0,0,71395.22019
2024-04-14,67062.75064368304,67062.75064368304,62134,64390.09,64722.67013014629,67165.84239813684,64722.67013014629,67165.84239813684,68934.4593917857,68934.4593917857,68428.47974715116,68428.47974715116,68934.4593917857,68934.4593917857,68428.47974715116,68428.47974715116,,,,,-1,-1,1,0,0,61599.17818
2024-04-15,65726.42032184152,66867.07,62274.4,64555.8275,64722.67013014629,67165.84239813684,64722.67013014629,67165.84239813684,68681.46956946843,68681.46956946843,67903.22120023276,67903.22120023276,68681.46956946843,68681.46956946843,67903.22120023276,67903.22120023276,,,,,-1,-1,1,0,0,52389.53069
2024-04-16,65141.12391092076,65141.12391092076,61600,63294.595,64722.67013014629,67165.84239813684,64722.67013014629,67165.84239813684,68292.3453848506,68292.3453848506,67292.85516769107,67292.85516769107,68292.3453848506,68292.3453848506,67292.85516769107,67292.85516769107,,,,,-1,-1,1,0,0,53435.29331
2024-04-17,64217.85945546038,64499,59678.16,62311.9825,64722.67013014629,67165.84239813684,64722.67013014629,67165.84239813684,67792.60027627084,67792.60027627084,66597.69726994264,66597.69726994264,67792.60027627084,67792.60027627084,66597.69726994264,66597.69726994264,,,,,-1,-1,1,0,0,50610.54509
2024-04-18,63264.92097773019,64117.09,60803.35,62416.975000000006,64722.67013014629,67165.84239813684,64722.67013014629,67165.84239813684,67195.14877310675,67195.14877310675,65922.4357376147,65922.4357376147,67195.14877310675,67195.14877310675,65922.4357376147,65922.4357376147,,,,,-1,-1,1,0,0,43601.60918
2024-04-19,62840.9479888651,65450,59600.01,63084.527500000004,64722.67013014629,67165.84239813684,64722.67013014629,67165.84239813684,66558.79225536072,66558.79225536072,65324.774634492904,65324.774634492904,66558.79225536072,66558.79225536072,65324.774634492904,65324.774634492904,,,,,-1,-1,1,0,0,69774.30271
2024-04-20,62962.737744432554,65419,62962.737744432554,64316.9175,64722.67013014629,67165.84239813684,64722.67013014629,67165.84239813684,65941.78344492681,65941.78344492681,64920.58377416703,64920.58377416703,65941.78344492681,65941.78344492681,64920.58377416703,64920.58377416703,,,,,-1,-1,1,0,0,23137.42975
2024-04-21,63639.82762221628,65695.56,63639.82762221628,64953.6975,65944.25626414157,66140.23442907944,65944.25626414157,66140.23442907944,65431.183609546926,65431.183609546926,64692.99643152084,64692.99643152084,65431.183609546926,65431.183609546926,64692.99643152084,64692.99643152084,,,,,-1,-1,1,0,0,19316.42152
2024-04-22,64296.762561108146,67232.35,64296.762561108146,65873.205,65944.25626414157,66140.23442907944,65944.25626414157,66140.23442907944,65062.090020533884,65062.090020533884,64651.8355470889,64651.8355470889,65062.090020533884,65062.090020533884,64651.8355470889,64651.8355470889,,,,,-1,-1,1,0,0,31397.99371
2024-04-23,65084.983780554074,67183.01,65084.983780554074,66545.535,65944.25626414157,66140.23442907944,65944.25626414157,66140.23442907944,64856.962783811396,64856.962783811396,64750.20869819294,64750.20869819294,64856.962783811396,64856.962783811396,64750.20869819294,64750.20869819294,,,,,-1,-1,1,0,0,22599.90004
2024-04-24,65815.25939027703,67070.43,63606.06,65345.02,65944.25626414157,66140.23442907944,65944.25626414157,66140.23442907944,64803.58574100217,64859.13693754161,64803.58574100217,64859.13693754161,64803.58574100217,64859.13693754161,64803.58574100217,64859.13693754161,,,,,1,1,1,1,0,33595.69637
2024-04-25,65580.13969513851,65580.13969513851,62794,64219.965000000004,65944.25626414157,66140.23442907944,65944.25626414157,66140.23442907944,64831.36133927189,64881.918930129,64831.36133927189,64881.918930129,64831.36133927189,64881.918930129,64831.36133927189,64881.918930129,62794,,,59598.01,1,1,1,1,1,31341.46338
2024-04-26,64900.05234756926,64900.05234756926,63297.48,64096.457500000004,65944.25626414157,66140.23442907944,65944.25626414157,66140.23442907944,64856.64013470045,64856.64013470045,64840.69200388362,64840.69200388362,64856.64013470045,64856.64013470045,64840.69200388362,64840.69200388362,,,64096.457500000004,,-1,-1,1,0,0,27085.19346
2024-04-27,64498.25492378463,64498.25492378463,62391.24,63386.6575,65944.25626414157,66140.23442907944,65944.25626414157,66140.23442907944,64848.666069292034,64848.666069292034,64719.489201236545,64719.489201236545,64848.666069292034,64848.666069292034,64719.489201236545,64719.489201236545,,,,,-1,-1,1,0,0,20933.06052
2024-04-28,63942.45621189232,64370,62781,63432.9,66042.2453466105,66042.2453466105,65519.072830151425,65519.072830151425,64784.07763526429,64784.07763526429,64566.225657933384,64566.225657933384,64784.07763526429,64784.07763526429,64566.225657933384,64566.225657933384,,,,,-1,-1,-1,-1,0,16949.20005
2024-04-29,63687.678105946165,64228.35,61765.53,63244.625,66042.2453466105,66042.2453466105,65519.072830151425,65519.072830151425,64675.15164659884,64675.15164659884,64376.06445937441,64376.06445937441,64675.15164659884,64675.15164659884,64376.06445937441,64376.06445937441,,64228.35,,67234.35,-1,-1,-1,-1,-1,28150.22947
2024-04-30,63466.15155297308,64734,59191.6,62115.9,66042.2453466105,66042.2453466105,65519.072830151425,65519.072830151425,64525.60805298662,64525.60805298662,64109.62020483523,64109.62020483523,64525.60805298662,64525.60805298662,64109.62020483523,64109.62020483523,,,,67234.35,-1,-1,-1,-1,-1,54947.65535
2024-05-01,62791.02577648654,62791.02577648654,56552.82,59107.8575,66042.2453466105,66042.2453466105,65519.072830151425,65519.072830151425,64317.61412891093,64317.61412891093,63647.59618013099,63647.59618013099,64317.61412891093,64317.61412891093,63647.59618013099,63647.59618013099,,,,63244.625,-1,-1,-1,-1,-1,81166.46823
2024-05-02,60949.44163824327,60949.44163824327,56911.84,58490.604999999996,66042.2453466105,66042.2453466105,65519.072830151425,65519.072830151425,63982.60515452096,63982.60515452096,63047.7837142904,63047.7837142904,63982.60515452096,63982.60515452096,63047.7837142904,63047.7837142904,,,,63244.625,-1,-1,-1,-1,-1,47583.81961
2024-05-03,59720.02331912163,63333,58811.32,61021.732500000006,66042.2453466105,66042.2453466105,65519.072830151425,65519.072830151425,63515.19443440568,63515.19443440568,62561.09214049724,62561.09214049724,63515.19443440568,63515.19443440568,62561.09214049724,62561.09214049724,,,,63244.625,-1,-1,-1,-1,-1,43628.40143
2024-05-04,60370.87790956082,64540,60370.87790956082,63463.770000000004,66042.2453466105,66042.2453466105,65519.072830151425,65519.072830151425,63038.143287451465,63038.143287451465,62300.66178955227,62300.66178955227,63038.143287451465,63038.143287451465,62300.66178955227,62300.66178955227,,,63463.770000000004,,-1,-1,-1,-1,0,24368.69282
2024-05-05,61917.32395478041,64646,61917.32395478041,63843.05,65780.65908838097,65780.65908838097,64000.431538539124,64000.431538539124,62669.40253850187,62669.40253850187,62248.48430914133,62248.48430914133,62669.40253850187,62669.40253850187,62248.48430914133,62248.48430914133,,,,,-1,-1,-1,-1,0,18526.75029
2024-05-06,62880.18697739021,65500,62700,63844.2975,65780.65908838097,65780.65908838097,64000.431538539124,64000.431538539124,62458.9434238216,62458.9434238216,62355.924756967885,62355.924756967885,62458.9434238216,62458.9434238216,62355.924756967885,62355.924756967885,,,,,-1,-1,-1,-1,0,34674.91949
2024-05-07,63362.24223869511,64422.41,62261,63040.167499999996,65780.65908838097,65780.65908838097,64000.431538539124,64000.431538539124,62407.43409039474,62487.4440928608,62407.43409039474,62487.4440928608,62407.43409039474,62487.4440928608,62407.43409039474,62487.4440928608,,,,,1,1,-1,0,0,25598.79472
2024-05-08,63201.20486934755,63201.20486934755,60888,61853.33,65780.65908838097,65780.65908838097,64000.431538539124,64000.431538539124,62447.43909162777,62530.907857771985,62447.43909162777,62530.907857771985,62447.43909162777,62530.907857771985,62447.43909162777,62530.907857771985,,,,,1,1,-1,0,0,26121.19004
2024-05-09,62527.26743467378,63429.03,60630,62081.5175,65780.65908838097,65780.65908838097,64000.431538539124,64000.431538539124,62489.17347469988,62518.839470365776,62489.17347469988,62518.839470365776,62489.17347469988,62518.839470365776,62489.17347469988,62518.839470365776,,,,,1,1,-1,0,0,30660.8061
2024-05-10,62304.39246733689,63469.13,60187.12,61882.56,65780.65908838097,65780.65908838097,64000.431538539124,64000.431538539124,62504.00647253283,62504.00647253283,62463.60410259563,62463.60410259563,62504.00647253283,62504.00647253283,62463.60410259563,62463.60410259563,,,,,-1,-1,-1,-1,0,36529.34025
2024-05-11,62093.47623366844,62093.47623366844,60487.09,60907.017499999994,65780.65908838097,65780.65908838097,64000.431538539124,64000.431538539124,62483.805287564224,62483.805287564224,62342.864121124105,62342.864121124105,62483.805287564224,62483.805287564224,62342.864121124105,62342.864121124105,,62093.47623366844,,65502,-1,-1,-1,-1,-1,13374.56936
2024-05-12,61500.24686683422,61888,60610,61201.994999999995,64890.54531346005,64890.54531346005,63401.30213609323,63401.30213609323,62413.33470434416,62413.33470434416,62193.82513826712,62193.82513826712,62413.33470434416,62413.33470434416,62193.82513826712,62193.82513826712,,,,65502,-1,-1,-1,-1,-1,12753.13236
2024-05-13,61351.12093341711,63450,60749.21,62155.822499999995,64890.54531346005,64890.54531346005,63401.30213609323,63401.30213609323,62303.57992130564,62303.57992130564,62100.51478805272,62100.51478805272,62303.57992130564,62303.57992130564,62100.51478805272,62100.51478805272,,,,65502,-1,-1,-1,-1,-1,32733.41839
2024-05-14,61753.47171670855,63118.36,61142.77,62194.6775,64890.54531346005,64890.54531346005,63401.30213609323,63401.30213609323,62202.047354679176,62202.047354679176,62052.68595938595,62052.68595938595,62202.047354679176,62202.047354679176,62052.68595938595,62052.68595938595,,,,65502,-1,-1,-1,-1,-1,29088.72041
2024-05-15,61974.074608354276,66444.16,61319.47,63886.905,64890.54531346005,64890.54531346005,63401.30213609323,63401.30213609323,62127.36665703256,62150.673967581686,62127.36665703256,62150.673967581686,62127.36665703256,62150.673967581686,62127.36665703256,62150.673967581686,,,63886.905,,1,1,-1,0,0,43559.74719
2024-05-16,62930.48980417714,66752.01,62930.48980417714,65699.125,64890.54531346005,64890.54531346005,63401.30213609323,63401.30213609323,62139.02031230712,62412.166565584754,62139.02031230712,62412.166565584754,62139.02031230712,62412.166565584754,62139.02031230712,62412.166565584754,,,,,1,1,-1,0,0,31106.3671
2024-05-17,64314.80740208857,67451.2,64314.80740208857,66204.19750000001,64890.54531346005,64890.54531346005,63401.30213609323,63401.30213609323,62275.593438945936,62815.00413447148,62275.593438945936,62815.00413447148,62275.593438945936,62815.00413447148,62275.593438945936,62815.00413447148,,,,,1,1,-1,0,0,26292.23409
2024-05-18,65259.50245104429,67400.01,65259.50245104429,66984.8025,64890.54531346005,64890.54531346005,63401.30213609323,63401.30213609323,62545.29878670871,63306.190574712,62545.29878670871,63306.190574712,62545.29878670871,63306.190574712,62545.29878670871,63306.190574712,,,,,1,1,-1,0,0,14441.25774
2024-05-19,66122.15247552215,67700,65857.25,66686.615,64145.92372477664,64145.92372477664,63569.88196554424,63569.88196554424,62925.744680710355,63827.4388063059,62925.744680710355,63827.4388063059,62925.744680710355,63827.4388063059,62925.744680710355,63827.4388063059,,,,,1,1,-1,0,0,18025.30409
2024-05-20,66404.38373776108,71515.56,66060.31,68824.1225,64145.92372477664,64145.92372477664,63569.88196554424,63569.88196554424,63376.59174350813,64459.45733688388,63376.59174350813,64459.45733688388,63376.59174350813,64459.45733688388,63376.59174350813,64459.45733688388,,,,,1,1,-1,0,0,50816.7011
2024-05-21,67614.25311888053,71979,67614.25311888053,70684.225,64145.92372477664,64145.92372477664,63569.88196554424,63569.88196554424,63918.024540196006,65200.04158204751,63918.024540196006,65200.04158204751,63918.024540196006,65200.04158204751,63918.024540196006,65200.04158204751,,,,,1,1,-1,0,0,49607.4336
2024-05-22,69149.23905944027,70666,68842.19,69705.7875,64145.92372477664,64145.92372477664,63569.88196554424,63569.88196554424,64559.03306112176,65935.93756826276,64559.03306112176,65935.93756826276,64559.03306112176,65935.93756826276,64559.03306112176,65935.93756826276,,,,,1,1,-1,0,0,27673.18026
2024-05-23,69427.51327972014,70096.12,66312.16,68386.1375,64145.92372477664,64145.92372477664,63569.88196554424,63569.88196554424,65247.48531469226,66512.20415086696,65247.48531469226,66512.20415086696,65247.48531469226,66512.20415086696,65247.48531469226,66512.20415086696,,,,,1,1,-1,0,0,40513.17374
2024-05-24,68906.82538986007,69250,66600.12,68092.4425,64145.92372477664,64145.92372477664,63569.88196554424,63569.88196554424,65879.84473277962,66932.25236244654,65879.84473277962,66932.25236244654,65879.84473277962,66932.25236244654,65879.84473277962,66932.25236244654,,,,,1,1,-1,0,0,28095.83664
2024-05-25,68499.63394493004,69610,68499.63394493004,68987.64,64145.92372477664,64145.92372477664,63569.88196554424,63569.88196554424,66406.04854761307,67303.11704874087,66406.04854761307,67303.11704874087,66406.04854761307,67303.11704874087,66406.04854761307,67303.11704874087,,,,,1,1,-1,0,0,12130.39418
2024-05-26,68743.63697246503,69562.23,68128.01,68872.1175,63857.90284516044,65052.73122989445,63857.90284516044,65052.73122989445,66854.58279817697,67611.59893073382,66854.58279817697,67611.59893073382,66854.58279817697,67611.59893073382,66854.58279817697,67611.59893073382,,,,,1,1,1,1,0,11872.11797
2024-05-27,68807.87723623251,70687.56,68250,69220.415,63857.90284516044,65052.73122989445,63857.90284516044,65052.73122989445,67233.09086445539,67900.43395373713,67233.09086445539,67900.43395373713,67233.09086445539,67900.43395373713,67233.09086445539,67900.43395373713,68250,,,65257.50245104429,1,1,1,1,1,23136.92737
2024-05-28,69014.14611811624,69591.81,67277.91,68676.135,63857.90284516044,65052.73122989445,63857.90284516044,65052.73122989445,67566.76240909625,68100.96286009796,67566.76240909625,68100.96286009796,67566.76240909625,68100.96286009796,67566.76240909625,68100.96286009796,,,,65257.50245104429,1,1,1,1,1,32622.97042
2024-05-29,68845.14055905811,68935.68,67124.65,68027.78749999999,63857.90284516044,65052.73122989445,63857.90284516044,65052.73122989445,67833.8626345971,68206.3076079256,67833.8626345971,68206.3076079256,67833.8626345971,68206.3076079256,67833.8626345971,68206.3076079256,,,,65257.50245104429,1,1,1,1,1,23159.83149
2024-05-30,68436.46402952904,69500,67128,68158.145,63857.90284516044,65052.73122989445,63857.90284516044,65052.73122989445,68020.08512126135,68264.29912575243,68020.08512126135,68264.29912575243,68020.08512126135,68264.29912575243,68020.08512126135,68264.29912575243,,,,65257.50245104429,1,1,1,1,1,28478.2184
2024-05-31,68297.30451476452,69044.1,66670,67901.57,63857.90284516044,65052.73122989445,63857.90284516044,65052.73122989445,68142.19212350687,68265.93467877728,68142.19212350687,68265.93467877728,68142.19212350687,68265.93467877728,68142.19212350687,68265.93467877728,,,,65257.50245104429,1,1,1,1,1,26690.32184
2024-06-01,68099.43725738226,68099.43725738226,67428.44,67658.82500000001,63857.90284516044,65052.73122989445,63857.90284516044,65052.73122989445,68204.06340114206,68227.19573240344,68204.06340114206,68227.19573240344,68204.06340114206,68227.19573240344,68204.06340114206,68227.19573240344,,,,65257.50245104429,1,1,1,1,1,8837.66133
2024-06-02,67879.13112869114,68460,67257.47,67812.485,64455.31703752744,66409.2442910846,64455.31703752744,66409.2442910846,68215.62956677274,68215.62956677274,68175.79096185292,68175.79096185292,68215.62956677274,68215.62956677274,68175.79096185292,68175.79096185292,,,67812.485,,-1,-1,1,0,0,15426.32529
2024-06-03,67845.80806434556,70288,67612.48,68619,64455.31703752744,66409.2442910846,64455.31703752744,66409.2442910846,68195.71026431282,68195.71026431282,68188.73816263898,68188.73816263898,68195.71026431282,68195.71026431282,68188.73816263898,68188.73816263898,,,,,-1,-1,1,0,0,29633.374
2024-06-04,68232.40403217278,71063.45,68232.40403217278,69744.625,64455.31703752744,66409.2442910846,64455.31703752744,66409.2442910846,68192.2242134759,68295.17864331225,68192.2242134759,68295.17864331225,68192.2242134759,68295.17864331225,68192.2242134759,68295.17864331225,,,,,1,1,1,1,0,29619.78489
2024-06-05,68988.51451608639,71758,68988.51451608639,70946.8725,64455.31703752744,66409.2442910846,64455.31703752744,66409.2442910846,68243.70142839407,68511.54391115808,68243.70142839407,68511.54391115808,68243.70142839407,68511.54391115808,68243.70142839407,68511.54391115808,68988.51451608639,,,66668,1,1,1,1,1,28703.18082
2024-06-06,69967.69350804319,71700,69967.69350804319,70931.175,64455.31703752744,66409.2442910846,64455.31703752744,66409.2442910846,68377.62266977607,68801.85628885178,68377.62266977607,68801.85628885178,68377.62266977607,68801.85628885178,68377.62266977607,68801.85628885178,,,,66668,1,1,1,1,1,21842.00449
2024-06-07,70449.43425402159,71997.02,68420,70142.92000000001,64455.31703752744,66409.2442910846,64455.31703752744,66409.2442910846,68589.73947931392,69066.2676006336,68589.73947931392,69066.2676006336,68589.73947931392,69066.2676006336,68589.73947931392,69066.2676006336,,,,66668,1,1,1,1,1,35598.45045
2024-06-08,70296.1771270108,70296.1771270108,69168.02,69354.07,64455.31703752744,66409.2442910846,64455.31703752744,66409.2442910846,68828.00353997377,69252.97896505373,68828.00353997377,69252.97896505373,68828.00353997377,69252.97896505373,68828.00353997377,69252.97896505373,,,,66668,1,1,1,1,1,9773.82967
2024-06-09,69825.1235635054,69857.14,69130.24,69486.49500000001,65432.28066430602,67664.88817995362,65432.28066430602,67664.88817995362,69040.49125251375,69368.71277296735,69040.49125251375,69368.71277296735,69040.49125251375,69368.71277296735,69040.49125251375,69368.71277296735,,,,66668,1,1,1,1,1,9890.56709
2024-06-10,69655.8092817527,70195.94,69172.29,69639.095,65432.28066430602,67664.88817995362,65432.28066430602,67664.88817995362,69204.60201274055,69449.12817643557,69204.60201274055,69449.12817643557,69204.60201274055,69449.12817643557,69204.60201274055,69449.12817643557,,,,66668,1,1,1,1,1,17122.66941
2024-06-11,69647.45214087635,69647.45214087635,66051,68123.8125,65432.28066430602,67664.88817995362,65432.28066430602,67664.88817995362,69326.86509458805,69390.50434418763,69326.86509458805,69390.50434418763,69326.86509458805,69390.50434418763,69326.86509458805,69390.50434418763,,,,66668,1,1,1,1,1,41436.01588
2024-06-12,68885.63232043818,69999,66905,68120.555,65432.28066430602,67664.88817995362,65432.28066430602,67664.88817995362,69358.68471938783,69358.68471938783,69281.9947767761,69281.9947767761,69358.68471938783,69358.68471938783,69281.9947767761,69281.9947767761,,,68120.555,,-1,-1,1,0,0,37175.32356
2024-06-13,68503.09366021908,68503.09366021908,66251.78,67434.5175,65432.28066430602,67664.88817995362,65432.28066430602,67664.88817995362,69320.33974808195,69320.33974808195,69088.34599450258,69088.34599450258,69320.33974808195,69320.33974808195,69088.34599450258,69088.34599450258,,,,,-1,-1,1,0,0,29079.55571
2024-06-14,67968.80558010953,67968.80558010953,65078,66316.31,65432.28066430602,67664.88817995362,65432.28066430602,67664.88817995362,69204.34287129226,69204.34287129226,68797.49961126846,68797.49961126846,69204.34287129226,69204.34287129226,68797.49961126846,68797.49961126846,,,,,-1,-1,1,0,0,28408.18797
2024-06-15,67142.55779005477,67142.55779005477,65857.1,66151.955,65432.28066430602,67664.88817995362,65432.28066430602,67664.88817995362,69000.92124128036,69000.92124128036,68464.08623542667,68464.08623542667,69000.92124128036,69000.92124128036,68464.08623542667,68464.08623542667,,,,,-1,-1,1,0,0,11451.80242
2024-06-16,66647.25639502739,66998.7,66034.5,66484.58,66548.58442212982,67884.86425715328,66548.58442212982,67884.86425715328,68732.50373835351,68732.50373835351,68137.57535899652,68137.57535899652,68732.50373835351,68732.50373835351,68137.57535899652,68137.57535899652,,,,,-1,-1,1,0,0,9392.52223
2024-06-17,66565.9181975137,67298.81,65130,66402.5,66548.58442212982,67884.86425715328,66548.58442212982,67884.86425715328,68435.039548675,68435.039548675,67826.24643358529,67826.24643358529,68435.039548675,68435.039548675,67826.24643358529,67826.24643358529,,,,,-1,-1,1,0,0,27386.16851
2024-06-18,66484.20909875685,66588.23,64060,65581.97,66548.58442212982,67884.86425715328,66548.58442212982,67884.86425715328,68130.64299113014,68130.64299113014,67490.05789871373,67490.05789871373,68130.64299113014,68130.64299113014,67490.05789871373,67490.05789871373,,,,,-1,-1,1,0,0,42350.10244
2024-06-19,66033.08954937843,66033.08954937843,64666,65135.807499999995,66548.58442212982,67884.86425715328,66548.58442212982,67884.86425715328,67810.35044492192,67810.35044492192,67153.34224919371,67153.34224919371,67810.35044492192,67810.35044492192,67153.34224919371,67153.34224919371,,,,,-1,-1,1,0,0,20060.79576
2024-06-20,65584.44852468921,66482.94,64559.15,65221.612499999996,66548.58442212982,67884.86425715328,66548.58442212982,67884.86425715328,67481.8463470578,67481.8463470578,66845.87010226025,66845.87010226025,67481.8463470578,67481.8463470578,66845.87010226025,66845.87010226025,,,,,-1,-1,1,0,0,24265.29031
2024-06-21,65403.0305123446,65403.0305123446,63379.35,64364.89,66548.58442212982,67884.86425715328,66548.58442212982,67884.86425715328,67163.85822465901,67163.85822465901,66506.09022515014,66506.09022515014,67163.85822465901,67163.85822465901,66506.09022515014,66506.09022515014,,,,,-1,-1,1,0,0,25993.56442
2024-06-22,64883.9602561723,64883.9602561723,63943.82,64224.05,66548.58442212982,67884.86425715328,66548.58442212982,67884.86425715328,66834.97422490457,66834.97422490457,66167.78027387084,66167.78027387084,66834.97422490457,66834.97422490457,66167.78027387084,66167.78027387084,,,,,-1,-1,1,0,0,7308.95542
2024-06-23,64554.00512808615,64554.00512808615,63178.32,63792.83500000001,67216.72433964154,67216.72433964154,67113.70787652316,67113.70787652316,66501.3772493877,66501.3772493877,65818.96994462248,65818.96994462248,66501.3772493877,66501.3772493877,65818.96994462248,65818.96994462248,,,,,-1,-1,-1,-1,0,8224.45447
2024-06-24,64173.42006404308,64173.42006404308,58402,61318.7775,67216.72433964154,67216.72433964154,67113.70787652316,67113.70787652316,66160.1735970051,66160.1735970051,65318.23040985317,65318.23040985317,66160.1735970051,66160.1735970051,65318.23040985317,65318.23040985317,,64173.42006404308,,67300.81,-1,-1,-1,-1,-1,52161.35414
2024-06-25,62746.09878202154,62746.09878202154,60257.06,61194.0925,67216.72433964154,67216.72433964154,67113.70787652316,67113.70787652316,65739.20200342913,65739.20200342913,64766.11703639705,64766.11703639705,65739.20200342913,65739.20200342913,64766.11703639705,64766.11703639705,,,,67300.81,-1,-1,-1,-1,-1,31189.24361
2024-06-26,61970.09564101077,62487.81,60712,61467.7025,67216.72433964154,67216.72433964154,67113.70787652316,67113.70787652316,65252.65951991309,65252.65951991309,64232.31168423803,64232.31168423803,65252.65951991309,65252.65951991309,64232.31168423803,64232.31168423803,,,,67300.81,-1,-1,-1,-1,-1,22485.66463
2024-06-27,61718.89907050539,62389.22,60606.63,61391.825000000004,67216.72433964154,67216.72433964154,67113.70787652316,67113.70787652316,64742.48560207556,64742.48560207556,63742.698682865004,63742.698682865004,64742.48560207556,64742.48560207556,63742.698682865004,63742.698682865004,,,,67300.81,-1,-1,-1,-1,-1,18344.28631
2024-06-28,61555.36203525269,62225.31,60063,61105.6525,67216.72433964154,67216.72433964154,67113.70787652316,67113.70787652316,64242.59214247028,64242.59214247028,63291.5132778641,63291.5132778641,64242.59214247028,64242.59214247028,63291.5132778641,63291.5132778641,,,,67300.81,-1,-1,-1,-1,-1,24821.19255
2024-06-29,61330.507267626344,61330.507267626344,60383.77,60755.572499999995,67216.72433964154,67216.72433964154,67113.70787652316,67113.70787652316,63767.05271016719,63767.05271016719,62872.83350939248,62872.83350939248,63767.05271016719,63767.05271016719,62872.83350939248,62872.83350939248,,,,67300.81,-1,-1,-1,-1,-1,11509.55904
2024-06-30,61043.039883813166,63058.76,60712.21,61882.415,67165.21610808234,67165.21610808234,65364.8571960952,65364.8571960952,63319.94310977984,63319.94310977984,62570.89608068891,62570.89608068891,63319.94310977984,63319.94310977984,62570.89608068891,62570.89608068891,,,,67300.81,-1,-1,-1,-1,-1,17326.30136
2024-07-01,61462.72744190658,63861.76,61462.72744190658,63007.74,67165.21610808234,67165.21610808234,65364.8571960952,65364.8571960952,62945.41959523437,62945.41959523437,62419.13351531741,62419.13351531741,62945.41959523437,62945.41959523437,62419.13351531741,62419.13351531741,,,,67300.81,-1,-1,-1,-1,-1,24547.10538
2024-07-02,62235.233720953285,63288.83,61806.28,62532.645,67165.21610808234,67165.21610808234,65364.8571960952,65364.8571960952,62682.276555275894,62682.276555275894,62352.454421692564,62352.454421692564,62682.276555275894,62682.276555275894,62352.454421692564,62352.454421692564,,,,67300.81,-1,-1,-1,-1,-1,18573.11875
2024-07-03,62383.93936047664,62383.93936047664,59400,61007.494999999995,67165.21610808234,67165.21610808234,65364.8571960952,65364.8571960952,62517.36548848423,62517.36548848423,62227.238756538376,62227.238756538376,62517.36548848423,62517.36548848423,62227.238756538376,62227.238756538376,,,,67300.81,-1,-1,-1,-1,-1,32160.11127
2024-07-04,61695.717180238316,61695.717180238316,56771,58631.942500000005,67165.21610808234,67165.21610808234,65364.8571960952,65364.8571960952,62372.302122511304,62372.302122511304,61944.036375784715,61944.036375784715,62372.302122511304,62372.302122511304,61944.036375784715,61944.036375784715,,,,67300.81,-1,-1,-1,-1,-1,54568.77276
2024-07-05,60163.82984011916,60163.82984011916,53485.93,56177.685,67165.21610808234,67165.21610808234,65364.8571960952,65364.8571960952,62158.169249148006,62158.169249148006,61416.65591314632,61416.65591314632,62158.169249148006,62158.169249148006,61416.65591314632,61416.65591314632,,,,67300.81,-1,-1,-1,-1,-1,81348.24756
2024-07-06,58170.75742005958,58475,56018,57337.98,67165.21610808234,67165.21610808234,65364.8571960952,65364.8571960952,61787.41258114717,61787.41258114717,60822.43644763673,60822.43644763673,61787.41258114717,61787.41258114717,60822.43644763673,60822.43644763673,,,,67300.81,-1,-1,-1,-1,-1,21651.31558
2024-07-07,57754.36871002979,58449.46,55724.37,57065.4425,66265.03665208878,66265.03665208878,62896.34846460929,62896.34846460929,61304.92451439195,61304.92451439195,60227.44281749853,60227.44281749853,61304.92451439195,61304.92451439195,60227.44281749853,60227.44281749853,,,,67300.81,-1,-1,-1,-1,-1,19118.93918
2024-07-08,57409.905605014894,58236.73,54260.16,56267.33,66265.03665208878,66265.03665208878,62896.34846460929,62896.34846460929,60766.18366594524,60766.18366594524,59622.320330878945,59622.320330878945,60766.18366594524,60766.18366594524,59622.320330878945,59622.320330878945,,,,67300.81,-1,-1,-1,-1,-1,48090.2049
2024-07-09,56838.61780250745,58296,56289.45,57337.515,66265.03665208878,66265.03665208878,62896.34846460929,62896.34846460929,60194.251998412095,60194.251998412095,59123.75875887851,59123.75875887851,60194.251998412095,60194.251998412095,59123.75875887851,59123.75875887851,,,,67300.81,-1,-1,-1,-1,-1,27732.20788
2024-07-10,57088.06640125372,59470,57088.06640125372,58100.91,66265.03665208878,66265.03665208878,62896.34846460929,62896.34846460929,59659.005378645306,59659.005378645306,58785.58575343371,58785.58575343371,59659.005378645306,59659.005378645306,58785.58575343371,58785.58575343371,,,,67300.81,-1,-1,-1,-1,-1,24951.73799
2024-07-11,57594.48820062686,59650,57050,57941.435,66265.03665208878,66265.03665208878,62896.34846460929,62896.34846460929,59222.29556603952,59222.29556603952,58563.184577268185,58563.184577268185,59222.29556603952,59222.29556603952,58563.184577268185,58563.184577268185,,,,67300.81,-1,-1,-1,-1,-1,29761.05735
2024-07-12,57767.96160031343,58526.68,56542.47,57574.535,66265.03665208878,66265.03665208878,62896.34846460929,62896.34846460929,58892.740071653854,58892.740071653854,58374.039768196286,58374.039768196286,58892.740071653854,58892.740071653854,58374.039768196286,58374.039768196286,,,,67300.81,-1,-1,-1,-1,-1,23652.4569
2024-07-13,57671.248300156716,59850,57671.248300156716,58674.935,66265.03665208878,66265.03665208878,62896.34846460929,62896.34846460929,58633.38991992507,58633.38991992507,58294.02269124114,58294.02269124114,58633.38991992507,58633.38991992507,58294.02269124114,58294.02269124114,,,,67300.81,-1,-1,-1,-1,-1,15357.74519
2024-07-14,58173.09165007836,61420.69,58173.09165007836,60154.155000000006,64580.69255834903,64580.69255834903,60845.29003136426,60845.29003136426,58463.70630558311,58463.70630558311,58362.124444999674,58362.124444999674,58463.70630558311,58463.70630558311,58362.124444999674,58362.124444999674,,,,67300.81,-1,-1,-1,-1,-1,21178.33907
2024-07-15,59163.62332503918,64900,59163.62332503918,62763.58750000001,64580.69255834903,64580.69255834903,60845.29003136426,60845.29003136426,58412.9153752914,58672.623849422096,58412.9153752914,58672.623849422096,58412.9153752914,58672.623849422096,58412.9153752914,58672.623849422096,,,62763.58750000001,,1,1,-1,0,0,38690.9782
2024-07-16,60963.605412519595,65388.97,60963.605412519595,64382.564999999995,64580.69255834903,64580.69255834903,60845.29003136426,60845.29003136426,58542.76961235675,59195.48469209369,58542.76961235675,59195.48469209369,58542.76961235675,59195.48469209369,58542.76961235675,59195.48469209369,,,,,1,1,-1,0,0,42530.52915
2024-07-17,62673.0852062598,66128.63,62673.0852062598,64778.655,64580.69255834903,64580.69255834903,60845.29003136426,60845.29003136426,58869.12715222522,59872.18678854365,58869.12715222522,59872.18678854365,58869.12715222522,59872.18678854365,58869.12715222522,59872.18678854365,,,,,1,1,-1,0,0,29567.52954
2024-07-18,63725.8701031299,65133.3,63238.48,64111.9225,64580.69255834903,64580.69255834903,60845.29003136426,60845.29003136426,59370.656970384436,60559.55499908597,59370.656970384436,60559.55499908597,59370.656970384436,60559.55499908597,59370.656970384436,60559.55499908597,,,,,1,1,-1,0,0,22568.7225
2024-07-19,63918.89630156495,67386,63300.67,65333.64749999999,64580.69255834903,64580.69255834903,60845.29003136426,60845.29003136426,59965.10598473521,61273.68224856619,59965.10598473521,61273.68224856619,59965.10598473521,61273.68224856619,59965.10598473521,61273.68224856619,,,,,1,1,-1,0,0,35634.72739
2024-07-20,64626.27190078247,67598,64626.27190078247,66905.10750000001,64580.69255834903,64580.69255834903,60845.29003136426,60845.29003136426,60619.3941166507,62021.62879404141,60619.3941166507,62021.62879404141,60619.3941166507,62021.62879404141,60619.3941166507,62021.62879404141,,,,,1,1,-1,0,0,14386.92434
2024-07-21,65765.68970039125,68366.66,65765.68970039125,67362.2425,62712.99129485665,62712.99129485665,61637.97597988169,61637.97597988169,61320.51145534606,62796.75422025467,61320.51145534606,62796.75422025467,61320.51145534606,62796.75422025467,61320.51145534606,62796.75422025467,,,,,1,1,-1,0,0,21819.11191
2024-07-22,66563.96610019563,68474.55,66559.97,67682.97,62712.99129485665,62712.99129485665,61637.97597988169,61637.97597988169,62058.63283780036,63560.57806846923,62058.63283780036,63560.57806846923,62058.63283780036,63560.57806846923,62058.63283780036,63560.57806846923,,,,,1,1,-1,0,0,21451.04303
2024-07-23,67123.46805009781,67750.98,65441.08,66665.0175,62712.99129485665,62712.99129485665,61637.97597988169,61637.97597988169,62809.60545313479,64200.10104821871,62809.60545313479,64200.10104821871,62809.60545313479,64200.10104821871,62809.60545313479,64200.10104821871,,,,,1,1,-1,0,0,31406.15316
2024-07-24,66894.24277504892,67102.01,65111,65881.2525,62712.99129485665,62712.99129485665,61637.97597988169,61637.97597988169,63504.85325067675,64680.50290726122,63504.85325067675,64680.50290726122,63504.85325067675,64680.50290726122,63504.85325067675,64680.50290726122,,,,,1,1,-1,0,0,23082.56277
2024-07-25,66387.74763752446,66387.74763752446,63456.7,65202.037500000006,62712.99129485665,62712.99129485665,61637.97597988169,61637.97597988169,64092.67807896899,64964.96202250337,64092.67807896899,64964.96202250337,64092.67807896899,64964.96202250337,64092.67807896899,64964.96202250337,,,,,1,1,-1,0,0,35126.42934
2024-07-26,65794.89256876224,68200,65722.63,66907.6425,62712.99129485665,62712.99129485665,61637.97597988169,61637.97597988169,64528.82005073618,65248.049986921906,64528.82005073618,65248.049986921906,64528.82005073618,65248.049986921906,64528.82005073618,65248.049986921906,,,,,1,1,-1,0,0,24244.36023
2024-07-27,66351.26753438113,69399.99,66351.26753438113,67963.6225,62712.99129485665,62712.99129485665,61637.97597988169,61637.97597988169,64888.43501882905,65581.80098411888,64888.43501882905,65581.80098411888,64888.43501882905,65581.80098411888,64888.43501882905,65581.80098411888,,,,,1,1,-1,0,0,31710.21921
2024-07-28,67157.44501719056,68318.43,67066.66,67882.86499999999,62175.48363736917,63338.40868284504,62175.48363736917,63338.40868284504,65235.118001473966,65917.51136238224,65235.118001473966,65917.51136238224,65235.118001473966,65917.51136238224,65235.118001473966,65917.51136238224,,,,,1,1,1,1,0,10868.69394
2024-07-29,67520.15500859528,70079.99,66428,67885.64,62175.48363736917,63338.40868284504,62175.48363736917,63338.40868284504,65576.31468192811,66257.37041799551,65576.31468192811,66257.37041799551,65576.31468192811,66257.37041799551,65576.31468192811,66257.37041799551,66428,,,63454.7,1,1,1,1,1,36467.29633
2024-07-30,67702.89750429764,67702.89750429764,65302.67,66318.8375,62175.48363736917,63338.40868284504,62175.48363736917,63338.40868284504,65916.84254996182,66460.36732920645,65916.84254996182,66460.36732920645,65916.84254996182,66460.36732920645,65916.84254996182,66460.36732920645,,,,63454.7,1,1,1,1,1,23132.25441
2024-07-31,67010.86750214882,67010.86750214882,64530,65548.81,62175.48363736917,63338.40868284504,62175.48363736917,63338.40868284504,66188.60493958414,66516.41201415981,66188.60493958414,66516.41201415981,66188.60493958414,66516.41201415981,66188.60493958414,66516.41201415981,,,,63454.7,1,1,1,1,1,22625.43905
2024-08-01,66279.8387510744,66279.8387510744,62302,64485.9525,62175.48363736917,63338.40868284504,62175.48363736917,63338.40868284504,66352.50847687198,66393.27691037158,66352.50847687198,66393.27691037158,66352.50847687198,66393.27691037158,66352.50847687198,66393.27691037158,,,,63454.7,1,1,1,1,1,35542.26854
2024-08-02,65382.8956255372,65596.14,61230.01,63419.625,62175.48363736917,63338.40868284504,62175.48363736917,63338.40868284504,66372.89269362179,66372.89269362179,66114.82637269377,66114.82637269377,66372.89269362179,66372.89269362179,66114.82637269377,66114.82637269377,,,63419.625,,-1,-1,1,0,0,38820.42937
2024-08-03,64401.2603127686,64401.2603127686,59850,61061.1375,62175.48363736917,63338.40868284504,62175.48363736917,63338.40868284504,66243.85953315778,66243.85953315778,65657.20173588328,65657.20173588328,66243.85953315778,66243.85953315778,65657.20173588328,65657.20173588328,,,,,-1,-1,1,0,0,28034.71567
2024-08-04,62731.1989063843,62731.1989063843,57122.77,59274.847499999996,62756.9461601071,63749.32463240093,62756.9461601071,63749.32463240093,65950.53063452053,65950.53063452053,64982.11486913251,64982.11486913251,65950.53063452053,65950.53063452053,64982.11486913251,64982.11486913251,,,,,-1,-1,1,0,0,31616.52003
2024-08-05,61003.02320319215,61003.02320319215,49000,54871.35,62756.9461601071,63749.32463240093,62756.9461601071,63749.32463240093,65466.32275182652,65466.32275182652,63910.3840408678,63910.3840408678,65466.32275182652,65466.32275182652,63910.3840408678,63910.3840408678,,,,,-1,-1,1,0,0,162065.59186
2024-08-06,57937.18660159607,57937.18660159607,53950,55257.955,62756.9461601071,63749.32463240093,62756.9461601071,63749.32463240093,64688.353396347164,64688.353396347164,62731.14947744918,62731.14947744918,64688.353396347164,64688.353396347164,62731.14947744918,62731.14947744918,,,,,-1,-1,1,0,0,55884.77676
2024-08-07,56597.570800798036,57736.05,54558.62,55862.707500000004,62756.9461601071,63749.32463240093,62756.9461601071,63749.32463240093,63709.75143689817,63709.75143689817,61599.29224543163,61599.29224543163,63709.75143689817,63709.75143689817,61599.29224543163,61599.29224543163,,,,,-1,-1,1,0,0,44269.37684
2024-08-08,56230.139150399016,62745.14,54730,58573.722499999996,62756.9461601071,63749.32463240093,62756.9461601071,63749.32463240093,62654.521841164904,62654.521841164904,60757.35515201616,60757.35515201616,62654.521841164904,62654.521841164904,60757.35515201616,60757.35515201616,,,,,-1,-1,1,0,0,48349.52949
2024-08-09,57401.93082519951,61744.37,57401.93082519951,60950.84,62756.9461601071,63749.32463240093,62756.9461601071,63749.32463240093,61705.938496590534,61705.938496590534,60241.554531585265,60241.554531585265,61705.938496590534,61705.938496590534,60241.554531585265,60241.554531585265,,,,,-1,-1,1,0,0,30972.48017
2024-08-10,59176.38541259975,61470.58,59176.38541259975,60868.520000000004,62756.9461601071,63749.32463240093,62756.9461601071,63749.32463240093,60973.7465140879,60973.7465140879,59994.75096869214,59994.75096869214,60973.7465140879,60973.7465140879,59994.75096869214,59994.75096869214,,,,,-1,-1,1,0,0,9995.20621
2024-08-11,60022.45270629988,61858,58286.73,59945.207500000004,63253.135396254016,63253.135396254016,61495.65635399782,61495.65635399782,60484.24874139002,60484.24874139002,59882.540113376046,59882.540113376046,60484.24874139002,60484.24874139002,59882.540113376046,59882.540113376046,,,,,-1,-1,-1,-1,0,19189.84512
2024-08-12,59983.83010314994,60711.09,57642.21,59103.13249999999,63253.135396254016,63253.135396254016,61495.65635399782,61495.65635399782,60183.394427383035,60183.394427383035,59783.732873109555,59783.732873109555,60183.394427383035,60183.394427383035,59783.732873109555,59783.732873109555,,60711.09,,64403.2603127686,-1,-1,-1,-1,-1,37009.91743
2024-08-13,59543.48130157497,61578.1,58392.88,59976.1925,63253.135396254016,63253.135396254016,61495.65635399782,61495.65635399782,59983.563650246295,59983.563650246295,59745.527767854896,59745.527767854896,59983.563650246295,59983.563650246295,59745.527767854896,59745.527767854896,,,,64403.2603127686,-1,-1,-1,-1,-1,27858.95851
2024-08-14,59759.836900787486,61800,58433.18,59875.932499999995,63253.135396254016,63253.135396254016,61495.65635399782,61495.65635399782,59864.545709050595,59864.545709050595,59747.406237166455,59747.406237166455,59864.545709050595,59864.545709050595,59747.406237166455,59747.406237166455,,,,64403.2603127686,-1,-1,-1,-1,-1,28422.76326
2024-08-15,59817.88470039374,59849.38,56078.54,58038.0925,63253.135396254016,63253.135396254016,61495.65635399782,61495.65635399782,59805.97597310852,59805.97597310852,59632.600017328026,59632.600017328026,59805.97597310852,59805.97597310852,59632.600017328026,59632.600017328026,,,,64403.2603127686,-1,-1,-1,-1,-1,37686.17622
2024-08-16,58927.98860019687,59817.76,57098.62,58333.0075,63253.135396254016,63253.135396254016,61495.65635399782,61495.65635399782,59719.28799521827,59719.28799521827,59482.28991542308,59482.28991542308,59719.28799521827,59719.28799521827,59482.28991542308,59482.28991542308,,,,64403.2603127686,-1,-1,-1,-1,-1,27610.84344
2024-08-17,58630.49805009844,59700,58630.49805009844,59212.9075,63253.135396254016,63253.135396254016,61495.65635399782,61495.65635399782,59600.78895532068,59600.78895532068,59373.13951094532,59373.13951094532,59600.78895532068,59600.78895532068,59373.13951094532,59373.13951094532,,,,64403.2603127686,-1,-1,-1,-1,-1,7721.72931
2024-08-18,58921.70277504922,60284.99,58408.92,59153.3125,62374.39587512592,62374.39587512592,60274.69845946566,60274.69845946566,59486.964233132996,59486.964233132996,59306.12192732832,59306.12192732832,59486.964233132996,59486.964233132996,59306.12192732832,59306.12192732832,,,,64403.2603127686,-1,-1,-1,-1,-1,13634.85717
2024-08-19,59037.50763752461,59617.63,57787.3,58817.695,62374.39587512592,62374.39587512592,60274.69845946566,60274.69845946566,59396.54308023066,59396.54308023066,59231.19472004508,59231.19472004508,59396.54308023066,59396.54308023066,59231.19472004508,59231.19472004508,,,,64403.2603127686,-1,-1,-1,-1,-1,22809.31251
2024-08-20,58927.6013187623,61400,58548.23,59600.13250000001,62374.39587512592,62374.39587512592,60274.69845946566,60274.69845946566,59313.86890013787,59313.86890013787,59230.69946639251,59230.69946639251,59313.86890013787,59313.86890013787,59230.69946639251,59230.69946639251,,,,64403.2603127686,-1,-1,-1,-1,-1,31477.44548
2024-08-21,59263.866909381155,61820.93,58783.47,60193.5575,62374.39587512592,62374.39587512592,60274.69845946566,60274.69845946566,59272.28418326519,59300.22449343933,59272.28418326519,59300.22449343933,59272.28418326519,59300.22449343933,59272.28418326519,59300.22449343933,,,60193.5575,,1,1,-1,0,0,27983.6422
2024-08-22,59728.71220469058,61400,59724.87,60664.185,62374.39587512592,62374.39587512592,60274.69845946566,60274.69845946566,59286.25433835226,59428.59993341525,59286.25433835226,59428.59993341525,59286.25433835226,59428.59993341525,59286.25433835226,59428.59993341525,,,,,1,1,-1,0,0,21241.20588
2024-08-23,60196.44860234529,64955,60196.44860234529,62427.5525,62374.39587512592,62374.39587512592,60274.69845946566,60274.69845946566,59357.42713588376,59712.08736031578,59357.42713588376,59712.08736031578,59357.42713588376,59712.08736031578,59357.42713588376,59712.08736031578,,,,,1,1,-1,0,0,38118.07089
2024-08-24,61312.00055117265,64494.5,61312.00055117265,64054.9375,62374.39587512592,62374.39587512592,60274.69845946566,60274.69845946566,59534.75724809977,60118.27236311563,59534.75724809977,60118.27236311563,59534.75724809977,60118.27236311563,59534.75724809977,60118.27236311563,,,,,1,1,-1,0,0,15857.15616
2024-08-25,62683.469025586324,65000,62683.469025586324,64287.572499999995,61324.547167295794,61324.547167295794,60442.56258051096,60442.56258051096,59826.5148056077,60622.96805550468,59826.5148056077,60622.96805550468,59826.5148056077,60622.96805550468,59826.5148056077,60622.96805550468,,,,,1,1,-1,0,0,12305.47977
2024-08-26,63485.52076279316,64481,62800,63583.7475,61324.547167295794,61324.547167295794,60442.56258051096,60442.56258051096,60224.74143055619,61122.01262397011,60224.74143055619,61122.01262397011,60224.74143055619,61122.01262397011,60224.74143055619,61122.01262397011,,,,,1,1,-1,0,0,19470.05276
2024-08-27,63534.63413139658,63534.63413139658,58034.01,60873.7525,61324.547167295794,61324.547167295794,60442.56258051096,60442.56258051096,60673.37702726315,61387.98853962982,60673.37702726315,61387.98853962982,60673.37702726315,61387.98853962982,60673.37702726315,61387.98853962982,,,,,1,1,-1,0,0,35135.94178
2024-08-28,62204.19331569829,62204.19331569829,57860,59136.22,61324.547167295794,61324.547167295794,60442.56258051096,60442.56258051096,61030.682783446486,61419.94735522385,61030.682783446486,61419.94735522385,61030.682783446486,61419.94735522385,61030.682783446486,61419.94735522385,,,,,1,1,-1,0,0,36868.54275
2024-08-29,60670.20665784915,61166.99,58713.09,59568.4975,61324.547167295794,61324.547167295794,60442.56258051096,60442.56258051096,61225.31506933516,61311.283574433364,61225.31506933516,61311.283574433364,61225.31506933516,61311.283574433364,61225.31506933516,61311.283574433364,,,,,1,1,-1,0,0,27020.90743
2024-08-30,60119.352078924574,60119.352078924574,57701.1,59032.04,61324.547167295794,61324.547167295794,60442.56258051096,60442.56258051096,61268.29932188426,61268.29932188426,61076.72291806704,61076.72291806704,61268.29932188426,61268.29932188426,61076.72291806704,61076.72291806704,,,,,-1,-1,-1,-1,0,28519.32195
2024-08-31,59575.69603946229,59575.69603946229,58744,59076.09,61324.547167295794,61324.547167295794,60442.56258051096,60442.56258051096,61172.51111997565,61172.51111997565,60804.25217635512,60804.25217635512,61172.51111997565,61172.51111997565,60804.25217635512,60804.25217635512,,59575.69603946229,,65002,-1,-1,-1,-1,-1,8798.409
2024-09-01,59325.89301973114,59325.89301973114,57201,58138.3625,60883.55487390338,60883.55487390338,60598.36154827793,60598.36154827793,60988.381648165385,60988.381648165385,60472.080048757154,60472.080048757154,60988.381648165385,60988.381648165385,60472.080048757154,60472.080048757154,,,,65002,-1,-1,-1,-1,-1,20705.15741
2024-09-02,58732.12775986557,59425.69,57128,58246.8975,60883.55487390338,60883.55487390338,60598.36154827793,60598.36154827793,60730.230848461266,60730.230848461266,60131.38627954115,60131.38627954115,60730.230848461266,60730.230848461266,60131.38627954115,60131.38627954115,,,,65002,-1,-1,-1,-1,-1,22895.01461
2024-09-03,58489.51262993278,59809.65,57415,58461.12500000001,60883.55487390338,60883.55487390338,60598.36154827793,60598.36154827793,60430.80856400121,60430.80856400121,59831.279020835194,59831.279020835194,60430.80856400121,60430.80856400121,59831.279020835194,59831.279020835194,,,,65002,-1,-1,-1,-1,-1,22828.18447
2024-09-04,58475.31881496639,58519,55606,57395.909999999996,60883.55487390338,60883.55487390338,60598.36154827793,60598.36154827793,60131.0437924182,60131.0437924182,59483.92036080854,59483.92036080854,60131.0437924182,60131.0437924182,59483.92036080854,59483.92036080854,,,,65002,-1,-1,-1,-1,-1,35560.82146
2024-09-05,57935.6144074832,58327.07,55643.65,57030.405,60883.55487390338,60883.55487390338,60598.36154827793,60598.36154827793,59807.48207661337,59807.48207661337,59121.843163112746,59121.843163112746,59807.48207661337,59807.48207661337,59121.843163112746,59121.843163112746,,,,65002,-1,-1,-1,-1,-1,27806.91413
2024-09-06,57483.0097037416,57483.0097037416,52550,54925.2425,60883.55487390338,60883.55487390338,60598.36154827793,60598.36154827793,59464.66261986306,59464.66261986306,58640.73800985543,58640.73800985543,59464.66261986306,59464.66261986306,58640.73800985543,58640.73800985543,,,,65002,-1,-1,-1,-1,-1,54447.76826
2024-09-07,56204.1261018708,56204.1261018708,53745.54,54179.8425,60883.55487390338,60883.55487390338,60598.36154827793,60598.36154827793,59052.70031485924,59052.70031485924,58100.015219764675,58100.015219764675,59052.70031485924,59052.70031485924,58100.015219764675,58100.015219764675,,,,65002,-1,-1,-1,-1,-1,16694.04774
2024-09-08,55191.9843009354,55318,53629.01,54494.455,60740.95821109065,60740.95821109065,59239.22512445087,59239.22512445087,58576.35776731196,58576.35776731196,57541.75321598625,57541.75321598625,58576.35776731196,58576.35776731196,57541.75321598625,57541.75321598625,,,,65002,-1,-1,-1,-1,-1,16274.14779
2024-09-09,54843.2196504677,58088,54591.96,56147.9775,60740.95821109065,60740.95821109065,59239.22512445087,59239.22512445087,58059.0554916491,58059.0554916491,57136.87859836793,57136.87859836793,58059.0554916491,58059.0554916491,57136.87859836793,57136.87859836793,,,,65002,-1,-1,-1,-1,-1,32384.51737
2024-09-10,55495.598575233846,58044.36,55495.598575233846,57277.189999999995,60740.95821109065,60740.95821109065,59239.22512445087,59239.22512445087,57597.96704500852,57597.96704500852,56898.27561585708,56898.27561585708,57597.96704500852,57597.96704500852,56898.27561585708,56898.27561585708,,,,65002,-1,-1,-1,-1,-1,23626.78126
2024-09-11,56386.39428761692,57981.71,55545.19,57125.2225,60740.95821109065,60740.95821109065,59239.22512445087,59239.22512445087,57248.1213304328,57248.1213304328,56774.603431222866,56774.603431222866,57248.1213304328,57248.1213304328,56774.603431222866,56774.603431222866,,,,65002,-1,-1,-1,-1,-1,33026.56757
2024-09-12,56755.80839380846,58588,56755.80839380846,57845.58,60740.95821109065,60740.95821109065,59239.22512445087,59239.22512445087,57011.362380827835,57011.362380827835,56780.15159089858,56780.15159089858,57011.362380827835,57011.362380827835,56780.15159089858,56780.15159089858,,,,65002,-1,-1,-1,-1,-1,31074.40631
2024-09-13,57300.69419690423,60625,57300.69419690423,59221.9825,60740.95821109065,60740.95821109065,59239.22512445087,59239.22512445087,56895.756985863205,56945.579943863115,56895.756985863205,56945.579943863115,56895.756985863205,56945.579943863115,56895.756985863205,56945.579943863115,,,59221.9825,,1,1,-1,0,0,29825.23333
2024-09-14,58261.33834845212,60610.45,58261.33834845212,60125.3675,60740.95821109065,60740.95821109065,59239.22512445087,59239.22512445087,56920.66846486316,57233.36149572327,56920.66846486316,57233.36149572327,56920.66846486316,57233.36149572327,56920.66846486316,57233.36149572327,,,,,1,1,-1,0,0,12137.90901
2024-09-15,59193.352924226056,60395.8,58691.05,59552.9675,59990.09166777076,59990.09166777076,58417.30468623918,58417.30468623918,57077.014980293214,57565.43120750985,57077.014980293214,57565.43120750985,57077.014980293214,57565.43120750985,57077.014980293214,57565.43120750985,,,,,1,1,-1,0,0,13757.92361
2024-09-16,59373.16021211303,59373.16021211303,57493.3,58512.4975,59990.09166777076,59990.09166777076,58417.30468623918,58417.30468623918,57321.223093901535,57820.1835862144,57321.223093901535,57820.1835862144,57321.223093901535,57820.1835862144,57321.223093901535,57820.1835862144,,,,,1,1,-1,0,0,26477.5642
2024-09-17,58942.82885605651,61320,57610.01,59364.4975,59990.09166777076,59990.09166777076,58417.30468623918,58417.30468623918,57570.703340057975,58071.436963192056,57570.703340057975,58071.436963192056,57570.703340057975,58071.436963192056,57570.703340057975,58071.436963192056,,,,,1,1,-1,0,0,33116.25878
2024-09-18,59153.663178028255,61786.24,59153.663178028255,60758.755,59990.09166777076,59990.09166777076,58417.30468623918,58417.30468623918,57821.07015162502,58379.05683918804,57821.07015162502,58379.05683918804,57821.07015162502,58379.05683918804,57821.07015162502,58379.05683918804,,,,,1,1,-1,0,0,36087.02469
2024-09-19,59956.209089014126,63850,59956.209089014126,62528.2425,59990.09166777076,59990.09166777076,58417.30468623918,58417.30468623918,58100.06349540653,58806.489077347855,58100.06349540653,58806.489077347855,58100.06349540653,58806.489077347855,58100.06349540653,58806.489077347855,,,,,1,1,-1,0,0,34332.52608
2024-09-20,61242.22579450706,64133.32,61242.22579450706,63158.0925,59990.09166777076,59990.09166777076,58417.30468623918,58417.30468623918,58453.27628637719,59329.288739147385,58453.27628637719,59329.288739147385,58453.27628637719,59329.288739147385,58453.27628637719,59329.288739147385,,,,,1,1,-1,0,0,25466.37794
2024-09-21,62200.15914725353,63559.9,62200.15914725353,63216.9775,59990.09166777076,59990.09166777076,58417.30468623918,58417.30468623918,58891.28251276229,59881.26282216311,58891.28251276229,59881.26282216311,58891.28251276229,59881.26282216311,58891.28251276229,59881.26282216311,,,,,1,1,-1,0,0,8375.34608
2024-09-22,62708.568323626765,64000,62357.93,63321.415,59203.69817700497,59203.69817700497,59091.82938687187,59091.82938687187,59386.272667462705,60424.69210612543,59386.272667462705,60424.69210612543,59386.272667462705,60424.69210612543,59386.272667462705,60424.69210612543,,,,,1,1,-1,0,0,14242.19892
2024-09-23,63014.99166181339,64745.88,62538.75,63550.845,59203.69817700497,59203.69817700497,59091.82938687187,59091.82938687187,59905.48238679407,60948.33017724811,59905.48238679407,60948.33017724811,59905.48238679407,60948.33017724811,59905.48238679407,60948.33017724811,,,,,1,1,-1,0,0,24078.05287
2024-09-24,63282.918330906694,64688,62700,63747.6725,59203.69817700497,59203.69817700497,59091.82938687187,59091.82938687187,60426.9062820211,61428.811724259016,60426.9062820211,61428.811724259016,60426.9062820211,61428.811724259016,60426.9062820211,61428.811724259016,,,,,1,1,-1,0,0,23185.04759
2024-09-25,63515.29541545335,64817.99,62947.08,63794.94500000001,59203.69817700497,59203.69817700497,59091.82938687187,59091.82938687187,60927.85900314005,61861.03785771782,60927.85900314005,61861.03785771782,60927.85900314005,61861.03785771782,60927.85900314005,61861.03785771782,,,,,1,1,-1,0,0,17813.11168
2024-09-26,63655.12020772668,65839,62670,64208.75,59203.69817700497,59203.69817700497,59091.82938687187,59091.82938687187,61394.448430428936,62261.15935948427,61394.448430428936,62261.15935948427,61394.448430428936,62261.15935948427,61394.448430428936,62261.15935948427,,,,,1,1,-1,0,0,28373.30593
2024-09-27,63931.93510386334,66498,63931.93510386334,65565.45999999999,59203.69817700497,59203.69817700497,59091.82938687187,59091.82938687187,61827.8038949566,62689.72034408172,61827.8038949566,62689.72034408172,61827.8038949566,62689.72034408172,61827.8038949566,62689.72034408172,,,,,1,1,-1,0,0,22048.80487
2024-09-28,64748.69755193166,66260,64748.69755193166,65827.54500000001,59203.69817700497,59203.69817700497,59091.82938687187,59091.82938687187,62258.76211951916,63130.294553061336,62258.76211951916,63130.294553061336,62258.76211951916,63130.294553061336,62258.76211951916,63130.294553061336,,,,,1,1,-1,0,0,9127.23316
2024-09-29,65288.12127596584,66076.12,65288.12127596584,65742.0325,59147.76378193842,60680.1436804283,59147.76378193842,60680.1436804283,62694.52833629025,63555.300669244854,62694.52833629025,63555.300669244854,62694.52833629025,63555.300669244854,62694.52833629025,63555.300669244854,,,,,1,1,1,1,0,8337.74111
2024-09-30,65515.07688798292,65618.8,62856.3,64351.174999999996,59147.76378193842,60680.1436804283,59147.76378193842,60680.1436804283,63124.91450276755,63845.1957281528,63124.91450276755,63845.1957281528,63124.91450276755,63845.1957281528,63124.91450276755,63845.1957281528,62856.3,,,62198.15914725353,1,1,1,1,1,30011.08752
2024-10-01,64933.12594399146,64933.12594399146,60164,62107.002499999995,59147.76378193842,60680.1436804283,59147.76378193842,60680.1436804283,63485.05511546017,63908.4016773181,63485.05511546017,63908.4016773181,63485.05511546017,63908.4016773181,63485.05511546017,63908.4016773181,,,62107.002499999995,,1,1,1,1,0,43671.48108
2024-10-02,63520.06422199572,63520.06422199572,60000,60961.127499999995,59147.76378193842,60680.1436804283,59147.76378193842,60680.1436804283,63696.72839638913,63768.28999214455,63696.72839638913,63768.28999214455,63696.72839638913,63768.28999214455,63696.72839638913,63768.28999214455,,,,,1,1,1,1,0,31534.70118
2024-10-03,62240.595860997855,62240.595860997855,59828.11,60676.82,59147.76378193842,60680.1436804283,59147.76378193842,60680.1436804283,63732.50919426684,63732.50919426684,63478.74813358395,63478.74813358395,63732.50919426684,63732.50919426684,63478.74813358395,63478.74813358395,,,,,-1,-1,1,0,0,26221.43472
2024-10-04,61458.70793049893,62484.85,60459.9,61445.8675,59147.76378193842,60680.1436804283,59147.76378193842,60680.1436804283,63605.628663925396,63605.628663925396,63164.39155283707,63164.39155283707,63605.628663925396,63605.628663925396,63164.39155283707,63164.39155283707,,,,,-1,-1,1,0,0,21294.65994
2024-10-05,61452.28771524946,62370.56,61452.28771524946,62050.955,59147.76378193842,60680.1436804283,59147.76378193842,60680.1436804283,63385.01010838123,63385.01010838123,62899.214575580765,62899.214575580765,63385.01010838123,63385.01010838123,62899.214575580765,62899.214575580765,,,,,-1,-1,1,0,0,7807.46141
2024-10-06,61751.62135762473,62975,61751.62135762473,62412.9725,59913.953731183356,61768.2389519904,59913.953731183356,61768.2389519904,63142.112341981,63142.112341981,62715.33991759285,62715.33991759285,63142.112341981,63142.112341981,62715.33991759285,62715.33991759285,,,,,-1,-1,1,0,0,8906.86177
2024-10-07,62082.29692881237,64478.19,62082.29692881237,62912.525,59913.953731183356,61768.2389519904,59913.953731183356,61768.2389519904,62928.726129786926,62928.726129786926,62644.95283691523,62644.95283691523,62928.726129786926,62928.726129786926,62644.95283691523,62644.95283691523,,,,,-1,-1,1,0,0,25966.1852
2024-10-08,62497.41096440618,63200,61860.31,62361.2025,59913.953731183356,61768.2389519904,59913.953731183356,61768.2389519904,62786.83948335108,62786.83948335108,62597.41913519335,62597.41913519335,62786.83948335108,62786.83948335108,62597.41913519335,62597.41913519335,,,,,-1,-1,1,0,0,19702.22371
2024-10-09,62429.30673220309,62543.75,60301,61410.3175,59913.953731183356,61768.2389519904,59913.953731183356,61768.2389519904,62692.12930927222,62692.12930927222,62492.8966897549,62492.8966897549,62692.12930927222,62692.12930927222,62492.8966897549,62492.8966897549,,,,,-1,-1,1,0,0,20011.15684
2024-10-10,61919.812116101544,61919.812116101544,58946,60307.520000000004,59913.953731183356,61768.2389519904,59913.953731183356,61768.2389519904,62592.512999513565,62592.512999513565,62291.2652701766,62291.2652701766,62592.512999513565,62592.512999513565,62291.2652701766,62291.2652701766,,,,,-1,-1,1,0,0,23967.92481
2024-10-11,61113.666058050774,63417.56,60087.64,61592.899999999994,59913.953731183356,61768.2389519904,59913.953731183356,61768.2389519904,62441.889134845085,62441.889134845085,62131.541829425485,62131.541829425485,62441.889134845085,62441.889134845085,62131.541829425485,62131.541829425485,,,,,-1,-1,1,0,0,23641.35209
2024-10-12,61353.283029025384,63480,61353.283029025384,62928.36,59913.953731183356,61768.2389519904,59913.953731183356,61768.2389519904,62286.71548213529,62286.71548213529,62070.08775130494,62070.08775130494,62286.71548213529,62286.71548213529,62070.08775130494,62070.08775130494,,,,,-1,-1,1,0,0,10911.30116
2024-10-13,62140.82151451269,63285.72,62050,62852.9925,60841.09634158688,62041.23488529133,60841.09634158688,62041.23488529133,62178.40161672012,62178.40161672012,62086.946581721866,62086.946581721866,62178.40161672012,62178.40161672012,62086.946581721866,62086.946581721866,,,,,-1,-1,1,0,0,11909.21995
2024-10-14,62496.90700725635,66500,62457.81,64477.955,60841.09634158688,62041.23488529133,60841.09634158688,62041.23488529133,62132.674099220996,62263.36705103574,62132.674099220996,62263.36705103574,62132.674099220996,62263.36705103574,62132.674099220996,62263.36705103574,,,,,1,1,1,1,0,37669.95222
2024-10-15,63487.431003628175,67950,63487.431003628175,66477.0375,60841.09634158688,62041.23488529133,60841.09634158688,62041.23488529133,62198.020575128365,62620.10618789584,62198.020575128365,62620.10618789584,62198.020575128365,62620.10618789584,62198.020575128365,62620.10618789584,63487.431003628175,,,58944,1,1,1,1,1,43683.95423
2024-10-16,64982.234251814094,68424,64982.234251814094,67467.16,60841.09634158688,62041.23488529133,60841.09634158688,62041.23488529133,62409.063381512104,63128.255646253776,62409.063381512104,63128.255646253776,62409.063381512104,63128.255646253776,62409.063381512104,63128.255646253776,,,,58944,1,1,1,1,1,29938.25544
2024-10-17,66224.69712590706,67939.4,66224.69712590706,67411.795,60841.09634158688,62041.23488529133,60841.09634158688,62041.23488529133,62768.659513882936,63705.11576386079,62768.659513882936,63705.11576386079,62768.659513882936,63705.11576386079,62768.659513882936,63705.11576386079,,,,58944,1,1,1,1,1,25328.22861
2024-10-18,66818.24606295352,69000,66818.24606295352,68010.535,60841.09634158688,62041.23488529133,60841.09634158688,62041.23488529133,63236.88763887186,64326.018575865484,63236.88763887186,64326.018575865484,63236.88763887186,64326.018575865484,63236.88763887186,64326.018575865484,,,,58944,1,1,1,1,1,28725.635
2024-10-19,67414.39053147676,68693.26,67414.39053147676,68377.3125,60841.09634158688,62041.23488529133,60841.09634158688,62041.23488529133,63781.453107368674,64940.112760567485,63781.453107368674,64940.112760567485,63781.453107368674,64940.112760567485,63781.453107368674,64940.112760567485,,,,58944,1,1,1,1,1,8193.66737
2024-10-20,67895.85151573838,69400,67895.85151573838,68727.495,61441.1656134391,63420.63914753461,61441.1656134391,63420.63914753461,64360.78293396808,65541.32886874412,64360.78293396808,65541.32886874412,64360.78293396808,65541.32886874412,64360.78293396808,65541.32886874412,,,,58944,1,1,1,1,1,12442.47378
2024-10-21,68311.67325786919,69519.52,66840.67,68192.4225,61441.1656134391,63420.63914753461,61441.1656134391,63420.63914753461,64951.05590135611,66059.65128106861,64951.05590135611,66059.65128106861,64951.05590135611,66059.65128106861,64951.05590135611,66059.65128106861,,,,58944,1,1,1,1,1,31374.42184
2024-10-22,68252.0478789346,68252.0478789346,66571.42,67302.7325,61441.1656134391,63420.63914753461,61441.1656134391,63420.63914753461,65505.35359121236,66437.97158756659,65505.35359121236,66437.97158756659,65505.35359121236,66437.97158756659,65505.35359121236,66437.97158756659,,,,58944,1,1,1,1,1,24598.96268
2024-10-23,67777.39018946729,67777.39018946729,65260,66706.8725,61441.1656134391,63420.63914753461,61441.1656134391,63420.63914753461,65971.66258938948,66653.84920901383,65971.66258938948,66653.84920901383,65971.66258938948,66653.84920901383,65971.66258938948,66653.84920901383,,,,58944,1,1,1,1,1,25530.2407
2024-10-24,67242.13134473364,68850,66510,67556.7325,61441.1656134391,63420.63914753461,61441.1656134391,63420.63914753461,66312.75589920166,66833.3358103265,66312.75589920166,66833.3358103265,66312.75589920166,66833.3358103265,66312.75589920166,66833.3358103265,,,,58944,1,1,1,1,1,22589.83877
2024-10-25,67399.43192236681,68771.49,65596.29,67316.095,61441.1656134391,63420.63914753461,61441.1656134391,63420.63914753461,66573.04585476407,66955.98430607378,66573.04585476407,66955.98430607378,66573.04585476407,66955.98430607378,66573.04585476407,66955.98430607378,,,,58944,1,1,1,1,1,34479.71125
2024-10-26,67357.76346118341,67454.55,66439.9,66921.38249999999,61441.1656134391,63420.63914753461,61441.1656134391,63420.63914753461,66764.51508041892,67020.9904649089,66764.51508041892,67020.9904649089,66764.51508041892,67020.9904649089,66764.51508041892,67020.9904649089,,,,58944,1,1,1,1,1,11842.9077
2024-10-27,67139.5729805917,68332.05,66913.73,67590.06,62430.90238048685,64934.35521866336,62430.90238048685,64934.35521866336,66892.75277266391,67093.35891949765,66892.75277266391,67093.35891949765,66892.75277266391,67093.35891949765,66892.75277266391,67093.35891949765,,,,58944,1,1,1,1,1,8653.19592
2024-10-28,67364.81649029585,70270,67364.81649029585,68967.975,62430.90238048685,64934.35521866336,62430.90238048685,64934.35521866336,66993.05584608078,67251.4458050302,66993.05584608078,67251.4458050302,66993.05584608078,67251.4458050302,66993.05584608078,67251.4458050302,,,,58944,1,1,1,1,1,29046.75459
2024-10-29,68166.39574514792,73620.12,68166.39574514792,71519.6875,62430.90238048685,64934.35521866336,62430.90238048685,64934.35521866336,67122.25082555549,67602.26003539373,67122.25082555549,67602.26003539373,67122.25082555549,67602.26003539373,67122.25082555549,67602.26003539373,,,,58944,1,1,1,1,1,50128.60594
2024-10-30,69843.04162257396,72961,69843.04162257396,72369.5375,62430.90238048685,64934.35521866336,62430.90238048685,64934.35521866336,67362.2554304746,68090.58624519833,67362.2554304746,68090.58624519833,67362.2554304746,68090.58624519833,67362.2554304746,68090.58624519833,,,,58944,1,1,1,1,1,26885.99056
2024-10-31,71106.28956128698,72700,69685.76,71255.63,62430.90238048685,64934.35521866336,62430.90238048685,64934.35521866336,67726.42083783646,68593.70146711811,67726.42083783646,68593.70146711811,67726.42083783646,68593.70146711811,67726.42083783646,68593.70146711811,,,,58944,1,1,1,1,1,29352.10297
2024-11-01,71180.95978064349,71632.95,68820.14,70060.2775,62430.90238048685,64934.35521866336,62430.90238048685,64934.35521866336,68160.06115247728,68991.14460206225,68160.06115247728,68991.14460206225,68160.06115247728,68991.14460206225,68160.06115247728,68991.14460206225,,,,58944,1,1,1,1,1,38301.86755
2024-11-02,70620.61864032174,70620.61864032174,69000.14,69446.3125,62430.90238048685,64934.35521866336,62430.90238048685,64934.35521866336,68575.60287726978,69259.35387331161,68575.60287726978,69259.35387331161,68575.60287726978,69259.35387331161,68575.60287726978,69259.35387331161,,,,58944,1,1,1,1,1,10521.67243
2024-11-03,70033.46557016087,70033.46557016087,67478.73,68755.11499999999,63682.628799575104,66829.15951649695,63682.628799575104,66829.15951649695,68917.47837529071,69368.14843649633,68917.47837529071,69368.14843649633,68917.47837529071,69368.14843649633,68917.47837529071,69368.14843649633,,,,58944,1,1,1,1,1,24995.70243
2024-11-04,69394.29028508044,69500,66835,68240.25,63682.628799575104,66829.15951649695,63682.628799575104,66829.15951649695,69142.81340589352,69341.07360018464,69142.81340589352,69341.07360018464,69142.81340589352,69341.07360018464,69142.81340589352,69341.07360018464,,,,58944,1,1,1,1,1,29800.39187
2024-11-05,68817.27014254022,70577.91,67476.63,68819.14,63682.628799575104,66829.15951649695,63682.628799575104,66829.15951649695,69241.94350303909,69291.25324861256,69241.94350303909,69291.25324861256,69241.94350303909,69291.25324861256,69241.94350303909,69291.25324861256,,,,58944,1,1,1,1,1,33355.06888
2024-11-06,68818.20507127012,76400,68818.20507127012,72660.5,63682.628799575104,66829.15951649695,63682.628799575104,66829.15951649695,69266.59837582582,69479.82368783647,69266.59837582582,69479.82368783647,69266.59837582582,69479.82368783647,69266.59837582582,69479.82368783647,,,,58944,1,1,1,1,1,104126.994787
2024-11-07,70739.35253563506,76849.99,70739.35253563506,75673.9675,63682.628799575104,66829.15951649695,63682.628799575104,66829.15951649695,69373.21103183115,69925.23139991706,69373.21103183115,69925.23139991706,69373.21103183115,69925.23139991706,69373.21103183115,69925.23139991706,,,,66833,1,1,1,1,1,44869.422345
2024-11-08,73206.66001781753,77199.99,73206.66001781753,76280.66500000001,63682.628799575104,66829.15951649695,63682.628799575104,66829.15951649695,69649.2212158741,70581.8227641317,69649.2212158741,70581.8227641317,69649.2212158741,70581.8227641317,69649.2212158741,70581.8227641317,,,,66833,1,1,1,1,1,36521.099583
2024-11-09,74743.66250890878,76900,74743.66250890878,76450.475,63682.628799575104,66829.15951649695,63682.628799575104,66829.15951649695,70115.5219900029,71344.02115546056,70115.5219900029,71344.02115546056,70115.5219900029,71344.02115546056,70115.5219900029,71344.02115546056,,,,66833,1,1,1,1,1,16942.07915
2024-11-10,75597.06875445439,81500,75597.06875445439,78759.86750000001,65255.894158036026,69614.28787514723,65255.894158036026,69614.28787514723,70729.77157273173,72279.22308001551,70729.77157273173,72279.22308001551,70729.77157273173,72279.22308001551,70729.77157273173,72279.22308001551,,,,67474.63,1,1,1,1,1,61830.100435
2024-11-11,77178.4681272272,89530.54,77178.4681272272,84691.1375,65255.894158036026,69614.28787514723,65255.894158036026,69614.28787514723,71504.49732637362,73592.57778779432,71504.49732637362,73592.57778779432,71504.49732637362,73592.57778779432,71504.49732637362,73592.57778779432,,,,68816.20507127012,1,1,1,1,1,82323.665776
2024-11-12,80934.8028136136,89940,80934.8028136136,87903.0025,65255.894158036026,69614.28787514723,65255.894158036026,69614.28787514723,72548.53755708397,75213.0832508922,72548.53755708397,75213.0832508922,72548.53755708397,75213.0832508922,72548.53755708397,75213.0832508922,,,,70737.35253563506,1,1,1,1,1,97299.887911
2024-11-13,84418.90265680681,93265.64,84418.90265680681,89430.2075,65255.894158036026,69614.28787514723,65255.894158036026,69614.28787514723,73880.81040398809,77095.57068500554,73880.81040398809,77095.57068500554,73880.81040398809,77095.57068500554,73880.81040398809,77095.57068500554,,,,73204.66001781753,1,1,1,1,1,86763.854127
2024-11-14,86924.55507840341,91790,86668.21,89039.7525,65255.894158036026,69614.28787514723,65255.894158036026,69614.28787514723,75488.19054449681,78997.1811506669,75488.19054449681,78997.1811506669,75488.19054449681,78997.1811506669,75488.19054449681,78997.1811506669,,,,74741.66250890878,1,1,1,1,1,56729.51086
2024-11-15,87982.15378920171,91850,87073.38,89320.26,65255.894158036026,69614.28787514723,65255.894158036026,69614.28787514723,77242.68584758186,80778.75646100963,77242.68584758186,80778.75646100963,77242.68584758186,80778.75646100963,77242.68584758186,80778.75646100963,,,,75595.06875445439,1,1,1,1,1,47927.95068
2024-11-16,88651.20689460085,91779.66,88651.20689460085,90863.70749999999,65255.894158036026,69614.28787514723,65255.894158036026,69614.28787514723,79010.72115429575,82428.61950461764,79010.72115429575,82428.61950461764,79010.72115429575,82428.61950461764,79010.72115429575,82428.61950461764,,,,77176.4681272272,1,1,1,1,1,22717.87689
2024-11-17,89757.45719730042,91449.99,88722,90153.98999999999,67435.09101659163,74689.12324782147,67435.09101659163,74689.12324782147,80719.6703294567,83873.42135116426,80719.6703294567,83873.42135116426,80719.6703294567,83873.42135116426,80719.6703294567,83873.42135116426,,,,80932.8028136136,1,1,1,1,1,23867.55609
2024-11-18,89955.7235986502,92594,89376.9,90572.74,67435.09101659163,74689.12324782147,67435.09101659163,74689.12324782147,82296.54584031049,85147.78839497475,82296.54584031049,85147.78839497475,82296.54584031049,85147.78839497475,82296.54584031049,85147.78839497475,,,,84416.90265680681,1,1,1,1,1,46545.03448
2024-11-19,90264.2317993251,93905.51,90264.2317993251,91759.3425,67435.09101659163,74689.12324782147,67435.09101659163,74689.12324782147,83722.16711764262,86311.42996028079,83722.16711764262,86311.42996028079,83722.16711764262,86311.42996028079,83722.16711764262,86311.42996028079,,,,86666.21,1,1,1,1,1,43660.04682
2024-11-20,91011.78714966256,94831.97,91011.78714966256,93232.3325,67435.09101659163,74689.12324782147,67435.09101659163,74689.12324782147,85016.79853896171,87406.51062316143,85016.79853896171,87406.51062316143,85016.79853896171,87406.51062316143,85016.79853896171,87406.51062316143,,,,87071.38,1,1,1,1,1,42203.198712
2024-11-21,92122.05982483129,98988,92122.05982483129,96407.92,67435.09101659163,74689.12324782147,67435.09101659163,74689.12324782147,86211.65458106156,88584.52598043944,86211.65458106156,88584.52598043944,86211.65458106156,88584.52598043944,86211.65458106156,88584.52598043944,,,,88649.20689460085,1,1,1,1,1,69228.360477
2024-11-22,94264.98991241565,99588.01,94264.98991241565,98479.81,67435.09101659163,74689.12324782147,67435.09101659163,74689.12324782147,87398.0902807505,89851.14861168193,87398.0902807505,89851.14861168193,87398.0902807505,89851.14861168193,87398.0902807505,89851.14861168193,,,,88720,1,1,1,1,1,46189.309243
2024-11-23,96372.39995620782,98908.85,96372.39995620782,98152.3125,67435.09101659163,74689.12324782147,67435.09101659163,74689.12324782147,88624.61944621621,91117.82512772149,88624.61944621621,91117.82512772149,88624.61944621621,91117.82512772149,88624.61944621621,91117.82512772149,,,,89374.9,1,1,1,1,1,24757.84367
2024-11-24,97262.35622810392,98564,95734.77,97467.80249999999,71062.10713220655,81032.455678865,71062.10713220655,81032.455678865,89871.22228696884,92254.66590670035,89871.22228696884,92254.66590670035,89871.22228696884,92254.66590670035,89871.22228696884,92254.66590670035,,,,90262.2317993251,1,1,1,1,1,31200.97838
2024-11-25,97365.07936405196,98871.8,92600.19,95595.51250000001,71062.10713220655,81032.455678865,71062.10713220655,81032.455678865,91062.94409683459,93127.72311994049,91062.94409683459,93127.72311994049,91062.94409683459,93127.72311994049,91062.94409683459,93127.72311994049,,,,91009.78714966256,1,1,1,1,1,50847.45096
2024-11-26,96480.29593202598,96480.29593202598,90791.1,92684.91,71062.10713220655,81032.455678865,71062.10713220655,81032.455678865,92095.33360838753,93622.38780577012,92095.33360838753,93622.38780577012,92095.33360838753,93622.38780577012,92095.33360838753,93622.38780577012,,,,91009.78714966256,1,1,1,1,1,57858.73138
2024-11-27,94582.60296601299,97208.21,91792.14,94207.155,71062.10713220655,81032.455678865,71062.10713220655,81032.455678865,92858.86070707881,93926.57703122245,92858.86070707881,93926.57703122245,92858.86070707881,93926.57703122245,92858.86070707881,93926.57703122245,,,,91009.78714966256,1,1,1,1,1,41153.42734
2024-11-28,94394.87898300649,96564,94394.87898300649,95677.77249999999,71062.10713220655,81032.455678865,71062.10713220655,81032.455678865,93392.71886915062,94186.87027734738,93392.71886915062,94186.87027734738,93392.71886915062,94186.87027734738,93392.71886915062,94186.87027734738,,,,91009.78714966256,1,1,1,1,1,28814.54357
2024-11-29,95036.32574150324,98619.99,95036.32574150324,96772.24250000001,71062.10713220655,81032.455678865,71062.10713220655,81032.455678865,93789.79457324899,94502.0605227305,93789.79457324899,94502.0605227305,93789.79457324899,94502.0605227305,93789.79457324899,94502.0605227305,,,,91009.78714966256,1,1,1,1,1,27701.78231
2024-11-30,95904.28412075163,97463.95,95904.28412075163,96855.9875,71062.10713220655,81032.455678865,71062.10713220655,81032.455678865,94145.92754798975,94829.59960725554,94145.92754798975,94829.59960725554,94145.92754798975,94829.59960725554,94145.92754798975,94829.59960725554,,,,91009.78714966256,1,1,1,1,1,14503.83306
2024-12-01,96380.13581037582,97836,95693.88,96780.7625,76047.28140553577,86582.93103604113,76047.28140553577,86582.93103604113,94487.76357762264,95146.28184406398,94487.76357762264,95146.28184406398,94487.76357762264,95146.28184406398,94487.76357762264,95146.28184406398,,,,91009.78714966256,1,1,1,1,1,16938.60452
2024-12-02,96580.4491551879,98130,94395,96387.6975,76047.28140553577,86582.93103604113,76047.28140553577,86582.93103604113,94817.0227108433,95403.13398299529,94817.0227108433,95403.13398299529,94817.0227108433,95403.13398299529,94817.0227108433,95403.13398299529,,,,91790.14,1,1,1,1,1,37958.66981
2024-12-03,96484.07332759394,96484.07332759394,93578.17,95393.4975,76047.28140553577,86582.93103604113,76047.28140553577,86582.93103604113,95110.0783469193,95530.27116390117,95110.0783469193,95530.27116390117,95110.0783469193,95530.27116390117,95110.0783469193,95530.27116390117,,,,93576.17,1,1,1,1,1,35827.32283
2024-12-04,95938.78541379697,99000,94587.83,97006.21,76047.28140553577,86582.93103604113,76047.28140553577,86582.93103604113,95320.17475541023,95687.6405318393,95320.17475541023,95687.6405318393,95320.17475541023,95687.6405318393,95320.17475541023,95687.6405318393,,,,93576.17,1,1,1,1,1,43850.53728
2024-12-05,96472.49770689849,104088,90500,97530.2375,76047.28140553577,86582.93103604113,76047.28140553577,86582.93103604113,95503.90764362476,95890.86119420022,95503.90764362476,95890.86119420022,95503.90764362476,95890.86119420022,95503.90764362476,95890.86119420022,,,,93576.17,1,1,1,1,1,109921.729662
2024-12-06,97001.36760344924,101898.99,95981.72,98641.79499999998,76047.28140553577,86582.93103604113,76047.28140553577,86582.93103604113,95697.3844189125,96207.04034389417,95697.3844189125,96207.04034389417,95697.3844189125,96207.04034389417,95697.3844189125,96207.04034389417,,,,93576.17,1,1,1,1,1,45049.5331
2024-12-07,97821.58130172461,100439.18,97821.58130172461,99714.0025,76047.28140553577,86582.93103604113,76047.28140553577,86582.93103604113,95952.21238140334,96598.3280299263,95952.21238140334,96598.3280299263,95952.21238140334,96598.3280299263,95952.21238140334,96598.3280299263,,,,93576.17,1,1,1,1,1,14931.9459
2024-12-08,98767.7919008623,101351,98657.7,100237.57,81315.10622078845,91393.09119857024,81315.10622078845,91393.09119857024,96275.27020566483,97061.39005632256,96275.27020566483,97061.39005632256,96275.27020566483,97061.39005632256,96275.27020566483,97061.39005632256,,,,93576.17,1,1,1,1,1,14612.99688
2024-12-09,99502.68095043115,101215.93,94150.05,98438.01250000001,81315.10622078845,91393.09119857024,81315.10622078845,91393.09119857024,96668.3301309937,97389.95485142173,96668.3301309937,97389.95485142173,96668.3301309937,97389.95485142173,96668.3301309937,97389.95485142173,,,,93576.17,1,1,1,1,1,53949.11595
2024-12-10,98970.34672521558,98970.34672521558,94256.54,96599.00499999999,81315.10622078845,91393.09119857024,81315.10622078845,91393.09119857024,97029.1424912077,97526.31662346232,97029.1424912077,97526.31662346232,97029.1424912077,97526.31662346232,97029.1424912077,97526.31662346232,,,,93576.17,1,1,1,1,1,51708.68933
2024-12-11,97784.67586260778,101888,95658.24,98816.06,81315.10622078845,91393.09119857024,81315.10622078845,91393.09119857024,97277.72955733501,97679.76788083145,97277.72955733501,97679.76788083145,97277.72955733501,97679.76788083145,97277.72955733501,97679.76788083145,,,,94148.05,1,1,1,1,1,37753.78291
2024-12-12,98300.36793130389,102540,98300.36793130389,100745.2325,81315.10622078845,91393.09119857024,81315.10622078845,91393.09119857024,97478.74871908323,97955.08728625442,97478.74871908323,97955.08728625442,97478.74871908323,97955.08728625442,97478.74871908323,97955.08728625442,,,,94148.05,1,1,1,1,1,29232.08745
2024-12-13,99522.80021565195,101895.26,99205,100632.2,81315.10622078845,91393.09119857024,81315.10622078845,91393.09119857024,97716.91800266883,98293.23436591035,97716.91800266883,98293.23436591035,97716.91800266883,98293.23436591035,97716.91800266883,98293.23436591035,,,,94148.05,1,1,1,1,1,21904.03923
2024-12-14,100077.50010782597,102650,100077.50010782597,101525.9125,81315.10622078845,91393.09119857024,81315.10622078845,91393.09119857024,98005.07618428959,98698.99134201668,98005.07618428959,98698.99134201668,98005.07618428959,98698.99134201668,98005.07618428959,98698.99134201668,,,,94148.05,1,1,1,1,1,14191.70326
2024-12-15,100801.70630391299,105250,100801.70630391299,103092.7825,86354.09870967935,95240.15792002839,86354.09870967935,95240.15792002839,98352.03376315313,99225.01636952763,98352.03376315313,99225.01636952763,98352.03376315313,99225.01636952763,98352.03376315313,99225.01636952763,,,,94254.54,1,1,1,1,1,22228.921775
2024-12-16,101947.2444019565,107793.07,101947.2444019565,105412.18,86354.09870967935,95240.15792002839,86354.09870967935,95240.15792002839,98788.52506634037,99919.37634516168,98788.52506634037,99919.37634516168,98788.52506634037,99919.37634516168,98788.52506634037,99919.37634516168,,,,95656.24,1,1,1,1,1,41302.40274
2024-12-17,103679.71220097825,108353,103679.71220097825,106466.72,86354.09870967935,95240.15792002839,86354.09870967935,95240.15792002839,99353.95070575102,100743.44742315334,99353.95070575102,100743.44742315334,99353.95070575102,100743.44742315334,99353.95070575102,100743.44742315334,,,,98298.36793130389,1,1,1,1,1,29064.936466
2024-12-18,105073.21610048912,106524.98,100000,103215.6825,86354.09870967935,95240.15792002839,86354.09870967935,95240.15792002839,100048.69906445217,101391.1270130578,100048.69906445217,101391.1270130578,100048.69906445217,101391.1270130578,100048.69906445217,101391.1270130578,,,,99203,1,1,1,1,1,50307.99755
2024-12-19,104144.44930024457,104144.44930024457,95700,99041.495,86354.09870967935,95240.15792002839,86354.09870967935,95240.15792002839,100719.91303875498,101637.0638338634,100719.91303875498,101637.0638338634,100719.91303875498,101637.0638338634,100719.91303875498,101637.0638338634,,,99041.495,,1,1,1,1,0,55147.398
2024-12-20,101592.97215012228,101592.97215012228,92232.54,96433.20999999999,86354.09870967935,95240.15792002839,86354.09870967935,95240.15792002839,101178.48843630918,101425.24410501248,101178.48843630918,101425.24410501248,101178.48843630918,101425.24410501248,101178.48843630918,101425.24410501248,,,,,1,1,1,1,0,62884.1357
2024-12-21,99013.09107506114,99540.61,96398.39,97759.1075,86354.09870967935,95240.15792002839,86354.09870967935,95240.15792002839,101301.86627066083,101301.86627066083,101037.73316832674,101037.73316832674,101301.86627066083,101301.86627066083,101037.73316832674,101037.73316832674,,,,,-1,-1,1,0,0,23483.54143
2024-12-22,98386.09928753057,98386.09928753057,94250.35,96044.17500000002,90797.12831485386,97631.69154267086,90797.12831485386,97631.69154267086,101169.79971949378,101169.79971949378,100477.2456401346,100477.2456401346,101169.79971949378,101169.79971949378,100477.2456401346,100477.2456401346,,,,,-1,-1,1,0,0,19353.83036
2024-12-23,97215.13714376529,97215.13714376529,92520,94781.66750000001,90797.12831485386,97631.69154267086,90797.12831485386,97631.69154267086,100823.52267981418,100823.52267981418,99767.30610980031,99767.30610980031,100823.52267981418,100823.52267981418,99767.30610980031,99767.30610980031,,,,,-1,-1,1,0,0,32810.76703
2024-12-24,95998.40232188265,99487.99,93569.02,96650.51500000001,90797.12831485386,97631.69154267086,90797.12831485386,97631.69154267086,100295.41439480725,100295.41439480725,99139.03883748168,99139.03883748168,100295.41439480725,100295.41439480725,99139.03883748168,99139.03883748168,,,,,-1,-1,1,0,0,23674.22488
2024-12-25,96324.45866094134,99569.15,96324.45866094134,98823.5875,90797.12831485386,97631.69154267086,90797.12831485386,97631.69154267086,99717.22661614446,99717.22661614446,98723.30298755423,98723.30298755423,99717.22661614446,99717.22661614446,98723.30298755423,98723.30298755423,,,,,-1,-1,1,0,0,14474.1651
2024-12-26,97574.02308047067,99963.7,95199.14,97596.01250000001,90797.12831485386,97631.69154267086,90797.12831485386,97631.69154267086,99220.26480184933,99220.26480184933,98427.95211603817,98427.95211603817,99220.26480184933,99220.26480184933,98427.95211603817,98427.95211603817,,,,,-1,-1,1,0,0,21192.36727
2024-12-27,97585.01779023535,97585.01779023535,93500.01,95283.805,90797.12831485386,97631.69154267086,90797.12831485386,97631.69154267086,98824.10845894375,98824.10845894375,98073.2782008044,98073.2782008044,98824.10845894375,98824.10845894375,98073.2782008044,98073.2782008044,,,,,-1,-1,1,0,0,26501.26429
2024-12-28,96434.41139511767,96434.41139511767,94135.66,94867.17000000001,90797.12831485386,97631.69154267086,90797.12831485386,97631.69154267086,98448.69332987408,98448.69332987408,97676.17570674015,97676.17570674015,98448.69332987408,98448.69332987408,97676.17570674015,97676.17570674015,,,,,-1,-1,1,0,0,8385.8929
2024-12-29,95650.79069755884,95650.79069755884,93009.52,94346.93000000001,94214.40992876237,97490.18334635728,94214.40992876237,97490.18334635728,98062.43451830711,98062.43451830711,97223.15739991366,97223.15739991366,98062.43451830711,98062.43451830711,97223.15739991366,97223.15739991366,,,,,-1,-1,1,0,0,13576.00578
2024-12-30,94998.86034877942,95024.5,91530.45,93271.2975,94214.40992876237,97490.18334635728,94214.40992876237,97490.18334635728,97642.79595911039,97642.79595911039,96699.13726226408,96699.13726226408,97642.79595911039,97642.79595911039,96699.13726226408,96699.13726226408,,,,,-1,-1,1,0,0,27619.4225
2024-12-31,94135.0789243897,96250,92033.73,93662.94499999999,94214.40992876237,97490.18334635728,94214.40992876237,97490.18334635728,97170.96661068723,97170.96661068723,96216.48797303501,96216.48797303501,97170.96661068723,97170.96661068723,96216.48797303501,96216.48797303501,,,,,-1,-1,1,0,0,19612.03389
2025-01-01,93899.01196219484,95151.15,92888,94051.735,94214.40992876237,97490.18334635728,94214.40992876237,97490.18334635728,96693.72729186111,96693.72729186111,95794.00597295155,95794.00597295155,96693.72729186111,96693.72729186111,95794.00597295155,95794.00597295155,,,,,-1,-1,1,0,0,10373.32613
2025-01-02,93975.37348109743,97839.5,93975.37348109743,95952.0175,94214.40992876237,97490.18334635728,94214.40992876237,97490.18334635728,96243.86663240632,96243.86663240632,95564.98638558791,95564.98638558791,96243.86663240632,96243.86663240632,95564.98638558791,95564.98638558791,,,,,-1,-1,1,0,0,21970.48948
2025-01-03,94963.69549054871,98976.91,94963.69549054871,97558.9725,94214.40992876237,97490.18334635728,94214.40992876237,97490.18334635728,95904.42650899712,95904.42650899712,95551.51786567923,95551.51786567923,95904.42650899712,95904.42650899712,95551.51786567923,95551.51786567923,,,,,-1,-1,1,0,0,15253.82936
2025-01-04,96261.33399527436,98778.43,96261.33399527436,98171.97249999999,94214.40992876237,97490.18334635728,94214.40992876237,97490.18334635728,95727.97218733816,95727.97218733816,95706.72142367366,95706.72142367366,95727.97218733816,95727.97218733816,95706.72142367366,95706.72142367366,,,,,-1,-1,1,0,0,8990.05651
2025-01-05,97216.65324763718,98836.85,97216.65324763718,98174.43999999999,95852.29663755983,96739.78199178692,95852.29663755983,96739.78199178692,95717.3468055059,95970.65443519506,95717.3468055059,95970.65443519506,95717.3468055059,95970.65443519506,95717.3468055059,95970.65443519506,,,,,1,1,1,1,0,8095.63723
2025-01-06,97695.54662381858,102480,97695.54662381858,100249.80249999999,95852.29663755983,96739.78199178692,95852.29663755983,96739.78199178692,95844.00062035047,96410.2293518352,95844.00062035047,96410.2293518352,95844.00062035047,96410.2293518352,95844.00062035047,96410.2293518352,97695.54662381858,,,91528.45,1,1,1,1,1,25263.43375
2025-01-07,98972.67456190928,102724.38,96181.81,99524.1,95852.29663755983,96739.78199178692,95852.29663755983,96739.78199178692,96127.11498609283,96876.743138591,96127.11498609283,96876.743138591,96127.11498609283,96876.743138591,96127.11498609283,96876.743138591,,,,91528.45,1,1,1,1,1,32059.87537
2025-01-08,99248.38728095464,99248.38728095464,92500.9,95446.19,95852.29663755983,96739.78199178692,95852.29663755983,96739.78199178692,96501.92906234191,97070.82495035583,96501.92906234191,97070.82495035583,96501.92906234191,97070.82495035583,96501.92906234191,97070.82495035583,,,,91528.45,1,1,1,1,1,33704.67894
2025-01-09,97347.28864047732,97347.28864047732,91203.67,93549.77249999999,95852.29663755983,96739.78199178692,95852.29663755983,96739.78199178692,96786.37700634886,96965.05690650234,96786.37700634886,96965.05690650234,96786.37700634886,96965.05690650234,96786.37700634886,96965.05690650234,,,,91528.45,1,1,1,1,1,34544.83685
2025-01-10,95448.53057023865,95836,92206.02,93830.155,95852.29663755983,96739.78199178692,95852.29663755983,96739.78199178692,96875.71695642559,96875.71695642559,96681.48688479803,96681.48688479803,96875.71695642559,96875.71695642559,96681.48688479803,96681.48688479803,,,93830.155,,-1,-1,1,0,0,31482.86424
2025-01-11,94639.34278511933,95050.94,93831.73,94552.19,95852.29663755983,96739.78199178692,95852.29663755983,96739.78199178692,96778.60192061179,96778.60192061179,96356.89321346773,96356.89321346773,96778.60192061179,96778.60192061179,96356.89321346773,96356.89321346773,,,,,-1,-1,1,0,0,7047.9043
2025-01-12,94595.76639255966,95450.1,93711.19,94576.585,96296.03931467338,96667.37481107432,96296.03931467338,96667.37481107432,96567.74756703975,96567.74756703975,96047.77324548445,96047.77324548445,96567.74756703975,96567.74756703975,96047.77324548445,96047.77324548445,,,,,-1,-1,1,0,0,8606.86622
2025-01-13,94586.17569627982,95940,89256.69,93569.465,96296.03931467338,96667.37481107432,96296.03931467338,96667.37481107432,96307.7604062621,96307.7604062621,95662.65587629986,95662.65587629986,96307.7604062621,96307.7604062621,95662.65587629986,95662.65587629986,,,,,-1,-1,1,0,0,42619.56423
2025-01-14,94077.82034813991,97371,94077.82034813991,95703.54749999999,96296.03931467338,96667.37481107432,96296.03931467338,96667.37481107432,95985.20814128098,95985.20814128098,95451.36920825994,95451.36920825994,95985.20814128098,95985.20814128098,95451.36920825994,95451.36920825994,,,,,-1,-1,1,0,0,27846.61753
2025-01-15,94890.68392406995,100681.94,94890.68392406995,98560.035,96296.03931467338,96667.37481107432,96296.03931467338,96667.37481107432,95718.28867477046,95718.28867477046,95513.16578573243,95513.16578573243,95718.28867477046,95718.28867477046,95513.16578573243,95513.16578573243,,,,,-1,-1,1,0,0,30509.99179
2025-01-16,96725.35946203498,100866.66,96725.35946203498,99671.61,96296.03931467338,96667.37481107432,96296.03931467338,96667.37481107432,95615.72723025145,95807.25587257826,95615.72723025145,95807.25587257826,95615.72723025145,95807.25587257826,95615.72723025145,95807.25587257826,,,,,1,1,1,1,0,27832.85317
2025-01-17,98198.4847310175,105865.22,98198.4847310175,102470.1925,96296.03931467338,96667.37481107432,96296.03931467338,96667.37481107432,95711.49155141486,96422.35032358902,95711.49155141486,96422.35032358902,95711.49155141486,96422.35032358902,95711.49155141486,96422.35032358902,98198.4847310175,,,89254.69,1,1,1,1,1,39171.85292
2025-01-18,100334.33861550875,104988.88,100334.33861550875,103975.0325,96296.03931467338,96667.37481107432,96296.03931467338,96667.37481107432,96066.92093750194,97241.46525487541,96066.92093750194,97241.46525487541,96066.92093750194,97241.46525487541,96066.92093750194,97241.46525487541,,,,89254.69,1,1,1,1,1,24307.82998
2025-01-19,102154.68555775438,106422.43,99651.6,102990.4575,96481.70706287384,97044.1593580346,96481.70706287384,97044.1593580346,96654.19309618868,98118.23693477023,96654.19309618868,98118.23693477023,96654.19309618868,98118.23693477023,96654.19309618868,98118.23693477023,,,,89254.69,1,1,1,1,1,43397.28298
2025-01-20,102572.57152887719,109588,99550,103182.395,96481.70706287384,97044.1593580346,96481.70706287384,97044.1593580346,97386.21501547947,99025.61969182773,97386.21501547947,99025.61969182773,97386.21501547947,99025.61969182773,97386.21501547947,99025.61969182773,,,,89254.69,1,1,1,1,1,89529.231732
2025-01-21,102877.4832644386,107240.81,100119.04,103940.9175,96481.70706287384,97044.1593580346,96481.70706287384,97044.1593580346,98205.9173536536,99850.74880061296,98205.9173536536,99850.74880061296,98205.9173536536,99850.74880061296,98205.9173536536,99850.74880061296,,,,89254.69,1,1,1,1,1,45941.02002
2025-01-22,103409.20038221931,106394.46,103339.12,104896.01500000001,96481.70706287384,97044.1593580346,96481.70706287384,97044.1593580346,99028.33307713327,100649.93794426312,99028.33307713327,100649.93794426312,99028.33307713327,100649.93794426312,99028.33307713327,100649.93794426312,,,,89254.69,1,1,1,1,1,22248.69254
2025-01-23,104152.60769110966,106850,101262.28,103932.32,96481.70706287384,97044.1593580346,96481.70706287384,97044.1593580346,99839.1355106982,101325.05856494558,99839.1355106982,101325.05856494558,99839.1355106982,101325.05856494558,99839.1355106982,101325.05856494558,,,,89254.69,1,1,1,1,1,53953.12031
2025-01-24,104042.46384555483,107120,102750,104662.7125,96481.70706287384,97044.1593580346,96481.70706287384,97044.1593580346,100582.09703782188,101935.11356761455,100582.09703782188,101935.11356761455,100582.09703782188,101935.11356761455,100582.09703782188,101935.11356761455,,,,89254.69,1,1,1,1,1,23609.24017
2025-01-25,104352.58817277741,105286.52,104106.09,104752.4925,96481.70706287384,97044.1593580346,96481.70706287384,97044.1593580346,101258.6053027182,102458.85560002273,101258.6053027182,102458.85560002273,101258.6053027182,102458.85560002273,101258.6053027182,102458.85560002273,,,,89254.69,1,1,1,1,1,9068.32377
2025-01-26,104552.5403363887,105500,102520.44,103846.825,96762.93321045423,99212.42457608729,96762.93321045423,99212.42457608729,101858.73045137046,102849.5881692865,101858.73045137046,102849.5881692865,101858.73045137046,102849.5881692865,101858.73045137046,102849.5881692865,,,,89254.69,1,1,1,1,1,9812.51238
2025-01-27,104199.68266819435,104199.68266819435,97777.77,101435.15250000001,96762.93321045423,99212.42457608729,96762.93321045423,99212.42457608729,102354.15931032847,102947.79526070386,102354.15931032847,102947.79526070386,102354.15931032847,102947.79526070386,102354.15931032847,102947.79526070386,,,,89254.69,1,1,1,1,1,50758.1341
2025-01-28,102817.41758409719,103800,100272.68,101872.7575,96762.93321045423,99212.42457608729,96762.93321045423,99212.42457608729,102650.97728551617,102926.32910428267,102650.97728551617,102926.32910428267,102650.97728551617,102926.32910428267,102650.97728551617,102926.32910428267,,,,89254.69,1,1,1,1,1,22022.05765
2025-01-29,102345.0875420486,104782.68,101328.01,102794.8625,96762.93321045423,99212.42457608729,96762.93321045423,99212.42457608729,102788.65319489942,102906.20764517318,102788.65319489942,102906.20764517318,102788.65319489942,102906.20764517318,102788.65319489942,102906.20764517318,,,,89254.69,1,1,1,1,1,23155.35802
2025-01-30,102569.9750210243,106457.44,102569.9750210243,104548.0425,96762.93321045423,99212.42457608729,96762.93321045423,99212.42457608729,102847.43042003631,102997.27545228555,102847.43042003631,102997.27545228555,102847.43042003631,102997.27545228555,102847.43042003631,102997.27545228555,,,,89254.69,1,1,1,1,1,19374.07472
2025-01-31,103559.00876051214,106012,101560,103681.125,96762.93321045423,99212.42457608729,96762.93321045423,99212.42457608729,102922.35293616094,103102.50780563509,102922.35293616094,103102.50780563509,102922.35293616094,103102.50780563509,102922.35293616094,103102.50780563509,,,,89254.69,1,1,1,1,1,21983.18193
2025-02-01,103620.06688025607,103620.06688025607,100279.51,101532.10750000001,96762.93321045423,99212.42457608729,96762.93321045423,99212.42457608729,103012.43037089803,103076.98779359758,103012.43037089803,103076.98779359758,103012.43037089803,103076.98779359758,103012.43037089803,103076.98779359758,,,,89254.69,1,1,1,1,1,12290.95747
2025-02-02,102576.08719012805,102576.08719012805,96150,98985.7125,97987.67889327076,100202.16624282247,97987.67889327076,100202.16624282247,103044.70908224782,103044.70908224782,102797.9659147771,102797.9659147771,103044.70908224782,103044.70908224782,102797.9659147771,102797.9659147771,,,98985.7125,,-1,-1,1,0,0,34619.49939
2025-02-03,100780.89984506402,102500.01,91231,98190.03,97987.67889327076,100202.16624282247,97987.67889327076,100202.16624282247,102921.33749851247,102921.33749851247,102256.86850879322,102256.86850879322,102921.33749851247,102921.33749851247,102256.86850879322,102256.86850879322,,,,,-1,-1,1,0,0,75164.7385
2025-02-04,99485.464922532,101732.31,96150,99243.4875,97987.67889327076,100202.16624282247,97987.67889327076,100202.16624282247,102589.10300365285,102589.10300365285,101728.4405723865,101728.4405723865,102589.10300365285,102589.10300365285,101728.4405723865,101728.4405723865,,,,,-1,-1,1,0,0,40267.98697
2025-02-05,99364.47621126601,99364.47621126601,96155,97419.8925,97987.67889327076,100202.16624282247,97987.67889327076,100202.16624282247,102158.77178801969,102158.77178801969,101157.17603835194,101157.17603835194,102158.77178801969,102158.77178801969,101157.17603835194,101157.17603835194,,,,,-1,-1,1,0,0,26233.30444
2025-02-06,98392.18435563301,99120,95676.64,96990.85750000001,97987.67889327076,100202.16624282247,97987.67889327076,100202.16624282247,101657.97391318582,101657.97391318582,100569.49653807416,100569.49653807416,101657.97391318582,101657.97391318582,100569.49653807416,100569.49653807416,,,,,-1,-1,1,0,0,23515.20405
2025-02-07,97691.52092781651,100137.99,95620.34,97204.87000000001,97987.67889327076,100202.16624282247,97987.67889327076,100202.16624282247,101113.73522563,101113.73522563,100036.95132184497,100036.95132184497,101113.73522563,101113.73522563,100036.95132184497,100036.95132184497,,,,,-1,-1,1,0,0,31794.22065
2025-02-08,97448.19546390825,97448.19546390825,95688,96379.885,97987.67889327076,100202.16624282247,97987.67889327076,100202.16624282247,100575.34327373748,100575.34327373748,99495.46290183661,99495.46290183661,100575.34327373748,100575.34327373748,99495.46290183661,99495.46290183661,,,,,-1,-1,1,0,0,10147.24294
2025-02-09,96914.04023195413,97323.09,94713,96235.89749999999,99094.92256804662,99244.00049158934,99094.92256804662,99244.00049158934,100035.40308778704,100035.40308778704,98958.41666415732,98958.41666415732,100035.40308778704,100035.40308778704,98958.41666415732,98958.41666415732,,,,,-1,-1,1,0,0,14120.91613
2025-02-10,96574.96886597706,98345,95256,96873.6425,99094.92256804662,99244.00049158934,99094.92256804662,99244.00049158934,99496.90987597218,99496.90987597218,98512.5938578925,98512.5938578925,99496.90987597218,99496.90987597218,98512.5938578925,98512.5938578925,,,,,-1,-1,1,0,0,20572.87537
2025-02-11,96724.30568298853,98478.42,94876.88,96641.08,99094.92256804662,99244.00049158934,99094.92256804662,99244.00049158934,99004.75186693233,99004.75186693233,98141.661220556,98141.661220556,99004.75186693233,99004.75186693233,98141.661220556,98141.661220556,,,,,-1,-1,1,0,0,18647.76379
2025-02-12,96682.69284149427,98119.99,94088.23,96464.105,99094.92256804662,99244.00049158934,99094.92256804662,99244.00049158934,98573.20654374416,98573.20654374416,97808.30094444941,97808.30094444941,98573.20654374416,98573.20654374416,97808.30094444941,97808.30094444941,,,,,-1,-1,1,0,0,29151.16625
2025-02-13,96573.39892074713,98083.91,95217.36,96944.85250000001,99094.92256804662,99244.00049158934,99094.92256804662,99244.00049158934,98190.75374409679,98190.75374409679,97554.65098544299,97554.65098544299,98190.75374409679,98190.75374409679,97554.65098544299,97554.65098544299,,,,,-1,-1,1,0,0,19921.77616
2025-02-14,96759.12571037357,98826,96252.82,97296.8575,99094.92256804662,99244.00049158934,99094.92256804662,99244.00049158934,97872.70236476988,97872.70236476988,97412.19654387559,97412.19654387559,97872.70236476988,97872.70236476988,97412.19654387559,97412.19654387559,,,,,-1,-1,1,0,0,18173.02646
2025-02-15,97027.99160518678,97972.26,97027.99160518678,97566.4925,99094.92256804662,99244.00049158934,99094.92256804662,99244.00049158934,97642.44945432273,97642.44945432273,97344.51668303016,97344.51668303016,97642.44945432273,97642.44945432273,97344.51668303016,97344.51668303016,,,,,-1,-1,1,0,0,7349.37683
2025-02-16,97297.24205259338,97704.47,96046.18,96859.61,99169.46152981799,99169.46152981799,98142.45027538242,98142.45027538242,97493.48306867645,97493.48306867645,97280.25353286836,97280.25353286836,97493.48306867645,97493.48306867645,97280.25353286836,97280.25353286836,,,,,-1,-1,-1,-1,0,8191.4249
2025-02-17,97078.42602629669,97078.42602629669,95205,96037.42749999999,99169.46152981799,99169.46152981799,98142.45027538242,98142.45027538242,97386.8683007724,97386.8683007724,97167.55884992884,97167.55884992884,97386.8683007724,97386.8683007724,97167.55884992884,97167.55884992884,,97078.42602629669,,98828,-1,-1,-1,-1,-1,16492.0451
2025-02-18,96557.92676314834,96753.91,93388.09,95398.4375,99169.46152981799,99169.46152981799,98142.45027538242,98142.45027538242,97277.21357535063,97277.21357535063,96968.9264170778,96968.9264170778,97277.21357535063,97277.21357535063,96968.9264170778,96968.9264170778,,,,98828,-1,-1,-1,-1,-1,23368.19471
2025-02-19,95978.18213157417,96899.99,95029.99,96061.5225,99169.46152981799,99169.46152981799,98142.45027538242,98142.45027538242,97123.06999621422,97123.06999621422,96789.43081426428,96789.43081426428,97123.06999621422,97123.06999621422,96789.43081426428,96789.43081426428,,,,98828,-1,-1,-1,-1,-1,16438.50954
2025-02-20,96019.85231578708,98711.36,96019.85231578708,97518.95499999999,99169.46152981799,99169.46152981799,98142.45027538242,98142.45027538242,96956.25040523925,96956.25040523925,96730.38389682946,96730.38389682946,96956.25040523925,96956.25040523925,96730.38389682946,96730.38389682946,,,,98828,-1,-1,-1,-1,-1,17057.39177
2025-02-21,96769.40365789353,99475,94871.95,97208.485,99169.46152981799,99169.46152981799,98142.45027538242,98142.45027538242,96843.31715103435,96843.31715103435,96734.01318137266,96734.01318137266,96843.31715103435,96843.31715103435,96734.01318137266,96734.01318137266,,,,98828,-1,-1,-1,-1,-1,32249.2814
2025-02-22,96988.94432894676,96988.94432894676,95770.49,96370.8725,99169.46152981799,99169.46152981799,98142.45027538242,98142.45027538242,96788.66516620351,96788.66516620351,96717.55570154623,96717.55570154623,96788.66516620351,96788.66516620351,96717.55570154623,96717.55570154623,,,,98828,-1,-1,-1,-1,-1,11268.17708
2025-02-23,96679.90841447338,96679.90841447338,95227.94,96171.7375,98655.95590260021,98655.95590260021,97370.73183850771,97370.73183850771,96753.11043387487,96753.11043387487,96662.97046702194,96662.97046702194,96753.11043387487,96753.11043387487,96662.97046702194,96662.97046702194,,,,98828,-1,-1,-1,-1,-1,10884.84913
2025-02-24,96425.8229572367,96500,91349.26,93915.035,98655.95590260021,98655.95590260021,97370.73183850771,97370.73183850771,96708.0404504484,96708.0404504484,96449.45815955834,96449.45815955834,96708.0404504484,96708.0404504484,96449.45815955834,96449.45815955834,,,,98828,-1,-1,-1,-1,-1,31550.10299
2025-02-25,95170.42897861835,95170.42897861835,86050.99,89706.23999999999,98655.95590260021,98655.95590260021,97370.73183850771,97370.73183850771,96578.74930500338,96578.74930500338,95912.04697871985,95912.04697871985,96578.74930500338,96578.74930500338,95912.04697871985,95912.04697871985,,,,96037.42749999999,-1,-1,-1,-1,-1,78333.11111
2025-02-26,92438.33448930917,92438.33448930917,82256.01,86150.16,98655.95590260021,98655.95590260021,97370.73183850771,97370.73183850771,96245.39814186162,96245.39814186162,94986.46956241164,94986.46956241164,96245.39814186162,96245.39814186162,94986.46956241164,94986.46956241164,,,,96037.42749999999,-1,-1,-1,-1,-1,56893.54409
2025-02-27,89294.24724465459,89294.24724465459,82716.49,84688.405,98655.95590260021,98655.95590260021,97370.73183850771,97370.73183850771,95615.93385213663,95615.93385213663,93800.03368457143,93800.03368457143,95615.93385213663,95615.93385213663,93800.03368457143,93800.03368457143,,,,96037.42749999999,-1,-1,-1,-1,-1,42505.45439
2025-02-28,86991.3261223273,86991.3261223273,78258.52,83109.2575,98655.95590260021,98655.95590260021,97370.73183850771,97370.73183850771,94707.98376835402,94707.98376835402,92360.81460838753,92360.81460838753,94707.98376835402,94707.98376835402,92360.81460838753,92360.81460838753,,,,96037.42749999999,-1,-1,-1,-1,-1,83648.03969
2025-03-01,85050.29181116365,86558,83824.78,85199.315,98655.95590260021,98655.95590260021,97370.73183850771,97370.73183850771,93534.39918837078,93534.39918837078,91048.93744789313,91048.93744789313,93534.39918837078,93534.39918837078,91048.93744789313,91048.93744789313,,,,96037.42749999999,-1,-1,-1,-1,-1,25785.05464
2025-03-02,85124.80340558183,95000,85050.6,90096.285,98013.34387055396,98013.34387055396,94391.65401572533,94391.65401572533,92291.66831813195,92291.66831813195,90238.41563108483,90238.41563108483,92291.66831813195,92291.66831813195,90238.41563108483,90238.41563108483,,,,95172.42897861835,-1,-1,-1,-1,-1,54889.09045
2025-03-03,87610.54420279092,94416.46,85117.11,90006.0425,98013.34387055396,98013.34387055396,94391.65401572533,94391.65401572533,91265.0419746084,91265.0419746084,89775.64976498434,89775.64976498434,91265.0419746084,91265.0419746084,89775.64976498434,89775.64976498434,,,,95002,-1,-1,-1,-1,-1,59171.10218
2025-03-04,88808.29335139546,88967.52,81500,85992.665,98013.34387055396,98013.34387055396,94391.65401572533,94391.65401572533,90520.34586979637,90520.34586979637,89252.26745616984,89252.26745616984,90520.34586979637,90520.34586979637,89252.26745616984,89252.26745616984,,,,95002,-1,-1,-1,-1,-1,55609.10706
2025-03-05,87400.47917569772,91000,86334.53,88805.63,98013.34387055396,98013.34387055396,94391.65401572533,94391.65401572533,89886.3066629831,89886.3066629831,88930.94614207903,88930.94614207903,89886.3066629831,89886.3066629831,88930.94614207903,88930.94614207903,,,,95002,-1,-1,-1,-1,-1,38264.01163
2025-03-06,88103.05458784886,92810.64,87836,90296.1325,98013.34387055396,98013.34387055396,94391.65401572533,94391.65401572533,89408.62640253107,89408.62640253107,88854.81936260404,88854.81936260404,89408.62640253107,89408.62640253107,88854.81936260404,88854.81936260404,,,,95002,-1,-1,-1,-1,-1,34342.44902
2025-03-07,89199.59354392443,91283.02,84667.03,88170.92000000001,98013.34387055396,98013.34387055396,94391.65401572533,94391.65401572533,89131.72288256756,89131.72288256756,88772.65544537146,88772.65544537146,89131.72288256756,89131.72288256756,88772.65544537146,88772.65544537146,,,,95002,-1,-1,-1,-1,-1,57980.35713
2025-03-08,88685.25677196222,88685.25677196222,85218.47,86284.9775,98013.34387055396,98013.34387055396,94391.65401572533,94391.65401572533,88952.18916396951,88952.18916396951,88596.164267606,88596.164267606,88952.18916396951,88952.18916396951,88596.164267606,88596.164267606,,,,94418.46,-1,-1,-1,-1,-1,12989.23054
2025-03-09,87485.1171359811,87485.1171359811,80000,83364.2075,96202.49894313965,96202.49894313965,91653.04123359003,91653.04123359003,88774.17671578776,88774.17671578776,88157.1302669052,88157.1302669052,88774.17671578776,88774.17671578776,88157.1302669052,88157.1302669052,,,,92812.64,-1,-1,-1,-1,-1,26115.39345
2025-03-10,85424.66231799056,85424.66231799056,77459.91,80228.4275,96202.49894313965,96202.49894313965,91653.04123359003,91653.04123359003,88465.65349134649,88465.65349134649,87416.89531254172,87416.89531254172,88465.65349134649,88465.65349134649,87416.89531254172,87416.89531254172,,,,92812.64,-1,-1,-1,-1,-1,47633.38405
2025-03-11,82826.54490899527,83617.4,76606,80438.0625,96202.49894313965,96202.49894313965,91653.04123359003,91653.04123359003,87941.2744019441,87941.2744019441,86489.68402625716,86489.68402625716,87941.2744019441,87941.2744019441,86489.68402625716,86489.68402625716,,,,92812.64,-1,-1,-1,-1,-1,48770.06853
2025-03-12,81632.30370449764,84539.85,80607.65,82940.1525,96202.49894313965,96202.49894313965,91653.04123359003,91653.04123359003,87215.47921410063,87215.47921410063,85696.12365042369,85696.12365042369,87215.47921410063,87215.47921410063,85696.12365042369,85696.12365042369,,,,91285.02,-1,-1,-1,-1,-1,31933.986
2025-03-13,82286.22810224882,84336.33,79939.9,82268.0325,96202.49894313965,96202.49894313965,91653.04123359003,91653.04123359003,86455.80143226216,86455.80143226216,85015.70649726926,85015.70649726926,86455.80143226216,86455.80143226216,85015.70649726926,85015.70649726926,,,,88687.25677196222,-1,-1,-1,-1,-1,27546.27412
2025-03-14,82277.13030112442,85309.71,80818.84,82806.88249999999,96202.49894313965,96202.49894313965,91653.04123359003,91653.04123359003,85735.75396476571,85735.75396476571,84501.50597717603,84501.50597717603,85735.75396476571,85735.75396476571,84501.50597717603,84501.50597717603,,,,87487.1171359811,-1,-1,-1,-1,-1,26858.52755
2025-03-15,82542.00640056221,84676.28,82542.00640056221,84153.97750000001,96202.49894313965,96202.49894313965,91653.04123359003,91653.04123359003,85118.62997097087,85118.62997097087,84170.61787651964,84170.61787651964,85118.62997097087,85118.62997097087,84170.61787651964,84170.61787651964,,,,85426.66231799056,-1,-1,-1,-1,-1,11324.7332
2025-03-16,83347.99195028111,85117.04,81981.12,83502.7825,93927.77008836485,93927.77008836485,88324.4991369201,88324.4991369201,84644.62392374525,84644.62392374525,83955.45816164004,83955.45816164004,84644.62392374525,84644.62392374525,83955.45816164004,83955.45816164004,,,,85311.71,-1,-1,-1,-1,-1,17596.12531
2025-03-17,83425.38722514056,84756.83,82456,83449.345,93927.77008836485,93927.77008836485,88324.4991369201,88324.4991369201,84300.04104269265,84300.04104269265,83816.51095199802,83816.51095199802,84300.04104269265,84300.04104269265,83816.51095199802,83816.51095199802,,,,85311.71,-1,-1,-1,-1,-1,17214.74358
2025-03-18,83437.36611257028,84021.74,81134.66,82970.3625,93927.77008836485,93927.77008836485,88324.4991369201,88324.4991369201,84058.27599734534,84058.27599734534,83669.40413871125,83669.40413871125,84058.27599734534,84058.27599734534,83669.40413871125,83669.40413871125,,,,85311.71,-1,-1,-1,-1,-1,17610.89883
2025-03-19,83203.86430628513,87000,82547.16,84777.0325,93927.77008836485,93927.77008836485,88324.4991369201,88324.4991369201,83863.8400680283,83863.8400680283,83664.09740920944,83664.09740920944,83863.8400680283,83863.8400680283,83664.09740920944,83664.09740920944,,,,85311.71,-1,-1,-1,-1,-1,28151.05374
2025-03-20,83990.44840314257,87453.67,83655.23,85544.555,93927.77008836485,93927.77008836485,88324.4991369201,88324.4991369201,83763.96873861886,83794.67679691536,83763.96873861886,83794.67679691536,83763.96873861886,83794.67679691536,83763.96873861886,83794.67679691536,,,85544.555,,1,1,-1,0,0,22090.30463
2025-03-21,84767.50170157128,84850.33,83175.25,84084.4375,93927.77008836485,93927.77008836485,88324.4991369201,88324.4991369201,83779.32276776711,83893.36522259834,83779.32276776711,83893.36522259834,83779.32276776711,83893.36522259834,83779.32276776711,83893.36522259834,,,,,1,1,-1,0,0,11956.97443
2025-03-22,84425.96960078564,84539.17,83625.1,84023.4125,93927.77008836485,93927.77008836485,88324.4991369201,88324.4991369201,83836.34399518273,83962.53518148133,83836.34399518273,83962.53518148133,83836.34399518273,83962.53518148133,83836.34399518273,83962.53518148133,,,,,1,1,-1,0,0,5420.24239
2025-03-23,84224.69105039282,86129.64,83809.75,84965.62,91126.13461264248,91126.13461264248,86357.46008883856,86357.46008883856,83899.43958833204,84067.69361394823,83899.43958833204,84067.69361394823,83899.43958833204,84067.69361394823,83899.43958833204,84067.69361394823,,,,,1,1,-1,0,0,8462.01212
2025-03-24,84595.1555251964,88765.43,84595.1555251964,86966.295,91126.13461264248,91126.13461264248,86357.46008883856,86357.46008883856,83983.56660114013,84309.01780675723,83983.56660114013,84309.01780675723,83983.56660114013,84309.01780675723,83983.56660114013,84309.01780675723,,,,,1,1,-1,0,0,30115.68449
2025-03-25,85780.7252625982,88539.63,85780.7252625982,87435.16500000001,91126.13461264248,91126.13461264248,86357.46008883856,86357.46008883856,84146.29220394869,84650.52852558292,84146.29220394869,84650.52852558292,84146.29220394869,84650.52852558292,84146.29220394869,84650.52852558292,,,,,1,1,-1,0,0,22643.25248
2025-03-26,86607.9451312991,88275,85860,87109.2625,91126.13461264248,91126.13461264248,86357.46008883856,86357.46008883856,84398.4103647658,85015.4578283453,84398.4103647658,85015.4578283453,84398.4103647658,85015.4578283453,84398.4103647658,85015.4578283453,,,,,1,1,-1,0,0,18408.78485
2025-03-27,86858.60381564955,87756.39,85800,86924.3925,91126.13461264248,91126.13461264248,86357.46008883856,86357.46008883856,84706.93409655556,85347.48161412927,84706.93409655556,85347.48161412927,84706.93409655556,85347.48161412927,84706.93409655556,85347.48161412927,,,,,1,1,-1,0,0,17098.03897
2025-03-28,86891.49815782477,87515.67,83585,85689.265,91126.13461264248,91126.13461264248,86357.46008883856,86357.46008883856,85027.20785534242,85553.34841863529,85027.20785534242,85553.34841863529,85027.20785534242,85553.34841863529,85027.20785534242,85553.34841863529,,,,,1,1,-1,0,0,27182.73169
2025-03-29,86290.38157891238,86290.38157891238,81644.81,83335.61499999999,91126.13461264248,91126.13461264248,86357.46008883856,86357.46008883856,85290.27813698885,85546.0372492555,85290.27813698885,85546.0372492555,85290.27813698885,85546.0372492555,85290.27813698885,85546.0372492555,,,,,1,1,-1,0,0,11696.39864
2025-03-30,84812.99828945618,84812.99828945618,81565,82534.54,88741.79735074053,88741.79735074053,85557.65000021328,85557.65000021328,85418.15769312218,85418.15769312218,85354.65620536472,85354.65620536472,85418.15769312218,85418.15769312218,85354.65620536472,85354.65620536472,,,,,-1,-1,-1,-1,0,9864.49508
2025-03-31,83673.76914472808,83943.08,81278.52,82540.40250000001,88741.79735074053,88741.79735074053,85557.65000021328,85557.65000021328,85386.40694924345,85386.40694924345,85043.5038698439,85043.5038698439,85386.40694924345,85386.40694924345,85043.5038698439,85043.5038698439,,83943.08,,88767.43,-1,-1,-1,-1,-1,20569.13885
2025-04-01,83107.08582236405,85579.46,82432.74,83930.13500000001,88741.79735074053,88741.79735074053,85557.65000021328,85557.65000021328,85214.95540954368,85214.95540954368,84784.41956533393,84784.41956533393,85214.95540954368,85214.95540954368,84784.41956533393,84784.41956533393,,,,88767.43,-1,-1,-1,-1,-1,20190.39697
2025-04-02,83518.61041118203,88500,82320,84623.66,88741.79735074053,88741.79735074053,85557.65000021328,85557.65000021328,84999.6874874388,84999.6874874388,84659.61560433697,84659.61560433697,84999.6874874388,84999.6874874388,84659.61560433697,84659.61560433697,,,,88767.43,-1,-1,-1,-1,-1,39931.457
2025-04-03,84071.13520559101,84071.13520559101,81211.24,82734.6575,88741.79735074053,88741.79735074053,85557.65000021328,85557.65000021328,84829.65154588789,84829.65154588789,84455.81165573471,84455.81165573471,84829.65154588789,84829.65154588789,84455.81165573471,84455.81165573471,,,,88767.43,-1,-1,-1,-1,-1,27337.84135
2025-04-04,83402.8963527955,84720,81659,83370.48999999999,88741.79735074053,88741.79735074053,85557.65000021328,85557.65000021328,84642.7316008113,84642.7316008113,84256.9062514949,84256.9062514949,84642.7316008113,84642.7316008113,84256.9062514949,84256.9062514949,,,,88767.43,-1,-1,-1,-1,-1,32915.53976
2025-04-05,83386.69317639775,84266,82379.95,83518.4525,88741.79735074053,88741.79735074053,85557.65000021328,85557.65000021328,84449.81892615311,84449.81892615311,84086.8275221923,84086.8275221923,84449.81892615311,84449.81892615311,84086.8275221923,84086.8275221923,,,,88767.43,-1,-1,-1,-1,-1,9360.40468
2025-04-06,83452.57283819887,83817.63,77153.83,80734.8625,87149.72367547691,87149.72367547691,84354.97852392725,84354.97852392725,84268.32322417271,84268.32322417271,83758.82600961618,83758.82600961618,84268.32322417271,84268.32322417271,83758.82600961618,83758.82600961618,,,,88767.43,-1,-1,-1,-1,-1,27942.71436
2025-04-07,82093.71766909944,82093.71766909944,74508,78336.205,87149.72367547691,87149.72367547691,84354.97852392725,84354.97852392725,84013.57461689445,84013.57461689445,83205.6772215192,83205.6772215192,84013.57461689445,84013.57461689445,83205.6772215192,83205.6772215192,,,,88767.43,-1,-1,-1,-1,-1,78387.53089
2025-04-08,80214.96133454972,80867.99,76239.9,78148.3875,87149.72367547691,87149.72367547691,84354.97852392725,84354.97852392725,83609.62591920682,83609.62591920682,82561.95289704001,82561.95289704001,83609.62591920682,83609.62591920682,82561.95289704001,82561.95289704001,,,,88767.43,-1,-1,-1,-1,-1,35317.32063
2025-04-09,79181.67441727486,83588,74620,79286.41,87149.72367547691,87149.72367547691,84354.97852392725,84354.97852392725,83085.78940812341,83085.78940812341,81959.95427515227,81959.95427515227,83085.78940812341,83085.78940812341,81959.95427515227,81959.95427515227,,,,88767.43,-1,-1,-1,-1,-1,75488.28772
2025-04-10,79234.04220863743,82753.21,78464.36,80860.02249999999,87149.72367547691,87149.72367547691,84354.97852392725,84354.97852392725,82522.87184163784,82522.87184163784,81533.95086511639,81533.95086511639,82522.87184163784,82522.87184163784,81533.95086511639,81533.95086511639,,,,88767.43,-1,-1,-1,-1,-1,33284.80718
2025-04-11,80047.03235431871,84300,78969.58,81575.18,87149.72367547691,87149.72367547691,84354.97852392725,84354.97852392725,82028.41135337712,82028.41135337712,81307.50458251861,81307.50458251861,82028.41135337712,82028.41135337712,81307.50458251861,81307.50458251861,,,,88767.43,-1,-1,-1,-1,-1,34435.43797
2025-04-12,80811.10617715935,85905,80811.10617715935,84349.67000000001,87149.72367547691,87149.72367547691,84354.97852392725,84354.97852392725,81667.95796794786,81667.95796794786,81349.5377400673,81349.5377400673,81667.95796794786,81667.95796794786,81349.5377400673,81349.5377400673,,,,88767.43,-1,-1,-1,-1,-1,18470.74437
2025-04-13,82580.38808857968,86100,82580.38808857968,84542.785,85752.35109970208,85752.35109970208,82795.10994942246,82795.10994942246,81508.74785400758,81600.38455174313,81508.74785400758,81600.38455174313,81508.74785400758,81600.38455174313,81508.74785400758,81600.38455174313,,,84542.785,,1,1,-1,0,0,24680.04181
2025-04-14,83561.58654428984,85799.99,83561.58654428984,84457.3925,85752.35109970208,85752.35109970208,82795.10994942246,82795.10994942246,81554.56620287536,81961.42456122757,81554.56620287536,81961.42456122757,81554.56620287536,81961.42456122757,81554.56620287536,81961.42456122757,,,,,1,1,-1,0,0,28659.09348
2025-04-15,84009.48952214493,86496.42,83600,84582.9975,85752.35109970208,85752.35109970208,82795.10994942246,82795.10994942246,81757.99538205146,82370.87009403664,81757.99538205146,82370.87009403664,81757.99538205146,82370.87009403664,81757.99538205146,82370.87009403664,,,,,1,1,-1,0,0,20910.99528
2025-04-16,84296.24351107246,85500,83111.64,84071.5025,85752.35109970208,85752.35109970208,82795.10994942246,82795.10994942246,82064.43273804405,82728.52035679034,82064.43273804405,82728.52035679034,82064.43273804405,82728.52035679034,82064.43273804405,82728.52035679034,,,,,1,1,-1,0,0,20867.24519
2025-04-17,84183.87300553624,85470.01,83736.26,84546.14000000001,85752.35109970208,85752.35109970208,82795.10994942246,82795.10994942246,82396.47654741719,83051.47273670594,82396.47654741719,83051.47273670594,82396.47654741719,83051.47273670594,82396.47654741719,83051.47273670594,,,,,1,1,-1,0,0,13728.84772
2025-04-18,84365.00650276813,85132.08,84303.96,84714.6625,85752.35109970208,85752.35109970208,82795.10994942246,82795.10994942246,82723.97464206156,83342.40202635422,82723.97464206156,83342.40202635422,82723.97464206156,83342.40202635422,82723.97464206156,83342.40202635422,,,,,1,1,-1,0,0,6529.96315
2025-04-19,84539.83450138406,85677.99,84364.45,84898.5375,85752.35109970208,85752.35109970208,82795.10994942246,82795.10994942246,83033.18833420788,83613.97355921158,83033.18833420788,83613.97355921158,83033.18833420788,83613.97355921158,83033.18833420788,83613.97355921158,,,,,1,1,-1,0,0,9666.58153
2025-04-20,84719.18600069203,85320.76,83949.52,84881.63,84273.73052456227,84273.73052456227,83058.29939711772,83058.29939711772,83323.58094670971,83838.8225359638,83323.58094670971,83838.8225359638,83323.58094670971,83838.8225359638,83323.58094670971,83838.8225359638,,,,,1,1,-1,0,0,8091.67725
2025-04-21,84800.40800034601,88465.99,84800.40800034601,86576.555,84273.73052456227,84273.73052456227,83058.29939711772,83058.29939711772,83581.20174133674,84150.15363304455,83581.20174133674,84150.15363304455,83581.20174133674,84150.15363304455,83581.20174133674,84150.15363304455,,,,,1,1,-1,0,0,31773.37262
2025-04-22,85688.481500173,93888,85688.481500173,90480.81,84273.73052456227,84273.73052456227,83058.29939711772,83058.29939711772,83865.67768719063,84720.88944430818,83865.67768719063,84720.88944430818,83865.67768719063,84720.88944430818,83865.67768719063,84720.88944430818,,,,,1,1,-1,0,0,43872.74705
2025-04-23,88084.64575008649,94696.05,88084.64575008649,93441.3825,84273.73052456227,84273.73052456227,83058.29939711772,83058.29939711772,84293.2835657494,85552.19207229654,84293.2835657494,85552.19207229654,84293.2835657494,85552.19207229654,84293.2835657494,85552.19207229654,,,,,1,1,-1,0,0,27404.16808
2025-04-24,90763.01412504325,94005,90763.01412504325,93334.13750000001,84273.73052456227,84273.73052456227,83058.29939711772,83058.29939711772,84922.73781902296,86532.49768671113,84922.73781902296,86532.49768671113,84922.73781902296,86532.49768671113,84922.73781902296,86532.49768671113,,,,,1,1,-1,0,0,19497.06071
2025-04-25,92048.57581252162,95758.04,92048.57581252162,94308.2875,84273.73052456227,84273.73052456227,83058.29939711772,83058.29939711772,85727.61775286704,87612.94004850902,85727.61775286704,87612.94004850902,85727.61775286704,87612.94004850902,85727.61775286704,87612.94004850902,,,,,1,1,-1,0,0,27500.66648
2025-04-26,93178.43165626081,95199,93178.43165626081,94584.0925,84273.73052456227,84273.73052456227,83058.29939711772,83058.29939711772,86670.27890068802,88687.9952755366,86670.27890068802,88687.9952755366,86670.27890068802,88687.9952755366,86670.27890068802,88687.9952755366,,,,,1,1,-1,0,0,9415.06875
2025-04-27,93881.26207813041,95369,93602.58,94337.22,83666.01496084001,85321.6967371122,83666.01496084001,85321.6967371122,87679.1370881123,89688.31173650466,87679.1370881123,89688.31173650466,87679.1370881123,89688.31173650466,87679.1370881123,89688.31173650466,,,,,1,1,1,1,0,11162.841
2025-04-28,94109.24103906521,95630,92800.01,94297.62,83666.01496084001,85321.6967371122,83666.01496084001,85321.6967371122,88683.72441230848,90556.98439813525,88683.72441230848,90556.98439813525,88683.72441230848,90556.98439813525,88683.72441230848,90556.98439813525,92800.01,,,83947.52,1,1,1,1,1,22157.53351
2025-04-29,94203.4305195326,95461.53,93742.54,94618.0175,83666.01496084001,85321.6967371122,83666.01496084001,85321.6967371122,89620.35440522186,91313.42231638488,89620.35440522186,91313.42231638488,89620.35440522186,91313.42231638488,89620.35440522186,91313.42231638488,,,,83947.52,1,1,1,1,1,16955.3402
2025-04-30,94410.7240097663,95228.45,92910,94141.8175,83666.01496084001,85321.6967371122,83666.01496084001,85321.6967371122,90466.88836080338,91920.58895032865,90466.88836080338,91920.58895032865,90466.88836080338,91920.58895032865,90466.88836080338,91920.58895032865,,,,83947.52,1,1,1,1,1,17661.2751
2025-05-01,94276.27075488315,97424.02,94130.43,95554.09,83666.01496084001,85321.6967371122,83666.01496084001,85321.6967371122,91193.73865556602,92508.43237847059,91193.73865556602,92508.43237847059,91193.73865556602,92508.43237847059,91193.73865556602,92508.43237847059,,,,83947.52,1,1,1,1,1,21380.45343
2025-05-02,94915.18037744157,97895.68,94915.18037744157,96905.68,83666.01496084001,85321.6967371122,83666.01496084001,85321.6967371122,91851.0855170183,93107.15911695907,91851.0855170183,93107.15911695907,91851.0855170183,93107.15911695907,91851.0855170183,93107.15911695907,,,,83947.52,1,1,1,1,1,14905.74811
2025-05-03,95910.43018872078,96935.67,95753.01,96358.0575,83666.01496084001,85321.6967371122,83666.01496084001,85321.6967371122,92479.1223169887,93664.97673316224,92479.1223169887,93664.97673316224,92479.1223169887,93664.97673316224,92479.1223169887,93664.97673316224,,,,83947.52,1,1,1,1,1,9723.34838
2025-05-04,96134.24384436039,96304.48,94151.38,95147.475,84493.8558489761,88302.04451399094,84493.8558489761,88302.04451399094,93072.04952507548,94082.57321876175,93072.04952507548,94082.57321876175,93072.04952507548,94082.57321876175,93072.04952507548,94082.57321876175,,,,83947.52,1,1,1,1,1,11036.38342
2025-05-05,95640.85942218019,95640.85942218019,93514.1,94431.09749999999,84493.8558489761,88302.04451399094,84493.8558489761,88302.04451399094,93577.31137191862,94341.82098913738,93577.31137191862,94341.82098913738,93577.31137191862,94341.82098913738,93577.31137191862,94341.82098913738,,,,83947.52,1,1,1,1,1,17251.18189
2025-05-06,95035.9784610901,96920.65,93377,95466.3375,84493.8558489761,88302.04451399094,84493.8558489761,88302.04451399094,93959.566180528,94539.08510430246,93959.566180528,94539.08510430246,93959.566180528,94539.08510430246,93959.566180528,94539.08510430246,,,,83947.52,1,1,1,1,1,16122.64513
2025-05-07,95251.15798054505,97732,95251.15798054505,96845.2825,84493.8558489761,88302.04451399094,84493.8558489761,88302.04451399094,94249.32564241524,94784.99187013239,94249.32564241524,94784.99187013239,94249.32564241524,94784.99187013239,94249.32564241524,94784.99187013239,,,,83947.52,1,1,1,1,1,16644.83854
2025-05-08,96048.22024027252,104145.76,96048.22024027252,100328.5375,84493.8558489761,88302.04451399094,84493.8558489761,88302.04451399094,94517.15875627381,95287.09881640892,94517.15875627381,95287.09881640892,94517.15875627381,95287.09881640892,94517.15875627381,95287.09881640892,,,,83947.52,1,1,1,1,1,34962.02847
2025-05-09,98188.37887013626,104361.3,98188.37887013626,103227.51,84493.8558489761,88302.04451399094,84493.8558489761,88302.04451399094,94902.12878634137,96028.46366855213,94902.12878634137,96028.46366855213,94902.12878634137,96028.46366855213,94902.12878634137,96028.46366855213,,,,83947.52,1,1,1,1,1,27617.39907
2025-05-10,100707.94443506813,104984.57,100707.94443506813,103896.2125,84493.8558489761,88302.04451399094,84493.8558489761,88302.04451399094,95465.29622744676,96956.27430390623,95465.29622744676,96956.27430390623,95465.29622744676,96956.27430390623,95465.29622744676,96956.27430390623,,,,83947.52,1,1,1,1,1,15324.78611
2025-05-11,102302.07846753407,104972,102302.07846753407,104311.14749999999,86397.95018148352,92220.020016335,86397.95018148352,92220.020016335,96210.7852656765,97968.41276083689,96210.7852656765,97968.41276083689,96210.7852656765,97968.41276083689,96210.7852656765,97968.41276083689,,,,83947.52,1,1,1,1,1,17987.12197
2025-05-12,103306.61298376703,105819.45,100718.37,103361.785,86397.95018148352,92220.020016335,86397.95018148352,92220.020016335,97089.5990132567,98914.8010838583,97089.5990132567,98914.8010838583,97089.5990132567,98914.8010838583,97089.5990132567,98914.8010838583,,,,83947.52,1,1,1,1,1,31272.77792
2025-05-13,103334.19899188352,104976.25,101429.7,103325.2475,86397.95018148352,92220.020016335,86397.95018148352,92220.020016335,98002.2000485575,99743.2532380783,98002.2000485575,99743.2532380783,98002.2000485575,99743.2532380783,98002.2000485575,99743.2532380783,,,,83947.52,1,1,1,1,1,21253.42409
2025-05-14,103329.72324594176,104356.95,102602.05,103642.635,86397.95018148352,92220.020016335,86397.95018148352,92220.020016335,98872.72664331789,100462.2719165727,98872.72664331789,100462.2719165727,98872.72664331789,100462.2719165727,98872.72664331789,100462.2719165727,,,,83947.52,1,1,1,1,1,16452.9081
2025-05-15,103486.17912297088,104192.7,101383.07,103211.8275,86397.95018148352,92220.020016335,86397.95018148352,92220.020016335,99667.49927994529,101029.47372112965,99667.49927994529,101029.47372112965,99667.49927994529,101029.47372112965,99667.49927994529,101029.47372112965,,,,83947.52,1,1,1,1,1,17998.98604
2025-05-16,103349.00331148543,104550.33,103100.49,103719.60750000001,86397.95018148352,92220.020016335,86397.95018148352,92220.020016335,100348.48650053747,101529.75758385549,100348.48650053747,101529.75758385549,100348.48650053747,101529.75758385549,100348.48650053747,101529.75758385549,,,,83947.52,1,1,1,1,1,15683.88024
2025-05-17,103534.30540574272,103709.86,102612.5,103228.22750000001,86397.95018148352,92220.020016335,86397.95018148352,92220.020016335,100939.12204219648,101918.02033246802,100939.12204219648,101918.02033246802,100939.12204219648,101918.02033246802,100939.12204219648,101918.02033246802,,,,83947.52,1,1,1,1,1,11250.89622
2025-05-18,103381.26645287136,106660,103105.09,104836.5,89308.98509890925,96223.65560934553,89308.98509890925,96223.65560934553,101428.57118733224,102328.33795122051,101428.57118733224,102328.33795122051,101428.57118733224,102328.33795122051,101428.57118733224,102328.33795122051,,,,101381.07,1,1,1,1,1,21599.98726
2025-05-19,104108.88322643569,107108.62,102000,105284.1575,89308.98509890925,96223.65560934553,89308.98509890925,96223.65560934553,101878.45456927638,102724.00414933954,101878.45456927638,102724.00414933954,101878.45456927638,102724.00414933954,101878.45456927638,102724.00414933954,,,,101381.07,1,1,1,1,1,30260.03524
2025-05-20,104696.52036321785,107320,104184.72,105982.10999999999,89308.98509890925,96223.65560934553,89308.98509890925,96223.65560934553,102301.22935930795,103159.47801436974,102301.22935930795,103159.47801436974,102301.22935930795,103159.47801436974,102301.22935930795,103159.47801436974,,,,101381.07,1,1,1,1,1,23705.48275
2025-05-21,105339.31518160892,110797.38,105339.31518160892,108347.845,89308.98509890925,96223.65560934553,89308.98509890925,96223.65560934553,102730.35368683885,103744.60900262247,102730.35368683885,103744.60900262247,102730.35368683885,103744.60900262247,102730.35368683885,103744.60900262247,,,,101998,1,1,1,1,1,45531.040345
2025-05-22,106843.58009080446,111980,106843.58009080446,110624.3925,89308.98509890925,96223.65560934553,89308.98509890925,96223.65560934553,103237.48134473067,104491.2949453875,103237.48134473067,104491.2949453875,103237.48134473067,104491.2949453875,103237.48134473067,104491.2949453875,,,,101998,1,1,1,1,1,31630.77313
2025-05-23,108733.98629540222,111800,106800,109403.62999999999,89308.98509890925,96223.65560934553,89308.98509890925,96223.65560934553,103864.38814505909,105256.91364120791,103864.38814505909,105256.91364120791,103864.38814505909,105256.91364120791,103864.38814505909,105256.91364120791,,,,101998,1,1,1,1,1,31737.72309
2025-05-24,109068.80814770111,109506.03,106875.41,107865.4125,89308.98509890925,96223.65560934553,89308.98509890925,96223.65560934553,104560.6508931335,105887.26916776564,104560.6508931335,105887.26916776564,104560.6508931335,105887.26916776564,104560.6508931335,105887.26916776564,,,,101998,1,1,1,1,1,16782.53129
2025-05-25,108467.11032385056,109299.99,106600.64,108166.68000000001,92766.32035412738,100430.30775997594,92766.32035412738,100430.30775997594,105223.96003044957,106381.10938355453,105223.96003044957,106381.10938355453,105223.96003044957,106381.10938355453,105223.96003044957,106381.10938355453,,,,104182.72,1,1,1,1,1,17710.04695
2025-05-26,108316.89516192529,110422.22,108316.89516192529,109382.9475,92766.32035412738,100430.30775997594,92766.32035412738,100430.30775997594,105802.53470700205,106854.11304624785,105802.53470700205,106854.11304624785,105802.53470700205,106854.11304624785,105802.53470700205,106854.11304624785,,,,105337.31518160892,1,1,1,1,1,14649.11593
2025-05-27,108849.92133096265,110718,107516.57,109151.87999999999,92766.32035412738,100430.30775997594,92766.32035412738,100430.30775997594,106328.32387662496,107270.84629208187,106328.32387662496,107270.84629208187,106328.32387662496,107270.84629208187,106328.32387662496,107270.84629208187,,,,106598.64,1,1,1,1,1,21276.65635
2025-05-28,109000.90066548131,109284.7,106769.43,108193.51999999999,92766.32035412738,100430.30775997594,92766.32035412738,100430.30775997594,106799.58508435341,107557.8810400745,106799.58508435341,107557.8810400745,106799.58508435341,107557.8810400745,106799.58508435341,107557.8810400745,,,,106598.64,1,1,1,1,1,15633.78829
2025-05-29,108597.21033274065,108891.91,105322.86,106896.575,92766.32035412738,100430.30775997594,92766.32035412738,100430.30775997594,107178.73306221396,107680.20905963644,107178.73306221396,107680.20905963644,107178.73306221396,107680.20905963644,107178.73306221396,107680.20905963644,,,,106598.64,1,1,1,1,1,19834.70116
2025-05-30,107746.89266637032,107746.89266637032,103621,104877.3375,92766.32035412738,100430.30775997594,92766.32035412738,100430.30775997594,107429.4710609252,107587.7685041919,107429.4710609252,107587.7685041919,107429.4710609252,107587.7685041919,107429.4710609252,107587.7685041919,,,104877.3375,,1,1,1,1,0,23706.49799
2025-05-31,106312.11508318516,106312.11508318516,103068.55,104136.475,92766.32035412738,100430.30775997594,92766.32035412738,100430.30775997594,107508.61978255857,107508.61978255857,107310.81138164228,107310.81138164228,107508.61978255857,107508.61978255857,107310.81138164228,107310.81138164228,,,,,-1,-1,1,0,0,11289.35922
2025-06-01,105224.29504159259,105866.91,103752.49,104963.5525,96598.31405705167,103420.64208339129,96598.31405705167,103420.64208339129,107409.71558210044,107409.71558210044,106971.87588034188,106971.87588034188,107409.71558210044,107409.71558210044,106971.87588034188,106971.87588034188,,,,,-1,-1,1,0,0,9709.70006
2025-06-02,105093.9237707963,105935.63,103659.88,105274.1075,96598.31405705167,103420.64208339129,96598.31405705167,103420.64208339129,107190.79573122117,107190.79573122117,106637.61792972233,106637.61792972233,107190.79573122117,107190.79573122117,106637.61792972233,106637.61792972233,,,,,-1,-1,1,0,0,13453.98813
2025-06-03,105184.01563539816,106794.67,104872.5,105725.515,96598.31405705167,103420.64208339129,96598.31405705167,103420.64208339129,106914.20683047175,106914.20683047175,106393.32486202229,106393.32486202229,106914.20683047175,106914.20683047175,106393.32486202229,106393.32486202229,,,,,-1,-1,1,0,0,13259.52634
2025-06-04,105454.76531769909,106000,104179,105063.19,96598.31405705167,103420.64208339129,96598.31405705167,103420.64208339129,106653.76584624703,106653.76584624703,106170.95822753137,106170.95822753137,106653.76584624703,106653.76584624703,106170.95822753137,106170.95822753137,,,,,-1,-1,1,0,0,14034.89482
2025-06-05,105258.97765884954,105909.71,100372.26,103121.8775,96598.31405705167,103420.64208339129,96598.31405705167,103420.64208339129,106412.3620368892,106412.3620368892,105844.49807029615,105844.49807029615,106412.3620368892,106412.3620368892,105844.49807029615,105844.49807029615,,,,,-1,-1,1,0,0,22321.50154
2025-06-06,104190.42757942478,105333,101095.8,103056.4825,96598.31405705167,103420.64208339129,96598.31405705167,103420.64208339129,106128.43005359267,106128.43005359267,105476.54372576949,105476.54372576949,106128.43005359267,106128.43005359267,105476.54372576949,105476.54372576949,,,,,-1,-1,1,0,0,15839.07385
2025-06-07,103623.4550397124,105900,103623.4550397124,104902.91750000001,96598.31405705167,103420.64208339129,96598.31405705167,103420.64208339129,105802.48688968108,105802.48688968108,105219.13509113142,105219.13509113142,105802.48688968108,105802.48688968108,105219.13509113142,105219.13509113142,,,,,-1,-1,1,0,0,8344.93206
2025-06-08,104263.1862698562,106488.14,104263.1862698562,105684.6075,100009.47807022148,104135.2176267086,100009.47807022148,104135.2176267086,105510.81099040626,105510.81099040626,105095.06838774892,105095.06838774892,105510.81099040626,105510.81099040626,105095.06838774892,105095.06838774892,,,,,-1,-1,1,0,0,8048.06305
2025-06-09,104973.89688492811,110530.17,104973.89688492811,107961.3925,100009.47807022148,104135.2176267086,100009.47807022148,104135.2176267086,105302.9396890776,105302.9396890776,105216.26131992288,105216.26131992288,105302.9396890776,105302.9396890776,105216.26131992288,105216.26131992288,,,,,-1,-1,1,0,0,19975.37451
2025-06-10,106467.64469246406,110400,106467.64469246406,109817.11000000002,100009.47807022148,104135.2176267086,100009.47807022148,104135.2176267086,105259.60050450024,105545.87033505375,105259.60050450024,105545.87033505375,105259.60050450024,105545.87033505375,105259.60050450024,105545.87033505375,,,,,1,1,1,1,0,17071.82839
2025-06-11,108142.37734623204,110392.01,108064,109343.88,100009.47807022148,104135.2176267086,100009.47807022148,104135.2176267086,105402.735419777,106005.43867558187,105402.735419777,106005.43867558187,105402.735419777,106005.43867558187,105402.735419777,106005.43867558187,108064,,,100370.26,1,1,1,1,1,13115.91638
2025-06-12,108743.12867311602,108813.55,105671.72,107200.5325,100009.47807022148,104135.2176267086,100009.47807022148,104135.2176267086,105704.08704767945,106362.28560051252,105704.08704767945,106362.28560051252,105704.08704767945,106362.28560051252,105704.08704767945,106362.28560051252,,,,100370.26,1,1,1,1,1,17778.67218
2025-06-13,107971.830586558,107971.830586558,102664.31,105145.54250000001,100009.47807022148,104135.2176267086,100009.47807022148,104135.2176267086,106033.186324096,106491.1335270594,106033.186324096,106491.1335270594,106033.186324096,106491.1335270594,106033.186324096,106491.1335270594,,,,100370.26,1,1,1,1,1,26180.81734
2025-06-14,106558.68654327901,106558.68654327901,104300,105508.3075,100009.47807022148,104135.2176267086,100009.47807022148,104135.2176267086,106262.1599255777,106483.7324811884,106262.1599255777,106483.7324811884,106262.1599255777,106483.7324811884,106262.1599255777,106483.7324811884,,,,100370.26,1,1,1,1,1,8798.93969
2025-06-15,106033.4970216395,106128.57,104494.53,105407.935,102072.34784846504,105077.11229187368,102072.34784846504,105077.11229187368,106372.94620338305,106394.26981749051,106372.94620338305,106394.26981749051,106372.94620338305,106394.26981749051,106372.94620338305,106394.26981749051,,,,100370.26,1,1,1,1,1,7164.20047
2025-06-16,105720.71601081974,108952.38,104980.37,106580.32500000001,102072.34784846504,105077.11229187368,102072.34784846504,105077.11229187368,106383.60801043677,106383.60801043677,106367.11416867278,106367.11416867278,106383.60801043677,106383.60801043677,106367.11416867278,106367.11416867278,,,106580.32500000001,,-1,-1,1,0,0,14922.6654
2025-06-17,106150.52050540988,107771.34,103371.02,105622.015,102072.34784846504,105077.11229187368,102072.34784846504,105077.11229187368,106375.36108955478,106375.36108955478,106297.69572879602,106297.69572879602,106375.36108955478,106375.36108955478,106297.69572879602,106297.69572879602,,,,,-1,-1,1,0,0,17866.33025
2025-06-18,105886.26775270494,105886.26775270494,103500,104622.055,102072.34784846504,105077.11229187368,102072.34784846504,105077.11229187368,106336.5284091754,106336.5284091754,106147.6072921919,106147.6072921919,106336.5284091754,106336.5284091754,106147.6072921919,106147.6072921919,,,,,-1,-1,1,0,0,13968.64167
2025-06-19,105254.16137635247,105254.16137635247,103929.27,104675.20499999999,102072.34784846504,105077.11229187368,102072.34784846504,105077.11229187368,106242.06785068364,106242.06785068364,105955.84087919747,105955.84087919747,106242.06785068364,106242.06785068364,105955.84087919747,105955.84087919747,,,,,-1,-1,1,0,0,7678.60737
2025-06-20,104964.68318817622,106524.65,102345,104206.5575,102072.34784846504,105077.11229187368,102072.34784846504,105077.11229187368,106098.95436494055,106098.95436494055,105737.85049027532,105737.85049027532,106098.95436494055,106098.95436494055,105737.85049027532,105737.85049027532,,,,,-1,-1,1,0,0,16419.06283
2025-06-21,104585.6203440881,104585.6203440881,100837.9,102559.6325,102072.34784846504,105077.11229187368,102072.34784846504,105077.11229187368,105918.40242760793,105918.40242760793,105405.39655826887,105405.39655826887,105918.40242760793,105918.40242760793,105405.39655826887,105405.39655826887,,,,,-1,-1,1,0,0,11154.21332
2025-06-22,103572.62642204406,103572.62642204406,98200,101170.8775,103574.73007016936,104717.98189994833,103574.73007016936,104717.98189994833,105661.89949293839,105661.89949293839,104914.57459246615,104914.57459246615,105661.89949293839,105661.89949293839,104914.57459246615,104914.57459246615,,,,,-1,-1,1,0,0,28746.41072
2025-06-23,102371.75196102203,106074.2,99613.33,102996.3325,103574.73007016936,104717.98189994833,103574.73007016936,104717.98189994833,105288.23704270227,105288.23704270227,104494.35358822838,104494.35358822838,105288.23704270227,105288.23704270227,104494.35358822838,104494.35358822838,,,,,-1,-1,1,0,0,27666.50609
2025-06-24,102684.04223051103,106290,102684.04223051103,105582.24,103574.73007016936,104717.98189994833,103574.73007016936,104717.98189994833,104891.29531546531,104891.29531546531,104281.87067754204,104281.87067754204,104891.29531546531,104891.29531546531,104281.87067754204,104281.87067754204,,,,,-1,-1,1,0,0,14651.69335
2025-06-25,104133.14111525551,108135.3,104133.14111525551,106841.7275,103574.73007016936,104717.98189994833,103574.73007016936,104717.98189994833,104586.58299650367,104586.58299650367,104318.61925300716,104318.61925300716,104586.58299650367,104586.58299650367,104318.61925300716,104318.61925300716,,,,,-1,-1,1,0,0,16701.15551
2025-06-26,105487.43430762776,108272.45,105487.43430762776,107280.65,103574.73007016936,104717.98189994833,103574.73007016936,104717.98189994833,104452.60112475541,104541.40173496258,104452.60112475541,104541.40173496258,104452.60112475541,104541.40173496258,104452.60112475541,104541.40173496258,,,,,1,1,1,1,0,10573.27279
2025-06-27,106384.04215381388,107735.34,106356.76,107021.6875,103574.73007016936,104717.98189994833,103574.73007016936,104717.98189994833,104497.001429859,104852.74962018541,104497.001429859,104852.74962018541,104497.001429859,104852.74962018541,104497.001429859,104852.74962018541,106356.76,,,98198,1,1,1,1,1,12232.44042
2025-06-28,106702.86482690694,107577.75,106702.86482690694,107183.4075,103574.73007016936,104717.98189994833,103574.73007016936,104717.98189994833,104674.8755250222,105192.62060380212,104674.8755250222,105192.62060380212,104674.8755250222,105192.62060380212,104674.8755250222,105192.62060380212,,,,98198,1,1,1,1,1,3282.17352
2025-06-29,106943.13616345347,108528.5,106943.13616345347,107838.685,104146.35598505885,104469.91856614633,104146.35598505885,104469.91856614633,104933.74806441217,105561.95983863877,104933.74806441217,105561.95983863877,104933.74806441217,105561.95983863877,104933.74806441217,105561.95983863877,,,,98198,1,1,1,1,1,6831.7364
2025-06-30,107390.91058172673,108789.99,106733.33,107756.6875,104146.35598505885,104469.91856614633,104146.35598505885,104469.91856614633,105247.85395152547,105921.49767549969,105247.85395152547,105921.49767549969,105247.85395152547,105921.49767549969,105247.85395152547,105921.49767549969,,,,98198,1,1,1,1,1,9754.12491
2025-07-01,107573.79904086336,107573.79904086336,105250.85,106404.625,104146.35598505885,104469.91856614633,104146.35598505885,104469.91856614633,105584.67581351259,106158.5504966954,105584.67581351259,106158.5504966954,105584.67581351259,106158.5504966954,105584.67581351259,106158.5504966954,,,,98198,1,1,1,1,1,10505.62437
2025-07-02,106989.21202043167,109730,105100.19,107340.23000000001,104146.35598505885,104469.91856614633,104146.35598505885,104469.91856614633,105871.613155104,106369.74025844563,105871.613155104,106369.74025844563,105871.613155104,106369.74025844563,105871.613155104,106369.74025844563,,,,98198,1,1,1,1,1,17691.89592
2025-07-03,107164.72101021584,110529.18,107164.72101021584,109373.48749999999,104146.35598505885,104469.91856614633,104146.35598505885,104469.91856614633,106120.67670677482,106662.80989141016,106120.67670677482,106662.80989141016,106120.67670677482,106662.80989141016,106120.67670677482,106662.80989141016,,,,98198,1,1,1,1,1,13047.08225
2025-07-04,108269.10425510792,109767.59,107245,108645.4,104146.35598505885,104469.91856614633,104146.35598505885,104469.91856614633,106391.74329909249,106961.26137989288,106391.74329909249,106961.26137989288,106391.74329909249,106961.26137989288,106391.74329909249,106961.26137989288,,,,98198,1,1,1,1,1,11793.86615
2025-07-05,108457.25212755395,108457.25212755395,107756.31,108089.81,104146.35598505885,104469.91856614633,104146.35598505885,104469.91856614633,106676.50233949268,107209.77382419673,106676.50233949268,107209.77382419673,106676.50233949268,107209.77382419673,106676.50233949268,107209.77382419673,,,,98198,1,1,1,1,1,3736.9757
2025-07-06,108273.53106377697,109700,107800.01,108725.4925,104308.1372756026,105531.65583160336,104308.1372756026,105531.65583160336,106943.1380818447,107451.5227041383,106943.1380818447,107451.5227041383,106943.1380818447,107451.5227041383,106943.1380818447,107451.5227041383,,,,98198,1,1,1,1,1,6447.607
2025-07-07,108499.51178188849,109700,107513.2,108669.9975,104308.1372756026,105531.65583160336,104308.1372756026,105531.65583160336,107197.33039299151,107666.04148067404,107197.33039299151,107666.04148067404,107197.33039299151,107666.04148067404,107197.33039299151,107666.04148067404,,,,98198,1,1,1,1,1,9405.37601
2025-07-08,108584.75464094424,109216.56,107429.57,108458.0125,104308.1372756026,105531.65583160336,104308.1372756026,105531.65583160336,107431.68593683279,107833.3664923518,107431.68593683279,107833.3664923518,107431.68593683279,107833.3664923518,107431.68593683279,107833.3664923518,,,,98198,1,1,1,1,1,9216.0208
2025-07-09,108521.38357047213,111999.79,108324.53,110120.325,104308.1372756026,105531.65583160336,104308.1372756026,105531.65583160336,107632.52621459229,108081.06400004729,107632.52621459229,108081.06400004729,107632.52621459229,108081.06400004729,107632.52621459229,108081.06400004729,,,,98198,1,1,1,1,1,17282.2865
2025-07-10,109320.85428523607,116868,109320.85428523607,113653,104308.1372756026,105531.65583160336,104308.1372756026,105531.65583160336,107856.79510731979,108570.84400520037,107856.79510731979,108570.84400520037,107856.79510731979,108570.84400520037,107856.79510731979,108570.84400520037,,,,98198,1,1,1,1,1,24883.450665
2025-07-11,111486.92714261803,118869.98,111486.92714261803,116907.4675,104308.1372756026,105531.65583160336,104308.1372756026,105531.65583160336,108213.81955626009,109343.13969125925,108213.81955626009,109343.13969125925,108213.81955626009,109343.13969125925,108213.81955626009,109343.13969125925,,,,107427.57,1,1,1,1,1,25873.521148
2025-07-12,114197.19732130901,118200,114197.19732130901,117511.9275,104308.1372756026,105531.65583160336,104308.1372756026,105531.65583160336,108778.47962375967,110297.6279753663,108778.47962375967,110297.6279753663,108778.47962375967,110297.6279753663,108778.47962375967,110297.6279753663,,,,107427.57,1,1,1,1,1,8446.60437
2025-07-13,115854.5624106545,119488,115854.5624106545,118304.8575,104919.89655360297,108303.98837969158,104919.89655360297,108303.98837969158,109538.05379956299,111372.19962839056,109538.05379956299,111372.19962839056,109538.05379956299,111372.19962839056,109538.05379956299,111372.19962839056,,,,107427.57,1,1,1,1,1,9550.792947
2025-07-14,117079.70995532724,123218,117079.70995532724,120262.75249999999,104919.89655360297,108303.98837969158,104919.89655360297,108303.98837969158,110455.12671397677,112588.14137529282,110455.12671397677,112588.14137529282,110455.12671397677,112588.14137529282,110455.12671397677,112588.14137529282,,,,108322.53,1,1,1,1,1,27269.348877
2025-07-15,118671.23122766361,119940.83,115736.92,118319.2525,104919.89655360297,108303.98837969158,104919.89655360297,108303.98837969158,111521.6340446348,113651.48459554704,111521.6340446348,113651.48459554704,111521.6340446348,113651.48459554704,111521.6340446348,113651.48459554704,,,,109318.85428523607,1,1,1,1,1,32018.46083
2025-07-16,118495.2418638318,120063.84,117017.29,118367.40999999999,104919.89655360297,108303.98837969158,104919.89655360297,108303.98837969158,112586.55932009092,114577.44128681331,112586.55932009092,114577.44128681331,112586.55932009092,114577.44128681331,112586.55932009092,114577.44128681331,,,,111484.92714261803,1,1,1,1,1,17039.90851
2025-07-17,118431.3259319159,120998.71,117453.57,119065.07,104919.89655360297,108303.98837969158,104919.89655360297,108303.98837969158,113582.00030345212,115401.53020461896,113582.00030345212,115401.53020461896,113582.00030345212,115401.53020461896,113582.00030345212,115401.53020461896,,,,114195.19732130901,1,1,1,1,1,15728.57651
2025-07-18,118748.19796595795,120820.71,116812.76,118683.9675,104919.89655360297,108303.98837969158,104919.89655360297,108303.98837969158,114491.76525403555,116085.20535842786,114491.76525403555,116085.20535842786,114491.76525403555,116085.20535842786,114491.76525403555,116085.20535842786,,,,115734.92,1,1,1,1,1,19924.66266
2025-07-19,118716.08273297898,118716.08273297898,117277.34,117885.51999999999,104919.89655360297,108303.98837969158,104919.89655360297,108303.98837969158,115288.48530623171,116587.68051981083,115288.48530623171,116587.68051981083,115288.48530623171,116587.68051981083,115288.48530623171,116587.68051981083,,,,115734.92,1,1,1,1,1,6635.80306
2025-07-20,118300.80136648948,118856.8,116467.02,117607.2375,106611.94246664728,111833.54377149126,106611.94246664728,111833.54377149126,115938.08291302128,116930.63863483947,115938.08291302128,116930.63863483947,115938.08291302128,116930.63863483947,115938.08291302128,116930.63863483947,,,,115734.92,1,1,1,1,1,12962.92889
2025-07-21,117954.01943324474,119676.73,116515,117709.29999999999,106611.94246664728,111833.54377149126,106611.94246664728,111833.54377149126,116434.36077393037,117182.51897505032,116434.36077393037,117182.51897505032,116434.36077393037,117182.51897505032,116434.36077393037,117182.51897505032,,,,116465.02,1,1,1,1,1,17107.33128
2025-07-22,117831.65971662237,120247.8,116128,118427.645,106611.94246664728,111833.54377149126,106611.94246664728,111833.54377149126,116808.43987449034,117386.84155195807,116808.43987449034,117386.84155195807,116808.43987449034,117386.84155195807,116808.43987449034,117386.84155195807,,,,116465.02,1,1,1,1,1,20959.12973
2025-07-23,118129.65235831118,120090,117301,119025.355,106611.94246664728,111833.54377149126,106611.94246664728,111833.54377149126,117097.6407132242,117593.27300230344,117097.6407132242,117593.27300230344,117097.6407132242,117593.27300230344,117097.6407132242,117593.27300230344,,,,116465.02,1,1,1,1,1,14558.75083
2025-07-24,118577.50367915559,119450,117103.1,118412.52249999999,106611.94246664728,111833.54377149126,106611.94246664728,111833.54377149126,117345.45685776381,117760.05288290777,117345.45685776381,117760.05288290777,117345.45685776381,117760.05288290777,117345.45685776381,117760.05288290777,,,,116465.02,1,1,1,1,1,15806.89043
2025-07-25,118495.01308957778,118495.01308957778,114723.16,117282.50499999999,106611.94246664728,111833.54377149126,106611.94246664728,111833.54377149126,117552.75487033579,117792.44970824588,117552.75487033579,117792.44970824588,117552.75487033579,117792.44970824588,117552.75487033579,117792.44970824588,,,,116465.02,1,1,1,1,1,38406.34873
2025-07-26,117888.7590447889,118297.35,117138.38,117742.5075,106611.94246664728,111833.54377149126,106611.94246664728,111833.54377149126,117672.60228929084,117805.2837314438,117672.60228929084,117805.2837314438,117672.60228929084,117805.2837314438,117672.60228929084,117805.2837314438,,,,116465.02,1,1,1,1,1,6991.67206
2025-07-27,117815.63327239445,119766.65,117815.63327239445,118731.9225,109222.74311906927,114418.56947196595,109222.74311906927,114418.56947196595,117738.94301036731,117875.9108115809,117738.94301036731,117875.9108115809,117738.94301036731,117875.9108115809,117738.94301036731,117875.9108115809,,,,116465.02,1,1,1,1,1,9328.30919
2025-07-28,118273.77788619723,119800,117427.5,118676.345,109222.74311906927,114418.56947196595,109222.74311906927,114418.56947196595,117807.4269109741,117968.29188541985,117807.4269109741,117968.29188541985,117807.4269109741,117968.29188541985,117807.4269109741,117968.29188541985,,,,116465.02,1,1,1,1,1,13961.74754
2025-07-29,118475.06144309862,119273.36,116950.75,118059.2975,109222.74311906927,114418.56947196595,109222.74311906927,114418.56947196595,117887.85939819698,118031.07641768735,117887.85939819698,118031.07641768735,117887.85939819698,118031.07641768735,117887.85939819698,118031.07641768735,,,,116465.02,1,1,1,1,1,15137.93445
2025-07-30,118267.17947154932,118792,115796.23,117594.81999999999,109222.74311906927,114418.56947196595,109222.74311906927,114418.56947196595,117959.46790794216,118023.17417276329,117959.46790794216,118023.17417276329,117959.46790794216,118023.17417276329,117959.46790794216,118023.17417276329,,,,116465.02,1,1,1,1,1,15586.73631
2025-07-31,117930.99973577465,118922.45,115500,117006.705,109222.74311906927,114418.56947196595,109222.74311906927,114418.56947196595,117991.32104035272,117991.32104035272,117958.76330390364,117958.76330390364,117991.32104035272,117991.32104035272,117958.76330390364,117958.76330390364,,,117006.705,,-1,-1,1,0,0,17010.0073
2025-08-01,117468.85236788733,117468.85236788733,112722.58,114459.145,109222.74311906927,114418.56947196595,109222.74311906927,114418.56947196595,117975.04217212819,117975.04217212819,117712.80215443937,117712.80215443937,117975.04217212819,117975.04217212819,117712.80215443937,117712.80215443937,,,,,-1,-1,1,0,0,24487.10206
2025-08-02,115963.99868394368,115963.99868394368,112003,112977.69,109222.74311906927,114418.56947196595,109222.74311906927,114418.56947196595,117843.92216328379,117843.92216328379,117288.18647913671,117288.18647913671,117843.92216328379,117843.92216328379,117288.18647913671,117288.18647913671,,,,,-1,-1,1,0,0,11507.33428
2025-08-03,114470.84434197184,114799.97,111920,113368.78,111820.6562955176,115435.3002288793,111820.6562955176,115435.3002288793,117566.05432121025,117566.05432121025,116765.74024011602,116765.74024011602,117566.05432121025,117566.05432121025,116765.74024011602,116765.74024011602,,,,,-1,-1,1,0,0,7397.76046
2025-08-04,113919.81217098591,115720,113919.81217098591,114772.86000000002,111820.6562955176,115435.3002288793,111820.6562955176,115435.3002288793,117165.89728066314,117165.89728066314,116327.92140371766,116327.92140371766,117165.89728066314,117165.89728066314,116327.92140371766,116327.92140371766,,,,,-1,-1,1,0,0,9667.67916
2025-08-05,114346.33608549296,115127.81,112650,114240.64749999999,111820.6562955176,115435.3002288793,111820.6562955176,115435.3002288793,116746.9093421904,116746.9093421904,115924.7861238567,115924.7861238567,116746.9093421904,116746.9093421904,115924.7861238567,115924.7861238567,,,,,-1,-1,1,0,0,12042.79078
2025-08-06,114293.49179274647,115716,113355.13,114548.2875,111820.6562955176,115435.3002288793,111820.6562955176,115435.3002288793,116335.84773302355,116335.84773302355,115608.07332208424,115608.07332208424,116335.84773302355,116335.84773302355,115608.07332208424,115608.07332208424,,,,,-1,-1,1,0,0,9761.15318
2025-08-07,114420.88964637324,117621,114259,116086.07,111820.6562955176,115435.3002288793,111820.6562955176,115435.3002288793,115971.96052755389,115971.96052755389,115459.26660032457,115459.26660032457,115971.96052755389,115971.96052755389,115459.26660032457,115459.26660032457,,,,,-1,-1,1,0,0,13468.56263
2025-08-08,115253.47982318662,117630,115253.47982318662,116913.86750000001,111820.6562955176,115435.3002288793,111820.6562955176,115435.3002288793,115715.61356393923,115715.61356393923,115461.2403689495,115461.2403689495,115715.61356393923,115715.61356393923,115461.2403689495,115461.2403689495,,,,,-1,-1,1,0,0,10045.31278
2025-08-09,116083.67366159332,117944.05,116083.67366159332,116845.04250000001,111820.6562955176,115435.3002288793,111820.6562955176,115435.3002288793,115588.42696644436,115588.42696644436,115575.74986869421,115575.74986869421,115588.42696644436,115588.42696644436,115575.74986869421,115575.74986869421,,,,,-1,-1,1,0,0,9514.13144
2025-08-10,116464.35808079666,119311.11,116460.63,117882,113627.97826219846,115864.47098901274,113627.97826219846,115864.47098901274,115582.08841756928,115802.85649315329,115582.08841756928,115802.85649315329,115582.08841756928,115802.85649315329,115582.08841756928,115802.85649315329,,,,,1,1,1,1,0,14322.77073
2025-08-11,117173.17904039833,122335.16,117173.17904039833,119591.385,113627.97826219846,115864.47098901274,113627.97826219846,115864.47098901274,115692.47245536128,116199.09463141605,115692.47245536128,116199.09463141605,115692.47245536128,116199.09463141605,115692.47245536128,116199.09463141605,117173.17904039833,,,111918,1,1,1,1,1,26494.33429
2025-08-12,118382.28202019917,120324.43,118207.47,119337.99500000001,113627.97826219846,115864.47098901274,113627.97826219846,115864.47098901274,115945.78354338866,116638.5790624839,115945.78354338866,116638.5790624839,115945.78354338866,116638.5790624839,115945.78354338866,116638.5790624839,,,,111918,1,1,1,1,1,16720.10893
2025-08-13,118860.13851009958,123667.79,118860.13851009958,121507.3075,113627.97826219846,115864.47098901274,113627.97826219846,115864.47098901274,116292.18130293628,117206.8064252103,116292.18130293628,117206.8064252103,116292.18130293628,117206.8064252103,116292.18130293628,117206.8064252103,,,,111918,1,1,1,1,1,23210.07102
2025-08-14,120183.72300504979,124474,117180,120813.8825,113627.97826219846,115864.47098901274,113627.97826219846,115864.47098901274,116749.49386407329,117779.18763457616,116749.49386407329,117779.18763457616,116749.49386407329,117779.18763457616,116749.49386407329,117779.18763457616,,,,111918,1,1,1,1,1,27980.947586
2025-08-15,120498.8027525249,120498.8027525249,116803.99,117914.4875,113627.97826219846,115864.47098901274,113627.97826219846,115864.47098901274,117264.34074932472,118148.50625376344,117264.34074932472,118148.50625376344,117264.34074932472,118148.50625376344,117264.34074932472,118148.50625376344,,,,111918,1,1,1,1,1,13623.33874
2025-08-16,119206.64512626245,119206.64512626245,117143.98,117441.41750000001,113627.97826219846,115864.47098901274,113627.97826219846,115864.47098901274,117706.42350154408,118329.84744799465,117706.42350154408,118329.84744799465,117706.42350154408,118329.84744799465,117706.42350154408,118329.84744799465,,,,111918,1,1,1,1,1,6393.68117
2025-08-17,118324.03131313123,118575,117172.21,117633.22,114746.2246256056,117371.74891166687,114746.2246256056,117371.74891166687,118018.13547476937,118378.58603910594,118018.13547476937,118378.58603910594,118018.13547476937,118378.58603910594,118018.13547476937,118378.58603910594,,,,111918,1,1,1,1,1,5898.64192
2025-08-18,117978.62565656562,117978.62565656562,114640.14,116453.9875,114746.2246256056,117371.74891166687,114746.2246256056,117371.74891166687,118198.36075693765,118257.7092628847,118198.36075693765,118257.7092628847,118198.36075693765,118257.7092628847,118198.36075693765,118257.7092628847,,,,111918,1,1,1,1,1,17745.93954
2025-08-19,117216.30657828282,117216.30657828282,112732.58,114639.565,114746.2246256056,117371.74891166687,114746.2246256056,117371.74891166687,118228.03500991117,118228.03500991117,117951.83168075983,117951.83168075983,118228.03500991117,118228.03500991117,117951.83168075983,117951.83168075983,,,114639.565,,-1,-1,1,0,0,18065.47424
2025-08-20,115927.93578914141,115927.93578914141,112380,113534.8925,114746.2246256056,117371.74891166687,114746.2246256056,117371.74891166687,118089.93334533549,118089.93334533549,117497.16519477364,117497.16519477364,118089.93334533549,118089.93334533549,117497.16519477364,117497.16519477364,,,,,-1,-1,1,0,0,15636.34194
2025-08-21,114731.4141445707,114821.76,112015.67,113402.165,114746.2246256056,117371.74891166687,114746.2246256056,117371.74891166687,117793.54927005456,117793.54927005456,116951.26190943511,116951.26190943511,117793.54927005456,117793.54927005456,116951.26190943511,116951.26190943511,,,,,-1,-1,1,0,0,10839.69235
2025-08-22,114066.78957228534,117429.05,111684.79,114637.45749999999,114746.2246256056,117371.74891166687,114746.2246256056,117371.74891166687,117372.40558974483,117372.40558974483,116474.57458593369,116474.57458593369,117372.40558974483,117372.40558974483,116474.57458593369,116474.57458593369,,,,,-1,-1,1,0,0,23128.09037
2025-08-23,114352.12353614267,117030,114352.12353614267,115991.0125,114746.2246256056,117371.74891166687,114746.2246256056,117371.74891166687,116923.49008783925,116923.49008783925,116159.38630671192,116159.38630671192,116923.49008783925,116923.49008783925,116159.38630671192,116159.38630671192,,,,,-1,-1,1,0,0,11329.36197
2025-08-24,115171.56801807132,115666.68,110680,113819.58249999999,116058.98676863623,116625.98622009897,116058.98676863623,116625.98622009897,116541.43819727558,116541.43819727558,115805.6381162134,115805.6381162134,116541.43819727558,116541.43819727558,115805.6381162134,115805.6381162134,,,,,-1,-1,1,0,0,21175.98462
2025-08-25,114495.57525903566,114495.57525903566,109274.1,111636.73749999999,116058.98676863623,116625.98622009897,116058.98676863623,116625.98622009897,116173.53815674449,116173.53815674449,115344.54308405226,115344.54308405226,116173.53815674449,116173.53815674449,115344.54308405226,115344.54308405226,,,,,-1,-1,1,0,0,25182.79379
2025-08-26,113066.15637951782,113066.15637951782,108666.66,110728.215,116058.98676863623,116625.98622009897,116058.98676863623,116625.98622009897,115759.04062039837,115759.04062039837,114777.1213006621,114777.1213006621,115759.04062039837,115759.04062039837,114777.1213006621,114777.1213006621,,,,,-1,-1,1,0,0,18452.43877
2025-08-27,111897.18568975892,112625,110345.42,111498.9125,116058.98676863623,116625.98622009897,116058.98676863623,116625.98622009897,115268.08096053023,115268.08096053023,114229.1696459047,114229.1696459047,115268.08096053023,115268.08096053023,114229.1696459047,114229.1696459047,,,,,-1,-1,1,0,0,13392.60875
2025-08-28,111698.04909487946,113485.9,110862.42,112044.3075,116058.98676863623,116625.98622009897,116058.98676863623,116625.98622009897,114748.62530321747,114748.62530321747,113777.32549615703,113777.32549615703,114748.62530321747,114748.62530321747,113777.32549615703,113777.32549615703,,,,,-1,-1,1,0,0,11104.27744
2025-08-29,111871.17829743974,112638.64,107463.9,110261.70999999999,116058.98676863623,116625.98622009897,116058.98676863623,116625.98622009897,114262.97539968726,114262.97539968726,113280.37881100395,113280.37881100395,114262.97539968726,114262.97539968726,113280.37881100395,113280.37881100395,,,,,-1,-1,1,0,0,22580.31045
2025-08-30,111066.44414871986,111066.44414871986,107350.1,108367.49500000001,116058.98676863623,116625.98622009897,116058.98676863623,116625.98622009897,113771.6771053456,113771.6771053456,112709.11409245303,112709.11409245303,113771.6771053456,113771.6771053456,112709.11409245303,112709.11409245303,,,,,-1,-1,1,0,0,10708.39159
2025-08-31,109716.96957435994,109716.96957435994,108076.93,108654.9075,116342.4864943676,116342.4864943676,114789.75765654202,114789.75765654202,113240.39559889933,113240.39559889933,112116.50878554945,112116.50878554945,113240.39559889933,113240.39559889933,112116.50878554945,112116.50878554945,,,,,-1,-1,-1,-1,0,9489.51596
2025-09-01,109185.93853717997,109912.4,107255,108662.795,116342.4864943676,116342.4864943676,114789.75765654202,114789.75765654202,112678.45219222439,112678.45219222439,111541.07293999405,111541.07293999405,112678.45219222439,112678.45219222439,111541.07293999405,111541.07293999405,,109912.4,,117032,-1,-1,-1,-1,-1,16053.60219
2025-09-02,108924.36676858999,111771.52,108393.39,110160.58750000001,116342.4864943676,116342.4864943676,114789.75765654202,114789.75765654202,112109.76256610922,112109.76256610922,111118.88226781516,111118.88226781516,112109.76256610922,112109.76256610922,111118.88226781516,111118.88226781516,,,,117032,-1,-1,-1,-1,-1,18510.28756
2025-09-03,109542.477134295,112575.27,109542.477134295,111512.425,116342.4864943676,116342.4864943676,114789.75765654202,114789.75765654202,111614.3224169622,111614.3224169622,110892.9070696279,110892.9070696279,111614.3224169622,111614.3224169622,110892.9070696279,110892.9070696279,,,,117032,-1,-1,-1,-1,-1,11773.72084
2025-09-04,110527.4510671475,112180,109329.12,110986.42749999999,116342.4864943676,116342.4864943676,114789.75765654202,114789.75765654202,111253.61474329505,111253.61474329505,110775.26020577685,110775.26020577685,111253.61474329505,111253.61474329505,110775.26020577685,110775.26020577685,,,,117032,-1,-1,-1,-1,-1,12203.13536
2025-09-05,110756.93928357374,113384.62,110206.96,111245.61,116342.4864943676,116342.4864943676,114789.75765654202,114789.75765654202,111014.43747453595,111014.43747453595,110775.76030176783,110775.76030176783,111014.43747453595,111014.43747453595,110775.76030176783,110775.76030176783,,,,117032,-1,-1,-1,-1,-1,21587.40888
2025-09-06,111001.27464178688,111307.7,109977,110533.16750000001,116342.4864943676,116342.4864943676,114789.75765654202,114789.75765654202,110895.0988881519,110895.0988881519,110769.68481177953,110769.68481177953,110895.0988881519,110895.0988881519,110769.68481177953,110769.68481177953,,,,117032,-1,-1,-1,-1,-1,5000.29897
2025-09-07,110767.22107089344,111600,110180,110776.32999999999,115566.1220754548,115566.1220754548,112933.86999656985,112933.86999656985,110832.39184996572,110832.39184996572,110772.28984586889,110772.28984586889,110832.39184996572,110832.39184996572,110772.28984586889,110772.28984586889,,,,117032,-1,-1,-1,-1,-1,5681.29944
2025-09-08,110771.77553544671,112924.37,110621.78,111687.1825,115566.1220754548,115566.1220754548,112933.86999656985,112933.86999656985,110802.34084791731,110838.30438737661,110802.34084791731,110838.30438737661,110802.34084791731,110838.30438737661,110802.34084791731,110838.30438737661,,,111687.1825,,1,1,-1,0,0,11582.40211
2025-09-09,111229.47901772335,113293.29,110766.66,111917.8925,115566.1220754548,115566.1220754548,112933.86999656985,112933.86999656985,110820.32261764696,110954.75792826281,110820.32261764696,110954.75792826281,110820.32261764696,110954.75792826281,110820.32261764696,110954.75792826281,,,,,1,1,-1,0,0,15379.28248
2025-09-10,111573.68575886168,114313.13,110917.45,112684.24,115566.1220754548,115566.1220754548,112933.86999656985,112933.86999656985,110887.5402729549,111135.09122613883,110887.5402729549,111135.09122613883,110887.5402729549,111135.09122613883,110887.5402729549,111135.09122613883,,,,,1,1,-1,0,0,17517.41823
2025-09-11,112128.96287943085,115488.09,112128.96287943085,114590.19499999999,115566.1220754548,115566.1220754548,112933.86999656985,112933.86999656985,111011.31574954686,111436.93222857667,111011.31574954686,111436.93222857667,111011.31574954686,111436.93222857667,111011.31574954686,111436.93222857667,,,,,1,1,-1,0,0,13676.73119
2025-09-12,113359.57893971543,116665.63,113359.57893971543,115729.6825,115566.1220754548,115566.1220754548,112933.86999656985,112933.86999656985,111224.12398906177,111874.83006227264,111224.12398906177,111874.83006227264,111224.12398906177,111874.83006227264,111224.12398906177,111874.83006227264,,,,,1,1,-1,0,0,15324.10719
2025-09-13,114544.63071985771,116298.78,114544.63071985771,115843.4375,115566.1220754548,115566.1220754548,112933.86999656985,112933.86999656985,111549.4770256672,112384.34146667799,111549.4770256672,112384.34146667799,111549.4770256672,112384.34146667799,111549.4770256672,112384.34146667799,,,,,1,1,-1,0,0,8269.40394
2025-09-14,115194.03410992885,116165.19,115135,115621.6225,114249.99603601232,114249.99603601232,112809.42665393012,112809.42665393012,111966.9092461726,112901.63524969418,111966.9092461726,112901.63524969418,111966.9092461726,112901.63524969418,111966.9092461726,112901.63524969418,,,,,1,1,-1,0,0,6707.60197
2025-09-15,115407.82830496442,116757.99,114384,115439.9275,114249.99603601232,114249.99603601232,112809.42665393012,112809.42665393012,112434.27224793339,113373.7768996837,112434.27224793339,113373.7768996837,112434.27224793339,113373.7768996837,112434.27224793339,113373.7768996837,,,,,1,1,-1,0,0,13212.51149
2025-09-16,115423.87790248221,116964.27,114737.11,115960.01250000001,114249.99603601232,114249.99603601232,112809.42665393012,112809.42665393012,112904.02457380854,113807.22439865097,112904.02457380854,113807.22439865097,112904.02457380854,113807.22439865097,112904.02457380854,113807.22439865097,,,,,1,1,-1,0,0,10926.9094
2025-09-17,115691.94520124112,117286.73,114720.81,116311.02249999999,114249.99603601232,114249.99603601232,112809.42665393012,112809.42665393012,113355.62448622975,114204.64678942763,113355.62448622975,114204.64678942763,113355.62448622975,114204.64678942763,113355.62448622975,114204.64678942763,,,,,1,1,-1,0,0,16754.2454
2025-09-18,116001.48385062056,117900,116001.48385062056,116878.4725,114249.99603601232,114249.99603601232,112809.42665393012,112809.42665393012,113780.13563782869,114611.50730609075,113780.13563782869,114611.50730609075,113780.13563782869,114611.50730609075,113780.13563782869,114611.50730609075,,,,,1,1,-1,0,0,11657.23365
2025-09-19,116439.97817531027,117459.99,115100,116316.475,114249.99603601232,114249.99603601232,112809.42665393012,112809.42665393012,114195.82147195972,114954.05141277681,114195.82147195972,114954.05141277681,114195.82147195972,114954.05141277681,114195.82147195972,114954.05141277681,,,,,1,1,-1,0,0,8992.09065
2025-09-20,116378.22658765514,116378.22658765514,115408.47,115712.07500000001,114249.99603601232,114249.99603601232,112809.42665393012,112809.42665393012,114574.93644236827,115204.1451631015,114574.93644236827,115204.1451631015,114574.93644236827,115204.1451631015,114574.93644236827,115204.1451631015,,,,,1,1,-1,0,0,4674.92752
2025-09-21,116045.15079382758,116045.15079382758,115188,115481.245,113529.71134497122,113633.63694327831,113529.71134497122,113633.63694327831,114889.54080273489,115364.032600703,114889.54080273489,115364.032600703,114889.54080273489,115364.032600703,114889.54080273489,115364.032600703,,,,,1,1,1,1,0,4511.52219
2025-09-22,115763.19789691379,115763.19789691379,111800,113765.63249999999,113529.71134497122,113633.63694327831,113529.71134497122,113633.63694327831,115126.78670171894,115341.66669138405,115126.78670171894,115341.66669138405,115126.78670171894,115341.66669138405,115126.78670171894,115341.66669138405,111800,,,111798,1,1,1,1,1,20781.71356
2025-09-23,114764.41519845689,114764.41519845689,111458.73,112349.75499999999,113529.71134497122,113633.63694327831,113529.71134497122,113633.63694327831,115234.22669655149,115234.22669655149,115152.79923662137,115152.79923662137,115234.22669655149,115234.22669655149,115152.79923662137,115152.79923662137,,,112349.75499999999,,-1,-1,1,0,0,12301.3203
2025-09-24,113557.08509922844,113940,111042.66,112572.11499999999,113529.71134497122,113633.63694327831,113529.71134497122,113633.63694327831,115193.51296658642,115193.51296658642,114853.56471668197,114853.56471668197,115193.51296658642,115193.51296658642,114853.56471668197,114853.56471668197,,,,,-1,-1,1,0,0,12369.25967
2025-09-25,113064.60004961421,113510.23,108631.51,111110.81,113529.71134497122,113633.63694327831,113529.71134497122,113633.63694327831,115023.53884163419,115023.53884163419,114422.87507810773,114422.87507810773,115023.53884163419,115023.53884163419,114422.87507810773,114422.87507810773,,,,,-1,-1,1,0,0,21231.14957
2025-09-26,112087.7050248071,112087.7050248071,108620.07,109389.505,113529.71134497122,113633.63694327831,113529.71134497122,113633.63694327831,114723.20695987095,114723.20695987095,113877.29735204381,113877.29735204381,114723.20695987095,114723.20695987095,113877.29735204381,113877.29735204381,,,,,-1,-1,1,0,0,14243.01591
2025-09-27,110738.60501240355,110738.60501240355,109064.4,109521.905,113529.71134497122,113633.63694327831,113529.71134497122,113633.63694327831,114300.25215595738,114300.25215595738,113279.4572046947,113279.4572046947,114300.25215595738,114300.25215595738,113279.4572046947,113279.4572046947,,,,,-1,-1,1,0,0,5501.78643
2025-09-28,110130.25500620177,112350,109189.99,110834.94750000001,113581.67414412476,113581.67414412476,113331.62604404036,113331.62604404036,113789.85468032604,113789.85468032604,112764.62877343007,112764.62877343007,113789.85468032604,113789.85468032604,112764.62877343007,112764.62877343007,,,,,-1,-1,-1,-1,0,7542.3316
2025-09-29,110482.60125310089,114400,110482.60125310089,113109.1425,113581.67414412476,113581.67414412476,113331.62604404036,113331.62604404036,113277.24172687806,113277.24172687806,112466.94950356171,112466.94950356171,113277.24172687806,113277.24172687806,112466.94950356171,112466.94950356171,,114400,,116380.22658765514,-1,-1,-1,-1,-1,15541.12005
2025-09-30,111795.87187655045,114792,111795.87187655045,113952.2925,113581.67414412476,113581.67414412476,113331.62604404036,113331.62604404036,112872.09561521989,112872.09561521989,112382.8822495977,112382.8822495977,112872.09561521989,112872.09561521989,112382.8822495977,112382.8822495977,,,,116380.22658765514,-1,-1,-1,-1,-1,15044.15633
2025-10-01,112874.08218827522,118649.1,112874.08218827522,116314.925,113581.67414412476,113581.67414412476,113331.62604404036,113331.62604404036,112627.48893240879,112627.48893240879,112592.10998392914,112592.10998392914,112627.48893240879,112627.48893240879,112592.10998392914,112592.10998392914,,,,116380.22658765514,-1,-1,-1,-1,-1,20036.39516
2025-10-02,114594.50359413761,121022.07,114594.50359413761,119606.43,113581.67414412476,113581.67414412476,113331.62604404036,113331.62604404036,112609.79945816896,113121.95108778511,112609.79945816896,113121.95108778511,112609.79945816896,113121.95108778511,112609.79945816896,113121.95108778511,,,119606.43,,1,1,-1,0,0,19670.83503
2025-10-03,117100.4667970688,123894.99,117100.4667970688,121476.16,113581.67414412476,113581.67414412476,113331.62604404036,113331.62604404036,112865.87527297703,113971.08314165118,112865.87527297703,113971.08314165118,112865.87527297703,113971.08314165118,112865.87527297703,113971.08314165118,,,,,1,1,-1,0,0,23936.328
2025-10-04,119288.3133985344,122800,119288.3133985344,122233.3025,113581.67414412476,113581.67414412476,113331.62604404036,113331.62604404036,113418.4792073141,114983.46913857677,113418.4792073141,114983.46913857677,113418.4792073141,114983.46913857677,113418.4792073141,114983.46913857677,,,,,1,1,-1,0,0,8208.16678
2025-10-05,120760.80794926721,125708.42,120760.80794926721,123429.43000000001,113456.65009408256,115038.94266847507,113456.65009408256,115038.94266847507,114200.97417294543,116138.7068114582,114200.97417294543,116138.7068114582,114200.97417294543,116138.7068114582,114200.97417294543,116138.7068114582,,,,,1,1,1,1,0,22043.097553
2025-10-06,122095.1189746336,126199.63,122095.1189746336,124356.1225,113456.65009408256,115038.94266847507,113456.65009408256,115038.94266847507,115169.84049220181,117348.73246332364,115169.84049220181,117348.73246332364,115169.84049220181,117348.73246332364,115169.84049220181,117348.73246332364,122095.1189746336,,,109062.4,1,1,1,1,1,19494.628793
2025-10-07,123225.6207373168,125126,120574.94,122923.1075,113456.65009408256,115038.94266847507,113456.65009408256,115038.94266847507,116259.28647776273,118412.40528717246,116259.28647776273,118412.40528717246,116259.28647776273,118412.40528717246,116259.28647776273,118412.40528717246,,,,109062.4,1,1,1,1,1,21633.99385
2025-10-08,123074.3641186584,124197.25,121066.14,122475.58750000001,113456.65009408256,115038.94266847507,113456.65009408256,115038.94266847507,117335.84588246759,119290.20194874564,117335.84588246759,119290.20194874564,117335.84588246759,119290.20194874564,117335.84588246759,119290.20194874564,,,,109062.4,1,1,1,1,1,17012.618
2025-10-09,122774.9758093292,123762.94,119651.47,122095.70500000002,113456.65009408256,115038.94266847507,113456.65009408256,115038.94266847507,118313.02391560661,119947.04668002084,118313.02391560661,119947.04668002084,118313.02391560661,119947.04668002084,118313.02391560661,119947.04668002084,,,,109062.4,1,1,1,1,1,21559.36007
2025-10-10,122435.3404046646,122550,102000,114746.72750000001,113456.65009408256,115038.94266847507,113456.65009408256,115038.94266847507,119130.03529781371,119852.32713649551,119130.03529781371,119852.32713649551,119130.03529781371,119852.32713649551,119130.03529781371,119852.32713649551,,,,109062.4,1,1,1,1,1,64171.93927
2025-10-11,118591.0339523323,118591.0339523323,109561.59,111575.7175,113456.65009408256,115038.94266847507,113456.65009408256,115038.94266847507,119491.1812171546,119491.1812171546,119339.4595019322,119339.4595019322,119491.1812171546,119491.1812171546,119339.4595019322,119339.4595019322,,,111575.7175,,-1,-1,1,0,0,35448.51652
2025-10-12,115083.37572616615,115770,109565.06,112734.56499999999,114247.79638127881,115291.61053494066,114247.79638127881,115291.61053494066,119415.32035954339,119415.32035954339,118562.23599954571,118562.23599954571,119415.32035954339,119415.32035954339,118562.23599954571,118562.23599954571,,,,,-1,-1,1,0,0,32255.30272
2025-10-13,113908.97036308306,115963.81,113616.5,114926.28,114247.79638127881,115291.61053494066,114247.79638127881,115291.61053494066,118988.77817954453,118988.77817954453,117847.67872876313,117847.67872876313,118988.77817954453,118988.77817954453,117847.67872876313,117847.67872876313,,,,,-1,-1,1,0,0,22557.24033
2025-10-14,114417.62518154153,115409.96,109866,113367.52500000001,114247.79638127881,115291.61053494066,114247.79638127881,115291.61053494066,118418.22845415382,118418.22845415382,117106.89411943102,117106.89411943102,118418.22845415382,118418.22845415382,117106.89411943102,117106.89411943102,,,,,-1,-1,1,0,0,31870.32974
2025-10-15,113892.57509077077,113892.57509077077,110164,111891.94,114247.79638127881,115291.61053494066,114247.79638127881,115291.61053494066,117762.5612867924,117762.5612867924,116348.16160627197,116348.16160627197,117762.5612867924,117762.5612867924,116348.16160627197,116348.16160627197,,,,,-1,-1,1,0,0,22986.48811
2025-10-16,112892.2575453854,112892.2575453854,107427,109591.7525,114247.79638127881,115291.61053494066,114247.79638127881,115291.61053494066,117055.36144653217,117055.36144653217,115492.10023714625,115492.10023714625,117055.36144653217,117055.36144653217,115492.10023714625,115492.10023714625,,,,,-1,-1,1,0,0,29857.17252
2025-10-17,111242.0050226927,111242.0050226927,103528.23,106848.545,114247.79638127881,115291.61053494066,114247.79638127881,115291.61053494066,116273.7308418392,116273.7308418392,114445.76902259426,114445.76902259426,116273.7308418392,116273.7308418392,114445.76902259426,114445.76902259426,,,,,-1,-1,1,0,0,37920.66838
2025-10-18,109045.27501134636,109045.27501134636,106322.2,106859.4725,114247.79638127881,115291.61053494066,114247.79638127881,115291.61053494066,115359.74993221673,115359.74993221673,113368.35104318813,113368.35104318813,115359.74993221673,115359.74993221673,113368.35104318813,113368.35104318813,,,,,-1,-1,1,0,0,11123.18766
2025-10-19,107952.37375567318,109450.07,106103.36,107845.30249999999,114769.70345810974,114769.70345810974,113726.13254320275,113726.13254320275,114364.05048770242,114364.05048770242,112373.9493657524,112373.9493657524,114364.05048770242,114364.05048770242,112373.9493657524,112373.9493657524,,,,,-1,-1,-1,-1,0,15480.66423
2025-10-20,107898.83812783659,111705.56,107402.52,109570.73500000002,114769.70345810974,114769.70345810974,113726.13254320275,113726.13254320275,113368.9999267274,113368.9999267274,111622.82537550076,111622.82537550076,113368.9999267274,113368.9999267274,111622.82537550076,111622.82537550076,,111705.56,,118593.0339523323,-1,-1,-1,-1,-1,19193.4416
2025-10-21,108734.7865639183,114000,107473.72,110075.87,114769.70345810974,114769.70345810974,113726.13254320275,113726.13254320275,112495.91265111406,112495.91265111406,111134.3691814259,111134.3691814259,112495.91265111406,112495.91265111406,111134.3691814259,111134.3691814259,,,,118593.0339523323,-1,-1,-1,-1,-1,37228.85853
2025-10-22,109405.32828195914,109405.32828195914,106666.69,107923.9175,114769.70345810974,114769.70345810974,113726.13254320275,113726.13254320275,111815.14091626997,111815.14091626997,110658.95156504017,110658.95156504017,111815.14091626997,111815.14091626997,110658.95156504017,110658.95156504017,,,,118593.0339523323,-1,-1,-1,-1,-1,28610.78451
2025-10-23,108664.62289097958,111293.61,107500,109109.81,114769.70345810974,114769.70345810974,113726.13254320275,113726.13254320275,111237.04624065507,111237.04624065507,110302.25082474503,110302.25082474503,111237.04624065507,111237.04624065507,110302.25082474503,110302.25082474503,,,,118593.0339523323,-1,-1,-1,-1,-1,17573.09294
2025-10-24,108887.21644548979,112104.98,108887.21644548979,110722.0175,114769.70345810974,114769.70345810974,113726.13254320275,113726.13254320275,110769.64853270004,110769.64853270004,110122.28885909618,110122.28885909618,110769.64853270004,110769.64853270004,110122.28885909618,110122.28885909618,,,,118593.0339523323,-1,-1,-1,-1,-1,15005.16913
2025-10-25,109804.6169727449,111943.19,109804.6169727449,111316.80500000001,114769.70345810974,114769.70345810974,113726.13254320275,113726.13254320275,110445.9686958981,110445.9686958981,110091.19713088461,110091.19713088461,110445.9686958981,110445.9686958981,110091.19713088461,110091.19713088461,,,,118593.0339523323,-1,-1,-1,-1,-1,6407.96864
2025-10-26,110560.71098637246,115466.8,110560.71098637246,113233.23000000001,114247.91800065624,114247.91800065624,112672.2224651322,112672.2224651322,110268.58291339135,110286.83573436824,110268.58291339135,110286.83573436824,110268.58291339135,110286.83573436824,110268.58291339135,110286.83573436824,,,113233.23000000001,,1,1,-1,0,0,13454.47737
2025-10-27,111896.97049318624,116400,111896.97049318624,114724.26749999999,114247.91800065624,114247.91800065624,112672.2224651322,112672.2224651322,110277.7093238798,110684.15298374726,110277.7093238798,110684.15298374726,110277.7093238798,110684.15298374726,110277.7093238798,110684.15298374726,,,,,1,1,-1,0,0,21450.23241
2025-10-28,113310.61899659311,116086,112211,113825.77500000001,114247.91800065624,114247.91800065624,112672.2224651322,112672.2224651322,110480.93115381352,111151.71841260423,110480.93115381352,111151.71841260423,110480.93115381352,111151.71841260423,110480.93115381352,111151.71841260423,,,,,1,1,-1,0,0,15523.42257
2025-10-29,113568.19699829657,113643.73,109200,111440.86499999999,114247.91800065624,114247.91800065624,112672.2224651322,112672.2224651322,110816.32478320887,111442.04713157924,110816.32478320887,111442.04713157924,110816.32478320887,111442.04713157924,110816.32478320887,111442.04713157924,,,,,1,1,-1,0,0,21079.71376
2025-10-30,112504.53099914828,112504.53099914828,106304.34,109060.13,114247.91800065624,114247.91800065624,112672.2224651322,112672.2224651322,111129.18595739405,111457.65261092268,111129.18595739405,111457.65261092268,111129.18595739405,111457.65261092268,111129.18595739405,111457.65261092268,,,,,1,1,-1,0,0,25988.82838
2025-10-31,110782.33049957413,111190,108275.28,109349.04000000001,114247.91800065624,114247.91800065624,112672.2224651322,112672.2224651322,111293.41928415836,111326.40272474704,111293.41928415836,111326.40272474704,111293.41928415836,111326.40272474704,111293.41928415836,111326.40272474704,,,,,1,1,-1,0,0,21518.20439
2025-11-01,110065.68524978707,110564.49,109394.81,109916.35250000001,114247.91800065624,114247.91800065624,112672.2224651322,112672.2224651322,111309.91100445269,111309.91100445269,111145.94670788282,111145.94670788282,111309.91100445269,111309.91100445269,111145.94670788282,111145.94670788282,,,,,-1,-1,-1,-1,0,7378.50431
2025-11-02,109991.01887489355,111250.01,109471.34,110340.03249999999,113460.07023289423,113460.07023289423,112154.25705317194,112154.25705317194,111227.92885616775,111227.92885616775,110983.25866764312,110983.25866764312,111227.92885616775,111227.92885616775,110983.25866764312,110983.25866764312,,111250.01,,116402,-1,-1,-1,-1,-1,12107.00087
2025-11-03,110165.52568744676,110750,105306.56,108295.0725,113460.07023289423,113460.07023289423,112154.25705317194,112154.25705317194,111105.59376190543,111105.59376190543,110698.09588257292,110698.09588257292,111105.59376190543,111105.59376190543,110698.09588257292,110698.09588257292,,,,116402,-1,-1,-1,-1,-1,28681.18779
2025-11-04,109230.29909372338,109230.29909372338,98944.36,103580.9075,113460.07023289423,113460.07023289423,112154.25705317194,112154.25705317194,110901.84482223917,110901.84482223917,110080.43063081027,110080.43063081027,110901.84482223917,110901.84482223917,110080.43063081027,110080.43063081027,,,,110340.03249999999,-1,-1,-1,-1,-1,50534.87376
2025-11-05,106405.6032968617,106405.6032968617,98966.8,102220.98250000001,113460.07023289423,113460.07023289423,112154.25705317194,112154.25705317194,110491.13772652471,110491.13772652471,109207.23721488731,109207.23721488731,110491.13772652471,110491.13772652471,109207.23721488731,109207.23721488731,,,,110340.03249999999,-1,-1,-1,-1,-1,33778.77571
2025-11-06,104313.29289843085,104313.29289843085,100300.95,102433.03749999999,113460.07023289423,113460.07023289423,112154.25705317194,112154.25705317194,109849.187470706,109849.187470706,108233.7830527302,108233.7830527302,109849.187470706,109849.187470706,108233.7830527302,108233.7830527302,,,,110340.03249999999,-1,-1,-1,-1,-1,25814.62139
2025-11-07,103373.16519921542,104096.36,99260.86,102010.585,113460.07023289423,113460.07023289423,112154.25705317194,112154.25705317194,109041.4852617181,109041.4852617181,107241.85639901899,107241.85639901899,109041.4852617181,109041.4852617181,107241.85639901899,107241.85639901899,,,,110340.03249999999,-1,-1,-1,-1,-1,32059.50942
2025-11-08,102691.87509960771,103406.22,101454,102628.0625,113460.07023289423,113460.07023289423,112154.25705317194,112154.25705317194,108141.67083036854,108141.67083036854,106361.4624495878,106361.4624495878,108141.67083036854,108141.67083036854,106361.4624495878,106361.4624495878,,,,110340.03249999999,-1,-1,-1,-1,-1,12390.77985
2025-11-09,102659.96879980386,105495.62,101400,103482.8825,112807.16364303308,112807.16364303308,109979.32817609515,109979.32817609515,107251.56663997816,107251.56663997816,105674.8924176633,105674.8924176633,107251.56663997816,107251.56663997816,105674.8924176633,105674.8924176633,,,,109232.29909372338,-1,-1,-1,-1,-1,16338.97096
2025-11-10,103071.42564990194,106670.11,103071.42564990194,105417.3025,112807.16364303308,112807.16364303308,109979.32817609515,109979.32817609515,106463.22952882072,106463.22952882072,105255.17516119077,105255.17516119077,106463.22952882072,106463.22952882072,105255.17516119077,105255.17516119077,,,,109232.29909372338,-1,-1,-1,-1,-1,22682.25673
2025-11-11,104244.36407495098,107500,102476.09,104761.55249999999,112807.16364303308,112807.16364303308,109979.32817609515,109979.32817609515,105859.20234500575,105859.20234500575,105014.00279550777,105014.00279550777,105859.20234500575,105859.20234500575,105014.00279550777,105014.00279550777,,,,109232.29909372338,-1,-1,-1,-1,-1,24196.50718
2025-11-12,104502.95828747549,105333.33,100813.59,102715.07250000001,112807.16364303308,112807.16364303308,109979.32817609515,109979.32817609515,105436.60257025676,105436.60257025676,104752.76546053225,104752.76546053225,105436.60257025676,105436.60257025676,104752.76546053225,104752.76546053225,,,,107502,-1,-1,-1,-1,-1,20457.63906
2025-11-13,103609.01539373775,104085.01,98000.4,100857.95000000001,112807.16364303308,112807.16364303308,109979.32817609515,109979.32817609515,105094.6840153945,105094.6840153945,104353.9950053572,104353.9950053572,105094.6840153945,105094.6840153945,104353.9950053572,104353.9950053572,,,,107502,-1,-1,-1,-1,-1,36198.50771
2025-11-14,102233.48269686889,102233.48269686889,94012.45,97041.125,112807.16364303308,112807.16364303308,109979.32817609515,109979.32817609515,104724.33951037584,104724.33951037584,103681.3368012157,103681.3368012157,104724.33951037584,104724.33951037584,103681.3368012157,103681.3368012157,,,,107502,-1,-1,-1,-1,-1,47288.14481
2025-11-15,99637.30384843444,99637.30384843444,94558.49,95398.8525,112807.16364303308,112807.16364303308,109979.32817609515,109979.32817609515,104202.83815579576,104202.83815579576,102800.90970577204,102800.90970577204,104202.83815579576,104202.83815579576,102800.90970577204,102800.90970577204,,,,107502,-1,-1,-1,-1,-1,15110.89391
2025-11-16,97518.07817421723,97518.07817421723,93005.55,94874.5825,111393.24590956412,111393.24590956412,106558.62612431972,106558.62612431972,103501.87393078388,103501.87393078388,101761.4359506838,101761.4359506838,103501.87393078388,103501.87393078388,101761.4359506838,101761.4359506838,,,,107502,-1,-1,-1,-1,-1,23889.4051
2025-11-17,96196.33033710861,96196.33033710861,91220,93434.8975,111393.24590956412,111393.24590956412,106558.62612431972,106558.62612431972,102631.65494073383,102631.65494073383,100609.72185100889,100609.72185100889,102631.65494073383,102631.65494073383,100609.72185100889,100609.72185100889,,,,105335.33,-1,-1,-1,-1,-1,39218.59806
2025-11-18,94815.6139185543,94815.6139185543,89253.78,92066.44,111393.24590956412,111393.24590956412,106558.62612431972,106558.62612431972,101620.68839587134,101620.68839587134,99372.53439189555,99372.53439189555,101620.68839587134,101620.68839587134,99372.53439189555,99372.53439189555,,,,104087.01,-1,-1,-1,-1,-1,39835.14769
2025-11-19,93441.02695927715,93441.02695927715,88608,91526.0025,111393.24590956412,111393.24590956412,106558.62612431972,106558.62612431972,100496.61139388345,100496.61139388345,98117.9784409976,98117.9784409976,100496.61139388345,100496.61139388345,98117.9784409976,98117.9784409976,,,,102235.48269686889,-1,-1,-1,-1,-1,32286.6376
2025-11-20,92483.51472963858,93160,86100,89363.0475,111393.24590956412,111393.24590956412,106558.62612431972,106558.62612431972,99307.29491744052,99307.29491744052,96835.51118537073,96835.51118537073,99307.29491744052,99307.29491744052,96835.51118537073,96835.51118537073,,,,99639.30384843444,-1,-1,-1,-1,-1,39733.19073
2025-11-21,90923.28111481928,90923.28111481928,80600,84966.39749999999,111393.24590956412,111393.24590956412,106558.62612431972,106558.62612431972,98071.40305140562,98071.40305140562,95349.71346581499,95349.71346581499,98071.40305140562,98071.40305140562,95349.71346581499,95349.71346581499,,,,97520.07817421723,-1,-1,-1,-1,-1,72256.12679
2025-11-22,87944.83930740964,87944.83930740964,83500,84747.29,111393.24590956412,111393.24590956412,106558.62612431972,106558.62612431972,96710.5582586103,96710.5582586103,93828.29930227918,93828.29930227918,96710.5582586103,96710.5582586103,93828.29930227918,93828.29930227918,,,,96198.33033710861,-1,-1,-1,-1,-1,14193.93263
2025-11-23,86346.06465370482,88127.64,84667.57,86091.24,108975.93601694192,108975.93601694192,100943.60779195138,100943.60779195138,95269.42878044474,95269.42878044474,92449.84641361998,92449.84641361998,95269.42878044474,95269.42878044474,92449.84641361998,92449.84641361998,,,,94817.6139185543,-1,-1,-1,-1,-1,19734.46418
2025-11-24,86218.6523268524,89228,85272,87407.5025,108975.93601694192,108975.93601694192,100943.60779195138,100943.60779195138,93859.63759703236,93859.63759703236,91324.9410471873,91324.9410471873,93859.63759703236,93859.63759703236,91324.9410471873,91324.9410471873,,,,93443.02695927715,-1,-1,-1,-1,-1,24663.12795
2025-11-25,86813.0774134262,88519.99,86116,87576.49,108975.93601694192,108975.93601694192,100943.60779195138,100943.60779195138,92592.28932210983,92592.28932210983,90438.3361700671,90438.3361700671,92592.28932210983,92592.28932210983,90438.3361700671,90438.3361700671,,,,93162,-1,-1,-1,-1,-1,19567.0411
2025-11-26,87194.7837067131,90656.08,86306.77,88704.21,108975.93601694192,108975.93601694192,100943.60779195138,100943.60779195138,91515.31274608847,91515.31274608847,89826.99831688755,89826.99831688755,91515.31274608847,91515.31274608847,89826.99831688755,89826.99831688755,,,,90925.28111481928,-1,-1,-1,-1,-1,21675.82239
2025-11-27,87949.49685335656,91950,87949.49685335656,90964.46750000001,108975.93601694192,108975.93601694192,100943.60779195138,100943.60779195138,90671.15553148801,90671.15553148801,89530.71771738515,89530.71771738515,90671.15553148801,90671.15553148801,89530.71771738515,89530.71771738515,,,90964.46750000001,,-1,-1,-1,-1,0,16833.50932
2025-11-28,89456.98217667828,93092,89456.98217667828,91374.3175,108975.93601694192,108975.93601694192,100943.60779195138,100943.60779195138,90100.93662443658,90100.93662443658,89509.28479281328,89509.28479281328,90100.93662443658,90100.93662443658,89509.28479281328,89509.28479281328,,,,,-1,-1,-1,-1,0,18830.86012
2025-11-29,90415.64983833914,91165.65,90155.47,90753.56749999999,108975.93601694192,108975.93601694192,100943.60779195138,100943.60779195138,89805.11070862494,89805.11070862494,89598.24272061499,89598.24272061499,89805.11070862494,89805.11070862494,89598.24272061499,89598.24272061499,,,,,-1,-1,-1,-1,0,7429.88291
2025-11-30,90584.60866916957,92000.01,90336.9,90874.8375,104959.77190444665,104959.77190444665,96360.03862847314,96360.03862847314,89701.67671461997,89759.83164884933,89701.67671461997,89759.83164884933,89701.67671461997,89759.83164884933,89701.67671461997,89759.83164884933,,,,,1,1,-1,0,0,9687.74175
2025-12-01,90729.72308458478,90729.72308458478,83822.76,87721.445,104959.77190444665,104959.77190444665,96360.03862847314,96360.03862847314,89730.75418173465,89730.75418173465,89701.11369477585,89701.11369477585,89730.75418173465,89730.75418173465,89701.11369477585,89701.11369477585,,,,,-1,-1,-1,-1,0,34509.01227
2025-12-02,89225.5840422924,92307.65,86184.39,89013.9825,104959.77190444665,104959.77190444665,96360.03862847314,96360.03862847314,89715.93393825526,89715.93393825526,89627.64868872354,89627.64868872354,89715.93393825526,89715.93393825526,89627.64868872354,89627.64868872354,,92307.65,,93094,-1,-1,-1,-1,-1,28210.22732
2025-12-03,89119.7832711462,94150,89119.7832711462,92462.015,104959.77190444665,104959.77190444665,96360.03862847314,96360.03862847314,89671.7913134894,89734.2758367302,89671.7913134894,89734.2758367302,89671.7913134894,89734.2758367302,89671.7913134894,89734.2758367302,,,92462.015,,1,1,-1,0,0,25712.52585
2025-12-04,90790.8991355731,94080,90790.8991355731,92619.2525,104959.77190444665,104959.77190444665,96360.03862847314,96360.03862847314,89703.0335751098,89991.67844856053,89703.0335751098,89991.67844856053,89703.0335751098,89991.67844856053,89703.0335751098,89991.67844856053,,,,,1,1,-1,0,0,19803.94059
2025-12-05,91705.07581778655,92692.36,88056,90539.11499999999,104959.77190444665,104959.77190444665,96360.03862847314,96360.03862847314,89847.35601183517,90179.04049016011,89847.35601183517,90179.04049016011,89847.35601183517,90179.04049016011,89847.35601183517,90179.04049016011,,,,,1,1,-1,0,0,19792.97218
2025-12-06,91122.09540889328,91122.09540889328,88908.01,89441.2025,104959.77190444665,104959.77190444665,96360.03862847314,96360.03862847314,90013.19825099765,90263.74813973205,90013.19825099765,90263.74813973205,90013.19825099765,90263.74813973205,90013.19825099765,90263.74813973205,,,,,1,1,-1,0,0,8409.50016
2025-12-07,90281.64895444663,91760,87719.28,89777.84749999999,100659.9052664599,100659.9052664599,93089.98452623386,93089.98452623386,90138.47319536486,90269.58468498825,90138.47319536486,90269.58468498825,90138.47319536486,90269.58468498825,90138.47319536486,90269.58468498825,,,,,1,1,-1,0,0,13021.11185
2025-12-08,90029.74822722332,92287.15,89612,90732.20249999998,100659.9052664599,100659.9052664599,93089.98452623386,93089.98452623386,90204.02894017656,90307.48089471382,90204.02894017656,90307.48089471382,90204.02894017656,90307.48089471382,90204.02894017656,90307.48089471382,,,,,1,1,-1,0,0,15793.63887
2025-12-09,90380.97536361165,94588.99,89500,91850.535,100659.9052664599,100659.9052664599,93089.98452623386,93089.98452623386,90255.7549174452,90438.2897211359,90255.7549174452,90438.2897211359,90255.7549174452,90438.2897211359,90255.7549174452,90438.2897211359,,,,,1,1,-1,0,0,21240.43014
2025-12-10,91115.75518180583,94476,91115.75518180583,92683.33249999999,100659.9052664599,100659.9052664599,93089.98452623386,93089.98452623386,90347.02231929055,90669.06015077882,90347.02231929055,90669.06015077882,90347.02231929055,90669.06015077882,90347.02231929055,90669.06015077882,,,,,1,1,-1,0,0,18998.68083
2025-12-11,91899.54384090292,93555,89260.63,91836.0975,100659.9052664599,100659.9052664599,93089.98452623386,93089.98452623386,90508.04123503469,90862.86481211858,90508.04123503469,90862.86481211858,90508.04123503469,90862.86481211858,90508.04123503469,90862.86481211858,,,,,1,1,-1,0,0,19972.58758
2025-12-12,91867.82067045146,92754,89480,91253.95,100659.9052664599,100659.9052664599,93089.98452623386,93089.98452623386,90685.45302357663,90995.62501900995,90685.45302357663,90995.62501900995,90685.45302357663,90995.62501900995,90685.45302357663,90995.62501900995,,,,,1,1,-1,0,0,16679.19169
2025-12-13,91560.88533522573,91560.88533522573,89766.39,90227.345,100659.9052664599,100659.9052664599,93089.98452623386,93089.98452623386,90840.5390212933,91038.31323987953,90840.5390212933,91038.31323987953,90840.5390212933,91038.31323987953,90840.5390212933,91038.31323987953,,,,,1,1,-1,0,0,5895.70788
2025-12-14,90894.11516761286,90894.11516761286,87577.36,89115.4825,96874.94489634689,96874.94489634689,91759.9907675043,91759.9907675043,90939.4261305864,90939.4261305864,90932.18596241216,90932.18596241216,90939.4261305864,90939.4261305864,90932.18596241216,90932.18596241216,,,,,-1,-1,-1,-1,0,9416.94004
2025-12-15,90004.79883380643,90052.64,85146.64,87450.88,96874.94489634689,96874.94489634689,91759.9907675043,91759.9907675043,90935.80604649929,90935.80604649929,90636.5757881309,90636.5757881309,90935.80604649929,90935.80604649929,90636.5757881309,90636.5757881309,,90052.64,,94590.99,-1,-1,-1,-1,-1,19778.6919
2025-12-16,88727.83941690321,88727.83941690321,85266,86934.37,96874.94489634689,96874.94489634689,91759.9907675043,91759.9907675043,90786.19091731509,90786.19091731509,90212.1742774948,90212.1742774948,90786.19091731509,90786.19091731509,90212.1742774948,90212.1742774948,,,,94590.99,-1,-1,-1,-1,-1,18456.05017
2025-12-17,87831.1047084516,90365.85,85314,87446.625,96874.94489634689,96874.94489634689,91759.9907675043,91759.9907675043,90499.18259740496,90499.18259740496,89794.31763027512,89794.31763027512,90499.18259740496,90499.18259740496,89794.31763027512,89794.31763027512,,,,94590.99,-1,-1,-1,-1,-1,19834.11729
2025-12-18,87638.8648542258,89477.61,84450.01,86421.815,96874.94489634689,96874.94489634689,91759.9907675043,91759.9907675043,90146.75011384004,90146.75011384004,89350.6740689754,89350.6740689754,90146.75011384004,90146.75011384004,89350.6740689754,89350.6740689754,,,,94590.99,-1,-1,-1,-1,-1,25405.41763
2025-12-19,87030.3399271129,89399.97,85110.24,87040.89,96874.94489634689,96874.94489634689,91759.9907675043,91759.9907675043,89748.71209140772,89748.71209140772,88947.61248817354,88947.61248817354,89748.71209140772,89748.71209140772,88947.61248817354,88947.61248817354,,,,94590.99,-1,-1,-1,-1,-1,21256.65004
2025-12-20,87035.61496355645,88573.07,87035.61496355645,88216.67000000001,96874.94489634689,96874.94489634689,91759.9907675043,91759.9907675043,89348.16228979065,89348.16228979065,88649.97308323089,88649.97308323089,89348.16228979065,89348.16228979065,88649.97308323089,88649.97308323089,,,,94590.99,-1,-1,-1,-1,-1,5123.13194
2025-12-21,87626.14248177822,89081.77,87600.04,88425.39499999999,94317.4678319256,94317.4678319256,90147.26538415563,90147.26538415563,88999.06768651077,88999.06768651077,88469.59591978774,88469.59591978774,88999.06768651077,88999.06768651077,88469.59591978774,88469.59591978774,,,,94590.99,-1,-1,-1,-1,-1,7132.87258
2025-12-22,88025.7687408891,90588.23,87900,88941.97249999999,94317.4678319256,94317.4678319256,90147.26538415563,90147.26538415563,88734.33180314925,88734.33180314925,88420.4774115529,88420.4774115529,88734.33180314925,88734.33180314925,88420.4774115529,88420.4774115529,,,,94590.99,-1,-1,-1,-1,-1,14673.2197
2025-12-23,88483.87062044455,88940,86601.9,87912.17249999999,94317.4678319256,94317.4678319256,90147.26538415563,90147.26538415563,88577.40460735108,88577.40460735108,88358.8006293596,88358.8006293596,88577.40460735108,88577.40460735108,88358.8006293596,88358.8006293596,,,,94590.99,-1,-1,-1,-1,-1,13910.32904
2025-12-24,88198.02156022226,88198.02156022226,86420,87406.335,94317.4678319256,94317.4678319256,90147.26538415563,90147.26538415563,88468.10261835533,88468.10261835533,88258.62203329174,88258.62203329174,88468.10261835533,88468.10261835533,88258.62203329174,88258.62203329174,,,,94590.99,-1,-1,-1,-1,-1,9140.8432
2025-12-25,87802.17828011114,88592.74,86934.72,87605.54250000001,94317.4678319256,94317.4678319256,90147.26538415563,90147.26538415563,88363.36232582355,88363.36232582355,88165.22074728106,88165.22074728106,88363.36232582355,88363.36232582355,88165.22074728106,88165.22074728106,,,,94590.99,-1,-1,-1,-1,-1,7096.58235
2025-12-26,87703.86039005558,89567.75,86655.08,87704.41500000001,94317.4678319256,94317.4678319256,90147.26538415563,90147.26538415563,88264.29153655231,88264.29153655231,88098.74953383011,88098.74953383011,88264.29153655231,88264.29153655231,88098.74953383011,88098.74953383011,,,,94590.99,-1,-1,-1,-1,-1,18344.61505
2025-12-27,87704.13769502779,87984,87253.05,87620.905,94317.4678319256,94317.4678319256,90147.26538415563,90147.26538415563,88181.52053519122,88181.52053519122,88026.99840221315,88026.99840221315,88181.52053519122,88181.52053519122,88026.99840221315,88026.99840221315,,,,94590.99,-1,-1,-1,-1,-1,4469.55156
2025-12-28,87662.52134751389,88088.75,87435,87838.365,92232.36660804063,92232.36660804063,89318.4520702313,89318.4520702313,88104.25946870219,88104.25946870219,87969.43993498439,87969.43993498439,88104.25946870219,88104.25946870219,87969.43993498439,87969.43993498439,,,,94590.99,-1,-1,-1,-1,-1,4446.29285
2025-12-29,87750.44317375694,90406.08,86806.5,88100.60500000001,92232.36660804063,92232.36660804063,89318.4520702313,89318.4520702313,88036.8497018433,88036.8497018433,87968.93194880695,87968.93194880695,88036.8497018433,88036.8497018433,87968.93194880695,87968.93194880695,,,,94590.99,-1,-1,-1,-1,-1,19894.98575
2025-12-30,87925.52408687847,89400,86845.66,87992.07,92232.36660804063,92232.36660804063,89318.4520702313,89318.4520702313,88002.89082532513,88002.89082532513,87975.0843617386,87975.0843617386,88002.89082532513,88002.89082532513,87975.0843617386,87975.0843617386,,,,94590.99,-1,-1,-1,-1,-1,13105.91001
2025-12-31,87958.79704343923,89200,87250,88145.93,92232.36660804063,92232.36660804063,89318.4520702313,89318.4520702313,87988.98759353187,87992.49747880637,87988.98759353187,87992.49747880637,87988.98759353187,87992.49747880637,87988.98759353187,87992.49747880637,,,88145.93,,1,1,-1,0,0,11558.62047
2026-01-01,88052.36352171961,88919.45,87550.43,88239.28249999999,92232.36660804063,92232.36660804063,89318.4520702313,89318.4520702313,87990.74253616913,88018.21329136008,87990.74253616913,88018.21329136008,87990.74253616913,88018.21329136008,87990.74253616913,88018.21329136008,,,,,1,1,-1,0,0,6279.57133
2026-01-02,88145.8230108598,90961.81,88145.8230108598,89543.9675,92232.36660804063,92232.36660804063,89318.4520702313,89318.4520702313,88004.47791376461,88135.20445624691,88004.47791376461,88135.20445624691,88004.47791376461,88135.20445624691,88004.47791376461,88135.20445624691,,,,,1,1,-1,0,0,17396.97301
2026-01-03,88844.8952554299,90741.16,88844.8952554299,90169.58,92232.36660804063,92232.36660804063,89318.4520702313,89318.4520702313,88069.84118500576,88324.46061510236,88069.84118500576,88324.46061510236,88069.84118500576,88324.46061510236,88069.84118500576,88324.46061510236,,,,,1,1,-1,0,0,7057.46716
2026-01-04,89507.23762771496,91810,89507.23762771496,91148.935,90775.40933913596,90775.40933913596,89196.8667316176,89196.8667316176,88197.15090005407,88605.57055134648,88197.15090005407,88605.57055134648,88197.15090005407,88605.57055134648,88197.15090005407,88605.57055134648,,,,,1,1,-1,0,0,10426.5297
2026-01-05,90328.08631385748,94789.08,90328.08631385748,92923.335,90775.40933913596,90775.40933913596,89196.8667316176,89196.8667316176,88401.36072570027,89046.67308653437,88401.36072570027,89046.67308653437,88401.36072570027,89046.67308653437,88401.36072570027,89046.67308653437,,,,,1,1,-1,0,0,20673.59584
2026-01-06,91625.71065692874,94444.44,91262.94,93328.76500000001,90775.40933913596,90775.40933913596,89196.8667316176,89196.8667316176,88724.01690611732,89574.1912320841,88724.01690611732,89574.1912320841,88724.01690611732,89574.1912320841,88724.01690611732,89574.1912320841,,,,,1,1,-1,0,0,18546.41829
2026-01-07,92477.23782846438,93747.97,90675.52,92383.905,90775.40933913596,90775.40933913596,89196.8667316176,89196.8667316176,89149.10406910071,90064.54120889903,89149.10406910071,90064.54120889903,89149.10406910071,90064.54120889903,89149.10406910071,90064.54120889903,,,,,1,1,-1,0,0,14276.49025
2026-01-08,92430.5714142322,92430.5714142322,89311,90865.785,90775.40933913596,90775.40933913596,89196.8667316176,89196.8667316176,89606.82263899986,90399.5881534764,89606.82263899986,90399.5881534764,89606.82263899986,90399.5881534764,89606.82263899986,90399.5881534764,,,,,1,1,-1,0,0,16132.79117
2026-01-09,91648.1782071161,92082.55,89694.66,90879.6225,90775.40933913596,90775.40933913596,89196.8667316176,89196.8667316176,90003.20539623813,90616.09135190609,90003.20539623813,90616.09135190609,90003.20539623813,90616.09135190609,90003.20539623813,90616.09135190609,,,,,1,1,-1,0,0,15590.27939
2026-01-10,91263.90035355804,91263.90035355804,90404,90595.49250000001,90775.40933913596,90775.40933913596,89196.8667316176,89196.8667316176,90309.6483740721,90740.74679560642,90309.6483740721,90740.74679560642,90309.6483740721,90740.74679560642,90309.6483740721,90740.74679560642,,,,,1,1,-1,0,0,3104.11722
2026-01-11,90929.69642677903,91283.89,90236,90759.56,89986.13803537679,90078.28326297783,89986.13803537679,90078.28326297783,90525.19758483926,90804.38954142998,90525.19758483926,90804.38954142998,90525.19758483926,90804.38954142998,90525.19758483926,90804.38954142998,,,,,1,1,1,1,0,5477.13594
2026-01-12,90844.62821338951,92519.95,90128.44,91239.5625,89986.13803537679,90078.28326297783,89986.13803537679,90078.28326297783,90664.79356313462,90867.75665720696,90664.79356313462,90867.75665720696,90664.79356313462,90867.75665720696,90664.79356313462,90867.75665720696,90128.44,,,88842.8952554299,1,1,1,1,1,16188.08268
2026-01-13,91042.09535669476,96495,91042.09535669476,93561.965,89986.13803537679,90078.28326297783,89986.13803537679,90078.28326297783,90766.2751101708,91089.99751311536,90766.2751101708,91089.99751311536,90766.2751101708,91089.99751311536,90766.2751101708,91089.99751311536,,,,88842.8952554299,1,1,1,1,1,23021.51482
2026-01-14,92302.03017834737,97924.49,92302.03017834737,96212.38500000001,89986.13803537679,90078.28326297783,89986.13803537679,90078.28326297783,90928.13631164309,91513.28647485559,90928.13631164309,91513.28647485559,90928.13631164309,91513.28647485559,90928.13631164309,91513.28647485559,,,,91239.5625,1,1,1,1,1,22851.89428
2026-01-15,94257.20758917369,97193.34,94257.20758917369,96221.09999999999,89986.13803537679,90078.28326297783,89986.13803537679,90078.28326297783,91220.71139324934,92063.61486319936,91220.71139324934,92063.61486319936,91220.71139324934,92063.61486319936,91220.71139324934,92063.61486319936,,,,91239.5625,1,1,1,1,1,21725.81369
2026-01-16,95239.15379458683,95871.47,94293.46,95330.17,89986.13803537679,90078.28326297783,89986.13803537679,90078.28326297783,91642.16312822435,92597.76354091066,91642.16312822435,92597.76354091066,91642.16312822435,92597.76354091066,91642.16312822435,92597.76354091066,,,,91239.5625,1,1,1,1,1,11167.7146
2026-01-17,95284.66189729341,95639.45,95021.67,95339.9575,89986.13803537679,90078.28326297783,89986.13803537679,90078.28326297783,92119.96333456751,93089.13704014594,92119.96333456751,93089.13704014594,92119.96333456751,93089.13704014594,92119.96333456751,93089.13704014594,,,,91239.5625,1,1,1,1,1,4280.80137
2026-01-18,95312.30969864671,95531.12,93615.4,94491.85750000001,90032.2106491773,91437.67694256455,90032.2106491773,91437.67694256455,92604.55018735673,93464.98109619047,92604.55018735673,93464.98109619047,92604.55018735673,93464.98109619047,92604.55018735673,93464.98109619047,,,,91239.5625,1,1,1,1,1,6895.17819
2026-01-19,94902.08359932336,94902.08359932336,91910.2,92971.87,90032.2106491773,91437.67694256455,90032.2106491773,91437.67694256455,93034.7656417736,93658.73749598648,93034.7656417736,93658.73749598648,93034.7656417736,93658.73749598648,93034.7656417736,93658.73749598648,,,,91239.5625,1,1,1,1,1,14295.52747
2026-01-20,93936.97679966167,93936.97679966167,87895.98,90456.1575,90032.2106491773,91437.67694256455,90032.2106491773,91437.67694256455,93346.75156888003,93562.29361845522,93346.75156888003,93562.29361845522,93346.75156888003,93562.29361845522,93346.75156888003,93562.29361845522,,,90456.1575,,1,1,1,1,0,22007.3261
2026-01-21,92196.56714983084,92196.56714983084,87263.53,88929.98,90032.2106491773,91437.67694256455,90032.2106491773,91437.67694256455,93454.52259366763,93454.52259366763,93213.67469395933,93213.67469395933,93454.52259366763,93454.52259366763,93213.67469395933,93213.67469395933,,,,,-1,-1,1,0,0,20617.50372
2026-01-22,90563.27357491542,90563.27357491542,88515.37,89472.43999999999,90032.2106491773,91437.67694256455,90032.2106491773,91437.67694256455,93334.09864381347,93334.09864381347,92745.64493750554,92745.64493750554,93334.09864381347,93334.09864381347,92745.64493750554,92745.64493750554,,,,,-1,-1,1,0,0,10825.50492
2026-01-23,90017.85678745771,91224.99,88578.36,89740.8225,90032.2106491773,91437.67694256455,90032.2106491773,91437.67694256455,93039.8717906595,93039.8717906595,92273.44104088123,92273.44104088123,93039.8717906595,93039.8717906595,92273.44104088123,92273.44104088123,,,,,-1,-1,1,0,0,13918.48919
2026-01-24,89879.33964372886,89957.39,89162.08,89486.26749999999,90032.2106491773,91437.67694256455,90032.2106491773,91437.67694256455,92656.65641577035,92656.65641577035,91817.33062201664,91817.33062201664,92656.65641577035,92656.65641577035,91817.33062201664,91817.33062201664,,,,,-1,-1,1,0,0,4226.56737
2026-01-25,89682.80357186442,89682.80357186442,86074.72,87822.3875,90734.94379587093,91125.0159123139,90734.94379587093,91125.0159123139,92236.99351889349,92236.99351889349,91293.22114111677,91293.22114111677,92236.99351889349,92236.99351889349,91293.22114111677,91293.22114111677,,,,,-1,-1,1,0,0,14426.22019
2026-01-26,88752.59553593221,88860,86509.63,87596.7675,90734.94379587093,91125.0159123139,90734.94379587093,91125.0159123139,91765.10733000512,91765.10733000512,90749.66134939605,90749.66134939605,91765.10733000512,91765.10733000512,90749.66134939605,90749.66134939605,,,,,-1,-1,1,0,0,17766.51453
2026-01-27,88174.6815179661,89523.16,87304.33,88606.1425,90734.94379587093,91125.0159123139,90734.94379587093,91125.0159123139,91257.38433970058,91257.38433970058,90287.32608260153,90287.32608260153,91257.38433970058,91257.38433970058,90287.32608260153,90287.32608260153,,,,,-1,-1,1,0,0,13125.40425
2026-01-28,88390.41200898305,90600,88390.41200898305,89495.9075,90734.94379587093,91125.0159123139,90734.94379587093,91125.0159123139,90772.35521115107,90772.35521115107,89976.62356226542,89976.62356226542,90772.35521115107,90772.35521115107,89976.62356226542,89976.62356226542,,,,,-1,-1,1,0,0,14332.18502
2026-01-29,88943.15975449153,89348,83383.33,86670.3725,90734.94379587093,91125.0159123139,90734.94379587093,91125.0159123139,90374.48938670824,90374.48938670824,89574.70389734034,89574.70389734034,90374.48938670824,90374.48938670824,89574.70389734034,89574.70389734034,,,,,-1,-1,1,0,0,30431.38201
2026-01-30,87806.76612724576,87806.76612724576,81118,83691.1,90734.94379587093,91125.0159123139,90734.94379587093,91125.0159123139,89974.59664202429,89974.59664202429,88989.89286848932,88989.89286848932,89974.59664202429,89974.59664202429,88989.89286848932,88989.89286848932,,,,,-1,-1,1,0,0,35195.84793
2026-01-31,85748.93306362288,85748.93306362288,75719.9,80747.8775,90734.94379587093,91125.0159123139,90734.94379587093,91125.0159123139,89482.2447552568,89482.2447552568,88094.89376954302,88094.89376954302,89482.2447552568,89482.2447552568,88094.89376954302,88094.89376954302,,,,,-1,-1,1,0,0,39491.89133
2026-02-01,83248.40528181144,83248.40528181144,75700,77708.3275,90929.97985409242,90929.97985409242,88369.6184277483,88369.6184277483,88788.56926239992,88788.56926239992,86955.57336748921,86955.57336748921,88788.56926239992,88788.56926239992,86955.57336748921,86955.57336748921,,,,,-1,-1,-1,-1,0,25395.48168
2026-02-02,80478.36639090572,80478.36639090572,74604,77417.7075,90929.97985409242,90929.97985409242,88369.6184277483,88369.6184277483,87872.07131494457,87872.07131494457,85649.58266457198,85649.58266457198,87872.07131494457,87872.07131494457,85649.58266457198,85649.58266457198,,80478.36639090572,,90602,-1,-1,-1,-1,-1,42273.59016
2026-02-03,78948.03694545286,79186.81,72945.5,76660.28,90929.97985409242,90929.97985409242,88369.6184277483,88369.6184277483,86760.82698975828,86760.82698975828,84265.50469848093,84265.50469848093,86760.82698975828,86760.82698975828,84265.50469848093,84265.50469848093,,,,90602,-1,-1,-1,-1,-1,39120.10889
2026-02-04,77804.15847272643,77804.15847272643,71888,74448.89,90929.97985409242,90929.97985409242,88369.6184277483,88369.6184277483,85513.1658441196,85513.1658441196,82839.22805100576,82839.22805100576,85513.1658441196,85513.1658441196,82839.22805100576,82839.22805100576,,,,90602,-1,-1,-1,-1,-1,38375.36
2026-02-05,76126.52423636321,76126.52423636321,62345,67940.47,90929.97985409242,90929.97985409242,88369.6184277483,88369.6184277483,84176.19694756268,84176.19694756268,81088.7790881552,81088.7790881552,84176.19694756268,84176.19694756268,81088.7790881552,81088.7790881552,,,,90602,-1,-1,-1,-1,-1,106298.82899
2026-02-06,72033.4971181816,72033.4971181816,60000,66310.365,90929.97985409242,90929.97985409242,88369.6184277483,88369.6184277483,82632.48801785894,82632.48801785894,79072.39719179699,79072.39719179699,82632.48801785894,82632.48801785894,79072.39719179699,79072.39719179699,,,,90602,-1,-1,-1,-1,-1,92539.21531
2026-02-07,69171.9310590908,71690.07,67300,69714.9275,90929.97985409242,90929.97985409242,88369.6184277483,88369.6184277483,80852.44260482797,80852.44260482797,77277.80430220545,77277.80430220545,80852.44260482797,80852.44260482797,77277.80430220545,77277.80430220545,,,,90602,-1,-1,-1,-1,-1,44255.48036
2026-02-08,69443.42927954541,72271.41,68888,70194.79000000001,89649.79914092037,89649.79914092037,82684.0821737093,82684.0821737093,79065.12345351672,79065.12345351672,75811.13677752325,75811.13677752325,79065.12345351672,79065.12345351672,75811.13677752325,75811.13677752325,,,,90602,-1,-1,-1,-1,-1,21420.53168
2026-02-09,69819.10963977271,71453.53,68308,70057.47750000001,89649.79914092037,89649.79914092037,82684.0821737093,82684.0821737093,77438.13011551999,77438.13011551999,74602.10459999778,74602.10459999778,77438.13011551999,77438.13011551999,74602.10459999778,74602.10459999778,,,,90602,-1,-1,-1,-1,-1,29152.72842
2026-02-10,69938.29356988636,70527.59,67800,69326.72,89649.79914092037,89649.79914092037,82684.0821737093,82684.0821737093,76020.11735775889,76020.11735775889,73575.315920928,73575.315920928,76020.11735775889,76020.11735775889,73575.315920928,73575.315920928,,,,90602,-1,-1,-1,-1,-1,20373.77072
2026-02-11,69632.50678494318,69632.50678494318,65756,67743.17,89649.79914092037,89649.79914092037,82684.0821737093,82684.0821737093,74797.71663934345,74797.71663934345,72617.5460903882,72617.5460903882,74797.71663934345,74797.71663934345,72617.5460903882,72617.5460903882,,,,90602,-1,-1,-1,-1,-1,28718.24602
2026-02-12,68687.83839247159,68687.83839247159,65118,66720.8025,89649.79914092037,89649.79914092037,82684.0821737093,82684.0821737093,73707.63136486583,73707.63136486583,71698.23783443386,71698.23783443386,73707.63136486583,73707.63136486583,71698.23783443386,71698.23783443386,,,,90602,-1,-1,-1,-1,-1,24271.74283
2026-02-13,67704.3204462358,69482.97,65872.46,67620.39000000001,89649.79914092037,89649.79914092037,82684.0821737093,82684.0821737093,72702.93459964985,72702.93459964985,70911.16485073295,70911.16485073295,72702.93459964985,72702.93459964985,70911.16485073295,70911.16485073295,,,,90602,-1,-1,-1,-1,-1,20244.54955
2026-02-14,67662.3552231179,70560.01,67662.3552231179,69491.765,89649.79914092037,89649.79914092037,82684.0821737093,82684.0821737093,71807.0497251914,71807.0497251914,70360.12692596817,70360.12692596817,71807.0497251914,71807.0497251914,70360.12692596817,70360.12692596817,,,,90602,-1,-1,-1,-1,-1,18114.78393
2026-02-15,68577.06011155895,70983,68000,69409.63,86166.94065731483,86166.94065731483,77794.53828545683,77794.53828545683,71083.5883255798,71083.5883255798,70003.62439235985,70003.62439235985,71083.5883255798,71083.5883255798,70003.62439235985,70003.62439235985,,,,90602,-1,-1,-1,-1,-1,22290.05208
2026-02-16,68993.34505577947,70126.67,67294.11,68786.45,86166.94065731483,86166.94065731483,77794.53828545683,77794.53828545683,70543.60635896983,70543.60635896983,69730.28048748353,69730.28048748353,70543.60635896983,70543.60635896983,69730.28048748353,69730.28048748353,,,,90602,-1,-1,-1,-1,-1,15515.76534
2026-02-17,68889.89752788973,69241.5,66621.06,68064.6275,86166.94065731483,86166.94065731483,77794.53828545683,77794.53828545683,70136.9434232267,70136.9434232267,69467.07473360693,69467.07473360693,70136.9434232267,70136.9434232267,69467.07473360693,69467.07473360693,,,,90602,-1,-1,-1,-1,-1,16489.06921
2026-02-18,68477.26251394486,68477.26251394486,65870,67077.685,86166.94065731483,86166.94065731483,77794.53828545683,77794.53828545683,69802.00907841681,69802.00907841681,69167.22118387478,69167.22118387478,69802.00907841681,69802.00907841681,69167.22118387478,69167.22118387478,,,,90602,-1,-1,-1,-1,-1,15492.43839
2026-02-19,67777.47375697244,67777.47375697244,65631.83,66604.14,86166.94065731483,86166.94065731483,77794.53828545683,77794.53828545683,69484.6151311458,69484.6151311458,68830.00136685412,68830.00136685412,69484.6151311458,69484.6151311458,68830.00136685412,68830.00136685412,,,,90602,-1,-1,-1,-1,-1,14545.06123
2026-02-20,67190.80687848621,68318.39,66280.2,67405.5825,86166.94065731483,86166.94065731483,77794.53828545683,77794.53828545683,69157.30824899997,69157.30824899997,68536.52042804603,68536.52042804603,69157.30824899997,69157.30824899997,68536.52042804603,68536.52042804603,,,,90602,-1,-1,-1,-1,-1,35351.87091
2026-02-21,67298.1946892431,68698.7,67298.1946892431,68057.33,86166.94065731483,86166.94065731483,77794.53828545683,77794.53828545683,68846.914338523,68846.914338523,68337.48127140896,68337.48127140896,68846.914338523,68846.914338523,68337.48127140896,68337.48127140896,,,,90602,-1,-1,-1,-1,-1,8032.84131
2026-02-22,67677.76234462156,68245,67190,67763.58249999999,81980.73947138584,81980.73947138584,73987.7106962593,73987.7106962593,68592.19780496598,68592.19780496598,68189.62788184469,68189.62788184469,68592.19780496598,68592.19780496598,68189.62788184469,68189.62788184469,,,,90602,-1,-1,-1,-1,-1,8175.13484
2026-02-23,67720.67242231077,67720.67242231077,63888.79,65968.265,81980.73947138584,81980.73947138584,73987.7106962593,73987.7106962593,68390.91284340534,68390.91284340534,67954.84937376453,67954.84937376453,68390.91284340534,68390.91284340534,67954.84937376453,67954.84937376453,,,,90602,-1,-1,-1,-1,-1,33075.90923
2026-02-24,66844.46871115538,66844.46871115538,62510.28,64062.7975,81980.73947138584,81980.73947138584,73987.7106962593,73987.7106962593,68172.88110858494,68172.88110858494,67588.45534615497,67588.45534615497,68172.88110858494,68172.88110858494,67588.45534615497,67588.45534615497,,,,68700.7,-1,-1,-1,-1,-1,23102.83622
2026-02-25,65453.63310557769,69988.83,63913.27,66487.0725,81980.73947138584,81980.73947138584,73987.7106962593,73987.7106962593,67880.66822736996,67880.66822736996,67317.226671514,67317.226671514,67880.66822736996,67880.66822736996,67317.226671514,67317.226671514,,,,68700.7,-1,-1,-1,-1,-1,30749.99259
2026-02-26,65970.35280278884,68860,65970.35280278884,67708.305,81980.73947138584,81980.73947138584,73987.7106962593,73987.7106962593,67598.94744944198,67598.94744944198,67173.7667104487,67173.7667104487,67598.94744944198,67598.94744944198,67173.7667104487,67173.7667104487,,,,68700.7,-1,-1,-1,-1,-1,20737.77792
2026-02-27,66839.32890139442,68216.8,64914.46,66622.1375,81980.73947138584,81980.73947138584,73987.7106962593,73987.7106962593,67386.35707994534,67386.35707994534,67060.10005216488,67060.10005216488,67386.35707994534,67386.35707994534,67060.10005216488,67060.10005216488,,,,68700.7,-1,-1,-1,-1,-1,21228.58424
2026-02-28,66730.7332006972,67760,63030,65908.8375,81980.73947138584,81980.73947138584,73987.7106962593,73987.7106962593,67223.22856605511,67223.22856605511,66900.14828923327,66900.14828923327,67223.22856605511,67223.22856605511,66900.14828923327,66900.14828923327,,,,68700.7,-1,-1,-1,-1,-1,22548.71649
2026-03-01,66319.7853503486,68199.99,65056,66501.43,77984.22508382256,77984.22508382256,70804.25211174999,70804.25211174999,67061.6884276442,67061.6884276442,66791.65107082998,66791.65107082998,67061.6884276442,67061.6884276442,66791.65107082998,66791.65107082998,,,,68700.7,-1,-1,-1,-1,-1,23201.85859
2026-03-02,66410.6076751743,70096,65259.21,67490.4375,77984.22508382256,77984.22508382256,70804.25211174999,70804.25211174999,66926.66974923709,66926.66974923709,66787.45572206075,66787.45572206075,66926.66974923709,66926.66974923709,66787.45572206075,66787.45572206075,,,,68700.7,-1,-1,-1,-1,-1,32010.38431
2026-03-03,66950.52258758715,69258.08,66158,68146.035,77984.22508382256,77984.22508382256,70804.25211174999,70804.25211174999,66857.06273564893,66860.2271081761,66857.06273564893,66860.2271081761,66857.06273564893,66860.2271081761,66857.06273564893,66860.2271081761,,,68146.035,,1,1,-1,0,0,24972.2418
2026-03-04,67548.27879379358,74050,67400,70613.695,77984.22508382256,77984.22508382256,70804.25211174999,70804.25211174999,66858.64492191252,67164.65520749858,66858.64492191252,67164.65520749858,66858.64492191252,67164.65520749858,66858.64492191252,67164.65520749858,,,,,1,1,-1,0,0,44919.0761
2026-03-05,69080.9868968968,73558.15,69080.9868968968,71940.2775,77984.22508382256,77984.22508382256,70804.25211174999,70804.25211174999,67011.65006470555,67640.0945530446,67011.65006470555,67640.0945530446,67011.65006470555,67640.0945530446,67011.65006470555,67640.0945530446,,,,,1,1,-1,0,0,26590.51253
2026-03-06,70510.6321984484,71419.98,67744.78,69542.45,77984.22508382256,77984.22508382256,70804.25211174999,70804.25211174999,67325.87230887508,68054.35433621652,67325.87230887508,68054.35433621652,67325.87230887508,68054.35433621652,67325.87230887508,68054.35433621652,,,,,1,1,-1,0,0,22629.88722
2026-03-07,70026.5410992242,70026.5410992242,66915.26,67710.8075,77984.22508382256,77984.22508382256,70804.25211174999,70804.25211174999,67690.1133225458,68302.38073177636,67690.1133225458,68302.38073177636,67690.1133225458,68302.38073177636,67690.1133225458,68302.38073177636,,,,,1,1,-1,0,0,12719.54315
2026-03-08,68868.67429961209,68868.67429961209,65618.49,66763.15000000001,74394.23859778627,74394.23859778627,69631.13731973925,69631.13731973925,67996.24702716108,68349.44784241803,67996.24702716108,68349.44784241803,67996.24702716108,68349.44784241803,67996.24702716108,68349.44784241803,,,,,1,1,-1,0,0,21593.63901
2026-03-09,67815.91214980604,69516.65,65821.97,67435.495,74394.23859778627,74394.23859778627,69631.13731973925,69631.13731973925,68172.84743478955,68309.01773360935,68172.84743478955,68309.01773360935,68172.84743478955,68309.01773360935,68172.84743478955,68309.01773360935,,,,,1,1,-1,0,0,28896.7213
2026-03-10,67625.70357490302,71777,67625.70357490302,69637.3,74394.23859778627,74394.23859778627,69631.13731973925,69631.13731973925,68240.93258419944,68366.36448761793,68240.93258419944,68366.36448761793,68240.93258419944,68366.36448761793,68240.93258419944,68366.36448761793,,,,,1,1,-1,0,0,32602.57726
2026-03-11,68631.5017874515,71321,68631.5017874515,70109.85250000001,74394.23859778627,74394.23859778627,69631.13731973925,69631.13731973925,68303.64853590868,68509.31293114263,68303.64853590868,68509.31293114263,68303.64853590868,68509.31293114263,68303.64853590868,68509.31293114263,,,,,1,1,-1,0,0,27249.27542
2026-03-12,69370.67714372576,70800,69205.91,70184.7775,74394.23859778627,74394.23859778627,69631.13731973925,69631.13731973925,68406.48073352565,68698.78026965761,68406.48073352565,68698.78026965761,68406.48073352565,68698.78026965761,68406.48073352565,68698.78026965761,,,,,1,1,-1,0,0,21997.1605
2026-03-13,69777.72732186288,73913.74,69777.72732186288,71442.7725,74394.23859778627,74394.23859778627,69631.13731973925,69631.13731973925,68552.63050159163,69012.01716241117,68552.63050159163,69012.01716241117,68552.63050159163,69012.01716241117,68552.63050159163,69012.01716241117,,,,,1,1,-1,0,0,35996.61678
2026-03-14,70610.24991093145,71307.92,70317,70941.72,74394.23859778627,74394.23859778627,69631.13731973925,69631.13731973925,68782.32383200139,69316.61262928031,68782.32383200139,69316.61262928031,68782.32383200139,69316.61262928031,68782.32383200139,69316.61262928031,,,,,1,1,-1,0,0,13017.24737
2026-03-15,70775.98495546573,73199,70775.98495546573,72021.2525,72012.68795876276,72012.68795876276,69401.71458426578,69401.71458426578,69049.46823064085,69669.99655590391,69049.46823064085,69669.99655590391,69049.46823064085,69669.99655590391,69049.46823064085,69669.99655590391,,,,,1,1,-1,0,0,14037.30704
2026-03-16,71398.61872773286,74909.08,71398.61872773286,73719.85250000001,72012.68795876276,72012.68795876276,69401.71458426578,69401.71458426578,69359.73239327238,70118.15758236937,69359.73239327238,70118.15758236937,69359.73239327238,70118.15758236937,69359.73239327238,70118.15758236937,,,,,1,1,-1,0,0,28409.53019
2026-03-17,72559.23561386643,76000,72559.23561386643,74548.305,72012.68795876276,72012.68795876276,69401.71458426578,69401.71458426578,69738.94498782088,70664.94708134781,69738.94498782088,70664.94708134781,69738.94498782088,70664.94708134781,69738.94498782088,70664.94708134781,,,,,1,1,-1,0,0,24521.26636
2026-03-18,73553.7703069332,74672.34,70500,72582.0625,72012.68795876276,72012.68795876276,69401.71458426578,69401.71458426578,70201.94603458435,71112.30183601647,70201.94603458435,71112.30183601647,70201.94603458435,71112.30183601647,70201.94603458435,71112.30183601647,,,,,1,1,-1,0,0,23392.88093
2026-03-19,73067.9164034666,73067.9164034666,68793.35,70395.9225,72012.68795876276,72012.68795876276,69401.71458426578,69401.71458426578,70657.12393530042,71340.53178737001,70657.12393530042,71340.53178737001,70657.12393530042,71340.53178737001,70657.12393530042,71340.53178737001,,,,,1,1,-1,0,0,22364.81819
2026-03-20,71731.9194517333,71731.9194517333,69388,70298.935,72012.68795876276,72012.68795876276,69401.71458426578,69401.71458426578,70998.82786133522,71397.89791475692,70998.82786133522,71397.89791475692,70998.82786133522,71397.89791475692,70998.82786133522,71397.89791475692,,,,,1,1,-1,0,0,18121.16745
2026-03-21,71015.42722586665,71100.94,68571.42,69775.30249999999,72012.68795876276,72012.68795876276,69401.71458426578,69401.71458426578,71198.36288804606,71310.70206457835,71198.36288804606,71310.70206457835,71198.36288804606,71310.70206457835,71198.36288804606,71310.70206457835,,,,,1,1,-1,0,0,13397.1675
2026-03-22,70395.36486293332,70395.36486293332,67360.66,68431.64249999999,70707.20127151426,70707.20127151426,70010.79026796763,70010.79026796763,71254.5324763122,71254.5324763122,71077.57120044064,71077.57120044064,71254.5324763122,71254.5324763122,71077.57120044064,71077.57120044064,,,,,-1,-1,-1,-1,0,14843.78682
2026-03-23,69413.50368146665,71817.09,67445.18,69506.93,70707.20127151426,70707.20127151426,70010.79026796763,70010.79026796763,71166.05183837641,71166.05183837641,70832.60832783647,70832.60832783647,71166.05183837641,71166.05183837641,70832.60832783647,70832.60832783647,,71817.09,,76002,-1,-1,-1,-1,-1,28335.09119
2026-03-24,69460.21684073332,71400,68923.07,70446.565,70707.20127151426,70707.20127151426,70010.79026796763,70010.79026796763,70999.33008310644,70999.33008310644,70649.39051016312,70649.39051016312,70999.33008310644,70999.33008310644,70649.39051016312,70649.39051016312,,,,76002,-1,-1,-1,-1,-1,20702.42244
2026-03-25,69953.39092036666,72026.09,69953.39092036666,71081.84,70707.20127151426,70707.20127151426,70010.79026796763,70010.79026796763,70824.36029663478,70824.36029663478,70573.15885747291,70573.15885747291,70824.36029663478,70824.36029663478,70573.15885747291,70573.15885747291,,,,76002,-1,-1,-1,-1,-1,17719.50066
2026-03-26,70517.61546018333,71436.82,68153,69936.66500000001,70707.20127151426,70707.20127151426,70010.79026796763,70010.79026796763,70698.75957705385,70698.75957705385,70487.61664244618,70487.61664244618,70698.75957705385,70698.75957705385,70487.61664244618,70487.61664244618,,,,76002,-1,-1,-1,-1,-1,20820.45768
2026-03-27,70227.14023009167,70227.14023009167,65548.25,67488.7225,70707.20127151426,70707.20127151426,70010.79026796763,70010.79026796763,70593.18810975002,70593.18810975002,70259.71441744258,70259.71441744258,70593.18810975002,70593.18810975002,70259.71441744258,70259.71441744258,,,,76002,-1,-1,-1,-1,-1,28603.69557
2026-03-28,68857.93136504584,68857.93136504584,65932.09,66501.33499999999,70707.20127151426,70707.20127151426,70010.79026796763,70010.79026796763,70426.45126359629,70426.45126359629,69911.36960267025,69911.36960267025,70426.45126359629,70426.45126359629,69911.36960267025,69911.36960267025,,,,76002,-1,-1,-1,-1,-1,11462.39847
2026-03-29,67679.63318252291,67679.63318252291,65000,66129.6175,70358.99576974094,70358.99576974094,69487.97479294073,69487.97479294073,70168.91043313326,70168.91043313326,69456.43992142906,69456.43992142906,70168.91043313326,70168.91043313326,69456.43992142906,69456.43992142906,,,,76002,-1,-1,-1,-1,-1,10052.85584
2026-03-30,66904.62534126145,68169.65,65800.59,66694.635,70358.99576974094,70358.99576974094,69487.97479294073,69487.97479294073,69812.67517728115,69812.67517728115,69016.22252919528,69016.22252919528,69812.67517728115,69812.67517728115,69016.22252919528,69016.22252919528,,,,76002,-1,-1,-1,-1,-1,18353.38975
2026-03-31,66799.63017063073,68589.49,65998.05,67417.34999999999,70358.99576974094,70358.99576974094,69487.97479294073,69487.97479294073,69414.44885323821,69414.44885323821,68649.44619179395,68649.44619179395,69414.44885323821,69414.44885323821,68649.44619179395,68649.44619179395,,,,76002,-1,-1,-1,-1,-1,22105.40662
2026-04-01,67108.49008531537,69310,67108.49008531537,68321.79,70358.99576974094,70358.99576974094,69487.97479294073,69487.97479294073,69031.94752251607,69031.94752251607,68417.1946877501,68417.1946877501,69031.94752251607,69031.94752251607,68417.1946877501,68417.1946877501,,,,76002,-1,-1,-1,-1,-1,19020.1899
2026-04-02,67715.14004265767,68653.38,65712.12,67345.3525,70358.99576974094,70358.99576974094,69487.97479294073,69487.97479294073,68724.57110513309,68724.57110513309,68214.52651456647,68214.52651456647,68724.57110513309,68724.57110513309,68214.52651456647,68214.52651456647,,,,76002,-1,-1,-1,-1,-1,20203.47916
2026-04-03,67530.24627132883,67530.24627132883,66282,66879.6775,70358.99576974094,70358.99576974094,69487.97479294073,69487.97479294073,68469.54880984977,68469.54880984977,68016.9272334006,68016.9272334006,68469.54880984977,68469.54880984977,68016.9272334006,68016.9272334006,,,,76002,-1,-1,-1,-1,-1,11429.13131
2026-04-04,67204.96188566441,67562.93,66775.91,67150.8875,70358.99576974094,70358.99576974094,69487.97479294073,69487.97479294073,68243.23802162518,68243.23802162518,67849.75824556901,67849.75824556901,68243.23802162518,68243.23802162518,67849.75824556901,67849.75824556901,,,,76002,-1,-1,-1,-1,-1,7373.51613
2026-04-05,67177.9246928322,69136.2,66611.66,68020.61499999999,69923.48528134084,69923.48528134084,68700.81267179333,68700.81267179333,68046.4981335971,68046.4981335971,67761.6875337044,67761.6875337044,68046.4981335971,68046.4981335971,67761.6875337044,67761.6875337044,,,,76002,-1,-1,-1,-1,-1,11733.46752
2026-04-06,67599.2698464161,70351.46,67599.2698464161,69134.82500000001,69923.48528134084,69923.48528134084,68700.81267179333,68700.81267179333,67904.09283365075,67904.09283365075,67801.4339694568,67801.4339694568,67904.09283365075,67904.09283365075,67801.4339694568,67801.4339694568,,,,76002,-1,-1,-1,-1,-1,20281.61044
2026-04-07,68367.04742320805,72761,67732.01,70317.7225,69923.48528134084,69923.48528134084,68700.81267179333,68700.81267179333,67852.76340155378,67997.13884048305,67852.76340155378,67997.13884048305,67852.76340155378,67997.13884048305,67852.76340155378,67997.13884048305,,,70317.7225,,1,1,-1,0,0,23750.49661
2026-04-08,69342.38496160402,72857,69342.38496160402,71639.595,69923.48528134084,69923.48528134084,68700.81267179333,68700.81267179333,67924.95112101841,68337.19688165699,67924.95112101841,68337.19688165699,67924.95112101841,68337.19688165699,67924.95112101841,68337.19688165699,,,,,1,1,-1,0,0,19802.68627
2026-04-09,70490.98998080201,73145,70466,71617.225,69923.48528134084,69923.48528134084,68700.81267179333,68700.81267179333,68131.07400133769,68770.78902207536,68131.07400133769,68770.78902207536,68131.07400133769,68770.78902207536,68131.07400133769,68770.78902207536,,,,,1,1,-1,0,0,18158.42159
2026-04-10,71054.10749040102,73434,71054.10749040102,72402.70749999999,69923.48528134084,69923.48528134084,68700.81267179333,68700.81267179333,68450.93151170653,69258.94905188173,68450.93151170653,69258.94905188173,68450.93151170653,69258.94905188173,68450.93151170653,69258.94905188173,,,,,1,1,-1,0,0,17372.63288
2026-04-11,71728.4074952005,73790,71728.4074952005,73077.24,69923.48528134084,69923.48528134084,68700.81267179333,68700.81267179333,68854.94028179413,69782.05170541079,68854.94028179413,69782.05170541079,68854.94028179413,69782.05170541079,68854.94028179413,69782.05170541079,,,,,1,1,-1,0,0,9070.94374
2026-04-12,72402.82374760025,73137.24,70505.88,71856.815,69312.14897656708,69312.14897656708,69194.14127956121,69194.14127956121,69318.49599360245,70221.15631985673,69318.49599360245,70221.15631985673,69318.49599360245,70221.15631985673,69318.49599360245,70221.15631985673,,,,,1,1,-1,0,0,13472.46801
2026-04-13,72129.81937380013,74900,70566.99,72656.635,69312.14897656708,69312.14897656708,69194.14127956121,69194.14127956121,69769.82615672958,70634.26778647312,69769.82615672958,70634.26778647312,69769.82615672958,70634.26778647312,69769.82615672958,70634.26778647312,,,,,1,1,-1,0,0,24230.21625
2026-04-14,72393.22718690007,76038,72393.22718690007,74595.755,69312.14897656708,69312.14897656708,69194.14127956121,69194.14127956121,70202.04697160136,71113.34509818094,70202.04697160136,71113.34509818094,70202.04697160136,71113.34509818094,70202.04697160136,71113.34509818094,,,,,1,1,-1,0,0,26532.94456
2026-04-15,73494.49109345004,75425,73494.49109345004,74470.135,69312.14897656708,69312.14897656708,69194.14127956121,69194.14127956121,70657.69603489115,71613.15310573741,70657.69603489115,71613.15310573741,70657.69603489115,71613.15310573741,70657.69603489115,71613.15310573741,,,,,1,1,-1,0,0,14425.04167
2026-04-16,73982.31304672502,75534.76,73309.85,74702.2225,69312.14897656708,69312.14897656708,69194.14127956121,69194.14127956121,71135.42457031428,72092.54202312542,71135.42457031428,72092.54202312542,71135.42457031428,72092.54202312542,71135.42457031428,72092.54202312542,,,,,1,1,-1,0,0,17088.68777
2026-04-17,74342.26777336252,78333,74342.26777336252,76272.17,69312.14897656708,69312.14897656708,69194.14127956121,69194.14127956121,71613.98329671986,72647.80212800036,71613.98329671986,72647.80212800036,71613.98329671986,72647.80212800036,71613.98329671986,72647.80212800036,,,,,1,1,-1,0,0,25941.36694
2026-04-18,75307.21888668125,77420.08,75307.21888668125,76407.2525,69312.14897656708,69312.14897656708,69194.14127956121,69194.14127956121,72130.89271236012,73214.71377163891,72130.89271236012,73214.71377163891,72130.89271236012,73214.71377163891,72130.89271236012,73214.71377163891,,,,,1,1,-1,0,0,9141.84456
2026-04-19,75857.23569334063,76240.66,73762.9,74874.2775,69253.14512806415,70740.69225375618,69253.14512806415,70740.69225375618,72672.80324199951,73654.2996077099,72672.80324199951,73654.2996077099,72672.80324199951,73654.2996077099,72672.80324199951,73654.2996077099,,,,,1,1,1,1,0,11369.82232
2026-04-20,75365.75659667031,76558.62,73724.31,74981.42499999999,69253.14512806415,70740.69225375618,69253.14512806415,70740.69225375618,73163.55142485471,73993.05995711703,73163.55142485471,73993.05995711703,73163.55142485471,73993.05995711703,73163.55142485471,73993.05995711703,73724.31,,,70503.88,1,1,1,1,1,16993.41034
2026-04-21,75173.59079833515,76927.57,74821.57,75981.565,69253.14512806415,70740.69225375618,69253.14512806415,70740.69225375618,73578.30569098589,74305.19380839297,73578.30569098589,74305.19380839297,73578.30569098589,74305.19380839297,73578.30569098589,74305.19380839297,,,,70503.88,1,1,1,1,1,14912.57132
2026-04-22,75577.57789916758,79472.82,75577.57789916758,77530.035,69253.14512806415,70740.69225375618,69253.14512806415,70740.69225375618,73941.74974968944,74693.9059515387,73941.74974968944,74693.9059515387,73941.74974968944,74693.9059515387,73941.74974968944,74693.9059515387,,,,70503.88,1,1,1,1,1,19737.51225
2026-04-23,76553.80644958379,78662.5,76553.80644958379,78014.55,69253.14512806415,70740.69225375618,69253.14512806415,70740.69225375618,74317.82785061408,75119.95026485145,74317.82785061408,75119.95026485145,74317.82785061408,75119.95026485145,74317.82785061408,75119.95026485145,,,,70503.88,1,1,1,1,1,16970.79501
2026-04-24,77284.17822479189,78581.93,77264.08,77885.155,69253.14512806415,70740.69225375618,69253.14512806415,70740.69225375618,74718.88905773277,75552.89410362819,74718.88905773277,75552.89410362819,74718.88905773277,75552.89410362819,74718.88905773277,75552.89410362819,,,,70503.88,1,1,1,1,1,12675.14315
2026-04-25,77584.66661239594,77885.35,77140.23,77521.9275,69253.14512806415,70740.69225375618,69253.14512806415,70740.69225375618,75135.89158068049,75930.94784389918,75135.89158068049,75930.94784389918,75135.89158068049,75930.94784389918,75135.89158068049,75930.94784389918,,,,70503.88,1,1,1,1,1,5685.1142
2026-04-26,77553.29705619797,78961,77326.51,78142.515,69996.91869091017,72639.10748689907,69996.91869091017,72639.10748689907,75533.41971228983,76290.9180489279,75533.41971228983,76290.9180489279,75533.41971228983,76290.9180489279,75533.41971228983,76290.9180489279,,,,70503.88,1,1,1,1,1,7963.56162
2026-04-27,77847.90602809898,79485.66,76459.64,77993.54250000001,69996.91869091017,72639.10748689907,69996.91869091017,72639.10748689907,75912.16888060886,76606.08361866101,75912.16888060886,76606.08361866101,75912.16888060886,76606.08361866101,75912.16888060886,76606.08361866101,,,,70503.88,1,1,1,1,1,16046.92418
2026-04-28,77920.7242640495,77920.7242640495,75666.6,76714.6725,69996.91869091017,72639.10748689907,69996.91869091017,72639.10748689907,76259.12624963494,76793.1250301688,76259.12624963494,76793.1250301688,76259.12624963494,76793.1250301688,76259.12624963494,76793.1250301688,,,,70503.88,1,1,1,1,1,13210.72383
2026-04-29,77317.69838202474,77904.93,74937.52,76241.3075,69996.91869091017,72639.10748689907,69996.91869091017,72639.10748689907,76526.12563990187,76863.27670579132,76526.12563990187,76863.27670579132,76526.12563990187,76863.27670579132,76526.12563990187,76863.27670579132,,,,70503.88,1,1,1,1,1,18279.93022
2026-04-30,76779.50294101237,76779.50294101237,75323.65,76029.84,69996.91869091017,72639.10748689907,69996.91869091017,72639.10748689907,76694.7011728466,76839.55613350093,76694.7011728466,76839.55613350093,76694.7011728466,76839.55613350093,76694.7011728466,76839.55613350093,,,,70503.88,1,1,1,1,1,10381.81607
2026-05-01,76404.67147050617,78914.12,76320.42,77453.0625,69996.91869091017,72639.10748689907,69996.91869091017,72639.10748689907,76767.12865317377,76867.02096502102,76767.12865317377,76867.02096502102,76767.12865317377,76867.02096502102,76767.12865317377,76867.02096502102,,,,70503.88,1,1,1,1,1,17315.46502
2026-05-02,76928.86698525309,79199.48,76928.86698525309,78539.36499999999,69996.91869091017,72639.10748689907,69996.91869091017,72639.10748689907,76817.0748090974,76971.58222218421,76817.0748090974,76971.58222218421,76817.0748090974,76971.58222218421,76817.0748090974,76971.58222218421,,,,70503.88,1,1,1,1,1,6150.87642
2026-05-03,77734.11599262654,79447,77734.11599262654,78696.6225,71318.01308890461,74468.17391524401,71318.01308890461,74468.17391524401,76894.32851564081,77147.61137767184,76894.32851564081,77147.61137767184,76894.32851564081,77147.61137767184,76894.32851564081,77147.61137767184,,,,70503.88,1,1,1,1,1,7425.7929
2026-05-04,78215.36924631326,80776.99,78202,79352.145,71318.01308890461,74468.17391524401,71318.01308890461,74468.17391524401,77020.96994665633,77406.55962213554,77020.96994665633,77406.55962213554,77020.96994665633,77406.55962213554,77020.96994665633,77406.55962213554,,,,70503.88,1,1,1,1,1,26042.96135
2026-05-05,78783.75712315663,81791.48,78783.75712315663,80591.6825,71318.01308890461,74468.17391524401,71318.01308890461,74468.17391524401,77213.76478439594,77756.8340975024,77213.76478439594,77756.8340975024,77213.76478439594,77756.8340975024,77213.76478439594,77756.8340975024,,,,75321.65,1,1,1,1,1,16947.17995
2026-05-06,79687.71981157831,82850,79687.71981157831,81483.42,71318.01308890461,74468.17391524401,71318.01308890461,74468.17391524401,77485.29944094918,78202.10714674354,77485.29944094918,78202.10714674354,77485.29944094918,78202.10714674354,77485.29944094918,78202.10714674354,,,,76318.42,1,1,1,1,1,18798.77396
2026-05-07,80585.56990578916,81708.32,79500,80665.3325,71318.01308890461,74468.17391524401,71318.01308890461,74468.17391524401,77843.70329384637,78624.36332125196,77843.70329384637,78624.36332125196,77843.70329384637,78624.36332125196,77843.70329384637,78624.36332125196,,,,76926.86698525309,1,1,1,1,1,16154.80338
2026-05-08,80625.45120289459,80625.45120289459,79181.48,79970.16249999999,71318.01308890461,74468.17391524401,71318.01308890461,74468.17391524401,78234.03330754917,78952.64046092881,78234.03330754917,78952.64046092881,78234.03330754917,78952.64046092881,78234.03330754917,78952.64046092881,,,,77732.11599262654,1,1,1,1,1,16001.31009
2026-05-09,80297.8068514473,81080,80129.85,80520.3575,71318.01308890461,74468.17391524401,71318.01308890461,74468.17391524401,78593.33688423899,79244.00207072761,78593.33688423899,79244.00207072761,78593.33688423899,79244.00207072761,78593.33688423899,79244.00207072761,,,,78200,1,1,1,1,1,7548.42177
2026-05-10,80409.08217572366,82479.32,80279.77,81411.8925,72893.09350207432,76583.41525437156,72893.09350207432,76583.41525437156,78918.6694774833,79548.94985291845,78918.6694774833,79548.94985291845,78918.6694774833,79548.94985291845,78918.6694774833,79548.94985291845,,,,78781.75712315663,1,1,1,1,1,12034.31882
2026-05-11,80910.48733786182,82380,80462.97,81699.6725,72893.09350207432,76583.41525437156,72893.09350207432,76583.41525437156,79233.80966520088,79852.53282741169,79233.80966520088,79852.53282741169,79233.80966520088,79852.53282741169,79233.80966520088,79852.53282741169,,,,79179.48,1,1,1,1,1,12951.76056
2026-05-12,81305.07991893092,81788,79843.59,80970.43,72893.09350207432,76583.41525437156,72893.09350207432,76583.41525437156,79543.17124630629,80094.13751793708,79543.17124630629,80094.13751793708,79543.17124630629,80094.13751793708,79543.17124630629,80094.13751793708,,,,79179.48,1,1,1,1,1,12386.25676
2026-05-13,81137.75495946546,81324.64,78754.65,79974.3425,72893.09350207432,76583.41525437156,72893.09350207432,76583.41525437156,79818.65438212168,80224.99387102042,79818.65438212168,80224.99387102042,79818.65438212168,80224.99387102042,79818.65438212168,80224.99387102042,,,,79179.48,1,1,1,1,1,14810.05643
2026-05-14,80556.04872973272,82048.13,78922,80343.4325,72893.09350207432,76583.41525437156,72893.09350207432,76583.41525437156,80021.82412657104,80307.60763014044,80021.82412657104,80307.60763014044,80021.82412657104,80307.60763014044,80021.82412657104,80307.60763014044,,,,79179.48,1,1,1,1,1,19727.86807
2026-05-15,80449.74061486636,81664.45,78659,80131.66500000001,72893.09350207432,76583.41525437156,72893.09350207432,76583.41525437156,80164.71587835574,80338.92571982543,80164.71587835574,80338.92571982543,80164.71587835574,80338.92571982543,80164.71587835574,80338.92571982543,,,,79179.48,1,1,1,1,1,17351.27079
2026-05-16,80290.70280743318,80290.70280743318,77640,78532.255,72893.09350207432,76583.41525437156,72893.09350207432,76583.41525437156,80251.8207990906,80251.8207990906,80251.27322246876,80251.27322246876,80251.8207990906,80251.8207990906,80251.27322246876,80251.27322246876,,,78532.255,,-1,-1,1,0,0,12132.86192
2026-05-17,79411.47890371659,79411.47890371659,76735.16,77735.2175,74738.25437822295,78001.70206190889,74738.25437822295,78001.70206190889,80251.54701077969,80251.54701077969,80038.99633298139,80038.99633298139,80251.54701077969,80251.54701077969,80038.99633298139,80038.99633298139,,,,,-1,-1,1,0,0,8442.7022
2026-05-18,78573.34820185829,78573.34820185829,76051,77077.635,74738.25437822295,78001.70206190889,74738.25437822295,78001.70206190889,80145.27167188055,80145.27167188055,79720.36369726041,79720.36369726041,80145.27167188055,80145.27167188055,79720.36369726041,79720.36369726041,,,,,-1,-1,1,0,0,18745.51678
2026-05-19,77825.49160092915,77825.49160092915,76144.71,76848.8925,74738.25437822295,78001.70206190889,74738.25437822295,78001.70206190889,79932.81768457049,79932.81768457049,79344.1824875421,79344.1824875421,79932.81768457049,79932.81768457049,79344.1824875421,79344.1824875421,,,,,-1,-1,1,0,0,11024.85978
2026-05-20,77337.19205046457,77853.04,76516.74,77189.0925,74738.25437822295,78001.70206190889,74738.25437822295,78001.70206190889,79638.5000860563,79638.5000860563,78980.17202523569,78980.17202523569,79638.5000860563,79638.5000860563,78980.17202523569,78980.17202523569,,,,,-1,-1,1,0,0,11296.26307
2026-05-21,77263.14227523228,78200,76719.47,77521.8075,74738.25437822295,78001.70206190889,74738.25437822295,78001.70206190889,79309.33605564601,79309.33605564601,78672.16118003248,78672.16118003248,79309.33605564601,79309.33605564601,78672.16118003248,78672.16118003248,,,,,-1,-1,1,0,0,11318.25841
2026-05-22,77392.47488761615,77900,75359.18,76603.55,74738.25437822295,78001.70206190889,74738.25437822295,78001.70206190889,78990.74861783924,78990.74861783924,78363.23523377067,78363.23523377067,78990.74861783924,78990.74861783924,78363.23523377067,78363.23523377067,,,,,-1,-1,1,0,0,11272.36134
2026-05-23,76998.01244380808,77404.18,74289.6,75996.3225,74738.25437822295,78001.70206190889,74738.25437822295,78001.70206190889,78676.99192580496,78676.99192580496,78024.29588126461,78024.29588126461,78676.99192580496,78676.99192580496,78024.29588126461,78024.29588126461,,,,,-1,-1,1,0,0,15086.88814
2026-05-24,76497.16747190405,77543.15,76108,76867.0275,76369.97822006592,77815.25506258628,76369.97822006592,77815.25506258628,78350.64390353479,78350.64390353479,77753.1944378028,77753.1944378028,78350.64390353479,78350.64390353479,77753.1944378028,77753.1944378028,,,,,-1,-1,1,0,0,8398.00156
2026-05-25,76682.09748595202,77905.52,76682.09748595202,77301.685,76369.97822006592,77815.25506258628,76369.97822006592,77815.25506258628,78051.91917066879,78051.91917066879,77572.4275913138,77572.4275913138,78051.91917066879,78051.91917066879,77572.4275913138,77572.4275913138,,,,,-1,-1,1,0,0,7672.32197
2026-05-26,76991.89124297601,78080,75677.97,76752.4975,76369.97822006592,77815.25506258628,76369.97822006592,77815.25506258628,77812.17338099128,77812.17338099128,77426.12858245717,77426.12858245717,77812.17338099128,77812.17338099128,77426.12858245717,77426.12858245717,,,,,-1,-1,1,0,0,16953.47629
2026-05-27,76872.194371488,76872.194371488,74243.99,75199.36249999999,76369.97822006592,77815.25506258628,76369.97822006592,77815.25506258628,77619.15098172422,77619.15098172422,77213.03853194957,77213.03853194957,77619.15098172422,77619.15098172422,77213.03853194957,77213.03853194957,,,,,-1,-1,1,0,0,16877.77483
2026-05-28,76035.778435744,76035.778435744,72582.82,73810.10250000001,76369.97822006592,77815.25506258628,76369.97822006592,77815.25506258628,77416.09475683689,77416.09475683689,76882.75929157247,76882.75929157247,77416.09475683689,77416.09475683689,76882.75929157247,76882.75929157247,,,,,-1,-1,1,0,0,21274.02026
2026-05-29,74922.940467872,74922.940467872,72512.49,73526.2225,76369.97822006592,77815.25506258628,76369.97822006592,77815.25506258628,77149.42702420468,77149.42702420468,76469.81911871769,76469.81911871769,77149.42702420468,77149.42702420468,76469.81911871769,76469.81911871769,,,,,-1,-1,1,0,0,18686.74141
2026-05-30,74224.581483936,74224.581483936,73216,73676.23,76369.97822006592,77815.25506258628,76369.97822006592,77815.25506258628,76809.62307146117,76809.62307146117,76042.93851567437,76042.93851567437,76809.62307146117,76809.62307146117,76042.93851567437,76042.93851567437,,,,,-1,-1,1,0,0,7515.40909
2026-05-31,73950.40574196799,74275.66,73400,73808.6075,77092.61664132611,77092.61664132611,76962.08525557305,76962.08525557305,76426.28079356777,76426.28079356777,75649.57021601572,75649.57021601572,76426.28079356777,76426.28079356777,75649.57021601572,75649.57021601572,,,,,-1,-1,-1,-1,0,6986.45707
2026-06-01,73879.506620984,74092,70686.68,72465.4925,77092.61664132611,77092.61664132611,76962.08525557305,76962.08525557305,76037.92550479174,76037.92550479174,75211.00719299549,75211.00719299549,76037.92550479174,76037.92550479174,75211.00719299549,75211.00719299549,,74092,,78082,-1,-1,-1,-1,-1,23921.09184
2026-06-02,73172.499560492,73172.499560492,66193,68942.9075,77092.61664132611,77092.61664132611,76962.08525557305,76962.08525557305,75624.4663488936,75624.4663488936,74576.05284556387,74576.05284556387,75624.4663488936,75624.4663488936,74576.05284556387,74576.05284556387,,,,78082,-1,-1,-1,-1,-1,32858.19586
2026-06-03,71057.703530246,71057.703530246,64092.49,65628.01999999999,77092.61664132611,77092.61664132611,76962.08525557305,76962.08525557305,75100.25959722874,75100.25959722874,73691.55649850104,73691.55649850104,75100.25959722874,75100.25959722874,73691.55649850104,73691.55649850104,,,,72465.4925,-1,-1,-1,-1,-1,30138.3065
2026-06-04,68342.861765123,68342.861765123,61383.56,63544.155,77092.61664132611,77092.61664132611,76962.08525557305,76962.08525557305,74395.90804786488,74395.90804786488,72542.06292623265,72542.06292623265,74395.90804786488,74395.90804786488,72542.06292623265,72542.06292623265,,,,72465.4925,-1,-1,-1,-1,-1,43577.17571
2026-06-05,65943.5083825615,65943.5083825615,59130.91,62012.8425,77092.61664132611,77092.61664132611,76962.08525557305,76962.08525557305,73468.98548704876,73468.98548704876,71180.35520495613,71180.35520495613,73468.98548704876,73468.98548704876,71180.35520495613,71180.35520495613,,,,72465.4925,-1,-1,-1,-1,-1,55027.28807
2026-06-06,63978.17544128075,63978.17544128075,59500,60742.785,77092.61664132611,77092.61664132611,76962.08525557305,76962.08525557305,72324.67034600244,72324.67034600244,69733.28526975456,69733.28526975456,72324.67034600244,72324.67034600244,69733.28526975456,69733.28526975456,,,,72465.4925,-1,-1,-1,-1,-1,19795.58877
2026-06-07,62360.48022064038,64234.68,60746,62299.3275,77027.35094844957,77027.35094844957,73757.9936619334,73757.9936619334,71028.9778078785,71028.9778078785,68407.03811425211,68407.03811425211,71028.9778078785,71028.9778078785,68407.03811425211,68407.03811425211,,,,72465.4925,-1,-1,-1,-1,-1,26612.10443
2026-06-08,62329.90386032019,64200,62329.90386032019,63256.5,77027.35094844957,77027.35094844957,73757.9936619334,73757.9936619334,69718.0079610653,69718.0079610653,67310.08178087612,67310.08178087612,69718.0079610653,69718.0079610653,67310.08178087612,67310.08178087612,,,,71059.703530246,-1,-1,-1,-1,-1,23053.38624
2026-06-09,62793.201930160096,63526.01,60780,62280.5025,77027.35094844957,77027.35094844957,73757.9936619334,73757.9936619334,68514.04487097071,68514.04487097071,66356.82187655967,66356.82187655967,68514.04487097071,68514.04487097071,66356.82187655967,66356.82187655967,,,,68344.861765123,-1,-1,-1,-1,-1,21636.21959
2026-06-10,62536.85221508005,62857.99,60755,61713.494999999995,77027.35094844957,77027.35094844957,73757.9936619334,73757.9936619334,67435.43337376519,67435.43337376519,65521.657248075135,65521.657248075135,67435.43337376519,67435.43337376519,65521.657248075135,65521.657248075135,,,,65945.5083825615,-1,-1,-1,-1,-1,15998.71652
2026-06-11,62125.173607540026,63933.02,61510.99,62645.2475,77027.35094844957,77027.35094844957,73757.9936619334,73757.9936619334,66478.54531092016,66478.54531092016,64868.08713512101,64868.08713512101,66478.54531092016,66478.54531092016,64868.08713512101,64868.08713512101,,,,64236.68,-1,-1,-1,-1,-1,17380.94642
2026-06-12,62385.21055377001,64394.44,62385.21055377001,63607.565,77027.35094844957,77027.35094844957,73757.9936619334,73757.9936619334,65673.31622302058,65673.31622302058,64414.20058389921,64414.20058389921,65673.31622302058,65673.31622302058,64414.20058389921,64414.20058389921,,,,64236.68,-1,-1,-1,-1,-1,16397.0524
2026-06-13,62996.38777688501,64762.77,62996.38777688501,64054.86,77027.35094844957,77027.35094844957,73757.9936619334,73757.9936619334,65043.75840345989,65043.75840345989,64139.13359817734,64139.13359817734,65043.75840345989,65043.75840345989,64139.13359817734,64139.13359817734,,,,64236.68,-1,-1,-1,-1,-1,9960.74163
2026-06-14,63525.623888442504,65800,63525.623888442504,64920.82250000001,75392.67230519149,75392.67230519149,70488.31041214465,70488.31041214465,64591.446000818614,64591.446000818614,64037.7809133777,64037.7809133777,64591.446000818614,64591.446000818614,64037.7809133777,64037.7809133777,,,64920.82250000001,,-1,-1,-1,-1,0,13203.03375
2026-06-15,64223.22319422125,67292.15,64223.22319422125,66180.33499999999,75392.67230519149,75392.67230519149,70488.31041214465,70488.31041214465,64314.61345709815,64314.61345709815,64118.65649902524,64118.65649902524,64314.61345709815,64314.61345709815,64118.65649902524,64118.65649902524,,,,,-1,-1,-1,-1,0,18559.80102
2026-06-16,65201.77909711062,66992,65201.77909711062,66089.1675,75392.67230519149,75392.67230519149,70488.31041214465,70488.31041214465,64216.634978061695,64312.178432285655,64216.634978061695,64312.178432285655,64216.634978061695,64312.178432285655,64216.634978061695,64312.178432285655,,,,,1,1,-1,0,0,14302.05801
2026-06-17,65645.47329855531,66445.93,63915.77,65136.53,75392.67230519149,75392.67230519149,70488.31041214465,70488.31041214465,64264.40670517367,64489.0439915719,64264.40670517367,64489.0439915719,64264.40670517367,64489.0439915719,64264.40670517367,64489.0439915719,,,,,1,1,-1,0,0,19048.65409
2026-06-18,65391.001649277656,65391.001649277656,62272.07,63636.37,75392.67230519149,75392.67230519149,70488.31041214465,70488.31041214465,64376.72534837279,64543.45385995588,64376.72534837279,64543.45385995588,64376.72534837279,64543.45385995588,64376.72534837279,64543.45385995588,,,,,1,1,-1,0,0,16935.59661
2026-06-19,64513.68582463883,64513.68582463883,62316.44,63121.090000000004,75392.67230519149,75392.67230519149,70488.31041214465,70488.31041214465,64460.089604164335,64486.42482541183,64460.089604164335,64486.42482541183,64460.089604164335,64486.42482541183,64460.089604164335,64486.42482541183,,,,,1,1,-1,0,0,14247.424
2026-06-20,63817.38791231942,64388,63184.21,63853.53,75392.67230519149,75392.67230519149,70488.31041214465,70488.31041214465,64473.257214788086,64473.257214788086,64399.75413397287,64399.75413397287,64473.257214788086,64473.257214788086,64399.75413397287,64399.75413397287,,,,,-1,-1,-1,-1,0,9522.10324
2026-06-21,63835.45895615971,64588,63270,63867,72940.49135866806,72940.49135866806,68008.97164528574,68008.97164528574,64436.50567438048,64436.50567438048,64314.006531751766,64314.006531751766,64436.50567438048,64436.50567438048,64314.006531751766,64314.006531751766,,64588,,67294.15,-1,-1,-1,-1,-1,8034.66333
2026-06-22,63851.229478079855,65622.83,63312,64066.71000000001,72940.49135866806,72940.49135866806,68008.97164528574,68008.97164528574,64375.25610306612,64375.25610306612,64265.029725183536,64265.029725183536,64375.25610306612,64375.25610306612,64265.029725183536,64265.029725183536,,,,67294.15,-1,-1,-1,-1,-1,15423.10851
2026-06-23,63958.96973903993,64275.38,61938,63241.990000000005,72940.49135866806,72940.49135866806,68008.97164528574,68008.97164528574,64320.14291412483,64320.14291412483,64161.156567414044,64161.156567414044,64320.14291412483,64320.14291412483,64161.156567414044,64161.156567414044,,,,67294.15,-1,-1,-1,-1,-1,20222.99292
2026-06-24,63600.47986951997,63600.47986951997,59102.7,61538.58,72940.49135866806,72940.49135866806,68008.97164528574,68008.97164528574,64240.64974076944,64240.64974076944,63917.073837552365,63917.073837552365,64240.64974076944,64240.64974076944,63917.073837552365,63917.073837552365,,,,67294.15,-1,-1,-1,-1,-1,30678.28543
2026-06-25,62569.52993475999,62569.52993475999,58115.01,60237.3525,72940.49135866806,72940.49135866806,68008.97164528574,68008.97164528574,64078.8617891609,64078.8617891609,63532.57138626826,63532.57138626826,64078.8617891609,64078.8617891609,63532.57138626826,63532.57138626826,,,,63867,-1,-1,-1,-1,-1,30386.00694
2026-06-26,61403.441217379994,61403.441217379994,58337,59747.225,72940.49135866806,72940.49135866806,68008.97164528574,68008.97164528574,63805.71658771458,63805.71658771458,63058.93295099539,63058.93295099539,63805.71658771458,63805.71658771458,63058.93295099539,63058.93295099539,,,,63867,-1,-1,-1,-1,-1,27403.55723
2026-06-27,60575.33310869,60941.17,59855.16,60230.65,72940.49135866806,72940.49135866806,68008.97164528574,68008.97164528574,63432.324769354986,63432.324769354986,62601.60348797268,62601.60348797268,63432.324769354986,63432.324769354986,62601.60348797268,62601.60348797268,,,,63867,-1,-1,-1,-1,-1,9587.22916
2026-06-28,60402.991554345004,60545.01,58905,59764.00750000001,70474.7315019769,70474.7315019769,65553.71971754315,65553.71971754315,63016.964128663836,63016.964128663836,62148.41851861662,62148.41851861662,63016.964128663836,63016.964128663836,62148.41851861662,62148.41851861662,,,,63867,-1,-1,-1,-1,-1,8907.13796
2026-06-29,60083.499527172506,60780.57,58900.01,59879.45,70474.7315019769,70474.7315019769,65553.71971754315,65553.71971754315,62582.69132364023,62582.69132364023,61738.040098532816,61738.040098532816,62582.69132364023,62582.69132364023,61738.040098532816,61738.040098532816,,,,63602.47986951997,-1,-1,-1,-1,-1,20203.14178
2026-06-30,59981.47476358625,60276.54,58201,59340.612499999996,70474.7315019769,70474.7315019769,65553.71971754315,65553.71971754315,62160.365711086524,62160.365711086524,61343.14054403715,61343.14054403715,62160.365711086524,62160.365711086524,61343.14054403715,61343.14054403715,,,,62571.52993475999,-1,-1,-1,-1,-1,19639.82787
2026-07-01,59661.04363179312,61334,57800.19,59445.725,70474.7315019769,70474.7315019769,65553.71971754315,65553.71971754315,61751.75312756184,61751.75312756184,61000.37400650905,61000.37400650905,61751.75312756184,61751.75312756184,61000.37400650905,61000.37400650905,,,,61405.441217379994,-1,-1,-1,-1,-1,25093.44662
2026-07-02,59553.38431589656,62200,59553.38431589656,60843,70474.7315019769,70474.7315019769,65553.71971754315,65553.71971754315,61376.063567035446,61376.063567035446,60799.26679134609,60799.26679134609,61376.063567035446,61376.063567035446,60799.26679134609,60799.26679134609,,,,61405.441217379994,-1,-1,-1,-1,-1,21382.14163
2026-07-03,60198.19215794828,62979.86,60198.19215794828,62092.995,70474.7315019769,70474.7315019769,65553.71971754315,65553.71971754315,61087.66517919077,61087.66517919077,60755.909472059204,60755.909472059204,61087.66517919077,61087.66517919077,60755.909472059204,60755.909472059204,,,62092.995,,-1,-1,-1,-1,0,14048.98627
2026-07-04,61145.59357897414,63461.99,61145.59357897414,62879.375,70474.7315019769,70474.7315019769,65553.71971754315,65553.71971754315,60921.78732562499,60921.78732562499,60860.31859571891,60860.31859571891,60921.78732562499,60921.78732562499,60860.31859571891,60860.31859571891,,,,,-1,-1,-1,-1,0,9139.8274
2026-07-05,62012.48428948707,63999,62012.48428948707,63307.4,68014.22560976002,68014.22560976002,63595.444642728085,63595.444642728085,60891.05296067195,61084.37828000674,60891.05296067195,61084.37828000674,60891.05296067195,61084.37828000674,60891.05296067195,61084.37828000674,,,,,1,1,-1,0,0,9172.07758
2026-07-06,62659.94214474353,64700,61306.84,63424.7175,68014.22560976002,68014.22560976002,63595.444642728085,63595.444642728085,60987.715620339346,61361.2502776681,60987.715620339346,61361.2502776681,60987.715620339346,61361.2502776681,60987.715620339346,61361.2502776681,,,,,1,1,-1,0,0,21435.28437
2026-07-07,63042.329822371765,64314,62671.39,63598.0775,68014.22560976002,68014.22560976002,63595.444642728085,63595.444642728085,61174.48294900372,61672.25268128116,61174.48294900372,61672.25268128116,61174.48294900372,61672.25268128116,61174.48294900372,61672.25268128116,,,,,1,1,-1,0,0,16834.20823
2026-07-08,63320.20366118588,63761.99,61544.56,62740.1375,68014.22560976002,68014.22560976002,63595.444642728085,63595.444642728085,61423.36781514244,61921.34003487973,61423.36781514244,61921.34003487973,61423.36781514244,61921.34003487973,61423.36781514244,61921.34003487973,,,,,1,1,-1,0,0,18620.09796
2026-07-09,63030.17058059294,63500,61705.29,62681.325000000004,68014.22560976002,68014.22560976002,63595.444642728085,63595.444642728085,61672.353925011084,62109.39025413848,61672.353925011084,62109.39025413848,61672.353925011084,62109.39025413848,61672.353925011084,62109.39025413848,,,,,1,1,-1,0,0,16742.80672
2026-07-10,62855.747790296475,64692.83,62855.747790296475,63752.6425,68014.22560976002,68014.22560976002,63595.444642728085,63595.444642728085,61890.87208957478,62324.24495788232,61890.87208957478,62324.24495788232,61890.87208957478,62324.24495788232,61890.87208957478,62324.24495788232,,,,,1,1,-1,0,0,17589.00122
2026-07-11,63304.19514514824,64504.11,63304.19514514824,64075.957500000004,68014.22560976002,68014.22560976002,63595.444642728085,63595.444642728085,62107.558523728556,62555.43221871316,62107.558523728556,62555.43221871316,62107.558523728556,62555.43221871316,62107.558523728556,62555.43221871316,,,,,1,1,-1,0,0,9151.97432
2026-07-12,63690.076322574125,64290.11,63640.83,63882.4875,65804.83512624406,65804.83512624406,63112.02591123502,63112.02591123502,62331.49537122086,62780.69238371692,62331.49537122086,62780.69238371692,62331.49537122086,62780.69238371692,62331.49537122086,62780.69238371692,,,,,1,1,-1,0,0,13914.83703
2026-07-13,63786.281911287064,64425,61824.97,63091.1225,65804.83512624406,65804.83512624406,63112.02591123502,63112.02591123502,62556.09387746889,62930.360569083554,62556.09387746889,62930.360569083554,62556.09387746889,62930.360569083554,62556.09387746889,62930.360569083554,,,,,1,1,-1,0,0,21682.50204
2026-07-14,63438.70220564353,65100,62272.2,63687.674999999996,65804.83512624406,65804.83512624406,63112.02591123502,63112.02591123502,62743.227223276226,63061.919831794854,62743.227223276226,63061.919831794854,62743.227223276226,63061.919831794854,62743.227223276226,63061.919831794854,,,,,1,1,-1,0,0,20552.41384
2026-07-15,63563.18860282176,65600,63563.18860282176,64971.3175,65804.83512624406,65804.83512624406,63112.02591123502,63112.02591123502,62902.57352753554,63244.42560724822,62902.57352753554,63244.42560724822,62902.57352753554,63244.42560724822,62902.57352753554,63244.42560724822,,,,,1,1,-1,0,0,18401.89741
2026-07-16,64267.25305141088,64997.52,63748.74,64333.185,65804.83512624406,65804.83512624406,63112.02591123502,63112.02591123502,63073.49956739188,63426.683760735745,63073.49956739188,63426.683760735745,63073.49956739188,63426.683760735745,63073.49956739188,63426.683760735745,,,,,1,1,-1,0,0,18764.52679
2026-07-17,64300.21902570544,64387.99,62537.56,63671.6375,65804.83512624406,65804.83512624406,63112.02591123502,63112.02591123502,63250.09166406382,63538.1969319802,63250.09166406382,63538.1969319802,63250.09166406382,63538.1969319802,63250.09166406382,63538.1969319802,,,,,1,1,-1,0,0,18189.56586
2026-07-18,63985.928262852714,64865,63886.65,64379.3825,65804.83512624406,65804.83512624406,63112.02591123502,63112.02591123502,63394.14429802201,63656.106923781655,63394.14429802201,63656.106923781655,63394.14429802201,63656.106923781655,63394.14429802201,63656.106923781655,,,,,1,1,-1,0,0,8031.17684
2026-07-19,64182.65538142636,64967.25,64182.65538142636,64701,64458.43051873954,64458.43051873954,63274.975650647444,63274.975650647444,63525.125610901836,63786.89009923847,63525.125610901836,63786.89009923847,63525.125610901836,63786.89009923847,63525.125610901836,63786.89009923847,,,,,1,1,-1,0,0,8379.91453
2026-07-20,64441.82769071318,65799,63100,64719.265,64458.43051873954,64458.43051873954,63274.975650647444,63274.975650647444,63656.00785507016,63912.6451876463,63656.00785507016,63912.6451876463,63656.00785507016,63912.6451876463,63656.00785507016,63912.6451876463,,,,,1,1,-1,0,0,21323.48384
2026-07-21,64580.54634535659,65991.05,64580.54634535659,65568.475,,,,,,,,,,,,,,,,,,,,,,4575.66062