time,open,high,low,close,HTF2 SHA (Open),HTF2 SHA (High,HTF2 SHA (Low),HTF2 SHA (Close),HTF1 SHA (Open),HTF1 SHA (High,HTF1 SHA (Low),HTF1 SHA (Close),Base SHA (Open),Base SHA (High,Base SHA (Low),Base SHA (Close),Entry Long,Entry Short,Exit,Active Stop,Base Dir,HTF1 Dir,HTF2 Dir,Alignment,Position,Volume
2017-08-14,4173.885,4485.39,3850,4170.79,,,,,,,,,,,,,,,,,-1,-1,-1,0,0,2843.431426
2017-08-21,4172.3375,4453.91,3400,4058.2625000000003,,,,,4137.800321371024,4139.810456367863,4137.800321371024,4139.810456367863,,,,,,,,,-1,1,-1,0,0,4599.396629
2017-08-28,4115.3,4939.19,4115.3,4470.705,4131.75703125,4200.4225,4131.75703125,4200.4225,4363.12708504831,4441.103531526118,4363.12708504831,4441.103531526118,,,,,,,,,-1,1,1,0,0,4753.843376
2017-09-04,4293.0025000000005,4788.59,3603,4256.74,4185.57515625,4239.238472222221,4185.57515625,4239.238472222221,4426.745245765592,4426.745245765592,4398.002780898957,4398.002780898957,,,,,,,,,-1,-1,1,0,0,6382.787745
2017-09-11,4274.87125,4394.59,2817,3766.2999999999997,4218.901944444444,4218.901944444444,4054.19662037037,4054.19662037037,4131.291806338749,4131.291806338749,3973.5875298307437,3973.5875298307437,,,,,,,,,-1,-1,-1,0,0,8106.705127
2017-09-18,4020.5856249999997,4123.2,3505.55,3744.6925,4138.714325810185,4138.714325810185,3942.2188194444443,3942.2188194444443,3850.469801566702,3850.469801566702,3804.158787163657,3804.158787163657,,,,,,,,,-1,-1,-1,0,0,5908.32335
2017-09-25,3882.6390625,4406.52,3653.69,4024.6775000000002,4041.188253761574,4041.188253761574,3951.8492065329215,3951.8492065329215,3890.836998750051,3982.9035838777686,3890.836998750051,3982.9035838777686,,,,,,,,,-1,1,-1,0,0,5782.305424
2017-10-02,3953.65828125,4658,3953.65828125,4452,3996.759290525334,4087.3547758058985,3996.759290525334,4087.3547758058985,4193.571002620329,4260.273944077462,4193.571002620329,4260.273944077462,,,,,,,,,-1,1,1,0,0,4708.272956
2017-10-09,4202.829140625,5922.3,4202.829140625,5205.5725,4042.1372199583116,4456.201136616941,4042.1372199583116,4456.201136616941,4645.818413803798,4897.151743055753,4645.818413803798,4897.151743055753,,,,,,,,,-1,1,1,0,0,7913.925837
2017-10-16,4704.200820312501,6171,4704.200820312501,5717.2425,4249.1959072185255,4882.944020502305,4249.1959072185255,4882.944020502305,5376.274515494988,5534.4228696376,5376.274515494988,5534.4228696376,,,,,,,,,-1,1,1,0,0,12157.769447
2017-10-23,5210.72166015625,6189.88,5210.72166015625,5905.46,4566.078873504049,5262.0273674121545,4566.078873504049,5262.0273674121545,5690.737506038167,5729.976860227755,5690.737506038167,5729.976860227755,4175.509970461748,4324.210300397281,4175.509970461748,4324.210300397281,,,,,1,1,1,1,0,13133.99457
2017-10-30,5558.090830078125,7590.25,5558.090830078125,6774.567500000001,4914.0560903393125,5796.691038236319,4914.0560903393125,5796.691038236319,6162.964372697617,6448.377518414581,6162.964372697617,6448.377518414581,4316.214228635166,4611.638274800791,4316.214228635166,4611.638274800791,5558.090830078125,,,2815,1,1,1,1,1,11663.209648
2017-11-06,6166.329165039063,7770.02,5325.01,6562.79,5355.37455424822,6149.140891893869,5355.37455424822,6149.140891893869,6867.4546280065515,6867.4546280065515,6828.995872297213,6828.995872297213,4515.53499087793,4909.717908763227,4515.53499087793,4909.717908763227,,,,2815,1,-1,1,0,1,18916.3199
2017-11-13,6364.559582519531,8123.15,5699.99,6925.27,5752.258053057846,6467.902655071825,5752.258053057846,6467.902655071825,6810.9842789384675,7020.136902162135,6810.9842789384675,7020.136902162135,4752.7665802783185,5214.912803444955,4752.7665802783185,5214.912803444955,,,,2815,1,1,1,1,1,19791.101011
2017-11-20,6644.9147912597655,9350,6644.9147912597655,8584.032500000001,6110.0804640604365,7098.015235672958,6110.0804640604365,7098.015235672958,7681.995372148912,7925.5392969429,7681.995372148912,7925.5392969429,5015.059793328768,5587.652884712867,5015.059793328768,5587.652884712867,,,,2815,1,1,1,1,1,28921.859792
2017-11-27,7614.473645629883,11825,7614.473645629883,10159.6025,6604.047886531897,8148.193172247298,6604.047886531897,8148.193172247298,8956.953329315777,9453.134271472965,8956.953329315777,9453.134271472965,5325.638640161919,6091.885772691409,5325.638640161919,6091.885772691409,,,,2815,1,1,1,1,1,48427.94965
2017-12-04,8887.038072814943,17204.99,8887.038072814943,13518.095000000001,7376.120541611332,10032.033882604524,7376.120541611332,10032.033882604524,11426.874172511734,12423.881537531523,11426.874172511734,12423.881537531523,5727.648440647521,6863.408188300602,5727.648440647521,6863.408188300602,,,,6774.567500000001,1,1,1,1,1,72429.024191
2017-12-11,11202.566536407472,19798.68,11202.566536407472,17067.88,8704.077216181839,12368.411466243866,8704.077216181839,12368.411466243866,14696.826380474573,15641.241684447914,14696.826380474573,15641.241684447914,6310.21760775695,7930.519989354059,6310.21760775695,7930.519989354059,,,,6774.567500000001,1,1,1,1,1,67850.979686
2017-12-18,14135.223268203736,19300,10961,15656.5,10536.244342570824,13803.462020340268,10536.244342570824,13803.462020340268,16425.102361551588,16425.102361551588,15892.153961419192,15892.153961419192,7131.793804442195,9058.075347863172,7131.793804442195,9058.075347863172,,,,6774.567500000001,1,-1,1,0,1,135382.820805
2017-12-25,14895.861634101868,16498.05,11750,13866.1025,12169.853181908202,14162.486087766623,12169.853181908202,14162.486087766623,14862.40901017192,14862.40901017192,14507.267707096298,14507.267707096298,8103.820691842332,10045.994798337408,8103.820691842332,10045.994798337408,,,,6774.567500000001,1,-1,1,0,1,116522.754321
2018-01-01,14380.982067050934,17176.24,12750,14947.98,13166.169634988297,14491.850730367823,13166.169634988297,14491.850730367823,14389.745802127916,14785.400202657675,14389.745802127916,14785.400202657675,9081.819168404041,10930.828827974301,9081.819168404041,10930.828827974301,,,,7612.473645629883,1,1,1,1,1,120239.399359
2018-01-08,14664.481033525466,16322.3,11400,14354.035,13829.010182728354,14392.159369773975,13829.010182728354,14392.159369773975,14686.06363764026,14686.06363764026,14415.33518321032,14415.33518321032,10011.699549655748,11633.029168952145,10011.699549655748,11633.029168952145,,,,8885.038072814943,1,-1,1,0,1,137537.904565
2018-01-15,14509.258016762733,14509.258016762733,9035,12073.2425,14110.58477626793,14110.58477626793,13554.207113533499,13554.207113533499,12953.676021020856,12953.676021020856,12463.768988646982,12463.768988646982,10826.545343777952,12040.60359157996,10826.545343777952,12040.60359157996,,,,9033,1,-1,-1,0,1,303127.502137
2018-01-22,13291.250258381366,13291.250258381366,9900.24,11388.5475,13832.395944906302,13832.395944906302,12756.041258687748,12756.041258687748,11621.126994854054,11621.126994854054,11467.80488912567,11467.80488912567,11436.826344492072,12224.33551437167,11436.826344492072,12224.33551437167,,,,9033,1,-1,-1,0,1,198030.051117
2018-01-29,12339.898879190683,12339.898879190683,7930,9992.445,13294.218601798888,13294.218601798888,11731.58702188604,11731.58702188604,10837.029325372163,10837.029325372163,10315.18461162517,10315.18461162517,11833.110166953184,12170.185982805462,11833.110166953184,12170.185982805462,,,,9033,1,-1,-1,0,1,202016.407759
2018-02-05,11166.17193959534,11166.17193959534,6000.01,7827.415,12512.902811843085,12512.902811843085,10421.472194646574,10421.472194646574,8800.78441413708,8800.78441413708,8506.122390523178,8506.122390523178,12003.615259618122,12003.615259618122,11866.672311362761,11866.672311362761,,,7827.415,,-1,-1,-1,-1,0,340791.764516
2018-02-12,9496.79346979767,11274,8053,9443.5625,11467.187503245037,11467.187503245037,9896.066901754564,9896.066901754564,8774.933377152505,9162.065898649229,8774.933377152505,9162.065898649229,11936.673818065063,11936.673818065063,11520.602969674981,11520.602969674981,,11274,,19800.68,-1,1,-1,0,-1,311863.068137
2018-02-19,9470.177984898835,11786.01,9274.8,10256.455,10681.62720249987,10681.62720249987,9971.374688975517,9971.374688975517,10070.721344069441,10130.849734702735,10070.721344069441,10130.849734702735,11729.828419205838,11729.828419205838,11241.437968136215,11241.437968136215,,,,19800.68,-1,1,-1,0,-1,350623.132911
2018-02-26,9863.316492449418,11565,9350,10505,10326.500945737716,10326.500945737716,10135.055302727551,10135.055302727551,10298.964066671162,10509.858477132704,10298.964066671162,10509.858477132704,11486.558768932216,11486.558768932216,11029.32907008267,11029.32907008267,,,,19800.68,-1,1,-1,0,-1,183797.561533
2018-03-05,10184.15824622471,11710,8329,10271.8925,10230.77812423264,10230.77812423264,10148.223097068278,10148.223097068278,10525.260949121319,10525.260949121319,10201.14785810019,10201.14785810019,11258.663811377257,11258.663811377257,10849.850128010883,10849.850128010883,,,,19800.68,-1,-1,-1,-1,-1,282035.225382
2018-03-12,10228.025373112356,10228.025373112356,7322,8733.609999999999,10189.500610650462,10189.500610650462,9696.216002878537,9696.216002878537,9308.09124073829,9308.09124073829,8919.82125715044,8919.82125715044,11054.816885592814,11054.816885592814,10613.03240469252,10613.03240469252,,,,19800.68,-1,-1,-1,-1,-1,315834.721189
2018-03-19,9480.817686556176,9480.817686556176,8088.4,8481.140000000001,9942.8583067645,9942.8583067645,9284.472032590587,9284.472032590587,8659.33604636955,8659.33604636955,8648.91933415982,8648.91933415982,10834.360135286135,10834.360135286135,10348.718483907112,10348.718483907112,,,,19800.68,-1,-1,-1,-1,-1,285209.670184
2018-03-26,8980.978843278088,8980.978843278088,6430,7557.01,9613.665169677544,9613.665169677544,8662.17598658013,8662.17598658013,8198.913319190182,8198.913319190182,7872.841239563908,7872.841239563908,10591.878024152655,10591.878024152655,10015.462959783426,10015.462959783426,,,,19800.68,-1,-1,-1,-1,-1,308727.870203
2018-04-02,8268.994421639043,8268.994421639043,6500,6962.7525000000005,9137.920578128838,9137.920578128838,8076.591692240921,8076.591692240921,7283.052343057446,7283.052343057446,7119.9669910392595,7119.9669910392595,10303.93393662273,10303.93393662273,9636.363481951137,9636.363481951137,,,,19800.68,-1,-1,-1,-1,-1,232320.070499
2018-04-09,7615.873460819522,8429.54,6611,7601.645,8607.25613518488,8607.25613518488,7783.936958631657,7783.936958631657,7091.622514641132,7271.3155812695395,7091.622514641132,7271.3155812695395,9970.353610685026,9970.353610685026,9275.28604858529,9275.28604858529,,,,19800.68,-1,1,-1,0,-1,259876.174588
2018-04-16,7608.759230409762,9035,7608.759230409762,8500.622500000001,8195.59654690827,8195.59654690827,7931.130113374283,7931.130113374283,7830.637387310317,8074.654927420259,7830.637387310317,8074.654927420259,9622.97919738923,9622.97919738923,9010.160952269636,9010.160952269636,,,,19800.68,-1,1,-1,0,-1,233025.38619
2018-04-23,8054.690865204881,9759.82,8054.690865204881,9154.035,8063.3633301412765,8314.008939113755,8063.3633301412765,8314.008939113755,8689.672632742688,8873.37021048399,8689.672632742688,8873.37021048399,9316.694027527044,9316.694027527044,8863.826861129692,8863.826861129692,,,,19800.68,-1,1,1,0,-1,306668.07214
2018-04-30,8604.36293260244,10020,8604.36293260244,9474.135,8188.6861346275155,8739.531598501459,8188.6861346275155,8739.531598501459,9162.57325826017,9310.873014431369,9162.57325826017,9310.873014431369,9090.356851982066,9090.356851982066,8823.261027946297,8823.261027946297,,,,19800.68,-1,1,1,0,-1,222274.38854
2018-05-07,9039.24896630122,9689.67,8153,9045.85,8464.108866564487,8894.549957577357,8464.108866564487,8894.549957577357,9294.373651342406,9294.373651342406,9140.245039303249,9140.245039303249,8956.883923694835,8956.883923694835,8818.435302561069,8818.435302561069,,,,19800.68,-1,-1,1,0,-1,224151.298751
2018-05-14,9042.549483150611,9042.549483150611,7911.9,8499.645,8679.329412070922,8791.601345918212,8679.329412070922,8791.601345918212,8690.044668113516,8690.044668113516,8538.306130898287,8538.306130898287,8887.71793380735,8887.71793380735,8798.914469738118,8798.914469738118,,,,19800.68,-1,-1,1,0,-1,182713.332084
2018-05-21,8771.097241575306,8771.097241575306,7231.11,7923.094999999999,8735.465378994568,8735.465378994568,8505.717511231393,8505.717511231393,8179.066957753599,8179.066957753599,7966.088946138106,7966.088946138106,8843.361562301154,8843.361562301154,8734.265672291811,8734.265672291811,,,,19800.68,-1,-1,-1,-1,-1,190892.626838
2018-05-28,8347.096120787653,8347.096120787653,7032.95,7468.2225,8620.59144511298,8620.59144511298,8159.785384782827,8159.785384782827,7594.810922003171,7594.810922003171,7551.9054719104215,7551.9054719104215,8788.848897707476,8788.848897707476,8620.947390203713,8620.947390203713,,,,19800.68,-1,-1,-1,-1,-1,211928.638229
2018-06-04,7907.659310393827,7907.659310393827,6622.81,7216.764999999999,8390.188414947903,8390.188414947903,7789.765379805914,7789.765379805914,7576.871092555061,7576.871092555061,7553.669785669263,7553.669785669263,8704.925584275255,8704.925584275255,8460.756726561996,8460.756726561996,,,,19800.68,-1,-1,-1,-1,-1,211352.257072
2018-06-11,7562.212155196913,7562.212155196913,6118.68,6563.8225,8089.976897376909,8089.976897376909,7376.192633827386,7376.192633827386,7053.989789094565,7053.989789094565,6856.973732094718,6856.973732094718,8582.862497889473,8582.862497889473,8251.865525843546,8251.865525843546,,,,19800.68,-1,-1,-1,-1,-1,234080.841171
2018-06-18,7063.017327598456,7063.017327598456,5750,6293.1925,7733.084765602148,7733.084765602148,6959.624175372813,6959.624175372813,6668.12561572491,6668.12561572491,6561.457785192571,6561.457785192571,8417.380611566059,8417.380611566059,8002.4221888821085,8002.4221888821085,,,,19800.68,-1,-1,-1,-1,-1,234141.140657
2018-06-25,6678.104913799229,6678.104913799229,5780,6200.9375,7346.35447048748,7346.35447048748,6635.411082889772,6635.411082889772,6286.107706406266,6286.107706406266,6236.796707455152,6236.796707455152,8209.914311101511,8209.914311101511,7737.73659990166,7737.73659990166,,,,19800.68,-1,-1,-1,-1,-1,207746.559006
2018-07-02,6439.521206899614,6818.16,6271.62,6540.674999999999,6990.882776688626,6990.882776688626,6546.979836540603,6546.979836540603,6395.350682595189,6471.716833247228,6395.350682595189,6471.716833247228,7973.83549729514,7973.83549729514,7505.750654095073,7505.750654095073,,,,19800.68,-1,1,-1,0,-1,211526.019058
2018-07-09,6490.098103449807,6802.06,6070,6484.2925,6768.931306614615,6768.931306614615,6499.213171089295,6499.213171089295,6473.604300183113,6473.604300183113,6419.821971651142,6419.821971651142,7739.8008859789825,7739.8008859789825,7304.678279097988,7304.678279097988,,,,19800.68,-1,-1,-1,-1,-1,192452.84988
2018-07-16,6487.195301724903,7700,6330.4,6944.835,6634.072238851955,6656.74772130223,6634.072238851955,6656.74772130223,6744.505651267355,6947.838894155436,6744.505651267355,6947.838894155436,7522.245657203722,7522.245657203722,7171.815997106747,7171.815997106747,,,,19800.68,-1,1,1,0,-1,294313.222604
2018-07-23,6716.015150862451,8491.77,6716.015150862451,7868.1375,6645.409980077093,7025.912328716554,6645.409980077093,7025.912328716554,7545.88800580477,7755.067264377648,7545.88800580477,7755.067264377648,7347.035551894863,7347.035551894863,7134.361905806344,7134.361905806344,,,,19800.68,-1,1,1,0,-1,288666.047141
2018-07-30,7292.076325431226,8273,6882.29,7597.617499999999,6835.661154396824,7282.63445293648,6835.661154396824,7282.63445293648,7817.057747609701,7817.057747609701,7695.353427207009,7695.353427207009,7240.702403648092,7240.702403648092,7150.38413435962,7150.38413435962,,,,19800.68,-1,-1,1,0,-1,282090.103584
2018-08-06,7444.846912715613,7444.846912715613,5971,6615.879999999999,7059.147803666652,7127.385357148172,7059.147803666652,7127.385357148172,7092.3451135811265,7092.3451135811265,6835.335625907761,6835.335625907761,7195.54612717968,7195.54612717968,7132.862002973209,7132.862002973209,,,,19800.68,-1,-1,1,0,-1,334426.550743
2018-08-13,7030.363456357806,7030.363456357806,5880,6321.5225,7093.266580407412,7093.266580407412,6860.436344740908,6860.436344740908,6486.993976896209,6486.993976896209,6438.535667295303,6438.535667295303,7164.206288102086,7164.206288102086,7074.258372788946,7074.258372788946,,,,19800.68,-1,-1,-1,-1,-1,378189.296487
2018-08-20,6675.942978178903,6882.54,6220,6570.0175,6976.85146257416,6976.85146257416,6709.303687719575,6709.303687719575,6447.585231629163,6491.32543324389,6447.585231629163,6491.32543324389,7119.234059465459,7119.234059465459,7003.609278414581,7003.609278414581,,,,19800.68,-1,1,-1,0,-1,286906.539311
2018-08-27,6622.980239089451,7345.45,6622.980239089451,6998.49,6843.077575146867,6843.077575146867,6776.142917750605,6776.142917750605,6744.279885658717,6856.04404536236,6744.279885658717,6856.04404536236,7061.423013733309,7061.423013733309,6961.205553584779,6961.205553584779,,,,19800.68,-1,1,-1,0,-1,294674.913005
2018-09-03,6810.735119544725,7410,6111,6768.4525,6809.610246448736,6809.610246448736,6783.082382036531,6783.082382036531,6946.835558784802,6946.835558784802,6828.160295351007,6828.160295351007,7011.31532960938,7011.31532960938,6924.86971322433,6924.86971322433,,,,19800.68,-1,-1,-1,-1,-1,306151.982787
2018-09-10,6789.593809772363,6789.593809772363,6169.68,6377.9825,6796.3463142426335,6796.3463142426335,6672.133499334812,6672.133499334812,6526.436849330805,6526.436849330805,6482.6156472766,6482.6156472766,6968.093334933783,6968.093334933783,6872.965682537173,6872.965682537173,,,,19800.68,-1,-1,-1,-1,-1,227428.182854
2018-09-17,6583.7881548861815,6839.03,6123,6542.5275,6734.239906788723,6734.239906788723,6593.118252095391,6593.118252095391,6442.889470096159,6484.0029089159825,6442.889470096159,6484.0029089159825,6920.5301414708665,6920.5301414708665,6817.554533210667,6817.554533210667,,,,19800.68,-1,1,-1,0,-1,244256.490121
2018-09-24,6563.15782744309,6814.8,6325.02,6618.3,6663.679079442057,6663.679079442057,6578.6504267422915,6578.6504267422915,6549.177983080534,6565.325072403649,6549.177983080534,6565.325072403649,6869.042829468291,6869.042829468291,6770.608434516084,6770.608434516084,,,,19800.68,-1,1,-1,0,-1,242598.872471
2018-10-01,6590.728913721545,6697,6430,6592.2075,6621.164753092175,6621.164753092175,6576.524524675545,6576.524524675545,6573.216277645199,6578.494869340669,6573.216277645199,6578.494869340669,6819.8260147580395,6819.8260147580395,6731.533647917661,6731.533647917661,,,,19800.68,-1,1,-1,0,-1,141836.476483
2018-10-08,6591.468206860773,6715.6,6205,6468.8,6598.844638883859,6598.844638883859,6540.15165868575,6540.15165868575,6559.33465760912,6559.33465760912,6509.003514180769,6509.003514180769,6775.680129044625,6775.680129044625,6692.2928278426225,6692.2928278426225,,,,19800.68,-1,-1,-1,-1,-1,166305.048178
2018-10-15,6530.134103430386,7680,6300,6727.3625,6569.4981487848045,6655.764670096593,6569.4981487848045,6655.764670096593,6596.019288749481,6609.52055291479,6596.019288749481,6609.52055291479,6733.986709993336,6733.986709993336,6684.38767385338,6684.38767385338,,,,19800.68,-1,1,1,0,-1,211592.623139
2018-10-22,6628.7483017151935,6639,6453,6543.0125,6612.631409440699,6628.688573734335,6612.631409440699,6628.688573734335,6586.5477042558105,6586.5477042558105,6568.470896478863,6568.470896478863,6709.187372017579,6709.187372017579,6670.169937687326,6670.169937687326,,,,19800.68,-1,-1,1,0,-1,75328.885385
2018-10-29,6585.880400857597,6585.880400857597,6245.02,6436.450000000001,6620.659991587517,6620.659991587517,6552.177508224956,6552.177508224956,6468.682107344431,6468.682107344431,6443.884382140368,6443.884382140368,6689.678794925736,6689.678794925736,6645.147239720187,6645.147239720187,,,,19800.68,-1,-1,-1,-1,-1,71945.400607
2018-11-05,6511.165200428799,6615.15,6355,6476.4525,6586.4187499062355,6586.4187499062355,6515.793797338244,6515.793797338244,6465.36206161987,6466.066577120803,6465.36206161987,6466.066577120803,6667.413126268849,6667.413126268849,6619.629508258812,6619.629508258812,,,,19800.68,-1,1,-1,0,-1,76161.78188
2018-11-12,6493.8088502144,6498,5403.42,6003.532499999999,6551.10627362224,6551.10627362224,6326.816291779879,6326.816291779879,6286.298534216183,6286.298534216183,6127.7950159349375,6127.7950159349375,6643.521401999521,6643.521401999521,6561.504418403041,6561.504418403041,,,,19800.68,-1,-1,-1,-1,-1,205081.183938
2018-11-19,6248.6706751072,6248.6706751072,3652.66,4766.094999999999,6438.96128270106,6438.96128270106,5817.9111448394915,5817.9111448394915,5366.8506158151085,5366.8506158151085,5012.272716009726,5012.272716009726,6602.512976106817,6602.512976106817,6415.9366803948415,6415.9366803948415,,,,19800.68,-1,-1,-1,-1,-1,496323.79998
2018-11-26,5507.3828375535995,5507.3828375535995,3689.12,4097.299999999999,6128.436213770276,6128.436213770276,5264.648472484919,5264.648472484919,4404.790941235703,4404.790941235703,4291.750266666128,4291.750266666128,6509.224879510692,6509.224879510692,6195.503712736078,6195.503712736078,,,,19800.68,-1,-1,-1,-1,-1,479458.799151
2018-12-03,4802.341418776799,4802.341418776799,3222,3776.7299999999996,5696.542343127598,5696.542343127598,4708.154725291513,4708.154725291513,4017.2527375694667,4017.2527375694667,3864.2590080781447,3864.2590080781447,6352.364335992166,6352.364335992166,5910.88828308664,5910.88828308664,,,,19800.68,-1,-1,-1,-1,-1,406435.817854
2018-12-10,4289.5357093883995,4289.5357093883995,3156.26,3385.855,5202.3485342095555,5202.3485342095555,4233.940699782329,4233.940699782329,3569.125853776066,3569.125853776066,3467.435973888721,3467.435973888721,6131.626340548455,6131.626340548455,5588.6818222820175,5588.6818222820175,,,,19800.68,-1,-1,-1,-1,-1,249791.790787
2018-12-17,3837.6953546941995,4139.99,3216,3628.7299999999996,4718.144616995943,4718.144616995943,3946.4338697885173,3946.4338697885173,3537.3887440069902,3638.5965128865087,3537.3887440069902,3638.5965128865087,5860.154105533388,5860.154105533388,5270.934097585775,5270.934097585775,,,,19800.68,-1,1,-1,0,-1,489096.276467
2018-12-24,3733.2126773470995,4198,3535,3866.1549999999997,4332.28924339223,4332.28924339223,3864.114466255097,3864.114466255097,3766.841961572901,3771.0800463186933,3766.841961572901,3771.0800463186933,5565.544120318144,5565.544120318144,4994.8436324387285,4994.8436324387285,,,,19800.68,-1,1,-1,0,-1,332161.255442
2018-12-31,3799.68383867355,4027.71,3630.33,3862.19,4098.201854823664,4098.201854823664,3839.796307379513,3839.796307379513,3769.6027301499253,3780.8947556501375,3769.6027301499253,3780.8947556501375,5280.1938909684295,5280.1938909684295,4762.457844457187,4762.457844457187,,,,19800.68,-1,1,-1,0,-1,214860.906242
2019-01-07,3830.9369193367747,4069.8,3441.3,3743.8825,3968.999081101588,3968.999081101588,3806.731421928751,3806.731421928751,3828.0649794275305,3828.0649794275305,3784.845416880126,3784.845416880126,5021.3258790605805,5021.3258790605805,4565.924210988202,4565.924210988202,,,,19800.68,-1,-1,-1,-1,-1,245887.277948
2019-01-14,3787.409709668387,3787.409709668387,3467.02,3550.965,3887.86525151517,3887.86525151517,3732.599627058863,3732.599627058863,3660.222950584503,3660.222950584503,3636.0720639907786,3636.0720639907786,4793.625053850436,4793.625053850436,4392.633128155652,4392.633128155652,,,,19800.68,-1,-1,-1,-1,-1,199395.792965
2019-01-21,3669.1873548341937,3669.1873548341937,3434.85,3546.9725000000003,3810.2324392870164,3810.2324392870164,3656.5626166769794,3656.5626166769794,3587.331816192969,3587.331816192969,3576.8739882558048,3576.8739882558048,4593.129097867746,4593.129097867746,4239.534282768146,4239.534282768146,,,,19800.68,-1,-1,-1,-1,-1,154566.450861
2019-01-28,3608.0799274170968,3608.0799274170968,3349.92,3478.9575000000004,3733.397527981998,3733.397527981998,3583.534825315245,3583.534825315245,3509.054875365866,3509.054875365866,3490.513689209398,3490.513689209398,4416.331695657159,4416.331695657159,4103.352604337568,4103.352604337568,,,,19800.68,-1,-1,-1,-1,-1,186574.105423
2019-02-04,3543.5187137085486,3733.58,3373.1,3561.2125,3658.4661766486215,3658.4661766486215,3561.78417210256,3561.78417210256,3475.218673472776,3496.4174152241094,3475.218673472776,3496.4174152241094,4259.842154150085,4259.842154150085,3990.867838766815,3990.867838766815,,,,19800.68,-1,1,-1,0,-1,198350.673988
2019-02-11,3552.365606854274,3700.11,3552.365606854274,3653.8875000000003,3610.1251743755906,3610.1251743755906,3582.8776578898514,3582.8776578898514,3574.9473811411935,3594.1033489434817,3574.9473811411935,3594.1033489434817,4125.354999688345,4125.354999688345,3904.936222803604,3904.936222803604,,,,19800.68,-1,1,-1,0,-1,167995.805139
2019-02-18,3603.126553427137,4198,3603.126553427137,3816.0449999999996,3596.501416132721,3683.975542454536,3596.501416132721,3683.975542454536,3754.331637445358,3827.5258697499353,3754.331637445358,3827.5258697499353,4015.1456137581145,4015.1456137581145,3855.958206812769,3855.958206812769,,,,19800.68,-1,1,1,0,-1,301384.22226
2019-02-25,3709.5857767135685,3888,3677.17,3779.12,3640.2384792936286,3730.539041505659,3640.2384792936286,3730.539041505659,3844.1934551103313,3844.1934551103313,3836.680600971456,3836.680600971456,3935.5519122393284,3935.5519122393284,3824.880531560657,3824.880531560657,,,,19800.68,-1,-1,1,0,-1,190343.246726
2019-03-04,3744.352888356784,3971.75,3670.69,3841.645,3685.3887603996436,3769.7440661040223,3685.3887603996436,3769.7440661040223,3829.0146815682065,3844.743726862412,3829.0146815682065,3844.743726862412,3880.216223419682,3880.216223419682,3808.797966712208,3808.797966712208,,,,19800.68,-1,1,1,0,-1,207833.42997
2019-03-11,3792.998944178392,4056.98,3792.998944178392,3941.1349999999998,3727.566413251833,3830.2264714972507,3727.566413251833,3830.2264714972507,3872.2845332064308,3890.8305109533035,3872.2845332064308,3890.8305109533035,3844.507096247926,3844.507096247926,3809.0465702608863,3809.0465702608863,,,,19800.68,-1,1,1,0,-1,185620.344813
2019-03-18,3867.0669720891956,4069.32,3867.0669720891956,3980.84,3778.8964423745424,3888.434300784208,3778.8964423745424,3888.434300784208,3953.66540738093,3968.9517384214532,3953.66540738093,3968.9517384214532,3826.7768341737246,3826.7768341737246,3821.342755542155,3821.342755542155,,,,19800.68,-1,1,1,0,-1,156283.263483
2019-03-25,3923.953486044598,4140,3888.71,4031.0025000000005,3833.6653715793755,3942.6717021391773,3833.6653715793755,3942.6717021391773,3984.6035637988102,4007.674922353875,3984.6035637988102,4007.674922353875,3824.0597955729654,3842.598641203991,3824.0597955729654,3842.598641203991,,,4031.0025000000005,,1,1,1,1,0,178114.875049
2019-04-01,3977.4779930222994,5275.01,3977.4779930222994,4653.68,3888.1685368592766,4183.471322010606,3888.1685368592766,4183.471322010606,4346.026724516552,4547.274375008259,4346.026724516552,4547.274375008259,3833.3292189446092,3908.3680860957065,3833.3292189446092,3908.3680860957065,3977.4779930222994,,,3347.92,1,1,1,1,1,420989.968738
2019-04-08,4315.57899651115,5422,4315.57899651115,5146.1975,4035.8199294349415,4484.167969216306,4035.8199294349415,4484.167969216306,4927.894650391438,4999.295995490888,4927.894650391438,4999.295995490888,3870.848652952704,4018.3023414593845,3870.848652952704,4018.3023414593845,,,,3347.92,1,1,1,1,1,247866.407405
2019-04-15,4730.888248255575,5333.42,4730.888248255575,5167.71,4259.993949325623,4742.715887755376,4259.993949325623,4742.715887755376,5096.443694371249,5144.3883274511045,5096.443694371249,5144.3883274511045,3944.575497542469,4156.042707977404,3944.575497542469,4156.042707977404,,,,3347.92,1,1,1,1,1,168555.911745
2019-04-22,4949.299124127787,5600,4949.299124127787,5316.7325,4501.354918540499,4976.384233952392,4501.354918540499,4976.384233952392,5272.638523998465,5296.109363513382,5272.638523998465,5296.109363513382,4050.3091030215996,4313.458432715723,4050.3091030215996,4313.458432715723,,,,3347.92,1,1,1,1,1,247392.823904
2019-04-29,5133.0158120638935,5900,5133.0158120638935,5541.0575,4738.869576246445,5202.519848898529,4738.869576246445,5202.519848898529,5348.61639618999,5429.859673529908,5348.61639618999,5429.859673529908,4181.883768072177,4485.880335221714,4181.883768072177,4485.880335221714,,,,3347.92,1,1,1,1,1,191971.589975
2019-05-06,5337.036656031947,7521.78,5337.036656031947,6470.3525,4970.694712572486,5656.1045190558525,4970.694712572486,5656.1045190558525,5751.010492596643,5986.706588624342,5751.010492596643,5986.706588624342,4333.882051805235,4715.736877972888,4333.882051805235,4715.736877972888,,,,4653.68,1,1,1,1,1,313283.734225
2019-05-13,5903.694578015973,8366,5903.694578015973,7588.179999999999,5313.399615814169,6277.29738016317,5313.399615814169,6277.29738016317,6971.906098247196,7234.590147229119,6971.906098247196,7234.590147229119,4524.809465012176,5020.750412237667,4524.809465012176,5020.750412237667,,,,4653.68,1,1,1,1,1,461287.694139
2019-05-20,6745.937289007987,8740,6745.937289007987,8240.842499999999,5795.34849798867,6942.2663155487935,5795.34849798867,6942.2663155487935,7611.850925962273,7743.860857749969,7611.850925962273,7743.860857749969,4772.779938720677,5393.972626651571,4772.779938720677,5393.972626651571,,,,4728.888248255575,1,1,1,1,1,341677.39881
2019-05-27,7493.389894503993,9074.26,7493.389894503993,8604.445,6368.807406768731,7560.198366904176,6368.807406768731,7560.198366904176,8207.945171258361,8334.568561415468,8207.945171258361,8334.568561415468,5083.376282760601,5814.5784218758745,5083.376282760601,5814.5784218758745,,,,4947.299124127787,1,1,1,1,1,292049.043812
2019-06-03,8048.917447251996,8800.95,7444.58,8149.915,6964.502886836453,7873.698481458695,6964.502886836453,7873.698481458695,8186.531586409965,8186.531586409965,8073.891804452845,8073.891804452845,5448.977352376164,6214.995543197183,5448.977352376164,6214.995543197183,,,,5131.0158120638935,1,-1,1,0,1,293308.709696
2019-06-10,8099.416223625998,9333,7511,8356.225,7419.100684147575,8109.070416163777,7419.100684147575,8109.070416163777,8018.620000961656,8148.5044107593885,8018.620000961656,8148.5044107593885,5831.986447831728,6589.404845387955,5831.986447831728,6589.404845387955,,,,5335.036656031947,1,1,1,1,1,274072.058371
2019-06-17,8227.820611813,11392.64,8227.820611813,10050.4275,7764.085550155676,8742.159193238886,7764.085550155676,8742.159193238886,8826.071914688153,9219.587104738814,8826.071914688153,9219.587104738814,6210.695646644884,7020.597838456408,6210.695646644884,7020.597838456408,,,,5901.694578015973,1,1,1,1,1,378253.003065
2019-06-24,9139.1240559065,13970,9139.1240559065,11563.7875,8253.12237169728,9795.102261675838,8253.12237169728,9795.102261675838,10655.897142977072,11098.989457110298,10655.897142977072,11098.989457110298,6615.646742577901,7571.3688853991835,6615.646742577901,7571.3688853991835,,,,6743.937289007987,1,1,1,1,1,684152.508772
2019-07-01,10351.455777953252,12000,9727,10996.835,9024.112316686558,10344.860572752155,9024.112316686558,10344.860572752155,11197.47397720042,11223.617099916897,11197.47397720042,11223.617099916897,7093.50781400974,8112.613490335956,7093.50781400974,8112.613490335956,,,,7442.58,1,1,1,1,1,517740.071693
2019-07-08,10674.145388976625,13147.08,10103,11208.565,9684.486444719356,10822.983507090412,9684.486444719356,10822.983507090412,11573.307462269582,11573.307462269582,11555.83024315646,11555.83024315646,7603.060652189336,8647.024004364957,7603.060652189336,8647.024004364957,,,,7442.58,1,-1,1,0,1,510462.035678
2019-07-15,10941.355194488313,11100,9060,10230.907500000001,10253.734975904885,10658.367018253182,10253.734975904885,10658.367018253182,10822.509419588949,10822.509419588949,10650.935914020143,10650.935914020143,8125.04232828997,9046.285948179124,8125.04232828997,9046.285948179124,,,,7509,1,-1,1,0,1,487080.97263
2019-07-22,10586.131347244158,10683.16,9165,9994.9625,10456.050997079034,10456.050997079034,10395.163605519205,10395.163605519205,10301.757661146348,10301.757661146348,10116.79211775991,10116.79211775991,8585.664138244521,9326.921745393016,8585.664138244521,9326.921745393016,,,,8225.820611813,1,-1,-1,0,1,269819.325109
2019-07-29,10290.546923622078,11040,9395,10226.442500000001,10425.60730129912,10425.60730129912,10296.067115387126,10296.067115387126,9932.781307621339,10058.501462769016,9932.781307621339,10058.501462769016,8956.292941826527,9538.869616138389,8956.292941826527,9538.869616138389,,,,9058,1,1,-1,0,1,259518.806019
2019-08-05,10258.49471181104,12330.7,10258.49471181104,11434.615000000002,10360.837208343122,10629.282612269513,10360.837208343122,10629.282612269513,10949.39560492383,11219.034333522583,10949.39560492383,11219.034333522583,9247.581278988491,9773.93031046553,9247.581278988491,9773.93031046553,,,,9058,1,1,1,1,1,371072.857661
2019-08-12,10846.55485590552,11577.89,9750,10793.4375,10495.059910306318,10716.390101570609,10495.059910306318,10716.390101570609,11038.668089315242,11038.668089315242,10817.28716116143,10817.28716116143,9510.755794731704,9969.673325908048,9510.755794731704,9969.673325908048,,,,9058,1,-1,1,0,1,248273.374665
2019-08-19,10819.99617795276,10949.96,9762,10290.205,10605.725005938464,10610.135463900766,10605.725005938464,10610.135463900766,10529.836710712432,10529.836710712432,10417.060331562112,10417.060331562112,9740.214560323526,10104.208241432792,9740.214560323526,10104.208241432792,,,,9058,1,-1,1,0,1,232471.420413
2019-08-26,10555.10058897638,10604,9320,9947.9175,10607.930234919617,10607.930234919617,10374.60453009004,10374.60453009004,10146.025941696009,10146.025941696009,9987.893790909191,9987.893790909191,9922.211400880999,10167.217538083121,9922.211400880999,10167.217538083121,,,,9163,1,-1,-1,0,1,211243.550288
2019-09-02,10251.50904448819,10905.87,9712.5,10180.785,10491.26738250483,10491.26738250483,10298.68397345863,10298.68397345863,10147.551859395036,10251.781896829309,10147.551859395036,10251.781896829309,10044.714469484268,10205.106185234514,10044.714469484268,10205.106185234514,,,,9318,1,1,-1,0,1,281075.664908
2019-09-09,10216.147022244095,10480,9880,10260.8125,10394.975677981729,10394.975677981729,10250.495425878427,10250.495425878427,10269.937322277749,10275.636364307564,10269.937322277749,10275.636364307564,10124.910327361109,10223.154993489741,10124.910327361109,10223.154993489741,,,,9318,1,1,-1,0,1,207165.654458
2019-09-16,10238.479761122047,10355,9653,10085.0525,10322.735551930078,10322.735551930078,10170.646760325997,10170.646760325997,10221.368067278385,10221.368067278385,10177.540677084538,10177.540677084538,10174.032660426761,10219.109154834694,10174.032660426761,10219.109154834694,,,,9318,1,-1,-1,0,1,188644.199623
2019-09-23,10161.766130561024,10161.766130561024,7750,8967.965,10246.691156128038,10246.691156128038,9757.2091552444,9757.2091552444,9456.501139814523,9456.501139814523,9056.043047418078,9056.043047418078,10196.570907631767,10196.570907631767,10132.000222168634,10132.000222168634,,,8967.965,,-1,-1,-1,-1,0,364560.064744
2019-09-30,9564.865565280512,9564.865565280512,7710,8026.8225,10001.95015568622,10001.95015568622,9248.795755744603,9248.795755744603,8486.841353602922,8486.841353602922,8344.608655043045,8344.608655043045,10164.285564901009,10164.285564901009,9965.539447855283,9965.539447855283,,9564.865565280512,,12332.7,-1,-1,-1,-1,-1,239129.62607
2019-10-07,8795.844032640256,8795.844032640256,7762,8167.955,9625.372955715411,9625.372955715411,8806.356493833748,8806.356493833748,8277.953027541897,8301.367416156734,8277.953027541897,8301.367416156734,10064.912506378774,10064.912506378774,9746.957425928149,9746.957425928149,,,,12332.7,-1,1,-1,0,-1,281416.738734
2019-10-14,8481.899516320129,8481.899516320129,7816.01,8179.4,9215.86472477458,9215.86472477458,8505.394693322016,8505.394693322016,8222.770844998231,8222.770844998231,8162.50920029556,8162.50920029556,9905.93496615395,9905.93496615395,9510.983134116103,9510.983134116103,,,,12332.7,-1,-1,-1,-1,-1,219241.792311
2019-10-21,8330.649758160063,10370,7300,8855.82,8860.629709048297,8860.629709048297,8564.720158250933,8564.720158250933,8066.980275109948,8190.2137031234315,8066.980275109948,8190.2137031234315,9708.459050135407,9708.459050135407,9330.029291752606,9330.029291752606,,,,12332.7,-1,1,-1,0,-1,508882.693756
2019-10-28,8593.234879080032,9902.1,8593.234879080032,9384.51,8712.674933649616,8817.33400159374,8712.674933649616,8817.33400159374,8824.696498945123,8981.31348181758,8824.696498945123,8981.31348181758,9519.244170944303,9519.244170944303,9226.7611117863,9226.7611117863,,,,12332.7,-1,1,1,0,-1,354362.744327
2019-11-04,8988.872439540017,9513.68,8696,9111.4025,8765.004467621678,8961.026532316835,8765.004467621678,8961.026532316835,9152.257594408362,9152.257594408362,9129.543230674519,9129.543230674519,9373.00264136553,9373.00264136553,9165.300638744131,9165.300638744131,,,,12332.7,-1,-1,1,0,-1,294282.771612
2019-11-11,9050.137469770008,9072.32,8350.68,8741.39,8863.015499969257,8907.039184675254,8863.015499969257,8907.039184675254,8906.847684614546,8906.847684614546,8799.480693716556,8799.480693716556,9269.15164005501,9269.15164005501,9104.470749430973,9104.470749430973,,,,12332.7,-1,-1,1,0,-1,239532.02348
2019-11-18,8895.763734885004,8895.763734885004,6790,7674.9175,8885.027342322255,8885.027342322255,8526.405949500522,8526.405949500522,8344.07929039314,8344.07929039314,8065.6172689992945,8065.6172689992945,9186.811194743132,9186.811194743132,8983.607067130302,8983.607067130302,,,,12332.7,-1,-1,-1,-1,-1,422402.004703
2019-11-25,8285.340617442502,8285.340617442502,6515,7164.03,8705.716645911387,8705.716645911387,8055.678638579208,8055.678638579208,7561.293192159781,7561.293192159781,7505.8357246871665,7505.8357246871665,9085.209130936826,9085.209130936826,8800.876970198073,8800.876970198073,,,,12332.7,-1,-1,-1,-1,-1,503259.064291
2019-12-02,7724.685308721251,7750,7067,7429.6525,8380.697642245297,8380.697642245297,7753.222632299554,7753.222632299554,7424.096820597815,7424.096820597815,7422.271134600592,7422.271134600592,8943.043050567534,8943.043050567534,8599.33247891701,8599.33247891701,,,,12332.7,-1,-1,-1,-1,-1,331478.231272
2019-12-09,7577.168904360626,7650,7008.35,7321.7625,8066.9601372724255,8066.9601372724255,7557.882062175416,7557.882062175416,7354.411367734309,7354.411367734309,7299.215406828779,7299.215406828779,8771.187764742337,8771.187764742337,8397.721749401237,8397.721749401237,,,,12332.7,-1,-1,-1,-1,-1,252294.980408
2019-12-16,7449.465702180312,7518.54,6435,7143.6449999999995,7812.421099723921,7812.421099723921,7348.968938103695,7348.968938103695,7129.30170217701,7129.30170217701,7127.19778333956,7127.19778333956,8584.454757071839,8584.454757071839,8191.5426023955515,8191.5426023955515,,,,12332.7,-1,-1,-1,-1,-1,339611.461697
2019-12-23,7296.555351090155,7695.38,7076.42,7415.1875,7580.695018913808,7580.695018913808,7335.497157504101,7335.497157504101,7220.814517578033,7245.345346125403,7220.814517578033,7245.345346125403,8387.998679733735,8387.998679733735,8022.378388048631,8022.378388048631,,,,12332.7,-1,1,-1,0,-1,267312.086935
2019-12-30,7355.871425545078,7495,6871.04,7278.305,7458.096088208954,7458.096088208954,7296.0256036073315,7296.0256036073315,7238.144823941989,7238.589346968249,7238.144823941989,7238.589346968249,8205.188533891214,8205.188533891214,7874.784040761191,7874.784040761191,,,,12332.7,-1,1,-1,0,-1,241051.798444
2020-01-06,7317.088212772539,8455,7317.088212772539,7836.095,7377.060845908143,7485.103098853885,7377.060845908143,7485.103098853885,7575.220452019196,7729.34263609937,7575.220452019196,7729.34263609937,8039.986287326227,8039.986287326227,7793.154128971504,7793.154128971504,,,,12332.7,-1,1,1,0,-1,498017.846898
2020-01-13,7576.59160638627,9198.98,7576.59160638627,8535.385,7431.081972381015,7833.571244698724,7431.081972381015,7833.571244698724,8205.663356922467,8409.699907291106,8205.663356922467,8409.699907291106,7916.570208148884,7916.570208148884,7793.169763400461,7793.169763400461,,,,12332.7,-1,1,1,0,-1,468235.627496
2020-01-20,8055.988303193135,8818,8055.988303193135,8593.18,7632.326608539869,8115.497886191636,7632.326608539869,8115.497886191636,8567.565471848402,8567.565471848402,8549.508786063301,8549.508786063301,7854.869985774688,7854.869985774688,7845.409893973629,7845.409893973629,,,,12332.7,-1,-1,1,0,-1,250977.001765
2020-01-27,8324.584151596568,9578,8324.584151596568,9014.725,7873.9122473657535,8455.701041738248,7873.9122473657535,8455.701041738248,8840.400223244873,9003.10239673771,8840.400223244873,9003.10239673771,7850.13993987417,7955.5720377366315,7850.13993987417,7955.5720377366315,,,9014.725,,1,1,1,1,0,362870.208388
2020-02-03,8669.654575798284,10166,8669.654575798284,9685.5875,8164.806644552001,8867.73389064827,8164.806644552001,8867.73389064827,9303.311078571864,9454.75686065403,9303.311078571864,9454.75686065403,7902.85598880541,8126.283449284923,7902.85598880541,8126.283449284923,8669.654575798284,,,6433,1,1,1,1,1,364995.864834
2020-02-10,9177.621037899142,10500,9177.621037899142,10051.7775,8516.270267600135,9295.302430883294,8516.270267600135,9295.302430883294,9863.862960233866,9967.141663572278,9863.862960233866,9967.141663572278,8014.569719045174,8348.21290308876,8014.569719045174,8348.21290308876,,,,6433,1,1,1,1,1,427067.585189
2020-02-17,9614.699268949571,10250,9350,9861.775,8905.786349241715,9553.394995955674,8905.786349241715,9553.394995955674,9877.487960458571,9877.487960458571,9821.87932437746,9821.87932437746,8181.391311066973,8578.082707232652,8181.391311066973,8578.082707232652,,,,6433,1,-1,1,0,1,360700.467719
2020-02-24,9738.237134474784,9990,8411,9217.32,9229.590672598693,9486.847186591727,9229.590672598693,9486.847186591727,9486.069927665263,9486.069927665263,9254.371861656778,9254.371861656778,8379.737009149818,8753.004755956339,8379.737009149818,8753.004755956339,,,,6433,1,-1,1,0,1,426585.457331
2020-03-02,9477.778567237392,9477.778567237392,8000,8437.9025,9358.21892959521,9358.21892959521,9195.68308422994,9195.68308422994,8959.677145575744,8959.677145575744,8908.279167258566,8908.279167258566,8566.370882553083,8843.111503375158,8566.370882553083,8843.111503375158,,,,6433,1,-1,-1,0,1,379197.13168
2020-03-09,8957.840533618695,8957.840533618695,3782.13,6339.375,9276.951006912575,9276.951006912575,8191.604154002812,8191.604154002812,7986.6874688079215,7986.6874688079215,7311.417848276426,7311.417848276426,8704.741192964124,8722.155542253646,8704.741192964124,8722.155542253646,,,6339.375,,1,-1,-1,0,0,1224228.28324
2020-03-16,7648.607766809348,7648.607766809348,4442.12,5629.66,8734.277580457694,8734.277580457694,7258.104152600625,7258.104152600625,6134.853991943652,6134.853991943652,6009.168512010974,6009.168512010974,8713.448367608888,8713.448367608888,8454.162168499253,8454.162168499253,,,,,-1,-1,-1,-1,0,1180843.345815
2020-03-23,6639.133883404674,6957.96,5688,6085.8575,7996.190866529159,7996.190866529159,6747.552460556179,6747.552460556179,6244.936050879253,6305.838078573314,6244.936050879253,6305.838078573314,8583.805268054073,8583.805268054073,8141.4164320673735,8141.4164320673735,,6957.96,,10502,-1,1,-1,0,-1,770380.80536
2020-03-30,6362.495691702337,7198,5857.76,6427.26,7371.871663542669,7371.871663542669,6563.636255826531,6563.636255826531,6416.1005149289995,6520.4880657733065,6416.1005149289995,6520.4880657733065,8362.610850060726,8362.610850060726,7846.131754253227,7846.131754253227,,,,10502,-1,1,-1,0,-1,664784.299583
2020-04-06,6394.877845851169,7459.69,6394.877845851169,6969.0599999999995,6967.7539596846,6967.7539596846,6650.307862900594,6650.307862900594,6880.794237892944,6953.226869138769,6880.794237892944,6953.226869138769,8104.371302156978,8104.371302156978,7615.75398626639,7615.75398626639,,,,10502,-1,1,-1,0,-1,582787.437382
2020-04-13,6681.968922925584,7293.08,6468.27,6946.469999999999,6809.030911292597,6809.030911292597,6747.5555382780685,6747.5555382780685,6917.539273254775,6946.80492362336,6917.539273254775,6946.80492362336,7860.062644211685,7860.062644211685,7439.950427380533,7439.950427380533,,,,10502,-1,1,-1,0,-1,501345.258903
2020-04-20,6814.2194614627915,7738,6751,7325.875,6778.293224785332,6940.45775869229,6778.293224785332,6940.45775869229,7056.774717151046,7168.150613116202,7056.774717151046,7168.150613116202,7650.00653579611,7650.00653579611,7332.7819388324815,7332.7819388324815,,,,10502,-1,1,1,0,-1,469098.312947
2020-04-27,7070.047230731396,9460,7070.047230731396,8413.314999999999,6859.3754917388105,7434.2889417042725,6859.3754917388105,7434.2889417042725,7755.518542251676,8078.957838720141,7755.518542251676,8078.957838720141,7491.394237314296,7491.394237314296,7342.376237646343,7342.376237646343,,,,10502,-1,1,1,0,-1,742165.162104
2020-05-04,7741.681115365697,10067,7741.681115365697,8950.23,7146.832216721542,8018.429791362749,7146.832216721542,8018.429791362749,8769.87305767033,9006.606574050662,8769.87305767033,9006.606574050662,7416.88523748032,7460.8777388738345,7416.88523748032,7460.8777388738345,,,8950.23,,1,1,1,1,0,780478.849466
2020-05-11,8345.955557682848,9939,8200,9135.4525,7582.631004042145,8477.410873795008,7582.631004042145,8477.410873795008,9108.84329633828,9208.098396679341,9108.84329633828,9208.098396679341,7438.881488177078,7644.5539306063865,7438.881488177078,7644.5539306063865,8200,,,3780.13,1,1,1,1,1,721487.837087
2020-05-18,8740.704028841425,9950,8700,9262.8625,8030.020938918577,8833.289108916526,8030.020938918577,8833.289108916526,9389.382171228584,9389.382171228584,9347.157959339074,9347.157959339074,7541.717709391733,7865.277282446375,7541.717709391733,7865.277282446375,,,,3780.13,1,-1,1,0,1,517248.177536
2020-05-25,9001.783264420712,9740,8642.72,9137.282500000001,8431.65502391755,9004.901060458316,8431.65502391755,9004.901060458316,9190.619211261941,9244.10794051184,9190.619211261941,9244.10794051184,7703.497495919054,8080.740994074707,7703.497495919054,8080.740994074707,,,,3780.13,1,1,1,1,1,425528.246167
2020-06-01,9069.532882210357,10380,9069.532882210357,9710.315,8718.278042187934,9269.49977980601,8718.278042187934,9269.49977980601,9514.477567865111,9572.938445139249,9514.477567865111,9572.938445139249,7892.119244996881,8312.544432570638,7892.119244996881,8312.544432570638,,,,3780.13,1,1,1,1,1,427822.495347
2020-06-08,9389.923941105179,9992.72,9113,9548.7025,8993.888910996971,9406.27156216477,8993.888910996971,9406.27156216477,9630.809139575127,9630.809139575127,9592.940245343398,9592.940245343398,8102.33183878376,8527.25645299813,8102.33183878376,8527.25645299813,,,,3780.13,1,-1,1,0,1,336172.714299
2020-06-15,9469.313220552589,9589,8910.45,9284.06,9200.08023658087,9380.105868192799,9200.08023658087,9380.105868192799,9460.498866770235,9460.498866770235,9419.67536136386,9419.67536136386,8314.794145890944,8697.317560498961,8314.794145890944,8697.317560498961,,,,3780.13,1,-1,1,0,1,323565.711842
2020-06-22,9376.686610276294,9780,8833,9256.01,9290.093052386836,9346.673361918703,9290.093052386836,9346.673361918703,9394.86250733633,9394.86250733633,9329.592117128028,9329.592117128028,8506.055853194954,8831.266663294471,8506.055853194954,8831.266663294471,,,,3780.13,1,-1,1,0,1,343600.997501
2020-06-29,9316.348305138148,9316.348305138148,8893.03,9092.650000000001,9318.383207152769,9318.383207152769,9257.590101510636,9257.590101510636,9200.882114497148,9200.882114497148,9161.887459819132,9161.887459819132,8668.661258244712,8922.516465867895,8668.661258244712,8922.516465867895,,,,3780.13,1,-1,-1,0,1,247256.195125
2020-07-06,9204.499152569075,9470,9055.92,9224.52,9287.986654331702,9287.986654331702,9239.311822190464,9239.311822190464,9205.604045322973,9225.129787463844,9205.604045322973,9225.129787463844,8795.588862056304,8993.208002382104,8795.588862056304,8993.208002382104,,,,3780.13,1,1,-1,0,1,284964.999673
2020-07-13,9214.509576284538,9343.82,9047.25,9225.842499999999,9263.649238261083,9263.649238261083,9223.300323101856,9223.300323101856,9218.394343934768,9218.394343934768,9203.191519994285,9203.191519994285,8894.398432219205,9045.277165349982,8894.398432219205,9045.277165349982,,,,3780.13,1,-1,-1,0,1,247602.692095
2020-07-20,9220.176038142268,10111,9131,9595.6325,9243.474780681468,9350.922072729216,9243.474780681468,9350.922072729216,9292.22279922271,9389.22386235377,9292.22279922271,9389.22386235377,8969.837798784594,9111.28054977371,8969.837798784594,9111.28054977371,,,,3780.13,1,1,1,1,1,346433.535115
2020-07-27,9407.904269071134,12123.46,9407.904269071134,10760.89,9297.198426705341,9842.487850157302,9297.198426705341,9842.487850157302,10206.604361448668,10562.541990756368,10206.604361448668,10562.541990756368,9040.559174279153,9258.860714483615,9040.559174279153,9258.860714483615,,,,3780.13,1,1,1,1,1,637793.811724
2020-08-03,10084.397134535568,11909.94,10084.397134535568,11399.745,9569.84313843132,10353.609366365083,9569.84313843132,10353.609366365083,11119.476507140656,11302.854976458493,11119.476507140656,11302.854976458493,9149.709944381384,9470.910044929053,9149.709944381384,9470.910044929053,,,,3780.13,1,1,1,1,1,403167.45146
2020-08-10,10742.071067267785,12067.35,10742.071067267785,11696.26,9961.7262523982,10836.324498063195,9961.7262523982,10836.324498063195,11515.5826666809,11589.355398090365,11515.5826666809,11589.355398090365,9310.30999465522,9733.513331466242,9310.30999465522,9733.513331466242,,,,3780.13,1,1,1,1,1,468167.72232
2020-08-17,11219.165533633892,12468,11219.165533633892,11850.982499999998,10399.025375230698,11269.072354364653,10399.025375230698,11269.072354364653,11771.919170343832,11771.919170343832,11759.596119384665,11759.596119384665,9521.911663060731,10029.911759436993,9521.911663060731,10029.911759436993,,,,3780.13,1,-1,1,0,1,426710.483502
2020-08-24,11535.074016816945,11824.9,11117.64,11575.455000000002,10834.048864797674,11425.686516104628,10834.048864797674,11425.686516104628,11603.226325185078,11603.226325185078,11555.367932126765,11555.367932126765,9775.911711248862,10300.084847580432,9775.911711248862,10300.084847580432,,,,3780.13,1,-1,1,0,1,355153.169372
2020-08-31,11555.264508408472,12050.85,9825,10960.805,11129.867690451152,11297.440694519066,11129.867690451152,11297.440694519066,11393.513538501335,11393.513538501335,11137.995100361342,11137.995100361342,10037.998279414647,10497.08962467152,10037.998279414647,10497.08962467152,,,,3780.13,1,-1,1,0,1,581777.756525
2020-09-07,11258.034754204236,11258.034754204236,9850,10254.7075,11213.65419248511,11213.65419248511,10997.748295490916,10997.748295490916,10564.458545349567,10564.458545349567,10456.708920523715,10456.708920523715,10267.543952043085,10603.078931974525,10267.543952043085,10603.078931974525,,,,3780.13,1,-1,-1,0,1,366759.994048
2020-09-14,10756.371127102118,11179.79,10212.34,10661.3125,11105.701243988013,11105.701243988013,10833.206967280948,10833.206967280948,10598.666196260468,10704.022249014066,10598.666196260468,10704.022249014066,10435.311442008806,10661.373895364906,10435.311442008806,10661.373895364906,,,,3780.13,1,1,-1,0,1,374339.558814
2020-09-21,10708.841813551058,10988.86,10136.82,10705.0525,10969.45410563448,10969.45410563448,10726.785313527314,10726.785313527314,10661.377707331589,10661.377707331589,10649.100792979261,10649.100792979261,10548.342668686857,10686.224405660227,10548.342668686857,10686.224405660227,,,,3780.13,1,-1,-1,0,1,331299.291081
2020-09-28,10706.947156775528,10950,10374,10691.2225,10848.119709580897,10848.119709580897,10694.408285628719,10694.408285628719,10681.111084649243,10681.111084649243,10664.502835891357,10664.502835891357,10617.283537173542,10697.31624455659,10617.283537173542,10697.31624455659,,,,3780.13,1,-1,-1,0,1,288073.126989
2020-10-05,10699.084828387764,11491,10525,11012.91,10771.263997604809,10796.406580959196,10771.263997604809,10796.406580959196,10699.470608148897,10793.154384870742,10699.470608148897,10793.154384870742,10657.299890865066,10723.35309937848,10657.299890865066,10723.35309937848,,,,3780.13,1,1,1,1,1,288404.145494
2020-10-12,10855.997414193882,11720.01,10855.997414193882,11441.0425,10783.835289282002,10995.230947612692,10783.835289282002,10995.230947612692,11158.83553989345,11251.37377798368,11158.83553989345,11251.37377798368,10690.326495121773,10779.495518981448,10690.326495121773,10779.495518981448,,,,3780.13,1,1,1,1,1,279657.097047
2020-10-19,11148.519957096942,13350,11148.519957096942,12322.4825,10889.533118447347,11460.50016876787,10889.533118447347,11460.50016876787,11796.80675062421,12135.091807411312,11796.80675062421,12135.091807411312,10734.91100705161,10913.507322313235,10734.91100705161,10913.507322313235,,,,3780.13,1,1,1,1,1,418993.354681
2020-10-26,11735.50122854847,14100,11735.50122854847,13414.035,11175.016643607609,12083.645280232386,11175.016643607609,12083.645280232386,12860.893896267347,13109.802738813203,12860.893896267347,13109.802738813203,10824.209164682423,11138.957456486824,10824.209164682423,11138.957456486824,,,,3780.13,1,1,1,1,1,485344.056262
2020-11-02,12574.768114274235,15960,12574.768114274235,14597.909999999998,11629.330961919997,12972.090860130545,11629.330961919997,12972.090860130545,13762.700298003874,14155.44775049584,13762.700298003874,14155.44775049584,10981.583310584623,11491.981216936747,10981.583310584623,11491.981216936747,,,,10372,1,1,1,1,1,665037.146452
2020-11-09,13586.339057137116,16480,13586.339057137116,15679.41,12300.71091102527,13897.887554980569,12300.71091102527,13897.887554980569,15046.320085305391,15371.061524489178,15046.320085305391,15371.061524489178,11236.782263760684,11953.707043958428,11236.782263760684,11953.707043958428,,,,10523,1,1,1,1,1,529729.426496
2020-11-16,14632.874528568558,18965.9,14632.874528568558,17300.3325,13099.29923300292,15105.246225209998,13099.29923300292,15105.246225209998,16509.16284805572,17054.446598477032,16509.16284805572,17054.446598477032,11595.244653859556,12562.893616153066,11595.244653859556,12562.893616153066,,,,10853.997414193882,1,1,1,1,1,684197.642829
2020-11-23,15966.60351428428,19484.21,15966.60351428428,18067.77,14102.272729106457,16246.530758316443,14102.272729106457,16246.530758316443,17832.403440403392,17850.921289067315,17832.403440403392,17850.921289067315,12079.06913500631,13274.594295709592,12079.06913500631,13274.594295709592,,,,11146.519957096942,1,1,1,1,1,676351.579974
2020-11-30,17017.18675714214,19888,17017.18675714214,18858.379999999997,15174.401743711449,17239.410204330325,15174.401743711449,17239.410204330325,18408.502085043965,18626.28731456154,18408.502085043965,18626.28731456154,12676.83171535795,14044.107420201435,12676.83171535795,14044.107420201435,,,,11733.50122854847,1,1,1,1,1,537012.142931
2020-12-07,17937.783378571068,19420.91,17572.33,18881.725000000002,16206.905974020887,17889.186538470734,16206.905974020887,17889.186538470734,18654.79086419345,18654.79086419345,18599.821771096656,18599.821771096656,13360.469567779692,14795.131738247968,13360.469567779692,14795.131738247968,,,,12572.768114274235,1,-1,1,0,1,414166.997237
2020-12-14,18409.754189285537,24295,18409.754189285537,21481.377500000002,17048.046256245812,19187.954989451682,17048.046256245812,19187.954989451682,19634.6225555276,20545.14307937465,19634.6225555276,20545.14307937465,14077.80065301383,15665.951062793667,14077.80065301383,15665.951062793667,,,,13584.339057137116,1,1,1,1,1,650661.7243
2020-12-21,19945.56584464277,28422,19945.56584464277,24993.550000000003,18118.000622848747,21171.691676391656,18118.000622848747,21171.691676391656,22400.925345217507,23227.002911016025,22400.925345217507,23227.002911016025,14871.87585790375,16753.286246206346,14871.87585790375,16753.286246206346,,,,14630.874528568558,1,1,1,1,1,688051.451739
2020-12-28,22469.557922321386,34778.11,22469.557922321386,29984.925,19644.846149620204,24171.59399039345,19644.846149620204,24171.59399039345,25921.988018367214,27302.721522945587,25921.988018367214,27302.721522945587,15812.581052055048,18209.353906461536,15812.581052055048,18209.353906461536,,,,15964.60351428428,1,1,1,1,1,625132.263203
2021-01-04,26227.241461160695,41950,26227.241461160695,35307.5175,21908.220070006824,28174.430298698935,21908.220070006824,28174.430298698935,31759.83380196634,33948.829498335486,31759.83380196634,33948.829498335486,17010.967479258292,20152.731810057852,17010.967479258292,20152.731810057852,,,,17015.18675714214,1,1,1,1,1,850700.266152
2021-01-11,30767.379480580348,40100,30420,36124.6575,25041.325184352878,31365.224975820052,25041.325184352878,31365.224975820052,35749.755298971955,36104.278507204595,35749.755298971955,36104.278507204595,18581.849644658072,22321.888381521665,18581.849644658072,22321.888381521665,,,,17570.33,1,1,1,1,1,895315.076106
2021-01-18,33446.018490290175,37850,28850,33696.222499999996,28203.275080086467,32651.017838501284,28203.275080086467,32651.017838501284,35398.56193640287,35398.56193640287,34565.68115446841,34565.68115446841,20451.86901308987,24324.26561407597,20451.86901308987,24324.26561407597,,,,18407.754189285537,1,-1,1,0,1,640226.935785
2021-01-25,33571.120495145085,38531.9,29241.72,33281.512500000004,30427.146459293876,33240.79278337031,30427.146459293876,33240.79278337031,33196.20153981486,33196.20153981486,33147.17398430014,33147.17398430014,22388.06731358292,26088.245890131115,22388.06731358292,26088.245890131115,,,,19943.56584464277,1,-1,1,0,1,747463.508509
2021-02-01,33426.316497572545,40955.51,32296.16,36285.082500000004,31833.969621332093,34417.42309547701,31833.969621332093,34417.42309547701,34541.973117833055,35591.061727515225,34541.973117833055,35591.061727515225,24238.15660185702,27769.438584224583,24238.15660185702,27769.438584224583,,,,22467.557922321386,1,1,1,1,1,583439.051648
2021-02-08,34855.69949878627,49707.43,34855.69949878627,43767.45,33125.69635840455,37383.33608745159,33125.69635840455,37383.33608745159,40915.95356704304,43063.83409492829,40915.95356704304,43063.83409492829,26003.797593040803,29711.962389483186,26003.797593040803,29711.962389483186,,,,26225.241461160695,1,1,1,1,1,664178.422718
2021-02-15,39311.574749393134,58352.8,39311.574749393134,52478.1575,35254.51622292807,42148.52226977987,35254.51622292807,42148.52226977987,47485.57942261836,49628.84436381518,47485.57942261836,49628.84436381518,27857.879991261994,32187.501441733944,27857.879991261994,32187.501441733944,,,,28848,1,1,1,1,1,533487.799699
2021-02-22,45894.866124696564,57508.47,43000,50764.12,38701.51924635397,45852.80596176935,38701.51924635397,45852.80596176935,50563.77241892833,50563.77241892833,49644.288201376425,49644.288201376425,30022.69071649797,34863.140785178985,30022.69071649797,34863.140785178985,,,,28848,1,-1,1,0,1,737125.746365
2021-03-01,48329.49306234828,52640,44950.53,48424.0975,42277.16260406166,47479.159340353835,42277.16260406166,47479.159340353835,48710.457510386215,48722.98337194221,48710.457510386215,48722.98337194221,32442.915750838478,37331.584865934055,32442.915750838478,37331.584865934055,,,,29239.72,1,1,1,1,1,490819.562968
2021-03-08,48376.79528117414,61844,48376.79528117414,55261.5225,44878.16097220775,50320.1403491891,44878.16097220775,50320.1403491891,51681.040163482605,53606.08340084929,51681.040163482605,53606.08340084929,34887.25030838627,39917.5870724778,34887.25030838627,39917.5870724778,,,,32294.16,1,1,1,1,1,514559.698685
2021-03-15,51819.158890587074,60633.43,51819.158890587074,57558.1025,47599.150660698426,52919.059226217214,47599.150660698426,52919.059226217214,56253.14362894628,56896.50802146785,56253.14362894628,56896.50802146785,37402.41869043204,42505.71036867072,37402.41869043204,42505.71036867072,,,,34853.69949878627,1,1,1,1,1,463194.21418
2021-03-22,54688.63069529354,58430.73,50427.56,55496.87,50259.104943457816,54026.445078156416,50259.104943457816,54026.445078156416,55701.05604189357,55701.05604189357,55198.830090964715,55198.830090964715,39954.06452955138,44802.8556673521,39954.06452955138,44802.8556673521,,,,39309.574749393134,1,-1,1,0,1,446278.628413
2021-03-29,55092.75034764677,60200,54800.01,57244.9175,52142.77501080711,55397.47656559645,52142.77501080711,55397.47656559645,56557.916539621554,57159.21498025667,56557.916539621554,57159.21498025667,42378.460098451746,46944.32914403093,42378.460098451746,46944.32914403093,,,,42998,1,1,1,1,1,367453.020712
2021-04-05,56168.83392382339,61500,55473,58794.36,53770.12578820178,56699.40091547174,53770.12578820178,56699.40091547174,57671.190252124,57978.94355868512,57671.190252124,57978.94355868512,44661.39462124134,48924.99181865216,44661.39462124134,48924.99181865216,,,,44948.53,1,1,1,1,1,375865.593614
2021-04-12,57481.596961911695,64854,50931.3,57983.527500000004,55234.76335183676,57338.817043238414,55234.76335183676,57338.817043238414,60096.68514818265,60390.39268407195,60096.68514818265,60390.39268407195,46793.193219946756,50639.31122652657,46793.193219946756,50639.31122652657,,,,48374.79528117414,1,1,1,1,1,549048.298032
2021-04-19,57732.56223095585,57732.56223095585,46930,52418.3975,56286.790197537586,56286.790197537586,55794.11370065228,55794.11370065228,57162.56494406059,57162.56494406059,55240.022065900484,55240.022065900484,48716.25222323667,51711.68866255253,48716.25222323667,51711.68866255253,,,,48374.79528117414,1,-1,-1,0,1,562214.25237
2021-04-26,55075.47986547793,58458.07,48753.44,53214.12,56040.45194909493,56040.45194909493,54769.66389179479,54769.66389179479,53855.36755724282,54345.356888052185,53855.36755724282,54345.356888052185,50213.970442894606,52404.45047081504,50213.970442894606,52404.45047081504,,,,48374.79528117414,1,1,-1,0,1,395983.456013
2021-05-03,54144.79993273897,59500,52900,56804.7625,55405.057920444866,55405.057920444866,55130.38134253949,55130.38134253949,55690.91523746708,56231.83542106036,55690.91523746708,56231.83542106036,51309.210456854824,53032.88954910374,51309.210456854824,53032.88954910374,,,,48374.79528117414,1,1,-1,0,1,504478.926303
2021-05-10,55474.78121636948,59500,43825.39,51999.43,55267.719631492175,55267.719631492175,54090.24726442352,54090.24726442352,54898.95750764153,54898.95750764153,53240.624199093334,53240.624199093334,52171.05000297928,53296.56207497079,52171.05000297928,53296.56207497079,,,,48374.79528117414,1,-1,-1,0,1,684880.148197
2021-05-17,53737.10560818474,53737.10560818474,30000,39442.020000000004,54678.98344795785,54678.98344795785,49591.925940041234,49591.925940041234,46196.40310665452,46196.40310665452,43205.099750309244,43205.099750309244,52733.80603897504,52733.80603897504,52613.60887407511,52613.60887407511,,,39442.020000000004,,-1,-1,-1,-1,0,1386781.052144
2021-05-24,46589.56280409238,46589.56280409238,33379,36135.6775,52135.45469399954,52135.45469399954,45128.3457204454,45128.3457204454,39490.77930904789,39490.77930904789,38403.308226954345,38403.308226954345,52673.70745652507,52673.70745652507,51233.54999392122,51233.54999392122,,46589.56280409238,,64856,-1,-1,-1,-1,-1,786531.163941
2021-05-31,41362.62015204619,41362.62015204619,34153.84,36266.8525,48631.900207222476,48631.900207222476,41591.56457630262,41591.56457630262,37313.44548823461,37313.44548823461,37116.31914355092,37116.31914355092,51953.62872522315,51953.62872522315,49438.672134925124,49438.672134925124,,,,64856,-1,-1,-1,-1,-1,528299.504937
2021-06-07,38814.73632602309,39380,31000,36299.22,45111.73239176255,45111.73239176255,38879.44422926594,38879.44422926594,36103.83190041945,36123.24625833147,36103.83190041945,36123.24625833147,50696.15043007414,50696.15043007414,47439.712862645225,47439.712862645225,,,,64856,-1,1,-1,0,-1,700065.604915
2021-06-14,37556.97816301155,41330,33336,37321.68,41995.58831051424,41995.58831051424,37914.417662478285,37914.417662478285,37521.65622874897,37521.65622874897,37414.432922528504,37414.432922528504,49067.93164635969,49067.93164635969,45613.21646252418,45613.21646252418,,,,64856,-1,-1,-1,-1,-1,610333.962089
2021-06-21,37439.32908150577,37439.32908150577,28805,33713.8775,39955.00298649626,39955.00298649626,36222.7330454017,36222.7330454017,35030.73727622758,35030.73727622758,34265.09957913759,34265.09957913759,47340.57405444194,47340.57405444194,43759.62191608802,43759.62191608802,,,,64856,-1,-1,-1,-1,-1,907073.707598
2021-06-28,35576.603290752886,36600,32699,34822,38088.86801594898,38088.86801594898,35457.73154452053,35457.73154452053,34163.89836417639,34205.3370171523,34163.89836417639,34205.3370171523,45550.09798526498,45550.09798526498,42109.25814167116,42109.25814167116,,,,64856,-1,1,-1,0,-1,464791.763593
2021-07-05,35199.30164537644,35293.78,32077,34229.475,36773.29978023475,36773.29978023475,34813.690318566434,34813.690318566434,34092.28084346637,34092.28084346637,33954.37312984805,33954.37312984805,43829.678063468076,43829.678063468076,40636.033359803114,40636.033359803114,,,,64856,-1,-1,-1,-1,-1,359766.235404
2021-07-12,34714.38832268822,34714.38832268822,31020,32933.9975,35793.4950494006,35793.4950494006,34089.68716802828,34089.68716802828,33233.057306199065,33233.057306199065,32797.43258279754,32797.43258279754,42232.855711635595,42232.855711635595,39300.498255068334,39300.498255068334,,,,64856,-1,-1,-1,-1,-1,306160.987079
2021-07-19,33824.19291134411,35398,29278,32958.8975,34941.59110871444,34941.59110871444,33464.83590010526,33464.83590010526,31985.6651956552,32223.60475037345,31985.6651956552,32223.60475037345,40766.676983351965,40766.676983351965,38105.18403710479,38105.18403710479,,,,64856,-1,1,-1,0,-1,383262.217154
2021-07-26,33391.54520567205,42599,33391.54520567205,38257.81,34203.213504409854,34926.5809604386,34203.213504409854,34926.5809604386,35786.404871143954,37394.95439804004,35786.404871143954,37394.95439804004,39435.930510228376,39435.930510228376,37441.129941231244,37441.129941231244,,,,64856,-1,1,1,0,-1,568598.509606
2021-08-02,35824.677602836025,45310,35824.677602836025,41571.835,34564.89723242423,37180.64889646649,34564.89723242423,37180.64889646649,39139.42855493857,40045.01826484063,39139.42855493857,40045.01826484063,38438.53022572981,38438.53022572981,37326.052928506855,37326.052928506855,,,,64856,-1,1,1,0,-1,463107.670711
2021-08-09,38698.25630141801,48144,38698.25630141801,45422.795,35872.773064445355,39902.291113466265,35872.773064445355,39902.291113466265,43207.1377192969,44292.14118996505,43207.1377192969,44292.14118996505,37882.29157711833,37882.29157711833,37753.66356454234,37753.66356454234,,,,64856,-1,1,1,0,-1,372867.979811
2021-08-16,42060.52565070901,49757.04,42060.52565070901,47474.445,37887.532088955806,42620.62600952768,37887.532088955806,42620.62600952768,45603.946243770755,46256.312794764206,45603.946243770755,46256.312794764206,37817.977570830335,38627.390351208865,37817.977570830335,38627.390351208865,,,47474.445,,1,1,1,1,0,357634.462155
2021-08-23,44767.4853253545,50500,44767.4853253545,48689.2625,40254.079049241736,44949.52201048987,40254.079049241736,44949.52201048987,47668.70089460135,47965.12421497449,47668.70089460135,47965.12421497449,38222.683961019604,39795.4555571171,38222.683961019604,39795.4555571171,44767.4853253545,,,28803,1,1,1,1,1,298905.697042
2021-08-30,46728.37391267725,51900,46512,49734.18,42601.8005298658,46883.45110734319,42601.8005298658,46883.45110734319,48273.3270060237,48686.81262742231,48273.3270060237,48686.81262742231,39009.069759068356,41133.72446841225,39009.069759068356,41133.72446841225,,,,28803,1,1,1,1,1,327484.443638
2021-09-06,48231.276956338625,52920,42843.05,48386.292499999996,44742.6258186045,47636.867121100884,44742.6258186045,47636.867121100884,48446.15296317519,48446.15296317519,47709.20496794268,47709.20496794268,40071.397113740306,42377.04377329865,40071.397113740306,42377.04377329865,,,,28803,1,-1,1,0,1,399602.39982
2021-09-13,48308.78472816931,48843.2,43370,46370.045,46189.7464698527,47314.4201497146,46189.7464698527,47314.4201497146,46922.75820991729,47059.1936138408,46922.75820991729,47059.1936138408,41224.22044351948,43343.56732968951,41224.22044351948,43343.56732968951,,,,28803,1,1,1,1,1,289430.44387
2021-09-20,47339.414864084654,47347.25,39600,44337.475,46752.08330978365,46752.08330978365,46097.088182363485,46097.088182363485,45263.016864424935,45263.016864424935,44452.18307360332,44452.18307360332,42283.8938866045,43911.275445901396,42283.8938866045,43911.275445901396,,,,28803,1,-1,-1,0,1,437174.23273
2021-09-27,45838.44493204233,49228.08,40753.88,45335.717500000006,46424.58574607357,46424.58574607357,45602.69237516763,45602.69237516763,43464.38265669167,43989.995322035924,43464.38265669167,43989.995322035924,43097.58466625295,44298.673025654425,43097.58466625295,44298.673025654425,,,,28803,1,1,-1,0,1,290620.78115
2021-10-04,45587.081216021164,56561.31,45587.081216021164,51577.83,46013.6390606206,47425.818722298296,46013.6390606206,47425.818722298296,48313.35270507057,50310.70680815782,48313.35270507057,50310.70680815782,43698.12884595369,44970.98323685972,43698.12884595369,44970.98323685972,,,,28803,1,1,1,1,1,424292.258599
2021-10-11,48582.45560801058,62933,48582.45560801058,58249.83500000001,46719.72889145945,50811.107352738145,46719.72889145945,50811.107352738145,54424.235616734586,56128.85314779332,54424.235616734586,56128.85314779332,44334.55604140671,46139.479408057356,44334.55604140671,46139.479408057356,,,,28803,1,1,1,1,1,362346.263174
2021-10-18,53416.145304005295,67000,53416.145304005295,62222.7925,48765.418122098796,54832.87872246013,48765.418122098796,54832.87872246013,60186.76512921027,60991.74537680781,60186.76512921027,60991.74537680781,45237.01772473203,47829.159076300275,45237.01772473203,47829.159076300275,,,,28803,1,1,1,1,1,336357.38139
2021-10-25,57819.46890200265,63710.63,57819.46890200265,60920.662500000006,51799.14842227946,57606.266142892,51799.14842227946,57606.266142892,61115.77949950742,61121.58741651393,61115.77949950742,61121.58741651393,46533.08840051616,49705.53389923151,46533.08840051616,49705.53389923151,,,,28803,1,1,1,1,1,314971.8498
2021-11-01,59370.065701001324,64270,59370.065701001324,62062.1,54702.707282585725,59541.88328187716,54702.707282585725,59541.88328187716,61466.17208491649,61560.81454834835,61466.17208491649,61560.81454834835,48119.311149873836,51608.955390045565,48119.311149873836,51608.955390045565,,,,28803,1,1,1,1,1,253033.72432
2021-11-08,60716.082850500665,69000,60716.082850500665,65017.670000000006,57122.29528223144,61677.2076943747,57122.29528223144,61677.2076943747,63498.283376608146,63952.275325429175,63498.283376608146,63952.275325429175,49864.133269959704,53586.41906666588,49864.133269959704,53586.41906666588,,,,28803,1,1,1,1,1,294213.107838
2021-11-15,62866.87642525033,66401.82,55600,61535.737499999996,59399.75148830307,61880.64408995793,59399.75148830307,61880.64408995793,62445.998722711556,62445.998722711556,61310.81844394791,61310.81844394791,51725.2761683128,55221.652285946184,51725.2761683128,55221.652285946184,,,,28803,1,-1,1,0,1,340150.61676
2021-11-22,62201.30696262517,62201.30696262517,53256.64,57148.305,60640.1977891305,60640.1977891305,60490.46841895814,60490.46841895814,58773.26864367676,58773.26864367676,57830.39917163909,57830.39917163909,53473.464227129494,56294.11556119845,53473.464227129494,56294.11556119845,,,,28803,1,-1,-1,0,1,315216.31943
2021-11-29,59674.80598131259,59674.80598131259,42000.3,51962.1275,60565.333104044315,60565.333104044315,57152.68954293512,57152.68954293512,56779.93632282697,56779.93632282697,55557.21642627497,55557.21642627497,54883.78989416397,56530.944583379096,54883.78989416397,56530.944583379096,,,,28803,1,-1,-1,0,1,390528.912488
2021-12-06,55818.466740656295,55818.466740656295,46751,49534.3875,58859.011323489714,58859.011323489714,54483.10997999614,54483.10997999614,51887.87148168062,51887.87148168062,50784.28946497741,50784.28946497741,55707.367238771534,56236.98796368109,55707.367238771534,56236.98796368109,,,,28803,1,-1,-1,0,1,272083.99753
2021-12-13,52676.427120328146,52676.427120328146,45456,48095.275,56671.06065174292,56671.06065174292,52072.23328641088,52072.23328641088,48961.8654422452,48961.8654422452,48339.59269974565,48339.59269974565,55972.17760122631,55972.17760122631,55521.05659417606,55521.05659417606,,,48095.275,,-1,-1,-1,-1,0,271834.80183
2021-12-20,50385.851060164074,51810,45558.85,48706.395,54371.6469690769,54371.6469690769,50490.153977625916,50490.153977625916,48305.77609893541,48826.89468136855,48305.77609893541,48826.89468136855,55746.617097701186,55746.617097701186,54617.55239248393,54617.55239248393,,51810,,69002,-1,1,-1,0,-1,209149.39534
2021-12-27,49546.12303008203,52088,45678,48956.915,52430.90047335141,52430.90047335141,49681.96984549185,49681.96984549185,48827.51675670645,48827.51675670645,48370.23363725137,48370.23363725137,55182.08474509256,55182.08474509256,53702.557730808636,53702.557730808636,,,,69002,-1,-1,-1,-1,-1,217365.48034
2022-01-03,49251.51901504102,49251.51901504102,40501,44305.45,51056.43515942163,51056.43515942163,47879.017013934135,47879.017013934135,46389.62704234179,46389.62704234179,45181.095698455545,45181.095698455545,54442.32123795059,54442.32123795059,52575.543713290106,52575.543713290106,,,,69002,-1,-1,-1,-1,-1,264331.61587
2022-01-10,46778.48450752051,46778.48450752051,39650,42271.57,49467.72608667788,49467.72608667788,45896.741250350446,45896.741250350446,43397.13463186259,43397.13463186259,43162.67547586231,43162.67547586231,53508.93247562035,53508.93247562035,51275.745264267694,51275.745264267694,,,,69002,-1,-1,-1,-1,-1,232059.06969
2022-01-17,44525.02725376026,44525.02725376026,34008,39207.302500000005,47682.23366851416,47682.23366851416,43307.42083285434,43307.42083285434,42151.44781545468,42151.44781545468,40985.20206237322,40985.20206237322,52392.33886994402,52392.33886994402,49717.225453622785,49717.225453622785,,,,69002,-1,-1,-1,-1,-1,354513.98432
2022-01-24,41866.16487688013,41866.16487688013,32917.17,36490.865,45494.82725068425,45494.82725068425,40787.57205561509,40787.57205561509,38266.83197415505,38266.83197415505,37839.03840476939,37839.03840476939,51054.7821617834,51054.7821617834,47973.726496194475,47973.726496194475,,,,69002,-1,-1,-1,-1,-1,353702.626391
2022-01-31,39178.514938440065,42656,36250,39792.155,43141.19965314967,43141.19965314967,39921.6312710307,39921.6312710307,37970.76940289923,38476.861555893025,37970.76940289923,38476.861555893025,49514.254328988936,49514.254328988936,46404.13284836487,46404.13284836487,,,,69002,-1,1,-1,0,-1,258945.75108
2022-02-07,39485.33496922003,45821,39485.33496922003,42975.345,41531.41546209019,41531.41546209019,40723.247834334354,40723.247834334354,41338.14595374692,42013.785179194114,41338.14595374692,42013.785179194114,47959.1935886769,47959.1935886769,45274.9998914884,45274.9998914884,,,,69002,-1,1,-1,0,-1,301990.47877
2022-02-14,41230.339984610015,44751.4,38000,40797.985,41127.331648212275,41127.331648212275,41021.95341328727,41021.95341328727,42401.52245066619,42401.52245066619,41996.1066514957,41996.1066514957,46617.09674008265,46617.09674008265,44385.39840980508,44385.39840980508,,,,69002,-1,-1,-1,-1,-1,243150.46162
2022-02-21,41014.16249230501,41014.16249230501,34322.28,37689.1725,41074.64253074978,41074.64253074978,39938.69445888881,39938.69445888881,39732.57352637334,39732.57352637334,39222.02632746994,39222.02632746994,45501.24757494386,45501.24757494386,43447.988470472636,43447.988470472636,,,,69002,-1,-1,-1,-1,-1,412333.60531
2022-02-28,39351.667496152506,45400,37450.17,39742.515,40506.66849481929,40506.66849481929,40061.61842624423,40061.61842624423,40605.16394131285,40759.685103372525,40605.16394131285,40759.685103372525,44474.618022708244,44474.618022708244,42747.25046798998,42747.25046798998,,,,69002,-1,1,-1,0,-1,376417.0783
2022-03-07,39547.09124807625,42594.06,37155,38986.8,40284.14346053176,40284.14346053176,39857.10748296142,39857.10748296142,39983.33685041837,39983.33685041837,39715.41920771472,39715.41920771472,43610.93424534911,43610.93424534911,42137.88271963399,42137.88271963399,,,,69002,-1,-1,-1,-1,-1,374702.60508
2022-03-14,39266.945624038126,42400,37555,39748.615000000005,40070.62547174659,40070.62547174659,39783.50967728472,39783.50967728472,39752.563373372344,40177.759579423204,39752.563373372344,40177.759579423204,42874.40848249155,42874.40848249155,41640.60065363458,41640.60065363458,,,,69002,-1,1,-1,0,-1,323387.24539
2022-03-21,39507.780312019066,46999,39507.780312019066,43889.2025,39927.067574515655,40971.96818942056,39927.067574515655,40971.96818942056,41563.52143241621,42390.4784335393,41563.52143241621,42390.4784335393,42257.504568063065,42257.504568063065,41482.78814526818,41482.78814526818,,,,69002,-1,1,1,0,-1,315436.15044
2022-03-28,41698.49140600953,48189.84,41698.49140600953,46406.2375,40449.5178819681,42671.262196806405,40449.5178819681,42671.262196806405,44895.535749429204,45473.310680609924,44895.535749429204,45473.310680609924,41870.146356665624,41870.146356665624,41677.18470205156,41677.18470205156,,,,69002,-1,1,1,0,-1,312053.15964
2022-04-04,44052.36445300477,47200,41868,44408.5525,41560.39003938725,43620.502438269184,41560.39003938725,43620.502438269184,45249.38244762647,45249.38244762647,44647.255908108484,44647.255908108484,41773.66552935859,42008.35149843489,41773.66552935859,42008.35149843489,,,44408.5525,,1,-1,1,0,0,268118.29111
2022-04-11,44230.45847650238,44230.45847650238,39200,40862.92,42590.44623882822,43063.954376201495,42590.44623882822,43063.954376201495,42305.77277499066,42305.77277499066,41574.61806237295,41574.61806237295,41891.00851389674,42173.79446917522,41891.00851389674,42173.79446917522,,,,,1,-1,1,0,0,259278.92957
2022-04-18,42546.68923825119,42976,38536.51,40160.1875,42827.20030751486,42827.20030751486,42109.178950798996,42109.178950798996,40930.14736589266,40930.14736589266,40674.16947783556,40674.16947783556,42032.40149153598,42151.53916355516,42032.40149153598,42151.53916355516,,,,,1,-1,-1,0,0,283885.03637
2022-04-25,41353.43836912559,41353.43836912559,37386.38,39025.54,42468.18962915693,42468.18962915693,40967.76845187152,40967.76845187152,39795.5142623228,39795.5142623228,39414.77809260744,39414.77809260744,42091.97032754557,42091.97032754557,41930.32313391092,41930.32313391092,,,,,-1,-1,-1,-1,0,368444.26814
2022-05-02,40189.4891845628,40189.4891845628,33713.95,36561.1175,41717.97904051422,41717.97904051422,39372.38640328397,39372.38640328397,38508.703413411175,38508.703413411175,37842.66366612087,37842.66366612087,42011.146730728244,42011.146730728244,41447.81683859876,41447.81683859876,,40189.4891845628,,48191.84,-1,-1,-1,-1,-1,419979.5829
2022-05-09,38375.303342281404,38375.303342281404,26700,31577.607500000002,40545.182721899095,40545.182721899095,36699.41823915501,36699.41823915501,33845.944607510304,33845.944607510304,32414.88169859594,32414.88169859594,41729.481784663505,41729.481784663505,40539.0238303457,40539.0238303457,,,,48191.84,-1,-1,-1,-1,-1,964223.849274
2022-05-16,34976.4554211407,34976.4554211407,28654.47,30401.550000000003,38622.300480527054,38622.300480527054,34425.89487488083,34425.89487488083,30725.17722157024,30725.17722157024,30300.24559794681,30300.24559794681,41134.25280750461,41134.25280750461,39378.31677140313,39378.31677140313,,,,48191.84,-1,-1,-1,-1,-1,375096.22376
2022-05-23,32689.002710570352,32689.002710570352,28019.56,29613.025,36524.09767770395,36524.09767770395,32540.726825696747,32540.726825696747,29706.928402381498,29706.928402381498,29482.45431506617,29482.45431506617,40256.28478945387,40256.28478945387,38069.92732913056,38069.92732913056,,,,48191.84,-1,-1,-1,-1,-1,430508.71991
2022-05-30,31151.01385528518,32399,29282.36,30267.167499999996,34532.41225170035,34532.41225170035,31546.445270509423,31546.445270509423,29973.456914915947,30034.648074769968,29973.456914915947,30034.648074769968,39163.106059292215,39163.106059292215,36810.89741248698,36810.89741248698,,,,48191.84,-1,1,-1,0,-1,422401.40352
2022-06-06,30709.090677642587,31765.64,26560,28704.8425,33039.428761104886,33039.428761104886,30497.501997222487,30497.501997222487,30182.106228135577,30182.106228135577,29924.85257641878,29924.85257641878,37987.0017358896,37987.0017358896,35567.70530755763,35567.70530755763,,,,48191.84,-1,-1,-1,-1,-1,528925.487959
2022-06-13,29706.96658882129,29706.96658882129,17622,22916.5925,31768.465379163685,31768.465379163685,27932.343598940897,27932.343598940897,25980.514995400386,25980.514995400386,24134.551175230645,24134.551175230645,36777.35352172362,36777.35352172362,34047.14242408865,34047.14242408865,,,,36561.1175,-1,-1,-1,-1,-1,1153717.637537
2022-06-20,26311.779544410645,26311.779544410645,19637.03,20784.275,29850.40448905229,29850.40448905229,25571.26929836047,25571.26929836047,21739.816245890313,21739.816245890313,21375.606528341617,21375.606528341617,35412.24797290614,35412.24797290614,32378.797398302384,32378.797398302384,,,,34978.4554211407,-1,-1,-1,-1,-1,570801.23178
2022-06-27,23548.027272205323,23548.027272205323,18626,20129.940000000002,27710.83689370638,27710.83689370638,23483.029637292504,23483.029637292504,20767.243421319556,20767.243421319556,20395.44185158089,20395.44185158089,33895.522685604265,33895.522685604265,30629.943162962154,30629.943162962154,,,,32691.002710570352,-1,-1,-1,-1,-1,508544.1397
2022-07-04,21838.98363610266,22527.37,19055.31,20440.245,25596.93326549944,25596.93326549944,22132.090795721913,22132.090795721913,20310.89060036697,20568.43718093348,20310.89060036697,20568.43718093348,32262.732924283213,32262.732924283213,28954.74754167569,28954.74754167569,,,,32401,-1,1,-1,0,-1,1111996.98071
2022-07-11,21139.61431805133,21684.54,18910.94,20563.6875,23864.512030610676,23864.512030610676,21289.810772787812,21289.810772787812,20500.52716891496,20558.027181008074,20500.52716891496,20558.027181008074,30608.740232979453,30608.740232979453,27428.096066216418,27428.096066216418,,,,31767.64,-1,1,-1,0,-1,1043685.76303
2022-07-18,20851.650909025666,24276.74,20762.45,22104.612500000003,22577.161401699243,22577.161401699243,21511.358583336736,21511.358583336736,21685.806703685965,22081.774895141123,21685.806703685965,22081.774895141123,29018.41814959794,29018.41814959794,26233.060247538982,26233.060247538982,,,,29708.96658882129,-1,1,-1,0,-1,1336219.23609
2022-07-25,21478.131704512834,24668,20706.5,22811.237500000003,22044.25999251799,22044.25999251799,21938.02332574949,21938.02332574949,22373.15236676787,22702.47052136503,22373.15236676787,22702.47052136503,27625.739198568463,27625.739198568463,25336.079714697444,25336.079714697444,,,,26313.779544410645,-1,1,-1,0,-1,1282264.24492
2022-08-01,22144.68460225642,23647.68,22144.68460225642,23129.607500000002,21991.14165913374,22353.71534174145,21991.14165913374,22353.71534174145,23017.117683143733,23047.14154397336,23017.117683143733,23047.14154397336,26480.909456632955,26480.909456632955,24689.096307054126,24689.096307054126,,,,24670,-1,1,1,0,-1,951140.43388
2022-08-08,22637.146051128213,25047.56,22637.146051128213,23797.97,22172.428500437596,22922.676758550628,22172.428500437596,22922.676758550628,23411.8902816774,23668.806355621175,23411.8902816774,23668.806355621175,25585.002881843542,25585.002881843542,24284.13598068813,24284.13598068813,,,,24670,-1,1,1,0,-1,1251083.26468
2022-08-15,23217.558025564107,25211.32,20761.9,22948.52,22547.552629494112,23035.738137236272,22547.552629494112,23035.738137236272,23695.160422691803,23695.160422691803,23268.47606902412,23268.47606902412,24934.569431265838,24934.569431265838,23984.104586224257,23984.104586224257,,,,24670,-1,-1,1,0,-1,1402957.39876
2022-08-22,23083.039012782054,23083.039012782054,19520,20623.0775,22791.64538336519,22791.64538336519,22400.100843381235,22400.100843381235,22055.494951603832,22055.494951603832,21589.90764555818,21589.90764555818,24459.33700874505,24459.33700874505,23630.150761711495,23630.150761711495,,,,24670,-1,-1,-1,-1,-1,1343190.86
2022-08-29,21853.05825639103,21853.05825639103,19540,19918.04,22595.87311337321,22595.87311337321,21614.335937314798,21614.335937314798,20610.48024637169,20610.48024637169,20350.11337037425,20350.11337037425,24044.743885228276,24044.743885228276,23212.606831737452,23212.606831737452,,,,24670,-1,-1,-1,-1,-1,1527594.81842
2022-09-05,20885.549128195515,21860,18510.77,20549.485,22105.104525344002,22105.104525344002,21010.190989855895,21010.190989855895,19914.704078088256,20051.101537562787,19914.704078088256,20051.101537562787,23628.675358482866,23628.675358482866,22772.316926666135,22772.316926666135,,,,24670,-1,1,-1,0,-1,2146685.76233
2022-09-12,20717.51706409776,22799,19320.01,20840.515,21557.64775759995,21557.64775759995,20902.650229546478,20902.650229546478,20510.294575068157,20510.294575068157,20386.796420185936,20386.796420185936,23200.496142574502,23200.496142574502,22402.13217890915,22402.13217890915,,,,24670,-1,-1,-1,-1,-1,2218565.59694
2022-09-19,20779.01603204888,20779.01603204888,18125.98,19076.7025,21230.148993573213,21230.148993573213,20351.824994613416,20351.824994613416,19650.030650542034,19650.030650542034,19416.695295348876,19416.695295348876,22801.31416074183,22801.31416074183,21988.316759921694,21988.316759921694,,,,24670,-1,-1,-1,-1,-1,2285541.48793
2022-09-26,19927.85926602444,20385.86,18471.28,19180.7675,20790.986994093313,20790.986994093313,19908.229611573162,19908.229611573162,19285.76434483915,19292.64267543255,19285.76434483915,19292.64267543255,22394.815460331763,22394.815460331763,21573.25844720172,21573.25844720172,,,,23085.039012782054,-1,1,-1,0,-1,2777070.91238
2022-10-03,19554.31338301222,20475,18959.68,19482.86,20349.608302833236,20349.608302833236,19729.934006426418,19729.934006426418,19558.54959119431,19617.82216654223,19558.54959119431,19617.82216654223,21984.036953766743,21984.036953766743,21205.76055891474,21205.76055891474,,,,22801,-1,1,-1,0,-1,1690215.44019
2022-10-10,19518.586691506112,19951.87,18190,19211.2025,20039.771154629827,20039.771154629827,19482.559290943496,19482.559290943496,19388.422899635243,19388.422899635243,19317.05097161807,19317.05097161807,21594.898756340743,21594.898756340743,20857.56414339964,20857.56414339964,,,,22801,-1,-1,-1,-1,-1,1666942.47921
2022-10-17,19364.894595753056,19706.66,18650,19297.510000000002,19761.16522278666,19761.16522278666,19353.831814998623,19353.831814998623,19259.07523942985,19259.07523942985,19234.965395451884,19234.965395451884,21226.231449870193,21226.231449870193,20552.601549984916,20552.601549984916,,,,22801,-1,-1,-1,-1,-1,1439566.24878
2022-10-24,19331.20229787653,21085,19157,20109.97,19557.498518892644,19591.511544102756,19557.498518892644,19591.511544102756,19671.78783324572,19953.044845707638,19671.78783324572,19953.044845707638,20889.416499927556,20889.416499927556,20354.124919678863,20354.124919678863,,,,21087,-1,1,1,0,-1,2026392.42105
2022-10-31,19720.586148938266,21480.65,19720.586148938266,20761.237500000003,19574.5050314977,19986.47747194383,19574.5050314977,19986.47747194383,20338.89756515896,20499.748138900995,20338.89756515896,20499.748138900995,20621.77070980321,20621.77070980321,20267.426050406284,20267.426050406284,,,,21087,-1,1,1,0,-1,2205754.83045
2022-11-07,20240.911824469134,21069.77,15588,18473.300000000003,19780.491251720763,19780.491251720763,19522.14834578104,19522.14834578104,19476.102859254454,19476.102859254454,18721.278745188436,18721.278745188436,20444.598380104748,20444.598380104748,20100.350525253394,20100.350525253394,,,,21087,-1,-1,-1,-1,-1,3234391.873932
2022-11-14,19357.10591223457,19357.10591223457,15815.21,16404.305,19651.3197987509,19651.3197987509,18675.571047467947,18675.571047467947,17411.136637465577,17411.136637465577,17101.26035576247,17101.26035576247,20272.47445267907,20272.47445267907,19811.9891629255,19811.9891629255,,,,21087,-1,-1,-1,-1,-1,1626234.48043
2022-11-21,17880.705456117284,17880.705456117284,15476,16249.2275,19163.445423109428,19163.445423109428,17779.76848347347,17779.76848347347,16608.324623032997,16608.324623032997,16541.409760417748,16541.409760417748,20042.231807802287,20042.231807802287,19416.057899628762,19416.057899628762,,,,21087,-1,-1,-1,-1,-1,1561058.479583
2022-11-28,17064.966478058643,17324,15995.27,16713.435,18471.60695329145,18471.60695329145,17233.412370159058,17233.412370159058,16595.60840895125,16704.822815566837,16595.60840895125,16704.822815566837,19729.144853715527,19729.144853715527,18996.4775296357,18996.4775296357,,,,21087,-1,1,-1,0,-1,1572173.55626
2022-12-05,16889.200739029322,17424.25,16678.83,17073.695,17852.509661725257,17852.509661725257,17076.297941834466,17076.297941834466,16921.812548754002,16992.785283129284,16921.812548754002,16992.785283129284,19362.811191675613,19362.811191675613,18624.674815205304,18624.674815205304,,,,21087,-1,1,-1,0,-1,1443791.97519
2022-12-12,16981.44786951466,18387.95,16527.32,17184.6325,17464.403801779863,17464.403801779863,17145.080627818043,17145.080627818043,17224.62151848145,17224.62151848145,17205.057151679273,17205.057151679273,18993.743003440457,18993.743003440457,18330.78135088653,18330.78135088653,,,,21071.77,-1,-1,-1,-1,-1,1511897.62621
2022-12-19,17083.04018475733,17083.04018475733,16256.3,16722.170000000002,17304.742214798953,17304.742214798953,16993.19291050983,16993.19291050983,16934.36570437903,16934.36570437903,16877.612565497624,16877.612565497624,18662.26217716349,18662.26217716349,18056.329400114846,18056.329400114846,,,,19359.10591223457,-1,-1,-1,-1,-1,1148035.81471
2022-12-26,16902.605092378668,16972.83,16333,16688.6725,17148.96756265439,17148.96756265439,16856.79826973551,16856.79826973551,16768.24361867678,16768.24361867678,16706.103032944695,16706.103032944695,18359.295788639167,18359.295788639167,17809.847156241824,17809.847156241824,,,,18389.95,-1,-1,-1,-1,-1,1028681.78419
2023-01-02,16795.638796189334,17176.99,16548.7,16867.6725,17002.88291619495,17002.88291619495,16837.39977823251,16837.39977823251,16717.164131399455,16770.03420097935,16717.164131399455,16770.03420097935,18084.571472440493,18084.571472440493,17609.257946239348,17609.257946239348,,,,18389.95,-1,1,-1,0,-1,1112349.61417
2023-01-09,16831.655648094667,21258,16831.655648094667,19090.4975,16920.14134721373,17575.489910649874,16920.14134721373,17575.489910649874,17402.792320105244,18025.3040525428,17402.792320105244,18025.3040525428,17846.91470933992,17846.91470933992,17595.08913737668,17595.08913737668,,,19090.4975,,-1,1,1,0,0,2145455.73458
2023-01-16,17961.076574047336,23371.8,17961.076574047336,21839.955,17247.815628931803,18861.04975930682,17247.815628931803,18861.04975930682,19924.41291314749,20643.45009117843,19924.41291314749,20643.45009117843,17721.001923358297,17827.444839876054,17721.001923358297,17827.444839876054,,,,,1,1,1,1,0,2108890.06922
2023-01-23,19900.51578702367,23960.54,19900.51578702367,23177.215,18054.432694119314,20281.066135470934,18054.432694119314,20281.066135470934,22061.04126732342,22462.549302705018,22061.04126732342,22462.549302705018,17774.223381617176,18283.188772476722,17774.223381617176,18283.188772476722,19900.51578702367,,,15474,1,1,1,1,1,1946352.78949
2023-01-30,21538.865393511835,24255,21538.865393511835,23357.82,19167.749414795122,21501.76642672694,19167.749414795122,21501.76642672694,23022.90597439541,23162.309053306948,23022.90597439541,23162.309053306948,18028.706077046947,18886.04251207074,18028.706077046947,18886.04251207074,,,,15474,1,1,1,1,1,1949971.72168
2023-02-06,22448.342696755917,23452,21451,22404.862500000003,20334.75792076103,22053.970846849625,20334.75792076103,22053.970846849625,22941.02525398976,22941.02525398976,22682.082843541713,22682.082843541713,18457.374294558842,19483.197260514014,18457.374294558842,19483.197260514014,,,,15474,1,-1,1,0,1,1976378.51282
2023-02-13,22426.602598377962,25250,21351.07,23163.8,21194.364383805325,22557.059028083197,21194.364383805325,22557.059028083197,22722.457062237692,23133.59097454514,22722.457062237692,23133.59097454514,18970.28577753643,20078.72911103914,18970.28577753643,20078.72911103914,,,,15474,1,1,1,1,1,2497565.46072
2023-02-20,22795.20129918898,25250,22722,23949.839999999997,21875.71170594426,23111.713846759838,21875.71170594426,23111.713846759838,23838.039179664913,23838.039179664913,23815.88598266171,23815.88598266171,19524.507444287785,20676.691193618255,19524.507444287785,20676.691193618255,,,,15474,1,-1,1,0,1,2237983.72753
2023-02-27,23372.520649594488,24000,21971.13,22989.055,22493.712776352048,23160.65885578559,22493.712776352048,23160.65885578559,23507.374266630657,23507.374266630657,23288.923595671124,23288.923595671124,20100.59931895302,21169.64996271343,20100.59931895302,21169.64996271343,,,,15474,1,-1,1,0,1,1698503.29143
2023-03-06,23180.787824797244,23180.787824797244,19549.09,21644.6575,22827.185816068817,22827.185816068817,22600.84027083869,22600.84027083869,22353.02489986011,22353.02489986011,21859.068828886473,21859.068828886473,20635.124640833223,21463.62457270764,20635.124640833223,21463.62457270764,,,,15474,1,-1,-1,0,1,2718623.72856
2023-03-13,22412.72266239862,28390.1,21813.88,25043.725,22714.013043453753,23344.97893684946,22714.013043453753,23344.97893684946,23039.211658064134,24010.952124601365,23039.211658064134,24010.952124601365,21049.37460677043,21863.166710073117,21049.37460677043,21863.166710073117,,,,15474,1,1,1,1,1,3775888.94983
2023-03-20,23728.22383119931,28868.05,23728.22383119931,27852.6925,23029.495990151605,24627.358168072966,23029.495990151605,24627.358168072966,26314.333552361593,26872.30331671107,26314.333552361593,26872.30331671107,21456.270658421774,22421.27578133492,21456.270658421774,22421.27578133492,,,,15474,1,1,1,1,1,1437828.84706
2023-03-27,25790.458165599655,29184.68,25790.458165599655,27958.184999999998,23828.427079112287,25904.772378087517,23828.427079112287,25904.772378087517,27475.181588432944,27727.900170912326,27475.181588432944,27727.900170912326,21938.773219878345,23104.80841916509,21938.773219878345,23104.80841916509,,,,15474,1,1,1,1,1,500795.73087
2023-04-03,26874.32158279983,28775,26874.32158279983,28117.7175,24866.599728599904,26826.95964067242,24866.599728599904,26826.95964067242,27963.43876399349,28002.91085151938,27963.43876399349,28002.91085151938,22521.790819521717,23828.72647212893,22521.790819521717,23828.72647212893,,,,15474,1,1,1,1,1,306532.39014
2023-04-10,27496.019541399914,31000,27496.019541399914,29449.6025,25846.779684636163,27833.180783194093,25846.779684636163,27833.180783194093,28937.858201923857,29390.32200011981,28937.858201923857,29390.32200011981,23175.25864582532,24613.815690051702,23175.25864582532,24613.815690051702,,,,15474,1,1,1,1,1,377573.74044
2023-04-17,28472.811020699955,30485,27125,28876.315000000002,26839.98023391513,28347.9167865769,26839.98023391513,28347.9167865769,29425.93711722195,29425.93711722195,29057.605689527558,29057.605689527558,23894.53716793851,25346.94317531551,23894.53716793851,25346.94317531551,,,,15474,1,-1,1,0,1,430421.84646
2023-04-24,28674.56301034998,30036,26942.82,28450.655,27593.948510246013,28484.261994068584,27593.948510246013,28484.261994068584,28554.094787713075,28683.39242361884,28554.094787713075,28683.39242361884,24620.74017162701,25971.653008640576,24620.74017162701,25971.653008640576,,,,15474,1,1,1,1,1,444613.47701
2023-05-01,28562.60900517499,29820,27666.95,28787.5625,28039.1052521573,28599.419631445515,28039.1052521573,28599.419631445515,28802.971344501027,28857.832650212073,28802.971344501027,28857.832650212073,25296.196590133794,26506.528919094777,25296.196590133794,26506.528919094777,,,,15474,1,1,1,1,1,360117.97447
2023-05-08,28675.085752587496,28675.085752587496,25811.46,27447.545,28319.262441801406,28319.262441801406,28191.270255531053,28191.270255531053,28174.622655245446,28174.622655245446,27784.82276411927,27784.82276411927,25901.362754614285,26857.9834735022,25901.362754614285,26857.9834735022,,,,15474,1,-1,-1,0,1,338765.74243
2023-05-15,28061.315376293747,28061.315376293747,26361.2,26922.545,28255.266348666228,28255.266348666228,27772.730850480923,27772.730850480923,27271.322131460445,27271.322131460445,27149.72985669245,27149.72985669245,26379.67311405824,27065.872084638526,26379.67311405824,27065.872084638526,,,,15474,1,-1,-1,0,1,230394.72253
2023-05-22,27491.93018814687,28261.32,25871.89,27236.497499999998,28013.998599573573,28013.998599573573,27478.52805950015,27478.52805950015,26907.85716397249,26907.85716397249,26869.676300133186,26869.676300133186,26722.772599348384,27176.178977604206,26722.772599348384,27176.178977604206,,,,15474,1,-1,-1,0,1,251061.07389
2023-05-29,27364.213844073434,28447.14,26505,27533.089999999997,27746.26332953686,27746.26332953686,27438.65348339927,27438.65348339927,27157.68784520847,27170.59905889757,27157.68784520847,27170.59905889757,26949.475788476295,27253.093926180558,26949.475788476295,27253.093926180558,,,,15474,1,1,-1,0,1,233113.44204
2023-06-05,27448.651922036715,27448.651922036715,25351.02,26445.885000000002,27592.458406468064,27592.458406468064,27094.177964996543,27094.177964996543,26811.511519325202,26811.511519325202,26627.790906861093,26627.790906861093,27101.28485732843,27237.472749723995,27101.28485732843,27237.472749723995,,,,15474,1,-1,-1,0,1,347786.76863
2023-06-12,26947.268461018357,26947.268461018357,24800,25976.375,27343.318185732303,27343.318185732303,26644.147358735187,26644.147358735187,26109.357067217046,26109.357067217046,26047.611248336787,26047.611248336787,27169.37880352621,27169.37880352621,27135.094443447393,27135.094443447393,,,25976.375,,-1,-1,-1,-1,0,265685.74051
2023-06-19,26461.82173050918,31431.94,26256.61,28622.7975,26993.732772233743,27282.652824213754,26993.732772233743,27282.652824213754,27355.178865602007,28230.46809085551,27355.178865602007,28230.46809085551,27152.236623486802,27181.37993288986,27152.236623486802,27181.37993288986,,31431.94,,31433.94,1,1,1,1,-1,408189.22942
2023-06-26,27542.30961525459,31282,27542.30961525459,30465.425,27138.192798223747,28209.31264633961,27138.192798223747,28209.31264633961,29656.67128352053,29982.85212829494,29656.67128352053,29982.85212829494,27166.80827818833,27383.12481682856,27166.80827818833,27383.12481682856,27542.30961525459,,30465.425,24798,1,1,1,1,1,294881.44198
2023-07-03,29003.867307627297,31500,29003.867307627297,30494.6875,27673.75272228168,29108.4050187865,27673.75272228168,29108.4050187865,30402.13945626705,30407.515700647476,30402.13945626705,30407.515700647476,27274.966547508444,27709.93738150974,27274.966547508444,27709.93738150974,,,,24798,1,1,1,1,1,244056.69119
2023-07-10,29749.27740381365,31804.2,29749.27740381365,30524.225000000002,28391.07887053409,29807.566363778522,28391.07887053409,29807.566363778522,30508.304273732418,30532.786341253763,30508.304273732418,30532.786341253763,27492.45196450909,28106.610584618476,27492.45196450909,28106.610584618476,,,,24798,1,1,1,1,1,269249.39031
2023-07-17,30136.751201906824,30417.46,29512,30061.302499999998,29099.322617156304,29984.94520731016,29099.322617156304,29984.94520731016,30230.4245450099,30230.4245450099,30120.23844647789,30120.23844647789,27799.531274563782,28462.85966525662,27799.531274563782,28462.85966525662,,,,24798,1,-1,1,0,1,180919.27148
2023-07-24,30099.02685095341,30099.58,28861.9,29581.58,29542.133912233232,29860.46574789287,29542.133912233232,29860.46574789287,29710.82266268802,29710.82266268802,29567.462327567377,29567.462327567377,28131.1954699102,28735.56808488613,28131.1954699102,28735.56808488613,,,,24798,1,-1,1,0,1,168154.81375
2023-07-31,29840.303425476704,30047.5,28585.7,29250.677499999998,29701.299830063053,29701.299830063053,29655.781133947086,29655.781133947086,29369.095247000794,29369.095247000794,29291.897464584283,29291.897464584283,28433.381777398165,28924.65220484506,28433.381777398165,28924.65220484506,,,,24798,1,-1,-1,0,1,190359.38216
2023-08-07,29545.49046273835,30244,28701.03,29334.324999999997,29678.540482005068,29678.540482005068,29544.340724280886,29544.340724280886,29354.417648990537,29388.441916919674,29354.417648990537,29388.441916919674,28679.01699112161,29060.14116401163,28679.01699112161,29060.14116401163,,,,24798,1,1,-1,0,1,178844.98681
2023-08-14,29439.907731369174,29695.32,25166,27588.79,29611.44060314298,29611.44060314298,28833.36454923416,28833.36454923416,28861.607181711053,28861.607181711053,28255.006331468434,28255.006331468434,28869.57907756662,29026.690524407644,28869.57907756662,29026.690524407644,,,,24798,1,-1,-1,0,1,307223.55373
2023-08-21,28514.348865684588,28514.348865684588,25300,26102.760000000002,29222.40257618857,29222.40257618857,27987.478255832582,27987.478255832582,26910.17577062428,26910.17577062428,26585.936257231824,26585.936257231824,28948.134800987133,28948.134800987133,28840.51790667553,28840.51790667553,,,26102.760000000002,,-1,-1,-1,-1,0,188618.43325
2023-08-28,27308.554432842295,28142.85,25333.75,26387.3975,28604.940416010577,28604.940416010577,27362.67299095596,27362.67299095596,26502.991264481832,26502.991264481832,26412.817212482423,26412.817212482423,28894.326353831333,28894.326353831333,28571.64802520366,28571.64802520366,,28142.85,,31806.2,-1,-1,-1,-1,-1,258183.08813
2023-09-04,26847.975966421145,26847.975966421145,25372.51,25907.7075,27983.806703483267,27983.806703483267,26796.081013638384,26796.081013638384,26090.121079225115,26090.121079225115,26016.324452632765,26016.324452632765,28732.9871895175,28732.9871895175,28239.277132339623,28239.277132339623,,,,31806.2,-1,-1,-1,-1,-1,156769.66561
2023-09-11,26377.841733210575,26888,24901,26039.5275,27389.943858560826,27389.943858560826,26402.242480453882,26402.242480453882,26001.243340398138,26127.24245758782,26001.243340398138,26127.24245758782,28486.132160928562,28486.132160928562,27889.70984242201,27889.70984242201,,,,31806.2,-1,1,-1,0,-1,221247.03537
2023-09-18,26208.684616605286,27483.57,26122.08,26595.3825,26896.093169507352,26896.093169507352,26447.454553965574,26447.454553965574,26562.718305833027,26619.961918312052,26562.718305833027,26619.961918312052,28187.921001675288,28187.921001675288,27612.15350150306,27612.15350150306,,,,31806.2,-1,1,-1,0,-1,191220.58923
2023-09-25,26402.033558302643,28065.51,25990.46,27074.2325,26671.773861736463,26671.773861736463,26646.080100182466,26646.080100182466,26571.415695055293,26681.093631424264,26571.415695055293,26681.093631424264,27900.037251589176,27900.037251589176,27417.818810236226,27417.818810236226,,,,31806.2,-1,1,-1,0,-1,189937.16919
2023-10-02,26738.133029151322,28580,26738.133029151322,27912.5325,26658.926980959463,27044.202733936876,26658.926980959463,27044.202733936876,27236.307216697292,27429.078388864968,27236.307216697292,27429.078388864968,27658.928030912703,27658.928030912703,27333.740916919654,27333.740916919654,,,,31806.2,-1,1,1,0,-1,217523.39638
2023-10-09,27325.33276457566,27987.93,26538.66,27399.450000000004,26851.564857448167,27207.834340890495,26851.564857448167,27207.834340890495,27386.531844635836,27386.531844635836,27262.362265549695,27262.362265549695,27496.33447391618,27496.33447391618,27292.646991080743,27292.646991080743,,,,31806.2,-1,-1,1,0,-1,164897.39085
2023-10-16,27362.39138228783,30379.99,27112.66,28659.8125,27029.69959916933,27746.40635485488,27029.69959916933,27746.40635485488,27884.030027288278,28331.97475066046,27884.030027288278,28331.97475066046,27394.490732498463,27394.490732498463,27370.009068310694,27370.009068310694,,,,31806.2,-1,1,1,0,-1,294677.81127
2023-10-23,28011.101941143916,35280,28011.101941143916,32420.4875,27388.052977012103,29221.477241169625,27388.052977012103,29221.477241169625,31114.256154652954,32159.388606656936,31114.256154652954,32159.388606656936,27382.24990040458,27722.61481788567,27382.24990040458,27722.61481788567,,,32420.4875,,1,1,1,1,0,373306.40874
2023-10-30,30215.794720571957,35984.99,30215.794720571957,34886.9375,28304.765109090862,30987.3304481452,28304.765109090862,30987.3304481452,33774.73496051159,34199.93343285355,33774.73496051159,34199.93343285355,27552.432359145125,28340.787671456244,27552.432359145125,28340.787671456244,30215.794720571957,,,24899,1,1,1,1,1,249862.2126
2023-11-06,32551.366110285977,37972.24,32551.366110285977,36142.83,29646.04777861803,32880.03418536372,29646.04777861803,32880.03418536372,35139.046542025004,35649.872278399744,35139.046542025004,35649.872278399744,27946.610015300685,29203.816148339112,27946.610015300685,29203.816148339112,,,,24899,1,1,1,1,1,261060.64807
2023-11-13,34347.09805514299,37980,34347.09805514299,36800.9975,31263.04098199088,34418.67425270257,31263.04098199088,34418.67425270257,36270.963270658605,36413.73994793338,36270.963270658605,36413.73994793338,28575.213081819897,30199.005637927326,28575.213081819897,30199.005637927326,,,,24899,1,1,1,1,1,255993.59565
2023-11-20,35574.0477775715,38414,35574.0477775715,37213.3225,32840.85761734673,35600.82548733274,32840.85761734673,35600.82548733274,36810.79392217826,37022.00736554481,36810.79392217826,37022.00736554481,29387.10935987361,31240.747299811464,29387.10935987361,31240.747299811464,,,,24899,1,1,1,1,1,229889.97507
2023-11-27,36393.685138785746,40250,36393.685138785746,38594.17,34220.841552339734,36757.535438762825,34220.841552339734,36757.535438762825,37498.935693405816,37854.3056473962,37498.935693405816,37854.3056473962,30313.928329842536,32319.527877097964,30313.928329842536,32319.527877097964,,,,24899,1,1,1,1,1,222103.26117
2023-12-04,37493.92756939287,44700,37493.92756939287,42108.50750000001,35489.18849555128,38526.749976003324,35489.18849555128,38526.749976003324,40529.063271361745,41626.42377749938,40529.063271361745,41626.42377749938,31316.72810347025,33545.58661606264,31316.72810347025,33545.58661606264,,,,24899,1,1,1,1,1,332080.41362
2023-12-11,39801.217534696436,43804.5,39801.217534696436,42297.6625,37007.9692357773,40011.95133185,37007.9692357773,40011.95133185,42230.387021775176,42255.73770435784,42230.387021775176,42255.73770435784,32431.157359766446,34818.24182991598,32431.157359766446,34818.24182991598,,,,24899,1,1,1,1,1,292562.41578
2023-12-18,41049.44001734821,44398.26,40542.93,42326.8325,38509.96028381365,41095.82450360499,38509.96028381365,41095.82450360499,42595.52997568025,42882.486441551686,42595.52997568025,42882.486441551686,33624.699594841215,36057.58082299608,33624.699594841215,36057.58082299608,,,,24899,1,1,1,1,1,245481.20612
2023-12-25,41688.1362586741,43802.32,41300,42594.350000000006,39802.89239370931,41771.977994272675,39802.89239370931,41771.977994272675,42942.53161910577,42942.53161910577,42801.19039093865,42801.19039093865,34841.14020891865,37194.92753013768,34841.14020891865,37194.92753013768,,,,24899,1,-1,1,0,1,228462.70228
2024-01-01,42141.243129337054,45879.63,40750,43210.557499999995,40787.43519399099,42390.83045459646,40787.43519399099,42390.83045459646,43170.74429070478,43372.19772490229,43170.74429070478,43372.19772490229,36018.03386952817,38241.2831158879,36018.03386952817,38241.2831158879,,,,24899,1,1,1,1,1,310487.48622
2024-01-08,42675.90031466853,48969.48,41500,44032.71,41589.13282429372,43305.67722755273,41589.13282429372,43305.67722755273,44635.14594315101,44635.14594315101,44631.097052095196,44631.097052095196,37129.65849270803,39267.64811926282,37129.65849270803,39267.64811926282,,,,24899,1,-1,1,0,1,470798.80434
2024-01-15,43354.30515733427,43578.01,40280,41792.6725,42447.40502592323,42938.69117422825,42447.40502592323,42938.69117422825,43309.81643072823,43309.81643072823,42778.30062896319,42778.30062896319,38198.65330598543,40011.827235955185,38198.65330598543,40011.827235955185,,,,24899,1,-1,1,0,1,238486.27274
2024-01-22,42573.488828667134,42842.68,38555,41252.265,42693.048100075735,42693.048100075735,42172.21151627599,42172.21151627599,41352.44704298774,41352.44704298774,41184.45358390705,41184.45358390705,39105.24027097031,40474.135821185984,39105.24027097031,40474.135821185984,,,,24899,1,-1,-1,0,1,274603.16207
2024-01-29,41912.87691433357,43882.36,41804.88,42575.2925,42432.62980817586,42432.62980817586,42252.220815306806,42252.220815306806,42063.086303116506,42368.32478053594,42063.086303116506,42368.32478053594,39789.68804607815,40873.854630506794,39789.68804607815,40873.854630506794,,,,24899,1,1,-1,0,1,203036.61925
2024-02-05,42244.08470716678,48592.66,42244.08470716678,45433.4075,42342.42531174133,43317.261143322045,42342.42531174133,43317.261143322045,43325.124897807975,44216.13287884778,43325.124897807975,44216.13287884778,40331.77133829247,41394.141594685534,40331.77133829247,41394.141594685534,,,,38553,1,1,1,1,1,262240.48357
2024-02-12,43838.74610358339,52816.62,43838.74610358339,50241.075,42829.84322753169,45376.28147242136,42829.84322753169,45376.28147242136,47737.52855996259,49062.352771331476,47737.52855996259,49062.352771331476,40862.956466489006,42196.022640822826,40862.956466489006,42196.022640822826,,,,38553,1,1,1,1,1,310862.3017
2024-02-19,47039.91055179169,52985,47039.91055179169,51843.1325,44103.06234997652,47538.70903275439,44103.06234997652,47538.70903275439,50785.756434859715,51074.768740632004,50785.756434859715,51074.768740632004,41529.48955365592,43239.652974360055,41529.48955365592,43239.652974360055,,,,38553,1,1,1,1,1,223366.16186
2024-02-26,49441.52152589585,64000,49441.52152589585,57436.065,45820.88569136545,51130.56453065519,45820.88569136545,51130.56453065519,54634.0512091316,56794.56760726729,54634.0512091316,56794.56760726729,42384.57126400799,44779.1359334408,42384.57126400799,44779.1359334408,,,,38553,1,1,1,1,1,417907.83383
2024-03-04,53438.793262947926,69990,53438.793262947926,65266.2125,48475.72511101032,55708.7196863414,48475.72511101032,55708.7196863414,62118.991913426944,64023.35693298366,62118.991913426944,64023.35693298366,43581.853598724396,46897.94476528143,43581.853598724396,46897.94476528143,,,,41802.88,1,1,1,1,1,481870.181782
2024-03-11,59352.50288147396,73777,59352.50288147396,68914.84,52092.222398675854,60502.06659448235,52092.222398675854,60502.06659448235,68008.87617212268,68546.28726993817,68008.87617212268,68546.28726993817,45239.89918200291,49526.834813514215,45239.89918200291,49526.834813514215,,,,42242.08470716678,1,1,1,1,1,477496.91752
2024-03-18,64133.67144073698,68956,60775,66333.615,56297.1444965791,63055.77403569885,56297.1444965791,63055.77403569885,67039.83709800645,67039.83709800645,66375.43159647819,66375.43159647819,47383.36699775856,52133.44899572685,47383.36699775856,52133.44899572685,,,,43836.74610358339,1,-1,1,0,1,409762.74414
2024-03-25,65233.643220368496,71769.54,65233.643220368496,69161.1525,59676.459266138976,65470.06184004975,59676.459266138976,65470.06184004975,67813.37226715304,68566.54877219046,67813.37226715304,68566.54877219046,49758.4079967427,54746.85079093341,49758.4079967427,54746.85079093341,,,,47037.91055179169,1,1,1,1,1,235409.95755
2024-04-01,67197.39786018425,71288.23,64493.07,69105.4225,62573.26055309436,66872.07970719821,62573.26055309436,66872.07970719821,68383.64812010403,68383.64812010403,68270.56573726762,68270.56573726762,52252.62939383805,57146.365344173144,52252.62939383805,57146.365344173144,,,,49439.52152589585,1,-1,1,0,1,274227.11488
2024-04-08,68151.41018009212,72797.99,60660.57,67120.195,64722.67013014629,67165.84239813684,64722.67013014629,67165.84239813684,68934.4593917857,68934.4593917857,68428.47974715116,68428.47974715116,54699.49736900559,59158.243331316124,54699.49736900559,59158.243331316124,,,,53436.793262947926,1,-1,1,0,1,348008.31904
2024-04-15,67635.80259004606,67635.80259004606,59600.01,64267.520000000004,65944.25626414157,66140.23442907944,65944.25626414157,66140.23442907944,65431.183609546926,65431.183609546926,64692.99643152084,64692.99643152084,56928.870350160854,60597.25665542346,56928.870350160854,60597.25665542346,,,,59350.50288147396,1,-1,1,0,1,312265.13225
2024-04-22,65951.66129502303,67232.35,62391.24,64420.84,66042.2453466105,66042.2453466105,65519.072830151425,65519.072830151425,64784.07763526429,64784.07763526429,64566.225657933384,64566.225657933384,58763.06350279215,61660.06431052531,58763.06350279215,61660.06431052531,,,,59598.01,1,-1,-1,0,1,183902.50753
2024-04-29,65186.250647511515,65186.250647511515,56552.82,62104.36,65780.65908838097,65780.65908838097,64000.431538539124,64000.431538539124,62669.40253850187,62669.40253850187,62248.48430914133,62248.48430914133,60211.56390665873,62209.13952852666,60211.56390665873,62209.13952852666,,,,59598.01,1,-1,-1,0,1,298372.0172
2024-05-06,63645.30532375576,65500,60187.12,62795.7775,64890.54531346005,64890.54531346005,63401.30213609323,63401.30213609323,62413.33470434416,62413.33470434416,62193.82513826712,62193.82513826712,61210.3517175927,62538.52229047505,61210.3517175927,62538.52229047505,,,,59598.01,1,-1,-1,0,1,179712.75232
2024-05-13,63220.54141187788,67700,60749.21,64051.80499999999,64145.92372477664,64145.92372477664,63569.88196554424,63569.88196554424,62925.744680710355,63827.4388063059,62925.744680710355,63827.4388063059,61874.43700403387,62815.95574049491,61874.43700403387,62815.95574049491,,,,59598.01,1,1,-1,0,1,195247.04901
2024-05-20,63636.17320593893,71979,63636.17320593893,68205.245,63857.90284516044,65052.73122989445,63857.90284516044,65052.73122989445,66854.58279817697,67611.59893073382,66854.58279817697,67611.59893073382,62345.196372264385,63305.26398272414,62345.196372264385,63305.26398272414,,,,59598.01,1,1,1,1,1,220708.83749
2024-05-27,65920.70910296947,70687.56,65920.70910296947,68407.715,64455.31703752744,66409.2442910846,64455.31703752744,66409.2442910846,68215.62956677274,68215.62956677274,68175.79096185292,68175.79096185292,62825.23017749426,63927.28865743205,62825.23017749426,63927.28865743205,,,,59598.01,1,-1,1,0,1,158352.25614
2024-06-03,67164.21205148473,71997.02,67164.21205148473,69255.815,65432.28066430602,67664.88817995362,65432.28066430602,67664.88817995362,69040.49125251375,69368.71277296735,69040.49125251375,69368.71277296735,63376.25941746315,64659.16916059,63376.25941746315,64659.16916059,,,,59598.01,1,1,1,1,1,165061.19141
2024-06-10,68210.01352574237,70195.94,65078,67899.73999999999,66548.58442212982,67884.86425715328,66548.58442212982,67884.86425715328,68732.50373835351,68732.50373835351,68137.57535899652,68137.57535899652,64017.714289026575,65283.98043724998,64017.714289026575,65283.98043724998,,,,60185.12,1,-1,1,0,1,174066.07718
2024-06-17,68054.87676287118,68054.87676287118,63178.32,65091,67216.72433964154,67216.72433964154,67113.70787652316,67113.70787652316,66501.3772493877,66501.3772493877,65818.96994462248,65818.96994462248,64650.84736313827,65647.6290725078,64650.84736313827,65647.6290725078,,,,60747.21,1,-1,-1,0,1,155589.33133
2024-06-24,66572.93838143558,66572.93838143558,58402,61938.455,67165.21610808234,67165.21610808234,65364.8571960952,65364.8571960952,63319.94310977984,63319.94310977984,62570.89608068891,62570.89608068891,65149.23821782304,65615.01655724678,65149.23821782304,65615.01655724678,,,,60747.21,1,-1,-1,0,1,177837.60164
2024-07-01,64255.69669071779,64255.69669071779,53485.93,58994.3775,66265.03665208878,66265.03665208878,62896.34846460929,62896.34846460929,61304.92451439195,61304.92451439195,60227.44281749853,60227.44281749853,65382.127387534914,65382.127387534914,65122.72259795717,65122.72259795717,,,58994.3775,,-1,-1,-1,-1,0,251967.61048
2024-07-08,61625.0370953589,61625.0370953589,54260.16,58084.1425,64580.69255834903,64580.69255834903,60845.29003136426,60845.29003136426,58463.70630558311,58463.70630558311,58362.124444999674,58362.124444999674,65252.42499274604,65252.42499274604,64339.72955693066,64339.72955693066,,61625.0370953589,,71999.02,-1,-1,-1,-1,-1,190723.74928
2024-07-15,59854.58979767945,68366.66,59854.58979767945,64490.5525,62712.99129485665,62712.99129485665,61637.97597988169,61637.97597988169,61320.51145534606,62796.75422025467,61320.51145534606,62796.75422025467,64796.077274838346,64796.077274838346,63867.83222373243,63867.83222373243,,,,71999.02,-1,1,-1,0,-1,205198.52303
2024-07-22,62172.57114883972,69399.99,62172.57114883972,67317.98000000001,62175.48363736917,63338.40868284504,62175.48363736917,63338.40868284504,65235.118001473966,65917.51136238224,65235.118001473966,65917.51136238224,64331.95474928539,64331.95474928539,63771.87532163436,63771.87532163436,,,,71999.02,-1,1,1,0,-1,177889.46168
2024-07-29,64745.275574419866,70079.99,57122.77,63403.409999999996,62756.9461601071,63749.32463240093,62756.9461601071,63749.32463240093,65950.53063452053,65950.53063452053,64982.11486913251,64982.11486913251,64051.915035459875,64051.915035459875,63732.960862608204,63732.960862608204,,,,71999.02,-1,-1,1,0,-1,216238.9234
2024-08-05,64074.34278720993,64074.34278720993,49000,57154.6825,63253.135396254016,63253.135396254016,61495.65635399782,61495.65635399782,60484.24874139002,60484.24874139002,59882.540113376046,59882.540113376046,63892.43794903404,63892.43794903404,63256.390217817934,63256.390217817934,,,,71999.02,-1,-1,-1,-1,-1,370726.80645
2024-08-12,60614.51264360496,61800,56078.54,58754.62,62374.39587512592,62374.39587512592,60274.69845946566,60274.69845946566,59486.964233132996,59486.964233132996,59306.12192732832,59306.12192732832,63574.41408342599,63574.41408342599,62683.37084518988,62683.37084518988,,,,71999.02,-1,-1,-1,-1,-1,179945.24534
2024-08-19,59684.566321802486,65000,57787.3,61358.662500000006,61324.547167295794,61324.547167295794,60442.56258051096,60442.56258051096,59826.5148056077,60622.96805550468,59826.5148056077,60622.96805550468,63128.89246430794,63128.89246430794,62262.562814431076,62262.562814431076,,,,71999.02,-1,1,-1,0,-1,169792.31289
2024-08-26,60521.614410901246,64481,57201,60800.962499999994,60883.55487390338,60883.55487390338,60598.36154827793,60598.36154827793,60988.381648165385,60988.381648165385,60472.080048757154,60472.080048757154,62695.72763936951,62695.72763936951,61931.83741459201,61931.83741459201,,,,71999.02,-1,-1,-1,-1,-1,176518.33308
2024-09-02,60661.288455450616,60661.288455450616,52550,56132.8425,60740.95821109065,60740.95821109065,59239.22512445087,59239.22512445087,58576.35776731196,58576.35776731196,57541.75321598625,57541.75321598625,62313.78252698076,62313.78252698076,61383.678222501185,61383.678222501185,,,,71999.02,-1,-1,-1,-1,-1,196506.89846
2024-09-09,58397.06547772531,60625,54591.96,57304.7275,59990.09166777076,59990.09166777076,58417.30468623918,58417.30468623918,57077.014980293214,57565.43120750985,57077.014980293214,57565.43120750985,61848.73037474097,61848.73037474097,60803.0714903637,60803.0714903637,,,,71999.02,-1,1,-1,0,-1,175833.33846
2024-09-16,57850.89648886265,64133.32,57493.3,61084.345,59203.69817700497,59203.69817700497,59091.82938687187,59091.82938687187,59386.272667462705,60424.69210612543,59386.272667462705,60424.69210612543,61325.90093255234,61325.90093255234,60473.22336041972,60473.22336041972,,,,71999.02,-1,1,-1,0,-1,178097.29669
2024-09-23,59467.620744431326,66498,59467.620744431326,64554.380000000005,59147.76378193842,60680.1436804283,59147.76378193842,60680.1436804283,62694.52833629025,63555.300669244854,62694.52833629025,63555.300669244854,60899.56214648603,60899.56214648603,60499.1770786055,60499.1770786055,,,,71999.02,-1,1,1,0,-1,132963.29721
2024-09-30,62011.00037221567,65618.8,59828.11,63467.2075,59913.953731183356,61768.2389519904,59913.953731183356,61768.2389519904,63142.112341981,63142.112341981,62715.33991759285,62715.33991759285,60699.369612545765,60709.697915043165,60699.369612545765,60709.697915043165,,,63467.2075,,1,-1,1,0,0,169447.68762
2024-10-07,62739.10393610783,64478.19,58946,62278.53,60841.09634158688,62041.23488529133,60841.09634158688,62041.23488529133,62178.40161672012,62178.40161672012,62086.946581721866,62086.946581721866,60704.53376379446,60932.45280040152,60704.53376379446,60932.45280040152,,,,,1,-1,1,0,0,136109.36376
2024-10-14,62508.816968053914,69400,62457.81,65939.955,61441.1656134391,63420.63914753461,61441.1656134391,63420.63914753461,64360.78293396808,65541.32886874412,64360.78293396808,65541.32886874412,60818.493282097996,61404.77776393427,60818.493282097996,61404.77776393427,,,,,1,1,1,1,0,185982.16665
2024-10-21,64224.38598402696,69519.52,64224.38598402696,67958.30500000001,62430.90238048685,64934.35521866336,62430.90238048685,64934.35521866336,66892.75277266391,67093.35891949765,66892.75277266391,67093.35891949765,61111.635523016135,62076.4735449677,61111.635523016135,62076.4735449677,64224.38598402696,,,52548,1,1,1,1,1,159069.27886
2024-10-28,66091.34549201348,73620.12,66091.34549201348,69474.13249999999,63682.628799575104,66829.15951649695,63682.628799575104,66829.15951649695,68917.47837529071,69368.14843649633,68917.47837529071,69368.14843649633,61594.05453399192,62989.2882273201,61594.05453399192,62989.2882273201,,,,52548,1,1,1,1,1,209232.69647
2024-11-04,67782.73899600674,81500,66835,74370.25,65255.894158036026,69614.28787514723,65255.894158036026,69614.28787514723,70729.77157273173,72279.22308001551,70729.77157273173,72279.22308001551,62291.671380656015,64271.50921434515,62291.671380656015,64271.50921434515,,,,52548,1,1,1,1,1,327445.15705
2024-11-11,71076.49449800336,93265.64,71076.49449800336,85926.91249999999,67435.09101659163,74689.12324782147,67435.09101659163,74689.12324782147,80719.6703294567,83873.42135116426,80719.6703294567,83873.42135116426,63281.59029750058,66297.86800025964,63281.59029750058,66297.86800025964,,,,67958.30500000001,1,1,1,1,1,417630.302334
2024-11-18,78501.70349900168,99588.01,78501.70349900168,94180.2325,71062.10713220655,81032.455678865,71062.10713220655,81032.455678865,89871.22228696884,92254.66590670035,89871.22228696884,92254.66590670035,64789.729148880106,69145.28382250784,64789.729148880106,69145.28382250784,,,,67958.30500000001,1,1,1,1,1,303784.771782
2024-11-25,86340.96799950083,98871.8,86340.96799950083,96187.0325,76047.28140553577,86582.93103604113,76047.28140553577,86582.93103604113,94487.76357762264,95146.28184406398,94487.76357762264,95146.28184406398,66967.50648569397,72499.84749975635,66967.50648569397,72499.84749975635,,,,67958.30500000001,1,1,1,1,1,237818.37314
2024-12-02,91264.00024975042,104088,90500,98220.69,81315.10622078845,91393.09119857024,81315.10622078845,91393.09119857024,96275.27020566483,97061.39005632256,96275.27020566483,97061.39005632256,69733.67699272516,76155.82833248843,69733.67699272516,76155.82833248843,,,,67958.30500000001,1,1,1,1,1,302152.735462
2024-12-09,94742.34512487521,105250,94150.05,101243.41,86354.09870967935,95240.15792002839,86354.09870967935,95240.15792002839,98352.03376315313,99225.01636952763,98352.03376315313,99225.01636952763,72944.75266260678,79878.8969832061,72944.75266260678,79878.8969832061,,,,67958.30500000001,1,1,1,1,1,230968.339905
2024-12-16,97992.87756243761,108353,92232.54,100058.95,90797.12831485386,97631.69154267086,90797.12831485386,97631.69154267086,101169.79971949378,101169.79971949378,100477.2456401346,100477.2456401346,76411.82482290643,83374.59078975464,76411.82482290643,83374.59078975464,,,,71074.49449800336,1,-1,1,0,1,281544.242246
2024-12-23,99025.91378121881,99963.7,92520,95352.045,94214.40992876237,97490.18334635728,94214.40992876237,97490.18334635728,98062.43451830711,98062.43451830711,97223.15739991366,97223.15739991366,79893.20780633052,86191.76557997064,79893.20780633052,86191.76557997064,,,,78499.70349900168,1,-1,1,0,1,140614.68725
2024-12-30,97188.9793906094,98976.91,91530.45,95652.29,95852.29663755983,96739.78199178692,95852.29663755983,96739.78199178692,95717.3468055059,95970.65443519506,95717.3468055059,95970.65443519506,83042.48669315057,88363.81530586537,83042.48669315057,88363.81530586537,,,,86338.96799950083,1,1,1,1,1,111914.7951
2025-01-06,96420.6346953047,102724.38,91203.67,96709.18,96296.03931467338,96667.37481107432,96296.03931467338,96667.37481107432,96567.74756703975,96567.74756703975,96047.77324548445,96047.77324548445,85703.15099950795,90124.16303287943,85703.15099950795,90124.16303287943,,,,90498,1,-1,1,0,1,172710.45967
2025-01-13,96564.90734765235,106422.43,89256.69,97888.94,96481.70706287384,97044.1593580346,96481.70706287384,97044.1593580346,96654.19309618868,98118.23693477023,96654.19309618868,98118.23693477023,87913.65701619368,91604.24342140008,87913.65701619368,91604.24342140008,,,,90498,1,1,1,1,1,235685.9926
2025-01-20,97226.92367382618,109588,97226.92367382618,103272.3925,96762.93321045423,99212.42457608729,96762.93321045423,99212.42457608729,101858.73045137046,102849.5881692865,101858.73045137046,102849.5881692865,89758.95021879688,93203.77573964422,89758.95021879688,93203.77573964422,,,,90498,1,1,1,1,1,254162.140922
2025-01-27,100249.65808691308,106457.44,96150,100732.01000000001,97987.67889327076,100202.16624282247,97987.67889327076,100202.16624282247,103044.70908224782,103044.70908224782,102797.9659147771,102797.9659147771,91481.36297922055,94634.0909354545,91481.36297922055,94634.0909354545,,,,90498,1,-1,1,0,1,184203.26328
2025-02-03,100490.83404345655,102500.01,91231,96973.5875,99094.92256804662,99244.00049158934,99094.92256804662,99244.00049158934,100035.40308778704,100035.40308778704,98958.41666415732,98958.41666415732,93057.72695733752,95582.88397798015,93057.72695733752,95582.88397798015,,,,90498,1,-1,1,0,1,221243.61368
2025-02-10,98732.21077172828,98826,94088.23,96373.775,99169.46152981799,99169.46152981799,98142.45027538242,98142.45027538242,97493.48306867645,97493.48306867645,97280.25353286836,97280.25353286836,94320.30546765884,96152.06917248786,94320.30546765884,96152.06917248786,,,,90498,1,-1,-1,0,1,122007.40976
2025-02-17,97552.99288586414,99475,93388.09,96309.80249999999,98655.95590260021,98655.95590260021,97370.73183850771,97370.73183850771,96753.11043387487,96753.11043387487,96662.97046702194,96662.97046702194,95236.18732007334,96464.74690094506,95236.18732007334,96464.74690094506,,,,90498,1,-1,-1,0,1,127758.44873
2025-02-24,96931.39769293206,96931.39769293206,78258.52,91321.63,98013.34387055396,98013.34387055396,94391.65401572533,94391.65401572533,92291.66831813195,92291.66831813195,90238.41563108483,90238.41563108483,95850.4671105092,96112.52890271584,95850.4671105092,96112.52890271584,,,,90498,1,-1,-1,0,1,373604.39736
2025-03-03,94126.51384646603,94416.46,80000,87355.205,96202.49894313965,96202.49894313965,91653.04123359003,91653.04123359003,88774.17671578776,88774.17671578776,88157.1302669052,88157.1302669052,95981.49800661251,95981.49800661251,95313.67301988894,95313.67301988894,,,87355.205,,-1,-1,-1,-1,0,284471.65101
2025-03-10,90740.85942323302,90740.85942323302,76606,81306.18,93927.77008836485,93927.77008836485,88324.4991369201,88324.4991369201,84644.62392374525,84644.62392374525,83955.45816164004,83955.45816164004,95647.58551325073,95647.58551325073,94010.63375827884,94010.63375827884,,90740.85942323302,,109590,-1,-1,-1,-1,-1,211663.09876
2025-03-17,86023.5197116165,87453.67,81134.66,84311.3375,91126.13461264248,91126.13461264248,86357.46008883856,86357.46008883856,83899.43958833204,84067.69361394823,83899.43958833204,84067.69361394823,94829.10963576478,94829.10963576478,92577.67437349414,92577.67437349414,,,,109590,-1,1,-1,0,-1,110906.22972
2025-03-24,85167.42860580825,88765.43,81565,84700.73,88741.79735074053,88741.79735074053,85557.65000021328,85557.65000021328,85418.15769312218,85418.15769312218,85354.65620536472,85354.65620536472,93703.39200462945,93703.39200462945,91239.80201863532,91239.80201863532,,,,109590,-1,-1,-1,-1,-1,137009.3862
2025-03-31,84934.07930290412,88500,77153.83,81618.4575,87149.72367547691,87149.72367547691,84354.97852392725,84354.97852392725,84268.32322417271,84268.32322417271,83758.82600961618,83758.82600961618,92471.59701163239,92471.59701163239,89887.62066922039,89887.62066922039,,,,109590,-1,-1,-1,-1,-1,178247.49297
2025-04-07,83276.26840145206,86100,74508,80699.5,85752.35109970208,85752.35109970208,82795.10994942246,82795.10994942246,81508.74785400758,81600.38455174313,81508.74785400758,81600.38455174313,91179.60884042639,91179.60884042639,88479.56461115053,88479.56461115053,,,,109590,-1,1,-1,0,-1,300064.17057
2025-04-14,81987.88420072602,86496.42,81987.88420072602,84636.825,84273.73052456227,84273.73052456227,83058.29939711772,83058.29939711772,83323.58094670971,83838.8225359638,83323.58094670971,83838.8225359638,89829.58672578845,89829.58672578845,87404.48856087016,87404.48856087016,,,,109590,-1,1,-1,0,-1,108454.4036
2025-04-21,83312.354600363,95758.04,83312.354600363,89957.83499999999,83666.01496084001,85321.6967371122,83666.01496084001,85321.6967371122,87679.1370881123,89688.31173650466,87679.1370881123,89688.31173650466,88617.0376433293,88617.0376433293,86963.28929201144,86963.28929201144,,,,109590,-1,1,1,0,-1,170625.92469
2025-04-28,86635.0948001815,97895.68,86635.0948001815,94680.65,84493.8558489761,88302.04451399094,84493.8558489761,88302.04451399094,93072.04952507548,94082.57321876175,93072.04952507548,94082.57321876175,87790.16346767037,87790.16346767037,87157.2487983733,87157.2487983733,,,,109590,-1,1,1,0,-1,113820.08215
2025-05-05,90657.87240009074,104984.57,90657.87240009074,99189.295,86397.95018148352,92220.020016335,86397.95018148352,92220.020016335,96210.7852656765,97968.41276083689,96210.7852656765,97968.41276083689,87473.70613302183,88066.88800371303,87473.70613302183,88066.88800371303,,,99189.295,,1,1,1,1,0,145910.00118
2025-05-12,94923.58370004536,106660,94923.58370004536,104487.6575,89308.98509890925,96223.65560934553,89308.98509890925,96223.65560934553,101428.57118733224,102328.33795122051,101428.57118733224,102328.33795122051,87770.29706836742,89574.21458587686,87770.29706836742,89574.21458587686,94923.58370004536,,,74506,1,1,1,1,1,135512.85987
2025-05-19,99705.62060002268,111980,99705.62060002268,107359.615,92766.32035412738,100430.30775997594,92766.32035412738,100430.30775997594,105223.96003044957,106381.10938355453,105223.96003044957,106381.10938355453,88672.25582712214,91621.05583214306,88672.25582712214,91621.05583214306,,,,74506,1,1,1,1,1,197357.632795
2025-05-26,103532.61780001134,110718,103068.55,107108.42,96598.31405705167,103420.64208339129,96598.31405705167,103420.64208339129,107409.71558210044,107409.71558210044,106971.87588034188,106971.87588034188,90146.6558296326,93863.87873532149,90146.6558296326,93863.87873532149,,,,74506,1,-1,1,0,1,116099.819
2025-06-02,105320.51890000567,106794.67,100372.26,104635.965,100009.47807022148,104135.2176267086,100009.47807022148,104135.2176267086,105510.81099040626,105510.81099040626,105095.06838774892,105095.06838774892,92005.26728247704,95836.4827336652,92005.26728247704,95836.4827336652,,,,74506,1,-1,1,0,1,95301.97979
2025-06-09,104978.24195000283,110530.17,102664.31,106130.625,102072.34784846504,105077.11229187368,102072.34784846504,105077.11229187368,106372.94620338305,106394.26981749051,106372.94620338305,106394.26981749051,93920.87500807112,97667.19606656652,93920.87500807112,97667.19606656652,,,,74506,1,1,1,1,1,110085.74896
2025-06-16,105554.43347500142,108952.38,98200,103427.5675,103574.73007016936,104717.98189994833,103574.73007016936,104717.98189994833,105661.89949293839,105661.89949293839,104914.57459246615,104914.57459246615,95794.03553731882,99087.43110433682,95794.03553731882,99087.43110433682,,,,74506,1,-1,1,0,1,110755.93156
2025-06-23,104491.00048750071,108528.5,99613.33,104365.6575,104146.35598505885,104469.91856614633,104146.35598505885,104469.91856614633,104933.74806441217,105561.95983863877,104933.74806441217,105561.95983863877,97440.73332082781,100209.06886796637,97440.73332082781,100209.06886796637,,,,74506,1,1,1,1,1,91938.97808
2025-06-30,104428.32899375036,110529.18,104428.32899375036,108297.535,104308.1372756026,105531.65583160336,104308.1372756026,105531.65583160336,106943.1380818447,107451.5227041383,106943.1380818447,107451.5227041383,98824.90109439708,101329.10199134094,98824.90109439708,101329.10199134094,,,,74506,1,1,1,1,1,72977.1763
2025-07-07,106362.93199687518,119488,106362.93199687518,113802.01500000001,104919.89655360297,108303.98837969158,104919.89655360297,108303.98837969158,109538.05379956299,111372.19962839056,109538.05379956299,111372.19962839056,100077.00154286901,102756.21680510211,100077.00154286901,102756.21680510211,,,,74506,1,1,1,1,1,104658.05244
2025-07-14,110082.4734984376,123218,110082.4734984376,118826.6725,106611.94246664728,111833.54377149126,106611.94246664728,111833.54377149126,115938.08291302128,116930.63863483947,115938.08291302128,116930.63863483947,101416.60917398556,104559.6426576677,101416.60917398556,104559.6426576677,,,,74506,1,1,1,1,1,131579.689337
2025-07-21,114454.5729992188,120247.8,114454.5729992188,117912.905,109222.74311906927,114418.56947196595,109222.74311906927,114418.56947196595,117738.94301036731,117875.9108115809,117738.94301036731,117875.9108115809,102988.12591582663,106486.38095259313,102988.12591582663,106486.38095259313,,,,74506,1,1,1,1,1,123158.43225
2025-07-28,116183.7389996094,119800,111920,116336.09,111820.6562955176,115435.3002288793,111820.6562955176,115435.3002288793,117566.05432121025,117566.05432121025,116765.74024011602,116765.74024011602,104737.25343420988,108236.51004998581,104737.25343420988,108236.51004998581,,,,74506,1,-1,1,0,1,105088.6224
2025-08-04,116259.9144998047,119311.11,112650,116365.9825,113627.97826219846,115864.47098901274,113627.97826219846,115864.47098901274,115582.08841756928,115802.85649315329,115582.08841756928,115802.85649315329,106486.88174209784,109756.36955765486,106486.88174209784,109756.36955765486,,,,74506,1,1,1,1,1,78822.4007
2025-08-11,116312.94849990236,124474,116312.94849990236,119494.3175,114746.2246256056,117371.74891166687,114746.2246256056,117371.74891166687,118018.13547476937,118378.58603910594,118018.13547476937,118378.58603910594,108121.62564987635,111300.49813388233,108121.62564987635,111300.49813388233,,,,74506,1,1,1,1,1,120321.123656
2025-08-18,117903.63299995118,117903.63299995118,110680,114780.5875,116058.98676863623,116625.98622009897,116058.98676863623,116625.98622009897,116541.43819727558,116541.43819727558,115805.6381162134,115805.6381162134,109711.06189187933,112378.11060199676,109711.06189187933,112378.11060199676,,,,74506,1,-1,1,0,1,117920.88503
2025-08-25,116342.11024997558,116342.11024997558,107350.1,110689.32999999999,116342.4864943676,116342.4864943676,114789.75765654202,114789.75765654202,113240.39559889933,113240.39559889933,112116.50878554945,112116.50878554945,111044.58624693804,112907.91215582714,111044.58624693804,112907.91215582714,,,,74506,1,-1,-1,0,1,110910.33675
2025-09-01,113515.72012498778,113515.72012498778,107255,110005.82999999999,115566.1220754548,115566.1220754548,112933.86999656985,112933.86999656985,110832.39184996572,110832.39184996572,110772.28984586889,110772.28984586889,111976.24920138258,112992.0555837628,111976.24920138258,112992.0555837628,,,,74506,1,-1,-1,0,1,90809.75324
2025-09-08,111760.77506249389,116665.63,110621.78,113423.1925,114249.99603601232,114249.99603601232,112809.42665393012,112809.42665393012,111966.9092461726,112901.63524969418,111966.9092461726,112901.63524969418,112484.1523925727,113042.50374407596,112484.1523925727,113042.50374407596,,,,74506,1,1,-1,0,1,88456.94711
2025-09-15,112591.98378124695,117900,112591.98378124695,115696.075,113529.71134497122,113633.63694327831,113529.71134497122,113633.63694327831,114889.54080273489,115364.032600703,114889.54080273489,115364.032600703,112763.32806832432,113212.9357208041,112763.32806832432,113212.9357208041,,,,74506,1,1,1,1,1,70729.4403
2025-09-22,114144.02939062347,115379.25,108620.07,112848.89,113581.67414412476,113581.67414412476,113331.62604404036,113331.62604404036,113789.85468032604,113789.85468032604,112764.62877343007,112764.62877343007,112988.13189456421,113251.14834344183,112988.13189456421,113251.14834344183,,,,74506,1,-1,-1,0,1,93970.57704
2025-09-29,113496.45969531173,125708.42,111560.65,118228.835,113456.65009408256,115038.94266847507,113456.65009408256,115038.94266847507,114200.97417294543,116138.7068114582,114200.97417294543,116138.7068114582,113119.64011900302,113624.30915226265,113119.64011900302,113624.30915226265,,,,74506,1,1,1,1,1,124480.098903
2025-10-06,115862.64734765587,126199.63,102000,116660.1875,114247.79638127881,115291.61053494066,114247.79638127881,115291.61053494066,119415.32035954339,119415.32035954339,118562.23599954571,118562.23599954571,113371.97463563283,113936.78926834803,113371.97463563283,113936.78926834803,,,,74506,1,-1,1,0,1,211576.359223
2025-10-13,116261.41742382794,116261.41742382794,103528.23,110773.4075,114769.70345810974,114769.70345810974,113726.13254320275,113726.13254320275,114364.05048770242,114364.05048770242,112373.9493657524,112373.9493657524,113654.38195199042,113884.33143972707,113654.38195199042,113884.33143972707,,,,74506,1,-1,-1,0,1,171795.75097
2025-10-20,113517.41246191398,115466.8,106666.69,111333.91500000001,114247.91800065624,114247.91800065624,112672.2224651322,112672.2224651322,110268.58291339135,110286.83573436824,110268.58291339135,110286.83573436824,113769.35669585875,113769.35669585875,113669.79537977076,113669.79537977076,,,111333.91500000001,,-1,1,-1,0,0,137473.79272
2025-10-27,112425.66373095699,116400,106304.34,111951.1075,113460.07023289423,113460.07023289423,112154.25705317194,112154.25705317194,111227.92885616775,111227.92885616775,110983.25866764312,110983.25866764312,113719.57603781475,113719.57603781475,113400.83254538834,113400.83254538834,,,,,-1,-1,-1,-1,0,125045.90669
2025-11-03,112188.3856154785,112188.3856154785,98944.36,106239.5025,112807.16364303308,112807.16364303308,109979.32817609515,109979.32817609515,107251.56663997816,107251.56663997816,105674.8924176633,105674.8924176633,113560.20429160155,113560.20429160155,112741.0344126633,112741.0344126633,,112188.3856154785,,126201.63,-1,-1,-1,-1,-1,199598.71888
2025-11-10,109213.94405773925,109213.94405773925,93005.55,99872.485,111393.24590956412,111393.24590956412,106558.62612431972,106558.62612431972,103501.87393078388,103501.87393078388,101761.4359506838,101761.4359506838,113150.61935213242,113150.61935213242,111551.8349610544,111551.8349610544,,,,126201.63,-1,-1,-1,-1,-1,189823.3545
2025-11-17,104543.21452886963,104543.21452886963,80600,89433.6125,108975.93601694192,108975.93601694192,100943.60779195138,100943.60779195138,95269.42878044474,95269.42878044474,92449.84641361998,92449.84641361998,112351.2271565934,112351.2271565934,109506.04636615961,109506.04636615961,,,,126201.63,-1,-1,-1,-1,-1,257258.09768
2025-11-24,96988.41351443483,96988.41351443483,85272,88888.5,104959.77190444665,104959.77190444665,96360.03862847314,96360.03862847314,89701.67671461997,89759.83164884933,89701.67671461997,89759.83164884933,110928.6367613765,110928.6367613765,106998.30372330274,106998.30372330274,,,,126201.63,-1,1,-1,0,-1,118687.98554
2025-12-01,92938.45675721741,94150,83822.76,89682.02,100659.9052664599,100659.9052664599,93089.98452623386,93089.98452623386,90138.47319536486,90269.58468498825,90138.47319536486,90269.58468498825,108963.47024233961,108963.47024233961,104330.2465313919,104330.2465313919,,,,126201.63,-1,1,-1,0,-1,149459.29022
2025-12-08,91310.23837860872,94588.99,87577.36,90183.45999999999,96874.94489634689,96874.94489634689,91759.9907675043,91759.9907675043,90939.4261305864,90939.4261305864,90932.18596241216,90932.18596241216,106646.85838686574,106646.85838686574,101892.68789190108,101892.68789190108,,,,126201.63,-1,-1,-1,-1,-1,107997.17703
2025-12-15,90746.84918930435,90746.84918930435,84450.01,87911.72,94317.4678319256,94317.4678319256,90147.26538415563,90147.26538415563,88999.06768651077,88999.06768651077,88469.59591978774,88469.59591978774,104269.77313938341,104269.77313938341,99561.48667816102,99561.48667816102,,,,126201.63,-1,-1,-1,-1,-1,116986.93155
2025-12-22,89329.28459465218,90588.23,86420,88404.9525,92232.36660804063,92232.36660804063,89318.4520702313,89318.4520702313,88104.25946870219,88104.25946870219,87969.43993498439,87969.43993498439,101915.62990877221,101915.62990877221,97506.84878690472,97506.84878690472,,,,126201.63,-1,-1,-1,-1,-1,72081.43375
2025-12-29,88867.1185473261,91810,86806.5,89524.735,90775.40933913596,90775.40933913596,89196.8667316176,89196.8667316176,88197.15090005407,88605.57055134648,88197.15090005407,88605.57055134648,99711.23934783848,99711.23934783848,95814.26129097861,95814.26129097861,,,,126201.63,-1,1,-1,0,-1,85720.05743
2026-01-05,89195.92677366306,94789.08,89195.92677366306,91660.8675,89986.13803537679,90078.28326297783,89986.13803537679,90078.28326297783,90525.19758483926,90804.38954142998,90525.19758483926,90804.38954142998,97762.75031940854,97762.75031940854,94615.15947917779,94615.15947917779,,,,126201.63,-1,1,1,0,-1,93800.8281
2026-01-12,90428.39713683153,97924.49,90128.44,93184.93250000001,90032.2106491773,91437.67694256455,90032.2106491773,91437.67694256455,92604.55018735673,93464.98109619047,92604.55018735673,93464.98109619047,96188.95489929317,96188.95489929317,93904.59244967342,93904.59244967342,,,,126201.63,-1,1,1,0,-1,106130.99963
2026-01-19,91806.66481841577,93673.14,86074.72,90022.84,90734.94379587093,91125.0159123139,90734.94379587093,91125.0159123139,92236.99351889349,92236.99351889349,91293.22114111677,91293.22114111677,95046.7736744833,95046.7736744833,93260.97216967632,93260.97216967632,,,,126201.63,-1,-1,1,0,-1,100317.13896
2026-01-26,90914.75240920788,90914.75240920788,75700,82484.6425,90929.97985409242,90929.97985409242,88369.6184277483,88369.6184277483,88788.56926239992,88788.56926239992,86955.57336748921,86955.57336748921,94153.87292207981,94153.87292207981,92226.62178656012,92226.62178656012,,,,97926.49,-1,-1,-1,-1,-1,175738.70675
2026-02-02,86699.69745460394,86699.69745460394,60000,71664.65,89649.79914092037,89649.79914092037,82684.0821737093,82684.0821737093,79065.12345351672,79065.12345351672,75811.13677752325,75811.13677752325,93190.24735431997,93190.24735431997,90325.20400250517,90325.20400250517,,,,97926.49,-1,-1,-1,-1,-1,384283.11539
2026-02-09,79182.17372730197,79182.17372730197,65118,68933.6225,86166.94065731483,86166.94065731483,77794.53828545683,77794.53828545683,71083.5883255798,71083.5883255798,70003.62439235985,70003.62439235985,91757.72567841258,91757.72567841258,87907.10134649249,87907.10134649249,,,,97926.49,-1,-1,-1,-1,-1,163165.87355
2026-02-16,74057.89811365098,74057.89811365098,65631.83,68058.6225,81980.73947138584,81980.73947138584,73987.7106962593,73987.7106962593,68592.19780496598,68592.19780496598,68189.62788184469,68189.62788184469,89832.41351245253,89832.41351245253,85227.0499590495,85227.0499590495,,,,97926.49,-1,-1,-1,-1,-1,113602.18123
2026-02-23,71058.26030682548,71058.26030682548,62510.28,66479.7425,77984.22508382256,77984.22508382256,70804.25211174999,70804.25211174999,67061.6884276442,67061.6884276442,66791.65107082998,66791.65107082998,87529.73173575102,87529.73173575102,82425.2113844084,82425.2113844084,,,,93675.14,-1,-1,-1,-1,-1,174645.67528
2026-03-02,68769.00140341274,74050,65259.21,67764.22249999999,74394.23859778627,74394.23859778627,69631.13731973925,69631.13731973925,67996.24702716108,68349.44784241803,67996.24702716108,68349.44784241803,84977.4715600797,84977.4715600797,79920.83312437097,79920.83312437097,,,,90916.75240920788,-1,1,-1,0,-1,185435.28412
2026-03-09,68266.61195170636,73913.74,65821.97,69630.5375,72012.68795876276,72012.68795876276,69401.71458426578,69401.71458426578,69049.46823064085,69669.99655590391,69049.46823064085,69669.99655590391,82449.15234222534,82449.15234222534,77817.668313114,77817.668313114,,,,86701.69745460394,-1,1,-1,0,-1,173796.90567
2026-03-16,68948.57472585319,76000,67360.66,71008.72750000001,70707.20127151426,70707.20127151426,70010.79026796763,70010.79026796763,71254.5324763122,71254.5324763122,71077.57120044064,71077.57120044064,80133.41032766967,80133.41032766967,76215.02004504736,76215.02004504736,,,,79184.17372730197,-1,-1,-1,-1,-1,145050.61744
2026-03-23,69978.6511129266,72026.09,65000,67724.005,70358.99576974094,70358.99576974094,69487.97479294073,69487.97479294073,70168.91043313326,70168.91043313326,69456.43992142906,69456.43992142906,78174.21518635852,78174.21518635852,74797.53231845486,74797.53231845486,,,,76002,-1,-1,-1,-1,-1,137696.42185
2026-03-30,68851.3280564633,69310,65712.12,67516.8075,69923.48528134084,69923.48528134084,68700.81267179333,68700.81267179333,68046.4981335971,68046.4981335971,67761.6875337044,67761.6875337044,76485.8737524067,76485.8737524067,73518.26307454823,73518.26307454823,,,,76002,-1,-1,-1,-1,-1,110218.58039
2026-04-06,68184.06777823165,73790,67732.01,70324.2925,69312.14897656708,69312.14897656708,69194.14127956121,69194.14127956121,69318.49599360245,70221.15631985673,69318.49599360245,70221.15631985673,75002.06841347746,75002.06841347746,72609.21116028154,72609.21116028154,,,,76002,-1,1,-1,0,-1,121909.25954
2026-04-13,69254.18013911582,78333,69254.18013911582,73360.83499999999,69253.14512806415,70740.69225375618,69253.14512806415,70740.69225375618,72672.80324199951,73654.2996077099,72672.80324199951,73654.2996077099,73805.6397868795,73805.6397868795,72179.77250333721,72179.77250333721,,,,76002,-1,1,1,0,-1,128729.92407
2026-04-20,71307.5075695579,79472.82,71307.5075695579,76414.12,69996.91869091017,72639.10748689907,69996.91869091017,72639.10748689907,75533.41971228983,76290.9180489279,75533.41971228983,76290.9180489279,72992.70614510836,72992.70614510836,72196.76479955802,72196.76479955802,,,76414.12,,-1,1,1,0,0,94938.10789
2026-04-27,73860.81378477895,79485.66,73860.81378477895,77912.32500000001,71318.01308890461,74468.17391524401,71318.01308890461,74468.17391524401,76894.32851564081,77147.61137767184,76894.32851564081,77147.61137767184,72594.73547233318,72594.73547233318,72567.6401682683,72567.6401682683,,,,,-1,1,1,0,0,88811.52864
2026-05-04,75886.56939238947,82850,75886.56939238947,80457.6625,72893.09350207432,76583.41525437156,72893.09350207432,76583.41525437156,78918.6694774833,79548.94985291845,78918.6694774833,79548.94985291845,72581.18782030074,73292.05402059323,72581.18782030074,73292.05402059323,,,,,1,1,1,1,0,113527.76932
2026-05-11,78172.11594619474,82380,76735.16,79695.725,74738.25437822295,78001.70206190889,74738.25437822295,78001.70206190889,80251.54701077969,80251.54701077969,80038.99633298139,80038.99633298139,72936.62092044698,74159.33125976313,72936.62092044698,74159.33125976313,76735.16,,,64998,1,-1,1,0,1,97802.77673
2026-05-18,78933.92047309737,78933.92047309737,74289.6,76753.0575,76369.97822006592,77815.25506258628,76369.97822006592,77815.25506258628,78350.64390353479,78350.64390353479,77753.1944378028,77753.1944378028,73547.97609010505,74836.7978248678,73547.97609010505,74836.7978248678,,,,64998,1,-1,1,0,1,87142.14908
2026-05-25,77843.48898654868,78080,72512.49,75332.96,77092.61664132611,77092.61664132611,76962.08525557305,76962.08525557305,76426.28079356777,76426.28079356777,75649.57021601572,75649.57021601572,74192.38695748642,75251.20994829613,74192.38695748642,75251.20994829613,,,,64998,1,-1,-1,0,1,95966.20092
2026-06-01,76588.22449327435,76588.22449327435,59130.91,67557.3275,77027.35094844957,77027.35094844957,73757.9936619334,73757.9936619334,71028.9778078785,71028.9778078785,68407.03811425211,68407.03811425211,74721.79845289128,74974.82108797079,74721.79845289128,74974.82108797079,,,,64998,1,-1,-1,0,1,231929.75118
2026-06-08,72072.77599663718,72072.77599663718,60755,63908.365000000005,75392.67230519149,75392.67230519149,70488.31041214465,70488.31041214465,64591.446000818614,64591.446000818614,64037.7809133777,64037.7809133777,74848.30977043103,74848.30977043103,74154.94256740544,74154.94256740544,,,63908.365000000005,,-1,-1,-1,-1,0,117630.09655
2026-06-15,67990.57049831859,67990.57049831859,62272.07,64655.66499999999,72940.49135866806,72940.49135866806,68008.97164528574,68008.97164528574,64436.50567438048,64436.50567438048,64314.006531751766,64314.006531751766,74501.62616891823,74501.62616891823,73023.2016072975,73023.2016072975,,67990.57049831859,,82852,-1,-1,-1,-1,-1,100650.3003
2026-06-22,66323.11774915928,66323.11774915928,58115.01,61656.7125,70474.7315019769,70474.7315019769,65553.71971754315,65553.71971754315,63016.964128663836,63016.964128663836,62148.41851861662,62148.41851861662,73762.41388810785,73762.41388810785,71613.39252744998,71613.39252744998,,,,82852,-1,-1,-1,-1,-1,142608.31815
2026-06-29,63989.91512457964,63999,57800.19,61256.55,68014.22560976002,68014.22560976002,63595.444642728085,63595.444642728085,60891.05296067195,61084.37828000674,60891.05296067195,61084.37828000674,72687.90320777892,72687.90320777892,70079.75017940513,70079.75017940513,,,,82852,-1,1,-1,0,-1,118679.44915
2026-07-06,62623.23256228982,64700,61306.84,63359.2125,65804.83512624406,65804.83512624406,63112.02591123502,63112.02591123502,62331.49537122086,62780.69238371692,62331.49537122086,62780.69238371692,71383.82669359203,71383.82669359203,68734.50118019908,68734.50118019908,,,,82852,-1,1,-1,0,-1,114288.20985
2026-07-13,62991.222531144915,65600,61824.97,63981.8775,64458.43051873954,64458.43051873954,63274.975650647444,63274.975650647444,63525.125610901836,63786.89009923847,63525.125610901836,63786.89009923847,70059.16393689555,70059.16393689555,67650.27532079956,67650.27532079956,,,,82852,-1,1,-1,0,-1,114002.78535
2026-07-20,63486.55001557246,65991.05,63100,64923,,,,,,,,,,,,,,,,,,,,,,25899.5693