time,open,high,low,close,Volume
2006-01-03,1.18593,1.20343,1.18093,1.20283,
2006-01-04,1.20283,1.21433,1.20233,1.21093,
2006-01-05,1.21093,1.21193,1.20633,1.21033,
2006-01-06,1.21033,1.21783,1.20793,1.21493,
2006-01-09,1.21393,1.21513,1.20503,1.20733,
2006-01-10,1.20733,1.21073,1.20353,1.20603,
2006-01-11,1.20603,1.21433,1.20423,1.21363,
2006-01-12,1.21363,1.21613,1.20053,1.20393,
2006-01-13,1.20393,1.21413,1.20273,1.21323,
2006-01-16,1.21633,1.21703,1.21053,1.21153,
2006-01-17,1.21153,1.21393,1.20483,1.21053,
2006-01-18,1.21053,1.21573,1.20683,1.21043,
2006-01-19,1.21043,1.21233,1.20503,1.20883,
2006-01-20,1.20883,1.21383,1.20383,1.21373,
2006-01-23,1.21653,1.23213,1.21653,1.23023,
2006-01-24,1.23023,1.23083,1.22553,1.22633,
2006-01-25,1.22633,1.23223,1.22343,1.22423,
2006-01-26,1.22423,1.22673,1.21963,1.22133,
2006-01-27,1.22133,1.22323,1.20833,1.21013,
2006-01-30,1.21053,1.21133,1.20623,1.20823,
2006-01-31,1.20823,1.21883,1.20783,1.21463,
2006-02-01,1.21463,1.21603,1.20463,1.20623,
2006-02-02,1.20623,1.21073,1.20293,1.20803,
2006-02-03,1.20803,1.21103,1.19663,1.20223,
2006-02-06,1.20243,1.20443,1.19443,1.19573,
2006-02-07,1.19573,1.20133,1.19413,1.19893,
2006-02-08,1.19893,1.19913,1.19213,1.19623,
2006-02-09,1.19623,1.19933,1.19453,1.19903,
2006-02-10,1.19903,1.20223,1.18903,1.18983,
2006-02-13,1.18963,1.19163,1.18753,1.19083,
2006-02-14,1.19083,1.19253,1.18573,1.19103,
2006-02-15,1.19103,1.19513,1.18673,1.18833,
2006-02-16,1.18833,1.19133,1.18483,1.19043,
2006-02-17,1.19043,1.19413,1.18583,1.19333,
2006-02-20,1.19473,1.19743,1.19243,1.19313,
2006-02-21,1.19313,1.19333,1.18883,1.19143,
2006-02-22,1.19143,1.19273,1.18613,1.19153,
2006-02-23,1.19153,1.19673,1.18903,1.19183,
2006-02-24,1.19183,1.19333,1.18613,1.18723,
2006-02-27,1.18373,1.18763,1.18233,1.18463,
2006-02-28,1.18463,1.19393,1.18323,1.19303,
2006-03-01,1.19303,1.19733,1.18873,1.19173,
2006-03-02,1.19173,1.20433,1.19123,1.20353,
2006-03-03,1.20353,1.20493,1.19933,1.20383,
2006-03-06,1.20793,1.20903,1.19883,1.20133,
2006-03-07,1.20133,1.20213,1.18673,1.18863,
2006-03-08,1.18863,1.19403,1.18703,1.19203,
2006-03-09,1.19203,1.19503,1.18963,1.18973,
2006-03-10,1.18973,1.19243,1.18573,1.19153,
2006-03-13,1.19793,1.20303,1.19393,1.20173,
2006-03-14,1.20173,1.20723,1.20043,1.20583,
2006-03-15,1.20583,1.21863,1.20353,1.21773,
2006-03-16,1.21773,1.22043,1.21403,1.21863,
2006-03-17,1.21863,1.21863,1.21863,1.21863,
2006-03-20,1.21423,1.21623,1.20753,1.20933,
2006-03-21,1.20933,1.21043,1.20523,1.20563,
2006-03-22,1.20563,1.20753,1.19543,1.19683,
2006-03-23,1.19683,1.20433,1.19503,1.20333,
2006-03-24,1.20333,1.20333,1.20333,1.20333,
2006-03-27,1.20063,1.21043,1.19913,1.19973,
2006-03-28,1.19973,1.20463,1.19773,1.20333,
2006-03-29,1.20333,1.21713,1.20323,1.21633,
2006-03-30,1.21633,1.21753,1.20803,1.21143,
2006-03-31,1.21143,1.21143,1.21143,1.21143,
2006-04-03,1.21033,1.21533,1.20313,1.21463,
2006-04-04,1.21463,1.22743,1.21193,1.22533,
2006-04-05,1.22533,1.23023,1.22423,1.22823,
2006-04-06,1.22823,1.23313,1.21903,1.22003,
2006-04-07,1.22003,1.22223,1.20883,1.20913,
2006-04-10,1.21003,1.21263,1.20733,1.21033,
2006-04-11,1.21033,1.21613,1.20883,1.21573,
2006-04-12,1.21573,1.21663,1.20643,1.21023,
2006-04-13,1.21023,1.21313,1.20673,1.21063,
2006-04-14,1.21063,1.21153,1.20983,1.21083,
2006-04-17,1.21363,1.22863,1.21333,1.22563,
2006-04-18,1.22563,1.23663,1.22233,1.23563,
2006-04-19,1.23563,1.23923,1.22843,1.23713,
2006-04-20,1.23713,1.23723,1.22693,1.22943,
2006-04-21,1.22943,1.23573,1.22643,1.23403,
2006-04-24,1.23723,1.24113,1.23303,1.23793,
2006-04-25,1.23793,1.24383,1.23653,1.24253,
2006-04-26,1.24253,1.24683,1.23833,1.24493,
2006-04-27,1.24493,1.25463,1.24033,1.25423,
2006-04-28,1.25423,1.26403,1.25193,1.26313,
2006-05-01,1.26163,1.26893,1.25533,1.25653,
2006-05-02,1.25653,1.26653,1.25583,1.26063,
2006-05-03,1.26063,1.26683,1.25883,1.26273,
2006-05-04,1.26273,1.27213,1.25703,1.26953,
2006-05-05,1.26953,1.27613,1.26733,1.27303,
2006-05-08,1.27403,1.27843,1.26903,1.26983,
2006-05-09,1.26983,1.27823,1.26603,1.27593,
2006-05-10,1.27593,1.28303,1.27483,1.27573,
2006-05-11,1.27573,1.28703,1.26843,1.28453,
2006-05-12,1.28453,1.29563,1.28403,1.29193,
2006-05-15,1.29493,1.29493,1.27783,1.27893,
2006-05-16,1.27893,1.28653,1.27683,1.28493,
2006-05-17,1.28493,1.29173,1.26993,1.27413,
2006-05-18,1.27413,1.28703,1.27333,1.28563,
2006-05-19,1.28563,1.28623,1.26913,1.27743,
2006-05-22,1.27583,1.28843,1.26913,1.28483,
2006-05-23,1.28483,1.28753,1.27643,1.27883,
2006-05-24,1.27883,1.28893,1.27293,1.27663,
2006-05-25,1.27663,1.28263,1.27463,1.27973,
2006-05-26,1.27973,1.28323,1.26983,1.27263,
2006-05-29,1.27473,1.27673,1.27323,1.27453,
2006-05-30,1.27453,1.29063,1.27413,1.28563,
2006-05-31,1.28563,1.29023,1.28033,1.28183,
2006-06-01,1.28183,1.28223,1.27213,1.28133,
2006-06-02,1.28133,1.29383,1.27933,1.29203,
2006-06-05,1.29243,1.29783,1.28913,1.28953,
2006-06-06,1.28953,1.29313,1.28043,1.28213,
2006-06-07,1.28213,1.28343,1.27583,1.28003,
2006-06-08,1.28003,1.28013,1.26233,1.26403,
2006-06-09,1.26403,1.26813,1.25943,1.26403,
2006-06-12,1.26083,1.26483,1.25643,1.25783,
2006-06-13,1.25783,1.26133,1.25293,1.25463,
2006-06-14,1.25463,1.26453,1.25303,1.26053,
2006-06-15,1.26053,1.26583,1.25813,1.26403,
2006-06-16,1.26403,1.26693,1.26153,1.26413,
2006-06-19,1.26353,1.26353,1.25503,1.25743,
2006-06-20,1.25743,1.26163,1.25363,1.25963,
2006-06-21,1.25963,1.26753,1.25893,1.26653,
2006-06-22,1.26653,1.26783,1.25493,1.25763,
2006-06-23,1.25763,1.25843,1.24773,1.25073,
2006-06-26,1.25153,1.26083,1.25023,1.26043,
2006-06-27,1.26043,1.26173,1.25593,1.25693,
2006-06-28,1.25693,1.25823,1.25153,1.25443,
2006-06-29,1.25443,1.26673,1.25183,1.26593,
2006-06-30,1.26593,1.27913,1.26593,1.27893,
2006-07-03,1.27893,1.28213,1.27603,1.27993,
2006-07-04,1.27993,1.28193,1.27733,1.27773,
2006-07-05,1.27773,1.28353,1.27063,1.27253,
2006-07-06,1.27253,1.27813,1.27173,1.27723,
2006-07-07,1.27723,1.28613,1.27653,1.28083,
2006-07-10,1.28053,1.28103,1.27203,1.27363,
2006-07-11,1.27363,1.27763,1.27043,1.27643,
2006-07-12,1.27643,1.27763,1.26743,1.26983,
2006-07-13,1.26983,1.27293,1.26643,1.26893,
2006-07-14,1.26893,1.26923,1.26253,1.26483,
2006-07-17,1.26313,1.26393,1.25073,1.25193,
2006-07-18,1.25193,1.25573,1.24713,1.25003,
2006-07-19,1.25003,1.26073,1.24573,1.25953,
2006-07-20,1.25953,1.26513,1.25873,1.26313,
2006-07-21,1.26313,1.26963,1.26263,1.26893,
2006-07-24,1.26953,1.26953,1.26083,1.26223,
2006-07-25,1.26223,1.26693,1.25623,1.25763,
2006-07-26,1.25763,1.27233,1.25573,1.27093,
2006-07-27,1.27093,1.27693,1.26783,1.26853,
2006-07-28,1.26853,1.27683,1.26593,1.27573,
2006-07-31,1.27573,1.27703,1.27573,1.27623,
2006-08-01,1.27623,1.28273,1.27183,1.28213,
2006-08-02,1.28213,1.28333,1.27733,1.27903,
2006-08-03,1.27903,1.28313,1.27393,1.27983,
2006-08-04,1.27983,1.29083,1.27763,1.28763,
2006-08-07,1.28853,1.28853,1.28043,1.28193,
2006-08-08,1.28193,1.28913,1.27623,1.27873,
2006-08-09,1.27873,1.28983,1.27693,1.28683,
2006-08-10,1.28683,1.29123,1.27453,1.27903,
2006-08-11,1.27903,1.27943,1.27123,1.27243,
2006-08-14,1.27373,1.27613,1.27053,1.27213,
2006-08-15,1.27213,1.28013,1.26943,1.27833,
2006-08-16,1.27833,1.28623,1.27673,1.28473,
2006-08-17,1.28473,1.28843,1.28113,1.28283,
2006-08-18,1.28283,1.28433,1.27793,1.28263,
2006-08-21,1.28343,1.29383,1.28313,1.28643,
2006-08-22,1.28643,1.28833,1.27813,1.27973,
2006-08-23,1.27973,1.28493,1.27743,1.27793,
2006-08-24,1.27793,1.28413,1.27473,1.27593,
2006-08-25,1.27593,1.27813,1.27243,1.27523,
2006-08-28,1.27593,1.28203,1.27573,1.27883,
2006-08-29,1.27883,1.28363,1.27493,1.28273,
2006-08-30,1.28273,1.28523,1.28093,1.28313,
2006-08-31,1.28313,1.28763,1.27843,1.28063,
2006-09-01,1.28063,1.28443,1.27543,1.28373,
2006-09-04,1.28513,1.28723,1.28373,1.28583,
2006-09-05,1.28583,1.28603,1.27943,1.28143,
2006-09-06,1.28143,1.28293,1.27693,1.28143,
2006-09-07,1.28143,1.28273,1.27053,1.27263,
2006-09-08,1.27263,1.27313,1.26503,1.26743,
2006-09-11,1.26683,1.27393,1.26473,1.26993,
2006-09-12,1.26993,1.27333,1.26693,1.26813,
2006-09-13,1.26813,1.27163,1.26633,1.26943,
2006-09-14,1.26943,1.27523,1.26743,1.27203,
2006-09-15,1.27203,1.27333,1.26303,1.26603,
2006-09-18,1.26313,1.27073,1.26313,1.27063,
2006-09-19,1.27063,1.27233,1.26503,1.26733,
2006-09-20,1.26733,1.27283,1.26633,1.26913,
2006-09-21,1.26913,1.27973,1.26893,1.27853,
2006-09-22,1.27853,1.28293,1.27773,1.27883,
2006-09-25,1.27893,1.28163,1.27293,1.27543,
2006-09-26,1.27543,1.27613,1.26613,1.26943,
2006-09-27,1.26943,1.27163,1.26703,1.27133,
2006-09-28,1.27133,1.27313,1.26773,1.27053,
2006-09-29,1.27053,1.27103,1.26383,1.26733,
2006-10-02,1.26793,1.27553,1.26603,1.27413,
2006-10-03,1.27413,1.27643,1.27183,1.27273,
2006-10-04,1.27273,1.27383,1.26663,1.27163,
2006-10-05,1.27163,1.27243,1.26703,1.26913,
2006-10-06,1.26913,1.27203,1.25693,1.25953,
2006-10-09,1.25923,1.26113,1.25833,1.25893,
2006-10-10,1.25893,1.26113,1.25173,1.25313,
2006-10-11,1.25313,1.25553,1.24993,1.25193,
2006-10-12,1.25193,1.25653,1.25163,1.25583,
2006-10-13,1.25583,1.25743,1.24813,1.25093,
2006-10-16,1.24993,1.25393,1.24873,1.25293,
2006-10-17,1.25293,1.25633,1.25063,1.25373,
2006-10-18,1.25373,1.25563,1.24993,1.25383,
2006-10-19,1.25383,1.26423,1.25293,1.26273,
2006-10-20,1.26273,1.26373,1.25953,1.26133,
2006-10-23,1.26163,1.26203,1.25353,1.25473,
2006-10-24,1.25473,1.25763,1.25243,1.25553,
2006-10-25,1.25553,1.26203,1.25553,1.26113,
2006-10-26,1.26113,1.26993,1.26093,1.26843,
2006-10-27,1.26843,1.27493,1.26613,1.27383,
2006-10-30,1.27113,1.27803,1.26763,1.27623,
2006-10-31,1.27623,1.27963,1.27393,1.27423,
2006-11-01,1.27423,1.27833,1.27353,1.27753,
2006-11-02,1.27753,1.27903,1.26813,1.27143,
2006-11-03,1.27143,1.27143,1.27143,1.27143,
2006-11-06,1.27143,1.27313,1.26883,1.27243,
2006-11-07,1.27243,1.28163,1.27213,1.27763,
2006-11-08,1.27763,1.28053,1.27453,1.27583,
2006-11-09,1.27583,1.28453,1.27483,1.28293,
2006-11-10,1.28293,1.28973,1.28283,1.28393,
2006-11-13,1.28453,1.28753,1.27943,1.28213,
2006-11-14,1.28213,1.28693,1.27903,1.28083,
2006-11-15,1.28083,1.28313,1.27723,1.28223,
2006-11-16,1.28223,1.28383,1.27833,1.27893,
2006-11-17,1.27893,1.28433,1.27613,1.28273,
2006-11-20,1.28193,1.28503,1.28033,1.28133,
2006-11-21,1.28133,1.28513,1.27953,1.28423,
2006-11-22,1.28423,1.29543,1.28393,1.29363,
2006-11-23,1.29363,1.29723,1.29273,1.29493,
2006-11-24,1.29493,1.31063,1.29463,1.30943,
2006-11-27,1.31553,1.31553,1.30843,1.31303,
2006-11-28,1.31303,1.32173,1.31183,1.32003,
2006-11-29,1.32003,1.32163,1.31303,1.31453,
2006-11-30,1.31453,1.32723,1.31403,1.32453,
2006-12-01,1.32453,1.33463,1.32193,1.33363,
2006-12-04,1.33513,1.33523,1.32813,1.33343,
2006-12-05,1.33343,1.33613,1.32853,1.33133,
2006-12-06,1.33133,1.33383,1.32533,1.32843,
2006-12-07,1.32843,1.33223,1.32733,1.32833,
2006-12-08,1.32833,1.33633,1.31903,1.32003,
2006-12-11,1.31843,1.32623,1.31273,1.32473,
2006-12-12,1.32473,1.32903,1.32093,1.32793,
2006-12-13,1.32793,1.32853,1.31913,1.32163,
2006-12-14,1.32163,1.32513,1.31393,1.31533,
2006-12-15,1.31533,1.31853,1.30573,1.30793,
2006-12-18,1.30813,1.31173,1.30503,1.31023,
2006-12-19,1.31023,1.32143,1.30823,1.32043,
2006-12-20,1.32043,1.32443,1.31583,1.31833,
2006-12-21,1.31833,1.32113,1.31403,1.31793,
2006-12-22,1.31793,1.32113,1.31063,1.31373,
2006-12-25,1.31373,1.31373,1.31373,1.31373,
2006-12-26,1.31373,1.31383,1.30883,1.31063,
2006-12-27,1.31063,1.31753,1.30983,1.31213,
2006-12-28,1.31213,1.31983,1.31043,1.31433,
2006-12-29,1.31433,1.32023,1.31363,1.31993,
2007-01-01,1.31993,1.31993,1.31993,1.31993,
2007-01-02,1.31993,1.32943,1.31993,1.32733,
2007-01-03,1.32733,1.32893,1.31443,1.31683,
2007-01-04,1.31683,1.31783,1.30753,1.30863,
2007-01-05,1.30863,1.31033,1.29793,1.30063,
2007-01-08,1.30063,1.30383,1.29703,1.30353,
2007-01-09,1.30353,1.30513,1.29853,1.29923,
2007-01-10,1.29923,1.29993,1.29293,1.29353,
2007-01-11,1.29353,1.30143,1.28813,1.28923,
2007-01-12,1.28923,1.29413,1.28643,1.29173,
2007-01-15,1.29253,1.29563,1.29133,1.29333,
2007-01-16,1.29333,1.29883,1.29073,1.29163,
2007-01-17,1.29163,1.29483,1.28953,1.29363,
2007-01-18,1.29363,1.29763,1.28943,1.29573,
2007-01-19,1.29573,1.29993,1.29123,1.29643,
2007-01-22,1.29573,1.29753,1.29223,1.29473,
2007-01-23,1.29473,1.30433,1.29263,1.30193,
2007-01-24,1.30193,1.30353,1.29473,1.29613,
2007-01-25,1.29613,1.30013,1.29133,1.29343,
2007-01-26,1.29343,1.29383,1.28753,1.29153,
2007-01-29,1.29233,1.29643,1.28973,1.29603,
2007-01-30,1.29603,1.29803,1.29423,1.29633,
2007-01-31,1.29633,1.30353,1.29233,1.30173,
2007-02-01,1.30173,1.30523,1.30023,1.30143,
2007-02-02,1.30143,1.30633,1.29493,1.29613,
2007-02-05,1.29583,1.29643,1.29113,1.29293,
2007-02-06,1.29293,1.29913,1.29103,1.29813,
2007-02-07,1.29813,1.30223,1.29703,1.30193,
2007-02-08,1.30193,1.30413,1.29733,1.30333,
2007-02-09,1.30333,1.30413,1.29823,1.30043,
2007-02-12,1.30163,1.30353,1.29393,1.29573,
2007-02-13,1.29573,1.30413,1.29533,1.30293,
2007-02-14,1.30293,1.31483,1.30223,1.31353,
2007-02-15,1.31353,1.31703,1.31173,1.31303,
2007-02-16,1.31303,1.31433,1.30933,1.31403,
2007-02-19,1.31443,1.31603,1.31213,1.31493,
2007-02-20,1.31493,1.31893,1.31293,1.31453,
2007-02-21,1.31453,1.31643,1.31113,1.31353,
2007-02-22,1.31353,1.31393,1.30803,1.31213,
2007-02-23,1.31213,1.31853,1.31013,1.31663,
2007-02-26,1.31803,1.31973,1.31503,1.31903,
2007-02-27,1.31903,1.32573,1.31593,1.32273,
2007-02-28,1.32273,1.32353,1.31783,1.32273,
2007-03-01,1.32273,1.32383,1.31543,1.31663,
2007-03-02,1.31663,1.31983,1.31393,1.31903,
2007-03-05,1.31853,1.31943,1.30703,1.30843,
2007-03-06,1.30843,1.31393,1.30803,1.31343,
2007-03-07,1.31343,1.31853,1.31083,1.31763,
2007-03-08,1.31763,1.31803,1.31153,1.31353,
2007-03-09,1.31353,1.31573,1.30823,1.31163,
2007-03-12,1.31243,1.31983,1.31063,1.31853,
2007-03-13,1.31853,1.32213,1.31553,1.31853,
2007-03-14,1.31853,1.32453,1.31753,1.32313,
2007-03-15,1.32313,1.32793,1.31913,1.32763,
2007-03-16,1.32763,1.33373,1.32713,1.33173,
2007-03-19,1.33133,1.33243,1.32783,1.33083,
2007-03-20,1.33083,1.33213,1.32713,1.33143,
2007-03-21,1.33143,1.34103,1.32883,1.33953,
2007-03-22,1.33953,1.34013,1.33083,1.33313,
2007-03-23,1.33313,1.33393,1.32813,1.32823,
2007-03-26,1.32703,1.33443,1.32533,1.33283,
2007-03-27,1.33283,1.33683,1.33193,1.33483,
2007-03-28,1.33483,1.33713,1.33063,1.33073,
2007-03-29,1.33073,1.33503,1.33003,1.33303,
2007-03-30,1.33303,1.33983,1.32863,1.33543,
2007-04-02,1.33533,1.33813,1.33303,1.33713,
2007-04-03,1.33713,1.33793,1.33163,1.33213,
2007-04-04,1.33213,1.33803,1.33193,1.33723,
2007-04-05,1.33723,1.34393,1.33523,1.34233,
2007-04-06,1.34233,1.34263,1.33633,1.33753,
2007-04-09,1.33673,1.33783,1.33373,1.33513,
2007-04-10,1.33513,1.34533,1.33483,1.34283,
2007-04-11,1.34283,1.34393,1.34053,1.34333,
2007-04-12,1.34333,1.35013,1.34303,1.34853,
2007-04-13,1.34853,1.35513,1.34793,1.35293,
2007-04-16,1.35663,1.35673,1.35233,1.35263,
2007-04-17,1.35263,1.35933,1.35233,1.35713,
2007-04-18,1.35713,1.36173,1.35553,1.36133,
2007-04-19,1.36133,1.36263,1.35593,1.36233,
2007-04-20,1.36233,1.36363,1.35853,1.35853,
2007-04-23,1.35983,1.36013,1.35403,1.35773,
2007-04-24,1.35773,1.36423,1.35473,1.36333,
2007-04-25,1.36333,1.36633,1.36193,1.36383,
2007-04-26,1.36383,1.36523,1.35813,1.35903,
2007-04-27,1.35903,1.36803,1.35843,1.36483,
2007-04-30,1.36233,1.36763,1.35883,1.36513,
2007-05-01,1.36513,1.36703,1.35883,1.36033,
2007-05-02,1.36033,1.36093,1.35583,1.35923,
2007-05-03,1.35923,1.36213,1.35453,1.35503,
2007-05-04,1.35503,1.36103,1.35323,1.35893,
2007-05-07,1.35903,1.36263,1.35893,1.35973,
2007-05-08,1.35973,1.36183,1.35133,1.35373,
2007-05-09,1.35373,1.35653,1.35183,1.35333,
2007-05-10,1.35333,1.35623,1.34623,1.34763,
2007-05-11,1.34763,1.35303,1.34613,1.35233,
2007-05-14,1.35393,1.35573,1.35223,1.35423,
2007-05-15,1.35423,1.36083,1.35243,1.35893,
2007-05-16,1.35893,1.36073,1.35033,1.35213,
2007-05-17,1.35213,1.35423,1.34753,1.34943,
2007-05-18,1.34943,1.35203,1.34633,1.35063,
2007-05-21,1.35203,1.35203,1.34353,1.34633,
2007-05-22,1.34633,1.34733,1.34363,1.34493,
2007-05-23,1.34493,1.34993,1.34133,1.34553,
2007-05-24,1.34553,1.34593,1.34143,1.34223,
2007-05-25,1.34223,1.34703,1.34093,1.34423,
2007-05-28,1.34453,1.34563,1.34433,1.34523,
2007-05-29,1.34523,1.35173,1.34193,1.34473,
2007-05-30,1.34473,1.34553,1.34023,1.34293,
2007-05-31,1.34293,1.34743,1.34223,1.34503,
2007-06-01,1.34503,1.34603,1.33913,1.34473,
2007-06-04,1.34423,1.34993,1.34293,1.34913,
2007-06-05,1.34913,1.35513,1.34873,1.35143,
2007-06-06,1.35143,1.35373,1.34823,1.34963,
2007-06-07,1.34963,1.35113,1.34213,1.34243,
2007-06-08,1.34243,1.34263,1.33183,1.33693,
2007-06-11,1.33553,1.33593,1.33313,1.33483,
2007-06-12,1.33483,1.33663,1.32983,1.33003,
2007-06-13,1.33003,1.33143,1.32603,1.33053,
2007-06-14,1.33053,1.33233,1.32783,1.33073,
2007-06-15,1.33073,1.33863,1.33033,1.33843,
2007-06-18,1.33833,1.34163,1.33813,1.34163,
2007-06-19,1.34163,1.34353,1.33823,1.34223,
2007-06-20,1.34223,1.34363,1.33883,1.33953,
2007-06-21,1.33953,1.34053,1.33703,1.33893,
2007-06-22,1.33893,1.34693,1.33793,1.34683,
2007-06-25,1.34623,1.34713,1.34383,1.34613,
2007-06-26,1.34613,1.34773,1.34303,1.34473,
2007-06-27,1.34473,1.34543,1.34133,1.34523,
2007-06-28,1.34523,1.34783,1.34213,1.34353,
2007-06-29,1.34353,1.35403,1.34293,1.35403,
2007-07-02,1.35323,1.36373,1.35253,1.36183,
2007-07-03,1.36183,1.36313,1.35823,1.36053,
2007-07-04,1.36053,1.36283,1.36033,1.36143,
2007-07-05,1.36143,1.36573,1.35773,1.35903,
2007-07-06,1.35903,1.36403,1.35653,1.36273,
2007-07-09,1.36243,1.36353,1.36073,1.36193,
2007-07-10,1.36193,1.37853,1.35913,1.37443,
2007-07-11,1.37443,1.37773,1.37293,1.37443,
2007-07-12,1.37443,1.37973,1.37413,1.37823,
2007-07-13,1.37823,1.38113,1.37603,1.37803,
2007-07-16,1.37733,1.38013,1.37573,1.37723,
2007-07-17,1.37723,1.37953,1.37533,1.37913,
2007-07-18,1.37913,1.38303,1.37503,1.38033,
2007-07-19,1.38033,1.38293,1.37833,1.37963,
2007-07-20,1.37963,1.38413,1.37763,1.38233,
2007-07-23,1.38363,1.38423,1.37933,1.37983,
2007-07-24,1.37983,1.38493,1.37983,1.38173,
2007-07-25,1.38173,1.38223,1.36943,1.37193,
2007-07-26,1.37193,1.37663,1.36903,1.37493,
2007-07-27,1.37493,1.37493,1.36243,1.36303,
2007-07-30,1.36323,1.37263,1.36193,1.37193,
2007-07-31,1.37193,1.37223,1.36653,1.36713,
2007-08-01,1.36713,1.37063,1.36353,1.36643,
2007-08-02,1.36643,1.37053,1.36483,1.37033,
2007-08-03,1.37033,1.38183,1.36813,1.37703,
2007-08-06,1.38173,1.38363,1.37783,1.38083,
2007-08-07,1.38083,1.38113,1.37333,1.37503,
2007-08-08,1.37503,1.38223,1.37193,1.38003,
2007-08-09,1.38003,1.38143,1.36533,1.36653,
2007-08-10,1.36653,1.37023,1.36383,1.36903,
2007-08-13,1.36893,1.37073,1.35993,1.36053,
2007-08-14,1.36053,1.36233,1.35263,1.35293,
2007-08-15,1.35293,1.35303,1.34153,1.34313,
2007-08-16,1.34313,1.34453,1.33583,1.34303,
2007-08-17,1.34303,1.35463,1.33673,1.34723,
2007-08-20,1.34733,1.35063,1.34583,1.34713,
2007-08-21,1.34713,1.35173,1.34513,1.34653,
2007-08-22,1.34653,1.35573,1.34473,1.35453,
2007-08-23,1.35453,1.35863,1.35333,1.35623,
2007-08-24,1.35623,1.36853,1.35513,1.36733,
2007-08-27,1.36783,1.36833,1.36333,1.36353,
2007-08-28,1.36353,1.36783,1.35723,1.35733,
2007-08-29,1.35733,1.36773,1.35613,1.36663,
2007-08-30,1.36663,1.36703,1.35913,1.36693,
2007-08-31,1.36693,1.37163,1.36193,1.36273,
2007-09-03,1.36293,1.36523,1.36033,1.36113,
2007-09-04,1.36113,1.36253,1.35493,1.36193,
2007-09-05,1.36193,1.36683,1.35663,1.36503,
2007-09-06,1.36503,1.37063,1.36343,1.36903,
2007-09-07,1.36903,1.37963,1.36613,1.37673,
2007-09-10,1.37773,1.38143,1.37653,1.37883,
2007-09-11,1.37883,1.38473,1.37763,1.38353,
2007-09-12,1.38353,1.39133,1.38213,1.38943,
2007-09-13,1.38943,1.39263,1.38623,1.38713,
2007-09-14,1.38713,1.38933,1.38413,1.38713,
2007-09-17,1.38573,1.38853,1.38473,1.38653,
2007-09-18,1.38653,1.39873,1.38253,1.39733,
2007-09-19,1.39733,1.39853,1.39353,1.39713,
2007-09-20,1.39713,1.40953,1.39693,1.40683,
2007-09-21,1.40683,1.41173,1.40393,1.40863,
2007-09-24,1.40893,1.41283,1.40663,1.40713,
2007-09-25,1.40713,1.41593,1.40593,1.41433,
2007-09-26,1.41433,1.41533,1.41083,1.41263,
2007-09-27,1.41263,1.41883,1.41213,1.41533,
2007-09-28,1.41533,1.42773,1.41493,1.42663,
2007-10-01,1.42683,1.42743,1.42093,1.42333,
2007-10-02,1.42333,1.42363,1.41373,1.41523,
2007-10-03,1.41523,1.41993,1.40813,1.40973,
2007-10-04,1.40973,1.41463,1.40643,1.41333,
2007-10-05,1.41333,1.41543,1.40313,1.41333,
2007-10-08,1.41503,1.41503,1.40343,1.40423,
2007-10-09,1.40423,1.41123,1.40143,1.41053,
2007-10-10,1.41053,1.41693,1.40923,1.41353,
2007-10-11,1.41353,1.42393,1.41323,1.41973,
2007-10-12,1.41973,1.42133,1.41523,1.41763,
2007-10-15,1.41643,1.42413,1.41583,1.41973,
2007-10-16,1.41973,1.42233,1.41423,1.41733,
2007-10-17,1.41733,1.42273,1.41543,1.42053,
2007-10-18,1.42053,1.43083,1.41933,1.42883,
2007-10-19,1.42883,1.43173,1.42443,1.42983,
2007-10-22,1.43343,1.43403,1.41233,1.41723,
2007-10-23,1.41723,1.42783,1.41703,1.42563,
2007-10-24,1.42563,1.42663,1.41863,1.42593,
2007-10-25,1.42593,1.43403,1.42453,1.43183,
2007-10-26,1.43183,1.43933,1.43143,1.43923,
2007-10-29,1.44033,1.44373,1.43753,1.44123,
2007-10-30,1.44123,1.44403,1.43723,1.44383,
2007-10-31,1.44383,1.45043,1.44183,1.44683,
2007-11-01,1.44683,1.44753,1.44013,1.44233,
2007-11-02,1.44233,1.45273,1.44203,1.45023,
2007-11-05,1.45023,1.45093,1.44403,1.44753,
2007-11-06,1.44753,1.45693,1.44683,1.45603,
2007-11-07,1.45603,1.47293,1.45523,1.46183,
2007-11-08,1.46183,1.47023,1.46173,1.46773,
2007-11-09,1.46773,1.47503,1.46293,1.46763,
2007-11-12,1.46533,1.46623,1.45173,1.45193,
2007-11-13,1.45193,1.46303,1.45183,1.46173,
2007-11-14,1.46173,1.47223,1.46103,1.46453,
2007-11-15,1.46453,1.47013,1.46033,1.46183,
2007-11-16,1.46183,1.46713,1.45803,1.46593,
2007-11-19,1.46703,1.46843,1.46193,1.46663,
2007-11-20,1.46663,1.48513,1.46343,1.48303,
2007-11-21,1.48303,1.48683,1.47743,1.48533,
2007-11-22,1.48533,1.48723,1.48203,1.48513,
2007-11-23,1.48513,1.49663,1.47833,1.48353,
2007-11-26,1.48323,1.48853,1.48023,1.48733,
2007-11-27,1.48733,1.49073,1.48073,1.48323,
2007-11-28,1.48323,1.48553,1.47103,1.48373,
2007-11-29,1.48373,1.48413,1.47203,1.47563,
2007-11-30,1.47563,1.47833,1.46253,1.46303,
2007-12-03,1.46613,1.47063,1.46183,1.46653,
2007-12-04,1.46653,1.47663,1.46343,1.47613,
2007-12-05,1.47613,1.47693,1.45893,1.45963,
2007-12-06,1.45963,1.46583,1.45253,1.46563,
2007-12-07,1.46563,1.46693,1.45963,1.46553,
2007-12-10,1.47063,1.47333,1.46383,1.47063,
2007-12-11,1.47063,1.47473,1.46363,1.46613,
2007-12-12,1.46613,1.47453,1.46473,1.47133,
2007-12-13,1.47133,1.47363,1.45733,1.46253,
2007-12-14,1.46253,1.46543,1.44103,1.44293,
2007-12-17,1.44083,1.44493,1.43273,1.44083,
2007-12-18,1.44083,1.44333,1.43643,1.44173,
2007-12-19,1.44173,1.44203,1.43213,1.43823,
2007-12-20,1.43823,1.43903,1.43073,1.43283,
2007-12-21,1.43283,1.44083,1.43243,1.43743,
2007-12-24,1.43933,1.44123,1.43723,1.43933,
2007-12-25,1.43933,1.43933,1.43933,1.43933,
2007-12-26,1.43933,1.45023,1.43933,1.44843,
2007-12-27,1.44843,1.46373,1.44663,1.46093,
2007-12-28,1.46093,1.47263,1.45913,1.47223,
2007-12-31,1.45843,1.47463,1.45673,1.45843,
2008-01-01,1.45843,1.45843,1.45843,1.45843,
2008-01-02,1.45843,1.47483,1.45843,1.47133,
2008-01-03,1.47133,1.47803,1.46853,1.47413,
2008-01-04,1.47413,1.48233,1.46923,1.47413,
2008-01-07,1.46823,1.47483,1.46573,1.46823,
2008-01-08,1.46823,1.47383,1.46783,1.47053,
2008-01-09,1.47053,1.47393,1.46383,1.46603,
2008-01-10,1.46603,1.48103,1.46403,1.47983,
2008-01-11,1.47983,1.48183,1.47603,1.47743,
2008-01-14,1.48653,1.49123,1.47933,1.48653,
2008-01-15,1.48653,1.49203,1.47743,1.48003,
2008-01-16,1.48003,1.48583,1.45943,1.46573,
2008-01-17,1.46573,1.47123,1.45873,1.46353,
2008-01-18,1.46353,1.46923,1.46003,1.46183,
2008-01-21,1.44193,1.45973,1.44083,1.44193,
2008-01-22,1.44193,1.46813,1.43633,1.46423,
2008-01-23,1.46423,1.46463,1.45093,1.46273,
2008-01-24,1.46273,1.47783,1.45883,1.47713,
2008-01-25,1.47713,1.47723,1.46603,1.46793,
2008-01-28,1.47843,1.47963,1.46603,1.47843,
2008-01-29,1.47843,1.47853,1.47363,1.47683,
2008-01-30,1.47683,1.49033,1.47533,1.48233,
2008-01-31,1.48233,1.49113,1.48023,1.48623,
2008-02-01,1.48623,1.49463,1.47823,1.48003,
2008-02-04,1.48253,1.48463,1.47913,1.48253,
2008-02-05,1.48253,1.48303,1.46213,1.46333,
2008-02-06,1.46333,1.46673,1.45893,1.46123,
2008-02-07,1.46123,1.46483,1.44353,1.44753,
2008-02-08,1.44753,1.45433,1.44473,1.45053,
2008-02-11,1.45023,1.45743,1.44783,1.45023,
2008-02-12,1.45023,1.46133,1.44953,1.45803,
2008-02-13,1.45803,1.45953,1.45303,1.45523,
2008-02-14,1.45523,1.46473,1.45473,1.46413,
2008-02-15,1.46413,1.47063,1.46283,1.46813,
2008-02-18,1.46453,1.46893,1.46073,1.46453,
2008-02-19,1.46453,1.47563,1.46393,1.47253,
2008-02-20,1.47253,1.47293,1.46133,1.47193,
2008-02-21,1.47193,1.48353,1.47003,1.48123,
2008-02-22,1.48123,1.48593,1.47853,1.48263,
2008-02-25,1.48323,1.48413,1.47923,1.48323,
2008-02-26,1.48323,1.50463,1.47773,1.49943,
2008-02-27,1.49943,1.51433,1.49793,1.51143,
2008-02-28,1.51143,1.52293,1.50723,1.51873,
2008-02-29,1.51873,1.52373,1.51433,1.51773,
2008-03-03,1.51943,1.52723,1.51563,1.51943,
2008-03-04,1.51943,1.52463,1.51703,1.52043,
2008-03-05,1.52043,1.53013,1.51443,1.52743,
2008-03-06,1.52743,1.53943,1.52703,1.53823,
2008-03-07,1.53823,1.54593,1.53113,1.53523,
2008-03-10,1.53343,1.53993,1.53123,1.53343,
2008-03-11,1.53343,1.54943,1.52813,1.53363,
2008-03-12,1.53363,1.55703,1.53363,1.55383,
2008-03-13,1.55383,1.56423,1.55193,1.56203,
2008-03-14,1.56203,1.56883,1.55313,1.56703,
2008-03-17,1.57403,1.59023,1.56823,1.57403,
2008-03-18,1.57403,1.58303,1.56103,1.56513,
2008-03-19,1.56513,1.57823,1.55813,1.56353,
2008-03-20,1.56353,1.56383,1.53933,1.54333,
2008-03-21,1.54333,1.54703,1.54033,1.54293,
2008-03-24,1.54323,1.54543,1.53403,1.54323,
2008-03-25,1.54323,1.56553,1.54113,1.56073,
2008-03-26,1.56073,1.58573,1.55813,1.58203,
2008-03-27,1.58203,1.58443,1.57243,1.58093,
2008-03-28,1.58093,1.58353,1.57393,1.57943,
2008-03-31,1.57563,1.58933,1.57463,1.57563,
2008-04-01,1.57563,1.57843,1.55623,1.56153,
2008-04-02,1.56153,1.56993,1.55303,1.56733,
2008-04-03,1.56733,1.56833,1.55073,1.56573,
2008-04-04,1.56573,1.57683,1.56363,1.57363,
2008-04-07,1.57063,1.57313,1.56243,1.57063,
2008-04-08,1.57063,1.57973,1.56713,1.56923,
2008-04-09,1.56923,1.58633,1.56853,1.58153,
2008-04-10,1.58153,1.59133,1.57243,1.57543,
2008-04-11,1.57543,1.58533,1.57493,1.58043,
2008-04-14,1.58223,1.58843,1.56683,1.58223,
2008-04-15,1.58223,1.58723,1.57503,1.57843,
2008-04-16,1.57843,1.59763,1.57763,1.59383,
2008-04-17,1.59383,1.59823,1.58453,1.59053,
2008-04-18,1.59053,1.59543,1.57103,1.58133,
2008-04-21,1.59133,1.59473,1.57893,1.59133,
2008-04-22,1.59133,1.60163,1.58313,1.59723,
2008-04-23,1.59723,1.59963,1.58593,1.58793,
2008-04-24,1.58793,1.58823,1.56353,1.56733,
2008-04-25,1.56733,1.57063,1.55523,1.56273,
2008-04-28,1.56533,1.56923,1.55933,1.56533,
2008-04-29,1.56533,1.56573,1.55383,1.55763,
2008-04-30,1.55763,1.56413,1.55153,1.56223,
2008-05-01,1.56223,1.56413,1.54273,1.54753,
2008-05-02,1.54753,1.54973,1.53583,1.54223,
2008-05-05,1.55033,1.55193,1.54233,1.55033,
2008-05-06,1.55033,1.55913,1.54503,1.55173,
2008-05-07,1.55173,1.55183,1.53303,1.53413,
2008-05-08,1.53413,1.54403,1.52823,1.54043,
2008-05-09,1.54043,1.54863,1.53923,1.54793,
2008-05-12,1.55313,1.55683,1.53633,1.55313,
2008-05-13,1.55313,1.55653,1.54293,1.54693,
2008-05-14,1.54693,1.54863,1.53943,1.54643,
2008-05-15,1.54643,1.55443,1.54183,1.54583,
2008-05-16,1.54583,1.55993,1.54473,1.55743,
2008-05-19,1.55253,1.56313,1.54853,1.55253,
2008-05-20,1.55253,1.56783,1.55013,1.56473,
2008-05-21,1.56473,1.57963,1.56293,1.57793,
2008-05-22,1.57793,1.58113,1.56923,1.57303,
2008-05-23,1.57303,1.57913,1.56953,1.57583,
2008-05-26,1.57773,1.57913,1.57393,1.57773,
2008-05-27,1.57773,1.58163,1.56703,1.56863,
2008-05-28,1.56863,1.57583,1.56063,1.56543,
2008-05-29,1.56543,1.56613,1.54833,1.55143,
2008-05-30,1.55143,1.55663,1.54593,1.55533,
2008-06-02,1.55389,1.55863,1.54843,1.55389,
2008-06-03,1.55389,1.56262,1.54089,1.54498,
2008-06-04,1.54498,1.54822,1.54176,1.54337,
2008-06-05,1.54337,1.56032,1.53635,1.55954,
2008-06-06,1.55954,1.57772,1.55717,1.57768,
2008-06-09,1.57768,1.58126,1.56182,1.57768,
2008-06-10,1.57768,1.57768,1.54403,1.54591,
2008-06-11,1.54591,1.55866,1.54541,1.55594,
2008-06-12,1.55594,1.55614,1.53784,1.54464,
2008-06-13,1.54464,1.54623,1.53023,1.53801,
2008-06-16,1.54645,1.5518,1.53442,1.54645,
2008-06-17,1.54645,1.55511,1.54598,1.55154,
2008-06-18,1.55154,1.55509,1.54632,1.55437,
2008-06-19,1.55437,1.55851,1.54656,1.54971,
2008-06-20,1.54971,1.56506,1.54911,1.56023,
2008-06-23,1.55204,1.56275,1.5467,1.55204,
2008-06-24,1.55204,1.56208,1.54907,1.55728,
2008-06-25,1.55728,1.56845,1.5536,1.56634,
2008-06-26,1.56634,1.57659,1.56279,1.57601,
2008-06-27,1.57601,1.57909,1.57193,1.57903,
2008-06-30,1.57602,1.58362,1.57305,1.57602,
2008-07-01,1.57602,1.5826,1.57218,1.57905,
2008-07-02,1.57905,1.58901,1.57762,1.58779,
2008-07-03,1.58779,1.59083,1.56731,1.56849,
2008-07-04,1.56849,1.57259,1.5653,1.57057,
2008-07-07,1.57234,1.57515,1.56109,1.57234,
2008-07-08,1.57234,1.57384,1.56348,1.56649,
2008-07-09,1.56649,1.57481,1.56493,1.57291,
2008-07-10,1.57291,1.58005,1.56893,1.57864,
2008-07-11,1.57864,1.59461,1.57649,1.59346,
2008-07-14,1.58887,1.59332,1.58405,1.58887,
2008-07-15,1.58887,1.60381,1.58652,1.59156,
2008-07-16,1.59156,1.59464,1.57998,1.58225,
2008-07-17,1.58225,1.5892,1.57826,1.58507,
2008-07-18,1.58507,1.58871,1.58061,1.58461,
2008-07-21,1.59122,1.59309,1.58305,1.59122,
2008-07-22,1.59122,1.59433,1.57572,1.57777,
2008-07-23,1.57777,1.57964,1.56691,1.56822,
2008-07-24,1.56822,1.57126,1.56272,1.5683,
2008-07-25,1.5683,1.57523,1.56613,1.57056,
2008-07-28,1.57427,1.57671,1.56832,1.57427,
2008-07-29,1.57427,1.57564,1.55524,1.55876,
2008-07-30,1.55876,1.56146,1.55207,1.55798,
2008-07-31,1.55798,1.56984,1.55679,1.55827,
2008-08-01,1.55827,1.55882,1.55136,1.55598,
2008-08-04,1.55638,1.56296,1.55531,1.55638,
2008-08-05,1.55638,1.55651,1.54448,1.54639,
2008-08-06,1.54639,1.55142,1.5397,1.54224,
2008-08-07,1.54224,1.55019,1.53092,1.53123,
2008-08-08,1.53123,1.53138,1.49971,1.50089,
2008-08-11,1.49115,1.50825,1.48778,1.49115,
2008-08-12,1.49115,1.49636,1.48145,1.48887,
2008-08-13,1.48887,1.498,1.48424,1.4898,
2008-08-14,1.4898,1.49486,1.47611,1.47755,
2008-08-15,1.47755,1.47916,1.4655,1.46867,
2008-08-18,1.46959,1.47662,1.46658,1.46959,
2008-08-19,1.46959,1.48057,1.46299,1.47915,
2008-08-20,1.47915,1.47985,1.46713,1.47507,
2008-08-21,1.47507,1.49077,1.47429,1.48884,
2008-08-22,1.48884,1.48943,1.47562,1.47886,
2008-08-25,1.47263,1.4807,1.46944,1.47263,
2008-08-26,1.47263,1.47266,1.45675,1.46447,
2008-08-27,1.46447,1.47752,1.46445,1.47427,
2008-08-28,1.47427,1.48102,1.46707,1.47035,
2008-08-29,1.47035,1.47656,1.46386,1.46703,
2008-09-01,1.45827,1.47022,1.45545,1.45827,
2008-09-02,1.45827,1.45975,1.44649,1.44843,
2008-09-03,1.44843,1.45225,1.43836,1.45144,
2008-09-04,1.45144,1.45434,1.42082,1.42572,
2008-09-05,1.42572,1.43462,1.4196,1.42629,
2008-09-08,1.41354,1.44271,1.40522,1.41354,
2008-09-09,1.41354,1.42271,1.4045,1.40937,
2008-09-10,1.40937,1.41776,1.39351,1.39368,
2008-09-11,1.39368,1.40395,1.38808,1.40083,
2008-09-12,1.40083,1.42313,1.3972,1.42149,
2008-09-15,1.4243,1.44798,1.40829,1.4243,
2008-09-16,1.4243,1.42806,1.40723,1.41673,
2008-09-17,1.41673,1.43833,1.40971,1.431,
2008-09-18,1.431,1.45409,1.42774,1.43006,
2008-09-19,1.43006,1.44964,1.41515,1.44648,
2008-09-22,1.48013,1.48655,1.44524,1.48013,
2008-09-23,1.48013,1.48243,1.46212,1.4684,
2008-09-24,1.4684,1.47457,1.46028,1.46508,
2008-09-25,1.46508,1.47676,1.45599,1.46632,
2008-09-26,1.46632,1.46769,1.45526,1.46107,
2008-09-29,1.4365,1.45687,1.43012,1.4365,
2008-09-30,1.4365,1.44251,1.4008,1.41177,
2008-10-01,1.41177,1.41731,1.39726,1.39882,
2008-10-02,1.39882,1.40142,1.37449,1.37852,
2008-10-03,1.37852,1.3906,1.37013,1.37679,
2008-10-06,1.35144,1.36689,1.34411,1.35144,
2008-10-07,1.35144,1.37393,1.34795,1.35692,
2008-10-08,1.35692,1.37538,1.35439,1.36085,
2008-10-09,1.36085,1.37841,1.35547,1.35591,
2008-10-10,1.35591,1.36515,1.32569,1.34182,
2008-10-13,1.36572,1.36814,1.34556,1.36572,
2008-10-14,1.36572,1.37679,1.35609,1.35635,
2008-10-15,1.35635,1.36874,1.34235,1.34348,
2008-10-16,1.34348,1.3537,1.33442,1.34857,
2008-10-17,1.34857,1.35161,1.33852,1.34085,
2008-10-20,1.33393,1.3529,1.32867,1.33393,
2008-10-21,1.33393,1.33523,1.30005,1.30059,
2008-10-22,1.30059,1.3032,1.2726,1.27717,
2008-10-23,1.27717,1.30043,1.27313,1.28993,
2008-10-24,1.28993,1.29063,1.24945,1.26192,
2008-10-27,1.24642,1.26847,1.23329,1.24642,
2008-10-28,1.24642,1.2843,1.2328,1.28053,
2008-10-29,1.28053,1.29911,1.26245,1.29555,
2008-10-30,1.29555,1.3295,1.28044,1.28689,
2008-10-31,1.28689,1.2884,1.26657,1.27324,
2008-11-03,1.26127,1.28966,1.25747,1.26127,
2008-11-04,1.26127,1.30467,1.25243,1.29806,
2008-11-05,1.29806,1.31149,1.27913,1.29129,
2008-11-06,1.29129,1.29301,1.26724,1.26874,
2008-11-07,1.26874,1.28501,1.26515,1.27166,
2008-11-10,1.27441,1.29262,1.27168,1.27441,
2008-11-11,1.27441,1.27993,1.2482,1.25065,
2008-11-12,1.25065,1.26309,1.24355,1.24562,
2008-11-13,1.24562,1.28545,1.23872,1.27854,
2008-11-14,1.27854,1.27982,1.25698,1.2602,
2008-11-17,1.264,1.2741,1.251,1.264,
2008-11-18,1.264,1.26989,1.25655,1.26328,
2008-11-19,1.26328,1.28119,1.24717,1.25015,
2008-11-20,1.25015,1.25924,1.24224,1.24367,
2008-11-21,1.24367,1.26368,1.24292,1.25882,
2008-11-24,1.29125,1.2959,1.25645,1.29125,
2008-11-25,1.29125,1.30794,1.28031,1.30287,
2008-11-26,1.30287,1.30296,1.28184,1.28934,
2008-11-27,1.28934,1.29678,1.28591,1.28923,
2008-11-28,1.28923,1.29549,1.2644,1.26886,
2008-12-01,1.25952,1.27028,1.25803,1.25952,
2008-12-02,1.25952,1.27649,1.25612,1.27072,
2008-12-03,1.27072,1.27402,1.26014,1.27033,
2008-12-04,1.27033,1.28477,1.2548,1.27726,
2008-12-05,1.27726,1.27975,1.26257,1.27202,
2008-12-08,1.29123,1.29663,1.27265,1.29123,
2008-12-09,1.29123,1.3,1.2798,1.29253,
2008-12-10,1.29253,1.3069,1.29025,1.30119,
2008-12-11,1.30119,1.3405,1.30037,1.33273,
2008-12-12,1.33273,1.3414,1.32504,1.3367,
2008-12-15,1.36935,1.37258,1.34281,1.36935,
2008-12-16,1.36935,1.41467,1.36281,1.40635,
2008-12-17,1.40635,1.44366,1.40066,1.4405,
2008-12-18,1.4405,1.47182,1.41804,1.42909,
2008-12-19,1.42909,1.43087,1.38233,1.39052,
2008-12-22,1.39545,1.41238,1.39014,1.39545,
2008-12-23,1.39545,1.40196,1.39129,1.39339,
2008-12-24,1.39339,1.40175,1.39322,1.40009,
2008-12-25,1.40009,1.40009,1.40009,1.40009,
2008-12-26,1.40009,1.41167,1.40009,1.40236,
2008-12-29,1.40329,1.43613,1.3914,1.40329,
2008-12-30,1.40329,1.422,1.39865,1.41391,
2008-12-31,1.41391,1.41431,1.38479,1.3971,
2009-01-01,1.3971,1.40069,1.3971,1.39999,
2009-01-02,1.39999,1.40252,1.38386,1.39182,
2009-01-05,1.36357,1.39617,1.35453,1.36357,
2009-01-06,1.36357,1.36357,1.33112,1.35043,
2009-01-07,1.35043,1.37452,1.34305,1.36127,
2009-01-08,1.36127,1.37981,1.35333,1.36969,
2009-01-09,1.36969,1.37492,1.34129,1.34746,
2009-01-12,1.33565,1.34452,1.32889,1.33565,
2009-01-13,1.33565,1.33575,1.31385,1.31978,
2009-01-14,1.31978,1.33348,1.30919,1.3211,
2009-01-15,1.3211,1.32413,1.30241,1.31581,
2009-01-16,1.31581,1.33423,1.31433,1.32641,
2009-01-19,1.30904,1.33794,1.30562,1.30904,
2009-01-20,1.30904,1.30995,1.2845,1.28817,
2009-01-21,1.28817,1.30843,1.28242,1.29991,
2009-01-22,1.29991,1.30825,1.29068,1.30039,
2009-01-23,1.30039,1.30347,1.27644,1.29688,
2009-01-26,1.31835,1.32351,1.28598,1.31835,
2009-01-27,1.31835,1.33276,1.31176,1.32127,
2009-01-28,1.32127,1.33264,1.31008,1.31518,
2009-01-29,1.31518,1.31782,1.2914,1.29368,
2009-01-30,1.29368,1.29405,1.27614,1.28101,
2009-02-02,1.28122,1.2898,1.27054,1.28122,
2009-02-03,1.28122,1.30564,1.28006,1.30104,
2009-02-04,1.30104,1.30698,1.28112,1.28533,
2009-02-05,1.28533,1.29041,1.27594,1.27872,
2009-02-06,1.27872,1.29922,1.27458,1.29416,
2009-02-09,1.29592,1.30923,1.2872,1.29592,
2009-02-10,1.29592,1.3073,1.28083,1.291,
2009-02-11,1.291,1.29968,1.28325,1.28649,
2009-02-12,1.28649,1.29424,1.27209,1.28822,
2009-02-13,1.28822,1.29415,1.28202,1.286,
2009-02-16,1.27963,1.28243,1.27257,1.27963,
2009-02-17,1.27963,1.27978,1.2557,1.2582,
2009-02-18,1.2582,1.26396,1.25122,1.25651,
2009-02-19,1.25651,1.27594,1.25552,1.26554,
2009-02-20,1.26554,1.28815,1.25571,1.28238,
2009-02-23,1.26692,1.29905,1.26637,1.26692,
2009-02-24,1.26692,1.28772,1.26609,1.28704,
2009-02-25,1.28704,1.28978,1.26889,1.27159,
2009-02-26,1.27159,1.28092,1.26807,1.27162,
2009-02-27,1.27162,1.27494,1.26028,1.26658,
2009-03-02,1.25612,1.26308,1.25383,1.25612,
2009-03-03,1.25612,1.26768,1.25203,1.25281,
2009-03-04,1.25281,1.26624,1.24552,1.26327,
2009-03-05,1.26327,1.26391,1.24797,1.25438,
2009-03-06,1.25438,1.27517,1.25371,1.26497,
2009-03-09,1.26175,1.27254,1.25548,1.26175,
2009-03-10,1.26175,1.2822,1.26104,1.27137,
2009-03-11,1.27137,1.28635,1.26152,1.28043,
2009-03-12,1.28043,1.29442,1.27307,1.2896,
2009-03-13,1.2896,1.29566,1.2861,1.29267,
2009-03-16,1.29726,1.30704,1.2867,1.29726,
2009-03-17,1.29726,1.30409,1.29301,1.3031,
2009-03-18,1.3031,1.35341,1.29854,1.3486,
2009-03-19,1.3486,1.37366,1.34156,1.36592,
2009-03-20,1.36592,1.37249,1.35154,1.35795,
2009-03-23,1.36168,1.37352,1.34842,1.36168,
2009-03-24,1.36168,1.36772,1.34303,1.34803,
2009-03-25,1.34803,1.36498,1.34173,1.35733,
2009-03-26,1.35733,1.36387,1.34935,1.35268,
2009-03-27,1.35268,1.35898,1.32554,1.32846,
2009-03-30,1.3187,1.32792,1.31124,1.3187,
2009-03-31,1.3187,1.3342,1.31726,1.32555,
2009-04-01,1.32555,1.32858,1.31646,1.3239,
2009-04-02,1.3239,1.35164,1.32384,1.34711,
2009-04-03,1.34711,1.34945,1.33629,1.34816,
2009-04-06,1.33217,1.35812,1.33194,1.33217,
2009-04-07,1.33217,1.33966,1.32243,1.32674,
2009-04-08,1.32674,1.33071,1.31461,1.32502,
2009-04-09,1.32502,1.3335,1.30877,1.31195,
2009-04-10,1.31195,1.31869,1.30906,1.31858,
2009-04-13,1.33745,1.33916,1.31248,1.33745,
2009-04-14,1.33745,1.33763,1.32252,1.32667,
2009-04-15,1.32667,1.32967,1.31448,1.32213,
2009-04-16,1.32213,1.32677,1.31256,1.31829,
2009-04-17,1.31829,1.3191,1.30156,1.30421,
2009-04-20,1.29033,1.30172,1.28859,1.29033,
2009-04-21,1.29033,1.2993,1.28959,1.29348,
2009-04-22,1.29348,1.30375,1.28833,1.30069,
2009-04-23,1.30069,1.31589,1.29787,1.31241,
2009-04-24,1.31241,1.32997,1.31114,1.32398,
2009-04-27,1.30226,1.32176,1.29983,1.30226,
2009-04-28,1.30226,1.31644,1.29631,1.31304,
2009-04-29,1.31304,1.33394,1.31189,1.32647,
2009-04-30,1.32647,1.33854,1.31895,1.32431,
2009-05-01,1.32431,1.33271,1.32267,1.32675,
2009-05-04,1.34149,1.34373,1.32112,1.34149,
2009-05-05,1.34149,1.34346,1.32817,1.3303,
2009-05-06,1.3303,1.33731,1.3245,1.3299,
2009-05-07,1.3299,1.34689,1.32509,1.33852,
2009-05-08,1.33852,1.36487,1.33411,1.36333,
2009-05-11,1.35835,1.36682,1.35556,1.35835,
2009-05-12,1.35835,1.37056,1.3562,1.36768,
2009-05-13,1.36768,1.37214,1.35332,1.35392,
2009-05-14,1.35392,1.36643,1.35242,1.36302,
2009-05-15,1.36302,1.36497,1.34605,1.34933,
2009-05-18,1.35505,1.35627,1.34216,1.35505,
2009-05-19,1.35505,1.36672,1.35294,1.36424,
2009-05-20,1.36424,1.38293,1.35815,1.37827,
2009-05-21,1.37827,1.39407,1.37277,1.39393,
2009-05-22,1.39393,1.40495,1.38986,1.39946,
2009-05-25,1.40068,1.40255,1.39571,1.40068,
2009-05-26,1.40068,1.40222,1.38573,1.39913,
2009-05-27,1.39913,1.39954,1.38231,1.38307,
2009-05-28,1.38307,1.39821,1.37904,1.39477,
2009-05-29,1.39477,1.41668,1.39421,1.41578,
2009-06-01,1.41798,1.42463,1.40983,1.41798,
2009-06-02,1.41798,1.4331,1.41005,1.42869,
2009-06-03,1.42869,1.43366,1.41076,1.41409,
2009-06-04,1.41409,1.42419,1.40693,1.41664,
2009-06-05,1.41664,1.42666,1.39319,1.39687,
2009-06-08,1.39277,1.40016,1.38029,1.39277,
2009-06-09,1.39277,1.41015,1.38514,1.40617,
2009-06-10,1.40617,1.41422,1.39143,1.39849,
2009-06-11,1.39849,1.41766,1.3942,1.41234,
2009-06-12,1.41234,1.4127,1.39346,1.40154,
2009-06-15,1.37739,1.39846,1.37544,1.37739,
2009-06-16,1.37739,1.39319,1.37473,1.38147,
2009-06-17,1.38147,1.39845,1.38098,1.39658,
2009-06-18,1.39658,1.40001,1.38702,1.39082,
2009-06-19,1.39082,1.40121,1.38826,1.39328,
2009-06-22,1.38491,1.39337,1.38254,1.38491,
2009-06-23,1.38491,1.41061,1.38271,1.40683,
2009-06-24,1.40683,1.41371,1.38876,1.39402,
2009-06-25,1.39402,1.40121,1.38881,1.40086,
2009-06-26,1.40086,1.41171,1.40073,1.40574,
2009-06-29,1.40976,1.41124,1.3982,1.40976,
2009-06-30,1.40976,1.41522,1.40003,1.40394,
2009-07-01,1.40394,1.42001,1.40002,1.41451,
2009-07-02,1.41451,1.41474,1.39265,1.39614,
2009-07-03,1.39614,1.40266,1.39507,1.39798,
2009-07-06,1.39913,1.39974,1.38744,1.39913,
2009-07-07,1.39913,1.40494,1.38871,1.38963,
2009-07-08,1.38963,1.3937,1.38314,1.38624,
2009-07-09,1.38624,1.40705,1.38581,1.40089,
2009-07-10,1.40089,1.40121,1.38775,1.39342,
2009-07-13,1.40029,1.40049,1.38961,1.40029,
2009-07-14,1.40029,1.40133,1.39103,1.39787,
2009-07-15,1.39787,1.41337,1.39686,1.4092,
2009-07-16,1.4092,1.41646,1.40556,1.41302,
2009-07-17,1.41302,1.41462,1.40616,1.41004,
2009-07-20,1.42106,1.4248,1.41256,1.42106,
2009-07-21,1.42106,1.42756,1.41626,1.41975,
2009-07-22,1.41975,1.4256,1.41579,1.42022,
2009-07-23,1.42022,1.42896,1.41187,1.41618,
2009-07-24,1.41618,1.42525,1.41346,1.4204,
2009-07-27,1.42441,1.42968,1.41706,1.42441,
2009-07-28,1.42441,1.4303,1.41297,1.41447,
2009-07-29,1.41447,1.41943,1.40061,1.40147,
2009-07-30,1.40147,1.40939,1.40134,1.40838,
2009-07-31,1.40838,1.4278,1.40783,1.42567,
2009-08-03,1.44076,1.44439,1.42054,1.44076,
2009-08-04,1.44076,1.44304,1.43662,1.44134,
2009-08-05,1.44134,1.44459,1.43545,1.44076,
2009-08-06,1.44076,1.44293,1.43278,1.43693,
2009-08-07,1.43693,1.44098,1.41534,1.41814,
2009-08-10,1.41285,1.42174,1.41027,1.41285,
2009-08-11,1.41285,1.41843,1.41089,1.4149,
2009-08-12,1.4149,1.42458,1.40852,1.42153,
2009-08-13,1.42153,1.43256,1.42081,1.42742,
2009-08-14,1.42742,1.43053,1.41591,1.42014,
2009-08-17,1.41068,1.41695,1.4044,1.41068,
2009-08-18,1.41068,1.41719,1.40672,1.41651,
2009-08-19,1.41651,1.42655,1.40823,1.42483,
2009-08-20,1.42483,1.4274,1.41993,1.42534,
2009-08-21,1.42534,1.43747,1.42077,1.43247,
2009-08-24,1.42959,1.43579,1.42793,1.42959,
2009-08-25,1.42959,1.43604,1.42517,1.42817,
2009-08-26,1.42817,1.43497,1.42057,1.42364,
2009-08-27,1.42364,1.4406,1.42179,1.43689,
2009-08-28,1.43689,1.43875,1.42805,1.43012,
2009-08-31,1.43336,1.43655,1.42548,1.43336,
2009-09-01,1.43336,1.43774,1.41766,1.42073,
2009-09-02,1.42073,1.42933,1.41893,1.42717,
2009-09-03,1.42717,1.43462,1.42347,1.42547,
2009-09-04,1.42547,1.43253,1.41903,1.42971,
2009-09-07,1.43331,1.43615,1.43162,1.43331,
2009-09-08,1.43331,1.45327,1.43275,1.45002,
2009-09-09,1.45002,1.45988,1.44655,1.45481,
2009-09-10,1.45481,1.46116,1.45012,1.45801,
2009-09-11,1.45801,1.46332,1.45521,1.45689,
2009-09-14,1.46384,1.46519,1.4514,1.46384,
2009-09-15,1.46384,1.46846,1.45606,1.46687,
2009-09-16,1.46687,1.47356,1.46407,1.4708,
2009-09-17,1.4708,1.4766,1.46872,1.47321,
2009-09-18,1.47321,1.47365,1.46472,1.47091,
2009-09-21,1.46818,1.47118,1.46104,1.46818,
2009-09-22,1.46818,1.48382,1.46811,1.48089,
2009-09-23,1.48089,1.48424,1.46853,1.47268,
2009-09-24,1.47268,1.48021,1.46222,1.46497,
2009-09-25,1.46497,1.47231,1.46138,1.46888,
2009-09-28,1.46209,1.47107,1.45621,1.46209,
2009-09-29,1.46209,1.46447,1.45255,1.45931,
2009-09-30,1.45931,1.46734,1.4574,1.46525,
2009-10-01,1.46525,1.46672,1.45104,1.45143,
2009-10-02,1.45143,1.46461,1.4479,1.45761,
2009-10-05,1.46568,1.46681,1.45912,1.46568,
2009-10-06,1.46568,1.47613,1.46545,1.472,
2009-10-07,1.472,1.47359,1.46497,1.47135,
2009-10-08,1.47135,1.48163,1.47036,1.47715,
2009-10-09,1.47715,1.47777,1.46723,1.47252,
2009-10-12,1.47895,1.48114,1.46747,1.47895,
2009-10-13,1.47895,1.48753,1.4761,1.48475,
2009-10-14,1.48475,1.49445,1.48387,1.49311,
2009-10-15,1.49311,1.49658,1.48421,1.49532,
2009-10-16,1.49532,1.49664,1.48478,1.49032,
2009-10-19,1.49672,1.4979,1.48272,1.49672,
2009-10-20,1.49672,1.49934,1.48808,1.49297,
2009-10-21,1.49297,1.50446,1.48873,1.50119,
2009-10-22,1.50119,1.50414,1.49436,1.50367,
2009-10-23,1.50367,1.50589,1.49848,1.50059,
2009-10-26,1.48569,1.50619,1.48444,1.48569,
2009-10-27,1.48569,1.49262,1.47691,1.48179,
2009-10-28,1.48179,1.48392,1.46907,1.47167,
2009-10-29,1.47167,1.48584,1.4683,1.4837,
2009-10-30,1.4837,1.48571,1.47024,1.47217,
2009-11-02,1.47722,1.48439,1.47015,1.47722,
2009-11-03,1.47722,1.48089,1.46247,1.47312,
2009-11-04,1.47312,1.49075,1.47011,1.48658,
2009-11-05,1.48658,1.49164,1.48094,1.48758,
2009-11-06,1.48758,1.49127,1.4812,1.4844,
2009-11-09,1.5004,1.50185,1.48522,1.5004,
2009-11-10,1.5004,1.50198,1.49374,1.49908,
2009-11-11,1.49908,1.5048,1.4952,1.49821,
2009-11-12,1.49821,1.50149,1.48212,1.48553,
2009-11-13,1.48553,1.49366,1.48232,1.49027,
2009-11-16,1.49815,1.50139,1.48794,1.49815,
2009-11-17,1.49815,1.49981,1.48075,1.48735,
2009-11-18,1.48735,1.49893,1.48678,1.49532,
2009-11-19,1.49532,1.49552,1.48417,1.49124,
2009-11-20,1.49124,1.49342,1.48002,1.48589,
2009-11-23,1.49538,1.49978,1.48667,1.49538,
2009-11-24,1.49538,1.49877,1.48875,1.49647,
2009-11-25,1.49647,1.5143,1.49599,1.51254,
2009-11-26,1.51254,1.51376,1.49417,1.49651,
2009-11-27,1.49651,1.5,1.48275,1.49855,
2009-11-30,1.50341,1.50823,1.49718,1.50341,
2009-12-01,1.50341,1.51162,1.49701,1.50884,
2009-12-02,1.50884,1.51081,1.50308,1.50661,
2009-12-03,1.50661,1.51397,1.50363,1.50616,
2009-12-04,1.50616,1.50893,1.48207,1.4854,
2009-12-07,1.48373,1.49031,1.47548,1.48373,
2009-12-08,1.48373,1.48663,1.46676,1.46908,
2009-12-09,1.46908,1.47808,1.46728,1.47346,
2009-12-10,1.47346,1.47588,1.46823,1.47283,
2009-12-11,1.47283,1.47758,1.45852,1.46155,
2009-12-14,1.46563,1.46843,1.46065,1.46563,
2009-12-15,1.46563,1.4658,1.45021,1.45396,
2009-12-16,1.45396,1.45888,1.45042,1.45234,
2009-12-17,1.45234,1.45298,1.4303,1.43426,
2009-12-18,1.43426,1.44095,1.42599,1.43303,
2009-12-21,1.42837,1.43716,1.42641,1.42837,
2009-12-22,1.42837,1.43305,1.42158,1.42523,
2009-12-23,1.42523,1.43649,1.42325,1.43351,
2009-12-24,1.43351,1.44168,1.43305,1.43756,
2009-12-25,1.43756,1.43823,1.43551,1.43643,
2009-12-28,1.43721,1.44123,1.43532,1.43721,
2009-12-29,1.43721,1.44568,1.43303,1.43395,
2009-12-30,1.43395,1.43598,1.42719,1.43398,
2009-12-31,1.43398,1.44387,1.4305,1.43222,
2010-01-01,1.43222,1.43222,1.43222,1.43222,
2010-01-04,1.44235,1.44552,1.42562,1.44235,
2010-01-05,1.44235,1.44823,1.43448,1.43633,
2010-01-06,1.43633,1.44337,1.42819,1.44006,
2010-01-07,1.44006,1.44455,1.42976,1.43159,
2010-01-08,1.43159,1.44378,1.4262,1.4408,
2010-01-11,1.45066,1.45557,1.44612,1.45066,
2010-01-12,1.45066,1.45445,1.4452,1.44746,
2010-01-13,1.44746,1.45785,1.44549,1.45217,
2010-01-14,1.45217,1.45544,1.44449,1.44986,
2010-01-15,1.44986,1.45023,1.43355,1.43855,
2010-01-18,1.4403,1.44076,1.43341,1.4403,
2010-01-19,1.4403,1.44131,1.42511,1.42785,
2010-01-20,1.42785,1.42877,1.40792,1.41108,
2010-01-21,1.41108,1.41415,1.40283,1.40974,
2010-01-22,1.40974,1.41808,1.40854,1.41366,
2010-01-25,1.41458,1.41932,1.41268,1.41458,
2010-01-26,1.41458,1.41781,1.4041,1.40808,
2010-01-27,1.40808,1.40955,1.39922,1.40281,
2010-01-28,1.40281,1.40507,1.39385,1.39618,
2010-01-29,1.39618,1.39855,1.3861,1.38613,
2010-02-01,1.39212,1.39375,1.38511,1.39212,
2010-02-02,1.39212,1.39753,1.3885,1.39748,
2010-02-03,1.39748,1.40242,1.38816,1.38958,
2010-02-04,1.38958,1.39009,1.3712,1.374,
2010-02-05,1.374,1.37452,1.35835,1.36763,
2010-02-08,1.36541,1.37116,1.36204,1.36541,
2010-02-09,1.36541,1.38379,1.3648,1.37805,
2010-02-10,1.37805,1.38114,1.36754,1.37465,
2010-02-11,1.37465,1.37999,1.35945,1.36861,
2010-02-12,1.36861,1.36877,1.35304,1.36297,
2010-02-15,1.35965,1.36328,1.35775,1.35965,
2010-02-16,1.35965,1.37779,1.35872,1.37611,
2010-02-17,1.37611,1.37873,1.35842,1.36064,
2010-02-18,1.36064,1.36529,1.3442,1.34658,
2010-02-19,1.34658,1.36173,1.34527,1.3611,
2010-02-22,1.36047,1.36526,1.35738,1.36047,
2010-02-23,1.36047,1.36916,1.3496,1.3523,
2010-02-24,1.3523,1.36251,1.35013,1.35415,
2010-02-25,1.35415,1.35694,1.34502,1.35355,
2010-02-26,1.35355,1.3682,1.35334,1.36304,
2010-03-01,1.35599,1.36525,1.34592,1.35599,
2010-03-02,1.35599,1.36208,1.34357,1.36182,
2010-03-03,1.36182,1.37345,1.35917,1.36992,
2010-03-04,1.36992,1.37114,1.35499,1.35806,
2010-03-05,1.35806,1.36292,1.35291,1.36204,
2010-03-08,1.36178,1.37024,1.36043,1.36178,
2010-03-09,1.36178,1.36342,1.35362,1.36048,
2010-03-10,1.36048,1.36779,1.35441,1.36428,
2010-03-11,1.36428,1.36862,1.36187,1.36835,
2010-03-12,1.36835,1.37953,1.36682,1.3767,
2010-03-15,1.36725,1.37735,1.36386,1.36725,
2010-03-16,1.36725,1.37823,1.36554,1.37665,
2010-03-17,1.37665,1.38167,1.3725,1.37358,
2010-03-18,1.37358,1.37381,1.35852,1.36099,
2010-03-19,1.36099,1.36259,1.35019,1.3528,
2010-03-22,1.35658,1.35681,1.3462,1.35658,
2010-03-23,1.35658,1.35662,1.34579,1.34669,
2010-03-24,1.34669,1.34841,1.3304,1.33276,
2010-03-25,1.33276,1.33858,1.32662,1.33041,
2010-03-26,1.33041,1.34241,1.33,1.3408,
2010-03-29,1.34883,1.35051,1.34178,1.34883,
2010-03-30,1.34883,1.3536,1.33945,1.3433,
2010-03-31,1.3433,1.35474,1.33835,1.35253,
2010-04-01,1.35253,1.35901,1.34591,1.3586,
2010-04-02,1.3586,1.3588,1.34736,1.35028,
2010-04-05,1.34657,1.3537,1.34592,1.34657,
2010-04-06,1.34657,1.34662,1.33543,1.33809,
2010-04-07,1.33809,1.34012,1.3325,1.33299,
2010-04-08,1.33299,1.33832,1.32812,1.33745,
2010-04-09,1.33745,1.34976,1.33406,1.34969,
2010-04-12,1.3586,1.36904,1.35653,1.3586,
2010-04-13,1.3586,1.36261,1.35439,1.36137,
2010-04-14,1.36137,1.36776,1.35931,1.36553,
2010-04-15,1.36553,1.36655,1.35203,1.35645,
2010-04-16,1.35645,1.35651,1.34714,1.35012,
2010-04-19,1.34847,1.34936,1.3415,1.34847,
2010-04-20,1.34847,1.35216,1.34186,1.34216,
2010-04-21,1.34216,1.34462,1.33571,1.33866,
2010-04-22,1.33866,1.34201,1.32008,1.32215,
2010-04-23,1.32215,1.33986,1.32045,1.33831,
2010-04-26,1.33938,1.34148,1.32911,1.33938,
2010-04-27,1.33938,1.33938,1.31432,1.31782,
2010-04-28,1.31782,1.3265,1.31136,1.31962,
2010-04-29,1.31962,1.32781,1.31832,1.325,
2010-04-30,1.325,1.33411,1.3224,1.32925,
2010-05-03,1.31945,1.33113,1.31532,1.31945,
2010-05-04,1.31945,1.32128,1.29597,1.2976,
2010-05-05,1.2976,1.29944,1.2788,1.28147,
2010-05-06,1.28147,1.28555,1.25178,1.26529,
2010-05-07,1.26529,1.27967,1.25845,1.27503,
2010-05-10,1.27361,1.30928,1.27215,1.27361,
2010-05-11,1.27361,1.28014,1.26145,1.26376,
2010-05-12,1.26376,1.27377,1.26043,1.26448,
2010-05-13,1.26448,1.2683,1.2515,1.25306,
2010-05-14,1.25306,1.25746,1.2353,1.23561,
2010-05-17,1.23816,1.2413,1.22328,1.23816,
2010-05-18,1.23816,1.24428,1.21423,1.21425,
2010-05-19,1.21425,1.243,1.21425,1.23838,
2010-05-20,1.23838,1.25961,1.22947,1.25386,
2010-05-21,1.25386,1.26707,1.24694,1.25696,
2010-05-24,1.23372,1.25376,1.23313,1.23372,
2010-05-25,1.23372,1.23863,1.21768,1.23311,
2010-05-26,1.23311,1.23437,1.21528,1.21813,
2010-05-27,1.21813,1.23938,1.21808,1.2366,
2010-05-28,1.2366,1.2452,1.22639,1.22718,
2010-05-31,1.22694,1.23323,1.22659,1.22694,
2010-06-01,1.22694,1.23524,1.21098,1.22449,
2010-06-02,1.22449,1.22724,1.21742,1.22515,
2010-06-03,1.22515,1.23254,1.21516,1.21771,
2010-06-04,1.21771,1.22142,1.19547,1.19639,
2010-06-07,1.19219,1.19903,1.1875,1.19219,
2010-06-08,1.19219,1.20076,1.19008,1.19571,
2010-06-09,1.19571,1.20718,1.19229,1.19884,
2010-06-10,1.19884,1.21404,1.19555,1.21295,
2010-06-11,1.21295,1.21513,1.2044,1.21102,
2010-06-14,1.22107,1.22969,1.2162,1.22107,
2010-06-15,1.22107,1.23484,1.21669,1.23148,
2010-06-16,1.23148,1.23522,1.22536,1.22978,
2010-06-17,1.22978,1.24116,1.22407,1.23847,
2010-06-18,1.23847,1.24163,1.23526,1.23857,
2010-06-21,1.23215,1.24658,1.23035,1.23215,
2010-06-22,1.23215,1.23528,1.225,1.22648,
2010-06-23,1.22648,1.23424,1.22083,1.23057,
2010-06-24,1.23057,1.23861,1.22606,1.23346,
2010-06-25,1.23346,1.23933,1.22534,1.23674,
2010-06-28,1.22861,1.23963,1.22644,1.22861,
2010-06-29,1.22861,1.22898,1.21503,1.21842,
2010-06-30,1.21842,1.23032,1.21645,1.22274,
2010-07-01,1.22274,1.25377,1.21924,1.25107,
2010-07-02,1.25107,1.26104,1.24808,1.25646,
2010-07-05,1.25066,1.25575,1.25035,1.25066,
2010-07-06,1.25066,1.26606,1.24791,1.26215,
2010-07-07,1.26215,1.26637,1.25527,1.26231,
2010-07-08,1.26231,1.27108,1.26231,1.26885,
2010-07-09,1.26885,1.27212,1.26075,1.26382,
2010-07-12,1.26023,1.26439,1.25499,1.26023,
2010-07-13,1.26023,1.27369,1.25219,1.27188,
2010-07-14,1.27188,1.27763,1.26815,1.27331,
2010-07-15,1.27331,1.29536,1.27073,1.2918,
2010-07-16,1.2918,1.30058,1.28886,1.29282,
2010-07-19,1.29379,1.29907,1.28696,1.29379,
2010-07-20,1.29379,1.30273,1.28382,1.29041,
2010-07-21,1.29041,1.2912,1.27312,1.27589,
2010-07-22,1.27589,1.29314,1.27363,1.29102,
2010-07-23,1.29102,1.2964,1.27922,1.29069,
2010-07-26,1.29812,1.30048,1.2888,1.29812,
2010-07-27,1.29812,1.30444,1.29511,1.29875,
2010-07-28,1.29875,1.30406,1.29654,1.29981,
2010-07-29,1.29981,1.31049,1.29765,1.30655,
2010-07-30,1.30655,1.3092,1.29795,1.30495,
2010-08-02,1.3171,1.3194,1.30542,1.3171,
2010-08-03,1.3171,1.32612,1.3146,1.32198,
2010-08-04,1.32198,1.32389,1.313,1.31532,
2010-08-05,1.31532,1.3234,1.31183,1.31779,
2010-08-06,1.31779,1.3333,1.31569,1.32769,
2010-08-09,1.32141,1.33067,1.32103,1.32141,
2010-08-10,1.32141,1.32267,1.30734,1.31543,
2010-08-11,1.31543,1.31594,1.28289,1.28483,
2010-08-12,1.28483,1.29311,1.27791,1.28416,
2010-08-13,1.28416,1.2905,1.27465,1.27524,
2010-08-16,1.28128,1.28697,1.27316,1.28128,
2010-08-17,1.28128,1.29151,1.28033,1.28687,
2010-08-18,1.28687,1.29207,1.27904,1.27946,
2010-08-19,1.27946,1.29009,1.27706,1.28066,
2010-08-20,1.28066,1.28319,1.26631,1.27099,
2010-08-23,1.26298,1.2728,1.26233,1.26298,
2010-08-24,1.26298,1.27171,1.25865,1.26343,
2010-08-25,1.26343,1.27261,1.26077,1.26702,
2010-08-26,1.26702,1.27627,1.26496,1.27032,
2010-08-27,1.27032,1.27781,1.2675,1.27599,
2010-08-30,1.26631,1.27542,1.2658,1.26631,
2010-08-31,1.26631,1.27415,1.26243,1.26722,
2010-09-01,1.26722,1.28545,1.26623,1.27938,
2010-09-02,1.27938,1.28471,1.2776,1.28137,
2010-09-03,1.28137,1.28954,1.28075,1.28939,
2010-09-06,1.28178,1.29183,1.2798,1.28178,
2010-09-07,1.28178,1.28179,1.26754,1.2691,
2010-09-08,1.2691,1.27619,1.26578,1.27269,
2010-09-09,1.27269,1.27645,1.26645,1.26771,
2010-09-10,1.26771,1.2746,1.26437,1.26782,
2010-09-13,1.28624,1.28913,1.27574,1.28624,
2010-09-14,1.28624,1.30317,1.28285,1.29943,
2010-09-15,1.29943,1.30354,1.2954,1.301,
2010-09-16,1.301,1.31155,1.29748,1.30653,
2010-09-17,1.30653,1.31581,1.30184,1.30475,
2010-09-20,1.30618,1.31198,1.3028,1.30618,
2010-09-21,1.30618,1.32888,1.30588,1.32824,
2010-09-22,1.32824,1.34378,1.32664,1.33925,
2010-09-23,1.33925,1.34127,1.32901,1.32935,
2010-09-24,1.32935,1.34934,1.32855,1.34878,
2010-09-27,1.34292,1.35062,1.34239,1.34292,
2010-09-28,1.34292,1.35939,1.33802,1.35718,
2010-09-29,1.35718,1.3645,1.35655,1.36241,
2010-09-30,1.36241,1.36819,1.35585,1.363,
2010-10-01,1.363,1.37899,1.36281,1.37891,
2010-10-04,1.36468,1.37839,1.36428,1.36468,
2010-10-05,1.36468,1.38578,1.36363,1.38525,
2010-10-06,1.38525,1.39468,1.37978,1.39149,
2010-10-07,1.39149,1.40277,1.38561,1.3924,
2010-10-08,1.3924,1.39826,1.38323,1.39391,
2010-10-11,1.38644,1.39983,1.38562,1.38644,
2010-10-12,1.38644,1.39336,1.37741,1.39197,
2010-10-13,1.39197,1.40005,1.39118,1.39809,
2010-10-14,1.39809,1.41208,1.39809,1.40235,
2010-10-15,1.40235,1.41581,1.39358,1.39746,
2010-10-18,1.39625,1.39969,1.38303,1.39625,
2010-10-19,1.39625,1.40033,1.36969,1.36986,
2010-10-20,1.36986,1.399,1.36986,1.39754,
2010-10-21,1.39754,1.40491,1.38705,1.39114,
2010-10-22,1.39114,1.39712,1.38567,1.39521,
2010-10-25,1.39218,1.40791,1.39072,1.39218,
2010-10-26,1.39218,1.39809,1.38244,1.38443,
2010-10-27,1.38443,1.38778,1.37325,1.37943,
2010-10-28,1.37943,1.395,1.37773,1.39426,
2010-10-29,1.39426,1.39453,1.38062,1.39452,
2010-11-01,1.3908,1.401,1.38625,1.3908,
2010-11-02,1.3908,1.4057,1.38804,1.40318,
2010-11-03,1.40318,1.41512,1.39905,1.41247,
2010-11-04,1.41247,1.4281,1.41013,1.42273,
2010-11-05,1.42273,1.42295,1.40228,1.40307,
2010-11-08,1.38623,1.40847,1.38581,1.38623,
2010-11-09,1.38623,1.39727,1.37463,1.37675,
2010-11-10,1.37675,1.38244,1.36694,1.37735,
2010-11-11,1.37735,1.38199,1.36064,1.36203,
2010-11-12,1.36203,1.37755,1.35727,1.36887,
2010-11-15,1.35723,1.3749,1.35623,1.35723,
2010-11-16,1.35723,1.36546,1.34456,1.3493,
2010-11-17,1.3493,1.35645,1.34596,1.35515,
2010-11-18,1.35515,1.36668,1.35415,1.36551,
2010-11-19,1.36551,1.37304,1.36075,1.36709,
2010-11-22,1.35986,1.37851,1.35754,1.35986,
2010-11-23,1.35986,1.36133,1.33587,1.33848,
2010-11-24,1.33848,1.34204,1.32834,1.33569,
2010-11-25,1.33569,1.33862,1.32854,1.33388,
2010-11-26,1.33388,1.33493,1.31994,1.3239,
2010-11-29,1.30992,1.33011,1.30631,1.30992,
2010-11-30,1.30992,1.31499,1.29676,1.29946,
2010-12-01,1.29946,1.31806,1.29704,1.31237,
2010-12-02,1.31237,1.3246,1.30593,1.3211,
2010-12-03,1.3211,1.34376,1.31924,1.34116,
2010-12-06,1.32881,1.34201,1.32455,1.32881,
2010-12-07,1.32881,1.33998,1.32351,1.32476,
2010-12-08,1.32476,1.32793,1.31792,1.32472,
2010-12-09,1.32472,1.33215,1.31632,1.32397,
2010-12-10,1.32397,1.32812,1.31787,1.3225,
2010-12-13,1.3393,1.34323,1.31815,1.3393,
2010-12-14,1.3393,1.34977,1.33542,1.33559,
2010-12-15,1.33559,1.33768,1.32077,1.32232,
2010-12-16,1.32232,1.32647,1.31803,1.3238,
2010-12-17,1.3238,1.33583,1.31321,1.31868,
2010-12-20,1.31159,1.31818,1.30932,1.31159,
2010-12-21,1.31159,1.32005,1.3073,1.30897,
2010-12-22,1.30897,1.31803,1.30761,1.31134,
2010-12-23,1.31134,1.31504,1.30544,1.31222,
2010-12-24,1.31222,1.31472,1.30858,1.31155,
2010-12-27,1.31874,1.3188,1.30784,1.31874,
2010-12-28,1.31874,1.32735,1.30827,1.30851,
2010-12-29,1.30851,1.3238,1.30832,1.3223,
2010-12-30,1.3223,1.33137,1.32183,1.33006,
2010-12-31,1.33006,1.34234,1.32879,1.33723,
2011-01-03,1.33552,1.33945,1.32495,1.33552,
2011-01-04,1.33552,1.34332,1.32913,1.33181,
2011-01-05,1.33181,1.33243,1.31247,1.31551,
2011-01-06,1.31551,1.31694,1.29682,1.29791,
2011-01-07,1.29791,1.30211,1.29043,1.29052,
2011-01-10,1.29632,1.29652,1.28729,1.29632,
2011-01-11,1.29632,1.29921,1.29039,1.29815,
2011-01-12,1.29815,1.31443,1.29611,1.31253,
2011-01-13,1.31253,1.33824,1.30881,1.33497,
2011-01-14,1.33497,1.34559,1.33138,1.33875,
2011-01-17,1.32803,1.3379,1.32436,1.32803,
2011-01-18,1.32803,1.34656,1.32521,1.33769,
2011-01-19,1.33769,1.35374,1.3376,1.34508,
2011-01-20,1.34508,1.35221,1.33949,1.34642,
2011-01-21,1.34642,1.3625,1.3448,1.36192,
2011-01-24,1.36418,1.36848,1.35393,1.36418,
2011-01-25,1.36418,1.37029,1.35721,1.36838,
2011-01-26,1.36838,1.37211,1.36401,1.37089,
2011-01-27,1.37089,1.37572,1.36361,1.3722,
2011-01-28,1.3722,1.37451,1.35824,1.36092,
2011-01-31,1.37127,1.37389,1.35694,1.37127,
2011-02-01,1.37127,1.38416,1.36998,1.38275,
2011-02-02,1.38275,1.38604,1.37662,1.38153,
2011-02-03,1.38153,1.38246,1.36084,1.36226,
2011-02-04,1.36226,1.36776,1.35423,1.35798,
2011-02-07,1.35908,1.36261,1.35071,1.35908,
2011-02-08,1.35908,1.36874,1.35712,1.36242,
2011-02-09,1.36242,1.37434,1.36099,1.3718,
2011-02-10,1.3718,1.37272,1.35762,1.36022,
2011-02-11,1.36022,1.36201,1.34963,1.35559,
2011-02-14,1.34783,1.35573,1.34273,1.34783,
2011-02-15,1.34783,1.35493,1.34601,1.34966,
2011-02-16,1.34966,1.35872,1.34614,1.35728,
2011-02-17,1.35728,1.36262,1.35356,1.36217,
2011-02-18,1.36217,1.3714,1.35442,1.36913,
2011-02-21,1.36802,1.37113,1.36462,1.36802,
2011-02-22,1.36802,1.3703,1.35246,1.36711,
2011-02-23,1.36711,1.37855,1.36711,1.37592,
2011-02-24,1.37592,1.38227,1.37031,1.38193,
2011-02-25,1.38193,1.38371,1.37228,1.37523,
2011-02-28,1.38195,1.38548,1.37104,1.38195,
2011-03-01,1.38195,1.38532,1.37617,1.37666,
2011-03-02,1.37666,1.38892,1.37423,1.3864,
2011-03-03,1.3864,1.3975,1.38319,1.39549,
2011-03-04,1.39549,1.40062,1.39397,1.3985,
2011-03-07,1.39612,1.40352,1.39545,1.39612,
2011-03-08,1.39612,1.39881,1.38611,1.38936,
2011-03-09,1.38936,1.39405,1.38546,1.39027,
2011-03-10,1.39027,1.39236,1.37743,1.37997,
2011-03-11,1.37997,1.3914,1.37512,1.3901,
2011-03-14,1.39895,1.40022,1.39036,1.39895,
2011-03-15,1.39895,1.4012,1.38542,1.39848,
2011-03-16,1.39848,1.4,1.38659,1.38822,
2011-03-17,1.38822,1.40521,1.38752,1.40294,
2011-03-18,1.40294,1.41829,1.39789,1.41801,
2011-03-21,1.42148,1.4239,1.4138,1.42148,
2011-03-22,1.42148,1.42472,1.41617,1.41669,
2011-03-23,1.41669,1.42134,1.4076,1.41031,
2011-03-24,1.41031,1.4219,1.40527,1.41681,
2011-03-25,1.41681,1.41925,1.40545,1.40855,
2011-03-28,1.40719,1.41144,1.40252,1.40719,
2011-03-29,1.40719,1.41477,1.4046,1.41194,
2011-03-30,1.41194,1.41461,1.4051,1.41262,
2011-03-31,1.41262,1.42319,1.41148,1.41555,
2011-04-01,1.41555,1.42445,1.40608,1.42353,
2011-04-04,1.42044,1.42675,1.41913,1.42044,
2011-04-05,1.42044,1.42447,1.41503,1.42309,
2011-04-06,1.42309,1.43482,1.4227,1.43232,
2011-04-07,1.43232,1.43243,1.42412,1.42969,
2011-04-08,1.42969,1.44865,1.42902,1.44817,
2011-04-11,1.44222,1.44817,1.44197,1.44222,
2011-04-12,1.44222,1.45181,1.43765,1.44812,
2011-04-13,1.44812,1.45191,1.44124,1.44508,
2011-04-14,1.44508,1.45134,1.43642,1.45013,
2011-04-15,1.45013,1.45014,1.43898,1.44285,
2011-04-18,1.42362,1.4404,1.41561,1.42362,
2011-04-19,1.42362,1.43718,1.42043,1.43638,
2011-04-20,1.43638,1.45463,1.43534,1.45173,
2011-04-21,1.45173,1.46476,1.4514,1.45578,
2011-04-22,1.45578,1.45875,1.45327,1.45593,
2011-04-25,1.45501,1.4626,1.45243,1.45501,
2011-04-26,1.45501,1.47126,1.44922,1.47037,
2011-04-27,1.47037,1.47949,1.46317,1.47869,
2011-04-28,1.47869,1.48808,1.47716,1.48396,
2011-04-29,1.48396,1.48771,1.48028,1.48058,
2011-05-02,1.47934,1.4901,1.47617,1.47934,
2011-05-03,1.47934,1.48891,1.47535,1.48359,
2011-05-04,1.48359,1.4939,1.4774,1.48263,
2011-05-05,1.48263,1.48983,1.4509,1.45568,
2011-05-06,1.45568,1.4587,1.43079,1.43138,
2011-05-09,1.43672,1.44406,1.42533,1.43672,
2011-05-10,1.43672,1.44176,1.42695,1.43988,
2011-05-11,1.43988,1.44222,1.41715,1.4205,
2011-05-12,1.4205,1.4276,1.41223,1.42283,
2011-05-13,1.42283,1.43384,1.40655,1.41162,
2011-05-16,1.41438,1.42434,1.40471,1.41438,
2011-05-17,1.41438,1.42749,1.41199,1.42654,
2011-05-18,1.42654,1.42859,1.41939,1.4257,
2011-05-19,1.4257,1.43364,1.42052,1.43244,
2011-05-20,1.43244,1.43443,1.41319,1.41587,
2011-05-23,1.40125,1.41342,1.39683,1.40125,
2011-05-24,1.40125,1.41321,1.40125,1.40909,
2011-05-25,1.40909,1.41171,1.40123,1.40678,
2011-05-26,1.40678,1.42055,1.40667,1.4143,
2011-05-27,1.4143,1.43228,1.41285,1.43173,
2011-05-30,1.43319,1.43514,1.42559,1.43319,
2011-05-31,1.43319,1.44362,1.4325,1.44232,
2011-06-01,1.44232,1.44575,1.43066,1.43441,
2011-06-02,1.43441,1.45126,1.43245,1.4486,
2011-06-03,1.4486,1.46415,1.44498,1.46342,
2011-06-06,1.45895,1.46571,1.45561,1.45895,
2011-06-07,1.45895,1.46953,1.45626,1.46784,
2011-06-08,1.46784,1.46883,1.45633,1.45911,
2011-06-09,1.45911,1.4645,1.44764,1.45358,
2011-06-10,1.45358,1.45496,1.43213,1.43446,
2011-06-13,1.4413,1.44291,1.43213,1.4413,
2011-06-14,1.4413,1.44962,1.43776,1.4432,
2011-06-15,1.4432,1.44375,1.41549,1.41909,
2011-06-16,1.41909,1.42204,1.40724,1.42007,
2011-06-17,1.42007,1.43381,1.41263,1.43108,
2011-06-20,1.43608,1.43834,1.41903,1.43608,
2011-06-21,1.43608,1.44321,1.43048,1.43759,
2011-06-22,1.43759,1.44408,1.43094,1.43297,
2011-06-23,1.43297,1.43325,1.41253,1.42606,
2011-06-24,1.42606,1.43052,1.41407,1.41855,
2011-06-27,1.43104,1.43285,1.4102,1.43104,
2011-06-28,1.43104,1.43961,1.42362,1.43564,
2011-06-29,1.43564,1.44843,1.43285,1.4463,
2011-06-30,1.4463,1.45369,1.44467,1.4474,
2011-07-01,1.4474,1.45507,1.44353,1.4524,
2011-07-04,1.4541,1.45666,1.44944,1.4541,
2011-07-05,1.4541,1.4541,1.43956,1.44333,
2011-07-06,1.44333,1.44654,1.42851,1.43334,
2011-07-07,1.43334,1.43733,1.42196,1.43604,
2011-07-08,1.43604,1.43671,1.42052,1.42624,
2011-07-11,1.40372,1.42266,1.39854,1.40372,
2011-07-12,1.40372,1.4053,1.3836,1.39882,
2011-07-13,1.39882,1.42815,1.39611,1.42685,
2011-07-14,1.42685,1.42707,1.41145,1.41608,
2011-07-15,1.41608,1.41913,1.4091,1.41546,
2011-07-18,1.41247,1.41352,1.4013,1.41247,
2011-07-19,1.41247,1.42161,1.40678,1.41694,
2011-07-20,1.41694,1.42732,1.41322,1.42596,
2011-07-21,1.42596,1.44367,1.4138,1.44074,
2011-07-22,1.44074,1.44364,1.4323,1.4356,
2011-07-25,1.43722,1.44055,1.4324,1.43722,
2011-07-26,1.43722,1.45244,1.43562,1.45071,
2011-07-27,1.45071,1.45349,1.43377,1.43599,
2011-07-28,1.43599,1.43995,1.42534,1.43258,
2011-07-29,1.43258,1.4412,1.42287,1.43972,
2011-08-01,1.42717,1.44528,1.41837,1.42717,
2011-08-02,1.42717,1.42819,1.415,1.41827,
2011-08-03,1.41827,1.43703,1.41423,1.43483,
2011-08-04,1.43483,1.43671,1.40541,1.40748,
2011-08-05,1.40748,1.42966,1.40691,1.42788,
2011-08-08,1.4175,1.44005,1.41282,1.4175,
2011-08-09,1.4175,1.43964,1.41511,1.43533,
2011-08-10,1.43533,1.44001,1.41221,1.41363,
2011-08-11,1.41363,1.4293,1.41025,1.42139,
2011-08-12,1.42139,1.42904,1.41485,1.4243,
2011-08-15,1.44365,1.44757,1.42625,1.44365,
2011-08-16,1.44365,1.44707,1.43531,1.43795,
2011-08-17,1.43795,1.45163,1.4324,1.44269,
2011-08-18,1.44269,1.4451,1.42702,1.42946,
2011-08-19,1.42946,1.44514,1.4258,1.43932,
2011-08-22,1.43564,1.44333,1.43461,1.43564,
2011-08-23,1.43564,1.4499,1.4356,1.4437,
2011-08-24,1.4437,1.44806,1.43783,1.44068,
2011-08-25,1.44068,1.44736,1.43273,1.43868,
2011-08-26,1.43868,1.45007,1.43279,1.44982,
2011-08-29,1.4515,1.45481,1.44649,1.4515,
2011-08-30,1.4515,1.45321,1.4383,1.44383,
2011-08-31,1.44383,1.44681,1.43574,1.43626,
2011-09-01,1.43626,1.43765,1.42253,1.42681,
2011-09-02,1.42681,1.42864,1.4183,1.42026,
2011-09-05,1.4068,1.41722,1.40579,1.4068,
2011-09-06,1.4068,1.42803,1.39725,1.40081,
2011-09-07,1.40081,1.41477,1.40052,1.40793,
2011-09-08,1.40793,1.40881,1.38716,1.38882,
2011-09-09,1.38882,1.39355,1.36262,1.36532,
2011-09-12,1.36372,1.3693,1.35006,1.36372,
2011-09-13,1.36372,1.37375,1.35571,1.3681,
2011-09-14,1.3681,1.37822,1.35908,1.37466,
2011-09-15,1.37466,1.39348,1.37023,1.38794,
2011-09-16,1.38794,1.38805,1.3753,1.3791,
2011-09-19,1.36207,1.37197,1.35854,1.36207,
2011-09-20,1.36207,1.37433,1.35922,1.37046,
2011-09-21,1.37046,1.37924,1.35563,1.35756,
2011-09-22,1.35756,1.35889,1.33845,1.35036,
2011-09-23,1.35036,1.35661,1.34177,1.34943,
2011-09-26,1.34951,1.3546,1.3361,1.34951,
2011-09-27,1.34951,1.36669,1.34783,1.35843,
2011-09-28,1.35843,1.3689,1.35188,1.3522,
2011-09-29,1.3522,1.36781,1.3519,1.35945,
2011-09-30,1.35945,1.36001,1.33826,1.33844,
2011-10-03,1.31892,1.33802,1.31628,1.31892,
2011-10-04,1.31892,1.3368,1.3145,1.33159,
2011-10-05,1.33159,1.33827,1.32589,1.33448,
2011-10-06,1.33448,1.34498,1.32405,1.34255,
2011-10-07,1.34255,1.35235,1.33598,1.33739,
2011-10-10,1.36252,1.3697,1.33919,1.36252,
2011-10-11,1.36252,1.36826,1.35644,1.36321,
2011-10-12,1.36321,1.38326,1.35816,1.37767,
2011-10-13,1.37767,1.38252,1.36841,1.37512,
2011-10-14,1.37512,1.38929,1.37222,1.38769,
2011-10-17,1.37442,1.39132,1.37234,1.37442,
2011-10-18,1.37442,1.38165,1.36518,1.37311,
2011-10-19,1.37311,1.38681,1.3724,1.3766,
2011-10-20,1.3766,1.38421,1.36553,1.3793,
2011-10-21,1.3793,1.39002,1.3703,1.38901,
2011-10-24,1.39073,1.39563,1.38213,1.39073,
2011-10-25,1.39073,1.39592,1.38481,1.38988,
2011-10-26,1.38988,1.39745,1.37973,1.38842,
2011-10-27,1.38842,1.42463,1.3884,1.41975,
2011-10-28,1.41975,1.41975,1.41325,1.41495,
2011-10-31,1.38579,1.41702,1.38276,1.38579,
2011-11-01,1.38579,1.38699,1.36072,1.36544,
2011-11-02,1.36544,1.38268,1.3652,1.36873,
2011-11-03,1.36873,1.3854,1.36555,1.38217,
2011-11-04,1.38217,1.38671,1.371,1.37902,
2011-11-07,1.37581,1.38121,1.36802,1.37581,
2011-11-08,1.37581,1.38459,1.37234,1.38238,
2011-11-09,1.38238,1.38579,1.352,1.35249,
2011-11-10,1.35249,1.36518,1.34827,1.36081,
2011-11-11,1.36081,1.37938,1.35771,1.37479,
2011-11-14,1.36231,1.37879,1.35905,1.36231,
2011-11-15,1.36231,1.36396,1.34952,1.3503,
2011-11-16,1.3503,1.35561,1.34207,1.34387,
2011-11-17,1.34387,1.35388,1.34218,1.34528,
2011-11-18,1.34528,1.36132,1.34461,1.35229,
2011-11-21,1.34823,1.35396,1.34291,1.34823,
2011-11-22,1.34823,1.35678,1.34682,1.35176,
2011-11-23,1.35176,1.35301,1.33191,1.33432,
2011-11-24,1.33432,1.34104,1.33151,1.33286,
2011-11-25,1.33286,1.3332,1.32111,1.32366,
2011-11-28,1.33135,1.33977,1.32717,1.33135,
2011-11-29,1.33135,1.34409,1.32847,1.33219,
2011-11-30,1.33219,1.35316,1.32583,1.34413,
2011-12-01,1.34413,1.35201,1.34162,1.34651,
2011-12-02,1.34651,1.35464,1.3362,1.33887,
2011-12-05,1.33852,1.34854,1.33742,1.33852,
2011-12-06,1.33852,1.34266,1.33324,1.34084,
2011-12-07,1.34084,1.34524,1.335,1.33981,
2011-12-08,1.33981,1.34584,1.3288,1.33446,
2011-12-09,1.33446,1.34327,1.32804,1.33844,
2011-12-12,1.31635,1.33763,1.31598,1.31635,
2011-12-13,1.31635,1.32358,1.30079,1.30175,
2011-12-14,1.30175,1.30634,1.2945,1.29838,
2011-12-15,1.29838,1.30488,1.29561,1.30279,
2011-12-16,1.30279,1.30833,1.29941,1.30428,
2011-12-19,1.30051,1.30411,1.29819,1.30051,
2011-12-20,1.30051,1.31308,1.29941,1.30854,
2011-12-21,1.30854,1.31965,1.3024,1.30348,
2011-12-22,1.30348,1.31181,1.30163,1.30532,
2011-12-23,1.30532,1.30959,1.30249,1.30408,
2011-12-26,1.30463,1.30811,1.30415,1.30463,
2011-12-27,1.30463,1.30823,1.30418,1.3067,
2011-12-28,1.3067,1.30793,1.29111,1.29234,
2011-12-29,1.29234,1.29643,1.28573,1.2951,
2011-12-30,1.2951,1.29976,1.29032,1.29542,
2012-01-02,1.2946,1.29703,1.29176,1.29372,
2012-01-03,1.29372,1.30762,1.29355,1.3054,
2012-01-04,1.3054,1.3073,1.28978,1.2931,
2012-01-05,1.2931,1.29437,1.27711,1.27919,
2012-01-06,1.27919,1.28127,1.26981,1.27185,
2012-01-09,1.26791,1.27855,1.26776,1.27725,
2012-01-10,1.27725,1.28181,1.27433,1.27532,
2012-01-11,1.27532,1.27897,1.26642,1.27221,
2012-01-12,1.27221,1.28451,1.26998,1.28208,
2012-01-13,1.28208,1.28783,1.26273,1.26775,
2012-01-16,1.26476,1.26878,1.26262,1.26664,
2012-01-17,1.26664,1.28081,1.26649,1.27466,
2012-01-18,1.27466,1.28682,1.27344,1.28641,
2012-01-19,1.28641,1.2972,1.28395,1.29614,
2012-01-20,1.29614,1.29859,1.28874,1.29373,
2012-01-23,1.28869,1.30527,1.2883,1.30243,
2012-01-24,1.30243,1.30628,1.29538,1.30352,
2012-01-25,1.30352,1.31204,1.29311,1.31064,
2012-01-26,1.31064,1.31841,1.30884,1.30884,
2012-01-27,1.30884,1.32283,1.30779,1.32281,
2012-01-30,1.32064,1.32107,1.30769,1.31383,
2012-01-31,1.31383,1.32136,1.30422,1.30758,
2012-02-01,1.30758,1.32182,1.30262,1.31696,
2012-02-02,1.31696,1.31966,1.30857,1.31361,
2012-02-03,1.31361,1.3204,1.30678,1.31423,
2012-02-06,1.31244,1.31416,1.30279,1.31182,
2012-02-07,1.31182,1.32701,1.30901,1.32478,
2012-02-08,1.32478,1.32887,1.32155,1.32479,
2012-02-09,1.32479,1.33217,1.32272,1.3276,
2012-02-10,1.3276,1.32909,1.31559,1.31737,
2012-02-13,1.32351,1.32843,1.31456,1.31544,
2012-02-14,1.31544,1.3216,1.30802,1.31287,
2012-02-15,1.31287,1.31908,1.30439,1.30552,
2012-02-16,1.30552,1.3158,1.29745,1.31273,
2012-02-17,1.31273,1.31974,1.31154,1.31484,
2012-02-20,1.32237,1.32768,1.31824,1.32076,
2012-02-21,1.32076,1.3293,1.3187,1.32491,
2012-02-22,1.32491,1.32662,1.32115,1.32554,
2012-02-23,1.32554,1.33787,1.32314,1.33739,
2012-02-24,1.33739,1.34864,1.33575,1.34578,
2012-02-27,1.34676,1.34684,1.33668,1.34076,
2012-02-28,1.34076,1.34799,1.33893,1.34787,
2012-02-29,1.34787,1.34857,1.33148,1.33246,
2012-03-01,1.33246,1.33564,1.32825,1.33268,
2012-03-02,1.33268,1.33326,1.31872,1.32039,
2012-03-05,1.31856,1.3241,1.31605,1.32234,
2012-03-06,1.32234,1.32262,1.31034,1.31201,
2012-03-07,1.31201,1.3164,1.30975,1.3141,
2012-03-08,1.3141,1.32912,1.31356,1.32718,
2012-03-09,1.32718,1.32725,1.30971,1.31129,
2012-03-12,1.31223,1.31726,1.30788,1.317,
2012-03-13,1.317,1.31914,1.30523,1.30792,
2012-03-14,1.30792,1.30903,1.30111,1.3021,
2012-03-15,1.3021,1.31196,1.30042,1.3077,
2012-03-16,1.3077,1.31874,1.30494,1.31695,
2012-03-19,1.31766,1.32655,1.3142,1.32294,
2012-03-20,1.32294,1.32523,1.31725,1.32383,
2012-03-21,1.32383,1.32853,1.31791,1.32176,
2012-03-22,1.32176,1.32546,1.31031,1.3205,
2012-03-23,1.3205,1.32929,1.31909,1.32661,
2012-03-26,1.32826,1.33677,1.31921,1.3357,
2012-03-27,1.3357,1.33858,1.3313,1.33294,
2012-03-28,1.33294,1.33738,1.32776,1.33256,
2012-03-29,1.33256,1.33456,1.32527,1.33141,
2012-03-30,1.33141,1.33769,1.33096,1.33455,
2012-04-02,1.33455,1.33802,1.3279,1.33299,
2012-04-03,1.33299,1.33676,1.32136,1.32225,
2012-04-04,1.32225,1.32334,1.31075,1.31437,
2012-04-05,1.31437,1.31643,1.30353,1.30629,
2012-04-06,1.30629,1.3113,1.30496,1.30959,
2012-04-09,1.30959,1.31338,1.30338,1.31092,
2012-04-10,1.31092,1.31445,1.30544,1.3072,
2012-04-11,1.3072,1.31571,1.30666,1.31188,
2012-04-12,1.31188,1.32129,1.31023,1.31888,
2012-04-13,1.31888,1.3201,1.30698,1.30822,
2012-04-16,1.30822,1.31479,1.29951,1.31264,
2012-04-17,1.31264,1.31726,1.30905,1.31355,
2012-04-18,1.31355,1.31412,1.30579,1.31174,
2012-04-19,1.31174,1.31659,1.30693,1.31434,
2012-04-20,1.31434,1.32247,1.31289,1.32162,
2012-04-23,1.32162,1.32162,1.31048,1.31491,
2012-04-24,1.31491,1.32179,1.3145,1.31958,
2012-04-25,1.31958,1.32361,1.31757,1.32311,
2012-04-26,1.32311,1.32631,1.31768,1.31916,
2012-04-27,1.31916,1.327,1.31578,1.32382,
2012-04-30,1.32382,1.32669,1.32082,1.3239,
2012-05-01,1.3239,1.32837,1.32044,1.32385,
2012-05-02,1.32385,1.3241,1.31228,1.31479,
2012-05-03,1.31479,1.31804,1.30956,1.31547,
2012-05-04,1.31547,1.31784,1.30806,1.30917,
2012-05-07,1.30917,1.30917,1.29616,1.30593,
2012-05-08,1.30593,1.30601,1.29827,1.29932,
2012-05-09,1.29932,1.30037,1.29116,1.29348,
2012-05-10,1.29348,1.29795,1.29248,1.29335,
2012-05-11,1.29335,1.29576,1.29051,1.29205,
2012-05-14,1.29205,1.29205,1.28156,1.28303,
2012-05-15,1.28303,1.28692,1.2722,1.27351,
2012-05-16,1.27351,1.27591,1.26816,1.27323,
2012-05-17,1.27323,1.27494,1.26669,1.26983,
2012-05-18,1.26983,1.27944,1.26424,1.27737,
2012-05-21,1.27737,1.28247,1.27253,1.28126,
2012-05-22,1.28126,1.2815,1.2652,1.26611,
2012-05-23,1.26611,1.26875,1.25454,1.25613,
2012-05-24,1.25613,1.26201,1.2516,1.25356,
2012-05-25,1.25356,1.26029,1.24966,1.25148,
2012-05-28,1.25148,1.26246,1.25148,1.25217,
2012-05-29,1.25217,1.25746,1.24613,1.24778,
2012-05-30,1.24778,1.24874,1.23612,1.23736,
2012-05-31,1.23736,1.24284,1.23366,1.23625,
2012-06-01,1.23625,1.24572,1.22882,1.24302,
2012-06-04,1.24302,1.25278,1.23865,1.25268,
2012-06-05,1.25268,1.25425,1.24102,1.24617,
2012-06-06,1.24617,1.25857,1.24431,1.25763,
2012-06-07,1.25763,1.26254,1.25408,1.25679,
2012-06-08,1.25679,1.25719,1.24357,1.25109,
2012-06-11,1.25109,1.26472,1.24507,1.24775,
2012-06-12,1.24775,1.25289,1.2443,1.25012,
2012-06-13,1.25012,1.26105,1.24741,1.25747,
2012-06-14,1.25747,1.2637,1.25424,1.26264,
2012-06-15,1.26264,1.26599,1.25922,1.26585,
2012-06-18,1.26585,1.27277,1.25576,1.25963,
2012-06-19,1.25963,1.27307,1.25689,1.26792,
2012-06-20,1.26792,1.27429,1.26384,1.26809,
2012-06-21,1.26809,1.26991,1.25319,1.255,
2012-06-22,1.255,1.25836,1.25196,1.25631,
2012-06-25,1.25631,1.25631,1.24714,1.2503,
2012-06-26,1.2503,1.25306,1.24417,1.24854,
2012-06-27,1.24854,1.25085,1.24456,1.24701,
2012-06-28,1.24701,1.25245,1.24078,1.24412,
2012-06-29,1.24412,1.2692,1.24331,1.26435,
2012-07-02,1.26435,1.26676,1.25685,1.25799,
2012-07-03,1.25799,1.26265,1.25595,1.26049,
2012-07-04,1.26049,1.26072,1.25082,1.25161,
2012-07-05,1.25161,1.25387,1.23643,1.23926,
2012-07-06,1.23926,1.24012,1.22603,1.22884,
2012-07-09,1.22884,1.23241,1.22696,1.23174,
2012-07-10,1.23174,1.23339,1.22356,1.22553,
2012-07-11,1.22553,1.22969,1.22131,1.22449,
2012-07-12,1.22449,1.2245,1.21673,1.21887,
2012-07-13,1.21887,1.22567,1.21625,1.22417,
2012-07-16,1.22417,1.229,1.21757,1.22659,
2012-07-17,1.22659,1.23168,1.21892,1.22958,
2012-07-18,1.22958,1.23065,1.22171,1.22772,
2012-07-19,1.22772,1.23247,1.22294,1.22766,
2012-07-20,1.22766,1.22829,1.21444,1.21643,
2012-07-23,1.21643,1.21643,1.20676,1.21243,
2012-07-24,1.21243,1.2138,1.20423,1.20618,
2012-07-25,1.20618,1.21707,1.20536,1.21393,
2012-07-26,1.21393,1.23293,1.21177,1.2278,
2012-07-27,1.2278,1.23899,1.22419,1.23007,
2012-07-30,1.23007,1.23059,1.22255,1.226,
2012-07-31,1.226,1.233,1.22492,1.22924,
2012-08-01,1.22924,1.23365,1.22183,1.2239,
2012-08-02,1.2239,1.2405,1.21341,1.21787,
2012-08-03,1.21787,1.23925,1.21668,1.238,
2012-08-06,1.238,1.24289,1.23419,1.23885,
2012-08-07,1.23885,1.24418,1.23761,1.23847,
2012-08-08,1.23847,1.24025,1.2327,1.23723,
2012-08-09,1.23723,1.23872,1.22671,1.2293,
2012-08-10,1.2293,1.23168,1.22417,1.22893,
2012-08-13,1.22893,1.23736,1.22713,1.23263,
2012-08-14,1.23263,1.23857,1.23169,1.23238,
2012-08-15,1.23238,1.23437,1.22642,1.22888,
2012-08-16,1.22888,1.23728,1.22562,1.23574,
2012-08-17,1.23574,1.23822,1.22891,1.23265,
2012-08-20,1.23265,1.23689,1.22954,1.2351,
2012-08-21,1.2351,1.24877,1.23465,1.24765,
2012-08-22,1.24765,1.25442,1.24315,1.25337,
2012-08-23,1.25337,1.25896,1.25248,1.256,
2012-08-24,1.256,1.25666,1.24818,1.25102,
2012-08-27,1.25102,1.25357,1.24903,1.2501,
2012-08-28,1.2501,1.25765,1.24655,1.25709,
2012-08-29,1.25709,1.25736,1.25188,1.25306,
2012-08-30,1.25306,1.25637,1.24874,1.25096,
2012-08-31,1.25096,1.26376,1.24938,1.25837,
2012-09-03,1.25837,1.2611,1.25605,1.25864,
2012-09-04,1.25864,1.26281,1.25263,1.25339,
2012-09-05,1.25339,1.26245,1.25019,1.26005,
2012-09-06,1.26005,1.26512,1.25616,1.26308,
2012-09-07,1.26308,1.28142,1.26266,1.28097,
2012-09-10,1.28097,1.28097,1.27549,1.27617,
2012-09-11,1.27617,1.28713,1.27588,1.28514,
2012-09-12,1.28514,1.29365,1.28153,1.29021,
2012-09-13,1.29021,1.30017,1.28577,1.29931,
2012-09-14,1.29931,1.31689,1.29846,1.31191,
2012-09-17,1.31191,1.31719,1.30835,1.31081,
2012-09-18,1.31081,1.3115,1.30294,1.30464,
2012-09-19,1.30464,1.3085,1.29935,1.30576,
2012-09-20,1.30576,1.30591,1.29197,1.29737,
2012-09-21,1.29737,1.30477,1.29559,1.29834,
2012-09-24,1.29834,1.29834,1.28913,1.29407,
2012-09-25,1.29407,1.29708,1.28869,1.28985,
2012-09-26,1.28985,1.29129,1.28356,1.28783,
2012-09-27,1.28783,1.29284,1.28298,1.29124,
2012-09-28,1.29124,1.29597,1.28389,1.28463,
2012-10-01,1.28463,1.29386,1.28053,1.28881,
2012-10-02,1.28881,1.29678,1.28804,1.29115,
2012-10-03,1.29115,1.29371,1.28777,1.2923,
2012-10-04,1.2923,1.30316,1.29103,1.30128,
2012-10-05,1.30128,1.30716,1.29941,1.30322,
2012-10-08,1.30155,1.30163,1.29378,1.29753,
2012-10-09,1.29753,1.2991,1.28498,1.28592,
2012-10-10,1.28592,1.29136,1.28356,1.28591,
2012-10-11,1.28591,1.29515,1.28257,1.29318,
2012-10-12,1.29318,1.29917,1.29226,1.29532,
2012-10-15,1.29342,1.29788,1.28908,1.29678,
2012-10-16,1.29678,1.31245,1.29534,1.31059,
2012-10-17,1.31059,1.31394,1.30855,1.31123,
2012-10-18,1.31123,1.31287,1.3056,1.30687,
2012-10-19,1.30687,1.3077,1.30133,1.30234,
2012-10-22,1.30214,1.30833,1.30201,1.30707,
2012-10-23,1.30707,1.30707,1.29522,1.29734,
2012-10-24,1.29734,1.29968,1.29206,1.29647,
2012-10-25,1.29647,1.30232,1.29272,1.29387,
2012-10-26,1.29387,1.29563,1.28829,1.29338,
2012-10-29,1.2922,1.29362,1.28854,1.29068,
2012-10-30,1.29068,1.29835,1.28862,1.29613,
2012-10-31,1.29613,1.30207,1.29467,1.29645,
2012-11-01,1.29645,1.29827,1.29247,1.29467,
2012-11-02,1.29467,1.29467,1.28217,1.28311,
2012-11-05,1.28231,1.28399,1.27676,1.27998,
2012-11-06,1.27998,1.28265,1.27638,1.2806,
2012-11-07,1.2806,1.28763,1.27366,1.27565,
2012-11-08,1.27565,1.27764,1.27172,1.27413,
2012-11-09,1.27413,1.279,1.26901,1.27122,
2012-11-12,1.27204,1.2739,1.26977,1.27059,
2012-11-13,1.27059,1.27283,1.26617,1.27095,
2012-11-14,1.27095,1.27773,1.27035,1.27295,
2012-11-15,1.27295,1.28019,1.27175,1.27816,
2012-11-16,1.27816,1.27845,1.26907,1.27394,
2012-11-19,1.27588,1.28197,1.27461,1.27667,
2012-11-20,1.27667,1.28294,1.2765,1.28126,
2012-11-21,1.28126,1.2868,1.27367,1.28641,
2012-11-22,1.28641,1.28988,1.28343,1.28744,
2012-11-23,1.28744,1.29908,1.28686,1.29726,
2012-11-26,1.29728,1.30073,1.29443,1.29885,
2012-11-27,1.29885,1.30089,1.29156,1.29378,
2012-11-28,1.29378,1.29615,1.28803,1.29507,
2012-11-29,1.29507,1.3014,1.29389,1.29719,
2012-11-30,1.29719,1.30274,1.29685,1.30056,
2012-12-03,1.29957,1.30758,1.29936,1.3064,
2012-12-04,1.3064,1.31084,1.30459,1.30993,
2012-12-05,1.30993,1.31266,1.30603,1.30725,
2012-12-06,1.30725,1.30867,1.29506,1.29679,
2012-12-07,1.29679,1.29728,1.28769,1.2928,
2012-12-10,1.28898,1.29466,1.28864,1.2941,
2012-12-11,1.2941,1.30149,1.29289,1.30053,
2012-12-12,1.30053,1.30973,1.29958,1.3074,
2012-12-13,1.3074,1.31005,1.3041,1.30774,
2012-12-14,1.30774,1.3173,1.30664,1.31609,
2012-12-17,1.31698,1.31887,1.31444,1.31633,
2012-12-18,1.31633,1.32384,1.31554,1.32285,
2012-12-19,1.32285,1.33083,1.32233,1.32268,
2012-12-20,1.32268,1.32952,1.31889,1.32441,
2012-12-21,1.32441,1.32525,1.31588,1.31836,
2012-12-24,1.31752,1.32338,1.31716,1.31852,
2012-12-25,1.31852,1.31898,1.317,1.31847,
2012-12-26,1.31847,1.32544,1.31706,1.32244,
2012-12-27,1.32244,1.32839,1.32018,1.32366,
2012-12-28,1.32366,1.32567,1.31662,1.32219,
2012-12-31,1.32143,1.32347,1.31724,1.31942,
2013-01-02,1.31942,1.32995,1.31574,1.31863,
2013-01-03,1.31863,1.31907,1.30469,1.30489,
2013-01-04,1.30489,1.30896,1.2998,1.30725,
2013-01-07,1.3076,1.31195,1.3017,1.31167,
2013-01-08,1.31167,1.31399,1.30567,1.30813,
2013-01-09,1.30813,1.3096,1.30372,1.30645,
2013-01-10,1.30645,1.3273,1.30389,1.32717,
2013-01-11,1.32717,1.33656,1.32487,1.33383,
2013-01-14,1.33636,1.34039,1.33365,1.33822,
2013-01-15,1.33822,1.33937,1.3264,1.33052,
2013-01-16,1.33052,1.33248,1.3257,1.32891,
2013-01-17,1.32891,1.33876,1.327,1.33773,
2013-01-18,1.33773,1.33984,1.32806,1.33153,
2013-01-21,1.33111,1.33321,1.33002,1.33135,
2013-01-22,1.33135,1.33717,1.3267,1.33221,
2013-01-23,1.33221,1.33544,1.32647,1.33179,
2013-01-24,1.33179,1.33926,1.32864,1.33765,
2013-01-25,1.33765,1.34792,1.335,1.34567,
2013-01-28,1.34661,1.34773,1.34249,1.34557,
2013-01-29,1.34557,1.34972,1.34146,1.34923,
2013-01-30,1.34923,1.35875,1.34823,1.35668,
2013-01-31,1.35668,1.35942,1.35414,1.35778,
2013-02-01,1.35778,1.3711,1.35732,1.3649,
2013-02-04,1.36513,1.36602,1.35053,1.35135,
2013-02-05,1.35135,1.35974,1.34586,1.35831,
2013-02-06,1.35831,1.35962,1.34938,1.35227,
2013-02-07,1.35227,1.35775,1.33709,1.33972,
2013-02-08,1.33972,1.3429,1.33535,1.33642,
2013-02-11,1.33689,1.34275,1.33572,1.34057,
2013-02-12,1.34057,1.34756,1.33645,1.34532,
2013-02-13,1.34532,1.35199,1.34265,1.3453,
2013-02-14,1.3453,1.34558,1.33153,1.33629,
2013-02-15,1.33629,1.33932,1.33066,1.33648,
2013-02-18,1.33479,1.33791,1.33216,1.33516,
2013-02-19,1.33516,1.3396,1.33291,1.33879,
2013-02-20,1.33879,1.34341,1.32714,1.32804,
2013-02-21,1.32804,1.32904,1.31611,1.31896,
2013-02-22,1.31896,1.32448,1.31453,1.31857,
2013-02-25,1.32174,1.33187,1.30478,1.30624,
2013-02-26,1.30624,1.31227,1.30184,1.30615,
2013-02-27,1.30615,1.3147,1.30416,1.31384,
2013-02-28,1.31384,1.31619,1.30533,1.30566,
2013-03-01,1.30566,1.31012,1.29667,1.30211,
2013-03-04,1.3013,1.30311,1.29825,1.3026,
2013-03-05,1.3026,1.30754,1.30104,1.30511,
2013-03-06,1.30511,1.30707,1.29655,1.29669,
2013-03-07,1.29669,1.31185,1.29661,1.31073,
2013-03-08,1.31073,1.31344,1.29554,1.29983,
2013-03-11,1.29892,1.30537,1.2969,1.3046,
2013-03-12,1.3046,1.30744,1.29915,1.30336,
2013-03-13,1.30336,1.30648,1.29235,1.2961,
2013-03-14,1.2961,1.30326,1.29116,1.30045,
2013-03-15,1.30045,1.31071,1.29996,1.3067,
2013-03-18,1.29064,1.29958,1.28822,1.29559,
2013-03-19,1.29559,1.29699,1.28439,1.28824,
2013-03-20,1.28824,1.29781,1.28569,1.29328,
2013-03-21,1.29328,1.29553,1.28802,1.28978,
2013-03-22,1.28978,1.30099,1.28885,1.29974,
2013-03-25,1.2948,1.30482,1.28302,1.28529,
2013-03-26,1.28529,1.28897,1.28313,1.28609,
2013-03-27,1.28609,1.28671,1.27512,1.27802,
2013-03-28,1.27802,1.28446,1.27555,1.28167,
2013-03-29,1.28167,1.28372,1.27936,1.2818,
2013-04-01,1.28059,1.28679,1.27715,1.28487,
2013-04-02,1.28487,1.28776,1.28091,1.28201,
2013-04-03,1.28201,1.28645,1.279,1.28491,
2013-04-04,1.28491,1.29489,1.27455,1.2936,
2013-04-05,1.2936,1.30398,1.29007,1.30058,
2013-04-08,1.30058,1.30378,1.29685,1.30086,
2013-04-09,1.30086,1.31031,1.30055,1.30821,
2013-04-10,1.30821,1.31219,1.30527,1.30702,
2013-04-11,1.30702,1.31383,1.30438,1.30998,
2013-04-12,1.30998,1.31265,1.30382,1.31023,
2013-04-15,1.31023,1.31155,1.3022,1.30354,
2013-04-16,1.30354,1.32016,1.30282,1.31767,
2013-04-17,1.31767,1.31997,1.30014,1.30315,
2013-04-18,1.30315,1.30961,1.30211,1.30508,
2013-04-19,1.30508,1.31277,1.30461,1.30513,
2013-04-22,1.30513,1.30842,1.30153,1.30663,
2013-04-23,1.30663,1.30841,1.29731,1.29989,
2013-04-24,1.29989,1.30339,1.29582,1.30155,
2013-04-25,1.30155,1.30934,1.2989,1.30113,
2013-04-26,1.30113,1.30474,1.29912,1.30267,
2013-04-29,1.30267,1.31166,1.30267,1.30987,
2013-04-30,1.30987,1.31855,1.30555,1.31673,
2013-05-01,1.31673,1.32427,1.31607,1.31799,
2013-05-02,1.31799,1.32162,1.30379,1.30651,
2013-05-03,1.30651,1.31587,1.30338,1.31155,
2013-05-06,1.31155,1.31409,1.30539,1.30763,
2013-05-07,1.30763,1.31319,1.3068,1.30784,
2013-05-08,1.30784,1.31943,1.30722,1.3153,
2013-05-09,1.3153,1.31771,1.30109,1.30422,
2013-05-10,1.30422,1.30509,1.29359,1.29855,
2013-05-13,1.29855,1.29978,1.29425,1.29755,
2013-05-14,1.29755,1.30283,1.29132,1.29206,
2013-05-15,1.29206,1.29425,1.28434,1.28867,
2013-05-16,1.28867,1.29296,1.28466,1.28823,
2013-05-17,1.28823,1.28897,1.27975,1.28286,
2013-05-20,1.28286,1.2901,1.28195,1.28824,
2013-05-21,1.28824,1.29335,1.28413,1.29061,
2013-05-22,1.29061,1.29976,1.28338,1.28585,
2013-05-23,1.28585,1.29562,1.28216,1.29333,
2013-05-24,1.29333,1.29934,1.29045,1.29302,
2013-05-27,1.29302,1.29486,1.29155,1.29295,
2013-05-28,1.29295,1.29496,1.28497,1.28556,
2013-05-29,1.28556,1.29752,1.28385,1.29404,
2013-05-30,1.29404,1.30613,1.29335,1.30487,
2013-05-31,1.30487,1.30594,1.29445,1.29958,
2013-06-03,1.29941,1.31076,1.29556,1.30764,
2013-06-04,1.30764,1.31012,1.30425,1.30809,
2013-06-05,1.30809,1.31163,1.30534,1.30928,
2013-06-06,1.30928,1.33053,1.30752,1.3246,
2013-06-07,1.3246,1.32853,1.31922,1.32201,
2013-06-10,1.32201,1.32692,1.31776,1.32571,
2013-06-11,1.32571,1.33175,1.32322,1.33135,
2013-06-12,1.33135,1.33595,1.32657,1.3338,
2013-06-13,1.3338,1.33901,1.32788,1.33757,
2013-06-14,1.33757,1.33757,1.32949,1.33451,
2013-06-17,1.33451,1.33815,1.33186,1.33665,
2013-06-18,1.33665,1.34155,1.33263,1.33925,
2013-06-19,1.33925,1.34174,1.32623,1.32945,
2013-06-20,1.32945,1.33017,1.31616,1.322,
2013-06-21,1.322,1.32535,1.3099,1.31259,
2013-06-24,1.31259,1.3144,1.30593,1.31201,
2013-06-25,1.31201,1.31508,1.30654,1.30788,
2013-06-26,1.30788,1.30872,1.29852,1.3012,
2013-06-27,1.3012,1.30572,1.30003,1.30386,
2013-06-28,1.30386,1.31033,1.29914,1.30137,
2013-07-01,1.30137,1.30668,1.30055,1.30645,
2013-07-02,1.30645,1.30781,1.29638,1.29789,
2013-07-03,1.29789,1.30316,1.29234,1.30105,
2013-07-04,1.30105,1.30234,1.28833,1.29138,
2013-07-05,1.29138,1.29169,1.28064,1.28311,
2013-07-08,1.28311,1.2882,1.28117,1.28701,
2013-07-09,1.28701,1.28981,1.27553,1.27814,
2013-07-10,1.27814,1.29888,1.27649,1.29777,
2013-07-11,1.29777,1.32066,1.29643,1.30967,
2013-07-12,1.30967,1.31009,1.29994,1.30653,
2013-07-15,1.30653,1.30802,1.29935,1.3062,
2013-07-16,1.3062,1.31744,1.30507,1.31624,
2013-07-17,1.31624,1.31776,1.3083,1.31253,
2013-07-18,1.31253,1.31275,1.30672,1.31089,
2013-07-19,1.31089,1.31538,1.30895,1.31438,
2013-07-22,1.31438,1.32182,1.31366,1.31851,
2013-07-23,1.31851,1.32387,1.31636,1.32236,
2013-07-24,1.32236,1.3256,1.31765,1.3201,
2013-07-25,1.3201,1.32959,1.31659,1.32771,
2013-07-26,1.32771,1.3297,1.32529,1.32746,
2013-07-29,1.32746,1.32952,1.32395,1.32631,
2013-07-30,1.32631,1.33022,1.32347,1.32627,
2013-07-31,1.32627,1.33447,1.32106,1.33029,
2013-08-01,1.33029,1.33111,1.31938,1.3207,
2013-08-02,1.3207,1.32943,1.31895,1.32863,
2013-08-05,1.32863,1.33003,1.32331,1.32584,
2013-08-06,1.32584,1.33232,1.32462,1.33047,
2013-08-07,1.33047,1.33454,1.32658,1.33362,
2013-08-08,1.33362,1.34002,1.33284,1.33806,
2013-08-09,1.33806,1.33905,1.33328,1.33423,
2013-08-12,1.33423,1.33444,1.32775,1.33004,
2013-08-13,1.33004,1.33168,1.32338,1.32629,
2013-08-14,1.32629,1.32802,1.32392,1.32546,
2013-08-15,1.32546,1.3363,1.3206,1.33444,
2013-08-16,1.33444,1.33798,1.33115,1.33356,
2013-08-19,1.33356,1.33746,1.33154,1.3335,
2013-08-20,1.3335,1.3452,1.33235,1.3417,
2013-08-21,1.3417,1.34271,1.33357,1.33553,
2013-08-22,1.33553,1.33732,1.32984,1.33559,
2013-08-23,1.33559,1.34097,1.33336,1.33786,
2013-08-26,1.33786,1.3394,1.33568,1.33677,
2013-08-27,1.33677,1.33987,1.3322,1.33925,
2013-08-28,1.33925,1.33976,1.33052,1.33396,
2013-08-29,1.33396,1.33432,1.32195,1.32412,
2013-08-30,1.32412,1.32547,1.31735,1.32163,
2013-09-02,1.32163,1.32271,1.31838,1.3192,
2013-09-03,1.3192,1.31972,1.31387,1.31704,
2013-09-04,1.31704,1.32179,1.31566,1.32075,
2013-09-05,1.32075,1.32228,1.3111,1.31207,
2013-09-06,1.31207,1.3189,1.31048,1.31767,
2013-09-09,1.31767,1.32806,1.31632,1.32553,
2013-09-10,1.32553,1.32761,1.32305,1.32682,
2013-09-11,1.32682,1.33244,1.32438,1.33108,
2013-09-12,1.33108,1.33246,1.32566,1.3299,
2013-09-13,1.3299,1.33213,1.32543,1.33006,
2013-09-16,1.33006,1.33856,1.33006,1.33341,
2013-09-17,1.33341,1.33693,1.33255,1.33598,
2013-09-18,1.33598,1.35421,1.33383,1.35214,
2013-09-19,1.35214,1.35686,1.35013,1.35289,
2013-09-20,1.35289,1.35486,1.34987,1.35206,
2013-09-23,1.35206,1.35488,1.34796,1.34931,
2013-09-24,1.34931,1.35189,1.34646,1.34737,
2013-09-25,1.34737,1.35374,1.3462,1.35261,
2013-09-26,1.35261,1.35332,1.34723,1.34881,
2013-09-27,1.34881,1.35645,1.34743,1.35196,
2013-09-30,1.35196,1.35561,1.34778,1.35261,
2013-10-01,1.35261,1.3588,1.35171,1.35262,
2013-10-02,1.35262,1.36072,1.35052,1.35785,
2013-10-03,1.35785,1.36457,1.35778,1.36184,
2013-10-04,1.36184,1.36316,1.35383,1.35551,
2013-10-07,1.35646,1.35912,1.35428,1.3581,
2013-10-08,1.3581,1.36072,1.35576,1.35734,
2013-10-09,1.35734,1.36046,1.34859,1.35243,
2013-10-10,1.35243,1.35465,1.34879,1.35198,
2013-10-11,1.35198,1.35818,1.3518,1.35477,
2013-10-14,1.35622,1.35978,1.35456,1.35612,
2013-10-15,1.35612,1.35712,1.34797,1.35237,
2013-10-16,1.35237,1.35676,1.34733,1.3534,
2013-10-17,1.3534,1.3682,1.35159,1.36756,
2013-10-18,1.36756,1.37039,1.36595,1.36858,
2013-10-21,1.36842,1.36885,1.36513,1.36805,
2013-10-22,1.36805,1.3792,1.36625,1.37812,
2013-10-23,1.37812,1.37932,1.37416,1.37762,
2013-10-24,1.37762,1.3825,1.37649,1.38013,
2013-10-25,1.38013,1.38323,1.37747,1.38037,
2013-10-28,1.38071,1.38176,1.37751,1.37853,
2013-10-29,1.37853,1.38134,1.37367,1.37452,
2013-10-30,1.37452,1.37847,1.36959,1.37358,
2013-10-31,1.37358,1.37388,1.35757,1.35835,
2013-11-01,1.35835,1.35897,1.34801,1.34886,
2013-11-04,1.34865,1.35244,1.34428,1.35143,
2013-11-05,1.35143,1.35226,1.34491,1.34742,
2013-11-06,1.34742,1.35474,1.34677,1.35131,
2013-11-07,1.35131,1.3529,1.32951,1.34197,
2013-11-08,1.34197,1.34378,1.33181,1.33713,
2013-11-11,1.33579,1.34166,1.33449,1.34065,
2013-11-12,1.34065,1.34563,1.3359,1.34356,
2013-11-13,1.34356,1.34956,1.33902,1.34869,
2013-11-14,1.34869,1.34975,1.34187,1.346,
2013-11-15,1.346,1.35055,1.34323,1.34935,
2013-11-18,1.34965,1.35418,1.34747,1.35057,
2013-11-19,1.35057,1.35476,1.3488,1.35383,
2013-11-20,1.35383,1.35777,1.34151,1.34389,
2013-11-21,1.34389,1.34865,1.33995,1.3482,
2013-11-22,1.3482,1.35535,1.34625,1.35467,
2013-11-25,1.35494,1.35602,1.34903,1.35165,
2013-11-26,1.35165,1.3575,1.35155,1.35721,
2013-11-27,1.35721,1.36128,1.35577,1.35795,
2013-11-28,1.35795,1.36183,1.35638,1.36052,
2013-11-29,1.36052,1.36218,1.35804,1.35804,
2013-12-02,1.35886,1.36156,1.35261,1.35419,
2013-12-03,1.35419,1.36139,1.35248,1.35891,
2013-12-04,1.35891,1.36057,1.35286,1.35935,
2013-12-05,1.35935,1.36773,1.35433,1.36671,
2013-12-06,1.36671,1.37065,1.36198,1.37005,
2013-12-09,1.3714,1.37465,1.36944,1.37388,
2013-12-10,1.37388,1.3795,1.37344,1.37611,
2013-12-11,1.37611,1.38108,1.37409,1.37859,
2013-12-12,1.37859,1.38032,1.37377,1.37531,
2013-12-13,1.37531,1.37692,1.37091,1.37402,
2013-12-16,1.37295,1.37983,1.37289,1.37607,
2013-12-17,1.37607,1.37824,1.37233,1.37682,
2013-12-18,1.37682,1.38113,1.36749,1.36848,
2013-12-19,1.36848,1.36941,1.36494,1.36612,
2013-12-20,1.36612,1.37093,1.36254,1.36748,
2013-12-23,1.36733,1.37168,1.36678,1.36959,
2013-12-24,1.36959,1.37141,1.36551,1.36727,
2013-12-26,1.36727,1.36995,1.36727,1.36912,
2013-12-27,1.36912,1.3894,1.36875,1.37388,
2013-12-30,1.3757,1.38188,1.37285,1.38001,
2013-12-31,1.38001,1.38126,1.37446,1.37563,
2014-01-02,1.37563,1.37752,1.36299,1.36723,
2014-01-03,1.36723,1.36732,1.35826,1.35879,
2014-01-06,1.35934,1.36531,1.35715,1.36291,
2014-01-07,1.36291,1.36564,1.35966,1.36156,
2014-01-08,1.36156,1.36351,1.35536,1.35758,
2014-01-09,1.35758,1.36331,1.35481,1.36087,
2014-01-10,1.36087,1.36873,1.35714,1.3664,
2014-01-13,1.36785,1.36849,1.36376,1.36712,
2014-01-14,1.36712,1.36993,1.36491,1.36793,
2014-01-15,1.36793,1.3681,1.35817,1.36054,
2014-01-16,1.36054,1.36498,1.35832,1.36198,
2014-01-17,1.36198,1.36212,1.35173,1.35348,
2014-01-20,1.35375,1.3568,1.35076,1.35517,
2014-01-21,1.35517,1.35689,1.35166,1.35608,
2014-01-22,1.35608,1.35838,1.35347,1.35475,
2014-01-23,1.35475,1.36984,1.35306,1.36964,
2014-01-24,1.36964,1.37397,1.3663,1.36786,
2014-01-27,1.36782,1.37168,1.36533,1.36733,
2014-01-28,1.36733,1.36886,1.36292,1.3671,
2014-01-29,1.3671,1.36848,1.36031,1.36625,
2014-01-30,1.36625,1.36655,1.35437,1.3555,
2014-01-31,1.3555,1.35734,1.34792,1.34879,
2014-02-03,1.34843,1.35356,1.34774,1.35249,
2014-02-04,1.35249,1.35386,1.34936,1.35184,
2014-02-05,1.35184,1.35553,1.34988,1.35333,
2014-02-06,1.35333,1.36188,1.34834,1.359,
2014-02-07,1.359,1.36442,1.3552,1.36338,
2014-02-10,1.36165,1.36515,1.36161,1.36457,
2014-02-11,1.36457,1.36828,1.36296,1.36383,
2014-02-12,1.36383,1.36529,1.35625,1.35935,
2014-02-13,1.35935,1.3692,1.35851,1.36803,
2014-02-14,1.36803,1.37148,1.36737,1.37007,
2014-02-17,1.37093,1.37242,1.36922,1.37074,
2014-02-18,1.37074,1.37704,1.36946,1.37587,
2014-02-19,1.37587,1.37731,1.37246,1.37332,
2014-02-20,1.37332,1.37625,1.3686,1.37183,
2014-02-21,1.37183,1.37587,1.37021,1.37368,
2014-02-24,1.37349,1.37717,1.37085,1.3735,
2014-02-25,1.3735,1.3767,1.37156,1.37444,
2014-02-26,1.37444,1.37574,1.36619,1.36865,
2014-02-27,1.36865,1.37264,1.36434,1.37098,
2014-02-28,1.37098,1.38245,1.36942,1.38074,
2014-03-03,1.37596,1.37928,1.37263,1.37348,
2014-03-04,1.37348,1.37818,1.372,1.37433,
2014-03-05,1.37433,1.37496,1.37075,1.37333,
2014-03-06,1.37333,1.38727,1.37215,1.38609,
2014-03-07,1.38609,1.39152,1.38523,1.38715,
2014-03-10,1.38756,1.38978,1.38617,1.38764,
2014-03-11,1.38764,1.38792,1.3834,1.38598,
2014-03-12,1.38598,1.39146,1.38435,1.39027,
2014-03-13,1.39027,1.3967,1.38456,1.38685,
2014-03-14,1.38685,1.39373,1.38477,1.39068,
2014-03-17,1.39089,1.39476,1.38794,1.39219,
2014-03-18,1.39219,1.39428,1.388,1.39339,
2014-03-19,1.39339,1.39344,1.38099,1.38326,
2014-03-20,1.38326,1.38449,1.37495,1.37785,
2014-03-21,1.37785,1.38109,1.37658,1.37923,
2014-03-24,1.37978,1.38761,1.37605,1.38391,
2014-03-25,1.38391,1.38471,1.37492,1.38267,
2014-03-26,1.38267,1.38278,1.37765,1.37789,
2014-03-27,1.37789,1.37971,1.37289,1.37404,
2014-03-28,1.37404,1.37729,1.3705,1.37559,
2014-03-31,1.3763,1.38088,1.37214,1.37688,
2014-04-01,1.37688,1.38156,1.37684,1.37933,
2014-04-02,1.37933,1.38206,1.37534,1.37673,
2014-04-03,1.37673,1.38067,1.36984,1.37199,
2014-04-04,1.37199,1.37315,1.36729,1.37017,
2014-04-07,1.37017,1.37486,1.36965,1.37417,
2014-04-08,1.37417,1.38115,1.37375,1.37971,
2014-04-09,1.37971,1.3862,1.37802,1.38551,
2014-04-10,1.38551,1.38989,1.38361,1.38862,
2014-04-11,1.38862,1.3906,1.38635,1.3885,
2014-04-14,1.3885,1.3885,1.38083,1.38208,
2014-04-15,1.38208,1.38334,1.37904,1.38146,
2014-04-16,1.38146,1.38508,1.3804,1.38156,
2014-04-17,1.38156,1.38645,1.38117,1.38138,
2014-04-18,1.38138,1.38224,1.38085,1.38115,
2014-04-21,1.38115,1.38306,1.37873,1.37929,
2014-04-22,1.37929,1.38248,1.37853,1.38052,
2014-04-23,1.38052,1.38548,1.38005,1.3817,
2014-04-24,1.3817,1.38428,1.37916,1.38316,
2014-04-25,1.38316,1.38483,1.38274,1.38318,
2014-04-28,1.38318,1.38794,1.38149,1.3851,
2014-04-29,1.3851,1.38792,1.38058,1.38121,
2014-04-30,1.38121,1.38766,1.37723,1.3867,
2014-05-01,1.3867,1.38892,1.3863,1.38695,
2014-05-02,1.38695,1.38813,1.38123,1.38707,
2014-05-05,1.38707,1.38861,1.38645,1.38753,
2014-05-06,1.38753,1.39512,1.38724,1.39277,
2014-05-07,1.39277,1.39386,1.39103,1.39103,
2014-05-08,1.39103,1.39933,1.38329,1.38401,
2014-05-09,1.38401,1.38446,1.37456,1.37596,
2014-05-12,1.37596,1.37748,1.37496,1.37571,
2014-05-13,1.37571,1.37716,1.36893,1.37035,
2014-05-14,1.37035,1.3731,1.3698,1.37144,
2014-05-15,1.37144,1.3732,1.36485,1.371,
2014-05-16,1.371,1.37269,1.36856,1.36959,
2014-05-19,1.36959,1.37342,1.36928,1.37091,
2014-05-20,1.37091,1.3714,1.36781,1.37014,
2014-05-21,1.37014,1.37235,1.36347,1.36867,
2014-05-22,1.36867,1.36881,1.36453,1.36556,
2014-05-23,1.36556,1.36593,1.36158,1.36279,
2014-05-26,1.36279,1.36544,1.36149,1.3646,
2014-05-27,1.3646,1.36687,1.36128,1.36344,
2014-05-28,1.36344,1.36379,1.35887,1.35912,
2014-05-29,1.35912,1.36257,1.35866,1.36021,
2014-05-30,1.36021,1.36502,1.35985,1.36336,
2014-06-02,1.36336,1.36377,1.35882,1.35967,
2014-06-03,1.35967,1.3648,1.35877,1.36277,
2014-06-04,1.36277,1.36387,1.35967,1.35986,
2014-06-05,1.35986,1.36699,1.35032,1.36605,
2014-06-06,1.36605,1.36769,1.3621,1.36436,
2014-06-09,1.36436,1.36689,1.35826,1.35936,
2014-06-10,1.35936,1.36021,1.35336,1.35473,
2014-06-11,1.35473,1.35569,1.35217,1.35315,
2014-06-12,1.35315,1.35719,1.35124,1.35526,
2014-06-13,1.35526,1.35791,1.3521,1.35378,
2014-06-16,1.35378,1.35792,1.35132,1.35735,
2014-06-17,1.35735,1.35873,1.35365,1.35471,
2014-06-18,1.35471,1.35997,1.35419,1.35957,
2014-06-19,1.35957,1.36435,1.35844,1.36077,
2014-06-20,1.36077,1.36341,1.35647,1.35971,
2014-06-23,1.35971,1.36135,1.35742,1.36045,
2014-06-24,1.36045,1.36277,1.35835,1.36063,
2014-06-25,1.36063,1.36511,1.36005,1.3629,
2014-06-26,1.3629,1.36414,1.35762,1.36113,
2014-06-27,1.36113,1.36494,1.36097,1.36483,
2014-06-30,1.36483,1.36975,1.36404,1.36923,
2014-07-01,1.36923,1.37002,1.36758,1.36791,
2014-07-02,1.36791,1.36826,1.3642,1.36595,
2014-07-03,1.36595,1.36643,1.35962,1.36104,
2014-07-04,1.36104,1.36114,1.35855,1.35932,
2014-07-07,1.35932,1.36092,1.35761,1.36046,
2014-07-08,1.36046,1.36175,1.35881,1.36121,
2014-07-09,1.36121,1.36483,1.36023,1.36415,
2014-07-10,1.36415,1.36508,1.35893,1.36088,
2014-07-11,1.36088,1.36249,1.35919,1.36097,
2014-07-14,1.36097,1.36403,1.35975,1.3619,
2014-07-15,1.3619,1.3628,1.35621,1.35683,
2014-07-16,1.35683,1.3574,1.35209,1.35254,
2014-07-17,1.35254,1.35401,1.35166,1.35264,
2014-07-18,1.35264,1.3536,1.34912,1.35235,
2014-07-21,1.35235,1.35492,1.3513,1.35238,
2014-07-22,1.35238,1.35297,1.3459,1.34658,
2014-07-23,1.34658,1.34743,1.34551,1.34638,
2014-07-24,1.34638,1.34849,1.34383,1.34637,
2014-07-25,1.34637,1.34757,1.34219,1.34287,
2014-07-28,1.34287,1.3444,1.34271,1.34396,
2014-07-29,1.34396,1.34445,1.34043,1.34086,
2014-07-30,1.34086,1.34155,1.3367,1.33968,
2014-07-31,1.33968,1.34007,1.33718,1.33906,
2014-08-01,1.33906,1.34448,1.33787,1.34246,
2014-08-04,1.34246,1.34332,1.34095,1.34218,
2014-08-05,1.34218,1.34249,1.33584,1.33763,
2014-08-06,1.33763,1.3387,1.33333,1.33825,
2014-08-07,1.33825,1.33938,1.33372,1.33633,
2014-08-08,1.33633,1.34326,1.33436,1.34105,
2014-08-11,1.34105,1.34118,1.33805,1.3385,
2014-08-12,1.3385,1.33862,1.33361,1.33694,
2014-08-13,1.33694,1.34152,1.33426,1.33644,
2014-08-14,1.33644,1.34079,1.33482,1.3365,
2014-08-15,1.3365,1.34119,1.33588,1.33963,
2014-08-18,1.33963,1.33993,1.3353,1.33636,
2014-08-19,1.33636,1.33644,1.33133,1.33201,
2014-08-20,1.33201,1.33246,1.32555,1.32592,
2014-08-21,1.32592,1.32885,1.3242,1.3281,
2014-08-22,1.3281,1.32968,1.32208,1.32409,
2014-08-25,1.32409,1.32409,1.3184,1.31923,
2014-08-26,1.31923,1.32149,1.31648,1.31675,
2014-08-27,1.31675,1.321,1.31528,1.3193,
2014-08-28,1.3193,1.32209,1.31596,1.31823,
2014-08-29,1.31823,1.31963,1.3134,1.31403,
2014-09-01,1.31403,1.31457,1.31191,1.31284,
2014-09-02,1.31284,1.3137,1.31102,1.3133,
2014-09-03,1.3133,1.31602,1.31221,1.31503,
2014-09-04,1.31503,1.31541,1.29202,1.2944,
2014-09-05,1.2944,1.29884,1.2922,1.29511,
2014-09-08,1.29511,1.29592,1.28816,1.28947,
2014-09-09,1.28947,1.29576,1.28596,1.29374,
2014-09-10,1.29374,1.29629,1.28838,1.2917,
2014-09-11,1.2917,1.29519,1.28972,1.29244,
2014-09-12,1.29244,1.29793,1.29089,1.29523,
2014-09-15,1.29523,1.29732,1.29087,1.29402,
2014-09-16,1.29402,1.29951,1.29223,1.29602,
2014-09-17,1.29602,1.29814,1.28524,1.28651,
2014-09-18,1.28651,1.29304,1.28347,1.29227,
2014-09-19,1.29227,1.29289,1.28311,1.28312,
2014-09-22,1.28312,1.2868,1.28164,1.28494,
2014-09-23,1.28494,1.29013,1.28428,1.28467,
2014-09-24,1.28467,1.28639,1.27744,1.27803,
2014-09-25,1.27803,1.27835,1.26969,1.27506,
2014-09-26,1.27506,1.27608,1.26769,1.2686,
2014-09-29,1.2686,1.2715,1.26639,1.26852,
2014-09-30,1.26852,1.27025,1.25711,1.26304,
2014-10-01,1.26304,1.26399,1.25838,1.26231,
2014-10-02,1.26231,1.2699,1.26139,1.26687,
2014-10-03,1.26687,1.26749,1.25007,1.25136,
2014-10-06,1.25126,1.2675,1.25092,1.26552,
2014-10-07,1.26552,1.26821,1.25836,1.2669,
2014-10-08,1.2669,1.27489,1.26227,1.27341,
2014-10-09,1.27341,1.27915,1.2664,1.26909,
2014-10-10,1.26909,1.2716,1.26057,1.26172,
2014-10-13,1.2631,1.27613,1.26207,1.27519,
2014-10-14,1.27519,1.27686,1.26399,1.26586,
2014-10-15,1.26586,1.28856,1.26248,1.2838,
2014-10-16,1.2838,1.28451,1.27059,1.28092,
2014-10-17,1.28092,1.28372,1.27441,1.27608,
2014-10-20,1.2751,1.2817,1.27313,1.28,
2014-10-21,1.28,1.28403,1.27147,1.27161,
2014-10-22,1.27161,1.27398,1.26373,1.26499,
2014-10-23,1.26499,1.26767,1.26138,1.26463,
2014-10-24,1.26463,1.26958,1.26349,1.26696,
2014-10-27,1.26776,1.27233,1.26659,1.26984,
2014-10-28,1.26984,1.2765,1.26848,1.27345,
2014-10-29,1.27345,1.27707,1.26312,1.2632,
2014-10-30,1.2632,1.26394,1.25474,1.26133,
2014-10-31,1.26133,1.26174,1.24856,1.25342,
2014-11-03,1.25076,1.25142,1.24389,1.24821,
2014-11-04,1.24821,1.25774,1.24811,1.25462,
2014-11-05,1.25462,1.25672,1.24574,1.24858,
2014-11-06,1.24858,1.25336,1.23647,1.2375,
2014-11-07,1.2375,1.24696,1.23581,1.24591,
2014-11-10,1.24732,1.25094,1.24187,1.24206,
2014-11-11,1.24206,1.24993,1.23946,1.24754,
2014-11-12,1.24754,1.24978,1.24193,1.24382,
2014-11-13,1.24382,1.24918,1.24267,1.24765,
2014-11-14,1.24765,1.25462,1.23986,1.25265,
2014-11-17,1.25323,1.25777,1.24452,1.245,
2014-11-18,1.245,1.25453,1.24436,1.2536,
2014-11-19,1.2536,1.26002,1.25153,1.25539,
2014-11-20,1.25539,1.25755,1.25044,1.25388,
2014-11-21,1.25388,1.25683,1.2375,1.23888,
2014-11-24,1.23635,1.24447,1.23622,1.24421,
2014-11-25,1.24421,1.24868,1.2402,1.24744,
2014-11-26,1.24744,1.25315,1.24438,1.25059,
2014-11-27,1.25059,1.25236,1.24649,1.24679,
2014-11-28,1.24679,1.24904,1.24264,1.24461,
2014-12-01,1.24461,1.25069,1.24194,1.24696,
2014-12-02,1.24696,1.24763,1.2377,1.23832,
2014-12-03,1.23832,1.23908,1.23014,1.23109,
2014-12-04,1.23109,1.24564,1.22802,1.23785,
2014-12-05,1.23785,1.23933,1.22712,1.22881,
2014-12-08,1.22881,1.2344,1.22474,1.2317,
2014-12-09,1.2317,1.24477,1.22921,1.2374,
2014-12-10,1.2374,1.24484,1.23623,1.24482,
2014-12-11,1.24482,1.24953,1.23703,1.24112,
2014-12-12,1.24112,1.24855,1.23845,1.24576,
2014-12-15,1.24576,1.24783,1.24149,1.24373,
2014-12-16,1.24373,1.25699,1.24346,1.25106,
2014-12-17,1.25106,1.2516,1.23365,1.23422,
2014-12-18,1.23422,1.23524,1.22658,1.22863,
2014-12-19,1.22863,1.23023,1.22202,1.22285,
2014-12-22,1.22285,1.22727,1.22168,1.22299,
2014-12-23,1.22299,1.22458,1.21649,1.21726,
2014-12-24,1.21726,1.22202,1.21697,1.22015,
2014-12-26,1.22015,1.22221,1.21685,1.21775,
2014-12-29,1.21775,1.22213,1.21431,1.21527,
2014-12-30,1.21527,1.21876,1.2124,1.21553,
2014-12-31,1.21553,1.21699,1.20971,1.20999,
2015-01-02,1.20999,1.21018,1.20018,1.20043,
2015-01-05,1.20043,1.20043,1.18737,1.19329,
2015-01-06,1.19329,1.19689,1.18844,1.18894,
2015-01-07,1.18894,1.18967,1.18023,1.18393,
2015-01-08,1.18393,1.18477,1.17544,1.17927,
2015-01-09,1.17927,1.1846,1.17628,1.1841,
2015-01-12,1.1841,1.1871,1.17863,1.18336,
2015-01-13,1.18336,1.18597,1.17533,1.1773,
2015-01-14,1.1773,1.18466,1.17276,1.17891,
2015-01-15,1.17891,1.17931,1.1568,1.16317,
2015-01-16,1.16317,1.16488,1.14936,1.15659,
2015-01-19,1.15659,1.16389,1.15515,1.16061,
2015-01-20,1.16061,1.16152,1.15407,1.15494,
2015-01-21,1.15494,1.16797,1.15414,1.16101,
2015-01-22,1.16101,1.16513,1.13165,1.1366,
2015-01-23,1.1366,1.13734,1.11149,1.12151,
2015-01-26,1.12151,1.12955,1.10978,1.12387,
2015-01-27,1.12387,1.14227,1.12239,1.13797,
2015-01-28,1.13797,1.13835,1.12763,1.12876,
2015-01-29,1.12876,1.1368,1.1262,1.13201,
2015-01-30,1.13201,1.13638,1.12792,1.12896,
2015-02-02,1.12896,1.13621,1.12896,1.13409,
2015-02-03,1.13409,1.1534,1.13126,1.1479,
2015-02-04,1.1479,1.1485,1.13161,1.13448,
2015-02-05,1.13448,1.14989,1.13042,1.14768,
2015-02-06,1.14768,1.1486,1.1312,1.1319,
2015-02-09,1.1319,1.13596,1.12703,1.13242,
2015-02-10,1.13242,1.13456,1.1273,1.13211,
2015-02-11,1.13211,1.13475,1.128,1.13367,
2015-02-12,1.13367,1.1423,1.13024,1.14029,
2015-02-13,1.14029,1.14431,1.138,1.1396,
2015-02-16,1.1396,1.14292,1.13197,1.13548,
2015-02-17,1.13548,1.1449,1.13221,1.14116,
2015-02-18,1.14116,1.1416,1.13339,1.13968,
2015-02-19,1.13968,1.145,1.13555,1.13681,
2015-02-20,1.13681,1.14298,1.12791,1.13771,
2015-02-23,1.13771,1.13963,1.12953,1.13346,
2015-02-24,1.13346,1.13583,1.12886,1.134,
2015-02-25,1.134,1.13888,1.13358,1.13613,
2015-02-26,1.13613,1.13797,1.11837,1.11978,
2015-02-27,1.11978,1.12452,1.11761,1.11924,
2015-03-02,1.11924,1.12406,1.116,1.11834,
2015-03-03,1.11834,1.12176,1.11547,1.11763,
2015-03-04,1.11763,1.11857,1.10617,1.10786,
2015-03-05,1.10786,1.11146,1.09876,1.10292,
2015-03-06,1.10292,1.1033,1.08419,1.08467,
2015-03-09,1.08467,1.09066,1.08227,1.0852,
2015-03-10,1.0852,1.08566,1.06928,1.06979,
2015-03-11,1.06979,1.07171,1.05114,1.05473,
2015-03-12,1.05473,1.06838,1.04946,1.06346,
2015-03-13,1.06346,1.06353,1.04626,1.04862,
2015-03-16,1.04862,1.06196,1.047,1.05684,
2015-03-17,1.05684,1.06509,1.05515,1.05971,
2015-03-18,1.05971,1.10399,1.05802,1.08644,
2015-03-19,1.08644,1.09195,1.06134,1.06598,
2015-03-20,1.06598,1.08819,1.06497,1.08044,
2015-03-23,1.08044,1.09714,1.07676,1.09457,
2015-03-24,1.09457,1.10292,1.08906,1.09242,
2015-03-25,1.09242,1.10148,1.0901,1.09701,
2015-03-26,1.09701,1.10524,1.08565,1.0884,
2015-03-27,1.0884,1.09487,1.08013,1.08883,
2015-03-30,1.08883,1.08954,1.08099,1.08332,
2015-03-31,1.08332,1.08455,1.07132,1.07314,
2015-04-01,1.07314,1.08001,1.07186,1.07629,
2015-04-02,1.07629,1.09057,1.07504,1.08799,
2015-04-03,1.08799,1.1027,1.08639,1.09671,
2015-04-06,1.09671,1.10356,1.09102,1.09219,
2015-04-07,1.09219,1.09551,1.08036,1.08149,
2015-04-08,1.08149,1.08874,1.07634,1.07805,
2015-04-09,1.07805,1.07889,1.06379,1.06594,
2015-04-10,1.06594,1.06838,1.05681,1.05977,
2015-04-13,1.05977,1.06192,1.05205,1.05671,
2015-04-14,1.05671,1.07074,1.05316,1.06548,
2015-04-15,1.06548,1.07024,1.05712,1.0684,
2015-04-16,1.0684,1.08177,1.06249,1.07615,
2015-04-17,1.07615,1.08487,1.07342,1.08083,
2015-04-20,1.08083,1.08224,1.07125,1.07377,
2015-04-21,1.07377,1.07813,1.06598,1.07358,
2015-04-22,1.07358,1.08008,1.07087,1.07254,
2015-04-23,1.07254,1.08458,1.06663,1.0824,
2015-04-24,1.0824,1.09002,1.07848,1.08616,
2015-04-27,1.08616,1.09267,1.08196,1.08906,
2015-04-28,1.08906,1.09911,1.08601,1.09812,
2015-04-29,1.09812,1.11778,1.09596,1.11284,
2015-04-30,1.11284,1.12662,1.10714,1.1224,
2015-05-01,1.1224,1.12903,1.11748,1.12161,
2015-05-04,1.12161,1.12245,1.1123,1.11473,
2015-05-05,1.11473,1.12233,1.10663,1.11854,
2015-05-06,1.11854,1.137,1.11749,1.13466,
2015-05-07,1.13466,1.13918,1.12372,1.12664,
2015-05-08,1.12664,1.12888,1.11793,1.12037,
2015-05-11,1.12037,1.12068,1.1131,1.11551,
2015-05-12,1.11551,1.12791,1.11344,1.12133,
2015-05-13,1.12133,1.13828,1.12025,1.13545,
2015-05-14,1.13545,1.14448,1.13407,1.14102,
2015-05-15,1.14102,1.14672,1.13239,1.1441,
2015-05-18,1.1441,1.145,1.12988,1.13152,
2015-05-19,1.13152,1.13266,1.11188,1.11498,
2015-05-20,1.11498,1.11527,1.10624,1.10961,
2015-05-21,1.10961,1.11815,1.10802,1.11124,
2015-05-22,1.11124,1.12086,1.10024,1.10138,
2015-05-25,1.10138,1.10138,1.09595,1.09772,
2015-05-26,1.09772,1.0982,1.08634,1.08732,
2015-05-27,1.08732,1.09292,1.08194,1.0904,
2015-05-28,1.0904,1.0959,1.08676,1.09477,
2015-05-29,1.09477,1.10061,1.09261,1.09847,
2015-06-01,1.09847,1.09892,1.08874,1.09259,
2015-06-02,1.09259,1.11945,1.09163,1.11513,
2015-06-03,1.11513,1.12852,1.10797,1.12752,
2015-06-04,1.12752,1.138,1.1223,1.12382,
2015-06-05,1.12382,1.12799,1.10494,1.11193,
2015-06-08,1.11193,1.13071,1.10843,1.12913,
2015-06-09,1.12913,1.13457,1.1214,1.12827,
2015-06-10,1.12827,1.13863,1.12601,1.13241,
2015-06-11,1.13241,1.1332,1.11823,1.12577,
2015-06-12,1.12577,1.12966,1.11514,1.12572,
2015-06-15,1.12572,1.12945,1.11895,1.12838,
2015-06-16,1.12838,1.13298,1.12052,1.1248,
2015-06-17,1.1248,1.13582,1.12073,1.13381,
2015-06-18,1.13381,1.14366,1.13306,1.13588,
2015-06-19,1.13588,1.14015,1.12921,1.13445,
2015-06-22,1.13445,1.14105,1.13118,1.13406,
2015-06-23,1.13406,1.13475,1.11352,1.11675,
2015-06-24,1.11675,1.12351,1.11546,1.12055,
2015-06-25,1.12055,1.12282,1.11538,1.12054,
2015-06-26,1.12054,1.122,1.113,1.11699,
2015-06-29,1.11699,1.12779,1.09552,1.12364,
2015-06-30,1.12364,1.12441,1.11125,1.11417,
2015-07-01,1.11417,1.11715,1.10429,1.10529,
2015-07-02,1.10529,1.11214,1.10324,1.10843,
2015-07-03,1.10843,1.11177,1.10653,1.1096,
2015-07-06,1.1096,1.1096,1.09699,1.10563,
2015-07-07,1.10563,1.1059,1.09163,1.10112,
2015-07-08,1.10112,1.10929,1.09743,1.10769,
2015-07-09,1.10769,1.11244,1.09918,1.10373,
2015-07-10,1.10373,1.12162,1.10311,1.11509,
2015-07-13,1.11509,1.1197,1.09956,1.10042,
2015-07-14,1.10042,1.10839,1.09652,1.10089,
2015-07-15,1.10089,1.10359,1.09301,1.09484,
2015-07-16,1.09484,1.09627,1.08556,1.08748,
2015-07-17,1.08748,1.0907,1.08404,1.08405,
2015-07-20,1.08405,1.08703,1.08088,1.08253,
2015-07-21,1.08253,1.09686,1.08118,1.09354,
2015-07-22,1.09354,1.09669,1.08697,1.09288,
2015-07-23,1.09288,1.1018,1.09219,1.09841,
2015-07-24,1.09841,1.09958,1.09254,1.09805,
2015-07-27,1.09805,1.11294,1.09692,1.10882,
2015-07-28,1.10882,1.10997,1.10223,1.10602,
2015-07-29,1.10602,1.1084,1.09671,1.09839,
2015-07-30,1.09839,1.09895,1.08935,1.09318,
2015-07-31,1.09318,1.11141,1.09212,1.09834,
2015-08-03,1.09834,1.09961,1.09414,1.09503,
2015-08-04,1.09503,1.09877,1.08793,1.08814,
2015-08-05,1.08814,1.09336,1.0848,1.09058,
2015-08-06,1.09058,1.0943,1.08736,1.0925,
2015-08-07,1.0925,1.09785,1.08555,1.0956,
2015-08-10,1.0956,1.10413,1.09254,1.10188,
2015-08-11,1.10188,1.10883,1.09606,1.10423,
2015-08-12,1.10423,1.12142,1.10248,1.11584,
2015-08-13,1.11584,1.11891,1.108,1.11496,
2015-08-14,1.11496,1.11888,1.10979,1.11136,
2015-08-17,1.11136,1.1125,1.1059,1.10775,
2015-08-18,1.10775,1.10939,1.10172,1.10232,
2015-08-19,1.10232,1.11343,1.10179,1.11203,
2015-08-20,1.11203,1.12447,1.11072,1.12413,
2015-08-21,1.12413,1.13723,1.12294,1.13646,
2015-08-24,1.13646,1.17137,1.13646,1.16193,
2015-08-25,1.16193,1.16223,1.14044,1.14987,
2015-08-26,1.14987,1.15615,1.12919,1.13141,
2015-08-27,1.13141,1.13645,1.12131,1.12472,
2015-08-28,1.12472,1.13099,1.11592,1.11916,
2015-08-31,1.11916,1.12627,1.1171,1.12114,
2015-09-01,1.12114,1.13321,1.12084,1.1314,
2015-09-02,1.1314,1.13195,1.12166,1.1227,
2015-09-03,1.1227,1.12436,1.10874,1.11232,
2015-09-04,1.11232,1.1191,1.10894,1.11474,
2015-09-07,1.11474,1.11778,1.11216,1.11703,
2015-09-08,1.11703,1.12297,1.11528,1.12026,
2015-09-09,1.12026,1.12165,1.11319,1.12072,
2015-09-10,1.12072,1.12955,1.11718,1.128,
2015-09-11,1.128,1.13497,1.12542,1.13347,
2015-09-14,1.13347,1.13733,1.12835,1.13169,
2015-09-15,1.13169,1.13288,1.12586,1.12694,
2015-09-16,1.12694,1.13208,1.12142,1.12903,
2015-09-17,1.12903,1.14415,1.12847,1.14348,
2015-09-18,1.14348,1.14602,1.12697,1.12989,
2015-09-21,1.12989,1.13302,1.11814,1.11903,
2015-09-22,1.11903,1.12078,1.11133,1.11207,
2015-09-23,1.11207,1.12133,1.11053,1.11858,
2015-09-24,1.11858,1.12959,1.11647,1.12304,
2015-09-25,1.12304,1.12336,1.11163,1.12071,
2015-09-28,1.12071,1.12478,1.11469,1.12447,
2015-09-29,1.12447,1.12815,1.1194,1.12484,
2015-09-30,1.12484,1.12616,1.11575,1.11769,
2015-10-01,1.11769,1.12091,1.11352,1.11952,
2015-10-02,1.11952,1.13185,1.11506,1.12147,
2015-10-05,1.12147,1.12894,1.11737,1.1188,
2015-10-06,1.1188,1.12796,1.11721,1.12719,
2015-10-07,1.12719,1.12842,1.12115,1.12377,
2015-10-08,1.12377,1.13267,1.12347,1.12763,
2015-10-09,1.12763,1.13871,1.12671,1.13612,
2015-10-12,1.13612,1.13969,1.1354,1.13585,
2015-10-13,1.13585,1.1411,1.13444,1.13791,
2015-10-14,1.13791,1.1489,1.13779,1.14738,
2015-10-15,1.14738,1.14952,1.13634,1.13857,
2015-10-16,1.13857,1.13966,1.13345,1.13502,
2015-10-19,1.13502,1.13791,1.13058,1.1327,
2015-10-20,1.1327,1.13872,1.13242,1.13459,
2015-10-21,1.13459,1.13775,1.13345,1.13388,
2015-10-22,1.13388,1.13512,1.11005,1.11086,
2015-10-23,1.11086,1.11398,1.09966,1.10086,
2015-10-26,1.10086,1.10684,1.10019,1.1058,
2015-10-27,1.1058,1.10786,1.10305,1.10501,
2015-10-28,1.10501,1.10957,1.08971,1.09233,
2015-10-29,1.09233,1.09858,1.0903,1.09775,
2015-10-30,1.09775,1.10724,1.09677,1.09934,
2015-11-02,1.09934,1.10528,1.09934,1.10158,
2015-11-03,1.10158,1.10301,1.09362,1.09643,
2015-11-04,1.09643,1.0968,1.08441,1.08657,
2015-11-05,1.08657,1.08975,1.08337,1.0884,
2015-11-06,1.0884,1.08939,1.07075,1.07413,
2015-11-09,1.07413,1.07901,1.07198,1.0751,
2015-11-10,1.0751,1.07641,1.06744,1.07245,
2015-11-11,1.07245,1.07739,1.07057,1.07422,
2015-11-12,1.07422,1.08304,1.06914,1.08139,
2015-11-13,1.08139,1.0817,1.07142,1.07516,
2015-11-16,1.07516,1.07582,1.06748,1.06864,
2015-11-17,1.06864,1.06908,1.06311,1.06424,
2015-11-18,1.06424,1.06923,1.06172,1.06592,
2015-11-19,1.06592,1.0763,1.06555,1.07341,
2015-11-20,1.07341,1.07386,1.06409,1.06426,
2015-11-23,1.06426,1.06569,1.05927,1.06364,
2015-11-24,1.06364,1.06734,1.06199,1.06431,
2015-11-25,1.06431,1.06893,1.05661,1.06244,
2015-11-26,1.06244,1.06275,1.06,1.06105,
2015-11-27,1.06105,1.06381,1.05685,1.05938,
2015-11-30,1.05938,1.05951,1.0558,1.05647,
2015-12-01,1.05647,1.06371,1.05634,1.06326,
2015-12-02,1.06326,1.06362,1.05508,1.06144,
2015-12-03,1.06144,1.0981,1.05223,1.09399,
2015-12-04,1.09399,1.09565,1.08363,1.08739,
2015-12-07,1.08739,1.08874,1.07962,1.08375,
2015-12-08,1.08375,1.09026,1.08302,1.08919,
2015-12-09,1.08919,1.10427,1.08793,1.10248,
2015-12-10,1.10248,1.10253,1.09251,1.09409,
2015-12-11,1.09409,1.1031,1.09266,1.09801,
2015-12-14,1.09801,1.10487,1.09457,1.09921,
2015-12-15,1.09921,1.10598,1.09047,1.09304,
2015-12-16,1.09304,1.10122,1.08885,1.09124,
2015-12-17,1.09124,1.0914,1.08026,1.08259,
2015-12-18,1.08259,1.08747,1.08051,1.08678,
2015-12-21,1.08678,1.09391,1.08481,1.09148,
2015-12-22,1.09148,1.09843,1.09023,1.09567,
2015-12-23,1.09567,1.09573,1.08702,1.09114,
2015-12-24,1.09114,1.09672,1.09042,1.09644,
2015-12-28,1.09644,1.09926,1.09561,1.09677,
2015-12-29,1.09677,1.09918,1.08992,1.092,
2015-12-30,1.092,1.09438,1.09019,1.0932,
2015-12-31,1.0932,1.09372,1.0853,1.08582,
2016-01-04,1.08582,1.09463,1.07812,1.08313,
2016-01-05,1.08313,1.0839,1.07108,1.0748,
2016-01-06,1.0748,1.07995,1.07143,1.07812,
2016-01-07,1.07812,1.09402,1.07714,1.09317,
2016-01-08,1.09317,1.09337,1.08033,1.09246,
2016-01-11,1.09246,1.09698,1.08481,1.08594,
2016-01-12,1.08594,1.09002,1.08199,1.08582,
2016-01-13,1.08582,1.08878,1.08051,1.08771,
2016-01-14,1.08771,1.09432,1.08348,1.08655,
2016-01-15,1.08655,1.09847,1.08546,1.09143,
2016-01-18,1.09143,1.0928,1.08691,1.08924,
2016-01-19,1.08924,1.0939,1.08594,1.0907,
2016-01-20,1.0907,1.09761,1.08774,1.08894,
2016-01-21,1.08894,1.09213,1.07782,1.08744,
2016-01-22,1.08744,1.08766,1.07895,1.07962,
2016-01-25,1.07962,1.08569,1.07895,1.08495,
2016-01-26,1.08495,1.08745,1.08189,1.08704,
2016-01-27,1.08704,1.09165,1.08508,1.08928,
2016-01-28,1.08928,1.09678,1.08698,1.094,
2016-01-29,1.094,1.09486,1.08102,1.08305,
2016-02-01,1.08305,1.09129,1.08149,1.08881,
2016-02-02,1.08881,1.094,1.08853,1.0919,
2016-02-03,1.0919,1.11457,1.09039,1.11049,
2016-02-04,1.11049,1.1239,1.10697,1.12084,
2016-02-05,1.12084,1.12472,1.1109,1.11586,
2016-02-08,1.11586,1.12158,1.10867,1.11931,
2016-02-09,1.11931,1.1338,1.11625,1.12934,
2016-02-10,1.12934,1.13117,1.11606,1.1292,
2016-02-11,1.1292,1.13763,1.12742,1.13233,
2016-02-12,1.13233,1.13339,1.12142,1.12555,
2016-02-15,1.12555,1.12555,1.11281,1.11551,
2016-02-16,1.11551,1.11932,1.11245,1.11437,
2016-02-17,1.11437,1.11792,1.11061,1.11278,
2016-02-18,1.11278,1.11497,1.10712,1.11072,
2016-02-19,1.11072,1.11395,1.1067,1.11295,
2016-02-22,1.11295,1.11295,1.10034,1.10298,
2016-02-23,1.10298,1.10525,1.09902,1.10196,
2016-02-24,1.10196,1.10463,1.09575,1.10138,
2016-02-25,1.10138,1.105,1.09869,1.1018,
2016-02-26,1.1018,1.10684,1.09118,1.09312,
2016-02-29,1.09312,1.09626,1.08596,1.08728,
2016-03-01,1.08728,1.08936,1.08343,1.08678,
2016-03-02,1.08678,1.08812,1.08257,1.08682,
2016-03-03,1.08682,1.09728,1.08536,1.09569,
2016-03-04,1.09569,1.10435,1.09035,1.10046,
2016-03-07,1.10046,1.10258,1.09402,1.10141,
2016-03-08,1.10141,1.10576,1.09938,1.10108,
2016-03-09,1.10108,1.1035,1.09461,1.09989,
2016-03-10,1.09989,1.1218,1.08221,1.11778,
2016-03-11,1.11778,1.12097,1.10806,1.11522,
2016-03-14,1.11522,1.11766,1.1078,1.11027,
2016-03-15,1.11027,1.11249,1.10721,1.11089,
2016-03-16,1.11089,1.12426,1.1058,1.12246,
2016-03-17,1.12246,1.13424,1.12052,1.13186,
2016-03-18,1.13186,1.13369,1.12562,1.12701,
2016-03-21,1.12701,1.12848,1.12345,1.12418,
2016-03-22,1.12418,1.126,1.11887,1.12166,
2016-03-23,1.12166,1.12236,1.11595,1.11811,
2016-03-24,1.11811,1.11878,1.11445,1.11748,
2016-03-25,1.11748,1.11815,1.11541,1.11663,
2016-03-28,1.11663,1.122,1.11529,1.11962,
2016-03-29,1.11962,1.13034,1.11691,1.12904,
2016-03-30,1.12904,1.13653,1.12837,1.13383,
2016-03-31,1.13383,1.14119,1.13102,1.138,
2016-04-01,1.138,1.14378,1.13351,1.13916,
2016-04-04,1.13916,1.14127,1.13575,1.13916,
2016-04-05,1.13916,1.14053,1.13361,1.13844,
2016-04-06,1.13844,1.14318,1.13268,1.1399,
2016-04-07,1.1399,1.14541,1.13378,1.13777,
2016-04-08,1.13777,1.14194,1.13493,1.13991,
2016-04-11,1.13991,1.14475,1.13724,1.14081,
2016-04-12,1.14081,1.1465,1.13458,1.13861,
2016-04-13,1.13861,1.13915,1.12683,1.12743,
2016-04-14,1.12743,1.12949,1.12339,1.12682,
2016-04-15,1.12682,1.13171,1.12458,1.12829,
2016-04-18,1.12829,1.13321,1.12737,1.13133,
2016-04-19,1.13133,1.13846,1.13036,1.1358,
2016-04-20,1.1358,1.1388,1.12906,1.12966,
2016-04-21,1.12966,1.13982,1.127,1.12875,
2016-04-22,1.12875,1.13087,1.12182,1.12222,
2016-04-25,1.12222,1.12783,1.12178,1.12678,
2016-04-26,1.12678,1.13398,1.12564,1.12972,
2016-04-27,1.12972,1.13617,1.1272,1.1322,
2016-04-28,1.1322,1.1368,1.1296,1.13524,
2016-04-29,1.13524,1.14594,1.13481,1.14503,
2016-05-02,1.14503,1.1536,1.14484,1.15343,
2016-05-03,1.15343,1.16163,1.14959,1.14961,
2016-05-04,1.14961,1.15295,1.14665,1.14876,
2016-05-05,1.14876,1.1494,1.13861,1.14054,
2016-05-06,1.14054,1.14802,1.13867,1.14049,
2016-05-09,1.14049,1.142,1.13755,1.1383,
2016-05-10,1.1383,1.141,1.13588,1.13725,
2016-05-11,1.13725,1.14466,1.13692,1.14264,
2016-05-12,1.14264,1.14293,1.13707,1.13769,
2016-05-13,1.13769,1.13799,1.12831,1.13084,
2016-05-16,1.13084,1.13423,1.13024,1.13203,
2016-05-17,1.13203,1.13488,1.13021,1.13138,
2016-05-18,1.13138,1.13163,1.12143,1.12166,
2016-05-19,1.12166,1.12301,1.11802,1.12029,
2016-05-20,1.12029,1.12377,1.11964,1.12238,
2016-05-23,1.12238,1.12431,1.11877,1.12204,
2016-05-24,1.12204,1.12272,1.11325,1.11413,
2016-05-25,1.11413,1.11669,1.11289,1.11545,
2016-05-26,1.11545,1.12168,1.11497,1.11939,
2016-05-27,1.11939,1.12008,1.11112,1.11134,
2016-05-30,1.11134,1.11448,1.10979,1.11379,
2016-05-31,1.11379,1.11734,1.11222,1.11322,
2016-06-01,1.11322,1.11942,1.11143,1.11885,
2016-06-02,1.11885,1.12202,1.11454,1.11513,
2016-06-03,1.11513,1.13738,1.11368,1.13669,
2016-06-06,1.13669,1.13929,1.1326,1.13548,
2016-06-07,1.13548,1.13806,1.13388,1.1358,
2016-06-08,1.1358,1.14106,1.13546,1.13952,
2016-06-09,1.13952,1.14156,1.13058,1.13166,
2016-06-10,1.13166,1.13215,1.12454,1.12502,
2016-06-13,1.12502,1.13029,1.12324,1.12925,
2016-06-14,1.12925,1.12985,1.11891,1.12078,
2016-06-15,1.12078,1.12991,1.11899,1.12599,
2016-06-16,1.12599,1.12949,1.1131,1.12249,
2016-06-17,1.12249,1.12964,1.1223,1.12762,
2016-06-20,1.12762,1.13825,1.12762,1.13139,
2016-06-21,1.13139,1.13497,1.12419,1.1242,
2016-06-22,1.1242,1.13378,1.12367,1.12965,
2016-06-23,1.12965,1.14216,1.12961,1.13856,
2016-06-24,1.13856,1.14278,1.0912,1.11111,
2016-06-27,1.11111,1.11111,1.09708,1.10249,
2016-06-28,1.10249,1.11118,1.10104,1.10649,
2016-06-29,1.10649,1.11304,1.10494,1.11249,
2016-06-30,1.11249,1.11546,1.10242,1.11071,
2016-07-01,1.11071,1.11694,1.10723,1.11361,
2016-07-04,1.11361,1.11598,1.10979,1.11552,
2016-07-05,1.11552,1.11867,1.10625,1.10762,
2016-07-06,1.10762,1.11118,1.10293,1.11003,
2016-07-07,1.11003,1.11073,1.10526,1.10623,
2016-07-08,1.10623,1.11206,1.10026,1.105,
2016-07-11,1.105,1.10748,1.10157,1.1058,
2016-07-12,1.1058,1.1126,1.10522,1.10605,
2016-07-13,1.10605,1.11199,1.10421,1.10901,
2016-07-14,1.10901,1.11649,1.10884,1.11198,
2016-07-15,1.11198,1.11489,1.10254,1.10352,
2016-07-18,1.10352,1.10847,1.10352,1.10755,
2016-07-19,1.10755,1.10806,1.09999,1.10209,
2016-07-20,1.10209,1.10303,1.09814,1.10149,
2016-07-21,1.10149,1.10598,1.09798,1.10263,
2016-07-22,1.10263,1.10412,1.09557,1.09766,
2016-07-25,1.09766,1.09988,1.09519,1.09952,
2016-07-26,1.09952,1.10298,1.09783,1.09863,
2016-07-27,1.09863,1.1065,1.09617,1.10585,
2016-07-28,1.10585,1.11196,1.10525,1.10768,
2016-07-29,1.10768,1.11974,1.10731,1.11751,
2016-08-01,1.11751,1.11841,1.11551,1.11622,
2016-08-02,1.11622,1.12338,1.1159,1.12233,
2016-08-03,1.12233,1.12271,1.11409,1.11491,
2016-08-04,1.11491,1.11564,1.11141,1.11294,
2016-08-05,1.11294,1.11613,1.10459,1.10876,
2016-08-08,1.10876,1.11051,1.10724,1.10883,
2016-08-09,1.10883,1.11226,1.10707,1.11171,
2016-08-10,1.11171,1.119,1.11127,1.11776,
2016-08-11,1.11776,1.11916,1.11355,1.11371,
2016-08-12,1.11371,1.12215,1.11314,1.11626,
2016-08-15,1.11626,1.12037,1.11537,1.11837,
2016-08-16,1.11837,1.13225,1.11775,1.12785,
2016-08-17,1.12785,1.1316,1.12413,1.1289,
2016-08-18,1.1289,1.13665,1.12863,1.13537,
2016-08-19,1.13537,1.136,1.13043,1.13259,
2016-08-22,1.13259,1.13307,1.12711,1.13199,
2016-08-23,1.13199,1.13552,1.13035,1.13054,
2016-08-24,1.13054,1.13116,1.12453,1.1264,
2016-08-25,1.1264,1.12975,1.12594,1.12845,
2016-08-26,1.12845,1.1341,1.11806,1.11969,
2016-08-29,1.11969,1.12079,1.11581,1.11888,
2016-08-30,1.11888,1.11924,1.11322,1.11427,
2016-08-31,1.11427,1.11654,1.11233,1.11581,
2016-09-01,1.11581,1.12053,1.11277,1.1197,
2016-09-02,1.1197,1.12521,1.11505,1.11545,
2016-09-05,1.11545,1.11825,1.11393,1.11473,
2016-09-06,1.11473,1.12632,1.11412,1.12556,
2016-09-07,1.12556,1.12718,1.12289,1.12397,
2016-09-08,1.12397,1.13271,1.12346,1.12601,
2016-09-09,1.12601,1.12851,1.11987,1.12333,
2016-09-12,1.12333,1.12684,1.12105,1.12351,
2016-09-13,1.12351,1.12605,1.12041,1.12199,
2016-09-14,1.12199,1.1274,1.12104,1.12497,
2016-09-15,1.12497,1.12844,1.12193,1.12434,
2016-09-16,1.12434,1.12501,1.11497,1.11572,
2016-09-19,1.11572,1.11979,1.1151,1.1175,
2016-09-20,1.1175,1.12136,1.11501,1.11508,
2016-09-21,1.11508,1.11967,1.11232,1.11887,
2016-09-22,1.11887,1.12573,1.1185,1.12082,
2016-09-23,1.12082,1.12405,1.1194,1.1225,
2016-09-26,1.1225,1.12792,1.12212,1.12539,
2016-09-27,1.12539,1.12588,1.1191,1.12155,
2016-09-28,1.12155,1.1237,1.11821,1.12175,
2016-09-29,1.12175,1.12498,1.1197,1.12228,
2016-09-30,1.12228,1.12507,1.11535,1.12416,
2016-10-03,1.12416,1.12443,1.12053,1.12114,
2016-10-04,1.12114,1.1239,1.11381,1.1204,
2016-10-05,1.1204,1.12334,1.11898,1.12053,
2016-10-06,1.12053,1.12126,1.11401,1.1151,
2016-10-07,1.1151,1.12047,1.11043,1.12004,
2016-10-10,1.12004,1.12033,1.11315,1.11386,
2016-10-11,1.11386,1.11425,1.10491,1.10539,
2016-10-12,1.10539,1.10678,1.10046,1.10068,
2016-10-13,1.10068,1.10578,1.09856,1.10561,
2016-10-14,1.10561,1.10588,1.09707,1.09716,
2016-10-17,1.09716,1.1008,1.0964,1.09996,
2016-10-18,1.09996,1.10264,1.09701,1.09807,
2016-10-19,1.09807,1.1005,1.0955,1.09739,
2016-10-20,1.09739,1.10395,1.09159,1.09294,
2016-10-21,1.09294,1.09298,1.08595,1.08837,
2016-10-24,1.08837,1.08997,1.08597,1.08819,
2016-10-25,1.08819,1.09052,1.08511,1.08888,
2016-10-26,1.08888,1.09466,1.08745,1.09087,
2016-10-27,1.09087,1.09423,1.08829,1.08968,
2016-10-28,1.08968,1.09917,1.0893,1.0985,
2016-10-31,1.0985,1.09917,1.0936,1.09808,
2016-11-01,1.09808,1.1069,1.096,1.10554,
2016-11-02,1.10554,1.11231,1.10497,1.10975,
2016-11-03,1.10975,1.11259,1.10598,1.11053,
2016-11-04,1.11053,1.11417,1.10801,1.11408,
2016-11-07,1.11408,1.11408,1.10273,1.10405,
2016-11-08,1.10405,1.10671,1.10089,1.10259,
2016-11-09,1.10259,1.12995,1.09071,1.09098,
2016-11-10,1.09098,1.09538,1.08651,1.08932,
2016-11-11,1.08932,1.09234,1.08304,1.08556,
2016-11-14,1.08556,1.08556,1.07091,1.0737,
2016-11-15,1.0737,1.08166,1.07141,1.07225,
2016-11-16,1.07225,1.07596,1.06663,1.06912,
2016-11-17,1.06912,1.07458,1.06201,1.06261,
2016-11-18,1.06261,1.0643,1.05694,1.05886,
2016-11-21,1.05886,1.06492,1.0579,1.06298,
2016-11-22,1.06298,1.0658,1.05838,1.0627,
2016-11-23,1.0627,1.06438,1.05261,1.05533,
2016-11-24,1.05533,1.05855,1.05182,1.05527,
2016-11-25,1.05527,1.06273,1.05387,1.05871,
2016-11-28,1.05871,1.06857,1.05639,1.06142,
2016-11-29,1.06142,1.06545,1.0565,1.06496,
2016-11-30,1.06496,1.06667,1.05528,1.05882,
2016-12-01,1.05882,1.06689,1.05845,1.06611,
2016-12-02,1.06611,1.069,1.06254,1.06665,
2016-12-05,1.06665,1.07963,1.05062,1.07639,
2016-12-06,1.07639,1.07855,1.06986,1.07184,
2016-12-07,1.07184,1.07683,1.07099,1.0753,
2016-12-08,1.0753,1.08739,1.05973,1.06148,
2016-12-09,1.06148,1.06298,1.05311,1.05608,
2016-12-12,1.05608,1.06519,1.05255,1.06345,
2016-12-13,1.06345,1.06672,1.06038,1.06258,
2016-12-14,1.06258,1.06702,1.04969,1.05356,
2016-12-15,1.05356,1.05396,1.03666,1.04138,
2016-12-16,1.04138,1.04744,1.04008,1.04514,
2016-12-19,1.04514,1.04796,1.03927,1.04026,
2016-12-20,1.04026,1.04181,1.03524,1.03881,
2016-12-21,1.03881,1.04512,1.03827,1.0424,
2016-12-22,1.0424,1.04994,1.04237,1.04366,
2016-12-23,1.04366,1.04688,1.04267,1.04554,
2016-12-26,1.04554,1.04677,1.04448,1.04661,
2016-12-27,1.04661,1.04661,1.04326,1.04573,
2016-12-28,1.04573,1.04799,1.03722,1.04134,
2016-12-29,1.04134,1.04937,1.04088,1.04895,
2016-12-30,1.04895,1.06559,1.0485,1.05163,
2017-01-02,1.05163,1.05239,1.04505,1.04543,
2017-01-03,1.04543,1.04902,1.03403,1.04058,
2017-01-04,1.04058,1.05,1.03899,1.04893,
2017-01-05,1.04893,1.06154,1.0481,1.06068,
2017-01-06,1.06068,1.06219,1.05251,1.05309,
2017-01-09,1.05309,1.05831,1.05109,1.05742,
2017-01-10,1.05742,1.06273,1.05509,1.05543,
2017-01-11,1.05543,1.06229,1.04539,1.05826,
2017-01-12,1.05826,1.06848,1.05716,1.06126,
2017-01-13,1.06126,1.06782,1.05965,1.06432,
2017-01-16,1.06432,1.06432,1.05796,1.06009,
2017-01-17,1.06009,1.07192,1.05979,1.07135,
2017-01-18,1.07135,1.07154,1.06288,1.06299,
2017-01-19,1.06299,1.06768,1.05893,1.06642,
2017-01-20,1.06642,1.07094,1.06253,1.0701,
2017-01-23,1.0701,1.0769,1.06952,1.07655,
2017-01-24,1.07655,1.07749,1.07204,1.07314,
2017-01-25,1.07314,1.07699,1.07114,1.0748,
2017-01-26,1.0748,1.07656,1.06578,1.06821,
2017-01-27,1.06821,1.0725,1.06583,1.06987,
2017-01-30,1.06987,1.07404,1.06204,1.06947,
2017-01-31,1.06947,1.08122,1.06847,1.07977,
2017-02-01,1.07977,1.08074,1.07318,1.07687,
2017-02-02,1.07687,1.0829,1.07559,1.07583,
2017-02-03,1.07583,1.07977,1.0712,1.07844,
2017-02-06,1.07844,1.07923,1.07057,1.07501,
2017-02-07,1.07501,1.07509,1.06562,1.06835,
2017-02-08,1.06835,1.07141,1.06407,1.06986,
2017-02-09,1.06986,1.07096,1.0651,1.06549,
2017-02-10,1.06549,1.06678,1.06078,1.06412,
2017-02-13,1.06412,1.06586,1.0592,1.05984,
2017-02-14,1.05984,1.06335,1.05611,1.05777,
2017-02-15,1.05777,1.06094,1.05214,1.06007,
2017-02-16,1.06007,1.06794,1.05906,1.06733,
2017-02-17,1.06733,1.06767,1.06054,1.06147,
2017-02-20,1.06147,1.0633,1.06032,1.06132,
2017-02-21,1.06132,1.0616,1.05259,1.05365,
2017-02-22,1.05365,1.05742,1.04937,1.05579,
2017-02-23,1.05579,1.05952,1.05376,1.0582,
2017-02-24,1.0582,1.06179,1.0557,1.05631,
2017-02-27,1.05631,1.06305,1.05518,1.05871,
2017-02-28,1.05871,1.06301,1.05694,1.05763,
2017-03-01,1.05763,1.05894,1.05148,1.05473,
2017-03-02,1.05473,1.05516,1.0495,1.05069,
2017-03-03,1.05069,1.06242,1.05024,1.06239,
2017-03-06,1.06239,1.06397,1.05748,1.05817,
2017-03-07,1.05817,1.06027,1.05583,1.05665,
2017-03-08,1.05665,1.05742,1.0535,1.05407,
2017-03-09,1.05407,1.0615,1.05252,1.0577,
2017-03-10,1.0577,1.06991,1.05725,1.06691,
2017-03-13,1.06691,1.07144,1.06522,1.06534,
2017-03-14,1.06534,1.06626,1.06003,1.06041,
2017-03-15,1.06041,1.074,1.06036,1.07342,
2017-03-16,1.07342,1.07704,1.07057,1.07658,
2017-03-17,1.07658,1.07825,1.07276,1.07379,
2017-03-20,1.07379,1.07775,1.07253,1.07396,
2017-03-21,1.07396,1.08193,1.07193,1.08109,
2017-03-22,1.08109,1.08245,1.07761,1.07969,
2017-03-23,1.07969,1.08049,1.07681,1.07834,
2017-03-24,1.07834,1.0818,1.07603,1.08,
2017-03-27,1.08,1.0906,1.08,1.08647,
2017-03-28,1.08647,1.08727,1.07988,1.08135,
2017-03-29,1.08135,1.08265,1.07402,1.07661,
2017-03-30,1.07661,1.07701,1.06722,1.06749,
2017-03-31,1.06749,1.07019,1.06518,1.06518,
2017-04-03,1.06518,1.06812,1.06425,1.06688,
2017-04-04,1.06688,1.06773,1.06359,1.06737,
2017-04-05,1.06737,1.06892,1.06355,1.06633,
2017-04-06,1.06633,1.06842,1.06291,1.06444,
2017-04-07,1.06444,1.06671,1.05807,1.0589,
2017-04-10,1.0589,1.06067,1.057,1.05959,
2017-04-11,1.05959,1.063,1.05787,1.06045,
2017-04-12,1.06045,1.06751,1.05888,1.06647,
2017-04-13,1.06647,1.06777,1.06092,1.0614,
2017-04-14,1.0614,1.06297,1.06064,1.06158,
2017-04-17,1.06158,1.06705,1.06031,1.06432,
2017-04-18,1.06432,1.0736,1.06374,1.07307,
2017-04-19,1.07307,1.0737,1.07,1.07114,
2017-04-20,1.07114,1.07775,1.07094,1.07171,
2017-04-21,1.07171,1.07382,1.06823,1.07274,
2017-04-24,1.07274,1.09204,1.07274,1.08672,
2017-04-25,1.08672,1.095,1.08515,1.09257,
2017-04-26,1.09257,1.09509,1.08558,1.09036,
2017-04-27,1.09036,1.09328,1.08518,1.08731,
2017-04-28,1.08731,1.09475,1.0857,1.08946,
2017-05-01,1.08946,1.0924,1.08843,1.08989,
2017-05-02,1.08989,1.09334,1.08883,1.09299,
2017-05-03,1.09299,1.09369,1.08829,1.0886,
2017-05-04,1.0886,1.09872,1.0875,1.09846,
2017-05-05,1.09846,1.09997,1.09499,1.09979,
2017-05-08,1.09979,1.10224,1.09164,1.09234,
2017-05-09,1.09234,1.09336,1.08635,1.08744,
2017-05-10,1.08744,1.08981,1.08534,1.08676,
2017-05-11,1.08676,1.08931,1.08393,1.08612,
2017-05-12,1.08612,1.09342,1.08558,1.09333,
2017-05-15,1.09333,1.09895,1.09227,1.09754,
2017-05-16,1.09754,1.10973,1.09748,1.10828,
2017-05-17,1.10828,1.11623,1.10805,1.11589,
2017-05-18,1.11589,1.1172,1.10759,1.11028,
2017-05-19,1.11028,1.1212,1.10975,1.12066,
2017-05-22,1.12066,1.12636,1.11616,1.12376,
2017-05-23,1.12376,1.12682,1.11752,1.11834,
2017-05-24,1.11834,1.12201,1.11686,1.1219,
2017-05-25,1.1219,1.12502,1.11937,1.12104,
2017-05-26,1.12104,1.12346,1.11607,1.11836,
2017-05-29,1.11836,1.11899,1.11619,1.11646,
2017-05-30,1.11646,1.12054,1.11097,1.11862,
2017-05-31,1.11862,1.12522,1.11646,1.12438,
2017-06-01,1.12438,1.12568,1.12023,1.12125,
2017-06-02,1.12125,1.12851,1.12051,1.12816,
2017-06-05,1.12816,1.12842,1.12343,1.12545,
2017-06-06,1.12545,1.12839,1.12405,1.12774,
2017-06-07,1.12774,1.12825,1.12042,1.12568,
2017-06-08,1.12568,1.12691,1.11949,1.1214,
2017-06-09,1.1214,1.12374,1.11665,1.11962,
2017-06-12,1.11962,1.12322,1.1192,1.12029,
2017-06-13,1.12029,1.12249,1.11855,1.12107,
2017-06-14,1.12107,1.12959,1.11933,1.12178,
2017-06-15,1.12178,1.12287,1.11321,1.11467,
2017-06-16,1.11467,1.12017,1.11386,1.11972,
2017-06-19,1.11972,1.12128,1.11432,1.11485,
2017-06-20,1.11485,1.1165,1.11189,1.11341,
2017-06-21,1.11341,1.11691,1.11277,1.11686,
2017-06-22,1.11686,1.1178,1.11395,1.11521,
2017-06-23,1.11521,1.1209,1.11453,1.11936,
2017-06-26,1.11936,1.12199,1.11719,1.11819,
2017-06-27,1.11819,1.13496,1.1179,1.13391,
2017-06-28,1.13391,1.13907,1.12917,1.13778,
2017-06-29,1.13778,1.14454,1.13746,1.14406,
2017-06-30,1.14406,1.14453,1.13923,1.14268,
2017-07-03,1.14268,1.14271,1.13552,1.13644,
2017-07-04,1.13644,1.13769,1.13363,1.13463,
2017-07-05,1.13463,1.13686,1.13125,1.1352,
2017-07-06,1.1352,1.14249,1.13301,1.1423,
2017-07-07,1.1423,1.14399,1.13798,1.14047,
2017-07-10,1.14047,1.14181,1.13819,1.13993,
2017-07-11,1.13993,1.14798,1.13829,1.14675,
2017-07-12,1.14675,1.14896,1.13917,1.14118,
2017-07-13,1.14118,1.14561,1.13707,1.13978,
2017-07-14,1.13978,1.14718,1.13916,1.14718,
2017-07-17,1.14718,1.14871,1.14348,1.14784,
2017-07-18,1.14784,1.15833,1.14715,1.15544,
2017-07-19,1.15544,1.15572,1.15101,1.1515,
2017-07-20,1.1515,1.16579,1.14793,1.163,
2017-07-21,1.163,1.16829,1.16192,1.16615,
2017-07-24,1.16615,1.16844,1.16262,1.16421,
2017-07-25,1.16421,1.17122,1.16309,1.16472,
2017-07-26,1.16472,1.17401,1.16127,1.17341,
2017-07-27,1.17341,1.17768,1.16501,1.16765,
2017-07-28,1.16765,1.17642,1.16713,1.1752,
2017-07-31,1.1752,1.18457,1.17232,1.18418,
2017-08-01,1.18418,1.18445,1.17853,1.18016,
2017-08-02,1.18016,1.19106,1.17938,1.18558,
2017-08-03,1.18558,1.18932,1.18307,1.18699,
2017-08-04,1.18699,1.18892,1.17284,1.17723,
2017-08-07,1.17723,1.1814,1.17715,1.17955,
2017-08-08,1.17955,1.18239,1.17153,1.17525,
2017-08-09,1.17525,1.17639,1.16891,1.17591,
2017-08-10,1.17591,1.17849,1.17042,1.17719,
2017-08-11,1.17719,1.18466,1.17487,1.18217,
2017-08-14,1.18217,1.18384,1.177,1.17795,
2017-08-15,1.17795,1.17927,1.16873,1.1735,
2017-08-16,1.1735,1.17788,1.16812,1.17672,
2017-08-17,1.17672,1.179,1.16625,1.17231,
2017-08-18,1.17231,1.17744,1.17087,1.17597,
2017-08-21,1.17597,1.18282,1.17311,1.18143,
2017-08-22,1.18143,1.18244,1.17453,1.1762,
2017-08-23,1.1762,1.18233,1.17402,1.18072,
2017-08-24,1.18072,1.1818,1.17842,1.17994,
2017-08-25,1.17994,1.19415,1.17737,1.19242,
2017-08-28,1.19242,1.19838,1.1917,1.19786,
2017-08-29,1.19786,1.20702,1.19466,1.19724,
2017-08-30,1.19724,1.19843,1.18808,1.18835,
2017-08-31,1.18835,1.19126,1.18232,1.19097,
2017-09-01,1.19097,1.19799,1.18501,1.18605,
2017-09-04,1.18605,1.19222,1.18605,1.18961,
2017-09-05,1.18961,1.19405,1.18684,1.19141,
2017-09-06,1.19141,1.19501,1.1903,1.19171,
2017-09-07,1.19171,1.20593,1.19142,1.20229,
2017-09-08,1.20229,1.20924,1.20148,1.20359,
2017-09-11,1.20359,1.20359,1.1948,1.19529,
2017-09-12,1.19529,1.19782,1.19264,1.19667,
2017-09-13,1.19667,1.1995,1.18731,1.18857,
2017-09-14,1.18857,1.19222,1.18381,1.19189,
2017-09-15,1.19189,1.19877,1.19011,1.19438,
2017-09-18,1.19438,1.19694,1.19151,1.19538,
2017-09-19,1.19538,1.20065,1.19501,1.19944,
2017-09-20,1.19944,1.20336,1.18614,1.18928,
2017-09-21,1.18928,1.19538,1.18659,1.19416,
2017-09-22,1.19416,1.20045,1.19371,1.19503,
2017-09-25,1.19503,1.19503,1.18321,1.18482,
2017-09-26,1.18482,1.18615,1.17577,1.1793,
2017-09-27,1.1793,1.17953,1.17171,1.17448,
2017-09-28,1.17448,1.1804,1.17214,1.17863,
2017-09-29,1.17863,1.18326,1.17727,1.18145,
2017-10-02,1.18145,1.18152,1.17303,1.17327,
2017-10-03,1.17327,1.17732,1.16962,1.17442,
2017-10-04,1.17442,1.17877,1.17352,1.17593,
2017-10-05,1.17593,1.17789,1.16991,1.1711,
2017-10-06,1.1711,1.17388,1.16696,1.17287,
2017-10-09,1.17287,1.17562,1.17196,1.17405,
2017-10-10,1.17405,1.18256,1.17394,1.18081,
2017-10-11,1.18081,1.18692,1.17954,1.18587,
2017-10-12,1.18587,1.18798,1.18269,1.183,
2017-10-13,1.183,1.18748,1.18055,1.18218,
2017-10-16,1.18218,1.18218,1.17806,1.17962,
2017-10-17,1.17962,1.18004,1.17362,1.17663,
2017-10-18,1.17663,1.18053,1.17303,1.17876,
2017-10-19,1.17876,1.18579,1.17685,1.1852,
2017-10-20,1.1852,1.18581,1.17625,1.17836,
2017-10-23,1.17836,1.17836,1.1725,1.17492,
2017-10-24,1.17492,1.1793,1.17428,1.17613,
2017-10-25,1.17613,1.18178,1.17531,1.18128,
2017-10-26,1.18128,1.18368,1.16405,1.16504,
2017-10-27,1.16504,1.16573,1.15744,1.16089,
2017-10-30,1.16089,1.1658,1.1594,1.1651,
2017-10-31,1.1651,1.16614,1.16252,1.1646,
2017-11-01,1.1646,1.16573,1.16065,1.16189,
2017-11-02,1.16189,1.16873,1.16134,1.16585,
2017-11-03,1.16585,1.16904,1.15992,1.16078,
2017-11-06,1.16078,1.16242,1.15802,1.16099,
2017-11-07,1.16099,1.16157,1.15542,1.15866,
2017-11-08,1.15866,1.16112,1.15793,1.15953,
2017-11-09,1.15953,1.16548,1.15857,1.16418,
2017-11-10,1.16418,1.16779,1.16229,1.16646,
2017-11-13,1.16646,1.16751,1.16375,1.16671,
2017-11-14,1.16671,1.1805,1.16615,1.17978,
2017-11-15,1.17978,1.18604,1.17849,1.17914,
2017-11-16,1.17914,1.1801,1.1757,1.17703,
2017-11-17,1.17703,1.18219,1.17654,1.17899,
2017-11-20,1.17899,1.18087,1.17226,1.17327,
2017-11-21,1.17327,1.17577,1.17129,1.17382,
2017-11-22,1.17382,1.1827,1.17327,1.18222,
2017-11-23,1.18222,1.1856,1.18133,1.18503,
2017-11-24,1.18503,1.19442,1.18369,1.19321,
2017-11-27,1.19321,1.19612,1.18958,1.18984,
2017-11-28,1.18984,1.19201,1.18271,1.18404,
2017-11-29,1.18404,1.18829,1.18175,1.18472,
2017-11-30,1.18472,1.19315,1.18092,1.19041,
2017-12-01,1.19041,1.19405,1.18511,1.18957,
2017-12-04,1.18957,1.18957,1.18294,1.18658,
2017-12-05,1.18658,1.18767,1.18009,1.18262,
2017-12-06,1.18262,1.1848,1.17807,1.17956,
2017-12-07,1.17956,1.18146,1.1772,1.17728,
2017-12-08,1.17728,1.17768,1.17301,1.17727,
2017-12-11,1.17727,1.18118,1.1764,1.17691,
2017-12-12,1.17691,1.17928,1.17176,1.17418,
2017-12-13,1.17418,1.18315,1.17295,1.18259,
2017-12-14,1.18259,1.18625,1.17707,1.17779,
2017-12-15,1.17779,1.18123,1.17494,1.17496,
2017-12-18,1.17496,1.18342,1.17381,1.17817,
2017-12-19,1.17817,1.18489,1.17766,1.18399,
2017-12-20,1.18399,1.19018,1.1829,1.18713,
2017-12-21,1.18713,1.18896,1.18494,1.1874,
2017-12-22,1.1874,1.18757,1.18171,1.18624,
2017-12-26,1.18624,1.1879,1.18467,1.18584,
2017-12-27,1.18584,1.19103,1.18552,1.18882,
2017-12-28,1.18882,1.19591,1.1888,1.19426,
2017-12-29,1.19426,1.20255,1.19367,1.20038,
2018-01-02,1.20038,1.20811,1.20038,1.20587,
2018-01-03,1.20587,1.20663,1.20014,1.20145,
2018-01-04,1.20145,1.20888,1.20046,1.20683,
2018-01-05,1.20683,1.20829,1.20207,1.20293,
2018-01-08,1.20293,1.20523,1.19558,1.19673,
2018-01-09,1.19673,1.19756,1.19159,1.1937,
2018-01-10,1.1937,1.20181,1.19232,1.19476,
2018-01-11,1.19476,1.2059,1.19293,1.20321,
2018-01-12,1.20321,1.22183,1.2031,1.2201,
2018-01-15,1.2201,1.22967,1.21877,1.22638,
2018-01-16,1.22638,1.2283,1.21953,1.22603,
2018-01-17,1.22603,1.23232,1.21774,1.21858,
2018-01-18,1.21858,1.22648,1.21653,1.22382,
2018-01-19,1.22382,1.22954,1.2215,1.22214,
2018-01-22,1.22214,1.2273,1.22141,1.22621,
2018-01-23,1.22621,1.23062,1.22233,1.22984,
2018-01-24,1.22984,1.2415,1.22924,1.24082,
2018-01-25,1.24082,1.25376,1.23641,1.23949,
2018-01-26,1.23949,1.24935,1.23704,1.24327,
2018-01-29,1.24327,1.24327,1.23372,1.23825,
2018-01-30,1.23825,1.24539,1.23353,1.24025,
2018-01-31,1.24025,1.24749,1.23871,1.24135,
2018-02-01,1.24135,1.25223,1.23856,1.25101,
2018-02-02,1.25101,1.25182,1.24095,1.24562,
2018-02-05,1.24562,1.24749,1.23627,1.23669,
2018-02-06,1.23669,1.24344,1.23142,1.2377,
2018-02-07,1.2377,1.24059,1.22462,1.2264,
2018-02-08,1.2264,1.2295,1.22123,1.22469,
2018-02-09,1.22469,1.22872,1.22057,1.22515,
2018-02-12,1.22515,1.22972,1.22352,1.22916,
2018-02-13,1.22916,1.23711,1.22845,1.23516,
2018-02-14,1.23516,1.24652,1.2276,1.24502,
2018-02-15,1.24502,1.25103,1.24481,1.25062,
2018-02-16,1.25062,1.25554,1.23936,1.24063,
2018-02-19,1.24063,1.2435,1.23692,1.24075,
2018-02-20,1.24075,1.24124,1.23199,1.23379,
2018-02-21,1.23379,1.23599,1.22812,1.22833,
2018-02-22,1.22833,1.23521,1.226,1.23306,
2018-02-23,1.23306,1.23373,1.228,1.22954,
2018-02-26,1.22954,1.23551,1.22781,1.23175,
2018-02-27,1.23175,1.23464,1.22218,1.22332,
2018-02-28,1.22332,1.22413,1.21881,1.21939,
2018-03-01,1.21939,1.22733,1.2155,1.22667,
2018-03-02,1.22667,1.23359,1.22516,1.23175,
2018-03-05,1.23175,1.23647,1.22691,1.2336,
2018-03-06,1.2336,1.24203,1.23284,1.24045,
2018-03-07,1.24045,1.24444,1.23849,1.24113,
2018-03-08,1.24113,1.24462,1.22981,1.23115,
2018-03-09,1.23115,1.23343,1.22733,1.23069,
2018-03-12,1.23069,1.23456,1.22905,1.23332,
2018-03-13,1.23332,1.24073,1.23146,1.23896,
2018-03-14,1.23896,1.24127,1.23472,1.23675,
2018-03-15,1.23675,1.23838,1.23003,1.23048,
2018-03-16,1.23048,1.23361,1.22603,1.22893,
2018-03-19,1.22893,1.23588,1.22581,1.23353,
2018-03-20,1.23353,1.23547,1.22397,1.22414,
2018-03-21,1.22414,1.23499,1.2241,1.2338,
2018-03-22,1.2338,1.23882,1.22856,1.2302,
2018-03-23,1.2302,1.23734,1.23007,1.23526,
2018-03-26,1.23526,1.24617,1.23507,1.24443,
2018-03-27,1.24443,1.24764,1.23726,1.24028,
2018-03-28,1.24028,1.24217,1.23001,1.23088,
2018-03-29,1.23088,1.23353,1.2284,1.23005,
2018-03-30,1.23005,1.23307,1.22899,1.23242,
2018-04-02,1.23242,1.23449,1.22821,1.23019,
2018-04-03,1.23019,1.2336,1.22538,1.22703,
2018-04-04,1.22703,1.23146,1.22571,1.22782,
2018-04-05,1.22782,1.22902,1.22184,1.22405,
2018-04-06,1.22405,1.22909,1.22156,1.22812,
2018-04-09,1.22812,1.23305,1.22605,1.23208,
2018-04-10,1.23208,1.23776,1.23029,1.2356,
2018-04-11,1.2356,1.23961,1.23471,1.23671,
2018-04-12,1.23671,1.23797,1.22995,1.23265,
2018-04-13,1.23265,1.2346,1.23072,1.23305,
2018-04-16,1.23305,1.23947,1.23244,1.23795,
2018-04-17,1.23795,1.24138,1.23365,1.23698,
2018-04-18,1.23698,1.23973,1.23418,1.23739,
2018-04-19,1.23739,1.24002,1.23292,1.23457,
2018-04-20,1.23457,1.23528,1.22499,1.2288,
2018-04-23,1.2288,1.22896,1.21977,1.22088,
2018-04-24,1.22088,1.22448,1.21821,1.22322,
2018-04-25,1.22322,1.22389,1.21603,1.2161,
2018-04-26,1.2161,1.22099,1.20964,1.21034,
2018-04-27,1.21034,1.2133,1.20556,1.21305,
2018-04-30,1.21305,1.21388,1.20645,1.20776,
2018-05-01,1.20776,1.20842,1.19816,1.19925,
2018-05-02,1.19925,1.20317,1.19381,1.19509,
2018-05-03,1.19509,1.20089,1.19479,1.19883,
2018-05-04,1.19883,1.19955,1.19115,1.19595,
2018-05-07,1.19595,1.19781,1.18977,1.19221,
2018-05-08,1.19221,1.19388,1.18381,1.18644,
2018-05-09,1.18644,1.1897,1.18229,1.18506,
2018-05-10,1.18506,1.19466,1.18432,1.19152,
2018-05-11,1.19152,1.1968,1.18914,1.19424,
2018-05-14,1.19424,1.19962,1.19264,1.19269,
2018-05-15,1.19269,1.19385,1.18204,1.18377,
2018-05-16,1.18377,1.1854,1.17633,1.18076,
2018-05-17,1.18076,1.18376,1.17767,1.17944,
2018-05-18,1.17944,1.18222,1.175,1.17707,
2018-05-21,1.17707,1.17956,1.17167,1.17916,
2018-05-22,1.17916,1.18298,1.17568,1.17788,
2018-05-23,1.17788,1.17897,1.1676,1.16962,
2018-05-24,1.16962,1.17504,1.16909,1.17196,
2018-05-25,1.17196,1.17337,1.1646,1.16469,
2018-05-28,1.16469,1.17284,1.16076,1.16246,
2018-05-29,1.16246,1.16396,1.15101,1.15398,
2018-05-30,1.15398,1.16762,1.15188,1.16658,
2018-05-31,1.16658,1.17244,1.16412,1.16931,
2018-06-01,1.16931,1.17181,1.16172,1.16602,
2018-06-04,1.16602,1.17446,1.16598,1.16987,
2018-06-05,1.16987,1.17321,1.16527,1.17178,
2018-06-06,1.17178,1.17958,1.17121,1.17741,
2018-06-07,1.17741,1.18399,1.17732,1.17998,
2018-06-08,1.17998,1.18104,1.17273,1.17694,
2018-06-11,1.17694,1.18206,1.17694,1.1784,
2018-06-12,1.1784,1.18091,1.17334,1.17453,
2018-06-13,1.17453,1.18011,1.17256,1.17917,
2018-06-14,1.17917,1.18517,1.15638,1.15681,
2018-06-15,1.15681,1.16272,1.15435,1.1606,
2018-06-18,1.1606,1.16243,1.15655,1.16228,
2018-06-19,1.16228,1.16446,1.15311,1.15899,
2018-06-20,1.15899,1.15999,1.15372,1.1571,
2018-06-21,1.1571,1.16337,1.15083,1.16037,
2018-06-22,1.16037,1.1675,1.16008,1.16544,
2018-06-25,1.16544,1.17131,1.16288,1.17038,
2018-06-26,1.17038,1.17205,1.1635,1.16475,
2018-06-27,1.16475,1.16721,1.15408,1.1554,
2018-06-28,1.1554,1.16004,1.15273,1.15687,
2018-06-29,1.15687,1.16905,1.15584,1.1685,
2018-07-02,1.1685,1.16923,1.15914,1.16393,
2018-07-03,1.16393,1.16732,1.16206,1.16575,
2018-07-04,1.16575,1.16818,1.16308,1.16568,
2018-07-05,1.16568,1.17202,1.16501,1.16905,
2018-07-06,1.16905,1.1768,1.16801,1.17473,
2018-07-09,1.17473,1.17906,1.17328,1.17508,
2018-07-10,1.17508,1.17627,1.16905,1.17443,
2018-07-11,1.17443,1.17582,1.16656,1.16735,
2018-07-12,1.16735,1.16957,1.16499,1.16708,
2018-07-13,1.16708,1.16875,1.1613,1.16851,
2018-07-16,1.16851,1.17253,1.16757,1.17113,
2018-07-17,1.17113,1.17447,1.16499,1.16613,
2018-07-18,1.16613,1.1665,1.16022,1.16383,
2018-07-19,1.16383,1.16786,1.1575,1.16418,
2018-07-20,1.16418,1.17389,1.16265,1.17248,
2018-07-23,1.17248,1.175,1.16839,1.1692,
2018-07-24,1.1692,1.1717,1.16547,1.16901,
2018-07-25,1.16901,1.17388,1.16643,1.17285,
2018-07-26,1.17285,1.17436,1.16404,1.16428,
2018-07-27,1.16428,1.16645,1.16206,1.16592,
2018-07-30,1.16592,1.17188,1.16482,1.17061,
2018-07-31,1.17061,1.17459,1.16842,1.16911,
2018-08-01,1.16911,1.16996,1.16573,1.166,
2018-08-02,1.166,1.16677,1.15819,1.15853,
2018-08-03,1.15853,1.16106,1.15604,1.15678,
2018-08-06,1.15678,1.15716,1.15301,1.15535,
2018-08-07,1.15535,1.16083,1.15508,1.15988,
2018-08-08,1.15988,1.16283,1.15733,1.16103,
2018-08-09,1.16103,1.16193,1.15263,1.1527,
2018-08-10,1.1527,1.15529,1.13882,1.1413,
2018-08-13,1.1413,1.14329,1.13651,1.14106,
2018-08-14,1.14106,1.14295,1.13304,1.1344,
2018-08-15,1.1344,1.13549,1.13012,1.1345,
2018-08-16,1.1345,1.14092,1.13359,1.13768,
2018-08-17,1.13768,1.14449,1.13665,1.14396,
2018-08-20,1.14396,1.1485,1.13945,1.14817,
2018-08-21,1.14817,1.16012,1.14811,1.15705,
2018-08-22,1.15705,1.16229,1.15534,1.15969,
2018-08-23,1.15969,1.15996,1.15298,1.15393,
2018-08-24,1.15393,1.16399,1.15351,1.16229,
2018-08-27,1.16229,1.16937,1.15946,1.16779,
2018-08-28,1.16779,1.17335,1.16627,1.16947,
2018-08-29,1.16947,1.17099,1.16518,1.17076,
2018-08-30,1.17076,1.17182,1.16419,1.1671,
2018-08-31,1.1671,1.16899,1.15846,1.16023,
2018-09-03,1.16023,1.1628,1.15891,1.16198,
2018-09-04,1.16198,1.1621,1.15302,1.15818,
2018-09-05,1.15818,1.16379,1.15435,1.16302,
2018-09-06,1.16302,1.16593,1.16058,1.16235,
2018-09-07,1.16235,1.16494,1.15507,1.15533,
2018-09-10,1.15533,1.16158,1.15259,1.15935,
2018-09-11,1.15935,1.1644,1.15657,1.16063,
2018-09-12,1.16063,1.16497,1.15701,1.16264,
2018-09-13,1.16264,1.17009,1.16092,1.16902,
2018-09-14,1.16902,1.17217,1.16207,1.16245,
2018-09-17,1.16245,1.16983,1.16181,1.16835,
2018-09-18,1.16835,1.17242,1.16523,1.16664,
2018-09-19,1.16664,1.1715,1.16503,1.16727,
2018-09-20,1.16727,1.17845,1.16689,1.17768,
2018-09-21,1.17768,1.18028,1.1733,1.17492,
2018-09-24,1.17492,1.18151,1.17242,1.17481,
2018-09-25,1.17481,1.17925,1.17311,1.17666,
2018-09-26,1.17666,1.17978,1.17262,1.17395,
2018-09-27,1.17395,1.17572,1.16391,1.16408,
2018-09-28,1.16408,1.16513,1.157,1.16041,
2018-10-01,1.16041,1.16238,1.15637,1.15784,
2018-10-02,1.15784,1.15802,1.15053,1.15462,
2018-10-03,1.15462,1.15936,1.14646,1.14778,
2018-10-04,1.14778,1.15426,1.14635,1.15145,
2018-10-05,1.15145,1.15484,1.14842,1.15169,
2018-10-08,1.15169,1.15297,1.14601,1.14916,
2018-10-09,1.14916,1.15034,1.14323,1.14904,
2018-10-10,1.14904,1.15452,1.148,1.15206,
2018-10-11,1.15206,1.15994,1.15205,1.15935,
2018-10-12,1.15935,1.16105,1.15345,1.15599,
2018-10-15,1.15599,1.16063,1.1541,1.15795,
2018-10-16,1.15795,1.16211,1.15661,1.15745,
2018-10-17,1.15745,1.15806,1.1496,1.15009,
2018-10-18,1.15009,1.15273,1.14494,1.1453,
2018-10-19,1.1453,1.15347,1.14331,1.15244,
2018-10-22,1.15244,1.155,1.14559,1.14648,
2018-10-23,1.14648,1.14938,1.14393,1.14712,
2018-10-24,1.14712,1.14767,1.1379,1.1392,
2018-10-25,1.1392,1.14325,1.13563,1.13751,
2018-10-26,1.13751,1.14209,1.13358,1.14024,
2018-10-29,1.14024,1.14165,1.13609,1.13728,
2018-10-30,1.13728,1.13879,1.13406,1.13443,
2018-10-31,1.13443,1.136,1.13022,1.13116,
2018-11-01,1.13116,1.14241,1.13075,1.14086,
2018-11-02,1.14086,1.14559,1.13722,1.13884,
2018-11-05,1.13884,1.14239,1.1354,1.14073,
2018-11-06,1.14073,1.14379,1.13915,1.14273,
2018-11-07,1.14273,1.15,1.13948,1.14258,
2018-11-08,1.14258,1.14467,1.13518,1.13634,
2018-11-09,1.13634,1.1369,1.13164,1.13359,
2018-11-12,1.13359,1.13359,1.1216,1.12183,
2018-11-13,1.12183,1.12936,1.12167,1.12899,
2018-11-14,1.12899,1.13476,1.12632,1.13096,
2018-11-15,1.13096,1.13625,1.12708,1.13278,
2018-11-16,1.13278,1.14205,1.13217,1.14192,
2018-11-19,1.14192,1.14645,1.13941,1.14539,
2018-11-20,1.14539,1.14724,1.13588,1.13706,
2018-11-21,1.13706,1.14248,1.13657,1.13836,
2018-11-22,1.13836,1.1434,1.13815,1.14031,
2018-11-23,1.14031,1.14212,1.13281,1.13359,
2018-11-26,1.13359,1.13836,1.13251,1.13275,
2018-11-27,1.13275,1.13438,1.12776,1.12881,
2018-11-28,1.12881,1.13874,1.12673,1.13664,
2018-11-29,1.13664,1.14018,1.13489,1.13936,
2018-11-30,1.13936,1.14004,1.13056,1.13169,
2018-12-03,1.13169,1.13798,1.13169,1.1354,
2018-12-04,1.1354,1.14186,1.13188,1.13431,
2018-12-05,1.13431,1.13613,1.13111,1.13445,
2018-12-06,1.13445,1.14126,1.13212,1.1374,
2018-12-07,1.1374,1.14235,1.13605,1.1383,
2018-12-10,1.1383,1.14428,1.13505,1.1357,
2018-12-11,1.1357,1.14002,1.13064,1.13166,
2018-12-12,1.13166,1.13874,1.13152,1.13685,
2018-12-13,1.13685,1.13933,1.13313,1.13615,
2018-12-14,1.13615,1.13651,1.127,1.13062,
2018-12-17,1.13062,1.13578,1.13006,1.13477,
2018-12-18,1.13477,1.14023,1.13369,1.13607,
2018-12-19,1.13607,1.14393,1.13605,1.13762,
2018-12-20,1.13762,1.14857,1.13713,1.1446,
2018-12-21,1.1446,1.1474,1.13562,1.13725,
2018-12-24,1.13725,1.14385,1.1362,1.14067,
2018-12-25,1.14067,1.14067,1.14054,1.14062,
2018-12-26,1.14062,1.14203,1.1343,1.13527,
2018-12-27,1.13527,1.14541,1.13525,1.14307,
2018-12-28,1.14307,1.14728,1.14272,1.14447,
2018-12-31,1.14447,1.14677,1.14217,1.14642,
2019-01-01,1.14642,1.1467,1.14641,1.14656,
2019-01-02,1.14656,1.14968,1.13253,1.1344,
2019-01-03,1.1344,1.1411,1.13096,1.13935,
2019-01-04,1.13935,1.1419,1.13459,1.13957,
2019-01-07,1.13957,1.14825,1.13957,1.14742,
2019-01-08,1.14742,1.14846,1.14224,1.14413,
2019-01-09,1.14413,1.15581,1.14375,1.15426,
2019-01-10,1.15426,1.15699,1.14846,1.15,
2019-01-11,1.15,1.15403,1.14581,1.14685,
2019-01-14,1.14685,1.1482,1.14508,1.14686,
2019-01-15,1.14686,1.14898,1.13819,1.14129,
2019-01-16,1.14129,1.14249,1.13779,1.13916,
2019-01-17,1.13916,1.1406,1.13703,1.13884,
2019-01-18,1.13884,1.14102,1.13533,1.13642,
2019-01-21,1.13642,1.13914,1.13569,1.13652,
2019-01-22,1.13652,1.13739,1.13363,1.13602,
2019-01-23,1.13602,1.13945,1.1351,1.1381,
2019-01-24,1.1381,1.13914,1.12894,1.13041,
2019-01-25,1.13041,1.14176,1.13008,1.14072,
2019-01-28,1.14072,1.14437,1.13902,1.14285,
2019-01-29,1.14285,1.14503,1.14113,1.14328,
2019-01-30,1.14328,1.15015,1.14063,1.14795,
2019-01-31,1.14795,1.15143,1.14358,1.14477,
2019-02-01,1.14477,1.14886,1.14344,1.14548,
2019-02-04,1.14548,1.14605,1.14244,1.14376,
2019-02-05,1.14376,1.14406,1.14013,1.14063,
2019-02-06,1.14063,1.14097,1.1361,1.13622,
2019-02-07,1.13622,1.13685,1.13246,1.13413,
2019-02-08,1.13413,1.13509,1.13193,1.13193,
2019-02-11,1.13193,1.13301,1.12675,1.12759,
2019-02-12,1.12759,1.13398,1.12578,1.13253,
2019-02-13,1.13253,1.13415,1.12602,1.12606,
2019-02-14,1.12606,1.13098,1.12495,1.12955,
2019-02-15,1.12955,1.13062,1.12342,1.1294,
2019-02-18,1.1294,1.1334,1.12892,1.13104,
2019-02-19,1.13104,1.13574,1.12756,1.13403,
2019-02-20,1.13403,1.13712,1.1325,1.13376,
2019-02-21,1.13376,1.13665,1.13201,1.1336,
2019-02-22,1.1336,1.13558,1.13162,1.13325,
2019-02-25,1.13325,1.13675,1.13285,1.13575,
2019-02-26,1.13575,1.14028,1.13452,1.1389,
2019-02-27,1.1389,1.14035,1.13625,1.13694,
2019-02-28,1.13694,1.14196,1.13595,1.13708,
2019-03-01,1.13708,1.14087,1.13534,1.1364,
2019-03-04,1.1364,1.13833,1.13091,1.13399,
2019-03-05,1.13399,1.13415,1.12897,1.1308,
2019-03-06,1.1308,1.13246,1.12856,1.13069,
2019-03-07,1.13069,1.13203,1.11763,1.11938,
2019-03-08,1.11938,1.12462,1.11853,1.12325,
2019-03-11,1.12325,1.12585,1.12219,1.12448,
2019-03-12,1.12448,1.13049,1.12447,1.12874,
2019-03-13,1.12874,1.13387,1.12775,1.1327,
2019-03-14,1.1327,1.13376,1.12942,1.13036,
2019-03-15,1.13036,1.13443,1.12995,1.13295,
2019-03-18,1.13295,1.1359,1.13192,1.13373,
2019-03-19,1.13373,1.13616,1.13338,1.13513,
2019-03-20,1.13513,1.1448,1.13356,1.14134,
2019-03-21,1.14134,1.14375,1.13426,1.13743,
2019-03-22,1.13743,1.13908,1.12734,1.13006,
2019-03-25,1.13006,1.13315,1.12893,1.13124,
2019-03-26,1.13124,1.1326,1.12634,1.1266,
2019-03-27,1.1266,1.12857,1.12422,1.12438,
2019-03-28,1.12438,1.12613,1.12136,1.1222,
2019-03-29,1.1222,1.12468,1.121,1.12178,
2019-04-01,1.12178,1.12499,1.1204,1.12128,
2019-04-02,1.12128,1.12164,1.11838,1.12047,
2019-04-03,1.12047,1.12547,1.12008,1.12324,
2019-04-04,1.12324,1.12478,1.12061,1.12203,
2019-04-05,1.12203,1.12471,1.12102,1.12146,
2019-04-08,1.12146,1.12744,1.12141,1.12625,
2019-04-09,1.12625,1.12843,1.12553,1.12624,
2019-04-10,1.12624,1.1288,1.12296,1.12738,
2019-04-11,1.12738,1.12875,1.12499,1.12532,
2019-04-12,1.12532,1.13239,1.12532,1.1299,
2019-04-15,1.1299,1.13211,1.12978,1.13039,
2019-04-16,1.13039,1.1314,1.12797,1.12808,
2019-04-17,1.12808,1.13238,1.12791,1.12965,
2019-04-18,1.12965,1.13041,1.12262,1.12303,
2019-04-19,1.12303,1.12478,1.12291,1.12454,
2019-04-22,1.12454,1.12622,1.12359,1.12573,
2019-04-23,1.12573,1.12613,1.11924,1.12275,
2019-04-24,1.12275,1.12275,1.11408,1.11544,
2019-04-25,1.11544,1.11625,1.11181,1.11312,
2019-04-26,1.11312,1.1174,1.11112,1.11524,
2019-04-29,1.11524,1.11869,1.11451,1.11854,
2019-04-30,1.11854,1.12291,1.11758,1.12152,
2019-05-01,1.12152,1.12649,1.11873,1.11959,
2019-05-02,1.11959,1.12191,1.11707,1.11722,
2019-05-03,1.11722,1.12051,1.11351,1.12019,
2019-05-06,1.12019,1.12093,1.11697,1.11994,
2019-05-07,1.11994,1.12179,1.11667,1.11914,
2019-05-08,1.11914,1.12138,1.11829,1.11917,
2019-05-09,1.11917,1.1251,1.11735,1.12147,
2019-05-10,1.12147,1.12538,1.1214,1.12354,
2019-05-13,1.12354,1.12635,1.12217,1.12219,
2019-05-14,1.12219,1.1244,1.12013,1.1204,
2019-05-15,1.1204,1.12246,1.11781,1.12009,
2019-05-16,1.12009,1.1224,1.11663,1.11754,
2019-05-17,1.11754,1.11841,1.11553,1.11576,
2019-05-20,1.11576,1.11749,1.11507,1.11661,
2019-05-21,1.11661,1.11881,1.11422,1.11609,
2019-05-22,1.11609,1.11803,1.11488,1.11504,
2019-05-23,1.11504,1.11876,1.11073,1.11817,
2019-05-24,1.11817,1.12122,1.11739,1.12035,
2019-05-27,1.12035,1.12153,1.1187,1.11939,
2019-05-28,1.11939,1.11985,1.11592,1.11603,
2019-05-29,1.11603,1.11726,1.11245,1.11312,
2019-05-30,1.11312,1.11434,1.11161,1.11293,
2019-05-31,1.11293,1.11798,1.11253,1.11686,
2019-06-03,1.11686,1.12622,1.11603,1.12411,
2019-06-04,1.12411,1.12774,1.12269,1.12518,
2019-06-05,1.12518,1.1307,1.12199,1.12209,
2019-06-06,1.12209,1.13091,1.12009,1.12756,
2019-06-07,1.12756,1.13477,1.12514,1.13356,
2019-06-10,1.13356,1.13356,1.12903,1.13116,
2019-06-11,1.13116,1.13376,1.13015,1.13261,
2019-06-12,1.13261,1.13435,1.12828,1.12872,
2019-06-13,1.12872,1.13039,1.12686,1.12764,
2019-06-14,1.12764,1.12893,1.12026,1.12087,
2019-06-17,1.12087,1.12471,1.12037,1.12182,
2019-06-18,1.12182,1.12429,1.11815,1.11941,
2019-06-19,1.11941,1.12545,1.11873,1.12264,
2019-06-20,1.12264,1.1317,1.12262,1.12931,
2019-06-21,1.12931,1.13778,1.12832,1.13672,
2019-06-24,1.13672,1.14039,1.13672,1.1398,
2019-06-25,1.1398,1.14121,1.13443,1.13667,
2019-06-26,1.13667,1.13913,1.13476,1.13687,
2019-06-27,1.13687,1.13815,1.13479,1.13695,
2019-06-28,1.13695,1.13932,1.13508,1.13727,
2019-07-01,1.13727,1.13727,1.12811,1.12854,
2019-07-02,1.12854,1.13216,1.12753,1.12846,
2019-07-03,1.12846,1.13117,1.12687,1.12781,
2019-07-04,1.12781,1.12952,1.12732,1.12846,
2019-07-05,1.12846,1.12879,1.12075,1.1226,
2019-07-08,1.1226,1.12344,1.12072,1.12142,
2019-07-09,1.12142,1.12189,1.11934,1.12079,
2019-07-10,1.12079,1.12642,1.12019,1.12511,
2019-07-11,1.12511,1.12859,1.12453,1.12541,
2019-07-12,1.12541,1.1275,1.12384,1.12702,
2019-07-15,1.12702,1.1284,1.12535,1.12578,
2019-07-16,1.12578,1.12636,1.1202,1.12105,
2019-07-17,1.12105,1.12335,1.11998,1.12243,
2019-07-18,1.12243,1.12805,1.12053,1.12767,
2019-07-19,1.12767,1.1282,1.12035,1.12206,
2019-07-22,1.12206,1.12252,1.12063,1.12092,
2019-07-23,1.12092,1.121,1.11459,1.11521,
2019-07-24,1.11521,1.11561,1.11272,1.11402,
2019-07-25,1.11402,1.11878,1.11015,1.11469,
2019-07-26,1.11469,1.1151,1.1112,1.11291,
2019-07-29,1.11291,1.1151,1.1113,1.11453,
2019-07-30,1.11453,1.11611,1.11323,1.11552,
2019-07-31,1.11552,1.11622,1.10603,1.10762,
2019-08-01,1.10762,1.10954,1.1027,1.10852,
2019-08-02,1.10852,1.11165,1.10698,1.11086,
2019-08-05,1.11086,1.12133,1.11047,1.12031,
2019-08-06,1.12031,1.12496,1.11675,1.11997,
2019-08-07,1.11997,1.12419,1.11792,1.11993,
2019-08-08,1.11993,1.12326,1.11771,1.118,
2019-08-09,1.118,1.1223,1.118,1.12003,
2019-08-12,1.12003,1.12307,1.11621,1.12135,
2019-08-13,1.12135,1.12286,1.1171,1.11713,
2019-08-14,1.11713,1.1191,1.11308,1.11384,
2019-08-15,1.11384,1.11586,1.10917,1.11073,
2019-08-16,1.11073,1.11133,1.10664,1.10903,
2019-08-19,1.10903,1.11139,1.10762,1.10781,
2019-08-20,1.10781,1.11069,1.10657,1.10997,
2019-08-21,1.10997,1.11073,1.10809,1.10845,
2019-08-22,1.10845,1.11134,1.10637,1.10798,
2019-08-23,1.10798,1.11532,1.10518,1.11442,
2019-08-26,1.11442,1.11643,1.10942,1.1101,
2019-08-27,1.1101,1.11158,1.10857,1.10902,
2019-08-28,1.10902,1.10979,1.10734,1.10776,
2019-08-29,1.10776,1.1093,1.10422,1.10566,
2019-08-30,1.10566,1.10605,1.09634,1.09901,
2019-09-02,1.09901,1.09968,1.0958,1.097,
2019-09-03,1.097,1.09788,1.09264,1.09741,
2019-09-04,1.09741,1.10385,1.09686,1.10351,
2019-09-05,1.10351,1.10848,1.10168,1.10346,
2019-09-06,1.10346,1.10571,1.10204,1.10284,
2019-09-09,1.10284,1.10682,1.10156,1.10472,
2019-09-10,1.10472,1.10595,1.10305,1.10436,
2019-09-11,1.10436,1.10558,1.09852,1.10107,
2019-09-12,1.10107,1.10872,1.0927,1.10637,
2019-09-13,1.10637,1.11094,1.10555,1.1074,
2019-09-16,1.1074,1.10865,1.09934,1.10016,
2019-09-17,1.10016,1.10746,1.09904,1.10727,
2019-09-18,1.10727,1.10757,1.1014,1.10298,
2019-09-19,1.10298,1.10736,1.1023,1.10411,
2019-09-20,1.10411,1.10677,1.09963,1.10182,
2019-09-23,1.10182,1.10256,1.09663,1.09931,
2019-09-24,1.09931,1.10241,1.09839,1.10201,
2019-09-25,1.10201,1.1024,1.09375,1.09424,
2019-09-26,1.09424,1.09673,1.09091,1.09211,
2019-09-27,1.09211,1.09588,1.09049,1.09406,
2019-09-30,1.09406,1.09478,1.08848,1.08994,
2019-10-01,1.08994,1.0943,1.08792,1.09334,
2019-10-02,1.09334,1.09637,1.09042,1.09593,
2019-10-03,1.09593,1.09995,1.0941,1.09639,
2019-10-04,1.09639,1.09995,1.09571,1.09784,
2019-10-07,1.09784,1.10006,1.0962,1.09705,
2019-10-08,1.09705,1.09958,1.0941,1.09565,
2019-10-09,1.09565,1.099,1.0952,1.09712,
2019-10-10,1.09712,1.10338,1.0971,1.10054,
2019-10-11,1.10054,1.10629,1.1001,1.10382,
2019-10-14,1.10382,1.10428,1.10131,1.10283,
2019-10-15,1.10283,1.10462,1.09914,1.10329,
2019-10-16,1.10329,1.10854,1.10226,1.10717,
2019-10-17,1.10717,1.11398,1.10651,1.11247,
2019-10-18,1.11247,1.11729,1.11147,1.11729,
2019-10-21,1.11729,1.11794,1.11388,1.11498,
2019-10-22,1.11498,1.1157,1.11178,1.11251,
2019-10-23,1.11251,1.11403,1.11063,1.11307,
2019-10-24,1.11307,1.11629,1.10931,1.11042,
2019-10-25,1.11042,1.11231,1.10731,1.10801,
2019-10-28,1.10801,1.11067,1.10762,1.10996,
2019-10-29,1.10996,1.11185,1.10735,1.11119,
2019-10-30,1.11119,1.11516,1.108,1.11508,
2019-10-31,1.11508,1.11757,1.11315,1.11518,
2019-11-01,1.11518,1.11719,1.11283,1.11656,
2019-11-04,1.11656,1.11754,1.11249,1.1128,
2019-11-05,1.1128,1.11401,1.10636,1.10745,
2019-11-06,1.10745,1.10928,1.1065,1.1066,
2019-11-07,1.1066,1.10917,1.10361,1.10502,
2019-11-08,1.10502,1.10555,1.10168,1.10202,
2019-11-11,1.10202,1.10431,1.10165,1.10331,
2019-11-12,1.10331,1.10386,1.10026,1.1009,
2019-11-13,1.1009,1.10203,1.09955,1.10071,
2019-11-14,1.10071,1.10276,1.09893,1.10221,
2019-11-15,1.10221,1.10569,1.10147,1.10515,
2019-11-18,1.10515,1.10901,1.10496,1.10723,
2019-11-19,1.10723,1.10839,1.10626,1.10782,
2019-11-20,1.10782,1.10813,1.10531,1.10732,
2019-11-21,1.10732,1.10969,1.10524,1.10583,
2019-11-22,1.10583,1.10874,1.10145,1.10166,
2019-11-25,1.10166,1.1032,1.10037,1.10146,
2019-11-26,1.10146,1.10258,1.10073,1.10204,
2019-11-27,1.10204,1.10249,1.09924,1.09996,
2019-11-28,1.09996,1.1018,1.09993,1.10084,
2019-11-29,1.10084,1.10283,1.09812,1.10208,
2019-12-02,1.10208,1.10901,1.10031,1.10791,
2019-12-03,1.10791,1.10935,1.1066,1.1082,
2019-12-04,1.1082,1.11161,1.10669,1.10774,
2019-12-05,1.10774,1.11082,1.10774,1.11041,
2019-12-06,1.11041,1.11099,1.10398,1.10606,
2019-12-09,1.10606,1.10781,1.10534,1.1064,
2019-12-10,1.1064,1.10978,1.10628,1.10922,
2019-12-11,1.10922,1.11449,1.10703,1.11298,
2019-12-12,1.11298,1.11543,1.11032,1.113,
2019-12-13,1.113,1.11997,1.11039,1.11229,
2019-12-16,1.11229,1.11581,1.11227,1.11438,
2019-12-17,1.11438,1.11746,1.11293,1.11497,
2019-12-18,1.11497,1.11543,1.11105,1.11136,
2019-12-19,1.11136,1.11443,1.11076,1.11206,
2019-12-20,1.11206,1.11253,1.10666,1.10763,
2019-12-23,1.10763,1.1096,1.107,1.10891,
2019-12-24,1.10891,1.10941,1.10692,1.1088,
2019-12-25,1.1088,1.10881,1.10878,1.10878,
2019-12-26,1.10878,1.1109,1.10823,1.10984,
2019-12-27,1.10984,1.11884,1.10958,1.11755,
2019-12-30,1.11755,1.12208,1.11728,1.11986,
2019-12-31,1.11986,1.12394,1.11976,1.12128,
2020-01-02,1.12128,1.12246,1.11636,1.1172,
2020-01-03,1.1172,1.118,1.1125,1.11572,
2020-01-06,1.11572,1.12056,1.11572,1.11975,
2020-01-07,1.11975,1.11978,1.11336,1.11529,
2020-01-08,1.11529,1.11684,1.11017,1.11056,
2020-01-09,1.11056,1.11205,1.10931,1.1106,
2020-01-10,1.1106,1.11293,1.10852,1.11172,
2020-01-13,1.11172,1.11469,1.11128,1.11339,
2020-01-14,1.11339,1.11446,1.11043,1.11282,
2020-01-15,1.11282,1.11634,1.11185,1.11498,
2020-01-16,1.11498,1.11728,1.1128,1.11369,
2020-01-17,1.11369,1.11427,1.10863,1.10863,
2020-01-20,1.10863,1.11025,1.10768,1.10946,
2020-01-21,1.10946,1.11181,1.1081,1.10821,
2020-01-22,1.10821,1.10984,1.10703,1.1093,
2020-01-23,1.1093,1.11087,1.10364,1.10541,
2020-01-24,1.10541,1.10616,1.10201,1.10257,
2020-01-27,1.10257,1.10377,1.10098,1.10189,
2020-01-28,1.10189,1.10253,1.09979,1.10224,
2020-01-29,1.10224,1.10278,1.09925,1.10107,
2020-01-30,1.10107,1.10395,1.10055,1.10315,
2020-01-31,1.10315,1.10918,1.1017,1.10913,
2020-02-03,1.10943,1.10951,1.1036,1.10596,
2020-02-04,1.10596,1.10642,1.10328,1.10441,
2020-02-05,1.10441,1.1048,1.09936,1.09991,
2020-02-06,1.09991,1.10141,1.09646,1.09821,
2020-02-07,1.09821,1.09851,1.09421,1.09463,
2020-02-10,1.09449,1.09576,1.09077,1.09109,
2020-02-11,1.09109,1.09249,1.08915,1.09155,
2020-02-12,1.09155,1.09256,1.08654,1.08738,
2020-02-13,1.08738,1.08889,1.08341,1.08415,
2020-02-14,1.08415,1.08613,1.08273,1.08378,
2020-02-17,1.08321,1.08511,1.08292,1.08354,
2020-02-18,1.08354,1.08379,1.07855,1.07922,
2020-02-19,1.07922,1.08118,1.07823,1.08059,
2020-02-20,1.08059,1.08211,1.0778,1.07842,
2020-02-21,1.07842,1.08636,1.07841,1.08486,
2020-02-24,1.0848,1.0872,1.08053,1.08529,
2020-02-25,1.08529,1.08902,1.08302,1.08814,
2020-02-26,1.08814,1.09088,1.08551,1.08813,
2020-02-27,1.08813,1.1006,1.08783,1.1,
2020-02-28,1.1,1.1053,1.09511,1.10274,
2020-03-02,1.10274,1.11847,1.10274,1.11332,
2020-03-03,1.11332,1.12128,1.10955,1.11727,
2020-03-04,1.11727,1.11874,1.10956,1.11362,
2020-03-05,1.11362,1.1245,1.11197,1.124,
2020-03-06,1.124,1.13548,1.12114,1.12881,
2020-03-09,1.12881,1.14971,1.12881,1.14468,
2020-03-10,1.14468,1.14592,1.12752,1.12808,
2020-03-11,1.12808,1.13669,1.12575,1.12698,
2020-03-12,1.12698,1.13333,1.10556,1.11859,
2020-03-13,1.11859,1.12214,1.10553,1.1099,
2020-03-16,1.1099,1.12366,1.10688,1.11839,
2020-03-17,1.11839,1.11892,1.09552,1.09978,
2020-03-18,1.09978,1.10453,1.08019,1.0914,
2020-03-19,1.0914,1.09819,1.06551,1.06919,
2020-03-20,1.06919,1.08308,1.06377,1.0697,
2020-03-23,1.0697,1.08275,1.06363,1.07259,
2020-03-24,1.07259,1.08881,1.07213,1.07885,
2020-03-25,1.07885,1.0894,1.07606,1.08827,
2020-03-26,1.08827,1.10589,1.08704,1.10307,
2020-03-27,1.10307,1.11475,1.09535,1.11423,
2020-03-30,1.11423,1.11442,1.10101,1.10453,
2020-03-31,1.10453,1.10548,1.09267,1.10325,
2020-04-01,1.10325,1.10394,1.09029,1.09643,
2020-04-02,1.09643,1.09684,1.08209,1.0858,
2020-04-03,1.0858,1.08641,1.07729,1.08135,
2020-04-06,1.08135,1.08355,1.07684,1.07929,
2020-04-07,1.07929,1.0927,1.07838,1.08918,
2020-04-08,1.08918,1.09023,1.083,1.08572,
2020-04-09,1.08572,1.09518,1.0841,1.09294,
2020-04-10,1.09294,1.0953,1.092,1.09359,
2020-04-13,1.09359,1.09679,1.08927,1.09144,
2020-04-14,1.09144,1.09873,1.09039,1.09814,
2020-04-15,1.09814,1.09911,1.08566,1.09092,
2020-04-16,1.09092,1.09115,1.08168,1.08393,
2020-04-17,1.08393,1.08925,1.08121,1.08753,
2020-04-20,1.08753,1.08968,1.08417,1.0862,
2020-04-21,1.0862,1.08803,1.08167,1.0858,
2020-04-22,1.0858,1.08851,1.08033,1.08232,
2020-04-23,1.08232,1.08471,1.07561,1.07775,
2020-04-24,1.07775,1.08297,1.07271,1.08225,
2020-04-27,1.08225,1.08602,1.08115,1.08295,
2020-04-28,1.08295,1.08884,1.08098,1.08194,
2020-04-29,1.08194,1.08857,1.08185,1.0875,
2020-04-30,1.0875,1.09727,1.08332,1.09552,
2020-05-01,1.09552,1.10182,1.09346,1.09827,
2020-05-04,1.09827,1.09827,1.08958,1.09079,
2020-05-05,1.09079,1.0926,1.0826,1.08373,
2020-05-06,1.08373,1.08458,1.07821,1.07941,
2020-05-07,1.07941,1.08344,1.07667,1.08342,
2020-05-08,1.08342,1.08756,1.08151,1.08426,
2020-05-11,1.08426,1.08505,1.08008,1.08073,
2020-05-12,1.08073,1.08854,1.07846,1.08481,
2020-05-13,1.08481,1.08967,1.08118,1.08181,
2020-05-14,1.08181,1.08241,1.0775,1.08048,
2020-05-15,1.08048,1.08511,1.0789,1.08176,
2020-05-18,1.08176,1.0927,1.08,1.09145,
2020-05-19,1.09145,1.09762,1.09024,1.09233,
2020-05-20,1.09233,1.09993,1.09187,1.09795,
2020-05-21,1.09795,1.10084,1.09374,1.09498,
2020-05-22,1.09498,1.09537,1.08854,1.09024,
2020-05-25,1.09024,1.09145,1.08707,1.08976,
2020-05-26,1.08976,1.0996,1.08927,1.09823,
2020-05-27,1.09823,1.10308,1.09341,1.10053,
2020-05-28,1.10053,1.10934,1.09917,1.10771,
2020-05-29,1.10771,1.11451,1.107,1.11002,
2020-06-01,1.11002,1.11542,1.11002,1.11347,
2020-06-02,1.11347,1.11958,1.11152,1.11691,
2020-06-03,1.11691,1.12578,1.11667,1.12332,
2020-06-04,1.12332,1.13625,1.11948,1.13381,
2020-06-05,1.13381,1.13839,1.12785,1.1292,
2020-06-08,1.1292,1.13199,1.12684,1.12946,
2020-06-09,1.12946,1.13639,1.12411,1.13396,
2020-06-10,1.13396,1.14226,1.13228,1.13741,
2020-06-11,1.13741,1.14036,1.12887,1.1299,
2020-06-12,1.1299,1.13406,1.12127,1.12555,
2020-06-15,1.12555,1.13325,1.12267,1.13226,
2020-06-16,1.13226,1.13534,1.12281,1.12636,
2020-06-17,1.12636,1.1294,1.1207,1.12443,
2020-06-18,1.12443,1.12616,1.11857,1.12052,
2020-06-19,1.12052,1.12545,1.11681,1.11773,
2020-06-22,1.11773,1.12697,1.11687,1.12605,
2020-06-23,1.12605,1.13487,1.12332,1.13082,
2020-06-24,1.13082,1.1326,1.12484,1.12511,
2020-06-25,1.12511,1.12597,1.11904,1.12176,
2020-06-26,1.12176,1.12395,1.11953,1.12192,
2020-06-29,1.12192,1.12879,1.12172,1.12417,
2020-06-30,1.12417,1.12619,1.11911,1.12338,
2020-07-01,1.12338,1.12752,1.1185,1.12515,
2020-07-02,1.12515,1.13026,1.12234,1.12392,
2020-07-03,1.12392,1.12521,1.12195,1.12488,
2020-07-06,1.12488,1.13456,1.12434,1.13093,
2020-07-07,1.13093,1.13326,1.12591,1.12736,
2020-07-08,1.12736,1.13518,1.12625,1.133,
2020-07-09,1.133,1.13706,1.12803,1.1285,
2020-07-10,1.1285,1.13249,1.12549,1.12995,
2020-07-13,1.12995,1.13749,1.12995,1.13432,
2020-07-14,1.13432,1.14088,1.13253,1.13997,
2020-07-15,1.13997,1.14521,1.13913,1.14118,
2020-07-16,1.14118,1.14417,1.13705,1.13837,
2020-07-17,1.13837,1.14437,1.13776,1.14276,
2020-07-20,1.14276,1.14678,1.14026,1.14477,
2020-07-21,1.14477,1.154,1.14229,1.1527,
2020-07-22,1.1527,1.16012,1.1507,1.15701,
2020-07-23,1.15701,1.1627,1.15403,1.15964,
2020-07-24,1.15964,1.16582,1.15813,1.1656,
2020-07-27,1.1656,1.17814,1.16424,1.17517,
2020-07-28,1.17517,1.17738,1.16988,1.1716,
2020-07-29,1.1716,1.18063,1.17135,1.17917,
2020-07-30,1.17917,1.18484,1.17309,1.18473,
2020-07-31,1.18473,1.19087,1.17616,1.17789,
2020-08-03,1.17616,1.17969,1.1696,1.17622,
2020-08-04,1.17622,1.18056,1.17214,1.18026,
2020-08-05,1.18026,1.1905,1.17931,1.18631,
2020-08-06,1.18631,1.19163,1.1818,1.18769,
2020-08-07,1.18769,1.18831,1.17555,1.17873,
2020-08-10,1.17873,1.18008,1.17362,1.17378,
2020-08-11,1.17378,1.18076,1.17223,1.17401,
2020-08-12,1.17401,1.18163,1.1711,1.17842,
2020-08-13,1.17842,1.18642,1.17817,1.18135,
2020-08-14,1.18135,1.18504,1.17816,1.18504,
2020-08-17,1.18504,1.18809,1.18288,1.18704,
2020-08-18,1.18704,1.19657,1.18664,1.19313,
2020-08-19,1.19313,1.19529,1.18304,1.18384,
2020-08-20,1.18384,1.18688,1.18022,1.18605,
2020-08-21,1.18605,1.1883,1.17543,1.17543,
2020-08-24,1.17967,1.18497,1.17843,1.17879,
2020-08-25,1.17879,1.18437,1.17844,1.18345,
2020-08-26,1.18345,1.18392,1.17723,1.183,
2020-08-27,1.183,1.19019,1.17626,1.18222,
2020-08-28,1.18222,1.19199,1.18112,1.1904,
2020-08-31,1.1904,1.19662,1.18846,1.19365,
2020-09-01,1.19365,1.20111,1.19015,1.19118,
2020-09-02,1.19118,1.19288,1.18222,1.18552,
2020-09-03,1.18552,1.18647,1.17889,1.18517,
2020-09-04,1.18517,1.18656,1.17811,1.18381,
2020-09-07,1.1838,1.18487,1.1812,1.18157,
2020-09-08,1.18157,1.18276,1.17657,1.17733,
2020-09-09,1.17733,1.1834,1.17529,1.18031,
2020-09-10,1.18031,1.19174,1.17994,1.18151,
2020-09-11,1.18151,1.18742,1.18128,1.18466,
2020-09-14,1.18466,1.1888,1.18323,1.18657,
2020-09-15,1.18657,1.19007,1.18396,1.18466,
2020-09-16,1.18466,1.18824,1.17876,1.1816,
2020-09-17,1.1816,1.18526,1.17374,1.18483,
2020-09-18,1.18483,1.18704,1.18262,1.18397,
2020-09-21,1.18397,1.1872,1.17319,1.17711,
2020-09-22,1.17711,1.1774,1.16918,1.17081,
2020-09-23,1.17081,1.17192,1.16515,1.16603,
2020-09-24,1.16603,1.1687,1.16266,1.16729,
2020-09-25,1.16729,1.16851,1.16122,1.16324,
2020-09-28,1.16324,1.16801,1.16151,1.1666,
2020-09-29,1.1666,1.17455,1.16615,1.17431,
2020-09-30,1.17431,1.1755,1.1685,1.17205,
2020-10-01,1.17205,1.17698,1.17173,1.17483,
2020-10-02,1.17483,1.17498,1.16958,1.17165,
2020-10-05,1.17165,1.17977,1.17063,1.1783,
2020-10-06,1.1783,1.18078,1.1732,1.17341,
2020-10-07,1.17341,1.1782,1.17251,1.17629,
2020-10-08,1.17629,1.17818,1.17328,1.17592,
2020-10-09,1.17592,1.18312,1.17557,1.18297,
2020-10-12,1.18297,1.18297,1.17868,1.18124,
2020-10-13,1.18124,1.18161,1.17308,1.17459,
2020-10-14,1.17459,1.17712,1.17204,1.17455,
2020-10-15,1.17455,1.17578,1.16886,1.17078,
2020-10-16,1.17078,1.17463,1.16941,1.17164,
2020-10-19,1.17165,1.17937,1.17032,1.17693,
2020-10-20,1.17693,1.18407,1.17599,1.18222,
2020-10-21,1.18222,1.18807,1.18221,1.18613,
2020-10-22,1.18613,1.18669,1.18115,1.18184,
2020-10-23,1.18184,1.18649,1.17869,1.18627,
2020-10-26,1.18627,1.18627,1.18033,1.18095,
2020-10-27,1.18095,1.18388,1.17928,1.17956,
2020-10-28,1.17956,1.17987,1.17179,1.17463,
2020-10-29,1.17463,1.17589,1.16502,1.16742,
2020-10-30,1.16742,1.17043,1.16402,1.16467,
2020-11-02,1.16469,1.16558,1.16224,1.16406,
2020-11-03,1.16406,1.17398,1.16303,1.17154,
2020-11-04,1.17154,1.17709,1.16031,1.17239,
2020-11-05,1.17239,1.18598,1.1711,1.18256,
2020-11-06,1.18256,1.1891,1.17955,1.1873,
2020-11-09,1.1873,1.19198,1.17955,1.1813,
2020-11-10,1.1813,1.18434,1.17801,1.18149,
2020-11-11,1.18149,1.18328,1.17456,1.17773,
2020-11-12,1.17773,1.18232,1.17587,1.18062,
2020-11-13,1.18062,1.18372,1.17991,1.18344,
2020-11-16,1.18344,1.18687,1.18142,1.18518,
2020-11-17,1.18518,1.18937,1.18429,1.18623,
2020-11-18,1.18623,1.1891,1.18493,1.18534,
2020-11-19,1.18534,1.18825,1.18163,1.18751,
2020-11-20,1.18751,1.18908,1.18499,1.18574,
2020-11-23,1.18574,1.1906,1.18003,1.18406,
2020-11-24,1.18406,1.1896,1.1837,1.1892,
2020-11-25,1.1892,1.19297,1.18819,1.19165,
2020-11-26,1.19165,1.19409,1.18854,1.19136,
2020-11-27,1.19136,1.19641,1.19075,1.1964,
2020-11-30,1.1964,1.20032,1.19235,1.19264,
2020-12-01,1.19264,1.20767,1.19264,1.2071,
2020-12-02,1.2071,1.21186,1.20402,1.21153,
2020-12-03,1.21153,1.21746,1.21011,1.21435,
2020-12-04,1.21435,1.21776,1.21104,1.21222,
2020-12-07,1.21215,1.21664,1.20786,1.21101,
2020-12-08,1.21101,1.21342,1.20956,1.21036,
2020-12-09,1.21036,1.21473,1.20591,1.20814,
2020-12-10,1.20814,1.2159,1.2075,1.21375,
2020-12-11,1.21375,1.2163,1.21055,1.2113,
2020-12-14,1.2113,1.21767,1.2113,1.21439,
2020-12-15,1.21439,1.21687,1.21211,1.21509,
2020-12-16,1.21509,1.22125,1.21253,1.21996,
2020-12-17,1.21996,1.22728,1.21901,1.22683,
2020-12-18,1.22683,1.22719,1.22256,1.22524,
2020-12-21,1.22524,1.2253,1.21299,1.22437,
2020-12-22,1.22437,1.22571,1.21523,1.21632,
2020-12-23,1.21632,1.22212,1.2154,1.2187,
2020-12-24,1.2187,1.22159,1.21774,1.21872,
2020-12-28,1.21872,1.22506,1.21812,1.22159,
2020-12-29,1.22159,1.22752,1.22076,1.22494,
2020-12-30,1.22494,1.23099,1.22486,1.22973,
2020-12-31,1.22973,1.23093,1.22093,1.22147,
2021-01-04,1.22147,1.23094,1.22147,1.22474,
2021-01-05,1.22474,1.23058,1.22459,1.22978,
2021-01-06,1.22978,1.23496,1.22655,1.23266,
2021-01-07,1.23266,1.23444,1.22452,1.22718,
2021-01-08,1.22718,1.22846,1.21931,1.22175,
2021-01-11,1.22182,1.2228,1.21323,1.21511,
2021-01-12,1.21511,1.22097,1.21373,1.22075,
2021-01-13,1.22075,1.22229,1.21401,1.21578,
2021-01-14,1.21578,1.21787,1.21112,1.21555,
2021-01-15,1.21555,1.21626,1.20747,1.2076,
2021-01-18,1.2076,1.20869,1.20536,1.20776,
2021-01-19,1.20776,1.2145,1.20742,1.21286,
2021-01-20,1.21286,1.21584,1.20768,1.21059,
2021-01-21,1.21059,1.2173,1.21039,1.21637,
2021-01-22,1.21637,1.21896,1.21516,1.21696,
2021-01-25,1.21696,1.21834,1.21161,1.21388,
2021-01-26,1.21388,1.2176,1.21078,1.21598,
2021-01-27,1.21598,1.21699,1.20587,1.21105,
2021-01-28,1.21105,1.21421,1.20808,1.21224,
2021-01-29,1.21224,1.2156,1.20947,1.2156,
2021-02-01,1.2156,1.2156,1.20561,1.20603,
2021-02-02,1.20603,1.20879,1.20117,1.20435,
2021-02-03,1.20435,1.20502,1.20042,1.20357,
2021-02-04,1.20357,1.20429,1.19577,1.1964,
2021-02-05,1.1964,1.20499,1.19524,1.20492,
2021-02-08,1.20492,1.20661,1.20198,1.20486,
2021-02-09,1.20486,1.21217,1.20464,1.21184,
2021-02-10,1.21184,1.21441,1.21089,1.21181,
2021-02-11,1.21181,1.21495,1.21136,1.21298,
2021-02-12,1.21298,1.21354,1.20815,1.21201,
2021-02-15,1.21201,1.21452,1.21169,1.21293,
2021-02-16,1.21293,1.21696,1.20951,1.21065,
2021-02-17,1.21065,1.21102,1.20232,1.20377,
2021-02-18,1.20377,1.20946,1.20357,1.20909,
2021-02-19,1.20909,1.21446,1.20824,1.21191,
2021-02-22,1.21191,1.21695,1.20912,1.21557,
2021-02-23,1.21557,1.21801,1.21353,1.21499,
2021-02-24,1.21499,1.21747,1.21093,1.21666,
2021-02-25,1.21666,1.2243,1.21561,1.21727,
2021-02-26,1.21727,1.21844,1.20624,1.20757,
2021-03-01,1.20757,1.21013,1.20278,1.20493,
2021-03-02,1.20493,1.20945,1.19917,1.20911,
2021-03-03,1.20911,1.21131,1.20428,1.20638,
2021-03-04,1.20638,1.20669,1.19618,1.19682,
2021-03-05,1.19682,1.19781,1.18934,1.1914,
2021-03-08,1.1914,1.19324,1.18443,1.18467,
2021-03-09,1.18467,1.19158,1.18358,1.19014,
2021-03-10,1.19014,1.19299,1.1869,1.1929,
2021-03-11,1.1929,1.199,1.19161,1.19862,
2021-03-12,1.19862,1.19886,1.191,1.191,
2021-03-15,1.191,1.19676,1.191,1.1929,
2021-03-16,1.1929,1.1952,1.18825,1.19026,
2021-03-17,1.19026,1.19852,1.18862,1.19792,
2021-03-18,1.19792,1.19889,1.19065,1.19155,
2021-03-19,1.19155,1.19373,1.1874,1.19038,
2021-03-22,1.19038,1.19469,1.18737,1.19326,
2021-03-23,1.19326,1.19408,1.18422,1.18493,
2021-03-24,1.18493,1.18534,1.18097,1.18127,
2021-03-25,1.18127,1.18278,1.17616,1.17642,
2021-03-26,1.17642,1.1805,1.17642,1.1794,
2021-03-29,1.1794,1.1794,1.17609,1.17648,
2021-03-30,1.17648,1.17739,1.17114,1.17163,
2021-03-31,1.17163,1.17599,1.17042,1.17304,
2021-04-01,1.17304,1.17801,1.17128,1.17772,
2021-04-02,1.17772,1.17866,1.17491,1.1761,
2021-04-05,1.1761,1.18197,1.17381,1.18129,
2021-04-06,1.18129,1.18778,1.17953,1.18757,
2021-04-07,1.18757,1.19147,1.18609,1.1868,
2021-04-08,1.1868,1.19275,1.18609,1.19142,
2021-04-09,1.19142,1.19202,1.18672,1.18672,
2021-04-12,1.18672,1.1919,1.18672,1.19105,
2021-04-13,1.19105,1.1956,1.18787,1.19481,
2021-04-14,1.19481,1.19874,1.19471,1.19795,
2021-04-15,1.19795,1.19934,1.19562,1.19665,
2021-04-16,1.19665,1.19947,1.19505,1.19947,
2021-04-19,1.19947,1.2048,1.19426,1.2038,
2021-04-20,1.2038,1.208,1.20226,1.20357,
2021-04-21,1.20357,1.20438,1.19985,1.20351,
2021-04-22,1.20351,1.20695,1.19937,1.20151,
2021-04-23,1.20151,1.21,1.20129,1.20977,
2021-04-26,1.20977,1.21169,1.20612,1.20865,
2021-04-27,1.20865,1.2093,1.20568,1.20909,
2021-04-28,1.20909,1.21347,1.20563,1.21263,
2021-04-29,1.21263,1.215,1.21021,1.21224,
2021-04-30,1.21224,1.21267,1.20166,1.20192,
2021-05-03,1.20194,1.2076,1.20131,1.20643,
2021-05-04,1.20643,1.20651,1.1999,1.20143,
2021-05-05,1.20143,1.20267,1.1986,1.20041,
2021-05-06,1.20041,1.20717,1.19932,1.20652,
2021-05-07,1.20652,1.21716,1.2053,1.21635,
2021-05-10,1.21635,1.21784,1.21279,1.21291,
2021-05-11,1.21291,1.21817,1.21231,1.21482,
2021-05-12,1.21482,1.21523,1.20656,1.20717,
2021-05-13,1.20717,1.21062,1.20515,1.20809,
2021-05-14,1.20809,1.21478,1.20711,1.21452,
2021-05-17,1.21452,1.21689,1.21262,1.21524,
2021-05-18,1.21524,1.2234,1.21502,1.22222,
2021-05-19,1.22222,1.22453,1.216,1.2174,
2021-05-20,1.2174,1.22292,1.21685,1.22278,
2021-05-21,1.22278,1.22398,1.21608,1.21797,
2021-05-24,1.21797,1.223,1.21726,1.22155,
2021-05-25,1.22155,1.22666,1.22116,1.22509,
2021-05-26,1.22509,1.22629,1.2182,1.21922,
2021-05-27,1.21922,1.22151,1.21753,1.21957,
2021-05-28,1.21957,1.2205,1.21327,1.21918,
2021-05-31,1.21918,1.22315,1.21835,1.2227,
2021-06-01,1.2227,1.22544,1.22118,1.22129,
2021-06-02,1.22129,1.22267,1.21642,1.22114,
2021-06-03,1.22114,1.22143,1.21183,1.21276,
2021-06-04,1.21276,1.21858,1.21039,1.21671,
2021-06-07,1.21671,1.22019,1.21451,1.21895,
2021-06-08,1.21895,1.21945,1.21644,1.21731,
2021-06-09,1.21731,1.22181,1.21713,1.21802,
2021-06-10,1.21802,1.21947,1.21435,1.21705,
2021-06-11,1.21705,1.21931,1.20927,1.21083,
2021-06-14,1.21083,1.21304,1.20943,1.21209,
2021-06-15,1.21209,1.21474,1.21014,1.21262,
2021-06-16,1.21262,1.21349,1.19947,1.19949,
2021-06-17,1.19949,1.20063,1.18918,1.1907,
2021-06-18,1.1907,1.19251,1.18473,1.18473,
2021-06-21,1.18473,1.19213,1.18473,1.19181,
2021-06-22,1.19181,1.19527,1.18811,1.19399,
2021-06-23,1.19399,1.19701,1.19117,1.19261,
2021-06-24,1.19261,1.19564,1.19178,1.19321,
2021-06-25,1.19321,1.19753,1.19264,1.19347,
2021-06-28,1.19264,1.19446,1.19025,1.19255,
2021-06-29,1.19255,1.19297,1.18778,1.18965,
2021-06-30,1.18965,1.1909,1.18452,1.18582,
2021-07-01,1.18582,1.18843,1.18375,1.18495,
2021-07-02,1.18495,1.18743,1.18073,1.18743,
2021-07-05,1.18743,1.18808,1.18516,1.18627,
2021-07-06,1.18627,1.18951,1.18069,1.18238,
2021-07-07,1.18238,1.18361,1.17818,1.17906,
2021-07-08,1.17906,1.18679,1.17836,1.18444,
2021-07-09,1.18444,1.18812,1.18252,1.18755,
2021-07-12,1.18755,1.18802,1.18362,1.18605,
2021-07-13,1.18605,1.18753,1.17723,1.17764,
2021-07-14,1.17764,1.18388,1.17719,1.1837,
2021-07-15,1.1837,1.18508,1.17963,1.18124,
2021-07-16,1.18124,1.18224,1.17922,1.18065,
2021-07-19,1.18065,1.18246,1.1764,1.17992,
2021-07-20,1.17992,1.1803,1.17557,1.17808,
2021-07-21,1.17808,1.1805,1.1752,1.17938,
2021-07-22,1.17938,1.18305,1.17575,1.17709,
2021-07-23,1.17709,1.17866,1.17545,1.17727,
2021-07-26,1.17727,1.18174,1.17635,1.18026,
2021-07-27,1.18026,1.18412,1.177,1.18165,
2021-07-28,1.18165,1.18496,1.17725,1.18443,
2021-07-29,1.18443,1.1893,1.18409,1.18865,
2021-07-30,1.18865,1.19087,1.18517,1.18679,
2021-08-02,1.18679,1.18971,1.1859,1.18698,
2021-08-03,1.18698,1.18933,1.18537,1.1864,
2021-08-04,1.1864,1.18998,1.18327,1.1837,
2021-08-05,1.1837,1.18574,1.18282,1.18342,
2021-08-06,1.18342,1.1836,1.17544,1.17619,
2021-08-09,1.17619,1.17691,1.1735,1.17366,
2021-08-10,1.17366,1.17429,1.171,1.17202,
2021-08-11,1.17202,1.17537,1.1706,1.17385,
2021-08-12,1.17385,1.17483,1.17238,1.17301,
2021-08-13,1.17301,1.18048,1.17297,1.17952,
2021-08-16,1.17952,1.18012,1.17675,1.17784,
2021-08-17,1.17784,1.17845,1.17079,1.17094,
2021-08-18,1.17094,1.17429,1.16937,1.17108,
2021-08-19,1.17108,1.17168,1.16657,1.16754,
2021-08-20,1.16754,1.17047,1.16641,1.17008,
2021-08-23,1.17008,1.17504,1.16931,1.17455,
2021-08-24,1.17455,1.17651,1.17272,1.17557,
2021-08-25,1.17557,1.17748,1.17262,1.17719,
2021-08-26,1.17719,1.1779,1.17462,1.1752,
2021-08-27,1.1752,1.18025,1.1735,1.17956,
2021-08-30,1.17956,1.181,1.17828,1.17968,
2021-08-31,1.17968,1.18452,1.17949,1.18088,
2021-09-01,1.18088,1.18574,1.17937,1.18394,
2021-09-02,1.18394,1.18762,1.18345,1.18752,
2021-09-03,1.18752,1.19091,1.18658,1.18658,
2021-09-06,1.18792,1.18865,1.18559,1.187,
2021-09-07,1.187,1.18855,1.18375,1.18409,
2021-09-08,1.18409,1.18513,1.18022,1.18161,
2021-09-09,1.18161,1.18412,1.18052,1.18252,
2021-09-10,1.18252,1.18512,1.18096,1.1812,
2021-09-13,1.1812,1.18172,1.17701,1.18112,
2021-09-14,1.18112,1.18459,1.18002,1.18033,
2021-09-15,1.18033,1.1832,1.17992,1.1817,
2021-09-16,1.1817,1.18208,1.17504,1.17658,
2021-09-17,1.17658,1.1789,1.17243,1.17253,
2021-09-20,1.17253,1.17365,1.17002,1.1726,
2021-09-21,1.1726,1.17488,1.17147,1.17257,
2021-09-22,1.17257,1.17556,1.16847,1.16876,
2021-09-23,1.16876,1.17501,1.16835,1.17387,
2021-09-24,1.17387,1.17476,1.17008,1.17198,
2021-09-27,1.17198,1.17274,1.16851,1.16958,
2021-09-28,1.16958,1.17034,1.16682,1.16836,
2021-09-29,1.16836,1.16903,1.15894,1.15977,
2021-09-30,1.15977,1.16097,1.15627,1.15779,
2021-10-01,1.15779,1.16074,1.15631,1.15931,
2021-10-04,1.15931,1.16401,1.15878,1.16207,
2021-10-05,1.16207,1.16223,1.15806,1.15981,
2021-10-06,1.15981,1.16062,1.15294,1.15558,
2021-10-07,1.15558,1.15723,1.15476,1.15513,
2021-10-08,1.15513,1.15861,1.15414,1.15743,
2021-10-11,1.15743,1.15869,1.15491,1.1552,
2021-10-12,1.1552,1.15704,1.15245,1.153,
2021-10-13,1.153,1.15975,1.15273,1.15929,
2021-10-14,1.15929,1.16243,1.15841,1.15967,
2021-10-15,1.15967,1.16188,1.15882,1.16015,
2021-10-18,1.16015,1.16226,1.15719,1.16103,
2021-10-19,1.16103,1.16694,1.16086,1.16335,
2021-10-20,1.16335,1.16588,1.16169,1.16512,
2021-10-21,1.16512,1.16675,1.16198,1.16233,
2021-10-22,1.16233,1.16558,1.16212,1.16427,
2021-10-25,1.16427,1.16651,1.15906,1.1608,
2021-10-26,1.1608,1.16258,1.1585,1.1596,
2021-10-27,1.1596,1.1626,1.15849,1.1603,
2021-10-28,1.1603,1.16921,1.15825,1.16808,
2021-10-29,1.16808,1.16901,1.15352,1.15613,
2021-11-01,1.15613,1.16092,1.1546,1.16061,
2021-11-02,1.16061,1.16134,1.15752,1.15792,
2021-11-03,1.15792,1.16165,1.15624,1.1612,
2021-11-04,1.1612,1.16165,1.15283,1.15546,
2021-11-05,1.15546,1.15735,1.15134,1.15674,
2021-11-08,1.15674,1.1595,1.15506,1.1587,
2021-11-09,1.1587,1.16087,1.15701,1.1593,
2021-11-10,1.1593,1.15955,1.14763,1.14788,
2021-11-11,1.14788,1.14877,1.14431,1.14513,
2021-11-12,1.14513,1.14622,1.14331,1.14622,
2021-11-15,1.14622,1.14641,1.13564,1.13679,
2021-11-16,1.13679,1.13859,1.13092,1.13201,
2021-11-17,1.13201,1.13322,1.12637,1.13193,
2021-11-18,1.13193,1.13742,1.13139,1.13711,
2021-11-19,1.13711,1.13731,1.12501,1.12819,
2021-11-22,1.12819,1.12942,1.12308,1.12376,
2021-11-23,1.12376,1.12751,1.12261,1.12481,
2021-11-24,1.12481,1.12552,1.11862,1.11989,
2021-11-25,1.11989,1.12297,1.11969,1.12091,
2021-11-26,1.12091,1.13316,1.12061,1.13185,
2021-11-29,1.13185,1.13185,1.12585,1.1291,
2021-11-30,1.1291,1.13829,1.12352,1.13381,
2021-12-01,1.13381,1.13599,1.13027,1.13198,
2021-12-02,1.13198,1.13478,1.12954,1.13011,
2021-12-03,1.13011,1.13335,1.12667,1.13125,
2021-12-06,1.13125,1.13149,1.12666,1.12859,
2021-12-07,1.12859,1.12984,1.12276,1.12668,
2021-12-08,1.12668,1.13548,1.12665,1.13426,
2021-12-09,1.13426,1.13464,1.12785,1.12931,
2021-12-10,1.12931,1.13241,1.12652,1.13164,
2021-12-13,1.13164,1.13195,1.12602,1.12839,
2021-12-14,1.12839,1.13239,1.12538,1.12591,
2021-12-15,1.12591,1.12995,1.12217,1.12924,
2021-12-16,1.12924,1.13605,1.12813,1.13305,
2021-12-17,1.13305,1.13489,1.12355,1.12373,
2021-12-20,1.12373,1.13039,1.12347,1.12783,
2021-12-21,1.12783,1.13028,1.12609,1.12861,
2021-12-22,1.12861,1.13423,1.12644,1.13265,
2021-12-23,1.13265,1.13423,1.12903,1.1327,
2021-12-24,1.1327,1.13436,1.13037,1.13193,
2021-12-27,1.13193,1.13343,1.1303,1.13278,
2021-12-28,1.13278,1.13333,1.12896,1.13093,
2021-12-29,1.13093,1.13688,1.12738,1.13486,
2021-12-30,1.13486,1.136,1.12985,1.13257,
2021-12-31,1.13257,1.13864,1.13035,1.13757,
2022-01-03,1.13757,1.13787,1.12798,1.12963,
2022-01-04,1.12963,1.13226,1.12724,1.1287,
2022-01-05,1.1287,1.13465,1.12771,1.13143,
2022-01-06,1.13143,1.1332,1.12847,1.12977,
2022-01-07,1.12977,1.13649,1.12901,1.13606,
2022-01-10,1.13606,1.13611,1.12851,1.13262,
2022-01-11,1.13262,1.1375,1.13131,1.13671,
2022-01-12,1.13671,1.14528,1.13548,1.14428,
2022-01-13,1.14428,1.14816,1.14358,1.14548,
2022-01-14,1.14548,1.14829,1.13986,1.14157,
2022-01-17,1.14157,1.14344,1.13918,1.14065,
2022-01-18,1.14065,1.14214,1.13147,1.13262,
2022-01-19,1.13262,1.13572,1.1319,1.13427,
2022-01-20,1.13427,1.1369,1.13032,1.13116,
2022-01-21,1.13116,1.13599,1.13011,1.13599,
2022-01-24,1.13599,1.13599,1.12906,1.13262,
2022-01-25,1.13262,1.13288,1.12633,1.13013,
2022-01-26,1.13013,1.13108,1.12357,1.12389,
2022-01-27,1.12389,1.12439,1.1132,1.11451,
2022-01-28,1.11451,1.11736,1.11215,1.11481,
2022-01-31,1.11481,1.12478,1.11384,1.12346,
2022-02-01,1.12346,1.12788,1.12209,1.12715,
2022-02-02,1.12715,1.13304,1.12668,1.13039,
2022-02-03,1.13039,1.14517,1.12675,1.14396,
2022-02-04,1.14396,1.14838,1.14117,1.14497,
2022-02-07,1.14497,1.14662,1.14152,1.14422,
2022-02-08,1.14422,1.1449,1.13962,1.14153,
2022-02-09,1.14153,1.1448,1.14026,1.14234,
2022-02-10,1.14234,1.1495,1.13751,1.14279,
2022-02-11,1.14279,1.14313,1.133,1.133,
2022-02-14,1.133,1.13694,1.12802,1.13066,
2022-02-15,1.13066,1.13682,1.12985,1.13595,
2022-02-16,1.13595,1.13959,1.13451,1.13725,
2022-02-17,1.13725,1.13861,1.13233,1.13611,
2022-02-18,1.13611,1.13772,1.13142,1.13142,
2022-02-21,1.13142,1.13907,1.13067,1.13095,
2022-02-22,1.13095,1.13668,1.1288,1.13246,
2022-02-23,1.13246,1.13589,1.13012,1.13054,
2022-02-24,1.13054,1.13108,1.11064,1.11927,
2022-02-25,1.11927,1.12742,1.11661,1.12724,
2022-02-28,1.11283,1.12464,1.11276,1.12185,
2022-03-01,1.12185,1.12331,1.10899,1.11266,
2022-03-02,1.11266,1.11437,1.10577,1.11206,
2022-03-03,1.11206,1.11225,1.10338,1.10667,
2022-03-04,1.10667,1.10678,1.0886,1.0886,
2022-03-07,1.0886,1.09324,1.08061,1.0854,
2022-03-08,1.0854,1.09584,1.08491,1.09024,
2022-03-09,1.09024,1.10951,1.08901,1.10757,
2022-03-10,1.10757,1.11211,1.09763,1.09856,
2022-03-11,1.09856,1.10437,1.0902,1.09121,
2022-03-14,1.09121,1.0994,1.09006,1.09403,
2022-03-15,1.09403,1.10199,1.09263,1.09557,
2022-03-16,1.09557,1.10468,1.09483,1.10359,
2022-03-17,1.10359,1.11375,1.10075,1.10917,
2022-03-18,1.10917,1.11189,1.10032,1.10032,
2022-03-21,1.10506,1.10703,1.10102,1.10161,
2022-03-22,1.10161,1.10458,1.0961,1.103,
2022-03-23,1.103,1.10438,1.09642,1.1004,
2022-03-24,1.1004,1.10138,1.09661,1.09972,
2022-03-25,1.09972,1.10379,1.09809,1.0983,
2022-03-28,1.0983,1.09995,1.09449,1.09852,
2022-03-29,1.09852,1.1137,1.09698,1.10865,
2022-03-30,1.10865,1.11712,1.10825,1.11588,
2022-03-31,1.11588,1.1185,1.1061,1.1067,
2022-04-01,1.1067,1.10762,1.1028,1.10469,
2022-04-04,1.10469,1.10547,1.09606,1.09722,
2022-04-05,1.09722,1.09887,1.09001,1.09048,
2022-04-06,1.09048,1.09379,1.08748,1.08958,
2022-04-07,1.08958,1.09384,1.08647,1.08784,
2022-04-08,1.08784,1.08918,1.08365,1.08365,
2022-04-11,1.08365,1.09333,1.08365,1.08839,
2022-04-12,1.08839,1.09036,1.08213,1.08286,
2022-04-13,1.08286,1.08943,1.0809,1.08901,
2022-04-14,1.08901,1.09233,1.07575,1.08296,
2022-04-15,1.08296,1.08305,1.07972,1.08108,
2022-04-18,1.08108,1.08217,1.077,1.07823,
2022-04-19,1.07823,1.08143,1.07613,1.07874,
2022-04-20,1.07874,1.0867,1.07842,1.08529,
2022-04-21,1.08529,1.09365,1.08237,1.08343,
2022-04-22,1.08343,1.08517,1.07708,1.07708,
2022-04-25,1.07708,1.08156,1.06968,1.07132,
2022-04-26,1.07132,1.07388,1.06359,1.06379,
2022-04-27,1.06379,1.06548,1.05145,1.05573,
2022-04-28,1.05573,1.05655,1.04713,1.04991,
2022-04-29,1.04991,1.05931,1.04912,1.05441,
2022-05-02,1.05931,1.05931,1.04905,1.05038,
2022-05-03,1.05038,1.05779,1.04925,1.05208,
2022-05-04,1.05208,1.06311,1.05062,1.06226,
2022-05-05,1.06226,1.06419,1.04927,1.05433,
2022-05-06,1.05433,1.05988,1.0483,1.05466,
2022-05-09,1.05466,1.05926,1.04954,1.05614,
2022-05-10,1.05614,1.05854,1.05255,1.05287,
2022-05-11,1.05287,1.05772,1.05018,1.05125,
2022-05-12,1.05125,1.05294,1.03542,1.038,
2022-05-13,1.038,1.04196,1.03499,1.04121,
2022-05-16,1.04121,1.04431,1.03892,1.04339,
2022-05-17,1.04339,1.05556,1.04286,1.05497,
2022-05-18,1.05497,1.05637,1.04603,1.04635,
2022-05-19,1.04635,1.06072,1.04615,1.05882,
2022-05-20,1.05882,1.05986,1.0533,1.05636,
2022-05-23,1.05636,1.06974,1.05594,1.06908,
2022-05-24,1.06908,1.07486,1.06611,1.07351,
2022-05-25,1.07351,1.07392,1.06424,1.06797,
2022-05-26,1.06797,1.07317,1.06627,1.07266,
2022-05-27,1.07266,1.0765,1.06972,1.06972,
2022-05-30,1.06972,1.0787,1.06972,1.0779,
2022-05-31,1.0779,1.07796,1.06791,1.07343,
2022-06-01,1.07343,1.07393,1.06274,1.06493,
2022-06-02,1.06493,1.07503,1.0645,1.07472,
2022-06-03,1.07472,1.07642,1.07042,1.07186,
2022-06-06,1.07186,1.0752,1.0684,1.06963,
2022-06-07,1.06963,1.07144,1.06521,1.07042,
2022-06-08,1.07042,1.07485,1.06715,1.07165,
2022-06-09,1.07165,1.0774,1.06112,1.06166,
2022-06-10,1.06166,1.06424,1.05059,1.05176,
2022-06-13,1.05176,1.05202,1.03999,1.04097,
2022-06-14,1.04097,1.04849,1.03972,1.04158,
2022-06-15,1.04158,1.05078,1.03593,1.04443,
2022-06-16,1.04443,1.06016,1.0381,1.0549,
2022-06-17,1.0549,1.0561,1.04447,1.04984,
2022-06-20,1.04984,1.0546,1.0475,1.05111,
2022-06-21,1.05111,1.05827,1.05082,1.05323,
2022-06-22,1.05323,1.06058,1.04691,1.05662,
2022-06-23,1.05662,1.05811,1.04828,1.05235,
2022-06-24,1.05235,1.05713,1.05123,1.05713,
2022-06-27,1.05713,1.0615,1.05504,1.05831,
2022-06-28,1.05831,1.06062,1.05035,1.05193,
2022-06-29,1.05193,1.05357,1.04353,1.04413,
2022-06-30,1.04413,1.04889,1.03826,1.0484,
2022-07-01,1.0484,1.04858,1.03658,1.04281,
2022-07-04,1.04281,1.04628,1.04171,1.04222,
2022-07-05,1.04222,1.04488,1.02352,1.02659,
2022-07-06,1.02659,1.02766,1.01619,1.01817,
2022-07-07,1.01817,1.02212,1.01442,1.01595,
2022-07-08,1.01595,1.01915,1.0072,1.01869,
2022-07-11,1.01869,1.01869,1.00339,1.00406,
2022-07-12,1.00406,1.00739,1.00001,1.00375,
2022-07-13,1.00375,1.0122,0.99984,1.00571,
2022-07-14,1.00571,1.00627,0.99524,1.00181,
2022-07-15,1.00181,1.00979,1.0007,1.00866,
2022-07-18,1.00866,1.02012,1.00788,1.0143,
2022-07-19,1.0143,1.02692,1.01197,1.02276,
2022-07-20,1.02276,1.02732,1.01557,1.01798,
2022-07-21,1.01798,1.02781,1.01537,1.02312,
2022-07-22,1.02312,1.02553,1.01299,1.02138,
2022-07-25,1.02138,1.0258,1.01788,1.02203,
2022-07-26,1.02203,1.02503,1.01078,1.0117,
2022-07-27,1.0117,1.02209,1.00968,1.01982,
2022-07-28,1.01982,1.02345,1.01142,1.01974,
2022-07-29,1.01974,1.02544,1.01462,1.01462,
2022-08-01,1.01462,1.02753,1.01462,1.02624,
2022-08-02,1.02624,1.02939,1.01637,1.01664,
2022-08-03,1.01664,1.021,1.01227,1.01665,
2022-08-04,1.01665,1.02537,1.01543,1.02454,
2022-08-05,1.02454,1.02522,1.01418,1.01837,
2022-08-08,1.01837,1.02219,1.01594,1.01967,
2022-08-09,1.01967,1.02474,1.01887,1.02133,
2022-08-10,1.02133,1.03685,1.02021,1.02996,
2022-08-11,1.02996,1.03644,1.02756,1.03217,
2022-08-12,1.03217,1.03276,1.02384,1.026,
2022-08-15,1.026,1.02685,1.01547,1.01604,
2022-08-16,1.01604,1.01949,1.01228,1.0171,
2022-08-17,1.0171,1.02031,1.01456,1.0181,
2022-08-18,1.0181,1.01932,1.008,1.00884,
2022-08-19,1.00884,1.00957,1.00321,1.00321,
2022-08-22,1.00321,1.00467,0.99263,0.99433,
2022-08-23,0.99433,1.00181,0.99006,0.99697,
2022-08-24,0.99697,0.99991,0.99102,0.99669,
2022-08-25,0.99669,1.00334,0.99493,0.99751,
2022-08-26,0.99751,1.00897,0.99467,0.99629,
2022-08-29,0.99629,1.00293,0.99144,0.99985,
2022-08-30,0.99985,1.00549,0.9982,1.00142,
2022-08-31,1.00142,1.00791,0.99714,1.00539,
2022-09-01,1.00539,1.00589,0.99111,0.99454,
2022-09-02,0.99454,1.00337,0.9943,0.99517,
2022-09-05,0.99517,0.99517,0.98784,0.99317,
2022-09-06,0.99317,0.99864,0.98641,0.99041,
2022-09-07,0.99041,1.0011,0.9876,1.00061,
2022-09-08,1.00061,1.00299,0.99307,0.99973,
2022-09-09,0.99973,1.01135,0.9996,1.00442,
2022-09-12,1.00442,1.0198,1.00442,1.01225,
2022-09-13,1.01225,1.01872,0.99668,0.9969,
2022-09-14,0.9969,1.00236,0.99558,0.99808,
2022-09-15,0.99808,1.00179,0.99559,0.99984,
2022-09-16,0.99984,1.00367,0.99451,1.00164,
2022-09-19,1.00164,1.00293,0.99662,1.00242,
2022-09-20,1.00242,1.00506,0.99553,0.99704,
2022-09-21,0.99704,0.99758,0.98134,0.98376,
2022-09-22,0.98376,0.99076,0.9809,0.98358,
2022-09-23,0.98358,0.98521,0.96681,0.96681,
2022-09-26,0.96681,0.97102,0.95512,0.96095,
2022-09-27,0.96095,0.9671,0.95693,0.95935,
2022-09-28,0.95935,0.9751,0.95361,0.9735,
2022-09-29,0.9735,0.98165,0.96358,0.98161,
2022-09-30,0.98161,0.9854,0.97349,0.97349,
2022-10-03,0.98026,0.98447,0.97529,0.98254,
2022-10-04,0.98254,0.99998,0.98063,0.99863,
2022-10-05,0.99863,0.99951,0.98349,0.98846,
2022-10-06,0.98846,0.99265,0.97883,0.97914,
2022-10-07,0.97914,0.98168,0.97263,0.9741,
2022-10-10,0.9741,0.97534,0.96818,0.97034,
2022-10-11,0.97034,0.97747,0.96717,0.9708,
2022-10-12,0.9708,0.9735,0.96681,0.97032,
2022-10-13,0.97032,0.9806,0.96318,0.97764,
2022-10-14,0.97764,0.98089,0.97075,0.97228,
2022-10-17,0.97228,0.98523,0.97197,0.98414,
2022-10-18,0.98414,0.98759,0.9813,0.98585,
2022-10-19,0.98585,0.98724,0.97575,0.97733,
2022-10-20,0.97733,0.98456,0.97547,0.97865,
2022-10-21,0.97865,0.98693,0.97051,0.98628,
2022-10-24,0.98693,0.98993,0.98071,0.98743,
2022-10-25,0.98743,0.99769,0.98489,0.99673,
2022-10-26,0.99673,1.00887,0.99437,1.00797,
2022-10-27,1.00797,1.00938,0.99578,0.99644,
2022-10-28,0.99644,0.99982,0.99269,0.99653,
2022-10-31,0.99653,0.99658,0.98731,0.98829,
2022-11-01,0.98829,0.99541,0.98531,0.98744,
2022-11-02,0.98744,0.9976,0.98133,0.98179,
2022-11-03,0.98179,0.98396,0.97301,0.975,
2022-11-04,0.975,0.99666,0.97427,0.99665,
2022-11-07,0.99665,1.0034,0.99054,1.00209,
2022-11-08,1.00209,1.00964,0.9973,1.00741,
2022-11-09,1.00741,1.00884,0.9993,1.00111,
2022-11-10,1.00111,1.02218,0.99358,1.02096,
2022-11-11,1.02096,1.03643,1.01634,1.03526,
2022-11-14,1.03526,1.03587,1.02715,1.03268,
2022-11-15,1.03268,1.04816,1.02801,1.0349,
2022-11-16,1.0349,1.04387,1.03312,1.03945,
2022-11-17,1.03945,1.04067,1.03054,1.03635,
2022-11-18,1.03635,1.0396,1.03138,1.03138,
2022-11-21,1.03244,1.03334,1.02227,1.02412,
2022-11-22,1.02412,1.03082,1.024,1.03039,
2022-11-23,1.03039,1.04051,1.02967,1.0397,
2022-11-24,1.0397,1.04486,1.03818,1.04102,
2022-11-25,1.04102,1.04294,1.03548,1.03975,
2022-11-28,1.03975,1.0497,1.03305,1.03411,
2022-11-29,1.03411,1.03944,1.032,1.03296,
2022-11-30,1.03296,1.04288,1.02903,1.04066,
2022-12-01,1.04066,1.05341,1.03932,1.05262,
2022-12-02,1.05262,1.05451,1.04283,1.05393,
2022-12-05,1.05393,1.05949,1.04804,1.04902,
2022-12-06,1.04902,1.05329,1.04594,1.04666,
2022-12-07,1.04666,1.05498,1.04433,1.05063,
2022-12-08,1.05063,1.05648,1.04897,1.05571,
2022-12-09,1.05571,1.05882,1.05036,1.05338,
2022-12-12,1.05338,1.05803,1.05061,1.05384,
2022-12-13,1.05384,1.06735,1.0528,1.06329,
2022-12-14,1.06329,1.06952,1.0619,1.06825,
2022-12-15,1.06825,1.0736,1.05925,1.06283,
2022-12-16,1.06283,1.06628,1.05852,1.05869,
2022-12-19,1.05869,1.0658,1.05759,1.06068,
2022-12-20,1.06068,1.06586,1.05791,1.06252,
2022-12-21,1.06252,1.06454,1.05904,1.06048,
2022-12-22,1.06048,1.06596,1.05733,1.05967,
2022-12-23,1.05967,1.06331,1.05868,1.0617,
2022-12-26,1.0617,1.06377,1.05991,1.06373,
2022-12-27,1.06373,1.06695,1.06115,1.06398,
2022-12-28,1.06398,1.06745,1.06067,1.06124,
2022-12-29,1.06124,1.06904,1.06113,1.06617,
2022-12-30,1.06617,1.07133,1.06387,1.07046,
2023-01-02,1.07046,1.07092,1.06505,1.06672,
2023-01-03,1.06672,1.06834,1.05197,1.05479,
2023-01-04,1.05479,1.06353,1.05408,1.06043,
2023-01-05,1.06043,1.06316,1.05151,1.05217,
2023-01-06,1.05217,1.06481,1.04829,1.06445,
2023-01-09,1.06445,1.07607,1.06386,1.07294,
2023-01-10,1.07294,1.07594,1.07122,1.07329,
2023-01-11,1.07329,1.07763,1.07257,1.07572,
2023-01-12,1.07572,1.08671,1.07311,1.08524,
2023-01-13,1.08524,1.08681,1.07807,1.07807,
2023-01-16,1.07807,1.08744,1.07807,1.08215,
2023-01-17,1.08215,1.08695,1.07749,1.07878,
2023-01-18,1.07878,1.08877,1.07661,1.07939,
2023-01-19,1.07939,1.084,1.07824,1.08315,
2023-01-20,1.08315,1.08588,1.08024,1.08565,
2023-01-23,1.08565,1.09271,1.08464,1.08718,
2023-01-24,1.08718,1.08982,1.08352,1.08854,
2023-01-25,1.08854,1.09237,1.08573,1.09162,
2023-01-26,1.09162,1.09295,1.08505,1.08918,
2023-01-27,1.08918,1.09004,1.08379,1.0868,
2023-01-30,1.0868,1.09139,1.08393,1.08519,
2023-01-31,1.08519,1.0875,1.0802,1.08646,
2023-02-01,1.08646,1.10012,1.08523,1.09911,
2023-02-02,1.09911,1.10331,1.08855,1.09096,
2023-02-03,1.09096,1.09402,1.07928,1.07928,
2023-02-06,1.07946,1.0799,1.07095,1.07265,
2023-02-07,1.07265,1.07666,1.06692,1.0727,
2023-02-08,1.0727,1.07609,1.07095,1.07133,
2023-02-09,1.07133,1.07908,1.07086,1.07396,
2023-02-10,1.07396,1.07528,1.06664,1.06774,
2023-02-13,1.06774,1.073,1.06556,1.07238,
2023-02-14,1.07238,1.08048,1.07069,1.07383,
2023-02-15,1.07383,1.07446,1.06606,1.06871,
2023-02-16,1.06871,1.07224,1.06545,1.06741,
2023-02-17,1.06741,1.06984,1.06129,1.06938,
2023-02-20,1.06938,1.07047,1.06704,1.0686,
2023-02-21,1.0686,1.06983,1.06375,1.06482,
2023-02-22,1.06482,1.06641,1.05992,1.06043,
2023-02-23,1.06043,1.06279,1.05772,1.05983,
2023-02-24,1.05983,1.06144,1.05361,1.05449,
2023-02-27,1.05449,1.06199,1.05331,1.061,
2023-02-28,1.061,1.06454,1.05741,1.05746,
2023-03-01,1.05746,1.06915,1.05654,1.06685,
2023-03-02,1.06685,1.06729,1.05766,1.05969,
2023-03-03,1.05969,1.06386,1.05885,1.06353,
2023-03-06,1.06353,1.06944,1.06223,1.06825,
2023-03-07,1.06825,1.06945,1.05462,1.05496,
2023-03-08,1.05496,1.05739,1.05244,1.05434,
2023-03-09,1.05434,1.05913,1.05381,1.05816,
2023-03-10,1.05816,1.07007,1.0574,1.07007,
2023-03-13,1.07007,1.07486,1.06504,1.07317,
2023-03-14,1.07317,1.07497,1.06791,1.07327,
2023-03-15,1.07327,1.076,1.05162,1.05779,
2023-03-16,1.05779,1.06355,1.05511,1.0612,
2023-03-17,1.0612,1.06854,1.06072,1.06678,
2023-03-20,1.06678,1.07309,1.06314,1.0722,
2023-03-21,1.0722,1.07884,1.0704,1.07689,
2023-03-22,1.07689,1.09126,1.07591,1.08558,
2023-03-23,1.08558,1.09298,1.08243,1.08312,
2023-03-24,1.08312,1.0839,1.07132,1.07132,
2023-03-27,1.07132,1.08002,1.07132,1.07975,
2023-03-28,1.07975,1.08486,1.07958,1.08429,
2023-03-29,1.08429,1.08715,1.08186,1.08444,
2023-03-30,1.08444,1.09263,1.08236,1.0906,
2023-03-31,1.0906,1.09259,1.0837,1.0842,
2023-04-03,1.0842,1.09166,1.07883,1.09031,
2023-04-04,1.09031,1.09734,1.08829,1.09524,
2023-04-05,1.09524,1.09697,1.08911,1.09049,
2023-04-06,1.09049,1.09377,1.08847,1.09223,
2023-04-07,1.09223,1.09246,1.08765,1.09077,
2023-04-10,1.09077,1.09173,1.08314,1.08603,
2023-04-11,1.08603,1.0928,1.08552,1.09133,
2023-04-12,1.09133,1.10004,1.09114,1.09927,
2023-04-13,1.09927,1.10677,1.09769,1.10462,
2023-04-14,1.10462,1.10758,1.09724,1.09943,
2023-04-17,1.09943,1.09998,1.09092,1.09263,
2023-04-18,1.09263,1.0983,1.09225,1.0972,
2023-04-19,1.0972,1.09841,1.09173,1.09549,
2023-04-20,1.09549,1.09898,1.09335,1.09697,
2023-04-21,1.09697,1.09938,1.09382,1.09938,
2023-04-24,1.09938,1.10501,1.0966,1.10464,
2023-04-25,1.10464,1.10673,1.09643,1.09725,
2023-04-26,1.09725,1.10955,1.09668,1.10414,
2023-04-27,1.10414,1.10636,1.09921,1.10287,
2023-04-28,1.10287,1.10451,1.09626,1.10451,
2023-05-01,1.10167,1.10356,1.09645,1.09761,
2023-05-02,1.09761,1.1008,1.09422,1.09984,
2023-05-03,1.09984,1.10915,1.09984,1.10637,
2023-05-04,1.10637,1.10915,1.09862,1.10129,
2023-05-05,1.10129,1.10479,1.09668,1.10181,
2023-05-08,1.10181,1.10538,1.1,1.1004,
2023-05-09,1.1004,1.10068,1.09412,1.09621,
2023-05-10,1.09621,1.1007,1.09416,1.09809,
2023-05-11,1.09809,1.09983,1.09002,1.09158,
2023-05-12,1.09158,1.09355,1.0848,1.08498,
2023-05-15,1.08498,1.08908,1.08458,1.08741,
2023-05-16,1.08741,1.09047,1.0855,1.08629,
2023-05-17,1.08629,1.08737,1.08104,1.084,
2023-05-18,1.084,1.08481,1.07626,1.07702,
2023-05-19,1.07702,1.0829,1.076,1.08047,
2023-05-22,1.0829,1.08314,1.07956,1.08129,
2023-05-23,1.08129,1.08206,1.07603,1.07701,
2023-05-24,1.07701,1.08013,1.07482,1.07497,
2023-05-25,1.07497,1.07569,1.07072,1.07252,
2023-05-26,1.07252,1.07589,1.07019,1.07019,
2023-05-29,1.07266,1.07435,1.07057,1.07072,
2023-05-30,1.07072,1.07466,1.06725,1.0735,
2023-05-31,1.0735,1.07359,1.06351,1.06892,
2023-06-01,1.06892,1.07685,1.06618,1.07623,
2023-06-02,1.07623,1.0779,1.07054,1.07079,
2023-06-05,1.07079,1.07226,1.06746,1.07138,
2023-06-06,1.07138,1.07329,1.0667,1.06929,
2023-06-07,1.06929,1.07397,1.06684,1.06986,
2023-06-08,1.06986,1.0787,1.06958,1.07825,
2023-06-09,1.07825,1.07852,1.0743,1.07477,
2023-06-12,1.07477,1.07902,1.07331,1.07572,
2023-06-13,1.07572,1.08236,1.07551,1.07931,
2023-06-14,1.07931,1.08642,1.07741,1.08318,
2023-06-15,1.08318,1.09527,1.08039,1.09447,
2023-06-16,1.09447,1.09707,1.09179,1.09415,
2023-06-19,1.09415,1.09463,1.09071,1.09214,
2023-06-20,1.09214,1.09463,1.08926,1.0918,
2023-06-21,1.0918,1.0991,1.09058,1.09864,
2023-06-22,1.09864,1.10118,1.09487,1.09557,
2023-06-23,1.09557,1.09594,1.08446,1.08939,
2023-06-26,1.08939,1.09202,1.08877,1.09059,
2023-06-27,1.09059,1.09768,1.09023,1.09609,
2023-06-28,1.09609,1.09629,1.0897,1.09132,
2023-06-29,1.09132,1.09414,1.08603,1.08651,
2023-06-30,1.08651,1.09319,1.08354,1.09113,
2023-07-03,1.09113,1.09341,1.08704,1.09115,
2023-07-04,1.09115,1.09165,1.08769,1.08796,
2023-07-05,1.08796,1.0908,1.0851,1.08542,
2023-07-06,1.08542,1.09007,1.08338,1.0887,
2023-07-07,1.0887,1.09733,1.08671,1.09733,
2023-07-10,1.09682,1.10016,1.09436,1.10014,
2023-07-11,1.10014,1.1027,1.09771,1.10084,
2023-07-12,1.10084,1.11405,1.10032,1.11293,
2023-07-13,1.11293,1.12281,1.11285,1.1226,
2023-07-14,1.1226,1.1245,1.12043,1.12284,
2023-07-17,1.12284,1.1249,1.12035,1.12379,
2023-07-18,1.12379,1.12758,1.12091,1.12284,
2023-07-19,1.12284,1.12402,1.11744,1.1202,
2023-07-20,1.1202,1.12292,1.11185,1.11298,
2023-07-21,1.11298,1.1145,1.1108,1.1108,
2023-07-24,1.1108,1.1147,1.10604,1.10641,
2023-07-25,1.10641,1.1087,1.1021,1.10554,
2023-07-26,1.10554,1.11068,1.10378,1.10861,
2023-07-27,1.10861,1.11498,1.0966,1.09775,
2023-07-28,1.09775,1.10476,1.09437,1.10169,
2023-07-31,1.10169,1.10459,1.09935,1.09969,
2023-08-01,1.09969,1.10031,1.09525,1.09848,
2023-08-02,1.09848,1.102,1.09181,1.09379,
2023-08-03,1.09379,1.09629,1.09124,1.09495,
2023-08-04,1.09495,1.1042,1.09352,1.10081,
2023-08-07,1.1042,1.1042,1.09655,1.10024,
2023-08-08,1.10024,1.10113,1.09291,1.09564,
2023-08-09,1.09564,1.09954,1.09519,1.09742,
2023-08-10,1.09742,1.1065,1.09673,1.09808,
2023-08-11,1.09808,1.10052,1.09431,1.09475,
2023-08-14,1.09475,1.09603,1.08748,1.09058,
2023-08-15,1.09058,1.09525,1.08972,1.09048,
2023-08-16,1.09048,1.09347,1.08716,1.08792,
2023-08-17,1.08792,1.09184,1.08565,1.08722,
2023-08-18,1.08722,1.0894,1.0845,1.0845,
2023-08-21,1.0845,1.09138,1.0845,1.08959,
2023-08-22,1.08959,1.09304,1.0833,1.08456,
2023-08-23,1.08456,1.08715,1.08025,1.08635,
2023-08-24,1.08635,1.08766,1.08051,1.08104,
2023-08-25,1.08104,1.08417,1.0766,1.07956,
2023-08-28,1.07956,1.08221,1.07935,1.08191,
2023-08-29,1.08191,1.08919,1.07823,1.08801,
2023-08-30,1.08801,1.09456,1.08552,1.09233,
2023-08-31,1.09233,1.09396,1.08352,1.08434,
2023-09-01,1.08434,1.08818,1.07722,1.07756,
2023-09-04,1.07756,1.08089,1.07717,1.07953,
2023-09-05,1.07953,1.07985,1.07067,1.07221,
2023-09-06,1.07221,1.07489,1.07027,1.07274,
2023-09-07,1.07274,1.0732,1.06864,1.06965,
2023-09-08,1.06965,1.07437,1.06942,1.06998,
2023-09-11,1.06998,1.07593,1.06998,1.07504,
2023-09-12,1.07504,1.07691,1.07055,1.07541,
2023-09-13,1.07541,1.0765,1.0711,1.07298,
2023-09-14,1.07298,1.07522,1.06319,1.06431,
2023-09-15,1.06431,1.0688,1.06333,1.06607,
2023-09-18,1.06607,1.06989,1.06547,1.0692,
2023-09-19,1.0692,1.0718,1.06751,1.06793,
2023-09-20,1.06793,1.0737,1.06502,1.06609,
2023-09-21,1.06609,1.06736,1.06169,1.06615,
2023-09-22,1.06615,1.06719,1.0615,1.06458,
2023-09-25,1.06458,1.06558,1.05755,1.05933,
2023-09-26,1.05933,1.06091,1.05621,1.05724,
2023-09-27,1.05724,1.05743,1.0488,1.05024,
2023-09-28,1.05024,1.05789,1.04911,1.05655,
2023-09-29,1.05655,1.06172,1.0558,1.0571,
2023-10-02,1.0571,1.05919,1.04771,1.04776,
2023-10-03,1.04776,1.04935,1.04484,1.04666,
2023-10-04,1.04666,1.05321,1.04514,1.05041,
2023-10-05,1.05041,1.05519,1.05002,1.05493,
2023-10-06,1.05493,1.06001,1.04826,1.05871,
2023-10-09,1.05871,1.05871,1.05196,1.05669,
2023-10-10,1.05669,1.06199,1.05545,1.06055,
2023-10-11,1.06055,1.06348,1.05819,1.062,
2023-10-12,1.062,1.06399,1.05257,1.05284,
2023-10-13,1.05284,1.05585,1.04955,1.05087,
2023-10-16,1.05087,1.05629,1.05087,1.05604,
2023-10-17,1.05604,1.0595,1.05329,1.05772,
2023-10-18,1.05772,1.05944,1.05233,1.05366,
2023-10-19,1.05366,1.06166,1.05283,1.05826,
2023-10-20,1.05826,1.06038,1.05649,1.06038,
2023-10-23,1.05948,1.06779,1.05715,1.06697,
2023-10-24,1.06697,1.06943,1.0583,1.05901,
2023-10-25,1.05901,1.06069,1.05657,1.05664,
2023-10-26,1.05664,1.05709,1.05219,1.05626,
2023-10-27,1.05626,1.05972,1.05354,1.05652,
2023-10-30,1.05652,1.06252,1.05472,1.06151,
2023-10-31,1.06151,1.06748,1.05575,1.05746,
2023-11-01,1.05746,1.05807,1.05169,1.05705,
2023-11-02,1.05705,1.06677,1.05673,1.06218,
2023-11-03,1.06218,1.07468,1.06148,1.07467,
2023-11-06,1.07467,1.07564,1.07163,1.07175,
2023-11-07,1.07175,1.07224,1.06642,1.07,
2023-11-08,1.07,1.07161,1.06594,1.07089,
2023-11-09,1.07089,1.07254,1.06601,1.06677,
2023-11-10,1.06677,1.06928,1.06562,1.06867,
2023-11-13,1.06867,1.07063,1.06651,1.06982,
2023-11-14,1.06982,1.08876,1.06929,1.08791,
2023-11-15,1.08791,1.08861,1.08315,1.08477,
2023-11-16,1.08477,1.08956,1.08302,1.08523,
2023-11-17,1.08523,1.09164,1.0825,1.09163,
2023-11-20,1.09164,1.09519,1.08975,1.094,
2023-11-21,1.094,1.09653,1.09002,1.09108,
2023-11-22,1.09108,1.09231,1.08524,1.08884,
2023-11-23,1.08884,1.09306,1.08836,1.09051,
2023-11-24,1.09051,1.09489,1.0895,1.09489,
2023-11-27,1.09489,1.09593,1.09251,1.09537,
2023-11-28,1.09537,1.10091,1.09345,1.09928,
2023-11-29,1.09928,1.10173,1.096,1.09692,
2023-11-30,1.09692,1.09839,1.08794,1.0888,
2023-12-01,1.0888,1.09129,1.08289,1.08289,
2023-12-04,1.08826,1.0895,1.08041,1.08363,
2023-12-05,1.08363,1.08475,1.07781,1.07966,
2023-12-06,1.07966,1.0805,1.07588,1.0764,
2023-12-07,1.0764,1.08176,1.07552,1.07941,
2023-12-08,1.07941,1.08006,1.07237,1.07636,
2023-12-11,1.07636,1.07791,1.07416,1.07647,
2023-12-12,1.07647,1.08282,1.07607,1.07944,
2023-12-13,1.07944,1.08967,1.07732,1.08742,
2023-12-14,1.08742,1.10093,1.08736,1.09929,
2023-12-15,1.09929,1.10039,1.08887,1.08947,
2023-12-18,1.08947,1.09313,1.08921,1.09235,
2023-12-19,1.09235,1.09876,1.09149,1.09813,
2023-12-20,1.09813,1.09866,1.09299,1.09409,
2023-12-21,1.09409,1.10128,1.09353,1.10113,
2023-12-22,1.10113,1.10404,1.09938,1.10129,
2023-12-26,1.10129,1.10452,1.10086,1.10424,
2023-12-27,1.10424,1.11228,1.10286,1.11052,
2023-12-28,1.11052,1.11395,1.10553,1.10609,
2023-12-29,1.10609,1.10845,1.10342,1.10379,
2024-01-02,1.10379,1.10461,1.09385,1.09422,
2024-01-03,1.09422,1.09656,1.08929,1.09214,
2024-01-04,1.09214,1.09722,1.09161,1.09448,
2024-01-05,1.09448,1.09985,1.08772,1.09421,
2024-01-08,1.09421,1.09789,1.09227,1.09503,
2024-01-09,1.09503,1.09666,1.09103,1.09313,
2024-01-10,1.09313,1.09732,1.09229,1.09728,
2024-01-11,1.09728,1.10001,1.09304,1.09722,
2024-01-12,1.09722,1.0987,1.09361,1.09503,
2024-01-15,1.09503,1.09677,1.09336,1.09504,
2024-01-16,1.09504,1.09513,1.08622,1.08754,
2024-01-17,1.08754,1.08846,1.08445,1.08826,
2024-01-18,1.08826,1.0907,1.08467,1.08763,
2024-01-19,1.08763,1.08983,1.08657,1.08972,
2024-01-22,1.08972,1.09096,1.088,1.08827,
2024-01-23,1.08827,1.09161,1.08216,1.08544,
2024-01-24,1.08544,1.09325,1.08482,1.08853,
2024-01-25,1.08853,1.0902,1.08217,1.08459,
2024-01-26,1.08459,1.08861,1.0813,1.08861,
2024-01-29,1.08861,1.08861,1.07959,1.08337,
2024-01-30,1.08337,1.08575,1.0812,1.08456,
2024-01-31,1.08456,1.08876,1.0795,1.08185,
2024-02-01,1.08185,1.08749,1.078,1.08719,
2024-02-02,1.08719,1.08977,1.07806,1.07875,
2024-02-05,1.07875,1.07875,1.07234,1.07427,
2024-02-06,1.07427,1.07625,1.07226,1.07546,
2024-02-07,1.07546,1.07841,1.07521,1.07714,
2024-02-08,1.07714,1.0789,1.07416,1.07775,
2024-02-09,1.07775,1.0795,1.07622,1.07838,
2024-02-12,1.07838,1.08058,1.07559,1.07714,
2024-02-13,1.07714,1.07979,1.07006,1.07085,
2024-02-14,1.07085,1.07346,1.0695,1.07269,
2024-02-15,1.07269,1.078495,1.07247,1.07723,
2024-02-16,1.07723,1.078755,1.073205,1.07772,
2024-02-19,1.07772,1.07896,1.0762,1.077925,
2024-02-20,1.077925,1.0839,1.076175,1.08078,
2024-02-21,1.08078,1.082435,1.079,1.08188,
2024-02-22,1.08188,1.08881,1.080285,1.08228,
2024-02-23,1.08228,1.08397,1.081185,1.082125,
2024-02-26,1.082125,1.08598,1.08126,1.08508,
2024-02-27,1.08508,1.086595,1.0833,1.08443,
2024-02-28,1.08443,1.084685,1.07967,1.08382,
2024-02-29,1.08382,1.0856,1.07959,1.08052,
2024-03-01,1.08052,1.08433,1.07982,1.08384,
2024-03-04,1.08384,1.086695,1.08378,1.085535,
2024-03-05,1.085535,1.087615,1.084045,1.085655,
2024-03-06,1.085655,1.091535,1.084215,1.089875,
2024-03-07,1.089875,1.09492,1.086785,1.09479,
2024-03-08,1.09479,1.098135,1.091815,1.09391,
2024-03-11,1.09391,1.09482,1.091455,1.09257,
2024-03-12,1.09257,1.09437,1.090235,1.09265,
2024-03-13,1.09265,1.09639,1.092005,1.09476,
2024-03-14,1.09476,1.09549,1.08807,1.08831,
2024-03-15,1.08831,1.08998,1.087305,1.0889,
2024-03-18,1.0889,1.09062,1.086615,1.087265,
2024-03-19,1.087265,1.087665,1.083465,1.086575,
2024-03-20,1.086575,1.09229,1.083645,1.09222,
2024-03-21,1.09222,1.09426,1.085545,1.086015,
2024-03-22,1.086015,1.08682,1.08018,1.08018,
2024-03-25,1.08018,1.08425,1.08018,1.08375,
2024-03-26,1.08375,1.086435,1.082435,1.083105,
2024-03-27,1.083105,1.083915,1.081085,1.08274,
2024-03-28,1.08274,1.082775,1.077505,1.07885,
2024-03-29,1.07885,1.080555,1.07682,1.07922,
2024-04-01,1.07922,1.07989,1.07309,1.074325,
2024-04-02,1.074325,1.077915,1.072465,1.07694,
2024-04-03,1.07694,1.0837,1.07641,1.08361,
2024-04-04,1.08361,1.087665,1.08318,1.083715,
2024-04-05,1.083715,1.084785,1.07915,1.08373,
2024-04-08,1.07915,1.08623,1.07915,1.085925,
2024-04-09,1.085925,1.08852,1.08477,1.085705,
2024-04-10,1.085705,1.08665,1.072885,1.074255,
2024-04-11,1.074255,1.075655,1.069925,1.072595,
2024-04-12,1.072595,1.073035,1.062265,1.06413,
2024-04-15,1.06413,1.066525,1.06203,1.06244,
2024-04-16,1.06244,1.065375,1.060125,1.06189,
2024-04-17,1.06189,1.067965,1.060615,1.06729,
2024-04-18,1.06729,1.06901,1.06414,1.064325,
2024-04-19,1.064325,1.067775,1.061045,1.067775,
2024-04-22,1.067775,1.067775,1.062395,1.06546,
2024-04-23,1.06546,1.071135,1.06386,1.07012,
2024-04-24,1.07012,1.071435,1.0678,1.069895,
2024-04-25,1.069895,1.07403,1.067835,1.07298,
2024-04-26,1.07298,1.07529,1.067405,1.069265,
2024-04-29,1.069265,1.07338,1.06902,1.072085,
2024-04-30,1.072085,1.07355,1.066495,1.066555,
2024-05-01,1.066555,1.07328,1.06495,1.07122,
2024-05-02,1.07122,1.07304,1.067425,1.0725,
2024-05-03,1.0725,1.081295,1.07237,1.07621,
2024-05-06,1.07621,1.07909,1.075525,1.0769,
2024-05-07,1.0769,1.07875,1.07479,1.075475,
2024-05-08,1.075475,1.07576,1.07351,1.07484,
2024-05-09,1.07484,1.078455,1.072395,1.07821,
2024-05-10,1.07821,1.07902,1.07603,1.07603,
2024-05-13,1.07603,1.08069,1.07603,1.078965,
2024-05-14,1.078965,1.082575,1.076715,1.08189,
2024-05-15,1.08189,1.08862,1.08131,1.08848,
2024-05-16,1.08848,1.08951,1.085445,1.08671,
2024-05-17,1.08671,1.087855,1.08357,1.08682,
2024-05-20,1.08682,1.08846,1.085435,1.085675,
2024-05-21,1.085675,1.08749,1.084275,1.08539,
2024-05-22,1.08539,1.08636,1.08175,1.082265,
2024-05-23,1.082265,1.08611,1.08048,1.08148,
2024-05-24,1.08148,1.085795,1.08056,1.08469,
2024-05-27,1.08469,1.08675,1.084075,1.085845,
2024-05-28,1.085845,1.08891,1.085485,1.08568,
2024-05-29,1.08568,1.0861,1.08,1.080165,
2024-05-30,1.080165,1.08452,1.078835,1.083215,
2024-05-31,1.083215,1.088245,1.08112,1.08485,
2024-06-03,1.08485,1.09047,1.082785,1.09043,
2024-06-04,1.09043,1.09161,1.0859,1.087915,
2024-06-05,1.087915,1.089175,1.08545,1.08688,
2024-06-06,1.08688,1.090205,1.086195,1.08896,
2024-06-07,1.08896,1.0904,1.07997,1.0801,
2024-06-10,1.0801,1.0801,1.073275,1.076495,
2024-06-11,1.076495,1.07736,1.071945,1.074075,
2024-06-12,1.074075,1.08524,1.073465,1.080875,
2024-06-13,1.080875,1.08164,1.073285,1.073725,
2024-06-14,1.073725,1.0745,1.066765,1.070335,
2024-06-17,1.070335,1.07379,1.06864,1.07346,
2024-06-18,1.07346,1.076155,1.071005,1.074005,
2024-06-19,1.074005,1.07535,1.07249,1.07444,
2024-06-20,1.07444,1.07489,1.070175,1.07021,
2024-06-21,1.07021,1.07207,1.067105,1.067105,
2024-06-24,1.06923,1.07465,1.068375,1.073325,
2024-06-25,1.073325,1.07443,1.06907,1.071455,
2024-06-26,1.071455,1.0718,1.066605,1.06809,
2024-06-27,1.06809,1.07265,1.06771,1.07038,
2024-06-28,1.07038,1.07248,1.068545,1.07248,
2024-07-01,1.071385,1.07765,1.071385,1.074035,
2024-07-02,1.074035,1.074725,1.071,1.074505,
2024-07-03,1.074505,1.081695,1.07363,1.07877,
2024-07-04,1.07877,1.08139,1.07836,1.08125,
2024-07-05,1.08125,1.08427,1.080015,1.08398,
2024-07-08,1.08398,1.084515,1.080325,1.082385,
2024-07-09,1.082385,1.08335,1.080545,1.081345,
2024-07-10,1.081345,1.083065,1.0811,1.08299,
2024-07-11,1.08299,1.089975,1.082745,1.086805,
2024-07-12,1.086805,1.09115,1.086175,1.09069,
2024-07-15,1.09069,1.092245,1.08833,1.08945,
2024-07-16,1.08945,1.09056,1.087155,1.08994,
2024-07-17,1.08994,1.094825,1.089515,1.09392,
2024-07-18,1.09392,1.0941,1.089375,1.08965,
2024-07-19,1.08965,1.09019,1.08846,1.088465,
2024-07-22,1.088465,1.09028,1.087305,1.08913,
2024-07-23,1.08913,1.08968,1.084385,1.08534,
2024-07-24,1.08534,1.08666,1.08257,1.083985,
2024-07-25,1.083985,1.087005,1.082825,1.08457,
2024-07-26,1.08457,1.08683,1.08421,1.085625,
2024-07-29,1.085625,1.08701,1.08028,1.08211,
2024-07-30,1.08211,1.08358,1.079825,1.081555,
2024-07-31,1.081555,1.084945,1.0802,1.082565,
2024-08-01,1.082565,1.08355,1.077755,1.079175,
2024-08-02,1.079175,1.092665,1.07819,1.09097,
2024-08-05,1.09097,1.100885,1.089275,1.09524,
2024-08-06,1.09524,1.09631,1.090375,1.09324,
2024-08-07,1.09324,1.09367,1.090545,1.092225,
2024-08-08,1.092225,1.094515,1.088135,1.09184,
2024-08-09,1.09184,1.093135,1.0909,1.09162,
2024-08-12,1.09162,1.09395,1.091025,1.093125,
2024-08-13,1.093125,1.09998,1.091375,1.09927,
2024-08-14,1.09927,1.104735,1.098345,1.10127,
2024-08-15,1.10127,1.101575,1.09496,1.09728,
2024-08-16,1.09728,1.102975,1.097095,1.10285,
2024-08-19,1.10285,1.10865,1.10228,1.108485,
2024-08-20,1.108485,1.113065,1.10719,1.112985,
2024-08-21,1.112985,1.11741,1.109935,1.11499,
2024-08-22,1.11499,1.116515,1.109805,1.111215,
2024-08-23,1.111215,1.1201,1.11056,1.11917,
2024-08-26,1.1201,1.12017,1.115005,1.11614,
2024-08-27,1.11614,1.11906,1.11505,1.11839,
2024-08-28,1.11839,1.118555,1.110505,1.111995,
2024-08-29,1.111995,1.113995,1.105565,1.107755,
2024-08-30,1.107755,1.109505,1.104395,1.104715,
2024-09-02,1.104715,1.10775,1.104205,1.10714,
2024-09-03,1.10714,1.1073,1.10264,1.104365,
2024-09-04,1.104365,1.109515,1.10394,1.108245,
2024-09-05,1.108245,1.111975,1.107475,1.11104,
2024-09-06,1.11104,1.11555,1.106565,1.10853,
2024-09-09,1.10853,1.109115,1.103375,1.103465,
2024-09-10,1.103465,1.104985,1.101505,1.101975,
2024-09-11,1.101975,1.10549,1.1002,1.1012,
2024-09-12,1.1012,1.10751,1.100555,1.10745,
2024-09-13,1.10745,1.11019,1.107035,1.107425,
2024-09-16,1.107425,1.113765,1.107425,1.11329,
2024-09-17,1.11329,1.11463,1.111085,1.11137,
2024-09-18,1.11137,1.11893,1.109675,1.111895,
2024-09-19,1.111895,1.1179,1.10684,1.11619,
2024-09-20,1.11619,1.1182,1.113605,1.11627,
2024-09-23,1.11627,1.11673,1.108315,1.11114,
2024-09-24,1.11114,1.118105,1.11034,1.11797,
2024-09-25,1.11797,1.1214,1.112155,1.113285,
2024-09-26,1.113285,1.11893,1.112585,1.11769,
2024-09-27,1.11769,1.120295,1.11249,1.1163,
2024-09-30,1.120295,1.1209,1.111375,1.113505,
2024-10-01,1.113505,1.114415,1.10459,1.10678,
2024-10-02,1.10678,1.10829,1.10327,1.104475,
2024-10-03,1.104475,1.104935,1.100835,1.10307,
2024-10-04,1.10307,1.10398,1.09513,1.0976,
2024-10-07,1.0976,1.0987,1.095425,1.09745,
2024-10-08,1.09745,1.099725,1.096095,1.098105,
2024-10-09,1.098105,1.09811,1.093625,1.0939,
2024-10-10,1.0939,1.095495,1.090015,1.09367,
2024-10-11,1.09367,1.095385,1.09261,1.09362,
2024-10-14,1.09362,1.09368,1.08883,1.09088,
2024-10-15,1.09088,1.09168,1.0882,1.089135,
2024-10-16,1.089135,1.090145,1.08533,1.086195,
2024-10-17,1.086195,1.08738,1.081105,1.083145,
2024-10-18,1.083145,1.08696,1.082535,1.086655,
2024-10-21,1.08696,1.08719,1.081115,1.081535,
2024-10-22,1.081535,1.08382,1.07926,1.07983,
2024-10-23,1.07983,1.08068,1.076125,1.078245,
2024-10-24,1.078245,1.08299,1.077055,1.082765,
2024-10-25,1.082765,1.08394,1.07931,1.07953,
2024-10-28,1.07953,1.082765,1.07821,1.08122,
2024-10-29,1.08122,1.08264,1.076895,1.081845,
2024-10-30,1.081845,1.08714,1.080815,1.08559,
2024-10-31,1.08559,1.088825,1.08441,1.088355,
2024-11-01,1.088355,1.090585,1.083185,1.083385,
2024-11-04,1.083385,1.091475,1.083385,1.08782,
2024-11-05,1.08782,1.093655,1.08725,1.093015,
2024-11-06,1.093015,1.09371,1.068255,1.07295,
2024-11-07,1.07295,1.08247,1.071285,1.080525,
2024-11-08,1.080525,1.08054,1.06869,1.071865,
2024-11-11,1.071865,1.0728,1.062865,1.06558,
2024-11-12,1.06558,1.06633,1.0595,1.06231,
2024-11-13,1.06231,1.06542,1.055575,1.05623,
2024-11-14,1.05623,1.058255,1.04962,1.052945,
2024-11-15,1.052945,1.059285,1.05165,1.05408,
2024-11-18,1.05408,1.06073,1.05304,1.05986,
2024-11-19,1.05986,1.060125,1.05237,1.05957,
2024-11-20,1.05957,1.06099,1.050685,1.054375,
2024-11-21,1.054375,1.0555,1.046225,1.047425,
2024-11-22,1.047425,1.049815,1.033305,1.04197,
2024-11-25,1.033315,1.053035,1.033315,1.049425,
2024-11-26,1.049425,1.054475,1.04251,1.04889,
2024-11-27,1.04889,1.05877,1.04744,1.05662,
2024-11-28,1.05662,1.05698,1.052755,1.05545,
2024-11-29,1.05545,1.059725,1.05415,1.057745,
2024-12-02,1.057745,1.05776,1.04606,1.049765,
2024-12-03,1.049765,1.053515,1.048065,1.05087,
2024-12-04,1.05087,1.054405,1.04724,1.0512,
2024-12-05,1.0512,1.058965,1.050795,1.05865,
2024-12-06,1.05865,1.062975,1.05423,1.05678,
2024-12-09,1.05678,1.05945,1.05321,1.055345,
2024-12-10,1.055345,1.056825,1.049845,1.05269,
2024-12-11,1.05269,1.053955,1.048025,1.04959,
2024-12-12,1.04959,1.053095,1.04637,1.04686,
2024-12-13,1.04686,1.05243,1.045335,1.05029,
2024-12-16,1.05029,1.052485,1.047475,1.05117,
2024-12-17,1.05117,1.05345,1.047915,1.049115,
2024-12-18,1.049115,1.051285,1.034425,1.03531,
2024-12-19,1.03531,1.042245,1.034745,1.03628,
2024-12-20,1.03628,1.04476,1.03431,1.04294,
2024-12-23,1.04294,1.04463,1.038425,1.04048,
2024-12-24,1.04048,1.04101,1.038365,1.04007,
2024-12-26,1.04007,1.043015,1.03905,1.04215,
2024-12-27,1.04215,1.04442,1.04051,1.0426,
2024-12-30,1.0426,1.045845,1.03717,1.040705,
2024-12-31,1.040705,1.042455,1.03441,1.035395,
2025-01-02,1.035395,1.03759,1.022405,1.02653,
2025-01-03,1.02653,1.031005,1.026085,1.03092,
2025-01-06,1.03092,1.04366,1.02957,1.03911,
2025-01-07,1.03911,1.04345,1.03397,1.034045,
2025-01-08,1.034045,1.03576,1.027325,1.03184,
2025-01-09,1.03184,1.032165,1.02837,1.02988,
2025-01-10,1.02988,1.031199,1.021334,1.024505,
2025-01-13,1.024505,1.025005,1.017749,1.0244,
2025-01-14,1.0244,1.030864,1.023855,1.03081,
2025-01-15,1.03081,1.035455,1.02589,1.028889,
2025-01-16,1.028889,1.031515,1.026079,1.03023,
2025-01-17,1.03023,1.033055,1.026524,1.027124,
2025-01-20,1.027124,1.043429,1.02664,1.04155,
2025-01-21,1.04155,1.043545,1.0342,1.04269,
2025-01-22,1.04269,1.04574,1.03925,1.040915,
2025-01-23,1.040915,1.04381,1.037225,1.04154,
2025-01-24,1.04154,1.05216,1.041165,1.04938,
2025-01-27,1.04938,1.053335,1.045405,1.04922,
2025-01-28,1.04922,1.049505,1.041395,1.043085,
2025-01-29,1.043085,1.044365,1.038235,1.0421,
2025-01-30,1.0421,1.04677,1.038635,1.03904,
2025-01-31,1.03904,1.04342,1.035015,1.036119,
2025-02-03,1.036119,1.036119,1.021085,1.03447,
2025-02-04,1.03447,1.03878,1.027225,1.037885,
2025-02-05,1.037885,1.044275,1.03698,1.04023,
2025-02-06,1.04023,1.040585,1.03526,1.03837,
2025-02-07,1.03837,1.041195,1.030525,1.03273,
2025-02-10,1.03273,1.033655,1.028585,1.030705,
2025-02-11,1.030705,1.038165,1.02921,1.03594,
2025-02-12,1.03594,1.04298,1.031725,1.03826,
2025-02-13,1.03826,1.046689,1.037294,1.0464,
2025-02-14,1.0464,1.051415,1.044719,1.04921,
2025-02-17,1.04921,1.05066,1.04671,1.048419,
2025-02-18,1.04842,1.048645,1.04352,1.04463,
2025-02-19,1.04463,1.046149,1.04009,1.04226,
2025-02-20,1.04226,1.05036,1.041865,1.05015,
2025-02-21,1.05015,1.05057,1.044935,1.04609,
2025-02-24,1.04609,1.05284,1.04529,1.046765,
2025-02-25,1.046765,1.051939,1.04563,1.051275,
2025-02-26,1.051275,1.05288,1.047499,1.04846,
2025-02-27,1.04846,1.04927,1.039695,1.03995,
2025-02-28,1.039949,1.042,1.036,1.03766,
2025-03-03,1.03766,1.050375,1.03766,1.04867,
2025-03-04,1.04867,1.062745,1.047129,1.062614,
2025-03-05,1.062614,1.079675,1.060215,1.078895,
2025-03-06,1.078895,1.08538,1.076575,1.07839,
2025-03-07,1.07839,1.08887,1.078139,1.08332,
2025-03-10,1.08332,1.08747,1.080515,1.08344,
2025-03-11,1.08344,1.09473,1.083119,1.091794,
2025-03-12,1.091794,1.093119,1.08758,1.08889,
2025-03-13,1.08889,1.089715,1.082255,1.08525,
2025-03-14,1.08525,1.091285,1.083075,1.087815,
2025-03-17,1.087815,1.092975,1.086865,1.09216,
2025-03-18,1.09216,1.095475,1.089265,1.09446,
2025-03-19,1.09446,1.094675,1.08606,1.09036,
2025-03-20,1.09036,1.09174,1.081475,1.08516,
2025-03-21,1.08516,1.08612,1.07969,1.08152,
2025-03-24,1.08152,1.085825,1.07816,1.080125,
2025-03-25,1.080125,1.083025,1.077705,1.07902,
2025-03-26,1.07902,1.080275,1.07439,1.07542,
2025-03-27,1.07542,1.08213,1.073315,1.080065,
2025-03-28,1.080065,1.08448,1.076465,1.08274,
2025-03-31,1.08274,1.084945,1.078409,1.0816,
2025-04-01,1.0816,1.083019,1.077834,1.07931,
2025-04-02,1.07931,1.092445,1.078025,1.085594,
2025-04-03,1.085594,1.11466,1.0805,1.10519,
2025-04-04,1.10519,1.110785,1.09247,1.095929,
2025-04-07,1.095929,1.105035,1.088145,1.090574,
2025-04-08,1.090575,1.0992,1.088825,1.095725,
2025-04-09,1.095725,1.109515,1.09135,1.09487,
2025-04-10,1.09487,1.124155,1.09431,1.12004,
2025-04-11,1.12004,1.14738,1.11913,1.13587,
2025-04-14,1.13587,1.14247,1.1296,1.135045,
2025-04-15,1.135045,1.137895,1.12642,1.128155,
2025-04-16,1.128155,1.141285,1.12813,1.139955,
2025-04-17,1.139955,1.140939,1.13354,1.13644,
2025-04-18,1.13644,1.139785,1.13595,1.13941,
2025-04-21,1.13941,1.15732,1.13941,1.15143,
2025-04-22,1.15143,1.15474,1.141765,1.14221,
2025-04-23,1.14221,1.143995,1.130805,1.13146,
2025-04-24,1.13146,1.13979,1.13146,1.13885,
2025-04-25,1.13885,1.13941,1.13157,1.13646,
2025-04-28,1.13646,1.142515,1.13296,1.14219,
2025-04-29,1.14219,1.14227,1.13702,1.13859,
2025-04-30,1.13859,1.139955,1.13172,1.13285,
2025-05-01,1.13285,1.134125,1.126595,1.12904,
2025-05-02,1.12904,1.138105,1.127445,1.12983,
2025-05-05,1.12983,1.136499,1.12948,1.13157,
2025-05-06,1.13157,1.138125,1.12799,1.13699,
2025-05-07,1.13699,1.137835,1.129185,1.13015,
2025-05-08,1.13015,1.13364,1.121205,1.122915,
2025-05-09,1.122915,1.129295,1.11968,1.12481,
2025-05-12,1.12481,1.12481,1.106555,1.10869,
2025-05-13,1.10869,1.11949,1.10854,1.11862,
2025-05-14,1.11862,1.12659,1.116465,1.1175,
2025-05-15,1.1175,1.122845,1.117005,1.11858,
2025-05-16,1.11858,1.121965,1.11311,1.11635,
2025-05-19,1.11635,1.12883,1.11635,1.12421,
2025-05-20,1.12421,1.128595,1.1218,1.12829,
2025-05-21,1.12829,1.136295,1.12805,1.13298,
2025-05-22,1.13298,1.13449,1.125595,1.12805,
2025-05-23,1.12805,1.13757,1.12791,1.13642,
2025-05-26,1.13642,1.141885,1.136245,1.13865,
2025-05-27,1.13865,1.140735,1.13232,1.13277,
2025-05-28,1.13277,1.13455,1.128385,1.12912,
2025-05-29,1.12912,1.138465,1.121045,1.13674,
2025-05-30,1.13674,1.138995,1.131265,1.1348,
2025-06-02,1.1348,1.145005,1.134685,1.14427,
2025-06-03,1.14427,1.145475,1.13642,1.137065,
2025-06-04,1.137065,1.14346,1.135724,1.141854,
2025-06-05,1.141854,1.149495,1.140485,1.144455,
2025-06-06,1.144455,1.14574,1.13717,1.139549,
2025-06-09,1.139549,1.14394,1.138655,1.142035,
2025-06-10,1.142035,1.14477,1.1373,1.14245,
2025-06-11,1.14245,1.149965,1.140545,1.14876,
2025-06-12,1.14876,1.163165,1.148505,1.158465,
2025-06-13,1.158465,1.161485,1.1489,1.15501,
2025-06-16,1.15501,1.161475,1.152365,1.156005,
2025-06-17,1.156005,1.15803,1.147475,1.1479,
2025-06-18,1.1479,1.153039,1.14608,1.148085,
2025-06-19,1.148085,1.150025,1.144625,1.149485,
2025-06-20,1.149484,1.154399,1.149175,1.152194,
2025-06-23,1.152194,1.158175,1.145375,1.15771,
2025-06-24,1.15771,1.164165,1.15744,1.160935,
2025-06-25,1.160935,1.166525,1.15902,1.165895,
2025-06-26,1.165895,1.174545,1.16549,1.17006,
2025-06-27,1.17006,1.17537,1.168095,1.17209,
2025-06-30,1.17209,1.178865,1.17079,1.1787,
2025-07-01,1.1787,1.18299,1.176135,1.18056,
2025-07-02,1.18056,1.181015,1.174685,1.17981,
2025-07-03,1.17981,1.181015,1.171755,1.17569,
2025-07-04,1.17569,1.17876,1.175295,1.17752,
2025-07-07,1.17752,1.179035,1.168675,1.170795,
2025-07-08,1.170795,1.17653,1.168275,1.17252,
2025-07-09,1.17252,1.172945,1.16896,1.17205,
2025-07-10,1.17205,1.17496,1.166265,1.1701,
2025-07-11,1.1701,1.171405,1.166485,1.169,
2025-07-14,1.169,1.169795,1.165435,1.16646,
2025-07-15,1.16646,1.16928,1.159295,1.159985,
2025-07-16,1.159985,1.17216,1.156215,1.16414,
2025-07-17,1.16414,1.16427,1.155705,1.15963,
2025-07-18,1.15963,1.167195,1.159335,1.162275,
2025-07-21,1.162275,1.171685,1.161455,1.1696,
2025-07-22,1.1696,1.17605,1.167895,1.17546,
2025-07-23,1.17546,1.17753,1.171105,1.17725,
2025-07-24,1.17725,1.178885,1.17306,1.17484,
2025-07-25,1.17484,1.17609,1.170305,1.17408,
2025-07-28,1.17408,1.17704,1.15852,1.15886,
2025-07-29,1.15886,1.15992,1.151905,1.154635,
2025-07-30,1.154635,1.157265,1.140105,1.14047,
2025-07-31,1.14047,1.146075,1.140395,1.141485,
2025-08-01,1.141485,1.159715,1.139165,1.15859,
2025-08-04,1.15859,1.159675,1.154965,1.157155,
2025-08-05,1.157155,1.158805,1.15276,1.15747,
2025-08-06,1.15747,1.166855,1.15645,1.165945,
2025-08-07,1.165945,1.169885,1.161105,1.16654,
2025-08-08,1.16654,1.167945,1.1629,1.1642,
2025-08-11,1.1642,1.16757,1.159015,1.16155,
2025-08-12,1.16155,1.16974,1.15988,1.167505,
2025-08-13,1.167505,1.17304,1.166975,1.170585,
2025-08-14,1.170585,1.17153,1.16311,1.16485,
2025-08-15,1.16485,1.171545,1.16463,1.170365,
2025-08-18,1.170365,1.171645,1.165605,1.16587,
2025-08-19,1.16587,1.1693,1.16392,1.16471,
2025-08-20,1.16471,1.167375,1.162195,1.16525,
2025-08-21,1.16525,1.166285,1.160115,1.16053,
2025-08-22,1.16053,1.174275,1.158305,1.17187,
2025-08-25,1.17187,1.17284,1.160285,1.161855,
2025-08-26,1.161855,1.166545,1.160215,1.164285,
2025-08-27,1.164285,1.164835,1.1574,1.1638,
2025-08-28,1.1638,1.16974,1.1629,1.16828,
2025-08-29,1.16828,1.170885,1.1651,1.16874,
2025-09-01,1.16874,1.173645,1.168675,1.17104,
2025-09-02,1.17104,1.17184,1.161295,1.16406,
2025-09-03,1.16406,1.168215,1.160825,1.16614,
2025-09-04,1.16614,1.166945,1.16302,1.164825,
2025-09-05,1.164825,1.175965,1.164775,1.17174,
2025-09-08,1.17174,1.17656,1.170385,1.17629,
2025-09-09,1.17629,1.17801,1.170375,1.170785,
2025-09-10,1.170785,1.17307,1.168275,1.16945,
2025-09-11,1.16945,1.17462,1.16608,1.173255,
2025-09-12,1.173255,1.174775,1.170135,1.173449,
2025-09-15,1.17345,1.17746,1.17163,1.176155,
2025-09-16,1.176155,1.187845,1.175745,1.186625,
2025-09-17,1.186625,1.19188,1.180795,1.18132,
2025-09-18,1.18132,1.184835,1.175025,1.17876,
2025-09-19,1.17876,1.17926,1.17289,1.17472,
2025-09-22,1.17472,1.18039,1.172615,1.180305,
2025-09-23,1.180305,1.182005,1.17795,1.1815,
2025-09-24,1.1815,1.181935,1.17282,1.173795,
2025-09-25,1.173795,1.1754,1.16455,1.16662,
2025-09-26,1.16662,1.17075,1.16581,1.17025,
2025-09-29,1.17025,1.175465,1.170165,1.172655,
2025-09-30,1.172655,1.176165,1.171225,1.173365,
2025-10-01,1.173365,1.177875,1.171555,1.17305,
2025-10-02,1.17305,1.17586,1.16832,1.171555,
2025-10-03,1.171555,1.175935,1.171375,1.1742,
2025-10-06,1.1742,1.1742,1.165185,1.171015,
2025-10-07,1.171015,1.171495,1.16477,1.165695,
2025-10-08,1.165695,1.166125,1.15984,1.162975,
2025-10-09,1.162975,1.164845,1.15421,1.15645,
2025-10-10,1.15645,1.16309,1.155705,1.16245,
2025-10-13,1.16245,1.162995,1.155765,1.15701,
2025-10-14,1.15701,1.1615,1.15423,1.16077,
2025-10-15,1.16077,1.16478,1.160175,1.16474,
2025-10-16,1.16474,1.169435,1.164285,1.16874,
2025-10-17,1.16874,1.172855,1.165065,1.16535,
2025-10-20,1.16535,1.16756,1.16385,1.1642,
2025-10-21,1.1642,1.16553,1.159775,1.159915,
2025-10-22,1.159915,1.16226,1.157705,1.16119,
2025-10-23,1.16119,1.16202,1.158535,1.16177,
2025-10-24,1.16177,1.165055,1.16009,1.16282,
2025-10-27,1.16282,1.16521,1.16177,1.164565,
2025-10-28,1.164565,1.166875,1.162565,1.165075,
2025-10-29,1.165075,1.166595,1.15777,1.16011,
2025-10-30,1.16011,1.163745,1.15471,1.15643,
2025-10-31,1.15643,1.15777,1.15215,1.15374,
2025-11-03,1.15374,1.154145,1.150515,1.152085,
2025-11-04,1.152085,1.153375,1.1473,1.14854,
2025-11-05,1.14854,1.14982,1.146865,1.149235,
2025-11-06,1.149235,1.155245,1.149005,1.154715,
2025-11-07,1.154715,1.159115,1.152965,1.15664,
2025-11-10,1.15664,1.15831,1.154115,1.15561,
2025-11-11,1.15561,1.16059,1.15472,1.158235,
2025-11-12,1.158235,1.15979,1.1563,1.15922,
2025-11-13,1.15922,1.1656,1.15791,1.16338,
2025-11-14,1.16338,1.165375,1.160625,1.16217,
2025-11-17,1.16217,1.16247,1.158185,1.159115,
2025-11-18,1.159115,1.160785,1.157155,1.1581,
2025-11-19,1.1581,1.15974,1.1518,1.153689,
2025-11-20,1.153689,1.155004,1.150159,1.15285,
2025-11-21,1.15285,1.155255,1.149109,1.151514,
2025-11-24,1.151514,1.155065,1.15019,1.15209,
2025-11-25,1.15209,1.15859,1.15117,1.15702,
2025-11-26,1.15702,1.160094,1.15472,1.159535,
2025-11-27,1.159535,1.161349,1.15766,1.15959,
2025-11-28,1.15959,1.16076,1.155545,1.159954,
2025-12-01,1.159954,1.165209,1.15895,1.160995,
2025-12-02,1.160995,1.162605,1.159125,1.16234,
2025-12-03,1.16234,1.167795,1.1621,1.167015,
2025-12-04,1.167015,1.16821,1.164105,1.164425,
2025-12-05,1.164425,1.167195,1.1628,1.16409,
2025-12-08,1.16409,1.1672,1.16164,1.1637,
2025-12-09,1.1637,1.165725,1.161515,1.16284,
2025-12-10,1.16284,1.16998,1.16219,1.16952,
2025-12-11,1.16952,1.17628,1.168225,1.17395,
2025-12-12,1.17395,1.17499,1.171955,1.17405,
2025-12-15,1.17405,1.176895,1.17265,1.175315,
2025-12-16,1.175315,1.18043,1.173465,1.174685,
2025-12-17,1.174685,1.17583,1.170315,1.17407,
2025-12-18,1.17407,1.176305,1.171215,1.1722,
2025-12-19,1.1722,1.1738,1.170255,1.171074,
2025-12-22,1.171075,1.17695,1.17062,1.17601,
2025-12-23,1.17601,1.18021,1.17567,1.179465,
2025-12-24,1.179465,1.180805,1.177265,1.17792,
2025-12-26,1.17792,1.179685,1.176145,1.17721,
2025-12-29,1.17721,1.17892,1.174945,1.17727,
2025-12-30,1.17727,1.17799,1.174335,1.174805,
2025-12-31,1.174805,1.175945,1.172,1.17458,
2026-01-02,1.17458,1.176499,1.17132,1.17208,
2026-01-05,1.17208,1.172895,1.165915,1.172154,
2026-01-06,1.172154,1.1743,1.168394,1.168895,
2026-01-07,1.168895,1.17027,1.16729,1.167435,
2026-01-08,1.167435,1.16831,1.164264,1.165965,
2026-01-09,1.165965,1.16622,1.16181,1.163385,
2026-01-12,1.163385,1.16985,1.16217,1.166715,
2026-01-13,1.166715,1.167765,1.16342,1.164259,
2026-01-14,1.164259,1.166175,1.163535,1.164445,
2026-01-15,1.164445,1.16471,1.1593,1.160834,
2026-01-16,1.160834,1.162745,1.158434,1.159789,
2026-01-19,1.159789,1.16489,1.157815,1.164569,
2026-01-20,1.164569,1.176885,1.163244,1.17246,
2026-01-21,1.17246,1.17431,1.16763,1.168335,
2026-01-22,1.168335,1.175655,1.166985,1.175414,
2026-01-23,1.175414,1.18337,1.17283,1.18302,
2026-01-26,1.18302,1.19072,1.18302,1.18805,
2026-01-27,1.18805,1.208265,1.185039,1.204195,
2026-01-28,1.204195,1.204659,1.189579,1.195435,
2026-01-29,1.195435,1.19967,1.190615,1.197085,
2026-01-30,1.197085,1.19747,1.184969,1.184969,
2026-02-02,1.184969,1.187479,1.177595,1.17908,
2026-02-03,1.17908,1.182904,1.17801,1.18201,
2026-02-04,1.18201,1.183805,1.179065,1.180725,
2026-02-05,1.180725,1.18219,1.1775,1.177735,
2026-02-06,1.177735,1.18262,1.17657,1.18156,
2026-02-09,1.18156,1.192665,1.180975,1.19138,
2026-02-10,1.19138,1.19287,1.18866,1.18952,
2026-02-11,1.18952,1.192725,1.183315,1.187185,
2026-02-12,1.187185,1.189,1.18525,1.187065,
2026-02-13,1.187065,1.18848,1.184715,1.18687,
2026-02-16,1.18687,1.18776,1.184635,1.18505,
2026-02-17,1.18505,1.185555,1.1805,1.185435,
2026-02-18,1.185435,1.185755,1.17821,1.17832,
2026-02-19,1.17832,1.180769,1.174205,1.17717,
2026-02-20,1.17717,1.180755,1.174345,1.178205,
2026-02-23,1.178205,1.183475,1.177455,1.178535,
2026-02-24,1.178535,1.17964,1.176605,1.17743,
2026-02-25,1.17743,1.18144,1.177109,1.181025,
2026-02-26,1.181025,1.182899,1.177395,1.179735,
2026-02-27,1.179735,1.18269,1.178895,1.1818,
2026-03-02,1.1818,1.1818,1.167185,1.168925,
2026-03-03,1.168925,1.170695,1.15303,1.161245,
2026-03-04,1.161245,1.165475,1.15748,1.16326,
2026-03-05,1.16326,1.164745,1.15589,1.1609,
2026-03-06,1.1609,1.16215,1.1546,1.16183,
2026-03-09,1.16183,1.16378,1.150725,1.16358,
2026-03-10,1.16358,1.16674,1.160615,1.16111,
2026-03-11,1.16111,1.16455,1.156085,1.1567,
2026-03-12,1.1567,1.15753,1.151005,1.15119,
2026-03-13,1.15119,1.15297,1.141095,1.14167,
2026-03-16,1.14167,1.152495,1.14143,1.1505,
2026-03-17,1.1505,1.15473,1.14661,1.15399,
2026-03-18,1.15399,1.15554,1.145005,1.145205,
2026-03-19,1.145205,1.16162,1.1443,1.15886,
2026-03-20,1.15886,1.159505,1.152465,1.15722,
2026-03-23,1.15722,1.163985,1.14845,1.16138,
2026-03-24,1.16138,1.162835,1.155715,1.160775,
2026-03-25,1.160775,1.163085,1.155515,1.15588,
2026-03-26,1.15588,1.15725,1.15195,1.15269,
2026-03-27,1.15269,1.154785,1.150175,1.15076,
2026-03-30,1.15076,1.152135,1.144315,1.14654,
2026-03-31,1.14654,1.15636,1.144725,1.155315,
2026-04-01,1.155315,1.162715,1.155025,1.158905,
2026-04-02,1.158905,1.160575,1.15091,1.153785,
2026-04-03,1.153785,1.154915,1.151405,1.151549,
2026-04-06,1.151549,1.157165,1.150515,1.15411,
2026-04-07,1.15411,1.160495,1.152429,1.159379,
2026-04-08,1.159379,1.172185,1.158855,1.166294,
2026-04-09,1.166294,1.172345,1.16505,1.17001,
2026-04-10,1.17001,1.17397,1.16774,1.17245,
2026-04-13,1.17245,1.176575,1.16641,1.175895,
2026-04-14,1.175895,1.181125,1.175445,1.17959,
2026-04-15,1.17959,1.18082,1.177205,1.179885,
2026-04-16,1.179885,1.1824,1.1767,1.17804,
2026-04-17,1.17804,1.184925,1.17605,1.17646,
2026-04-20,1.17646,1.179045,1.172895,1.17884,
2026-04-21,1.17884,1.17911,1.1719,1.174315,
2026-04-22,1.174315,1.176265,1.17031,1.1705,
2026-04-23,1.1705,1.171655,1.166915,1.168295,
2026-04-24,1.168295,1.172325,1.1673,1.1722,
2026-04-27,1.1722,1.1755,1.16935,1.17208,
2026-04-28,1.17208,1.172715,1.16774,1.17121,
2026-04-29,1.17121,1.17207,1.16613,1.16782,
2026-04-30,1.16782,1.17418,1.165505,1.1731,
2026-05-01,1.1731,1.17852,1.17155,1.17207,
2026-05-04,1.17207,1.175004,1.1681,1.16912,
2026-05-05,1.16912,1.171365,1.167665,1.1693,
2026-05-06,1.1693,1.17967,1.16919,1.174795,
2026-05-07,1.174795,1.177845,1.172305,1.172575,
2026-05-08,1.172575,1.178805,1.172315,1.17857,
2026-05-11,1.17857,1.178795,1.17465,1.178345,
2026-05-12,1.178345,1.17879,1.172175,1.17383,
2026-05-13,1.17383,1.174185,1.169535,1.1711,
2026-05-14,1.1711,1.17215,1.16658,1.16692,
2026-05-15,1.16692,1.167385,1.161695,1.1625,
2026-05-18,1.1625,1.16609,1.16085,1.1657,
2026-05-19,1.1657,1.166175,1.159209,1.16056,
2026-05-20,1.16056,1.164535,1.158275,1.16231,
2026-05-21,1.16231,1.163549,1.157635,1.161745,
2026-05-22,1.161745,1.162255,1.158834,1.160329,
2026-05-25,1.160329,1.16529,1.160329,1.164359,
2026-05-26,1.164359,1.164529,1.16164,1.16317,
2026-05-27,1.16317,1.16613,1.162224,1.162585,
2026-05-28,1.162585,1.16611,1.158625,1.165115,
2026-05-29,1.165115,1.168585,1.162495,1.16593,
2026-06-01,1.16593,1.166494,1.160685,1.16316,
2026-06-02,1.16316,1.16557,1.16136,1.163185,
2026-06-03,1.163185,1.16336,1.15949,1.159775,
2026-06-04,1.159775,1.16453,1.159455,1.16117,
2026-06-05,1.16117,1.16445,1.151805,1.15218,
2026-06-08,1.15218,1.155475,1.14998,1.15347,
2026-06-09,1.15347,1.15783,1.15272,1.154255,
2026-06-10,1.154255,1.157325,1.153315,1.153545,
2026-06-11,1.153545,1.15899,1.150295,1.157815,
2026-06-12,1.157815,1.15896,1.15571,1.15677,
2026-06-15,1.15677,1.16221,1.15677,1.158885,
2026-06-16,1.158885,1.161975,1.157485,1.16084,
2026-06-17,1.16084,1.161675,1.14781,1.15008,
2026-06-18,1.15008,1.152845,1.145114,1.14573,
2026-06-19,1.14573,1.14808,1.141785,1.1474,
2026-06-22,1.1474,1.1474,1.14191,1.14288,
2026-06-23,1.14288,1.143915,1.137575,1.13815,
2026-06-24,1.13815,1.13844,1.132455,1.136015,
2026-06-25,1.136015,1.13882,1.133335,1.136985,
2026-06-26,1.136985,1.143405,1.135435,1.13838,
2026-06-29,1.13838,1.143085,1.138105,1.14219,
2026-06-30,1.14219,1.14367,1.13826,1.142205,
2026-07-01,1.142205,1.142335,1.13618,1.13771,
2026-07-02,1.13771,1.147285,1.137505,1.1431,
2026-07-03,1.1431,1.146245,1.14207,1.14367,
2026-07-06,1.14367,1.14451,1.140845,1.144155,
2026-07-07,1.144155,1.1448,1.14083,1.14123,
2026-07-08,1.14123,1.14317,1.139125,1.14171,
2026-07-09,1.14171,1.14494,1.1416,1.14299,
2026-07-10,1.14299,1.1461,1.14115,1.1414,
2026-07-13,1.1414,1.144595,1.137755,1.13818,
2026-07-14,1.13818,1.14625,1.137825,1.14191,
2026-07-15,1.14191,1.14827,1.140605,1.146345,
2026-07-16,1.146345,1.14764,1.1431,1.144335,
2026-07-17,1.144335,1.145225,1.14245,1.143895,
2026-07-20,1.143895,1.144965,1.140245,1.14145,
2026-07-21,1.14145,1.14288,1.139735,1.139859,
2026-07-22,1.139855,1.14217,1.139655,1.1412,