time,open,high,low,close,Volume
2017-03-12T14:00:00-07:00,1.06752,1.06918,1.06748,1.06817,
2017-03-12T18:00:00-07:00,1.06817,1.06998,1.06796,1.06981,
2017-03-12T22:00:00-07:00,1.06981,1.07135,1.06705,1.06735,
2017-03-13T02:00:00-07:00,1.06735,1.06781,1.06579,1.06583,
2017-03-13T06:00:00-07:00,1.06583,1.06784,1.06548,1.06618,
2017-03-13T10:00:00-07:00,1.06618,1.06652,1.06513,1.06516,
2017-03-13T14:00:00-07:00,1.06516,1.06574,1.06441,1.06554,
2017-03-13T18:00:00-07:00,1.06554,1.0658,1.06494,1.06529,
2017-03-13T22:00:00-07:00,1.06529,1.06618,1.06321,1.06465,
2017-03-14T02:00:00-07:00,1.06465,1.06487,1.06251,1.06282,
2017-03-14T06:00:00-07:00,1.06282,1.06459,1.0625,1.06359,
2017-03-14T10:00:00-07:00,1.06359,1.0636,1.05993,1.06027,
2017-03-14T14:00:00-07:00,1.06027,1.06141,1.06022,1.06116,
2017-03-14T18:00:00-07:00,1.06116,1.06181,1.06112,1.0614,
2017-03-14T22:00:00-07:00,1.0614,1.06385,1.06126,1.06314,
2017-03-15T02:00:00-07:00,1.06314,1.06361,1.06171,1.06194,
2017-03-15T06:00:00-07:00,1.06194,1.06438,1.06065,1.06416,
2017-03-15T10:00:00-07:00,1.06416,1.07392,1.06202,1.07329,
2017-03-15T14:00:00-07:00,1.07329,1.07454,1.07216,1.07347,
2017-03-15T18:00:00-07:00,1.07347,1.07352,1.07186,1.07225,
2017-03-15T22:00:00-07:00,1.07225,1.07399,1.07049,1.07087,
2017-03-16T02:00:00-07:00,1.07087,1.07347,1.07055,1.07321,
2017-03-16T06:00:00-07:00,1.07321,1.07423,1.07199,1.07369,
2017-03-16T10:00:00-07:00,1.07369,1.07694,1.07067,1.07646,
2017-03-16T14:00:00-07:00,1.07646,1.07735,1.07612,1.0766,
2017-03-16T18:00:00-07:00,1.0766,1.07737,1.07639,1.07704,
2017-03-16T22:00:00-07:00,1.07704,1.07817,1.07527,1.07692,
2017-03-17T02:00:00-07:00,1.07692,1.0779,1.07267,1.0735,
2017-03-17T06:00:00-07:00,1.0735,1.07554,1.07303,1.07395,
2017-03-17T10:00:00-07:00,1.07395,1.07545,1.07324,1.07367,
2017-03-19T14:00:00-07:00,1.07373,1.07527,1.07307,1.07499,
2017-03-19T18:00:00-07:00,1.07499,1.07639,1.07488,1.07626,
2017-03-19T22:00:00-07:00,1.07626,1.07766,1.07563,1.07632,
2017-03-20T02:00:00-07:00,1.07632,1.07656,1.07429,1.07504,
2017-03-20T06:00:00-07:00,1.07504,1.07589,1.07339,1.07364,
2017-03-20T10:00:00-07:00,1.07364,1.07467,1.07242,1.07383,
2017-03-20T14:00:00-07:00,1.07383,1.07661,1.07183,1.07591,
2017-03-20T18:00:00-07:00,1.07591,1.07689,1.07517,1.07551,
2017-03-20T22:00:00-07:00,1.07551,1.08011,1.07537,1.07942,
2017-03-21T02:00:00-07:00,1.07942,1.08113,1.07881,1.07952,
2017-03-21T06:00:00-07:00,1.07952,1.08184,1.07927,1.08146,
2017-03-21T10:00:00-07:00,1.08146,1.08175,1.07947,1.08091,
2017-03-21T14:00:00-07:00,1.08091,1.08168,1.07984,1.07987,
2017-03-21T18:00:00-07:00,1.07987,1.08017,1.07878,1.08005,
2017-03-21T22:00:00-07:00,1.08005,1.08178,1.07833,1.07862,
2017-03-22T02:00:00-07:00,1.07862,1.08021,1.07751,1.08021,
2017-03-22T06:00:00-07:00,1.08021,1.0824,1.07925,1.08051,
2017-03-22T10:00:00-07:00,1.08051,1.08155,1.07892,1.07956,
2017-03-22T14:00:00-07:00,1.07956,1.07969,1.07843,1.07851,
2017-03-22T18:00:00-07:00,1.07851,1.07932,1.07807,1.07917,
2017-03-22T22:00:00-07:00,1.07917,1.08041,1.07692,1.07737,
2017-03-23T02:00:00-07:00,1.07737,1.07941,1.07673,1.07861,
2017-03-23T06:00:00-07:00,1.07861,1.0793,1.07731,1.0787,
2017-03-23T10:00:00-07:00,1.0787,1.079,1.07755,1.07812,
2017-03-23T14:00:00-07:00,1.07812,1.0785,1.07621,1.07658,
2017-03-23T18:00:00-07:00,1.07658,1.07709,1.07594,1.07632,
2017-03-23T22:00:00-07:00,1.07632,1.08063,1.07602,1.07982,
2017-03-24T02:00:00-07:00,1.07982,1.08117,1.07919,1.08052,
2017-03-24T06:00:00-07:00,1.08052,1.08146,1.07899,1.08064,
2017-03-24T10:00:00-07:00,1.08064,1.08171,1.079,1.07973,
2017-03-26T14:00:00-07:00,1.07973,1.08485,1.07973,1.08449,
2017-03-26T18:00:00-07:00,1.08449,1.08489,1.08387,1.0843,
2017-03-26T22:00:00-07:00,1.0843,1.08725,1.08426,1.08585,
2017-03-27T02:00:00-07:00,1.08585,1.08956,1.08527,1.08933,
2017-03-27T06:00:00-07:00,1.08933,1.09054,1.08614,1.0863,
2017-03-27T10:00:00-07:00,1.0863,1.08721,1.08605,1.08634,
2017-03-27T14:00:00-07:00,1.08634,1.08677,1.08544,1.08556,
2017-03-27T18:00:00-07:00,1.08556,1.08673,1.08546,1.0865,
2017-03-27T22:00:00-07:00,1.0865,1.08718,1.08447,1.08582,
2017-03-28T02:00:00-07:00,1.08582,1.08665,1.08482,1.08582,
2017-03-28T06:00:00-07:00,1.08582,1.08713,1.0829,1.08326,
2017-03-28T10:00:00-07:00,1.08326,1.08383,1.07983,1.08116,
2017-03-28T14:00:00-07:00,1.08116,1.08228,1.08074,1.08166,
2017-03-28T18:00:00-07:00,1.08166,1.08256,1.0811,1.08141,
2017-03-28T22:00:00-07:00,1.08141,1.08141,1.07766,1.07873,
2017-03-29T02:00:00-07:00,1.07873,1.07936,1.0739,1.07628,
2017-03-29T06:00:00-07:00,1.07628,1.07629,1.07433,1.07506,
2017-03-29T10:00:00-07:00,1.07506,1.07725,1.07484,1.07639,
2017-03-29T14:00:00-07:00,1.07639,1.07686,1.07493,1.07506,
2017-03-29T18:00:00-07:00,1.07506,1.07566,1.07408,1.07526,
2017-03-29T22:00:00-07:00,1.07526,1.07671,1.07301,1.07322,
2017-03-30T02:00:00-07:00,1.07322,1.07463,1.07201,1.07206,
2017-03-30T06:00:00-07:00,1.07206,1.07525,1.07015,1.0703,
2017-03-30T10:00:00-07:00,1.0703,1.0703,1.0671,1.06738,
2017-03-30T14:00:00-07:00,1.06738,1.06879,1.06719,1.06811,
2017-03-30T18:00:00-07:00,1.06811,1.0684,1.06722,1.06744,
2017-03-30T22:00:00-07:00,1.06744,1.06965,1.06722,1.06938,
2017-03-31T02:00:00-07:00,1.06938,1.06944,1.06693,1.06772,
2017-03-31T06:00:00-07:00,1.06772,1.07009,1.06709,1.06965,
2017-03-31T10:00:00-07:00,1.06965,1.0697,1.06493,1.06515,
2017-04-02T14:00:00-07:00,1.06595,1.06778,1.06577,1.06722,
2017-04-02T18:00:00-07:00,1.06722,1.06803,1.06718,1.06787,
2017-04-02T22:00:00-07:00,1.06787,1.06801,1.06584,1.0671,
2017-04-03T02:00:00-07:00,1.0671,1.06723,1.06491,1.06616,
2017-04-03T06:00:00-07:00,1.06616,1.06789,1.06414,1.06603,
2017-04-03T10:00:00-07:00,1.06603,1.06753,1.06588,1.06683,
2017-04-03T14:00:00-07:00,1.06683,1.06727,1.06647,1.06685,
2017-04-03T18:00:00-07:00,1.06685,1.0671,1.06622,1.067,
2017-04-03T22:00:00-07:00,1.067,1.06737,1.06437,1.066,
2017-04-04T02:00:00-07:00,1.066,1.06621,1.06349,1.06543,
2017-04-04T06:00:00-07:00,1.06543,1.06675,1.06458,1.06598,
2017-04-04T10:00:00-07:00,1.06598,1.06762,1.06474,1.06711,
2017-04-04T14:00:00-07:00,1.06711,1.06844,1.06672,1.06789,
2017-04-04T18:00:00-07:00,1.06789,1.06811,1.06709,1.06731,
2017-04-04T22:00:00-07:00,1.06731,1.06882,1.06671,1.06731,
2017-04-05T02:00:00-07:00,1.06731,1.0685,1.06535,1.06652,
2017-04-05T06:00:00-07:00,1.06652,1.06732,1.06442,1.0646,
2017-04-05T10:00:00-07:00,1.0646,1.06808,1.06342,1.06622,
2017-04-05T14:00:00-07:00,1.06622,1.06833,1.06606,1.06757,
2017-04-05T18:00:00-07:00,1.06757,1.06796,1.06697,1.06738,
2017-04-05T22:00:00-07:00,1.06738,1.06797,1.06282,1.06573,
2017-04-06T02:00:00-07:00,1.06573,1.06747,1.06528,1.06596,
2017-04-06T06:00:00-07:00,1.06596,1.06643,1.06449,1.06488,
2017-04-06T10:00:00-07:00,1.06488,1.06557,1.06373,1.0643,
2017-04-06T14:00:00-07:00,1.0643,1.06469,1.06397,1.06432,
2017-04-06T18:00:00-07:00,1.06432,1.06595,1.06372,1.06468,
2017-04-06T22:00:00-07:00,1.06468,1.06532,1.06285,1.06314,
2017-04-07T02:00:00-07:00,1.06314,1.06655,1.06097,1.06192,
2017-04-07T06:00:00-07:00,1.06192,1.0633,1.05938,1.05977,
2017-04-07T10:00:00-07:00,1.05977,1.06017,1.05798,1.05814,
2017-04-09T14:00:00-07:00,1.05813,1.05877,1.05725,1.05763,
2017-04-09T18:00:00-07:00,1.05763,1.0586,1.05694,1.05847,
2017-04-09T22:00:00-07:00,1.05847,1.05933,1.05766,1.05856,
2017-04-10T02:00:00-07:00,1.05856,1.0588,1.0569,1.05746,
2017-04-10T06:00:00-07:00,1.05746,1.06059,1.05746,1.05993,
2017-04-10T10:00:00-07:00,1.05993,1.06048,1.05861,1.05941,
2017-04-10T14:00:00-07:00,1.05941,1.0601,1.05893,1.05907,
2017-04-10T18:00:00-07:00,1.05907,1.05913,1.05801,1.05874,
2017-04-10T22:00:00-07:00,1.05874,1.06042,1.05778,1.06002,
2017-04-11T02:00:00-07:00,1.06002,1.06192,1.05984,1.06114,
2017-04-11T06:00:00-07:00,1.06114,1.06293,1.06045,1.0609,
2017-04-11T10:00:00-07:00,1.0609,1.061,1.05993,1.06036,
2017-04-11T14:00:00-07:00,1.06036,1.06107,1.06011,1.06076,
2017-04-11T18:00:00-07:00,1.06076,1.06143,1.05942,1.06032,
2017-04-11T22:00:00-07:00,1.06032,1.06213,1.06018,1.06181,
2017-04-12T02:00:00-07:00,1.06181,1.06232,1.05964,1.05996,
2017-04-12T06:00:00-07:00,1.05996,1.06211,1.05993,1.06015,
2017-04-12T10:00:00-07:00,1.06015,1.06741,1.0588,1.06618,
2017-04-12T14:00:00-07:00,1.06618,1.06726,1.06592,1.06648,
2017-04-12T18:00:00-07:00,1.06648,1.06763,1.06591,1.06722,
2017-04-12T22:00:00-07:00,1.06722,1.06769,1.06376,1.06415,
2017-04-13T02:00:00-07:00,1.06415,1.06467,1.06218,1.0627,
2017-04-13T06:00:00-07:00,1.0627,1.0635,1.06083,1.06208,
2017-04-13T10:00:00-07:00,1.06208,1.06258,1.06107,1.0611,
2017-04-13T14:00:00-07:00,1.0611,1.06204,1.06087,1.06128,
2017-04-13T18:00:00-07:00,1.06128,1.06235,1.0609,1.06147,
2017-04-13T22:00:00-07:00,1.06147,1.06261,1.06048,1.0622,
2017-04-14T02:00:00-07:00,1.0622,1.06286,1.06077,1.06284,
2017-04-14T06:00:00-07:00,1.06284,1.06287,1.06139,1.06165,
2017-04-14T10:00:00-07:00,1.06165,1.06201,1.06076,1.06097,
2017-04-16T14:00:00-07:00,1.06117,1.06217,1.06017,1.06195,
2017-04-16T18:00:00-07:00,1.06195,1.06253,1.06154,1.0618,
2017-04-16T22:00:00-07:00,1.0618,1.06505,1.06143,1.06247,
2017-04-17T02:00:00-07:00,1.06247,1.06479,1.06179,1.06446,
2017-04-17T06:00:00-07:00,1.06446,1.06698,1.0642,1.0653,
2017-04-17T10:00:00-07:00,1.0653,1.06565,1.06346,1.06412,
2017-04-17T14:00:00-07:00,1.06412,1.06508,1.06362,1.06428,
2017-04-17T18:00:00-07:00,1.06428,1.0652,1.06406,1.06426,
2017-04-17T22:00:00-07:00,1.06426,1.06551,1.06404,1.06499,
2017-04-18T02:00:00-07:00,1.06499,1.06991,1.0647,1.0696,
2017-04-18T06:00:00-07:00,1.0696,1.07077,1.06823,1.07068,
2017-04-18T10:00:00-07:00,1.07068,1.07351,1.07013,1.0729,
2017-04-18T14:00:00-07:00,1.0729,1.07345,1.07245,1.07249,
2017-04-18T18:00:00-07:00,1.07249,1.07273,1.07161,1.07182,
2017-04-18T22:00:00-07:00,1.07182,1.0736,1.07119,1.07145,
2017-04-19T02:00:00-07:00,1.07145,1.0729,1.07073,1.07191,
2017-04-19T06:00:00-07:00,1.07191,1.07222,1.06993,1.07094,
2017-04-19T10:00:00-07:00,1.07094,1.0722,1.07067,1.07086,
2017-04-19T14:00:00-07:00,1.07086,1.0718,1.07075,1.07156,
2017-04-19T18:00:00-07:00,1.07156,1.07268,1.07086,1.07264,
2017-04-19T22:00:00-07:00,1.07264,1.07751,1.07202,1.07694,
2017-04-20T02:00:00-07:00,1.07694,1.07766,1.074,1.07496,
2017-04-20T06:00:00-07:00,1.07496,1.0776,1.07418,1.07447,
2017-04-20T10:00:00-07:00,1.07447,1.07467,1.07138,1.07158,
2017-04-20T14:00:00-07:00,1.07158,1.072,1.07061,1.07168,
2017-04-20T18:00:00-07:00,1.07168,1.07192,1.07124,1.07155,
2017-04-20T22:00:00-07:00,1.07155,1.07372,1.07093,1.07178,
2017-04-21T02:00:00-07:00,1.07178,1.0719,1.06872,1.07001,
2017-04-21T06:00:00-07:00,1.07001,1.071,1.06814,1.06916,
2017-04-21T10:00:00-07:00,1.06916,1.073,1.06864,1.07231,
2017-04-23T14:00:00-07:00,1.09172,1.09174,1.08368,1.08495,
2017-04-23T18:00:00-07:00,1.08495,1.08596,1.08199,1.08577,
2017-04-23T22:00:00-07:00,1.08577,1.08768,1.08312,1.08574,
2017-04-24T02:00:00-07:00,1.08574,1.08766,1.08403,1.08566,
2017-04-24T06:00:00-07:00,1.08566,1.08728,1.08344,1.08406,
2017-04-24T10:00:00-07:00,1.08406,1.08693,1.08403,1.08656,
2017-04-24T14:00:00-07:00,1.08656,1.08696,1.08615,1.08616,
2017-04-24T18:00:00-07:00,1.08616,1.08648,1.08505,1.08624,
2017-04-24T22:00:00-07:00,1.08624,1.08935,1.08622,1.08915,
2017-04-25T02:00:00-07:00,1.08915,1.0898,1.08699,1.08881,
2017-04-25T06:00:00-07:00,1.08881,1.09492,1.08786,1.09485,
2017-04-25T10:00:00-07:00,1.09485,1.09493,1.09232,1.09234,
2017-04-25T14:00:00-07:00,1.09234,1.09442,1.09225,1.0937,
2017-04-25T18:00:00-07:00,1.0937,1.09467,1.093,1.09395,
2017-04-25T22:00:00-07:00,1.09395,1.095,1.08947,1.09018,
2017-04-26T02:00:00-07:00,1.09018,1.09067,1.08803,1.08862,
2017-04-26T06:00:00-07:00,1.08862,1.08943,1.08551,1.08746,
2017-04-26T10:00:00-07:00,1.08746,1.09117,1.08607,1.0902,
2017-04-26T14:00:00-07:00,1.0902,1.09149,1.08975,1.09058,
2017-04-26T18:00:00-07:00,1.09058,1.09202,1.09024,1.09044,
2017-04-26T22:00:00-07:00,1.09044,1.09195,1.08953,1.09068,
2017-04-27T02:00:00-07:00,1.09068,1.09321,1.0879,1.08951,
2017-04-27T06:00:00-07:00,1.08951,1.08956,1.0851,1.08747,
2017-04-27T10:00:00-07:00,1.08747,1.08868,1.0869,1.08701,
2017-04-27T14:00:00-07:00,1.08701,1.08748,1.08597,1.08599,
2017-04-27T18:00:00-07:00,1.08599,1.08713,1.08565,1.08636,
2017-04-27T22:00:00-07:00,1.08636,1.09011,1.08562,1.09011,
2017-04-28T02:00:00-07:00,1.09011,1.09465,1.09011,1.09112,
2017-04-28T06:00:00-07:00,1.09112,1.09208,1.08827,1.08999,
2017-04-28T10:00:00-07:00,1.08999,1.09052,1.08885,1.08919,
2017-04-30T14:00:00-07:00,1.08932,1.09104,1.08897,1.08984,
2017-04-30T18:00:00-07:00,1.08984,1.08999,1.08883,1.08899,
2017-04-30T22:00:00-07:00,1.08899,1.08984,1.08832,1.08977,
2017-05-01T02:00:00-07:00,1.08977,1.09213,1.08945,1.09161,
2017-05-01T06:00:00-07:00,1.09161,1.09231,1.09006,1.09031,
2017-05-01T10:00:00-07:00,1.09031,1.09073,1.08956,1.08964,
2017-05-01T14:00:00-07:00,1.08964,1.09121,1.08958,1.09062,
2017-05-01T18:00:00-07:00,1.09062,1.09167,1.09042,1.09118,
2017-05-01T22:00:00-07:00,1.09118,1.09243,1.0904,1.09143,
2017-05-02T02:00:00-07:00,1.09143,1.09206,1.09034,1.09069,
2017-05-02T06:00:00-07:00,1.09069,1.09166,1.0887,1.09053,
2017-05-02T10:00:00-07:00,1.09053,1.09323,1.09028,1.0928,
2017-05-02T14:00:00-07:00,1.0928,1.0936,1.09245,1.09324,
2017-05-02T18:00:00-07:00,1.09324,1.09362,1.09283,1.09334,
2017-05-02T22:00:00-07:00,1.09334,1.09344,1.09073,1.09114,
2017-05-03T02:00:00-07:00,1.09114,1.09218,1.09056,1.09144,
2017-05-03T06:00:00-07:00,1.09144,1.09225,1.0903,1.09164,
2017-05-03T10:00:00-07:00,1.09164,1.0926,1.08819,1.08831,
2017-05-03T14:00:00-07:00,1.08831,1.0894,1.08806,1.08859,
2017-05-03T18:00:00-07:00,1.08859,1.08962,1.08839,1.08953,
2017-05-03T22:00:00-07:00,1.08953,1.09239,1.08741,1.09177,
2017-05-04T02:00:00-07:00,1.09177,1.09403,1.09167,1.09337,
2017-05-04T06:00:00-07:00,1.09337,1.09783,1.09242,1.09726,
2017-05-04T10:00:00-07:00,1.09726,1.09863,1.09653,1.09836,
2017-05-04T14:00:00-07:00,1.09836,1.09836,1.09746,1.09787,
2017-05-04T18:00:00-07:00,1.09787,1.0989,1.09721,1.09827,
2017-05-04T22:00:00-07:00,1.09827,1.09871,1.09558,1.09576,
2017-05-05T02:00:00-07:00,1.09576,1.09907,1.09438,1.09781,
2017-05-05T06:00:00-07:00,1.09781,1.09983,1.09648,1.09895,
2017-05-05T10:00:00-07:00,1.09895,1.0999,1.0983,1.09978,
2017-05-07T14:00:00-07:00,1.10166,1.10204,1.09561,1.09661,
2017-05-07T18:00:00-07:00,1.09661,1.09817,1.09605,1.09716,
2017-05-07T22:00:00-07:00,1.09716,1.09958,1.09504,1.09554,
2017-05-08T02:00:00-07:00,1.09554,1.09566,1.09304,1.09462,
2017-05-08T06:00:00-07:00,1.09462,1.09522,1.09155,1.09314,
2017-05-08T10:00:00-07:00,1.09314,1.09361,1.09204,1.09222,
2017-05-08T14:00:00-07:00,1.09222,1.09317,1.09177,1.09242,
2017-05-08T18:00:00-07:00,1.09242,1.09327,1.09191,1.09296,
2017-05-08T22:00:00-07:00,1.09296,1.0931,1.09016,1.09055,
2017-05-09T02:00:00-07:00,1.09055,1.09084,1.08732,1.08833,
2017-05-09T06:00:00-07:00,1.08833,1.0906,1.08709,1.08949,
2017-05-09T10:00:00-07:00,1.08949,1.0896,1.08627,1.08716,
2017-05-09T14:00:00-07:00,1.08716,1.08959,1.08687,1.08939,
2017-05-09T18:00:00-07:00,1.08939,1.08972,1.08903,1.08906,
2017-05-09T22:00:00-07:00,1.08906,1.08971,1.08693,1.087,
2017-05-10T02:00:00-07:00,1.087,1.0882,1.08579,1.08792,
2017-05-10T06:00:00-07:00,1.08792,1.08816,1.08617,1.08667,
2017-05-10T10:00:00-07:00,1.08667,1.08695,1.08525,1.08665,
2017-05-10T14:00:00-07:00,1.08665,1.0875,1.08612,1.08731,
2017-05-10T18:00:00-07:00,1.08731,1.0879,1.0869,1.08693,
2017-05-10T22:00:00-07:00,1.08693,1.08922,1.08635,1.08777,
2017-05-11T02:00:00-07:00,1.08777,1.08778,1.08384,1.08511,
2017-05-11T06:00:00-07:00,1.08511,1.08748,1.08511,1.0866,
2017-05-11T10:00:00-07:00,1.0866,1.08741,1.08588,1.08599,
2017-05-11T14:00:00-07:00,1.08599,1.08667,1.08579,1.08641,
2017-05-11T18:00:00-07:00,1.08641,1.08729,1.08636,1.08702,
2017-05-11T22:00:00-07:00,1.08702,1.08725,1.08549,1.08649,
2017-05-12T02:00:00-07:00,1.08649,1.09119,1.08624,1.09053,
2017-05-12T06:00:00-07:00,1.09053,1.09334,1.09052,1.0918,
2017-05-12T10:00:00-07:00,1.0918,1.09322,1.09168,1.09285,
2017-05-14T14:00:00-07:00,1.09279,1.09341,1.09218,1.09238,
2017-05-14T18:00:00-07:00,1.09238,1.09305,1.09218,1.09292,
2017-05-14T22:00:00-07:00,1.09292,1.09492,1.09252,1.09441,
2017-05-15T02:00:00-07:00,1.09441,1.09812,1.0944,1.09775,
2017-05-15T06:00:00-07:00,1.09775,1.09888,1.09699,1.09734,
2017-05-15T10:00:00-07:00,1.09734,1.09791,1.09648,1.09743,
2017-05-15T14:00:00-07:00,1.09743,1.09847,1.09716,1.09824,
2017-05-15T18:00:00-07:00,1.09824,1.0993,1.09798,1.09909,
2017-05-15T22:00:00-07:00,1.09909,1.1049,1.09904,1.10445,
2017-05-16T02:00:00-07:00,1.10445,1.10881,1.10293,1.10769,
2017-05-16T06:00:00-07:00,1.10769,1.10854,1.10632,1.10748,
2017-05-16T10:00:00-07:00,1.10748,1.10965,1.10745,1.10802,
2017-05-16T14:00:00-07:00,1.10802,1.10973,1.10784,1.10949,
2017-05-16T18:00:00-07:00,1.10949,1.11162,1.10933,1.11052,
2017-05-16T22:00:00-07:00,1.11052,1.11215,1.10808,1.10847,
2017-05-17T02:00:00-07:00,1.10847,1.11236,1.10839,1.11223,
2017-05-17T06:00:00-07:00,1.11223,1.11494,1.11007,1.11371,
2017-05-17T10:00:00-07:00,1.11371,1.11613,1.11368,1.11587,
2017-05-17T14:00:00-07:00,1.11587,1.11693,1.11499,1.11637,
2017-05-17T18:00:00-07:00,1.11637,1.1171,1.11382,1.11434,
2017-05-17T22:00:00-07:00,1.11434,1.1145,1.11207,1.11263,
2017-05-18T02:00:00-07:00,1.11263,1.11394,1.11034,1.11081,
2017-05-18T06:00:00-07:00,1.11081,1.11371,1.1104,1.11248,
2017-05-18T10:00:00-07:00,1.11248,1.11297,1.1075,1.11006,
2017-05-18T14:00:00-07:00,1.11006,1.1114,1.10956,1.11081,
2017-05-18T18:00:00-07:00,1.11081,1.1113,1.10987,1.11111,
2017-05-18T22:00:00-07:00,1.11111,1.11601,1.11083,1.11485,
2017-05-19T02:00:00-07:00,1.11485,1.11852,1.1146,1.11786,
2017-05-19T06:00:00-07:00,1.11786,1.11962,1.11774,1.11899,
2017-05-19T10:00:00-07:00,1.11899,1.12112,1.11889,1.12056,
2017-05-21T14:00:00-07:00,1.11925,1.12098,1.11855,1.11857,
2017-05-21T18:00:00-07:00,1.11857,1.11953,1.11819,1.11877,
2017-05-21T22:00:00-07:00,1.11877,1.12002,1.11607,1.11674,
2017-05-22T02:00:00-07:00,1.11674,1.12492,1.11651,1.12449,
2017-05-22T06:00:00-07:00,1.12449,1.12626,1.12277,1.12329,
2017-05-22T10:00:00-07:00,1.12329,1.12432,1.12284,1.12363,
2017-05-22T14:00:00-07:00,1.12363,1.12463,1.12294,1.12386,
2017-05-22T18:00:00-07:00,1.12386,1.12534,1.12384,1.12498,
2017-05-22T22:00:00-07:00,1.12498,1.12675,1.12212,1.12475,
2017-05-23T02:00:00-07:00,1.12475,1.12616,1.12104,1.1233,
2017-05-23T06:00:00-07:00,1.1233,1.12484,1.11812,1.11913,
2017-05-23T10:00:00-07:00,1.11913,1.12081,1.11744,1.11811,
2017-05-23T14:00:00-07:00,1.11811,1.11909,1.11765,1.1186,
2017-05-23T18:00:00-07:00,1.1186,1.11904,1.11769,1.11792,
2017-05-23T22:00:00-07:00,1.11792,1.11958,1.11692,1.11848,
2017-05-24T02:00:00-07:00,1.11848,1.12014,1.11741,1.1197,
2017-05-24T06:00:00-07:00,1.1197,1.12038,1.11677,1.11768,
2017-05-24T10:00:00-07:00,1.11768,1.12192,1.1175,1.12171,
2017-05-24T14:00:00-07:00,1.12171,1.12324,1.12098,1.12221,
2017-05-24T18:00:00-07:00,1.12221,1.12437,1.12178,1.124,
2017-05-24T22:00:00-07:00,1.124,1.12495,1.12245,1.12414,
2017-05-25T02:00:00-07:00,1.12414,1.12414,1.11929,1.12019,
2017-05-25T06:00:00-07:00,1.12019,1.12254,1.11998,1.12171,
2017-05-25T10:00:00-07:00,1.12171,1.122,1.11975,1.12091,
2017-05-25T14:00:00-07:00,1.12091,1.12155,1.11957,1.12051,
2017-05-25T18:00:00-07:00,1.12051,1.1207,1.1184,1.11993,
2017-05-25T22:00:00-07:00,1.11993,1.12337,1.11903,1.12232,
2017-05-26T02:00:00-07:00,1.12232,1.12259,1.11771,1.11794,
2017-05-26T06:00:00-07:00,1.11794,1.11867,1.11598,1.11764,
2017-05-26T10:00:00-07:00,1.11764,1.11831,1.11671,1.11802,
2017-05-28T14:00:00-07:00,1.11819,1.11839,1.1161,1.11714,
2017-05-28T18:00:00-07:00,1.11714,1.11724,1.11617,1.11628,
2017-05-28T22:00:00-07:00,1.11628,1.1189,1.11626,1.11826,
2017-05-29T02:00:00-07:00,1.11826,1.11891,1.11765,1.1184,
2017-05-29T06:00:00-07:00,1.1184,1.11877,1.11664,1.11729,
2017-05-29T10:00:00-07:00,1.11729,1.11759,1.11608,1.11616,
2017-05-29T14:00:00-07:00,1.11616,1.11676,1.11266,1.11326,
2017-05-29T18:00:00-07:00,1.11326,1.11328,1.11212,1.11267,
2017-05-29T22:00:00-07:00,1.11267,1.11482,1.11089,1.11393,
2017-05-30T02:00:00-07:00,1.11393,1.11927,1.11357,1.11615,
2017-05-30T06:00:00-07:00,1.11615,1.12043,1.11613,1.11735,
2017-05-30T10:00:00-07:00,1.11735,1.11958,1.11735,1.1183,
2017-05-30T14:00:00-07:00,1.1183,1.11889,1.11686,1.11704,
2017-05-30T18:00:00-07:00,1.11704,1.11791,1.11697,1.11721,
2017-05-30T22:00:00-07:00,1.11721,1.11961,1.11638,1.11736,
2017-05-31T02:00:00-07:00,1.11736,1.12279,1.11706,1.12213,
2017-05-31T06:00:00-07:00,1.12213,1.12513,1.12166,1.1236,
2017-05-31T10:00:00-07:00,1.1236,1.12465,1.12272,1.12416,
2017-05-31T14:00:00-07:00,1.12416,1.1248,1.12327,1.12337,
2017-05-31T18:00:00-07:00,1.12337,1.12558,1.12328,1.12459,
2017-05-31T22:00:00-07:00,1.12459,1.1248,1.12221,1.12254,
2017-06-01T02:00:00-07:00,1.12254,1.12361,1.12013,1.12139,
2017-06-01T06:00:00-07:00,1.12139,1.12335,1.12055,1.12087,
2017-06-01T10:00:00-07:00,1.12087,1.12187,1.12057,1.12099,
2017-06-01T14:00:00-07:00,1.12099,1.12184,1.12099,1.12159,
2017-06-01T18:00:00-07:00,1.12159,1.12212,1.12144,1.12187,
2017-06-01T22:00:00-07:00,1.12187,1.12274,1.12137,1.12202,
2017-06-02T02:00:00-07:00,1.12202,1.12818,1.12042,1.12688,
2017-06-02T06:00:00-07:00,1.12688,1.12808,1.12539,1.12689,
2017-06-02T10:00:00-07:00,1.12689,1.12843,1.12661,1.12802,
2017-06-04T14:00:00-07:00,1.12802,1.1283,1.12682,1.12717,
2017-06-04T18:00:00-07:00,1.12717,1.12763,1.12625,1.12654,
2017-06-04T22:00:00-07:00,1.12654,1.12779,1.12593,1.12713,
2017-06-05T02:00:00-07:00,1.12713,1.12713,1.12345,1.12411,
2017-06-05T06:00:00-07:00,1.12411,1.12549,1.12334,1.12519,
2017-06-05T10:00:00-07:00,1.12519,1.12637,1.12501,1.12512,
2017-06-05T14:00:00-07:00,1.12512,1.12647,1.12512,1.12616,
2017-06-05T18:00:00-07:00,1.12616,1.12742,1.12614,1.12672,
2017-06-05T22:00:00-07:00,1.12672,1.12769,1.12416,1.1251,
2017-06-06T02:00:00-07:00,1.1251,1.12586,1.12397,1.12543,
2017-06-06T06:00:00-07:00,1.12543,1.12757,1.1253,1.12692,
2017-06-06T10:00:00-07:00,1.12692,1.1283,1.12673,1.12751,
2017-06-06T14:00:00-07:00,1.12751,1.12809,1.12669,1.12718,
2017-06-06T18:00:00-07:00,1.12718,1.12729,1.12592,1.12636,
2017-06-06T22:00:00-07:00,1.12636,1.12761,1.12455,1.12616,
2017-06-07T02:00:00-07:00,1.12616,1.12762,1.12032,1.12292,
2017-06-07T06:00:00-07:00,1.12292,1.12814,1.12221,1.12639,
2017-06-07T10:00:00-07:00,1.12639,1.12714,1.12509,1.12545,
2017-06-07T14:00:00-07:00,1.12545,1.1264,1.12472,1.12497,
2017-06-07T18:00:00-07:00,1.12497,1.12604,1.12463,1.12566,
2017-06-07T22:00:00-07:00,1.12566,1.12682,1.12424,1.12483,
2017-06-08T02:00:00-07:00,1.12483,1.12618,1.11939,1.12254,
2017-06-08T06:00:00-07:00,1.12254,1.12289,1.11949,1.12106,
2017-06-08T10:00:00-07:00,1.12106,1.12277,1.12009,1.12118,
2017-06-08T14:00:00-07:00,1.12118,1.12363,1.11785,1.11815,
2017-06-08T18:00:00-07:00,1.11815,1.12137,1.11798,1.12044,
2017-06-08T22:00:00-07:00,1.12044,1.12149,1.11691,1.11753,
2017-06-09T02:00:00-07:00,1.11753,1.11865,1.11662,1.1168,
2017-06-09T06:00:00-07:00,1.1168,1.12,1.11656,1.11966,
2017-06-09T10:00:00-07:00,1.11966,1.12032,1.11902,1.11934,
2017-06-11T14:00:00-07:00,1.12051,1.12087,1.11964,1.12044,
2017-06-11T18:00:00-07:00,1.12044,1.12112,1.11967,1.12057,
2017-06-11T22:00:00-07:00,1.12057,1.12266,1.12034,1.12247,
2017-06-12T02:00:00-07:00,1.12247,1.12313,1.12073,1.12138,
2017-06-12T06:00:00-07:00,1.12138,1.12189,1.11911,1.11973,
2017-06-12T10:00:00-07:00,1.11973,1.12092,1.11951,1.1203,
2017-06-12T14:00:00-07:00,1.1203,1.12068,1.11927,1.11935,
2017-06-12T18:00:00-07:00,1.11935,1.11982,1.11882,1.11922,
2017-06-12T22:00:00-07:00,1.11922,1.12242,1.11845,1.12115,
2017-06-13T02:00:00-07:00,1.12115,1.12194,1.11998,1.12061,
2017-06-13T06:00:00-07:00,1.12061,1.12177,1.11913,1.1201,
2017-06-13T10:00:00-07:00,1.1201,1.12119,1.12006,1.12091,
2017-06-13T14:00:00-07:00,1.12091,1.12145,1.12047,1.1213,
2017-06-13T18:00:00-07:00,1.1213,1.12189,1.12106,1.12142,
2017-06-13T22:00:00-07:00,1.12142,1.12246,1.12046,1.12068,
2017-06-14T02:00:00-07:00,1.12068,1.1267,1.1197,1.12622,
2017-06-14T06:00:00-07:00,1.12622,1.1295,1.12614,1.12723,
2017-06-14T10:00:00-07:00,1.12723,1.1288,1.11924,1.1216,
2017-06-14T14:00:00-07:00,1.1216,1.12211,1.12044,1.12177,
2017-06-14T18:00:00-07:00,1.12177,1.12278,1.12142,1.12206,
2017-06-14T22:00:00-07:00,1.12206,1.1221,1.11745,1.11787,
2017-06-15T02:00:00-07:00,1.11787,1.11843,1.11484,1.11515,
2017-06-15T06:00:00-07:00,1.11515,1.11571,1.11312,1.11473,
2017-06-15T10:00:00-07:00,1.11473,1.1157,1.11413,1.11424,
2017-06-15T14:00:00-07:00,1.11424,1.11548,1.1142,1.1153,
2017-06-15T18:00:00-07:00,1.1153,1.11545,1.11409,1.11435,
2017-06-15T22:00:00-07:00,1.11435,1.11744,1.11377,1.11721,
2017-06-16T02:00:00-07:00,1.11721,1.11831,1.11566,1.11717,
2017-06-16T06:00:00-07:00,1.11717,1.11992,1.11645,1.11879,
2017-06-16T10:00:00-07:00,1.11879,1.12008,1.11867,1.11941,
2017-06-18T14:00:00-07:00,1.12065,1.12074,1.11887,1.119,
2017-06-18T18:00:00-07:00,1.119,1.11994,1.11892,1.11926,
2017-06-18T22:00:00-07:00,1.11926,1.12068,1.11815,1.11944,
2017-06-19T02:00:00-07:00,1.11944,1.1212,1.11763,1.1181,
2017-06-19T06:00:00-07:00,1.1181,1.11839,1.11549,1.11582,
2017-06-19T10:00:00-07:00,1.11582,1.11591,1.11423,1.11458,
2017-06-19T14:00:00-07:00,1.11458,1.11523,1.11402,1.1144,
2017-06-19T18:00:00-07:00,1.1144,1.11578,1.1144,1.11548,
2017-06-19T22:00:00-07:00,1.11548,1.11642,1.1142,1.11577,
2017-06-20T02:00:00-07:00,1.11577,1.11642,1.11407,1.11499,
2017-06-20T06:00:00-07:00,1.11499,1.11527,1.1118,1.11238,
2017-06-20T10:00:00-07:00,1.11238,1.11339,1.11193,1.11323,
2017-06-20T14:00:00-07:00,1.11323,1.11363,1.11296,1.11348,
2017-06-20T18:00:00-07:00,1.11348,1.11375,1.11318,1.11326,
2017-06-20T22:00:00-07:00,1.11326,1.11449,1.11267,1.11417,
2017-06-21T02:00:00-07:00,1.11417,1.11549,1.11367,1.1147,
2017-06-21T06:00:00-07:00,1.1147,1.11477,1.11293,1.11464,
2017-06-21T10:00:00-07:00,1.11464,1.11681,1.11439,1.11661,
2017-06-21T14:00:00-07:00,1.11661,1.11702,1.11597,1.11623,
2017-06-21T18:00:00-07:00,1.11623,1.11706,1.11614,1.11701,
2017-06-21T22:00:00-07:00,1.11701,1.11772,1.11538,1.11674,
2017-06-22T02:00:00-07:00,1.11674,1.11736,1.1156,1.116,
2017-06-22T06:00:00-07:00,1.116,1.11631,1.11445,1.11547,
2017-06-22T10:00:00-07:00,1.11547,1.11566,1.11386,1.11502,
2017-06-22T14:00:00-07:00,1.11502,1.11525,1.11444,1.11484,
2017-06-22T18:00:00-07:00,1.11484,1.11633,1.11461,1.11609,
2017-06-22T22:00:00-07:00,1.11609,1.11871,1.11609,1.11707,
2017-06-23T02:00:00-07:00,1.11707,1.11795,1.11609,1.11753,
2017-06-23T06:00:00-07:00,1.11753,1.12081,1.11743,1.1196,
2017-06-23T10:00:00-07:00,1.1196,1.12015,1.11912,1.11919,
2017-06-25T14:00:00-07:00,1.11961,1.11994,1.11878,1.11956,
2017-06-25T18:00:00-07:00,1.11956,1.11969,1.11891,1.11908,
2017-06-25T22:00:00-07:00,1.11908,1.1207,1.11809,1.11852,
2017-06-26T02:00:00-07:00,1.11852,1.12191,1.1171,1.12103,
2017-06-26T06:00:00-07:00,1.12103,1.12178,1.1181,1.11867,
2017-06-26T10:00:00-07:00,1.11867,1.11937,1.11746,1.11804,
2017-06-26T14:00:00-07:00,1.11804,1.11846,1.11782,1.11833,
2017-06-26T18:00:00-07:00,1.11833,1.11917,1.11797,1.11891,
2017-06-26T22:00:00-07:00,1.11891,1.12541,1.11814,1.12483,
2017-06-27T02:00:00-07:00,1.12483,1.12832,1.12433,1.12761,
2017-06-27T06:00:00-07:00,1.12761,1.13341,1.12739,1.1311,
2017-06-27T10:00:00-07:00,1.1311,1.13486,1.13057,1.13375,
2017-06-27T14:00:00-07:00,1.13375,1.13439,1.13293,1.1339,
2017-06-27T18:00:00-07:00,1.1339,1.13547,1.13361,1.13459,
2017-06-27T22:00:00-07:00,1.13459,1.13875,1.13445,1.13595,
2017-06-28T02:00:00-07:00,1.13595,1.13792,1.12907,1.13308,
2017-06-28T06:00:00-07:00,1.13308,1.13898,1.13274,1.13771,
2017-06-28T10:00:00-07:00,1.13771,1.13843,1.13728,1.13743,
2017-06-28T14:00:00-07:00,1.13743,1.13884,1.13735,1.13863,
2017-06-28T18:00:00-07:00,1.13863,1.14185,1.13842,1.1401,
2017-06-28T22:00:00-07:00,1.1401,1.14342,1.13946,1.14247,
2017-06-29T02:00:00-07:00,1.14247,1.14256,1.13873,1.14,
2017-06-29T06:00:00-07:00,1.14,1.14314,1.13947,1.1429,
2017-06-29T10:00:00-07:00,1.1429,1.14446,1.14269,1.14387,
2017-06-29T14:00:00-07:00,1.14387,1.14443,1.1426,1.14275,
2017-06-29T18:00:00-07:00,1.14275,1.14435,1.14268,1.14395,
2017-06-29T22:00:00-07:00,1.14395,1.14404,1.13948,1.14032,
2017-06-30T02:00:00-07:00,1.14032,1.14204,1.13914,1.14121,
2017-06-30T06:00:00-07:00,1.14121,1.14268,1.13948,1.14118,
2017-06-30T10:00:00-07:00,1.14118,1.14251,1.14079,1.1425,
2017-07-02T14:00:00-07:00,1.14149,1.14258,1.14149,1.14165,
2017-07-02T18:00:00-07:00,1.14165,1.14194,1.14031,1.14123,
2017-07-02T22:00:00-07:00,1.14123,1.14143,1.13762,1.13782,
2017-07-03T02:00:00-07:00,1.13782,1.13849,1.13607,1.13668,
2017-07-03T06:00:00-07:00,1.13668,1.1373,1.13544,1.13561,
2017-07-03T10:00:00-07:00,1.13561,1.13678,1.13558,1.13629,
2017-07-03T14:00:00-07:00,1.13629,1.13763,1.13557,1.13729,
2017-07-03T18:00:00-07:00,1.13729,1.13734,1.13628,1.13712,
2017-07-03T22:00:00-07:00,1.13712,1.13736,1.13356,1.13529,
2017-07-04T02:00:00-07:00,1.13529,1.13545,1.1339,1.1342,
2017-07-04T06:00:00-07:00,1.1342,1.13533,1.13374,1.13503,
2017-07-04T10:00:00-07:00,1.13503,1.13529,1.13413,1.13428,
2017-07-04T14:00:00-07:00,1.13428,1.13636,1.1341,1.13579,
2017-07-04T18:00:00-07:00,1.13579,1.13678,1.13524,1.13536,
2017-07-04T22:00:00-07:00,1.13536,1.13674,1.134,1.13409,
2017-07-05T02:00:00-07:00,1.13409,1.13433,1.13115,1.13197,
2017-07-05T06:00:00-07:00,1.13197,1.13432,1.13172,1.13376,
2017-07-05T10:00:00-07:00,1.13376,1.13558,1.1322,1.135,
2017-07-05T14:00:00-07:00,1.135,1.13538,1.13346,1.1341,
2017-07-05T18:00:00-07:00,1.1341,1.13438,1.13291,1.13383,
2017-07-05T22:00:00-07:00,1.13383,1.13563,1.13301,1.13482,
2017-07-06T02:00:00-07:00,1.13482,1.13968,1.13436,1.13898,
2017-07-06T06:00:00-07:00,1.13898,1.1419,1.13808,1.14187,
2017-07-06T10:00:00-07:00,1.14187,1.14238,1.14149,1.14221,
2017-07-06T14:00:00-07:00,1.14221,1.14248,1.14126,1.14147,
2017-07-06T18:00:00-07:00,1.14147,1.14234,1.14076,1.14143,
2017-07-06T22:00:00-07:00,1.14143,1.14267,1.14063,1.1421,
2017-07-07T02:00:00-07:00,1.1421,1.14392,1.13858,1.14012,
2017-07-07T06:00:00-07:00,1.14012,1.14078,1.13789,1.14072,
2017-07-07T10:00:00-07:00,1.14072,1.14098,1.13972,1.13975,
2017-07-09T14:00:00-07:00,1.13975,1.14028,1.13911,1.13998,
2017-07-09T18:00:00-07:00,1.13998,1.14078,1.13987,1.1403,
2017-07-09T22:00:00-07:00,1.1403,1.14172,1.13921,1.1395,
2017-07-10T02:00:00-07:00,1.1395,1.13972,1.13809,1.13913,
2017-07-10T06:00:00-07:00,1.13913,1.14011,1.1384,1.13947,
2017-07-10T10:00:00-07:00,1.13947,1.14071,1.13947,1.13982,
2017-07-10T14:00:00-07:00,1.13982,1.13987,1.1392,1.13941,
2017-07-10T18:00:00-07:00,1.13941,1.13968,1.13865,1.13876,
2017-07-10T22:00:00-07:00,1.13876,1.13991,1.1382,1.13953,
2017-07-11T02:00:00-07:00,1.13953,1.14132,1.13892,1.14011,
2017-07-11T06:00:00-07:00,1.14011,1.1447,1.13926,1.14386,
2017-07-11T10:00:00-07:00,1.14386,1.1479,1.14386,1.14655,
2017-07-11T14:00:00-07:00,1.14655,1.14773,1.14613,1.14757,
2017-07-11T18:00:00-07:00,1.14757,1.14878,1.14696,1.14849,
2017-07-11T22:00:00-07:00,1.14849,1.14886,1.14414,1.14565,
2017-07-12T02:00:00-07:00,1.14565,1.1479,1.14262,1.14666,
2017-07-12T06:00:00-07:00,1.14666,1.14682,1.13909,1.14198,
2017-07-12T10:00:00-07:00,1.14198,1.14245,1.141,1.141,
2017-07-12T14:00:00-07:00,1.141,1.14291,1.141,1.14289,
2017-07-12T18:00:00-07:00,1.14289,1.14384,1.14286,1.14367,
2017-07-12T22:00:00-07:00,1.14367,1.14552,1.1395,1.14028,
2017-07-13T02:00:00-07:00,1.14028,1.14185,1.13698,1.14155,
2017-07-13T06:00:00-07:00,1.14155,1.14171,1.1382,1.13897,
2017-07-13T10:00:00-07:00,1.13897,1.14062,1.13884,1.13959,
2017-07-13T14:00:00-07:00,1.13959,1.14042,1.13907,1.14008,
2017-07-13T18:00:00-07:00,1.14008,1.14099,1.13962,1.14,
2017-07-13T22:00:00-07:00,1.14,1.14231,1.13999,1.1407,
2017-07-14T02:00:00-07:00,1.1407,1.14674,1.14066,1.14607,
2017-07-14T06:00:00-07:00,1.14607,1.14625,1.14349,1.14586,
2017-07-14T10:00:00-07:00,1.14586,1.14709,1.14563,1.14674,
2017-07-16T14:00:00-07:00,1.14726,1.14742,1.14631,1.14641,
2017-07-16T18:00:00-07:00,1.14641,1.14665,1.14559,1.14606,
2017-07-16T22:00:00-07:00,1.14606,1.14626,1.14339,1.14475,
2017-07-17T02:00:00-07:00,1.14475,1.14701,1.14443,1.14672,
2017-07-17T06:00:00-07:00,1.14672,1.14863,1.14601,1.14713,
2017-07-17T10:00:00-07:00,1.14713,1.14839,1.14713,1.14769,
2017-07-17T14:00:00-07:00,1.14769,1.14861,1.14708,1.14844,
2017-07-17T18:00:00-07:00,1.14844,1.1537,1.14842,1.15269,
2017-07-17T22:00:00-07:00,1.15269,1.15343,1.15104,1.15244,
2017-07-18T02:00:00-07:00,1.15244,1.15672,1.15185,1.15552,
2017-07-18T06:00:00-07:00,1.15552,1.15824,1.15533,1.15622,
2017-07-18T10:00:00-07:00,1.15622,1.15648,1.15513,1.15526,
2017-07-18T14:00:00-07:00,1.15526,1.15553,1.15424,1.15438,
2017-07-18T18:00:00-07:00,1.15438,1.15444,1.15356,1.15366,
2017-07-18T22:00:00-07:00,1.15366,1.15468,1.15139,1.15258,
2017-07-19T02:00:00-07:00,1.15258,1.15377,1.15203,1.15248,
2017-07-19T06:00:00-07:00,1.15248,1.15358,1.15092,1.152,
2017-07-19T10:00:00-07:00,1.152,1.15224,1.15121,1.15132,
2017-07-19T14:00:00-07:00,1.15132,1.15318,1.15116,1.15223,
2017-07-19T18:00:00-07:00,1.15223,1.15264,1.15044,1.15113,
2017-07-19T22:00:00-07:00,1.15113,1.15245,1.14953,1.15038,
2017-07-20T02:00:00-07:00,1.15038,1.15694,1.14784,1.1561,
2017-07-20T06:00:00-07:00,1.1561,1.16572,1.15405,1.16337,
2017-07-20T10:00:00-07:00,1.16337,1.16371,1.1617,1.16293,
2017-07-20T14:00:00-07:00,1.16293,1.16348,1.16182,1.16257,
2017-07-20T18:00:00-07:00,1.16257,1.16358,1.16224,1.16279,
2017-07-20T22:00:00-07:00,1.16279,1.16762,1.16276,1.16485,
2017-07-21T02:00:00-07:00,1.16485,1.16578,1.16346,1.1639,
2017-07-21T06:00:00-07:00,1.1639,1.16695,1.1635,1.16652,
2017-07-21T10:00:00-07:00,1.16652,1.16822,1.1659,1.1659,
2017-07-23T14:00:00-07:00,1.16623,1.16834,1.1662,1.16701,
2017-07-23T18:00:00-07:00,1.16701,1.16744,1.16623,1.16699,
2017-07-23T22:00:00-07:00,1.16699,1.16745,1.16293,1.16518,
2017-07-24T02:00:00-07:00,1.16518,1.1659,1.16414,1.16547,
2017-07-24T06:00:00-07:00,1.16547,1.1655,1.16252,1.16372,
2017-07-24T10:00:00-07:00,1.16372,1.16465,1.16293,1.16401,
2017-07-24T14:00:00-07:00,1.16361,1.16397,1.163,1.1637,
2017-07-24T18:00:00-07:00,1.1637,1.16625,1.1634,1.16611,
2017-07-24T22:00:00-07:00,1.16611,1.16681,1.16423,1.1653,
2017-07-25T02:00:00-07:00,1.1653,1.16984,1.16463,1.1688,
2017-07-25T06:00:00-07:00,1.1688,1.17113,1.16448,1.16525,
2017-07-25T10:00:00-07:00,1.16525,1.16603,1.16413,1.16445,
2017-07-25T14:00:00-07:00,1.16445,1.16478,1.16371,1.16406,
2017-07-25T18:00:00-07:00,1.16406,1.1653,1.16373,1.16376,
2017-07-25T22:00:00-07:00,1.16376,1.16449,1.16122,1.16223,
2017-07-26T02:00:00-07:00,1.16223,1.16505,1.16182,1.16402,
2017-07-26T06:00:00-07:00,1.16402,1.16547,1.16212,1.16259,
2017-07-26T10:00:00-07:00,1.16259,1.17391,1.16257,1.17322,
2017-07-26T14:00:00-07:00,1.17322,1.17467,1.17242,1.17287,
2017-07-26T18:00:00-07:00,1.17287,1.17758,1.17205,1.17483,
2017-07-26T22:00:00-07:00,1.17483,1.17506,1.17114,1.17276,
2017-07-27T02:00:00-07:00,1.17276,1.17326,1.16865,1.1696,
2017-07-27T06:00:00-07:00,1.1696,1.17053,1.16493,1.16637,
2017-07-27T10:00:00-07:00,1.16637,1.16879,1.16588,1.16733,
2017-07-27T14:00:00-07:00,1.16733,1.16915,1.16704,1.16751,
2017-07-27T18:00:00-07:00,1.16751,1.16929,1.16703,1.16845,
2017-07-27T22:00:00-07:00,1.16845,1.17145,1.16845,1.17052,
2017-07-28T02:00:00-07:00,1.17052,1.17521,1.17036,1.17153,
2017-07-28T06:00:00-07:00,1.17153,1.17631,1.17145,1.17397,
2017-07-28T10:00:00-07:00,1.17397,1.17616,1.17397,1.17463,
2017-07-30T14:00:00-07:00,1.1745,1.17615,1.17336,1.1742,
2017-07-30T18:00:00-07:00,1.1742,1.17452,1.17305,1.17356,
2017-07-30T22:00:00-07:00,1.17356,1.17466,1.17223,1.17314,
2017-07-31T02:00:00-07:00,1.17314,1.17436,1.17225,1.17329,
2017-07-31T06:00:00-07:00,1.17329,1.18315,1.17308,1.181,
2017-07-31T10:00:00-07:00,1.181,1.18448,1.18072,1.18396,
2017-07-31T14:00:00-07:00,1.18396,1.18435,1.1819,1.18263,
2017-07-31T18:00:00-07:00,1.18263,1.1833,1.18188,1.183,
2017-07-31T22:00:00-07:00,1.183,1.18325,1.18102,1.18206,
2017-08-01T02:00:00-07:00,1.18206,1.18231,1.1804,1.18167,
2017-08-01T06:00:00-07:00,1.18167,1.18381,1.17843,1.18039,
2017-08-01T10:00:00-07:00,1.18039,1.18363,1.17977,1.17992,
2017-08-01T14:00:00-07:00,1.17992,1.18168,1.1796,1.18123,
2017-08-01T18:00:00-07:00,1.18123,1.18276,1.17928,1.18242,
2017-08-01T22:00:00-07:00,1.18242,1.18674,1.18164,1.18539,
2017-08-02T02:00:00-07:00,1.18539,1.18583,1.18175,1.18238,
2017-08-02T06:00:00-07:00,1.18238,1.18705,1.18221,1.18671,
2017-08-02T10:00:00-07:00,1.18671,1.19094,1.18493,1.18528,
2017-08-02T14:00:00-07:00,1.18528,1.18582,1.18349,1.18351,
2017-08-02T18:00:00-07:00,1.18351,1.1848,1.18334,1.18454,
2017-08-02T22:00:00-07:00,1.18454,1.18561,1.18298,1.18425,
2017-08-03T02:00:00-07:00,1.18425,1.18732,1.18327,1.18586,
2017-08-03T06:00:00-07:00,1.18586,1.18924,1.18421,1.18683,
2017-08-03T10:00:00-07:00,1.18683,1.18881,1.18598,1.18677,
2017-08-03T14:00:00-07:00,1.18677,1.18847,1.18668,1.18758,
2017-08-03T18:00:00-07:00,1.18758,1.18879,1.18703,1.18789,
2017-08-03T22:00:00-07:00,1.18789,1.18883,1.18731,1.18813,
2017-08-04T02:00:00-07:00,1.18813,1.18841,1.18245,1.18292,
2017-08-04T06:00:00-07:00,1.18292,1.18451,1.17274,1.17532,
2017-08-04T10:00:00-07:00,1.17532,1.17822,1.17493,1.17709,
2017-08-06T14:00:00-07:00,1.17705,1.17921,1.1769,1.17852,
2017-08-06T18:00:00-07:00,1.17852,1.1801,1.17835,1.17942,
2017-08-06T22:00:00-07:00,1.17942,1.18134,1.17772,1.17973,
2017-08-07T02:00:00-07:00,1.17973,1.18076,1.17853,1.17857,
2017-08-07T06:00:00-07:00,1.17857,1.17977,1.17806,1.1788,
2017-08-07T10:00:00-07:00,1.1788,1.17962,1.17867,1.17941,
2017-08-07T14:00:00-07:00,1.17941,1.18043,1.17881,1.18014,
2017-08-07T18:00:00-07:00,1.18014,1.1823,1.18013,1.18106,
2017-08-07T22:00:00-07:00,1.18106,1.18172,1.1801,1.18073,
2017-08-08T02:00:00-07:00,1.18073,1.18174,1.1805,1.18138,
2017-08-08T06:00:00-07:00,1.18138,1.18151,1.17144,1.17516,
2017-08-08T10:00:00-07:00,1.17516,1.17689,1.17393,1.17502,
2017-08-08T14:00:00-07:00,1.17502,1.17631,1.17326,1.17426,
2017-08-08T18:00:00-07:00,1.17426,1.17486,1.17187,1.17366,
2017-08-08T22:00:00-07:00,1.17366,1.17612,1.17212,1.1731,
2017-08-09T02:00:00-07:00,1.1731,1.17521,1.17248,1.17441,
2017-08-09T06:00:00-07:00,1.17441,1.1749,1.16881,1.17431,
2017-08-09T10:00:00-07:00,1.17431,1.1761,1.17387,1.17568,
2017-08-09T14:00:00-07:00,1.17568,1.1769,1.17507,1.17562,
2017-08-09T18:00:00-07:00,1.17562,1.17614,1.17312,1.1735,
2017-08-09T22:00:00-07:00,1.1735,1.17399,1.17147,1.17221,
2017-08-10T02:00:00-07:00,1.17221,1.17473,1.17033,1.17405,
2017-08-10T06:00:00-07:00,1.17405,1.1761,1.17172,1.17555,
2017-08-10T10:00:00-07:00,1.17555,1.17841,1.1751,1.17693,
2017-08-10T14:00:00-07:00,1.17693,1.17758,1.17628,1.17713,
2017-08-10T18:00:00-07:00,1.17713,1.17755,1.17607,1.17738,
2017-08-10T22:00:00-07:00,1.17738,1.17784,1.17488,1.17547,
2017-08-11T02:00:00-07:00,1.17547,1.18343,1.17479,1.18153,
2017-08-11T06:00:00-07:00,1.18153,1.1829,1.17762,1.18196,
2017-08-11T10:00:00-07:00,1.18196,1.18461,1.18186,1.1819,
2017-08-13T14:00:00-07:00,1.18201,1.18284,1.18176,1.18183,
2017-08-13T18:00:00-07:00,1.18183,1.18337,1.18159,1.18176,
2017-08-13T22:00:00-07:00,1.18176,1.18375,1.17913,1.18026,
2017-08-14T02:00:00-07:00,1.18026,1.18064,1.17863,1.17947,
2017-08-14T06:00:00-07:00,1.17947,1.18011,1.17693,1.17924,
2017-08-14T10:00:00-07:00,1.17924,1.17941,1.17712,1.17776,
2017-08-14T14:00:00-07:00,1.17776,1.17888,1.17674,1.17805,
2017-08-14T18:00:00-07:00,1.17805,1.1792,1.17761,1.17766,
2017-08-14T22:00:00-07:00,1.17766,1.17788,1.172,1.17556,
2017-08-15T02:00:00-07:00,1.17556,1.17624,1.16864,1.16911,
2017-08-15T06:00:00-07:00,1.16911,1.1738,1.16892,1.17363,
2017-08-15T10:00:00-07:00,1.17363,1.17425,1.17262,1.17323,
2017-08-15T14:00:00-07:00,1.17323,1.17447,1.17287,1.17371,
2017-08-15T18:00:00-07:00,1.17371,1.17427,1.17332,1.17417,
2017-08-15T22:00:00-07:00,1.17417,1.17572,1.16907,1.1725,
2017-08-16T02:00:00-07:00,1.1725,1.17389,1.16949,1.17025,
2017-08-16T06:00:00-07:00,1.17025,1.17156,1.16809,1.17006,
2017-08-16T10:00:00-07:00,1.17006,1.17778,1.16997,1.17648,
2017-08-16T14:00:00-07:00,1.17648,1.17786,1.17638,1.17671,
2017-08-16T18:00:00-07:00,1.17671,1.1789,1.1766,1.17785,
2017-08-16T22:00:00-07:00,1.17785,1.17888,1.17292,1.17319,
2017-08-17T02:00:00-07:00,1.17319,1.17366,1.16613,1.16929,
2017-08-17T06:00:00-07:00,1.16929,1.17531,1.16918,1.17403,
2017-08-17T10:00:00-07:00,1.17403,1.17509,1.17172,1.17209,
2017-08-17T14:00:00-07:00,1.17209,1.17299,1.17076,1.17272,
2017-08-17T18:00:00-07:00,1.17272,1.17388,1.17227,1.17364,
2017-08-17T22:00:00-07:00,1.17364,1.17569,1.17204,1.17465,
2017-08-18T02:00:00-07:00,1.17465,1.17737,1.17304,1.17478,
2017-08-18T06:00:00-07:00,1.17478,1.17601,1.17285,1.17485,
2017-08-18T10:00:00-07:00,1.17485,1.17665,1.17399,1.17567,
2017-08-20T14:00:00-07:00,1.17575,1.17608,1.17493,1.17507,
2017-08-20T18:00:00-07:00,1.17507,1.17619,1.17503,1.17504,
2017-08-20T22:00:00-07:00,1.17504,1.17546,1.17305,1.17401,
2017-08-21T02:00:00-07:00,1.17401,1.17823,1.17359,1.17793,
2017-08-21T06:00:00-07:00,1.17793,1.18242,1.17763,1.18232,
2017-08-21T10:00:00-07:00,1.18232,1.18272,1.18064,1.18138,
2017-08-21T14:00:00-07:00,1.18138,1.18166,1.18072,1.18136,
2017-08-21T18:00:00-07:00,1.18136,1.18234,1.1802,1.18058,
2017-08-21T22:00:00-07:00,1.18058,1.18062,1.17651,1.17715,
2017-08-22T02:00:00-07:00,1.17715,1.17721,1.17443,1.17607,
2017-08-22T06:00:00-07:00,1.17607,1.1771,1.17493,1.17633,
2017-08-22T10:00:00-07:00,1.17633,1.17638,1.17473,1.17595,
2017-08-22T14:00:00-07:00,1.17595,1.17653,1.17483,1.17485,
2017-08-22T18:00:00-07:00,1.17485,1.17652,1.1747,1.17571,
2017-08-22T22:00:00-07:00,1.17571,1.17915,1.17392,1.17892,
2017-08-23T02:00:00-07:00,1.17892,1.1807,1.1775,1.17942,
2017-08-23T06:00:00-07:00,1.17942,1.18191,1.17861,1.18002,
2017-08-23T10:00:00-07:00,1.18002,1.18224,1.18002,1.18044,
2017-08-23T14:00:00-07:00,1.18044,1.18169,1.18044,1.18085,
2017-08-23T18:00:00-07:00,1.18085,1.18088,1.17935,1.18016,
2017-08-23T22:00:00-07:00,1.18016,1.18071,1.17833,1.17865,
2017-08-24T02:00:00-07:00,1.17865,1.18093,1.17839,1.17984,
2017-08-24T06:00:00-07:00,1.17984,1.18095,1.17868,1.18037,
2017-08-24T10:00:00-07:00,1.18037,1.18138,1.17969,1.17976,
2017-08-24T14:00:00-07:00,1.17976,1.18034,1.17921,1.17957,
2017-08-24T18:00:00-07:00,1.17957,1.17992,1.17869,1.17971,
2017-08-24T22:00:00-07:00,1.17971,1.18005,1.17726,1.17954,
2017-08-25T02:00:00-07:00,1.17954,1.1827,1.17948,1.18047,
2017-08-25T06:00:00-07:00,1.18047,1.18859,1.17849,1.18859,
2017-08-25T10:00:00-07:00,1.18859,1.19406,1.18637,1.19206,
2017-08-27T14:00:00-07:00,1.19415,1.19587,1.19212,1.19287,
2017-08-27T18:00:00-07:00,1.19287,1.19294,1.19193,1.19195,
2017-08-27T22:00:00-07:00,1.19195,1.19414,1.19162,1.19299,
2017-08-28T02:00:00-07:00,1.19299,1.19393,1.19209,1.19341,
2017-08-28T06:00:00-07:00,1.19341,1.19824,1.19253,1.19757,
2017-08-28T10:00:00-07:00,1.19757,1.1983,1.19719,1.19776,
2017-08-28T14:00:00-07:00,1.19776,1.19849,1.19544,1.19641,
2017-08-28T18:00:00-07:00,1.19641,1.19761,1.19614,1.19736,
2017-08-28T22:00:00-07:00,1.19736,1.20693,1.19709,1.20593,
2017-08-29T02:00:00-07:00,1.20593,1.20655,1.20272,1.20281,
2017-08-29T06:00:00-07:00,1.20281,1.20371,1.20083,1.20152,
2017-08-29T10:00:00-07:00,1.20152,1.20195,1.19452,1.19706,
2017-08-29T14:00:00-07:00,1.19706,1.1978,1.19621,1.19742,
2017-08-29T18:00:00-07:00,1.19742,1.19835,1.19658,1.19727,
2017-08-29T22:00:00-07:00,1.19727,1.1974,1.19377,1.19434,
2017-08-30T02:00:00-07:00,1.19434,1.19534,1.18933,1.19174,
2017-08-30T06:00:00-07:00,1.19174,1.1937,1.18945,1.19035,
2017-08-30T10:00:00-07:00,1.19035,1.19035,1.18797,1.18818,
2017-08-30T14:00:00-07:00,1.18818,1.1896,1.18805,1.18924,
2017-08-30T18:00:00-07:00,1.18924,1.18963,1.18705,1.18778,
2017-08-30T22:00:00-07:00,1.18778,1.19025,1.18661,1.1896,
2017-08-31T02:00:00-07:00,1.1896,1.19049,1.18223,1.18424,
2017-08-31T06:00:00-07:00,1.18424,1.19075,1.18349,1.18797,
2017-08-31T10:00:00-07:00,1.18797,1.19117,1.1878,1.19081,
2017-08-31T14:00:00-07:00,1.19081,1.19219,1.19048,1.1909,
2017-08-31T18:00:00-07:00,1.1909,1.1912,1.18944,1.18965,
2017-08-31T22:00:00-07:00,1.18965,1.19041,1.18782,1.1892,
2017-09-01T02:00:00-07:00,1.1892,1.19788,1.18905,1.19049,
2017-09-01T06:00:00-07:00,1.19049,1.19198,1.18489,1.18568,
2017-09-01T10:00:00-07:00,1.18568,1.18746,1.18563,1.18595,
2017-09-03T14:00:00-07:00,1.18814,1.18854,1.18722,1.18794,
2017-09-03T18:00:00-07:00,1.18794,1.18889,1.18769,1.18811,
2017-09-03T22:00:00-07:00,1.18811,1.19197,1.188,1.19178,
2017-09-04T02:00:00-07:00,1.19178,1.19212,1.18884,1.18959,
2017-09-04T06:00:00-07:00,1.18959,1.1919,1.18884,1.18886,
2017-09-04T10:00:00-07:00,1.18886,1.19036,1.18883,1.18928,
2017-09-04T14:00:00-07:00,1.18928,1.19008,1.18891,1.18992,
2017-09-04T18:00:00-07:00,1.18992,1.19102,1.18914,1.19046,
2017-09-04T22:00:00-07:00,1.19046,1.19079,1.18674,1.18837,
2017-09-05T02:00:00-07:00,1.18837,1.19062,1.18757,1.18997,
2017-09-05T06:00:00-07:00,1.18997,1.19398,1.18856,1.19026,
2017-09-05T10:00:00-07:00,1.19026,1.19291,1.18942,1.19113,
2017-09-05T14:00:00-07:00,1.19113,1.19239,1.19075,1.1921,
2017-09-05T18:00:00-07:00,1.1921,1.19235,1.1902,1.19133,
2017-09-05T22:00:00-07:00,1.19133,1.19487,1.19088,1.19431,
2017-09-06T02:00:00-07:00,1.19431,1.19485,1.19181,1.1931,
2017-09-06T06:00:00-07:00,1.1931,1.19494,1.19115,1.19258,
2017-09-06T10:00:00-07:00,1.19258,1.19275,1.19072,1.19142,
2017-09-06T14:00:00-07:00,1.19142,1.19338,1.1914,1.1922,
2017-09-06T18:00:00-07:00,1.1922,1.19273,1.19184,1.19234,
2017-09-06T22:00:00-07:00,1.19234,1.19695,1.19132,1.19583,
2017-09-07T02:00:00-07:00,1.19583,1.20518,1.19287,1.2041,
2017-09-07T06:00:00-07:00,1.2041,1.20584,1.19727,1.19885,
2017-09-07T10:00:00-07:00,1.19885,1.20282,1.19885,1.20206,
2017-09-07T14:00:00-07:00,1.20206,1.20348,1.20168,1.20341,
2017-09-07T18:00:00-07:00,1.20341,1.20885,1.20225,1.20684,
2017-09-07T22:00:00-07:00,1.20684,1.20913,1.20355,1.20627,
2017-09-08T02:00:00-07:00,1.20627,1.20728,1.20338,1.20417,
2017-09-08T06:00:00-07:00,1.20417,1.205,1.20138,1.20256,
2017-09-08T10:00:00-07:00,1.20256,1.20375,1.20241,1.20326,
2017-09-10T14:00:00-07:00,1.20326,1.20326,1.20096,1.20112,
2017-09-10T18:00:00-07:00,1.20112,1.20182,1.19981,1.20067,
2017-09-10T22:00:00-07:00,1.20067,1.20287,1.19923,1.20203,
2017-09-11T02:00:00-07:00,1.20203,1.20246,1.19785,1.19836,
2017-09-11T06:00:00-07:00,1.19836,1.19921,1.19564,1.19687,
2017-09-11T10:00:00-07:00,1.19687,1.19698,1.19471,1.19504,
2017-09-11T14:00:00-07:00,1.19504,1.19636,1.1945,1.19464,
2017-09-11T18:00:00-07:00,1.19464,1.19625,1.19463,1.19548,
2017-09-11T22:00:00-07:00,1.19548,1.19774,1.1946,1.19572,
2017-09-12T02:00:00-07:00,1.19572,1.19639,1.19255,1.19289,
2017-09-12T06:00:00-07:00,1.19289,1.19729,1.19289,1.1962,
2017-09-12T10:00:00-07:00,1.1962,1.1972,1.19539,1.19648,
2017-09-12T14:00:00-07:00,1.19648,1.19729,1.19593,1.1969,
2017-09-12T18:00:00-07:00,1.1969,1.1992,1.19686,1.19825,
2017-09-12T22:00:00-07:00,1.19825,1.19939,1.19678,1.19784,
2017-09-13T02:00:00-07:00,1.19784,1.19887,1.19637,1.19732,
2017-09-13T06:00:00-07:00,1.19732,1.19739,1.18792,1.18803,
2017-09-13T10:00:00-07:00,1.18803,1.18949,1.18723,1.18845,
2017-09-13T14:00:00-07:00,1.18845,1.18932,1.18796,1.18819,
2017-09-13T18:00:00-07:00,1.18819,1.18845,1.18697,1.18776,
2017-09-13T22:00:00-07:00,1.18776,1.19088,1.18651,1.19037,
2017-09-14T02:00:00-07:00,1.19037,1.1908,1.18372,1.18918,
2017-09-14T06:00:00-07:00,1.18918,1.18972,1.18674,1.18833,
2017-09-14T10:00:00-07:00,1.18833,1.19213,1.18828,1.19164,
2017-09-14T14:00:00-07:00,1.19164,1.1923,1.19052,1.19073,
2017-09-14T18:00:00-07:00,1.19073,1.19175,1.19,1.19115,
2017-09-14T22:00:00-07:00,1.19115,1.19391,1.1904,1.19285,
2017-09-15T02:00:00-07:00,1.19285,1.19863,1.19259,1.19731,
2017-09-15T06:00:00-07:00,1.19731,1.19858,1.19391,1.19445,
2017-09-15T10:00:00-07:00,1.19445,1.19601,1.19286,1.1942,
2017-09-17T14:00:00-07:00,1.19176,1.19492,1.19167,1.19433,
2017-09-17T18:00:00-07:00,1.19433,1.1954,1.19381,1.19398,
2017-09-17T22:00:00-07:00,1.19398,1.19551,1.19142,1.19378,
2017-09-18T02:00:00-07:00,1.19378,1.19684,1.19363,1.19604,
2017-09-18T06:00:00-07:00,1.19604,1.19665,1.19215,1.19333,
2017-09-18T10:00:00-07:00,1.19333,1.19581,1.19266,1.19526,
2017-09-18T14:00:00-07:00,1.19526,1.19658,1.19481,1.19633,
2017-09-18T18:00:00-07:00,1.19633,1.19789,1.19615,1.19751,
2017-09-18T22:00:00-07:00,1.19751,1.20055,1.19708,1.19831,
2017-09-19T02:00:00-07:00,1.19831,1.19939,1.19534,1.19834,
2017-09-19T06:00:00-07:00,1.19834,1.19901,1.196,1.19732,
2017-09-19T10:00:00-07:00,1.19732,1.20059,1.19697,1.19917,
2017-09-19T14:00:00-07:00,1.19917,1.19998,1.19859,1.19911,
2017-09-19T18:00:00-07:00,1.19911,1.20187,1.19901,1.2006,
2017-09-19T22:00:00-07:00,1.2006,1.20153,1.1995,1.20061,
2017-09-20T02:00:00-07:00,1.20061,1.20209,1.19883,1.19914,
2017-09-20T06:00:00-07:00,1.19914,1.20051,1.19832,1.20034,
2017-09-20T10:00:00-07:00,1.20034,1.20322,1.18605,1.18901,
2017-09-20T14:00:00-07:00,1.18901,1.18956,1.18648,1.18767,
2017-09-20T18:00:00-07:00,1.18767,1.18907,1.18663,1.18825,
2017-09-20T22:00:00-07:00,1.18825,1.19174,1.18757,1.19129,
2017-09-21T02:00:00-07:00,1.19129,1.19217,1.189,1.19158,
2017-09-21T06:00:00-07:00,1.19158,1.19529,1.19078,1.19318,
2017-09-21T10:00:00-07:00,1.19318,1.19417,1.19271,1.19393,
2017-09-21T14:00:00-07:00,1.19393,1.1948,1.19353,1.19407,
2017-09-21T18:00:00-07:00,1.19407,1.19639,1.19402,1.19593,
2017-09-21T22:00:00-07:00,1.19593,1.20017,1.19568,1.19893,
2017-09-22T02:00:00-07:00,1.19893,1.20037,1.19579,1.19707,
2017-09-22T06:00:00-07:00,1.19707,1.19829,1.19363,1.19442,
2017-09-22T10:00:00-07:00,1.19442,1.19533,1.1939,1.19459,
2017-09-24T14:00:00-07:00,1.18963,1.1934,1.18956,1.19273,
2017-09-24T18:00:00-07:00,1.19273,1.19357,1.19179,1.19324,
2017-09-24T22:00:00-07:00,1.19324,1.19347,1.18978,1.19045,
2017-09-25T02:00:00-07:00,1.19045,1.19058,1.18633,1.18721,
2017-09-25T06:00:00-07:00,1.18721,1.18891,1.18314,1.18443,
2017-09-25T10:00:00-07:00,1.18443,1.18546,1.18366,1.18466,
2017-09-25T14:00:00-07:00,1.18466,1.18585,1.18437,1.18534,
2017-09-25T18:00:00-07:00,1.18534,1.18607,1.1852,1.18525,
2017-09-25T22:00:00-07:00,1.18525,1.1858,1.18089,1.18163,
2017-09-26T02:00:00-07:00,1.18163,1.18282,1.17803,1.17909,
2017-09-26T06:00:00-07:00,1.17909,1.17965,1.17565,1.17812,
2017-09-26T10:00:00-07:00,1.17812,1.18095,1.17807,1.1791,
2017-09-26T14:00:00-07:00,1.1791,1.1793,1.17756,1.1787,
2017-09-26T18:00:00-07:00,1.1787,1.17942,1.17768,1.17784,
2017-09-26T22:00:00-07:00,1.17784,1.17833,1.17303,1.17354,
2017-09-27T02:00:00-07:00,1.17354,1.17561,1.17175,1.17193,
2017-09-27T06:00:00-07:00,1.17193,1.17753,1.17163,1.17515,
2017-09-27T10:00:00-07:00,1.17515,1.17646,1.17432,1.17432,
2017-09-27T14:00:00-07:00,1.17432,1.17554,1.17396,1.17476,
2017-09-27T18:00:00-07:00,1.17476,1.17502,1.17262,1.17309,
2017-09-27T22:00:00-07:00,1.17309,1.17714,1.17204,1.17656,
2017-09-28T02:00:00-07:00,1.17656,1.17837,1.17579,1.1766,
2017-09-28T06:00:00-07:00,1.1766,1.18033,1.17658,1.17831,
2017-09-28T10:00:00-07:00,1.17831,1.17926,1.17773,1.1784,
2017-09-28T14:00:00-07:00,1.1784,1.17884,1.17765,1.17854,
2017-09-28T18:00:00-07:00,1.17854,1.17897,1.17748,1.17782,
2017-09-28T22:00:00-07:00,1.17782,1.18077,1.17717,1.17989,
2017-09-29T02:00:00-07:00,1.17989,1.18316,1.17881,1.18284,
2017-09-29T06:00:00-07:00,1.18284,1.1831,1.17908,1.18023,
2017-09-29T10:00:00-07:00,1.18023,1.1825,1.17993,1.18114,
2017-10-01T14:00:00-07:00,1.17896,1.1814,1.1787,1.17887,
2017-10-01T18:00:00-07:00,1.17887,1.17905,1.17696,1.17758,
2017-10-01T22:00:00-07:00,1.17758,1.17758,1.17331,1.17442,
2017-10-02T02:00:00-07:00,1.17442,1.17624,1.17293,1.17569,
2017-10-02T06:00:00-07:00,1.17569,1.17603,1.17297,1.17421,
2017-10-02T10:00:00-07:00,1.17421,1.17488,1.17299,1.17306,
2017-10-02T14:00:00-07:00,1.17306,1.17391,1.17185,1.17186,
2017-10-02T18:00:00-07:00,1.17186,1.17196,1.17011,1.17059,
2017-10-02T22:00:00-07:00,1.17059,1.17468,1.16952,1.17325,
2017-10-03T02:00:00-07:00,1.17325,1.17612,1.17319,1.1748,
2017-10-03T06:00:00-07:00,1.1748,1.17726,1.17466,1.17523,
2017-10-03T10:00:00-07:00,1.17523,1.17551,1.17384,1.17409,
2017-10-03T14:00:00-07:00,1.17409,1.17788,1.17339,1.17738,
2017-10-03T18:00:00-07:00,1.17738,1.1779,1.17627,1.17663,
2017-10-03T22:00:00-07:00,1.17663,1.17759,1.17464,1.17557,
2017-10-04T02:00:00-07:00,1.17557,1.17868,1.17523,1.17709,
2017-10-04T06:00:00-07:00,1.17709,1.17723,1.17457,1.17622,
2017-10-04T10:00:00-07:00,1.17622,1.17652,1.17537,1.17566,
2017-10-04T14:00:00-07:00,1.17566,1.17623,1.1751,1.17537,
2017-10-04T18:00:00-07:00,1.17537,1.17586,1.17503,1.17583,
2017-10-04T22:00:00-07:00,1.17583,1.1778,1.17471,1.17744,
2017-10-05T02:00:00-07:00,1.17744,1.17751,1.17243,1.17298,
2017-10-05T06:00:00-07:00,1.17298,1.17345,1.17021,1.17084,
2017-10-05T10:00:00-07:00,1.17084,1.17107,1.16983,1.17089,
2017-10-05T14:00:00-07:00,1.17089,1.17134,1.16983,1.17105,
2017-10-05T18:00:00-07:00,1.17105,1.17148,1.16853,1.16989,
2017-10-05T22:00:00-07:00,1.16989,1.17058,1.16853,1.16956,
2017-10-06T02:00:00-07:00,1.16956,1.17138,1.16684,1.16898,
2017-10-06T06:00:00-07:00,1.16898,1.17379,1.16833,1.17231,
2017-10-06T10:00:00-07:00,1.17231,1.17363,1.17231,1.17274,
2017-10-08T14:00:00-07:00,1.17264,1.17434,1.17264,1.17358,
2017-10-08T18:00:00-07:00,1.17358,1.17469,1.17309,1.17347,
2017-10-08T22:00:00-07:00,1.17347,1.17405,1.17188,1.17349,
2017-10-09T02:00:00-07:00,1.17349,1.17471,1.17327,1.1738,
2017-10-09T06:00:00-07:00,1.1738,1.1755,1.17243,1.17489,
2017-10-09T10:00:00-07:00,1.17489,1.17551,1.17379,1.17387,
2017-10-09T14:00:00-07:00,1.17387,1.1748,1.17369,1.17477,
2017-10-09T18:00:00-07:00,1.17477,1.17813,1.1747,1.17697,
2017-10-09T22:00:00-07:00,1.17697,1.17881,1.17616,1.17777,
2017-10-10T02:00:00-07:00,1.17777,1.18062,1.17727,1.17864,
2017-10-10T06:00:00-07:00,1.17864,1.18173,1.17813,1.18018,
2017-10-10T10:00:00-07:00,1.18018,1.18247,1.17952,1.18066,
2017-10-10T14:00:00-07:00,1.18066,1.18267,1.18048,1.18187,
2017-10-10T18:00:00-07:00,1.18187,1.18233,1.17944,1.1813,
2017-10-10T22:00:00-07:00,1.1813,1.1844,1.18117,1.18265,
2017-10-11T02:00:00-07:00,1.18265,1.18458,1.18005,1.18434,
2017-10-11T06:00:00-07:00,1.18434,1.18575,1.18361,1.18449,
2017-10-11T10:00:00-07:00,1.18449,1.18684,1.1839,1.18563,
2017-10-11T14:00:00-07:00,1.18563,1.18708,1.18557,1.18632,
2017-10-11T18:00:00-07:00,1.18632,1.18774,1.1862,1.18753,
2017-10-11T22:00:00-07:00,1.18753,1.18789,1.18552,1.18614,
2017-10-12T02:00:00-07:00,1.18614,1.18652,1.18397,1.18466,
2017-10-12T06:00:00-07:00,1.18466,1.18509,1.18282,1.18343,
2017-10-12T10:00:00-07:00,1.18343,1.18498,1.18262,1.18277,
2017-10-12T14:00:00-07:00,1.18277,1.18436,1.18242,1.18434,
2017-10-12T18:00:00-07:00,1.18434,1.18505,1.18368,1.18446,
2017-10-12T22:00:00-07:00,1.18446,1.18506,1.18143,1.18302,
2017-10-13T02:00:00-07:00,1.18302,1.18733,1.18045,1.18559,
2017-10-13T06:00:00-07:00,1.18559,1.18739,1.18263,1.18263,
2017-10-13T10:00:00-07:00,1.18263,1.18301,1.18099,1.18182,
2017-10-15T14:00:00-07:00,1.18182,1.18186,1.18049,1.18118,
2017-10-15T18:00:00-07:00,1.18118,1.18149,1.17971,1.18082,
2017-10-15T22:00:00-07:00,1.18082,1.18089,1.17798,1.1789,
2017-10-16T02:00:00-07:00,1.1789,1.1816,1.17835,1.18061,
2017-10-16T06:00:00-07:00,1.18061,1.18189,1.17941,1.18098,
2017-10-16T10:00:00-07:00,1.18098,1.18102,1.17853,1.1794,
2017-10-16T14:00:00-07:00,1.1794,1.17991,1.17833,1.17855,
2017-10-16T18:00:00-07:00,1.17855,1.17863,1.17741,1.17766,
2017-10-16T22:00:00-07:00,1.17766,1.17794,1.17543,1.17638,
2017-10-17T02:00:00-07:00,1.17638,1.17688,1.17506,1.17506,
2017-10-17T06:00:00-07:00,1.17506,1.17566,1.17352,1.17449,
2017-10-17T10:00:00-07:00,1.17449,1.17741,1.17436,1.17647,
2017-10-17T14:00:00-07:00,1.17647,1.17798,1.17632,1.17719,
2017-10-17T18:00:00-07:00,1.17719,1.17741,1.17615,1.17631,
2017-10-17T22:00:00-07:00,1.17631,1.17699,1.17431,1.17447,
2017-10-18T02:00:00-07:00,1.17447,1.1769,1.17294,1.1764,
2017-10-18T06:00:00-07:00,1.1764,1.17932,1.17589,1.1786,
2017-10-18T10:00:00-07:00,1.1786,1.18046,1.17827,1.17852,
2017-10-18T14:00:00-07:00,1.17852,1.18157,1.17849,1.18102,
2017-10-18T18:00:00-07:00,1.18102,1.18134,1.17941,1.18015,
2017-10-18T22:00:00-07:00,1.18015,1.18218,1.17672,1.18055,
2017-10-19T02:00:00-07:00,1.18055,1.18414,1.17996,1.18295,
2017-10-19T06:00:00-07:00,1.18295,1.18572,1.1826,1.18339,
2017-10-19T10:00:00-07:00,1.18339,1.1857,1.18253,1.18501,
2017-10-19T14:00:00-07:00,1.18501,1.18521,1.18407,1.18489,
2017-10-19T18:00:00-07:00,1.18489,1.18571,1.18066,1.1814,
2017-10-19T22:00:00-07:00,1.1814,1.18254,1.17898,1.18031,
2017-10-20T02:00:00-07:00,1.18031,1.18197,1.17952,1.18002,
2017-10-20T06:00:00-07:00,1.18002,1.18042,1.17617,1.1783,
2017-10-20T10:00:00-07:00,1.1783,1.1788,1.17654,1.1783,
2017-10-22T14:00:00-07:00,1.17615,1.17733,1.17505,1.17594,
2017-10-22T18:00:00-07:00,1.17594,1.17725,1.17547,1.1769,
2017-10-22T22:00:00-07:00,1.1769,1.17766,1.17394,1.17453,
2017-10-23T02:00:00-07:00,1.17453,1.17525,1.17325,1.17348,
2017-10-23T06:00:00-07:00,1.17348,1.17626,1.17332,1.17436,
2017-10-23T10:00:00-07:00,1.17436,1.17532,1.17242,1.1747,
2017-10-23T14:00:00-07:00,1.1747,1.17599,1.17446,1.17591,
2017-10-23T18:00:00-07:00,1.17591,1.17692,1.17564,1.17609,
2017-10-23T22:00:00-07:00,1.17609,1.17651,1.1742,1.1763,
2017-10-24T02:00:00-07:00,1.1763,1.1769,1.17504,1.17601,
2017-10-24T06:00:00-07:00,1.17601,1.17761,1.17533,1.1763,
2017-10-24T10:00:00-07:00,1.1763,1.17919,1.17554,1.17586,
2017-10-24T14:00:00-07:00,1.17586,1.17692,1.17522,1.17577,
2017-10-24T18:00:00-07:00,1.17577,1.17634,1.17527,1.1757,
2017-10-24T22:00:00-07:00,1.1757,1.17741,1.17547,1.17668,
2017-10-25T02:00:00-07:00,1.17668,1.17852,1.17589,1.17758,
2017-10-25T06:00:00-07:00,1.17758,1.18163,1.17758,1.1812,
2017-10-25T10:00:00-07:00,1.1812,1.1817,1.17993,1.18115,
2017-10-25T14:00:00-07:00,1.18115,1.18222,1.18102,1.18169,
2017-10-25T18:00:00-07:00,1.18169,1.18319,1.18167,1.1825,
2017-10-25T22:00:00-07:00,1.1825,1.18359,1.18117,1.18129,
2017-10-26T02:00:00-07:00,1.18129,1.18159,1.17372,1.17687,
2017-10-26T06:00:00-07:00,1.17687,1.17846,1.16787,1.16812,
2017-10-26T10:00:00-07:00,1.16812,1.16816,1.16398,1.16486,
2017-10-26T14:00:00-07:00,1.16486,1.16561,1.16277,1.163,
2017-10-26T18:00:00-07:00,1.163,1.16385,1.16237,1.16345,
2017-10-26T22:00:00-07:00,1.16345,1.1643,1.1615,1.16264,
2017-10-27T02:00:00-07:00,1.16264,1.16378,1.15868,1.15982,
2017-10-27T06:00:00-07:00,1.15982,1.16231,1.15736,1.15895,
2017-10-27T10:00:00-07:00,1.15895,1.16086,1.1584,1.16052,
2017-10-29T14:00:00-07:00,1.16064,1.16146,1.1593,1.1605,
2017-10-29T18:00:00-07:00,1.1605,1.16165,1.15997,1.16165,
2017-10-29T22:00:00-07:00,1.16165,1.16346,1.16007,1.1633,
2017-10-30T02:00:00-07:00,1.1633,1.16411,1.16091,1.16139,
2017-10-30T06:00:00-07:00,1.16139,1.16453,1.16027,1.16384,
2017-10-30T10:00:00-07:00,1.16384,1.1657,1.16272,1.16482,
2017-10-30T14:00:00-07:00,1.16482,1.1652,1.16388,1.16464,
2017-10-30T18:00:00-07:00,1.16464,1.16464,1.16247,1.16248,
2017-10-30T22:00:00-07:00,1.16248,1.16492,1.16243,1.16405,
2017-10-31T02:00:00-07:00,1.16405,1.16424,1.16245,1.16349,
2017-10-31T06:00:00-07:00,1.16349,1.16605,1.16257,1.16577,
2017-10-31T10:00:00-07:00,1.16577,1.16577,1.16428,1.16435,
2017-10-31T14:00:00-07:00,1.16435,1.16539,1.16384,1.16389,
2017-10-31T18:00:00-07:00,1.16389,1.16401,1.16282,1.163,
2017-10-31T22:00:00-07:00,1.163,1.16563,1.16248,1.16392,
2017-11-01T02:00:00-07:00,1.16392,1.16446,1.16134,1.16168,
2017-11-01T06:00:00-07:00,1.16168,1.16424,1.16055,1.16249,
2017-11-01T10:00:00-07:00,1.16249,1.16405,1.16096,1.16166,
2017-11-01T14:00:00-07:00,1.16166,1.16378,1.16121,1.16337,
2017-11-01T18:00:00-07:00,1.16337,1.1671,1.16321,1.16568,
2017-11-01T22:00:00-07:00,1.16568,1.16619,1.16251,1.16319,
2017-11-02T02:00:00-07:00,1.16319,1.16666,1.16311,1.16514,
2017-11-02T06:00:00-07:00,1.16514,1.16865,1.16343,1.1662,
2017-11-02T10:00:00-07:00,1.1662,1.16636,1.16471,1.16562,
2017-11-02T14:00:00-07:00,1.16562,1.16641,1.16524,1.16563,
2017-11-02T18:00:00-07:00,1.16563,1.16653,1.16556,1.16612,
2017-11-02T22:00:00-07:00,1.16612,1.16671,1.16411,1.16466,
2017-11-03T02:00:00-07:00,1.16466,1.16895,1.16382,1.16537,
2017-11-03T06:00:00-07:00,1.16537,1.1658,1.15993,1.16037,
2017-11-03T10:00:00-07:00,1.16037,1.16134,1.15983,1.16048,
2017-11-05T14:00:00-08:00,1.16048,1.16173,1.15962,1.16094,
2017-11-05T18:00:00-08:00,1.16094,1.1623,1.16053,1.16115,
2017-11-05T22:00:00-08:00,1.16115,1.1616,1.15874,1.16018,
2017-11-06T02:00:00-08:00,1.16018,1.16132,1.15828,1.15845,
2017-11-06T06:00:00-08:00,1.15845,1.1613,1.15795,1.16111,
2017-11-06T10:00:00-08:00,1.16111,1.16152,1.16024,1.16082,
2017-11-06T14:00:00-08:00,1.16082,1.16146,1.16016,1.16036,
2017-11-06T18:00:00-08:00,1.16036,1.16143,1.16011,1.16047,
2017-11-06T22:00:00-08:00,1.16047,1.16083,1.1565,1.15664,
2017-11-07T02:00:00-08:00,1.15664,1.15773,1.15534,1.1562,
2017-11-07T06:00:00-08:00,1.1562,1.15895,1.15592,1.15819,
2017-11-07T10:00:00-08:00,1.15819,1.15919,1.15734,1.15846,
2017-11-07T14:00:00-08:00,1.15846,1.16053,1.15843,1.15952,
2017-11-07T18:00:00-08:00,1.15952,1.15997,1.15926,1.15951,
2017-11-07T22:00:00-08:00,1.15951,1.16103,1.15843,1.15915,
2017-11-08T02:00:00-08:00,1.15915,1.16059,1.15826,1.15903,
2017-11-08T06:00:00-08:00,1.15903,1.16033,1.15783,1.15928,
2017-11-08T10:00:00-08:00,1.15928,1.1598,1.15883,1.1593,
2017-11-08T14:00:00-08:00,1.1593,1.15957,1.15848,1.15932,
2017-11-08T18:00:00-08:00,1.15932,1.16039,1.15902,1.16024,
2017-11-08T22:00:00-08:00,1.16024,1.16147,1.1589,1.16013,
2017-11-09T02:00:00-08:00,1.16013,1.16433,1.15983,1.16035,
2017-11-09T06:00:00-08:00,1.16035,1.16539,1.15997,1.16394,
2017-11-09T10:00:00-08:00,1.16394,1.16492,1.16367,1.16395,
2017-11-09T14:00:00-08:00,1.16395,1.16535,1.16369,1.1645,
2017-11-09T18:00:00-08:00,1.1645,1.16492,1.16405,1.16449,
2017-11-09T22:00:00-08:00,1.16449,1.16612,1.16221,1.16594,
2017-11-10T02:00:00-08:00,1.16594,1.16594,1.16376,1.16473,
2017-11-10T06:00:00-08:00,1.16473,1.1677,1.16472,1.16585,
2017-11-10T10:00:00-08:00,1.16585,1.16681,1.16573,1.16617,
2017-11-12T14:00:00-08:00,1.16552,1.1664,1.16441,1.16492,
2017-11-12T18:00:00-08:00,1.16492,1.16593,1.16482,1.16573,
2017-11-12T22:00:00-08:00,1.16573,1.16576,1.16366,1.16406,
2017-11-13T02:00:00-08:00,1.16406,1.16743,1.16375,1.16692,
2017-11-13T06:00:00-08:00,1.16692,1.16733,1.16543,1.16619,
2017-11-13T10:00:00-08:00,1.16619,1.16702,1.16611,1.16652,
2017-11-13T14:00:00-08:00,1.16652,1.16749,1.16606,1.16695,
2017-11-13T18:00:00-08:00,1.16695,1.16756,1.1666,1.16731,
2017-11-13T22:00:00-08:00,1.16731,1.17193,1.16643,1.17175,
2017-11-14T02:00:00-08:00,1.17175,1.1763,1.1712,1.17511,
2017-11-14T06:00:00-08:00,1.17511,1.17841,1.17438,1.17808,
2017-11-14T10:00:00-08:00,1.17808,1.18041,1.17805,1.17959,
2017-11-14T14:00:00-08:00,1.17959,1.18008,1.17851,1.17886,
2017-11-14T18:00:00-08:00,1.17886,1.17984,1.17852,1.17857,
2017-11-14T22:00:00-08:00,1.17857,1.18521,1.17841,1.18386,
2017-11-15T02:00:00-08:00,1.18386,1.18599,1.18258,1.18437,
2017-11-15T06:00:00-08:00,1.18437,1.1844,1.17891,1.17967,
2017-11-15T10:00:00-08:00,1.17967,1.18028,1.17878,1.17888,
2017-11-15T14:00:00-08:00,1.17888,1.17911,1.17672,1.17869,
2017-11-15T18:00:00-08:00,1.17869,1.17869,1.17749,1.17784,
2017-11-15T22:00:00-08:00,1.17784,1.18,1.17704,1.1775,
2017-11-16T02:00:00-08:00,1.1775,1.17787,1.17563,1.17746,
2017-11-16T06:00:00-08:00,1.17746,1.17843,1.17598,1.17724,
2017-11-16T10:00:00-08:00,1.17724,1.17766,1.17585,1.17682,
2017-11-16T14:00:00-08:00,1.17682,1.18155,1.17646,1.18122,
2017-11-16T18:00:00-08:00,1.18122,1.18209,1.18018,1.18029,
2017-11-16T22:00:00-08:00,1.18029,1.1815,1.17833,1.1793,
2017-11-17T02:00:00-08:00,1.1793,1.18116,1.17731,1.17865,
2017-11-17T06:00:00-08:00,1.17865,1.18019,1.17755,1.18008,
2017-11-17T10:00:00-08:00,1.18008,1.18052,1.17852,1.17888,
2017-11-19T14:00:00-08:00,1.17839,1.17962,1.17215,1.17441,
2017-11-19T18:00:00-08:00,1.17441,1.17451,1.17244,1.1733,
2017-11-19T22:00:00-08:00,1.1733,1.18079,1.17313,1.17935,
2017-11-20T02:00:00-08:00,1.17935,1.17956,1.17659,1.17701,
2017-11-20T06:00:00-08:00,1.17701,1.17746,1.17311,1.17463,
2017-11-20T10:00:00-08:00,1.17463,1.17498,1.17272,1.173,
2017-11-20T14:00:00-08:00,1.173,1.17437,1.173,1.17325,
2017-11-20T18:00:00-08:00,1.17325,1.17427,1.17295,1.17411,
2017-11-20T22:00:00-08:00,1.17411,1.17568,1.17131,1.17278,
2017-11-21T02:00:00-08:00,1.17278,1.17458,1.17123,1.17214,
2017-11-21T06:00:00-08:00,1.17214,1.17474,1.17173,1.1742,
2017-11-21T10:00:00-08:00,1.1742,1.17512,1.17342,1.17359,
2017-11-21T14:00:00-08:00,1.17359,1.17467,1.17307,1.17379,
2017-11-21T18:00:00-08:00,1.17379,1.17443,1.17341,1.17433,
2017-11-21T22:00:00-08:00,1.17433,1.17721,1.17411,1.17558,
2017-11-22T02:00:00-08:00,1.17558,1.17558,1.17348,1.175,
2017-11-22T06:00:00-08:00,1.175,1.17975,1.17494,1.17944,
2017-11-22T10:00:00-08:00,1.17944,1.18261,1.17919,1.182,
2017-11-22T14:00:00-08:00,1.182,1.18237,1.18123,1.18221,
2017-11-22T18:00:00-08:00,1.18221,1.18372,1.18164,1.18286,
2017-11-22T22:00:00-08:00,1.18286,1.18459,1.1823,1.18419,
2017-11-23T02:00:00-08:00,1.18419,1.18551,1.18375,1.18486,
2017-11-23T06:00:00-08:00,1.18486,1.18538,1.18393,1.18482,
2017-11-23T10:00:00-08:00,1.18482,1.18527,1.18442,1.18475,
2017-11-23T14:00:00-08:00,1.18475,1.1854,1.1836,1.18475,
2017-11-23T18:00:00-08:00,1.18475,1.18581,1.18429,1.18509,
2017-11-23T22:00:00-08:00,1.18509,1.18739,1.18362,1.18675,
2017-11-24T02:00:00-08:00,1.18675,1.1898,1.18544,1.18956,
2017-11-24T06:00:00-08:00,1.18956,1.19434,1.18946,1.19268,
2017-11-24T10:00:00-08:00,1.19268,1.19376,1.19221,1.19297,
2017-11-26T14:00:00-08:00,1.19237,1.19352,1.19111,1.19199,
2017-11-26T18:00:00-08:00,1.19199,1.19282,1.19134,1.19274,
2017-11-26T22:00:00-08:00,1.19274,1.1956,1.19166,1.19295,
2017-11-27T02:00:00-08:00,1.19295,1.19604,1.19257,1.1958,
2017-11-27T06:00:00-08:00,1.1958,1.1958,1.18971,1.19013,
2017-11-27T10:00:00-08:00,1.19013,1.19053,1.18948,1.18961,
2017-11-27T14:00:00-08:00,1.18961,1.19078,1.18895,1.18986,
2017-11-27T18:00:00-08:00,1.18986,1.1908,1.1897,1.19011,
2017-11-27T22:00:00-08:00,1.19011,1.19192,1.18846,1.18912,
2017-11-28T02:00:00-08:00,1.18912,1.18995,1.1874,1.18932,
2017-11-28T06:00:00-08:00,1.18932,1.18983,1.18633,1.18689,
2017-11-28T10:00:00-08:00,1.18689,1.18696,1.18262,1.18372,
2017-11-28T14:00:00-08:00,1.18372,1.1852,1.18363,1.18409,
2017-11-28T18:00:00-08:00,1.18409,1.18553,1.18408,1.18506,
2017-11-28T22:00:00-08:00,1.18506,1.1882,1.185,1.18658,
2017-11-29T02:00:00-08:00,1.18658,1.18665,1.18161,1.18368,
2017-11-29T06:00:00-08:00,1.18368,1.18651,1.18277,1.18504,
2017-11-29T10:00:00-08:00,1.18504,1.18642,1.18445,1.18447,
2017-11-29T14:00:00-08:00,1.18447,1.18675,1.18447,1.18601,
2017-11-29T18:00:00-08:00,1.18601,1.18702,1.18579,1.18636,
2017-11-29T22:00:00-08:00,1.18636,1.18751,1.18244,1.18314,
2017-11-30T02:00:00-08:00,1.18314,1.18624,1.18081,1.1858,
2017-11-30T06:00:00-08:00,1.1858,1.19306,1.1858,1.18908,
2017-11-30T10:00:00-08:00,1.18908,1.19139,1.18885,1.19017,
2017-11-30T14:00:00-08:00,1.19017,1.19148,1.18853,1.19086,
2017-11-30T18:00:00-08:00,1.19086,1.19286,1.18996,1.19269,
2017-11-30T22:00:00-08:00,1.19269,1.19395,1.18999,1.19017,
2017-12-01T02:00:00-08:00,1.19017,1.19104,1.18624,1.18684,
2017-12-01T06:00:00-08:00,1.18684,1.19338,1.18501,1.19054,
2017-12-01T10:00:00-08:00,1.19054,1.19099,1.18844,1.18933,
2017-12-03T14:00:00-08:00,1.18597,1.18751,1.18553,1.18743,
2017-12-03T18:00:00-08:00,1.18743,1.18751,1.18665,1.18669,
2017-12-03T22:00:00-08:00,1.18669,1.18778,1.18355,1.18535,
2017-12-04T02:00:00-08:00,1.18535,1.18666,1.18422,1.18448,
2017-12-04T06:00:00-08:00,1.18448,1.1859,1.18284,1.18429,
2017-12-04T10:00:00-08:00,1.18429,1.18673,1.18422,1.18633,
2017-12-04T14:00:00-08:00,1.18633,1.1874,1.18596,1.18721,
2017-12-04T18:00:00-08:00,1.18721,1.1876,1.18662,1.18664,
2017-12-04T22:00:00-08:00,1.18664,1.18757,1.1841,1.18521,
2017-12-05T02:00:00-08:00,1.18521,1.1873,1.18269,1.18341,
2017-12-05T06:00:00-08:00,1.18341,1.18421,1.18044,1.18049,
2017-12-05T10:00:00-08:00,1.18049,1.18288,1.18,1.18244,
2017-12-05T14:00:00-08:00,1.18244,1.18304,1.18155,1.18256,
2017-12-05T18:00:00-08:00,1.18256,1.18471,1.18251,1.18433,
2017-12-05T22:00:00-08:00,1.18433,1.18433,1.18116,1.18227,
2017-12-06T02:00:00-08:00,1.18227,1.18328,1.17995,1.1807,
2017-12-06T06:00:00-08:00,1.1807,1.18074,1.17798,1.17923,
2017-12-06T10:00:00-08:00,1.17923,1.17999,1.17879,1.17933,
2017-12-06T14:00:00-08:00,1.17933,1.18079,1.17916,1.17973,
2017-12-06T18:00:00-08:00,1.17973,1.18059,1.17884,1.17912,
2017-12-06T22:00:00-08:00,1.17912,1.18039,1.17859,1.17883,
2017-12-07T02:00:00-08:00,1.17883,1.17999,1.17752,1.17986,
2017-12-07T06:00:00-08:00,1.17986,1.17994,1.17854,1.17959,
2017-12-07T10:00:00-08:00,1.17959,1.18138,1.1771,1.17712,
2017-12-07T14:00:00-08:00,1.17712,1.17759,1.17608,1.17624,
2017-12-07T18:00:00-08:00,1.17624,1.17685,1.17596,1.17642,
2017-12-07T22:00:00-08:00,1.17642,1.1767,1.17316,1.17359,
2017-12-08T02:00:00-08:00,1.17359,1.1768,1.17293,1.17617,
2017-12-08T06:00:00-08:00,1.17617,1.17702,1.17459,1.17554,
2017-12-08T10:00:00-08:00,1.17554,1.17726,1.17549,1.17698,
2017-12-10T14:00:00-08:00,1.17618,1.1777,1.17615,1.17761,
2017-12-10T18:00:00-08:00,1.17761,1.17836,1.17744,1.17794,
2017-12-10T22:00:00-08:00,1.17794,1.17998,1.17743,1.17966,
2017-12-11T02:00:00-08:00,1.17966,1.18026,1.17759,1.17776,
2017-12-11T06:00:00-08:00,1.17776,1.18108,1.17765,1.1791,
2017-12-11T10:00:00-08:00,1.1791,1.17934,1.17635,1.17672,
2017-12-11T14:00:00-08:00,1.17672,1.17789,1.17668,1.17685,
2017-12-11T18:00:00-08:00,1.17685,1.17746,1.17637,1.17722,
2017-12-11T22:00:00-08:00,1.17722,1.17919,1.17692,1.17826,
2017-12-12T02:00:00-08:00,1.17826,1.1785,1.17491,1.17498,
2017-12-12T06:00:00-08:00,1.17498,1.17511,1.17168,1.17228,
2017-12-12T10:00:00-08:00,1.17228,1.1748,1.17203,1.17392,
2017-12-12T14:00:00-08:00,1.17392,1.17473,1.17336,1.17423,
2017-12-12T18:00:00-08:00,1.17423,1.17613,1.17417,1.17538,
2017-12-12T22:00:00-08:00,1.17538,1.17619,1.17367,1.17484,
2017-12-13T02:00:00-08:00,1.17484,1.177,1.17287,1.17569,
2017-12-13T06:00:00-08:00,1.17569,1.17698,1.17468,1.17621,
2017-12-13T10:00:00-08:00,1.17621,1.18308,1.1762,1.18237,
2017-12-13T14:00:00-08:00,1.18237,1.1843,1.18209,1.18415,
2017-12-13T18:00:00-08:00,1.18415,1.18415,1.18248,1.18259,
2017-12-13T22:00:00-08:00,1.18259,1.18369,1.181,1.18183,
2017-12-14T02:00:00-08:00,1.18183,1.18617,1.18114,1.18199,
2017-12-14T06:00:00-08:00,1.18199,1.18261,1.17699,1.1787,
2017-12-14T10:00:00-08:00,1.1787,1.18006,1.17739,1.1776,
2017-12-14T14:00:00-08:00,1.1776,1.17893,1.17635,1.17839,
2017-12-14T18:00:00-08:00,1.17839,1.17902,1.17776,1.17829,
2017-12-14T22:00:00-08:00,1.17829,1.17978,1.17785,1.17962,
2017-12-15T02:00:00-08:00,1.17962,1.18114,1.17902,1.17986,
2017-12-15T06:00:00-08:00,1.17986,1.17994,1.17597,1.17647,
2017-12-15T10:00:00-08:00,1.17647,1.17648,1.17463,1.17463,
2017-12-17T14:00:00-08:00,1.17411,1.17562,1.17364,1.17557,
2017-12-17T18:00:00-08:00,1.17557,1.17644,1.17549,1.176,
2017-12-17T22:00:00-08:00,1.176,1.17942,1.176,1.17886,
2017-12-18T02:00:00-08:00,1.17886,1.17984,1.17833,1.17927,
2017-12-18T06:00:00-08:00,1.17927,1.18333,1.1787,1.17894,
2017-12-18T10:00:00-08:00,1.17894,1.17969,1.17747,1.17794,
2017-12-18T14:00:00-08:00,1.17794,1.17845,1.17757,1.17814,
2017-12-18T18:00:00-08:00,1.17814,1.1795,1.17795,1.17915,
2017-12-18T22:00:00-08:00,1.17915,1.18177,1.17894,1.18058,
2017-12-19T02:00:00-08:00,1.18058,1.1831,1.17991,1.18258,
2017-12-19T06:00:00-08:00,1.18258,1.18294,1.18041,1.1828,
2017-12-19T10:00:00-08:00,1.1828,1.18479,1.18274,1.18375,
2017-12-19T14:00:00-08:00,1.18375,1.18453,1.18345,1.18412,
2017-12-19T18:00:00-08:00,1.18412,1.18461,1.18402,1.1845,
2017-12-19T22:00:00-08:00,1.1845,1.18533,1.18281,1.18369,
2017-12-20T02:00:00-08:00,1.18369,1.1857,1.18316,1.18431,
2017-12-20T06:00:00-08:00,1.18431,1.1901,1.18426,1.18757,
2017-12-20T10:00:00-08:00,1.18757,1.18882,1.18678,1.18692,
2017-12-20T14:00:00-08:00,1.18692,1.18812,1.18673,1.187,
2017-12-20T18:00:00-08:00,1.187,1.18751,1.18624,1.18671,
2017-12-20T22:00:00-08:00,1.18671,1.18859,1.18625,1.188,
2017-12-21T02:00:00-08:00,1.188,1.18886,1.18504,1.18577,
2017-12-21T06:00:00-08:00,1.18577,1.18783,1.18486,1.18669,
2017-12-21T10:00:00-08:00,1.18669,1.18779,1.18607,1.18714,
2017-12-21T14:00:00-08:00,1.18714,1.18739,1.18162,1.18437,
2017-12-21T18:00:00-08:00,1.18437,1.18508,1.18417,1.18487,
2017-12-21T22:00:00-08:00,1.18487,1.18612,1.18439,1.1848,
2017-12-22T02:00:00-08:00,1.1848,1.1856,1.18444,1.18539,
2017-12-22T06:00:00-08:00,1.18539,1.1856,1.18279,1.18522,
2017-12-22T10:00:00-08:00,1.18522,1.1863,1.18429,1.1859,
2017-12-25T10:00:00-08:00,1.1859,1.18671,1.1859,1.18671,
2017-12-25T14:00:00-08:00,1.18671,1.1873,1.18506,1.18645,
2017-12-25T18:00:00-08:00,1.18645,1.18727,1.18619,1.18697,
2017-12-25T22:00:00-08:00,1.18697,1.18748,1.18568,1.18598,
2017-12-26T02:00:00-08:00,1.18598,1.18599,1.18457,1.18545,
2017-12-26T06:00:00-08:00,1.18545,1.18779,1.18545,1.18695,
2017-12-26T10:00:00-08:00,1.18695,1.18708,1.18557,1.18557,
2017-12-26T14:00:00-08:00,1.18557,1.18638,1.1854,1.18596,
2017-12-26T18:00:00-08:00,1.18596,1.18795,1.18586,1.1877,
2017-12-26T22:00:00-08:00,1.1877,1.18901,1.18637,1.18872,
2017-12-27T02:00:00-08:00,1.18872,1.19036,1.18796,1.19003,
2017-12-27T06:00:00-08:00,1.19003,1.19096,1.18845,1.18982,
2017-12-27T10:00:00-08:00,1.18982,1.19025,1.18834,1.18885,
2017-12-27T14:00:00-08:00,1.18885,1.1905,1.18853,1.1905,
2017-12-27T18:00:00-08:00,1.1905,1.19321,1.19016,1.19309,
2017-12-27T22:00:00-08:00,1.19309,1.19457,1.1925,1.19311,
2017-12-28T02:00:00-08:00,1.19311,1.19468,1.19226,1.19464,
2017-12-28T06:00:00-08:00,1.19464,1.19542,1.19358,1.19523,
2017-12-28T10:00:00-08:00,1.19523,1.19582,1.19383,1.19405,
2017-12-28T14:00:00-08:00,1.19405,1.19484,1.19348,1.19413,
2017-12-28T18:00:00-08:00,1.19413,1.19487,1.19367,1.19481,
2017-12-28T22:00:00-08:00,1.19481,1.1987,1.19451,1.19805,
2017-12-29T02:00:00-08:00,1.19805,1.19979,1.19726,1.19862,
2017-12-29T06:00:00-08:00,1.19862,1.20248,1.19849,1.20206,
2017-12-29T10:00:00-08:00,1.20206,1.20232,1.19915,1.19999,
2018-01-01T10:00:00-08:00,1.19999,1.20034,1.19999,1.2003,
2018-01-01T14:00:00-08:00,1.2003,1.20223,1.2001,1.20147,
2018-01-01T18:00:00-08:00,1.20147,1.20239,1.2007,1.20239,
2018-01-01T22:00:00-08:00,1.20239,1.20698,1.20219,1.20698,
2018-01-02T02:00:00-08:00,1.20698,1.20805,1.20556,1.20566,
2018-01-02T06:00:00-08:00,1.20566,1.20583,1.20257,1.20439,
2018-01-02T10:00:00-08:00,1.20439,1.20644,1.20411,1.20562,
2018-01-02T14:00:00-08:00,1.20562,1.20652,1.20437,1.2052,
2018-01-02T18:00:00-08:00,1.2052,1.20584,1.2041,1.20574,
2018-01-02T22:00:00-08:00,1.20574,1.20598,1.20304,1.20374,
2018-01-03T02:00:00-08:00,1.20374,1.20399,1.201,1.2032,
2018-01-03T06:00:00-08:00,1.2032,1.20321,1.20027,1.20264,
2018-01-03T10:00:00-08:00,1.20264,1.20289,1.20006,1.20122,
2018-01-03T14:00:00-08:00,1.20122,1.20144,1.20037,1.20069,
2018-01-03T18:00:00-08:00,1.20069,1.20223,1.20067,1.20182,
2018-01-03T22:00:00-08:00,1.20182,1.2045,1.20164,1.20425,
2018-01-04T02:00:00-08:00,1.20425,1.20741,1.20406,1.20613,
2018-01-04T06:00:00-08:00,1.20613,1.20882,1.20594,1.20737,
2018-01-04T10:00:00-08:00,1.20737,1.20793,1.20601,1.20661,
2018-01-04T14:00:00-08:00,1.20661,1.20787,1.20617,1.20715,
2018-01-04T18:00:00-08:00,1.20715,1.20748,1.20673,1.20706,
2018-01-04T22:00:00-08:00,1.20706,1.20734,1.20409,1.20445,
2018-01-05T02:00:00-08:00,1.20445,1.2082,1.20412,1.2051,
2018-01-05T06:00:00-08:00,1.2051,1.2055,1.20198,1.20464,
2018-01-05T10:00:00-08:00,1.20464,1.20501,1.2027,1.2029,
2018-01-07T14:00:00-08:00,1.20253,1.20515,1.20252,1.20436,
2018-01-07T18:00:00-08:00,1.20436,1.20459,1.20114,1.20192,
2018-01-07T22:00:00-08:00,1.20192,1.20219,1.19825,1.1989,
2018-01-08T02:00:00-08:00,1.1989,1.20084,1.19678,1.19693,
2018-01-08T06:00:00-08:00,1.19693,1.19813,1.19584,1.19765,
2018-01-08T10:00:00-08:00,1.19765,1.19766,1.1955,1.1965,
2018-01-08T14:00:00-08:00,1.1965,1.19727,1.19572,1.19661,
2018-01-08T18:00:00-08:00,1.19661,1.19749,1.19633,1.19642,
2018-01-08T22:00:00-08:00,1.19642,1.19701,1.19312,1.19378,
2018-01-09T02:00:00-08:00,1.19378,1.19387,1.19149,1.192,
2018-01-09T06:00:00-08:00,1.192,1.19328,1.19164,1.19202,
2018-01-09T10:00:00-08:00,1.19202,1.19383,1.19157,1.19345,
2018-01-09T14:00:00-08:00,1.19345,1.19444,1.1927,1.19443,
2018-01-09T18:00:00-08:00,1.19443,1.19487,1.19262,1.19272,
2018-01-09T22:00:00-08:00,1.19272,1.19541,1.19224,1.19378,
2018-01-10T02:00:00-08:00,1.19378,1.2017,1.19308,1.19942,
2018-01-10T06:00:00-08:00,1.19942,1.20063,1.19499,1.19598,
2018-01-10T10:00:00-08:00,1.19598,1.19669,1.19393,1.19451,
2018-01-10T14:00:00-08:00,1.19451,1.19621,1.19449,1.19586,
2018-01-10T18:00:00-08:00,1.19586,1.19692,1.19404,1.19515,
2018-01-10T22:00:00-08:00,1.19515,1.19515,1.19286,1.1947,
2018-01-11T02:00:00-08:00,1.1947,1.20341,1.19356,1.20305,
2018-01-11T06:00:00-08:00,1.20305,1.20582,1.20302,1.20369,
2018-01-11T10:00:00-08:00,1.20369,1.20466,1.20269,1.20301,
2018-01-11T14:00:00-08:00,1.20301,1.20658,1.20293,1.20445,
2018-01-11T18:00:00-08:00,1.20445,1.20563,1.20392,1.20433,
2018-01-11T22:00:00-08:00,1.20433,1.21361,1.20415,1.21245,
2018-01-12T02:00:00-08:00,1.21245,1.21478,1.21113,1.21191,
2018-01-12T06:00:00-08:00,1.21191,1.21549,1.21107,1.21337,
2018-01-12T10:00:00-08:00,1.21337,1.22179,1.21322,1.21993,
2018-01-14T14:00:00-08:00,1.21916,1.22109,1.21868,1.21975,
2018-01-14T18:00:00-08:00,1.21975,1.22391,1.21914,1.2222,
2018-01-14T22:00:00-08:00,1.2222,1.22687,1.22006,1.22595,
2018-01-15T02:00:00-08:00,1.22595,1.22957,1.22506,1.22824,
2018-01-15T06:00:00-08:00,1.22824,1.22925,1.22536,1.22709,
2018-01-15T10:00:00-08:00,1.22709,1.22775,1.22616,1.22616,
2018-01-15T14:00:00-08:00,1.22616,1.22741,1.22471,1.22647,
2018-01-15T18:00:00-08:00,1.22647,1.22788,1.22546,1.22621,
2018-01-15T22:00:00-08:00,1.22621,1.22822,1.22151,1.22323,
2018-01-16T02:00:00-08:00,1.22323,1.22394,1.22007,1.22175,
2018-01-16T06:00:00-08:00,1.22175,1.22472,1.21945,1.22427,
2018-01-16T10:00:00-08:00,1.22427,1.22801,1.22423,1.22588,
2018-01-16T14:00:00-08:00,1.22588,1.23223,1.22535,1.22899,
2018-01-16T18:00:00-08:00,1.22899,1.22964,1.22365,1.22434,
2018-01-16T22:00:00-08:00,1.22434,1.22503,1.22077,1.22357,
2018-01-17T02:00:00-08:00,1.22357,1.22491,1.21956,1.22184,
2018-01-17T06:00:00-08:00,1.22184,1.22521,1.22116,1.22504,
2018-01-17T10:00:00-08:00,1.22504,1.22872,1.21762,1.21837,
2018-01-17T14:00:00-08:00,1.21837,1.22033,1.21638,1.21922,
2018-01-17T18:00:00-08:00,1.21922,1.22081,1.21726,1.22059,
2018-01-17T22:00:00-08:00,1.22059,1.2217,1.21855,1.22137,
2018-01-18T02:00:00-08:00,1.22137,1.22517,1.22116,1.22483,
2018-01-18T06:00:00-08:00,1.22483,1.22639,1.22198,1.22276,
2018-01-18T10:00:00-08:00,1.22276,1.22464,1.22191,1.22361,
2018-01-18T14:00:00-08:00,1.22361,1.22529,1.22309,1.22424,
2018-01-18T18:00:00-08:00,1.22424,1.22693,1.22392,1.226,
2018-01-18T22:00:00-08:00,1.226,1.22945,1.22506,1.22809,
2018-01-19T02:00:00-08:00,1.22809,1.22833,1.22386,1.22425,
2018-01-19T06:00:00-08:00,1.22425,1.22565,1.22176,1.22318,
2018-01-19T10:00:00-08:00,1.22318,1.22379,1.2214,1.22166,
2018-01-21T14:00:00-08:00,1.22679,1.22697,1.22242,1.22278,
2018-01-21T18:00:00-08:00,1.22278,1.22369,1.22155,1.22305,
2018-01-21T22:00:00-08:00,1.22305,1.22549,1.22131,1.22488,
2018-01-22T02:00:00-08:00,1.22488,1.22663,1.22327,1.22485,
2018-01-22T06:00:00-08:00,1.22485,1.22596,1.22233,1.22427,
2018-01-22T10:00:00-08:00,1.22427,1.22634,1.22384,1.22574,
2018-01-22T14:00:00-08:00,1.22574,1.22744,1.22544,1.22655,
2018-01-22T18:00:00-08:00,1.22655,1.22749,1.22502,1.22569,
2018-01-22T22:00:00-08:00,1.22569,1.22703,1.22223,1.22369,
2018-01-23T02:00:00-08:00,1.22369,1.2264,1.22332,1.22577,
2018-01-23T06:00:00-08:00,1.22577,1.23054,1.22503,1.22784,
2018-01-23T10:00:00-08:00,1.22784,1.22988,1.2275,1.22963,
2018-01-23T14:00:00-08:00,1.22963,1.23144,1.22908,1.23063,
2018-01-23T18:00:00-08:00,1.23063,1.23344,1.23003,1.23239,
2018-01-23T22:00:00-08:00,1.23239,1.23551,1.23019,1.23362,
2018-01-24T02:00:00-08:00,1.23362,1.2367,1.23287,1.23651,
2018-01-24T06:00:00-08:00,1.23651,1.24013,1.23626,1.23907,
2018-01-24T10:00:00-08:00,1.23907,1.24141,1.23892,1.24061,
2018-01-24T14:00:00-08:00,1.24061,1.24097,1.23839,1.24094,
2018-01-24T18:00:00-08:00,1.24094,1.24477,1.24048,1.24472,
2018-01-24T22:00:00-08:00,1.24472,1.24585,1.23887,1.2431,
2018-01-25T02:00:00-08:00,1.2431,1.24971,1.23966,1.2496,
2018-01-25T06:00:00-08:00,1.2496,1.25368,1.24616,1.24915,
2018-01-25T10:00:00-08:00,1.24915,1.25055,1.23631,1.23935,
2018-01-25T14:00:00-08:00,1.23935,1.24323,1.23682,1.24292,
2018-01-25T18:00:00-08:00,1.24292,1.24313,1.24113,1.243,
2018-01-25T22:00:00-08:00,1.243,1.24928,1.24272,1.24547,
2018-01-26T02:00:00-08:00,1.24547,1.2466,1.24202,1.2428,
2018-01-26T06:00:00-08:00,1.2428,1.24468,1.24063,1.24383,
2018-01-26T10:00:00-08:00,1.24383,1.24494,1.24054,1.24238,
2018-01-28T14:00:00-08:00,1.24249,1.24315,1.2395,1.23959,
2018-01-28T18:00:00-08:00,1.23959,1.24212,1.23844,1.2413,
2018-01-28T22:00:00-08:00,1.2413,1.2428,1.23879,1.24113,
2018-01-29T02:00:00-08:00,1.24113,1.24273,1.23582,1.23638,
2018-01-29T06:00:00-08:00,1.23638,1.23733,1.23358,1.23707,
2018-01-29T10:00:00-08:00,1.23707,1.23891,1.23683,1.23804,
2018-01-29T14:00:00-08:00,1.23804,1.23873,1.23676,1.23845,
2018-01-29T18:00:00-08:00,1.23845,1.23857,1.23593,1.23631,
2018-01-29T22:00:00-08:00,1.23631,1.24067,1.23345,1.23969,
2018-01-30T02:00:00-08:00,1.23969,1.24475,1.23939,1.24444,
2018-01-30T06:00:00-08:00,1.24444,1.24531,1.23832,1.24043,
2018-01-30T10:00:00-08:00,1.24043,1.24058,1.23834,1.24002,
2018-01-30T14:00:00-08:00,1.24002,1.24237,1.23954,1.24136,
2018-01-30T18:00:00-08:00,1.24136,1.24368,1.23982,1.24363,
2018-01-30T22:00:00-08:00,1.24363,1.24618,1.24247,1.24503,
2018-01-31T02:00:00-08:00,1.24503,1.24723,1.24387,1.24637,
2018-01-31T06:00:00-08:00,1.24637,1.2474,1.24059,1.24142,
2018-01-31T10:00:00-08:00,1.24142,1.24372,1.23863,1.24124,
2018-01-31T14:00:00-08:00,1.24124,1.24277,1.24036,1.24183,
2018-01-31T18:00:00-08:00,1.24183,1.24274,1.24135,1.24199,
2018-01-31T22:00:00-08:00,1.24199,1.24489,1.23846,1.24453,
2018-02-01T02:00:00-08:00,1.24453,1.24614,1.24238,1.24486,
2018-02-01T06:00:00-08:00,1.24486,1.24974,1.24308,1.24777,
2018-02-01T10:00:00-08:00,1.24777,1.25218,1.24767,1.25069,
2018-02-01T14:00:00-08:00,1.25069,1.25147,1.24911,1.24985,
2018-02-01T18:00:00-08:00,1.24985,1.25033,1.2488,1.24949,
2018-02-01T22:00:00-08:00,1.24949,1.25173,1.24796,1.2486,
2018-02-02T02:00:00-08:00,1.2486,1.2498,1.24373,1.24446,
2018-02-02T06:00:00-08:00,1.24446,1.24768,1.24081,1.24685,
2018-02-02T10:00:00-08:00,1.24685,1.24898,1.24478,1.24536,
2018-02-04T14:00:00-08:00,1.2435,1.24575,1.24235,1.24531,
2018-02-04T18:00:00-08:00,1.24531,1.24657,1.2443,1.24596,
2018-02-04T22:00:00-08:00,1.24596,1.2474,1.24385,1.246,
2018-02-05T02:00:00-08:00,1.246,1.24712,1.24352,1.2437,
2018-02-05T06:00:00-08:00,1.2437,1.2437,1.23982,1.24279,
2018-02-05T10:00:00-08:00,1.24279,1.24279,1.23618,1.23643,
2018-02-05T14:00:00-08:00,1.23643,1.23875,1.23632,1.23746,
2018-02-05T18:00:00-08:00,1.23746,1.23781,1.23499,1.2375,
2018-02-05T22:00:00-08:00,1.2375,1.24337,1.23702,1.24021,
2018-02-06T02:00:00-08:00,1.24021,1.24164,1.23213,1.23427,
2018-02-06T06:00:00-08:00,1.23427,1.24031,1.2313,1.23903,
2018-02-06T10:00:00-08:00,1.23903,1.24032,1.23691,1.23748,
2018-02-06T14:00:00-08:00,1.23748,1.23926,1.23692,1.23883,
2018-02-06T18:00:00-08:00,1.23883,1.23923,1.23778,1.23902,
2018-02-06T22:00:00-08:00,1.23902,1.24052,1.23492,1.23497,
2018-02-07T02:00:00-08:00,1.23497,1.2354,1.23328,1.23365,
2018-02-07T06:00:00-08:00,1.23365,1.23443,1.22546,1.22688,
2018-02-07T10:00:00-08:00,1.22688,1.22814,1.22451,1.22614,
2018-02-07T14:00:00-08:00,1.22614,1.22794,1.22507,1.22711,
2018-02-07T18:00:00-08:00,1.22711,1.22859,1.22537,1.22741,
2018-02-07T22:00:00-08:00,1.22741,1.22939,1.22242,1.22299,
2018-02-08T02:00:00-08:00,1.22299,1.22759,1.22114,1.22747,
2018-02-08T06:00:00-08:00,1.22747,1.22942,1.22314,1.22494,
2018-02-08T10:00:00-08:00,1.22494,1.22719,1.22412,1.22448,
2018-02-08T14:00:00-08:00,1.22448,1.2263,1.22419,1.22513,
2018-02-08T18:00:00-08:00,1.22513,1.2261,1.22394,1.22567,
2018-02-08T22:00:00-08:00,1.22567,1.22861,1.22509,1.22639,
2018-02-09T02:00:00-08:00,1.22639,1.22788,1.22267,1.22757,
2018-02-09T06:00:00-08:00,1.22757,1.22758,1.22048,1.22134,
2018-02-09T10:00:00-08:00,1.22134,1.22534,1.22091,1.22485,
2018-02-11T14:00:00-08:00,1.22472,1.22793,1.22404,1.22709,
2018-02-11T18:00:00-08:00,1.22709,1.2296,1.22693,1.22818,
2018-02-11T22:00:00-08:00,1.22818,1.22951,1.22602,1.22628,
2018-02-12T02:00:00-08:00,1.22628,1.22744,1.22342,1.22422,
2018-02-12T06:00:00-08:00,1.22422,1.22818,1.22366,1.22742,
2018-02-12T10:00:00-08:00,1.22742,1.22964,1.2274,1.22893,
2018-02-12T14:00:00-08:00,1.22893,1.23065,1.22845,1.2293,
2018-02-12T18:00:00-08:00,1.2293,1.2315,1.22837,1.23128,
2018-02-12T22:00:00-08:00,1.23128,1.23368,1.23086,1.23128,
2018-02-13T02:00:00-08:00,1.23128,1.2355,1.23114,1.23425,
2018-02-13T06:00:00-08:00,1.23425,1.23703,1.2342,1.23522,
2018-02-13T10:00:00-08:00,1.23522,1.23649,1.23438,1.23492,
2018-02-13T14:00:00-08:00,1.23492,1.23614,1.23459,1.23538,
2018-02-13T18:00:00-08:00,1.23538,1.23915,1.23532,1.23778,
2018-02-13T22:00:00-08:00,1.23778,1.2385,1.23499,1.23521,
2018-02-14T02:00:00-08:00,1.23521,1.23568,1.22753,1.23035,
2018-02-14T06:00:00-08:00,1.23035,1.24195,1.23003,1.2417,
2018-02-14T10:00:00-08:00,1.2417,1.24644,1.24154,1.24482,
2018-02-14T14:00:00-08:00,1.24482,1.24724,1.24472,1.24602,
2018-02-14T18:00:00-08:00,1.24602,1.24672,1.24512,1.24653,
2018-02-14T22:00:00-08:00,1.24653,1.25096,1.24596,1.24863,
2018-02-15T02:00:00-08:00,1.24863,1.2494,1.24603,1.24729,
2018-02-15T06:00:00-08:00,1.24729,1.2505,1.24563,1.24707,
2018-02-15T10:00:00-08:00,1.24707,1.25094,1.24699,1.25094,
2018-02-15T14:00:00-08:00,1.25094,1.2514,1.24956,1.25129,
2018-02-15T18:00:00-08:00,1.25129,1.25543,1.25063,1.25482,
2018-02-15T22:00:00-08:00,1.25482,1.25482,1.25224,1.25266,
2018-02-16T02:00:00-08:00,1.25266,1.25284,1.24491,1.24517,
2018-02-16T06:00:00-08:00,1.24517,1.24592,1.24282,1.24399,
2018-02-16T10:00:00-08:00,1.24399,1.24418,1.23925,1.24022,
2018-02-18T14:00:00-08:00,1.24022,1.24343,1.24008,1.24335,
2018-02-18T18:00:00-08:00,1.24335,1.24335,1.24038,1.24086,
2018-02-18T22:00:00-08:00,1.24086,1.24202,1.23871,1.24098,
2018-02-19T02:00:00-08:00,1.24098,1.24263,1.23693,1.2372,
2018-02-19T06:00:00-08:00,1.2372,1.24148,1.23683,1.24121,
2018-02-19T10:00:00-08:00,1.24121,1.24133,1.24034,1.24055,
2018-02-19T14:00:00-08:00,1.24055,1.24114,1.23842,1.23935,
2018-02-19T18:00:00-08:00,1.23935,1.23971,1.23784,1.23845,
2018-02-19T22:00:00-08:00,1.23845,1.2391,1.23423,1.23429,
2018-02-20T02:00:00-08:00,1.23429,1.23548,1.23193,1.23248,
2018-02-20T06:00:00-08:00,1.23248,1.23609,1.23218,1.23434,
2018-02-20T10:00:00-08:00,1.23434,1.2345,1.23293,1.23363,
2018-02-20T14:00:00-08:00,1.23363,1.23439,1.23277,1.23364,
2018-02-20T18:00:00-08:00,1.23364,1.23435,1.2316,1.23219,
2018-02-20T22:00:00-08:00,1.23219,1.23388,1.23068,1.23327,
2018-02-21T02:00:00-08:00,1.23327,1.23328,1.22992,1.23198,
2018-02-21T06:00:00-08:00,1.23198,1.23347,1.23028,1.23262,
2018-02-21T10:00:00-08:00,1.23262,1.2359,1.22802,1.2281,
2018-02-21T14:00:00-08:00,1.2281,1.22843,1.22642,1.22782,
2018-02-21T18:00:00-08:00,1.22782,1.22829,1.22707,1.22737,
2018-02-21T22:00:00-08:00,1.22737,1.22947,1.2259,1.22931,
2018-02-22T02:00:00-08:00,1.22931,1.23141,1.22637,1.23123,
2018-02-22T06:00:00-08:00,1.23123,1.23511,1.23045,1.23355,
2018-02-22T10:00:00-08:00,1.23355,1.23384,1.23187,1.23283,
2018-02-22T14:00:00-08:00,1.23283,1.2336,1.23159,1.23241,
2018-02-22T18:00:00-08:00,1.23241,1.23253,1.22947,1.23016,
2018-02-22T22:00:00-08:00,1.23016,1.23202,1.22791,1.23071,
2018-02-23T02:00:00-08:00,1.23071,1.23167,1.22869,1.22971,
2018-02-23T06:00:00-08:00,1.22971,1.23177,1.22842,1.23054,
2018-02-23T10:00:00-08:00,1.23054,1.23055,1.22876,1.22921,
2018-02-25T14:00:00-08:00,1.22907,1.2304,1.22795,1.22969,
2018-02-25T18:00:00-08:00,1.22969,1.23273,1.22969,1.23272,
2018-02-25T22:00:00-08:00,1.23272,1.23489,1.23145,1.23423,
2018-02-26T02:00:00-08:00,1.23423,1.2354,1.23046,1.23048,
2018-02-26T06:00:00-08:00,1.23048,1.23167,1.2277,1.2307,
2018-02-26T10:00:00-08:00,1.2307,1.23189,1.23013,1.23156,
2018-02-26T14:00:00-08:00,1.23156,1.2336,1.23078,1.23351,
2018-02-26T18:00:00-08:00,1.23351,1.23419,1.23205,1.23253,
2018-02-26T22:00:00-08:00,1.23253,1.23455,1.23191,1.23303,
2018-02-27T02:00:00-08:00,1.23303,1.2337,1.2285,1.22867,
2018-02-27T06:00:00-08:00,1.22867,1.22979,1.22208,1.22474,
2018-02-27T10:00:00-08:00,1.22474,1.22541,1.2225,1.22313,
2018-02-27T14:00:00-08:00,1.22313,1.22378,1.22204,1.22287,
2018-02-27T18:00:00-08:00,1.22287,1.2233,1.22145,1.22263,
2018-02-27T22:00:00-08:00,1.22263,1.22408,1.2198,1.22195,
2018-02-28T02:00:00-08:00,1.22195,1.22291,1.22014,1.22173,
2018-02-28T06:00:00-08:00,1.22173,1.22273,1.2187,1.22076,
2018-02-28T10:00:00-08:00,1.22076,1.22138,1.21911,1.21916,
2018-02-28T14:00:00-08:00,1.21916,1.21979,1.21827,1.21908,
2018-02-28T18:00:00-08:00,1.21908,1.21976,1.21853,1.21916,
2018-02-28T22:00:00-08:00,1.21916,1.22124,1.21792,1.21807,
2018-03-01T02:00:00-08:00,1.21807,1.21952,1.21621,1.21866,
2018-03-01T06:00:00-08:00,1.21866,1.22212,1.21537,1.22112,
2018-03-01T10:00:00-08:00,1.22112,1.2272,1.21858,1.22643,
2018-03-01T14:00:00-08:00,1.22643,1.22798,1.22603,1.22735,
2018-03-01T18:00:00-08:00,1.22735,1.22872,1.22688,1.22782,
2018-03-01T22:00:00-08:00,1.22782,1.2281,1.22506,1.22751,
2018-03-02T02:00:00-08:00,1.22751,1.23219,1.22739,1.23081,
2018-03-02T06:00:00-08:00,1.23081,1.2332,1.22962,1.23114,
2018-03-02T10:00:00-08:00,1.23114,1.23351,1.23114,1.23142,
2018-03-04T14:00:00-08:00,1.23316,1.23629,1.22986,1.23291,
2018-03-04T18:00:00-08:00,1.23291,1.23297,1.23116,1.23182,
2018-03-04T22:00:00-08:00,1.23182,1.23335,1.22683,1.23212,
2018-03-05T02:00:00-08:00,1.23212,1.23309,1.22831,1.23074,
2018-03-05T06:00:00-08:00,1.23074,1.23479,1.23014,1.23333,
2018-03-05T10:00:00-08:00,1.23333,1.23378,1.2321,1.23348,
2018-03-05T14:00:00-08:00,1.23348,1.2362,1.23305,1.23549,
2018-03-05T18:00:00-08:00,1.23549,1.23589,1.23422,1.23484,
2018-03-05T22:00:00-08:00,1.23484,1.23546,1.23273,1.23433,
2018-03-06T02:00:00-08:00,1.23433,1.24133,1.23336,1.24063,
2018-03-06T06:00:00-08:00,1.24063,1.24191,1.23856,1.23925,
2018-03-06T10:00:00-08:00,1.23925,1.24109,1.23913,1.24021,
2018-03-06T14:00:00-08:00,1.24021,1.24277,1.24019,1.24131,
2018-03-06T18:00:00-08:00,1.24131,1.2422,1.24096,1.24179,
2018-03-06T22:00:00-08:00,1.24179,1.24326,1.24032,1.24227,
2018-03-07T02:00:00-08:00,1.24227,1.2444,1.23971,1.2414,
2018-03-07T06:00:00-08:00,1.2414,1.24215,1.2384,1.23996,
2018-03-07T10:00:00-08:00,1.23996,1.24146,1.2396,1.24088,
2018-03-07T14:00:00-08:00,1.24088,1.24148,1.23958,1.23996,
2018-03-07T18:00:00-08:00,1.23996,1.24092,1.23953,1.24032,
2018-03-07T22:00:00-08:00,1.24032,1.24138,1.23772,1.23819,
2018-03-08T02:00:00-08:00,1.23819,1.24451,1.2368,1.2402,
2018-03-08T06:00:00-08:00,1.2402,1.2404,1.2304,1.23179,
2018-03-08T10:00:00-08:00,1.23179,1.2319,1.22973,1.23093,
2018-03-08T14:00:00-08:00,1.23093,1.23162,1.22943,1.22979,
2018-03-08T18:00:00-08:00,1.22979,1.23167,1.22963,1.23145,
2018-03-08T22:00:00-08:00,1.23145,1.23211,1.22939,1.2301,
2018-03-09T02:00:00-08:00,1.2301,1.23126,1.22723,1.22926,
2018-03-09T06:00:00-08:00,1.22926,1.23335,1.22905,1.23167,
2018-03-09T10:00:00-08:00,1.23167,1.23204,1.23016,1.23034,
2018-03-11T14:00:00-07:00,1.23034,1.23126,1.23034,1.23099,
2018-03-11T18:00:00-07:00,1.23099,1.23251,1.23054,1.23239,
2018-03-11T22:00:00-07:00,1.23239,1.234,1.23141,1.23336,
2018-03-12T02:00:00-07:00,1.23336,1.23338,1.22896,1.23005,
2018-03-12T06:00:00-07:00,1.23005,1.23253,1.22938,1.23185,
2018-03-12T10:00:00-07:00,1.23185,1.23446,1.23145,1.23318,
2018-03-12T14:00:00-07:00,1.23318,1.23444,1.23313,1.23392,
2018-03-12T18:00:00-07:00,1.23392,1.23408,1.23252,1.23268,
2018-03-12T22:00:00-07:00,1.23268,1.23349,1.23137,1.23331,
2018-03-13T02:00:00-07:00,1.23331,1.23847,1.2323,1.23655,
2018-03-13T06:00:00-07:00,1.23655,1.24066,1.23393,1.24007,
2018-03-13T10:00:00-07:00,1.24007,1.24054,1.23835,1.23892,
2018-03-13T14:00:00-07:00,1.23892,1.23978,1.23876,1.23935,
2018-03-13T18:00:00-07:00,1.23935,1.24109,1.23895,1.24067,
2018-03-13T22:00:00-07:00,1.24067,1.24117,1.2363,1.23744,
2018-03-14T02:00:00-07:00,1.23744,1.23957,1.23606,1.23623,
2018-03-14T06:00:00-07:00,1.23623,1.23775,1.23464,1.23666,
2018-03-14T10:00:00-07:00,1.23666,1.23775,1.23647,1.23653,
2018-03-14T14:00:00-07:00,1.23653,1.23828,1.23637,1.23808,
2018-03-14T18:00:00-07:00,1.23808,1.23826,1.23737,1.23807,
2018-03-14T22:00:00-07:00,1.23807,1.23814,1.23603,1.2364,
2018-03-15T02:00:00-07:00,1.2364,1.23671,1.23345,1.23374,
2018-03-15T06:00:00-07:00,1.23374,1.2347,1.23103,1.23152,
2018-03-15T10:00:00-07:00,1.23152,1.23344,1.22995,1.23031,
2018-03-15T14:00:00-07:00,1.23031,1.23092,1.23013,1.23033,
2018-03-15T18:00:00-07:00,1.23033,1.23122,1.22943,1.23096,
2018-03-15T22:00:00-07:00,1.23096,1.23241,1.23057,1.23174,
2018-03-16T02:00:00-07:00,1.23174,1.23353,1.23078,1.23079,
2018-03-16T06:00:00-07:00,1.23079,1.23089,1.22594,1.22906,
2018-03-16T10:00:00-07:00,1.22906,1.22928,1.22763,1.22863,
2018-03-18T14:00:00-07:00,1.22863,1.2291,1.227,1.22703,
2018-03-18T18:00:00-07:00,1.22703,1.22724,1.22641,1.22659,
2018-03-18T22:00:00-07:00,1.22659,1.22799,1.22573,1.22793,
2018-03-19T02:00:00-07:00,1.22793,1.23246,1.22718,1.23019,
2018-03-19T06:00:00-07:00,1.23019,1.23362,1.23006,1.23326,
2018-03-19T10:00:00-07:00,1.23326,1.23579,1.23323,1.23331,
2018-03-19T14:00:00-07:00,1.23331,1.2344,1.23313,1.23403,
2018-03-19T18:00:00-07:00,1.23403,1.23496,1.23363,1.23378,
2018-03-19T22:00:00-07:00,1.23378,1.23537,1.23329,1.23453,
2018-03-20T02:00:00-07:00,1.23453,1.23457,1.22792,1.22836,
2018-03-20T06:00:00-07:00,1.22836,1.22858,1.22447,1.22532,
2018-03-20T10:00:00-07:00,1.22532,1.22636,1.22389,1.22396,
2018-03-20T14:00:00-07:00,1.22396,1.22558,1.22385,1.22554,
2018-03-20T18:00:00-07:00,1.22554,1.22659,1.2249,1.22602,
2018-03-20T22:00:00-07:00,1.22602,1.22898,1.22593,1.2279,
2018-03-21T02:00:00-07:00,1.2279,1.22857,1.22635,1.2284,
2018-03-21T06:00:00-07:00,1.2284,1.22949,1.22563,1.22613,
2018-03-21T10:00:00-07:00,1.22613,1.23491,1.22507,1.23375,
2018-03-21T14:00:00-07:00,1.23375,1.23682,1.23348,1.23671,
2018-03-21T18:00:00-07:00,1.23671,1.23683,1.23542,1.23596,
2018-03-21T22:00:00-07:00,1.23596,1.23874,1.23409,1.23561,
2018-03-22T02:00:00-07:00,1.23561,1.23587,1.23056,1.23133,
2018-03-22T06:00:00-07:00,1.23133,1.23248,1.22845,1.23056,
2018-03-22T10:00:00-07:00,1.23056,1.23219,1.22912,1.23008,
2018-03-22T14:00:00-07:00,1.23008,1.23404,1.22989,1.23359,
2018-03-22T18:00:00-07:00,1.23359,1.23405,1.23247,1.23336,
2018-03-22T22:00:00-07:00,1.23336,1.23478,1.23159,1.23354,
2018-03-23T02:00:00-07:00,1.23354,1.23588,1.23193,1.23375,
2018-03-23T06:00:00-07:00,1.23375,1.23658,1.23222,1.2362,
2018-03-23T10:00:00-07:00,1.2362,1.23723,1.23494,1.23502,
2018-03-25T14:00:00-07:00,1.23502,1.23783,1.23487,1.23687,
2018-03-25T18:00:00-07:00,1.23687,1.23804,1.23632,1.23725,
2018-03-25T22:00:00-07:00,1.23725,1.23978,1.23581,1.23914,
2018-03-26T02:00:00-07:00,1.23914,1.24159,1.23909,1.23996,
2018-03-26T06:00:00-07:00,1.23996,1.24491,1.23972,1.24434,
2018-03-26T10:00:00-07:00,1.24434,1.24607,1.24389,1.24419,
2018-03-26T14:00:00-07:00,1.24419,1.24569,1.24409,1.24488,
2018-03-26T18:00:00-07:00,1.24488,1.24542,1.24414,1.24489,
2018-03-26T22:00:00-07:00,1.24489,1.24755,1.24252,1.24292,
2018-03-27T02:00:00-07:00,1.24292,1.24298,1.23714,1.23862,
2018-03-27T06:00:00-07:00,1.23862,1.24148,1.23768,1.24126,
2018-03-27T10:00:00-07:00,1.24126,1.24141,1.23938,1.24011,
2018-03-27T14:00:00-07:00,1.24011,1.2415,1.23995,1.24118,
2018-03-27T18:00:00-07:00,1.24118,1.24209,1.24062,1.24074,
2018-03-27T22:00:00-07:00,1.24074,1.24096,1.23756,1.23967,
2018-03-28T02:00:00-07:00,1.23967,1.24078,1.23764,1.23821,
2018-03-28T06:00:00-07:00,1.23821,1.23831,1.2334,1.23451,
2018-03-28T10:00:00-07:00,1.23451,1.235,1.22994,1.23062,
2018-03-28T14:00:00-07:00,1.23062,1.23135,1.23006,1.23117,
2018-03-28T18:00:00-07:00,1.23117,1.23303,1.23113,1.23293,
2018-03-28T22:00:00-07:00,1.23293,1.23341,1.22946,1.23059,
2018-03-29T02:00:00-07:00,1.23059,1.23342,1.2297,1.23181,
2018-03-29T06:00:00-07:00,1.23181,1.23345,1.2283,1.22896,
2018-03-29T10:00:00-07:00,1.22896,1.23093,1.22848,1.22991,
2018-03-29T14:00:00-07:00,1.22991,1.23079,1.22921,1.22989,
2018-03-29T18:00:00-07:00,1.22989,1.23169,1.22987,1.23104,
2018-03-29T22:00:00-07:00,1.23104,1.23295,1.23042,1.23272,
2018-03-30T02:00:00-07:00,1.23272,1.23291,1.23214,1.23268,
2018-03-30T06:00:00-07:00,1.23268,1.23278,1.23107,1.23249,
2018-03-30T10:00:00-07:00,1.23249,1.23262,1.23161,1.23172,
2018-04-01T14:00:00-07:00,1.23208,1.23217,1.23099,1.2321,
2018-04-01T18:00:00-07:00,1.2321,1.23274,1.2314,1.23161,
2018-04-01T22:00:00-07:00,1.23161,1.23309,1.23106,1.23282,
2018-04-02T02:00:00-07:00,1.23282,1.2344,1.23257,1.2335,
2018-04-02T06:00:00-07:00,1.2335,1.23365,1.22813,1.22931,
2018-04-02T10:00:00-07:00,1.22931,1.23062,1.22871,1.23001,
2018-04-02T14:00:00-07:00,1.23001,1.23043,1.22912,1.23025,
2018-04-02T18:00:00-07:00,1.23025,1.23107,1.22962,1.23086,
2018-04-02T22:00:00-07:00,1.23086,1.23354,1.23026,1.23158,
2018-04-03T02:00:00-07:00,1.23158,1.2318,1.22852,1.22949,
2018-04-03T06:00:00-07:00,1.22949,1.2298,1.22527,1.22655,
2018-04-03T10:00:00-07:00,1.22655,1.22731,1.22596,1.22685,
2018-04-03T14:00:00-07:00,1.22685,1.22799,1.22629,1.2278,
2018-04-03T18:00:00-07:00,1.2278,1.22863,1.22735,1.22773,
2018-04-03T22:00:00-07:00,1.22773,1.23137,1.22561,1.22909,
2018-04-04T02:00:00-07:00,1.22909,1.22995,1.22699,1.22957,
2018-04-04T06:00:00-07:00,1.22957,1.23089,1.22859,1.22931,
2018-04-04T10:00:00-07:00,1.22931,1.22936,1.22731,1.2276,
2018-04-04T14:00:00-07:00,1.2276,1.22892,1.22756,1.22851,
2018-04-04T18:00:00-07:00,1.22851,1.22885,1.22739,1.2276,
2018-04-04T22:00:00-07:00,1.2276,1.2278,1.22481,1.22642,
2018-04-05T02:00:00-07:00,1.22642,1.22826,1.22346,1.22492,
2018-04-05T06:00:00-07:00,1.22492,1.22675,1.22176,1.22354,
2018-04-05T10:00:00-07:00,1.22354,1.22401,1.22232,1.22382,
2018-04-05T14:00:00-07:00,1.22382,1.22536,1.22354,1.22482,
2018-04-05T18:00:00-07:00,1.22482,1.22591,1.22331,1.22376,
2018-04-05T22:00:00-07:00,1.22376,1.22414,1.22143,1.22342,
2018-04-06T02:00:00-07:00,1.22342,1.22559,1.22187,1.22471,
2018-04-06T06:00:00-07:00,1.22471,1.22794,1.22433,1.22748,
2018-04-06T10:00:00-07:00,1.22748,1.22898,1.22669,1.22786,
2018-04-08T14:00:00-07:00,1.22828,1.22828,1.22647,1.22742,
2018-04-08T18:00:00-07:00,1.22742,1.22765,1.22651,1.22765,
2018-04-08T22:00:00-07:00,1.22765,1.22854,1.22594,1.22792,
2018-04-09T02:00:00-07:00,1.22809,1.23128,1.22614,1.23125,
2018-04-09T06:00:00-07:00,1.23125,1.23293,1.23063,1.23173,
2018-04-09T10:00:00-07:00,1.23173,1.23246,1.23123,1.23195,
2018-04-09T14:00:00-07:00,1.23195,1.23282,1.23174,1.23245,
2018-04-09T18:00:00-07:00,1.23245,1.23261,1.23058,1.2318,
2018-04-09T22:00:00-07:00,1.2318,1.23342,1.2302,1.23241,
2018-04-10T02:00:00-07:00,1.23241,1.23764,1.23167,1.23481,
2018-04-10T06:00:00-07:00,1.23481,1.23672,1.23236,1.23394,
2018-04-10T10:00:00-07:00,1.23394,1.23604,1.23391,1.23541,
2018-04-10T14:00:00-07:00,1.23541,1.23642,1.23493,1.23602,
2018-04-10T18:00:00-07:00,1.23602,1.23634,1.23517,1.2363,
2018-04-10T22:00:00-07:00,1.2363,1.23865,1.23613,1.23764,
2018-04-11T02:00:00-07:00,1.23764,1.23951,1.23613,1.23745,
2018-04-11T06:00:00-07:00,1.23745,1.23921,1.23673,1.23737,
2018-04-11T10:00:00-07:00,1.23737,1.23772,1.2346,1.23656,
2018-04-11T14:00:00-07:00,1.23656,1.23788,1.23623,1.23751,
2018-04-11T18:00:00-07:00,1.23751,1.23775,1.23562,1.23575,
2018-04-11T22:00:00-07:00,1.23575,1.23731,1.23442,1.23451,
2018-04-12T02:00:00-07:00,1.23451,1.23508,1.23111,1.23147,
2018-04-12T06:00:00-07:00,1.23147,1.2335,1.22988,1.23333,
2018-04-12T10:00:00-07:00,1.23333,1.2339,1.23241,1.23245,
2018-04-12T14:00:00-07:00,1.23245,1.2332,1.23231,1.23277,
2018-04-12T18:00:00-07:00,1.23277,1.23324,1.23204,1.23282,
2018-04-12T22:00:00-07:00,1.23282,1.23451,1.23164,1.23341,
2018-04-13T02:00:00-07:00,1.23341,1.23389,1.23062,1.23153,
2018-04-13T06:00:00-07:00,1.23153,1.23429,1.23151,1.2341,
2018-04-13T10:00:00-07:00,1.2341,1.23417,1.23258,1.23276,
2018-04-15T14:00:00-07:00,1.23309,1.23394,1.2321,1.23383,
2018-04-15T18:00:00-07:00,1.23383,1.23418,1.23301,1.23301,
2018-04-15T22:00:00-07:00,1.23301,1.23676,1.23231,1.23638,
2018-04-16T02:00:00-07:00,1.23638,1.23823,1.23557,1.23805,
2018-04-16T06:00:00-07:00,1.23805,1.23936,1.23616,1.23818,
2018-04-16T10:00:00-07:00,1.23818,1.2383,1.23737,1.23776,
2018-04-16T14:00:00-07:00,1.23776,1.23867,1.23772,1.23826,
2018-04-16T18:00:00-07:00,1.23826,1.23869,1.23747,1.23814,
2018-04-16T22:00:00-07:00,1.23814,1.24128,1.23809,1.23846,
2018-04-17T02:00:00-07:00,1.23846,1.23863,1.23443,1.2347,
2018-04-17T06:00:00-07:00,1.2347,1.23604,1.23353,1.23543,
2018-04-17T10:00:00-07:00,1.23543,1.23753,1.23529,1.23675,
2018-04-17T14:00:00-07:00,1.23675,1.23742,1.23654,1.23692,
2018-04-17T18:00:00-07:00,1.23692,1.23814,1.23638,1.23764,
2018-04-17T22:00:00-07:00,1.23764,1.23798,1.23478,1.23589,
2018-04-18T02:00:00-07:00,1.23589,1.2394,1.2341,1.23906,
2018-04-18T06:00:00-07:00,1.23906,1.23962,1.23701,1.23893,
2018-04-18T10:00:00-07:00,1.23893,1.23922,1.23714,1.23724,
2018-04-18T14:00:00-07:00,1.23724,1.23827,1.23696,1.23714,
2018-04-18T18:00:00-07:00,1.23714,1.23847,1.23638,1.23773,
2018-04-18T22:00:00-07:00,1.23773,1.23994,1.23592,1.23654,
2018-04-19T02:00:00-07:00,1.23654,1.23846,1.23533,1.23783,
2018-04-19T06:00:00-07:00,1.23783,1.23838,1.23283,1.23437,
2018-04-19T10:00:00-07:00,1.23437,1.23575,1.2335,1.23436,
2018-04-19T14:00:00-07:00,1.23436,1.23477,1.23382,1.23464,
2018-04-19T18:00:00-07:00,1.23464,1.23474,1.23354,1.23399,
2018-04-19T22:00:00-07:00,1.23399,1.23521,1.23121,1.23138,
2018-04-20T02:00:00-07:00,1.23138,1.23148,1.22893,1.22896,
2018-04-20T06:00:00-07:00,1.22896,1.2299,1.2249,1.22957,
2018-04-20T10:00:00-07:00,1.22957,1.22959,1.22791,1.22846,
2018-04-22T14:00:00-07:00,1.22864,1.2287,1.22674,1.227,
2018-04-22T18:00:00-07:00,1.227,1.22788,1.22641,1.2271,
2018-04-22T22:00:00-07:00,1.2271,1.22885,1.22371,1.22373,
2018-04-23T02:00:00-07:00,1.22373,1.22434,1.22243,1.22397,
2018-04-23T06:00:00-07:00,1.22397,1.22446,1.22097,1.22172,
2018-04-23T10:00:00-07:00,1.22172,1.22172,1.21965,1.22071,
2018-04-23T14:00:00-07:00,1.22071,1.22107,1.22007,1.22059,
2018-04-23T18:00:00-07:00,1.22059,1.22138,1.21838,1.22126,
2018-04-23T22:00:00-07:00,1.22126,1.22229,1.21811,1.22022,
2018-04-24T02:00:00-07:00,1.22022,1.22221,1.21954,1.2206,
2018-04-24T06:00:00-07:00,1.2206,1.22425,1.22004,1.22395,
2018-04-24T10:00:00-07:00,1.22395,1.2244,1.223,1.22308,
2018-04-24T14:00:00-07:00,1.22308,1.22378,1.22237,1.22287,
2018-04-24T18:00:00-07:00,1.22287,1.22299,1.22145,1.22162,
2018-04-24T22:00:00-07:00,1.22162,1.22177,1.21859,1.2202,
2018-04-25T02:00:00-07:00,1.2202,1.22145,1.21696,1.21827,
2018-04-25T06:00:00-07:00,1.21827,1.21989,1.21671,1.21842,
2018-04-25T10:00:00-07:00,1.21842,1.21876,1.21589,1.21595,
2018-04-25T14:00:00-07:00,1.21595,1.21765,1.21591,1.21715,
2018-04-25T18:00:00-07:00,1.21715,1.21805,1.2167,1.21749,
2018-04-25T22:00:00-07:00,1.21749,1.21876,1.2155,1.21705,
2018-04-26T02:00:00-07:00,1.21705,1.2209,1.21445,1.21987,
2018-04-26T06:00:00-07:00,1.21987,1.22032,1.20972,1.2125,
2018-04-26T10:00:00-07:00,1.2125,1.2129,1.20955,1.21022,
2018-04-26T14:00:00-07:00,1.21022,1.21088,1.21005,1.21068,
2018-04-26T18:00:00-07:00,1.21068,1.21156,1.20957,1.21109,
2018-04-26T22:00:00-07:00,1.21109,1.21113,1.2064,1.20709,
2018-04-27T02:00:00-07:00,1.20709,1.20941,1.20545,1.20837,
2018-04-27T06:00:00-07:00,1.20837,1.21169,1.20725,1.21107,
2018-04-27T10:00:00-07:00,1.21107,1.21319,1.20995,1.21274,
2018-04-29T14:00:00-07:00,1.21218,1.21309,1.21179,1.21276,
2018-04-29T18:00:00-07:00,1.21276,1.21333,1.21204,1.21282,
2018-04-29T22:00:00-07:00,1.21282,1.2138,1.21012,1.21034,
2018-04-30T02:00:00-07:00,1.21034,1.21202,1.20713,1.20866,
2018-04-30T06:00:00-07:00,1.20866,1.21053,1.20635,1.20997,
2018-04-30T10:00:00-07:00,1.20997,1.21009,1.20716,1.20757,
2018-04-30T14:00:00-07:00,1.20757,1.20831,1.20666,1.20785,
2018-04-30T18:00:00-07:00,1.20785,1.20795,1.20698,1.20712,
2018-04-30T22:00:00-07:00,1.20712,1.20714,1.20322,1.20331,
2018-05-01T02:00:00-07:00,1.20331,1.20406,1.20162,1.20239,
2018-05-01T06:00:00-07:00,1.20239,1.20306,1.19806,1.20156,
2018-05-01T10:00:00-07:00,1.20156,1.20163,1.19874,1.19912,
2018-05-01T14:00:00-07:00,1.19912,1.19987,1.19866,1.19898,
2018-05-01T18:00:00-07:00,1.19898,1.20104,1.19884,1.20024,
2018-05-01T22:00:00-07:00,1.20024,1.20306,1.19891,1.19984,
2018-05-02T02:00:00-07:00,1.19984,1.20117,1.19924,1.20106,
2018-05-02T06:00:00-07:00,1.20106,1.20113,1.19522,1.19666,
2018-05-02T10:00:00-07:00,1.19666,1.20246,1.19371,1.1949,
2018-05-02T14:00:00-07:00,1.1949,1.19664,1.19468,1.19664,
2018-05-02T18:00:00-07:00,1.19664,1.1988,1.19632,1.19875,
2018-05-02T22:00:00-07:00,1.19875,1.20079,1.19653,1.19854,
2018-05-03T02:00:00-07:00,1.19854,1.20023,1.19643,1.19786,
2018-05-03T06:00:00-07:00,1.19786,1.19893,1.19485,1.19871,
2018-05-03T10:00:00-07:00,1.19871,1.20032,1.19703,1.1987,
2018-05-03T14:00:00-07:00,1.1987,1.19901,1.19792,1.19834,
2018-05-03T18:00:00-07:00,1.19834,1.19948,1.19812,1.19852,
2018-05-03T22:00:00-07:00,1.19852,1.19867,1.19577,1.19622,
2018-05-04T02:00:00-07:00,1.19622,1.1993,1.1952,1.19662,
2018-05-04T06:00:00-07:00,1.19662,1.19666,1.19095,1.19623,
2018-05-04T10:00:00-07:00,1.19623,1.19649,1.19517,1.19563,
2018-05-06T14:00:00-07:00,1.19563,1.1969,1.19526,1.1969,
2018-05-06T18:00:00-07:00,1.1969,1.19769,1.19587,1.19594,
2018-05-06T22:00:00-07:00,1.19594,1.19599,1.19211,1.19299,
2018-05-07T02:00:00-07:00,1.19299,1.19321,1.18969,1.19183,
2018-05-07T06:00:00-07:00,1.19183,1.19369,1.19041,1.19321,
2018-05-07T10:00:00-07:00,1.19321,1.1933,1.19186,1.19209,
2018-05-07T14:00:00-07:00,1.19209,1.19378,1.19187,1.19351,
2018-05-07T18:00:00-07:00,1.19351,1.19354,1.19078,1.19121,
2018-05-07T22:00:00-07:00,1.19121,1.1932,1.18819,1.18875,
2018-05-08T02:00:00-07:00,1.18875,1.18949,1.18608,1.18642,
2018-05-08T06:00:00-07:00,1.18642,1.18852,1.18372,1.18786,
2018-05-08T10:00:00-07:00,1.18786,1.18829,1.18549,1.18631,
2018-05-08T14:00:00-07:00,1.18631,1.18689,1.18527,1.18533,
2018-05-08T18:00:00-07:00,1.18533,1.18589,1.1842,1.18542,
2018-05-08T22:00:00-07:00,1.18542,1.18582,1.18218,1.18554,
2018-05-09T02:00:00-07:00,1.18554,1.1896,1.18493,1.18848,
2018-05-09T06:00:00-07:00,1.18848,1.18856,1.18401,1.18544,
2018-05-09T10:00:00-07:00,1.18544,1.18672,1.18469,1.18492,
2018-05-09T14:00:00-07:00,1.18492,1.18548,1.18419,1.18483,
2018-05-09T18:00:00-07:00,1.18483,1.18743,1.18458,1.18724,
2018-05-09T22:00:00-07:00,1.18724,1.18784,1.18504,1.18728,
2018-05-10T02:00:00-07:00,1.18728,1.19351,1.18701,1.19258,
2018-05-10T06:00:00-07:00,1.19258,1.19456,1.18741,1.19097,
2018-05-10T10:00:00-07:00,1.19097,1.1933,1.1908,1.19137,
2018-05-10T14:00:00-07:00,1.19137,1.19231,1.19104,1.19222,
2018-05-10T18:00:00-07:00,1.19222,1.19242,1.19104,1.19136,
2018-05-10T22:00:00-07:00,1.19136,1.19248,1.18904,1.19205,
2018-05-11T02:00:00-07:00,1.19205,1.19577,1.19124,1.19499,
2018-05-11T06:00:00-07:00,1.19499,1.1967,1.19324,1.19582,
2018-05-11T10:00:00-07:00,1.19582,1.19582,1.19343,1.19405,
2018-05-13T14:00:00-07:00,1.19405,1.19634,1.19378,1.19633,
2018-05-13T18:00:00-07:00,1.19633,1.19677,1.19552,1.19554,
2018-05-13T22:00:00-07:00,1.19554,1.1985,1.19503,1.19834,
2018-05-14T02:00:00-07:00,1.19834,1.19921,1.19717,1.1984,
2018-05-14T06:00:00-07:00,1.1984,1.19953,1.19613,1.19752,
2018-05-14T10:00:00-07:00,1.19752,1.19754,1.19254,1.19259,
2018-05-14T14:00:00-07:00,1.19259,1.19372,1.19213,1.19357,
2018-05-14T18:00:00-07:00,1.19357,1.19373,1.19121,1.19131,
2018-05-14T22:00:00-07:00,1.19131,1.19361,1.19094,1.19175,
2018-05-15T02:00:00-07:00,1.19175,1.19285,1.1846,1.1846,
2018-05-15T06:00:00-07:00,1.1846,1.18747,1.18194,1.18644,
2018-05-15T10:00:00-07:00,1.18644,1.18658,1.18342,1.18364,
2018-05-15T14:00:00-07:00,1.18364,1.18411,1.18162,1.18298,
2018-05-15T18:00:00-07:00,1.18298,1.18334,1.18151,1.18313,
2018-05-15T22:00:00-07:00,1.18313,1.1853,1.18236,1.18361,
2018-05-16T02:00:00-07:00,1.18361,1.18372,1.17628,1.17656,
2018-05-16T06:00:00-07:00,1.17656,1.1819,1.17656,1.18117,
2018-05-16T10:00:00-07:00,1.18117,1.18188,1.1798,1.18062,
2018-05-16T14:00:00-07:00,1.18062,1.18192,1.18029,1.18108,
2018-05-16T18:00:00-07:00,1.18108,1.18365,1.18056,1.1818,
2018-05-16T22:00:00-07:00,1.1818,1.18342,1.17916,1.18138,
2018-05-17T02:00:00-07:00,1.18138,1.18239,1.17758,1.18047,
2018-05-17T06:00:00-07:00,1.18047,1.18101,1.17844,1.18037,
2018-05-17T10:00:00-07:00,1.18037,1.18047,1.17918,1.17933,
2018-05-17T14:00:00-07:00,1.17933,1.18068,1.17883,1.18046,
2018-05-17T18:00:00-07:00,1.18046,1.1807,1.17963,1.18041,
2018-05-17T22:00:00-07:00,1.18041,1.18214,1.18023,1.18054,
2018-05-18T02:00:00-07:00,1.18054,1.1809,1.17608,1.17689,
2018-05-18T06:00:00-07:00,1.17689,1.17876,1.1749,1.17835,
2018-05-18T10:00:00-07:00,1.17835,1.17843,1.17638,1.17677,
2018-05-20T14:00:00-07:00,1.17698,1.17741,1.17434,1.17467,
2018-05-20T18:00:00-07:00,1.17467,1.1758,1.17437,1.17496,
2018-05-20T22:00:00-07:00,1.17496,1.17518,1.17157,1.17408,
2018-05-21T02:00:00-07:00,1.17408,1.17729,1.17323,1.17681,
2018-05-21T06:00:00-07:00,1.17681,1.17786,1.1742,1.17703,
2018-05-21T10:00:00-07:00,1.17703,1.17946,1.1765,1.17901,
2018-05-21T14:00:00-07:00,1.17901,1.17965,1.1785,1.17906,
2018-05-21T18:00:00-07:00,1.17906,1.1791,1.17727,1.17733,
2018-05-21T22:00:00-07:00,1.17733,1.18288,1.17555,1.18075,
2018-05-22T02:00:00-07:00,1.18075,1.18261,1.17744,1.17804,
2018-05-22T06:00:00-07:00,1.17804,1.17931,1.1768,1.17836,
2018-05-22T10:00:00-07:00,1.17836,1.17843,1.177,1.17773,
2018-05-22T14:00:00-07:00,1.17773,1.17886,1.17746,1.17815,
2018-05-22T18:00:00-07:00,1.17815,1.17869,1.17493,1.17649,
2018-05-22T22:00:00-07:00,1.17649,1.17675,1.16978,1.17282,
2018-05-23T02:00:00-07:00,1.17282,1.17468,1.16911,1.16999,
2018-05-23T06:00:00-07:00,1.16999,1.17184,1.16841,1.16923,
2018-05-23T10:00:00-07:00,1.16923,1.17067,1.1675,1.16948,
2018-05-23T14:00:00-07:00,1.16948,1.17129,1.16936,1.1706,
2018-05-23T18:00:00-07:00,1.1706,1.17132,1.16898,1.17083,
2018-05-23T22:00:00-07:00,1.17083,1.1745,1.16922,1.17374,
2018-05-24T02:00:00-07:00,1.17374,1.17442,1.17045,1.17258,
2018-05-24T06:00:00-07:00,1.17258,1.17496,1.17135,1.17312,
2018-05-24T10:00:00-07:00,1.17312,1.17433,1.17163,1.1718,
2018-05-24T14:00:00-07:00,1.1718,1.17255,1.17146,1.17172,
2018-05-24T18:00:00-07:00,1.17172,1.17173,1.17041,1.17084,
2018-05-24T22:00:00-07:00,1.17084,1.17273,1.16834,1.17261,
2018-05-25T02:00:00-07:00,1.17261,1.17327,1.16611,1.16757,
2018-05-25T06:00:00-07:00,1.16757,1.16792,1.16456,1.16605,
2018-05-25T10:00:00-07:00,1.16605,1.16748,1.16447,1.16488,
2018-05-27T14:00:00-07:00,1.16866,1.17053,1.16765,1.16978,
2018-05-27T18:00:00-07:00,1.16977,1.17246,1.16955,1.17246,
2018-05-27T22:00:00-07:00,1.17248,1.17284,1.1676,1.1678,
2018-05-28T02:00:00-07:00,1.16781,1.16788,1.1608,1.16093,
2018-05-28T06:00:00-07:00,1.16093,1.16328,1.16076,1.16288,
2018-05-28T10:00:00-07:00,1.16288,1.16289,1.16229,1.16246,
2018-05-28T14:00:00-07:00,1.16247,1.16334,1.16208,1.16272,
2018-05-28T18:00:00-07:00,1.16272,1.16328,1.16141,1.16292,
2018-05-28T22:00:00-07:00,1.16291,1.16396,1.15311,1.1543,
2018-05-29T02:00:00-07:00,1.15429,1.15818,1.15101,1.15763,
2018-05-29T06:00:00-07:00,1.15764,1.15899,1.1542,1.15463,
2018-05-29T10:00:00-07:00,1.15465,1.15469,1.15198,1.15398,
2018-05-29T14:00:00-07:00,1.15396,1.1549,1.15323,1.15342,
2018-05-29T18:00:00-07:00,1.15343,1.15464,1.15188,1.15408,
2018-05-29T22:00:00-07:00,1.15408,1.16121,1.15299,1.16116,
2018-05-30T02:00:00-07:00,1.16115,1.16479,1.15924,1.16255,
2018-05-30T06:00:00-07:00,1.16253,1.16762,1.15944,1.16639,
2018-05-30T10:00:00-07:00,1.16638,1.16703,1.16452,1.16658,
2018-05-30T14:00:00-07:00,1.16643,1.1671,1.16552,1.16628,
2018-05-30T18:00:00-07:00,1.16629,1.16725,1.16483,1.16651,
2018-05-30T22:00:00-07:00,1.16651,1.17244,1.16591,1.172,
2018-05-31T02:00:00-07:00,1.17203,1.17233,1.16703,1.16725,
2018-05-31T06:00:00-07:00,1.16727,1.16985,1.16412,1.16707,
2018-05-31T10:00:00-07:00,1.16706,1.16973,1.16706,1.16931,
2018-05-31T14:00:00-07:00,1.16927,1.17065,1.16859,1.1694,
2018-05-31T18:00:00-07:00,1.16939,1.16967,1.1676,1.16781,
2018-05-31T22:00:00-07:00,1.16782,1.17028,1.16655,1.1682,
2018-06-01T02:00:00-07:00,1.16819,1.17181,1.1648,1.16584,
2018-06-01T06:00:00-07:00,1.16583,1.16836,1.16172,1.16656,
2018-06-01T10:00:00-07:00,1.16655,1.16694,1.16536,1.16602,
2018-06-03T14:00:00-07:00,1.16603,1.16797,1.16595,1.1676,
2018-06-03T18:00:00-07:00,1.16761,1.16965,1.16728,1.16918,
2018-06-03T22:00:00-07:00,1.16917,1.17182,1.16753,1.17098,
2018-06-04T02:00:00-07:00,1.17099,1.17446,1.17079,1.17157,
2018-06-04T06:00:00-07:00,1.17158,1.17256,1.16772,1.16855,
2018-06-04T10:00:00-07:00,1.16855,1.17023,1.16855,1.16987,
2018-06-04T14:00:00-07:00,1.16991,1.17035,1.16928,1.16937,
2018-06-04T18:00:00-07:00,1.16937,1.16978,1.16862,1.16869,
2018-06-04T22:00:00-07:00,1.16869,1.17167,1.16835,1.17049,
2018-06-05T02:00:00-07:00,1.17049,1.17064,1.16622,1.16663,
2018-06-05T06:00:00-07:00,1.16663,1.17273,1.16527,1.17152,
2018-06-05T10:00:00-07:00,1.17153,1.17321,1.17086,1.17178,
2018-06-05T14:00:00-07:00,1.17179,1.17326,1.17121,1.17248,
2018-06-05T18:00:00-07:00,1.17248,1.17346,1.1715,1.17155,
2018-06-05T22:00:00-07:00,1.17156,1.17709,1.1714,1.17424,
2018-06-06T02:00:00-07:00,1.17425,1.17797,1.17417,1.17659,
2018-06-06T06:00:00-07:00,1.17659,1.17958,1.17616,1.17768,
2018-06-06T10:00:00-07:00,1.17769,1.17804,1.17608,1.17741,
2018-06-06T14:00:00-07:00,1.1774,1.17926,1.17732,1.17918,
2018-06-06T18:00:00-07:00,1.17919,1.17998,1.17846,1.17938,
2018-06-06T22:00:00-07:00,1.17938,1.18381,1.1791,1.18216,
2018-06-07T02:00:00-07:00,1.18212,1.18399,1.18136,1.18339,
2018-06-07T06:00:00-07:00,1.1834,1.18369,1.17995,1.18083,
2018-06-07T10:00:00-07:00,1.18082,1.18229,1.17965,1.17998,
2018-06-07T14:00:00-07:00,1.17996,1.18079,1.17917,1.1806,
2018-06-07T18:00:00-07:00,1.18059,1.18104,1.17927,1.1806,
2018-06-07T22:00:00-07:00,1.1806,1.18104,1.17592,1.17642,
2018-06-08T02:00:00-07:00,1.17642,1.17717,1.17273,1.17477,
2018-06-08T06:00:00-07:00,1.1748,1.1778,1.17405,1.17726,
2018-06-08T10:00:00-07:00,1.17731,1.17775,1.17647,1.17694,
2018-06-10T14:00:00-07:00,1.17751,1.17999,1.17713,1.17982,
2018-06-10T18:00:00-07:00,1.17982,1.18077,1.17904,1.17987,
2018-06-10T22:00:00-07:00,1.17985,1.18206,1.1784,1.17842,
2018-06-11T02:00:00-07:00,1.17842,1.17984,1.17754,1.17983,
2018-06-11T06:00:00-07:00,1.17984,1.18141,1.17804,1.17884,
2018-06-11T10:00:00-07:00,1.17884,1.17917,1.17821,1.1784,
2018-06-11T14:00:00-07:00,1.17841,1.17848,1.17412,1.1753,
2018-06-11T18:00:00-07:00,1.17529,1.17714,1.17438,1.1769,
2018-06-11T22:00:00-07:00,1.17691,1.18091,1.17564,1.17939,
2018-06-12T02:00:00-07:00,1.17937,1.18033,1.17763,1.18005,
2018-06-12T06:00:00-07:00,1.18006,1.18009,1.17731,1.17737,
2018-06-12T10:00:00-07:00,1.17736,1.17737,1.17334,1.17453,
2018-06-12T14:00:00-07:00,1.17454,1.17524,1.17412,1.17459,
2018-06-12T18:00:00-07:00,1.17459,1.17494,1.17398,1.17438,
2018-06-12T22:00:00-07:00,1.17438,1.17538,1.17302,1.1744,
2018-06-13T02:00:00-07:00,1.17439,1.17759,1.17393,1.17744,
2018-06-13T06:00:00-07:00,1.17744,1.1792,1.17667,1.17909,
2018-06-13T10:00:00-07:00,1.17909,1.18011,1.17256,1.17917,
2018-06-13T14:00:00-07:00,1.17916,1.18049,1.17882,1.17956,
2018-06-13T18:00:00-07:00,1.17957,1.1806,1.17896,1.18042,
2018-06-13T22:00:00-07:00,1.18041,1.18277,1.17979,1.18256,
2018-06-14T02:00:00-07:00,1.18255,1.18517,1.1685,1.16884,
2018-06-14T06:00:00-07:00,1.16886,1.16886,1.16184,1.16336,
2018-06-14T10:00:00-07:00,1.16336,1.1641,1.15638,1.15681,
2018-06-14T14:00:00-07:00,1.15677,1.15849,1.15551,1.15592,
2018-06-14T18:00:00-07:00,1.15593,1.15705,1.15592,1.15705,
2018-06-14T22:00:00-07:00,1.15704,1.16004,1.15435,1.15929,
2018-06-15T02:00:00-07:00,1.15927,1.16153,1.15594,1.16033,
2018-06-15T06:00:00-07:00,1.16032,1.16272,1.15965,1.16052,
2018-06-15T10:00:00-07:00,1.16053,1.1615,1.16003,1.16059,
2018-06-17T14:00:00-07:00,1.15906,1.16025,1.15773,1.15778,
2018-06-17T18:00:00-07:00,1.15778,1.15942,1.15762,1.15911,
2018-06-17T22:00:00-07:00,1.15911,1.15985,1.15655,1.159,
2018-06-18T02:00:00-07:00,1.159,1.16243,1.15891,1.16053,
2018-06-18T06:00:00-07:00,1.16053,1.16204,1.15954,1.16047,
2018-06-18T10:00:00-07:00,1.16053,1.1624,1.1603,1.16228,
2018-06-18T14:00:00-07:00,1.16229,1.16412,1.16189,1.16344,
2018-06-18T18:00:00-07:00,1.16344,1.16446,1.16242,1.16275,
2018-06-18T22:00:00-07:00,1.16276,1.16337,1.15422,1.15542,
2018-06-19T02:00:00-07:00,1.15541,1.15632,1.15311,1.15546,
2018-06-19T06:00:00-07:00,1.15547,1.15876,1.15506,1.15701,
2018-06-19T10:00:00-07:00,1.15701,1.1594,1.15685,1.15899,
2018-06-19T14:00:00-07:00,1.159,1.15956,1.15761,1.15761,
2018-06-19T18:00:00-07:00,1.15761,1.15884,1.15678,1.15704,
2018-06-19T22:00:00-07:00,1.15703,1.15928,1.15372,1.15575,
2018-06-20T02:00:00-07:00,1.15576,1.1597,1.15563,1.1594,
2018-06-20T06:00:00-07:00,1.1594,1.15999,1.15666,1.1589,
2018-06-20T10:00:00-07:00,1.15891,1.15959,1.15709,1.1571,
2018-06-20T14:00:00-07:00,1.15708,1.15802,1.15701,1.15768,
2018-06-20T18:00:00-07:00,1.15768,1.15768,1.15568,1.15623,
2018-06-20T22:00:00-07:00,1.15623,1.15679,1.15175,1.15193,
2018-06-21T02:00:00-07:00,1.15189,1.16108,1.15083,1.15892,
2018-06-21T06:00:00-07:00,1.15892,1.16337,1.15754,1.16073,
2018-06-21T10:00:00-07:00,1.16073,1.16284,1.16027,1.16037,
2018-06-21T14:00:00-07:00,1.16036,1.16178,1.16009,1.16118,
2018-06-21T18:00:00-07:00,1.16119,1.16154,1.16008,1.1614,
2018-06-21T22:00:00-07:00,1.16139,1.16737,1.16138,1.16692,
2018-06-22T02:00:00-07:00,1.16691,1.1675,1.16323,1.1654,
2018-06-22T06:00:00-07:00,1.16541,1.16663,1.16177,1.16479,
2018-06-22T10:00:00-07:00,1.16479,1.16675,1.1647,1.1658999919891,
2018-06-24T14:00:00-07:00,1.1664999723434,1.1669000387192,1.1651999950409,1.1656999588013,
2018-06-24T18:00:00-07:00,1.1647000312805,1.1656999588013,1.1646000146866,1.1655999422073,
2018-06-24T22:00:00-07:00,1.1653000116348,1.1656999588013,1.1629999876022,1.1631000041962,
2018-06-25T06:00:00-07:00,1.1682000160217,1.1692999601364,1.1678999662399,1.1679999828339,
2018-06-25T10:00:00-07:00,1.1691999435425,1.1701999902725,1.1691000461578,1.1697000265121,
2018-06-25T14:00:00-07:00,1.1706000566482,1.1710000038147,1.1699999570847,1.1704000234604,
2018-06-25T18:00:00-07:00,1.1717000007629,1.1720000505447,1.1708999872208,1.1710000038147,
2018-06-25T22:00:00-07:00,1.1708999872208,1.1710000038147,1.1691999435425,1.1693999767304,
2018-06-26T02:00:00-07:00,1.1675000190735,1.1683000326157,1.1669000387192,1.1670999526977,
2018-06-26T06:00:00-07:00,1.1664999723434,1.1670999526977,1.164999961853,1.1664999723434,
2018-06-26T10:00:00-07:00,1.1657999753952,1.166100025177,1.1635999679565,1.1641999483109,
2018-06-26T14:00:00-07:00,1.1647000312805,1.1654000282288,1.1643999814987,1.1654000282288,
2018-06-26T18:00:00-07:00,1.1651999950409,1.1657999753952,1.164999961853,1.1653000116348,
2018-06-26T22:00:00-07:00,1.1651999950409,1.1665999889374,1.164999961853,1.1665999889374,
2018-06-27T02:00:00-07:00,1.1627000570297,1.1642999649048,1.1621999740601,1.163400053978,
2018-06-27T06:00:00-07:00,1.159500002861,1.1597000360489,1.1582000255585,1.1586999893189,
2018-06-27T14:00:00-07:00,1.1553000211716,1.1564999818802,1.1553000211716,1.1564999818802,
2018-06-28T02:00:00-07:00,1.1555999517441,1.1579999923706,1.1553000211716,1.1576000452042,
2018-06-28T06:00:00-07:00,1.1583000421524,1.158499956131,1.1576000452042,1.1583000421524,
2018-06-28T14:00:00-07:00,1.1569000482559,1.1571999788284,1.1561000347138,1.1563999652862,
2018-06-28T18:00:00-07:00,1.1634999513626,1.1665999889374,1.1634999513626,1.1655000448227,
2018-06-29T02:00:00-07:00,1.1648000478745,1.1662000417709,1.1639000177383,1.164999961853,
2018-06-29T06:00:00-07:00,1.1643999814987,1.1680999994278,1.1628999710083,1.1677000522614,
2018-07-01T14:00:00-07:00,1.1677000522614,1.1691999435425,1.1663000583649,1.1678999662399,
2018-07-02T06:00:00-07:00,1.1605999469757,1.1621999740601,1.1599999666214,1.1605000495911,
2018-07-02T10:00:00-07:00,1.1606999635696,1.1610000133514,1.1604000329971,1.1610000133514,
2018-07-02T14:00:00-07:00,1.1635999679565,1.1643999814987,1.163400053978,1.1634999513626,
2018-07-02T22:00:00-07:00,1.1636999845505,1.1670000553131,1.1635999679565,1.1670000553131,
2018-07-03T06:00:00-07:00,1.1654000282288,1.1655999422073,1.1642999649048,1.1655999422073,
2018-07-03T14:00:00-07:00,1.1657999753952,1.1671999692917,1.1655999422073,1.1670999526977,
2018-07-03T18:00:00-07:00,1.1665999889374,1.1665999889374,1.1660000085831,1.1663000583649,
2018-07-03T22:00:00-07:00,1.1663000583649,1.1680999994278,1.164999961853,1.165099978447,
2018-07-04T02:00:00-07:00,1.1644999980927,1.1646000146866,1.1631000041962,1.1641999483109,
2018-07-04T06:00:00-07:00,1.1646000146866,1.164999961853,1.1642999649048,1.1642999649048,
2018-07-04T10:00:00-07:00,1.1665999889374,1.1669000387192,1.1651999950409,1.1655999422073,
2018-07-04T14:00:00-07:00,1.1655999422073,1.1663000583649,1.1655999422073,1.166100025177,
2018-07-04T18:00:00-07:00,1.1656999588013,1.1663999557495,1.1655000448227,1.1660000085831,
2018-07-04T22:00:00-07:00,1.1692999601364,1.1710000038147,1.168799996376,1.1697000265121,
2018-07-05T06:00:00-07:00,1.1701999902725,1.1706000566482,1.1691000461578,1.1701999902725,
2018-07-05T14:00:00-07:00,1.1691999435425,1.1691999435425,1.168799996376,1.1690000295639,
2018-07-05T18:00:00-07:00,1.1685999631882,1.1696000099182,1.1684999465942,1.1685999631882,
2018-07-05T22:00:00-07:00,1.1684999465942,1.1701999902725,1.1684999465942,1.1700999736786,
2018-07-06T02:00:00-07:00,1.1713000535965,1.1761000156403,1.1704000234604,1.174399971962,
2018-07-06T06:00:00-07:00,1.1756000518799,1.1765999794006,1.1750999689102,1.1756999492645,
2018-07-06T10:00:00-07:00,1.1744999885559,1.1749000549316,1.1740000247955,1.1740000247955,
2018-07-08T18:00:00-07:00,1.1758999824524,1.1765999794006,1.1756999492645,1.1761000156403,
2018-07-08T22:00:00-07:00,1.1770000457764,1.1778999567032,1.1762000322342,1.1763999462128,
2018-07-09T02:00:00-07:00,1.1771999597549,1.1790000200272,1.1763000488281,1.1778000593185,
2018-07-09T10:00:00-07:00,1.1749000549316,1.175400018692,1.1742000579834,1.1750999689102,
2018-07-09T14:00:00-07:00,1.1749000549316,1.1762000322342,1.1748000383377,1.1759999990463,
2018-07-09T18:00:00-07:00,1.1749000549316,1.1756000518799,1.1740000247955,1.1741000413895,
2018-07-09T22:00:00-07:00,1.1740000247955,1.174399971962,1.1736999750137,1.1740000247955,
2018-07-10T02:00:00-07:00,1.1705000400543,1.1720000505447,1.1698000431061,1.1717000007629,
2018-07-10T06:00:00-07:00,1.1720999479294,1.1737999916077,1.1720000505447,1.1733000278473,
2018-07-10T10:00:00-07:00,1.1746000051498,1.1749000549316,1.1741000413895,1.1746000051498,
2018-07-10T14:00:00-07:00,1.174399971962,1.1747000217438,1.1725000143051,1.172700047493,
2018-07-10T22:00:00-07:00,1.172700047493,1.1732000112534,1.1725000143051,1.1728999614716,
2018-07-11T02:00:00-07:00,1.1706999540329,1.1755000352859,1.1701999902725,1.1751999855041,
2018-07-11T06:00:00-07:00,1.1722999811173,1.1727999448776,1.1711000204086,1.1722999811173,
2018-07-11T10:00:00-07:00,1.1672999858856,1.1682000160217,1.1665999889374,1.1669000387192,
2018-07-11T14:00:00-07:00,1.1675000190735,1.167799949646,1.1671999692917,1.1675000190735,
2018-07-11T18:00:00-07:00,1.1672999858856,1.1679999828339,1.1670999526977,1.1676000356674,
2018-07-11T22:00:00-07:00,1.167799949646,1.1686999797821,1.1671999692917,1.1684000492096,
2018-07-12T02:00:00-07:00,1.1675000190735,1.1683000326157,1.1670000553131,1.1677000522614,
2018-07-12T10:00:00-07:00,1.1669000387192,1.1675000190735,1.1667000055313,1.1674000024795,
2018-07-12T14:00:00-07:00,1.1670999526977,1.1670999526977,1.1655999422073,1.1663999557495,
2018-07-12T18:00:00-07:00,1.1669000387192,1.1669000387192,1.166100025177,1.1662000417709,
2018-07-13T02:00:00-07:00,1.1635999679565,1.1636999845505,1.1621999740601,1.1624000072479,
2018-07-13T06:00:00-07:00,1.1667000055313,1.1672999858856,1.1660000085831,1.1667000055313,
2018-07-15T14:00:00-07:00,1.1690000295639,1.1691999435425,1.1676000356674,1.1684000492096,
2018-07-15T18:00:00-07:00,1.1684000492096,1.1686999797821,1.1679999828339,1.1682000160217,
2018-07-15T22:00:00-07:00,1.1685999631882,1.1705000400543,1.1685999631882,1.1701999902725,
2018-07-16T02:00:00-07:00,1.171599984169,1.1725000143051,1.1714999675751,1.171599984169,
2018-07-16T10:00:00-07:00,1.1706000566482,1.1718000173569,1.1706000566482,1.1711000204086,
2018-07-16T14:00:00-07:00,1.1711000204086,1.1717000007629,1.1706000566482,1.1708999872208,
2018-07-16T18:00:00-07:00,1.1705000400543,1.1720999479294,1.1704000234604,1.1719000339508,
2018-07-17T06:00:00-07:00,1.1698000431061,1.1700999736786,1.1684999465942,1.1685999631882,
2018-07-17T10:00:00-07:00,1.1663000583649,1.1664999723434,1.1660000085831,1.1664999723434,
2018-07-17T14:00:00-07:00,1.1660000085831,1.1662000417709,1.1648999452591,1.1657999753952,
2018-07-17T18:00:00-07:00,1.1656999588013,1.1662000417709,1.1655000448227,1.1655000448227,
2018-07-17T22:00:00-07:00,1.1642999649048,1.1644999980927,1.1632000207901,1.1634999513626,
2018-07-18T02:00:00-07:00,1.1619999408722,1.163300037384,1.1601999998093,1.162299990654,
2018-07-18T06:00:00-07:00,1.162299990654,1.1662000417709,1.1621999740601,1.1653000116348,
2018-07-18T10:00:00-07:00,1.1651999950409,1.1656999588013,1.1638000011444,1.1639000177383,
2018-07-18T14:00:00-07:00,1.1639000177383,1.1654000282288,1.1636999845505,1.1653000116348,
2018-07-18T18:00:00-07:00,1.1654000282288,1.1655999422073,1.1640000343323,1.1648000478745,
2018-07-18T22:00:00-07:00,1.1647000312805,1.164999961853,1.1604000329971,1.1612999439239,
2018-07-19T02:00:00-07:00,1.1613999605179,1.1614999771118,1.1575000286102,1.1585999727249,
2018-07-19T06:00:00-07:00,1.1586999893189,1.1621999740601,1.158499956131,1.1606999635696,
2018-07-19T10:00:00-07:00,1.1607999801636,1.167799949646,1.1605999469757,1.1641999483109,
2018-07-19T14:00:00-07:00,1.1642999649048,1.1655999422073,1.1641999483109,1.1654000282288,
2018-07-19T18:00:00-07:00,1.1654000282288,1.1664999723434,1.1626000404358,1.1663999557495,
2018-07-19T22:00:00-07:00,1.1663000583649,1.1672999858856,1.163300037384,1.1641000509262,
2018-07-20T02:00:00-07:00,1.1641000509262,1.1714999675751,1.1641000509262,1.1713000535965,
2018-07-20T06:00:00-07:00,1.1712000370026,1.1722999811173,1.1701999902725,1.1708999872208,
2018-07-20T10:00:00-07:00,1.1710000038147,1.1739000082016,1.1706999540329,1.1720999479294,
2018-07-22T14:00:00-07:00,1.1727999448776,1.1747000217438,1.1723999977112,1.174399971962,
2018-07-22T18:00:00-07:00,1.1744999885559,1.1749999523163,1.1733000278473,1.1733000278473,
2018-07-22T22:00:00-07:00,1.1732000112534,1.1742000579834,1.1705000400543,1.1706000566482,
2018-07-23T02:00:00-07:00,1.1706999540329,1.172700047493,1.1686999797821,1.1717000007629,
2018-07-23T06:00:00-07:00,1.1718000173569,1.1722999811173,1.1691999435425,1.1699999570847,
2018-07-23T10:00:00-07:00,1.1699999570847,1.1706999540329,1.1684000492096,1.1691999435425,
2018-07-23T14:00:00-07:00,1.1691999435425,1.1694999933243,1.1686999797821,1.1691999435425,
2018-07-23T18:00:00-07:00,1.1692999601364,1.1701999902725,1.1675000190735,1.1677000522614,
2018-07-23T22:00:00-07:00,1.167799949646,1.1705000400543,1.1655000448227,1.1684000492096,
2018-07-24T02:00:00-07:00,1.1684999465942,1.171599984169,1.1680999994278,1.1693999767304,
2018-07-24T06:00:00-07:00,1.1694999933243,1.1717000007629,1.1675000190735,1.1682000160217,
2018-07-24T10:00:00-07:00,1.1682000160217,1.16890001297,1.1672999858856,1.1684000492096,
2018-07-24T14:00:00-07:00,1.168799996376,1.1692999601364,1.1678999662399,1.168799996376,
2018-07-24T18:00:00-07:00,1.168799996376,1.1698000431061,1.1676000356674,1.167799949646,
2018-07-24T22:00:00-07:00,1.167799949646,1.1699999570847,1.167799949646,1.1696000099182,
2018-07-25T02:00:00-07:00,1.1696000099182,1.1705000400543,1.1685999631882,1.1698999404907,
2018-07-25T06:00:00-07:00,1.1699999570847,1.1712000370026,1.1664999723434,1.1678999662399,
2018-07-25T10:00:00-07:00,1.1678999662399,1.1739000082016,1.1677000522614,1.1727999448776,
2018-07-25T14:00:00-07:00,1.1728999614716,1.1739000082016,1.1722999811173,1.1734999418259,
2018-07-25T18:00:00-07:00,1.1735999584198,1.174399971962,1.1729999780655,1.1730999946594,
2018-07-25T22:00:00-07:00,1.1729999780655,1.174299955368,1.1711000204086,1.1713000535965,
2018-07-26T02:00:00-07:00,1.1713999509811,1.1728999614716,1.1694999933243,1.1694999933243,
2018-07-26T06:00:00-07:00,1.1693999767304,1.1699999570847,1.164999961853,1.1663000583649,
2018-07-26T10:00:00-07:00,1.1663000583649,1.1663999557495,1.1641000509262,1.1642999649048,
2018-07-26T14:00:00-07:00,1.1641999483109,1.1646000146866,1.1639000177383,1.1641999483109,
2018-07-26T18:00:00-07:00,1.1641000509262,1.1655999422073,1.1638000011444,1.1648000478745,
2018-07-26T22:00:00-07:00,1.1647000312805,1.1656999588013,1.1625000238419,1.1626000404358,
2018-07-27T02:00:00-07:00,1.1625000238419,1.1641999483109,1.1620999574661,1.1639000177383,
2018-07-27T06:00:00-07:00,1.1638000011444,1.1662000417709,1.1636999845505,1.1657999753952,
2018-07-27T10:00:00-07:00,1.1657999753952,1.1663999557495,1.1651999950409,1.1657999753952,
2018-07-29T14:00:00-07:00,1.1657999753952,1.1664999723434,1.1655000448227,1.1660000085831,
2018-07-29T18:00:00-07:00,1.1660000085831,1.1662000417709,1.164999961853,1.1655000448227,
2018-07-29T22:00:00-07:00,1.1654000282288,1.1677000522614,1.1648000478745,1.1677000522614,
2018-07-30T02:00:00-07:00,1.1676000356674,1.1694999933243,1.1675000190735,1.1694999933243,
2018-07-30T06:00:00-07:00,1.1693999767304,1.1719000339508,1.1691999435425,1.171599984169,
2018-07-30T10:00:00-07:00,1.1717000007629,1.1717000007629,1.1703000068665,1.1706000566482,
2018-07-30T14:00:00-07:00,1.1706000566482,1.1711000204086,1.1704000234604,1.1708999872208,
2018-07-30T18:00:00-07:00,1.1708999872208,1.1719000339508,1.1699999570847,1.171599984169,
2018-07-30T22:00:00-07:00,1.1717000007629,1.1730999946594,1.1708999872208,1.1726000308991,
2018-07-31T02:00:00-07:00,1.1727999448776,1.1746000051498,1.1713999509811,1.1727999448776,
2018-07-31T06:00:00-07:00,1.172700047493,1.1727999448776,1.1691999435425,1.1705000400543,
2018-07-31T10:00:00-07:00,1.1705000400543,1.1706000566482,1.168799996376,1.1691999435425,
2018-07-31T14:00:00-07:00,1.1691999435425,1.1693999767304,1.1685999631882,1.1690000295639,
2018-07-31T18:00:00-07:00,1.1691000461578,1.1691999435425,1.1676000356674,1.1677000522614,
2018-07-31T22:00:00-07:00,1.167799949646,1.1693999767304,1.1672999858856,1.1682000160217,
2018-08-01T02:00:00-07:00,1.1683000326157,1.1699999570847,1.1677000522614,1.1690000295639,
2018-08-01T06:00:00-07:00,1.1690000295639,1.1691999435425,1.166100025177,1.1668000221252,
2018-08-01T10:00:00-07:00,1.1667000055313,1.167799949646,1.1656999588013,1.1660000085831,
2018-08-01T14:00:00-07:00,1.1660000085831,1.1664999723434,1.1657999753952,1.1662000417709,
2018-08-01T18:00:00-07:00,1.1662000417709,1.1667000055313,1.1646000146866,1.1647000312805,
2018-08-01T22:00:00-07:00,1.1648000478745,1.1654000282288,1.1618000268936,1.1619999408722,
2018-08-02T02:00:00-07:00,1.1619000434875,1.1631000041962,1.1600999832153,1.1626000404358,
2018-08-02T06:00:00-07:00,1.1625000238419,1.1632000207901,1.1605999469757,1.1608999967575,
2018-08-02T10:00:00-07:00,1.1608999967575,1.1610000133514,1.1582000255585,1.158499956131,
2018-08-02T14:00:00-07:00,1.158499956131,1.1590000391007,1.1582000255585,1.1588000059128,
2018-08-02T18:00:00-07:00,1.1586999893189,1.1592999696732,1.1581000089645,1.1591999530792,
2018-08-02T22:00:00-07:00,1.1591000556946,1.159500002861,1.1562000513077,1.1578999757767,
2018-08-03T02:00:00-07:00,1.1577999591827,1.1610000133514,1.1571999788284,1.159500002861,
2018-08-03T06:00:00-07:00,1.159600019455,1.1604000329971,1.1562999486923,1.159500002861,
2018-08-03T10:00:00-07:00,1.159500002861,1.159500002861,1.1563999652862,1.156800031662,
2018-08-05T14:00:00-07:00,1.1570999622345,1.1571999788284,1.155699968338,1.1562000513077,
2018-08-05T18:00:00-07:00,1.1562000513077,1.156800031662,1.1555999517441,1.155699968338,
2018-08-05T22:00:00-07:00,1.155699968338,1.1569999456406,1.1549999713898,1.155799984932,
2018-08-06T02:00:00-07:00,1.155699968338,1.1563999652862,1.152999997139,1.1542999744415,
2018-08-06T06:00:00-07:00,1.1542999744415,1.1569999456406,1.1540999412537,1.1562000513077,
2018-08-06T10:00:00-07:00,1.1561000347138,1.1562999486923,1.1548000574112,1.1554000377655,
2018-08-06T14:00:00-07:00,1.1553000211716,1.1562000513077,1.1550999879837,1.1561000347138,
2018-08-06T18:00:00-07:00,1.1562000513077,1.1563999652862,1.1555000543594,1.155799984932,
2018-08-06T22:00:00-07:00,1.155699968338,1.1591000556946,1.1550999879837,1.1586999893189,
2018-08-07T02:00:00-07:00,1.1588000059128,1.1607999801636,1.1583000421524,1.1604000329971,
2018-08-07T06:00:00-07:00,1.1604000329971,1.1605999469757,1.1585999727249,1.1592999696732,
2018-08-07T10:00:00-07:00,1.1593999862671,1.1599999666214,1.1582000255585,1.1598999500275,
2018-08-07T14:00:00-07:00,1.1598999500275,1.1606999635696,1.159500002861,1.1600999832153,
2018-08-07T18:00:00-07:00,1.1600999832153,1.1627999544144,1.1599999666214,1.1624000072479,
2018-08-07T22:00:00-07:00,1.162299990654,1.1627999544144,1.1584000587463,1.1589000225067,
2018-08-08T02:00:00-07:00,1.1589000225067,1.1604000329971,1.1574000120163,1.1582000255585,
2018-08-08T06:00:00-07:00,1.1582000255585,1.1608999967575,1.1581000089645,1.159500002861,
2018-08-08T10:00:00-07:00,1.159500002861,1.1619999408722,1.159500002861,1.1610000133514,
2018-08-08T14:00:00-07:00,1.1610000133514,1.1614999771118,1.1605999469757,1.1607999801636,
2018-08-08T18:00:00-07:00,1.1607999801636,1.1619000434875,1.1600999832153,1.1605999469757,
2018-08-08T22:00:00-07:00,1.1605000495911,1.1614999771118,1.1576000452042,1.1592999696732,
2018-08-09T02:00:00-07:00,1.1592999696732,1.1606999635696,1.1586999893189,1.1598999500275,
2018-08-09T06:00:00-07:00,1.1598999500275,1.1598999500275,1.1555999517441,1.155699968338,
2018-08-09T10:00:00-07:00,1.155799984932,1.1559000015259,1.1526000499725,1.1526999473572,
2018-08-09T14:00:00-07:00,1.1527999639511,1.1534999608993,1.1518000364304,1.1533999443054,
2018-08-09T18:00:00-07:00,1.1533999443054,1.1535999774933,1.1516000032425,1.1516000032425,
2018-08-09T22:00:00-07:00,1.1517000198364,1.1520999670029,1.1432000398636,1.1456999778748,
2018-08-10T02:00:00-07:00,1.1455999612808,1.1482000350952,1.1440999507904,1.1444000005722,
2018-08-10T06:00:00-07:00,1.1444000005722,1.1448999643326,1.1394000053406,1.1402000188827,
2018-08-10T10:00:00-07:00,1.1401000022888,1.1426999568939,1.1388000249863,1.1411000490189,
2018-08-12T14:00:00-07:00,1.1374000310898,1.1411999464035,1.1374000310898,1.1377999782562,
2018-08-12T18:00:00-07:00,1.1380000114441,1.1388000249863,1.1366000175476,1.1367000341415,
2018-08-12T22:00:00-07:00,1.1368000507355,1.1405999660492,1.1366000175476,1.1382999420166,
2018-08-13T02:00:00-07:00,1.138200044632,1.1425000429153,1.1371999979019,1.1417000293732,
2018-08-13T06:00:00-07:00,1.1416000127792,1.1433000564575,1.1387000083923,1.1392999887466,
2018-08-13T10:00:00-07:00,1.1394000053406,1.1410000324249,1.1385999917984,1.1410000324249,
2018-08-13T14:00:00-07:00,1.1411000490189,1.1411999464035,1.1395000219345,1.1403000354767,
2018-08-13T18:00:00-07:00,1.1402000188827,1.1417000293732,1.1401000022888,1.1402000188827,
2018-08-13T22:00:00-07:00,1.1401000022888,1.1428999900818,1.1383999586105,1.1384999752045,
2018-08-14T02:00:00-07:00,1.1385999917984,1.1414999961853,1.1380000114441,1.1390000581741,
2018-08-14T06:00:00-07:00,1.1391999721527,1.1395000219345,1.1338000297546,1.1341999769211,
2018-08-14T10:00:00-07:00,1.134299993515,1.1348999738693,1.1330000162125,1.1345000267029,
2018-08-14T14:00:00-07:00,1.1346999406815,1.1349999904633,1.1335999965668,1.1337000131607,
2018-08-14T18:00:00-07:00,1.1335999965668,1.1346000432968,1.1319999694824,1.1325999498367,
2018-08-14T22:00:00-07:00,1.1325000524521,1.1346000432968,1.1317000389099,1.1325999498367,
2018-08-15T02:00:00-07:00,1.1325000524521,1.1332000494003,1.1309000253677,1.131600022316,
2018-08-15T06:00:00-07:00,1.131500005722,1.1348999738693,1.1302000284195,1.134299993515,
2018-08-15T10:00:00-07:00,1.1345000267029,1.1354999542236,1.1334999799728,1.1345000267029,
2018-08-15T14:00:00-07:00,1.1346999406815,1.1353000402451,1.1335999965668,1.1344000101089,
2018-08-15T18:00:00-07:00,1.1344000101089,1.1390999555588,1.134299993515,1.1382999420166,
2018-08-15T22:00:00-07:00,1.1382999420166,1.139799952507,1.1356999874115,1.138200044632,
2018-08-16T02:00:00-07:00,1.1382999420166,1.1390999555588,1.1361000537872,1.1365000009537,
2018-08-16T06:00:00-07:00,1.1363999843597,1.140900015831,1.1356999874115,1.1363999843597,
2018-08-16T10:00:00-07:00,1.1361999511719,1.1377999782562,1.1348999738693,1.1376999616623,
2018-08-16T14:00:00-07:00,1.1377999782562,1.1377999782562,1.1366000175476,1.1373000144959,
2018-08-16T18:00:00-07:00,1.1371999979019,1.1389000415802,1.137099981308,1.1377999782562,
2018-08-16T22:00:00-07:00,1.1377999782562,1.1419999599457,1.1374000310898,1.1397000551224,
2018-08-17T02:00:00-07:00,1.1396000385284,1.1411999464035,1.1375000476837,1.1405999660492,
2018-08-17T06:00:00-07:00,1.1406999826431,1.1421999931335,1.1401000022888,1.1410000324249,
2018-08-17T10:00:00-07:00,1.1410000324249,1.1445000171661,1.1407999992371,1.1439000368118,
2018-08-19T14:00:00-07:00,1.1440000534058,1.1441999673843,1.1433000564575,1.1433000564575,
2018-08-19T18:00:00-07:00,1.1433999538422,1.1434999704361,1.1425000429153,1.1426000595093,
2018-08-19T22:00:00-07:00,1.1425000429153,1.1426999568939,1.1404000520706,1.1406999826431,
2018-08-20T02:00:00-07:00,1.1407999992371,1.1431000232696,1.1395000219345,1.1423000097275,
2018-08-20T06:00:00-07:00,1.1423000097275,1.1462999582291,1.1420999765396,1.1459000110626,
2018-08-20T10:00:00-07:00,1.1457999944687,1.1484999656677,1.1455999612808,1.1482000350952,
2018-08-20T14:00:00-07:00,1.1482000350952,1.1540999412537,1.1482000350952,1.1521999835968,
2018-08-20T18:00:00-07:00,1.1521999835968,1.1533999443054,1.1511000394821,1.1531000137329,
2018-08-20T22:00:00-07:00,1.152999997139,1.154000043869,1.1505000591278,1.1533999443054,
2018-08-21T02:00:00-07:00,1.1534999608993,1.1534999608993,1.1492999792099,1.1504000425339,
2018-08-21T06:00:00-07:00,1.1505000591278,1.1571999788284,1.1497999429703,1.1559000015259,
2018-08-21T10:00:00-07:00,1.1560000181198,1.1599999666214,1.155699968338,1.1569999456406,
2018-08-21T14:00:00-07:00,1.1570999622345,1.1583000421524,1.156800031662,1.1576999425888,
2018-08-21T18:00:00-07:00,1.1577999591827,1.1582000255585,1.1569999456406,1.1576000452042,
2018-08-21T22:00:00-07:00,1.1576000452042,1.1579999923706,1.1554000377655,1.1574000120163,
2018-08-22T02:00:00-07:00,1.1574000120163,1.1619999408722,1.1572999954224,1.1618000268936,
2018-08-22T06:00:00-07:00,1.1618000268936,1.162299990654,1.158499956131,1.1590000391007,
2018-08-22T10:00:00-07:00,1.1590000391007,1.1619000434875,1.1582000255585,1.1597000360489,
2018-08-22T14:00:00-07:00,1.1593999862671,1.1599999666214,1.1563999652862,1.156700015068,
2018-08-22T18:00:00-07:00,1.1565999984741,1.1571999788284,1.1542999744415,1.1555999517441,
2018-08-22T22:00:00-07:00,1.155699968338,1.1574000120163,1.1548999547958,1.1563999652862,
2018-08-23T02:00:00-07:00,1.1565999984741,1.1589000225067,1.1549999713898,1.1574000120163,
2018-08-23T06:00:00-07:00,1.1575000286102,1.1591000556946,1.1549999713898,1.1555000543594,
2018-08-23T10:00:00-07:00,1.1555999517441,1.1555999517441,1.152999997139,1.1539000272751,
2018-08-23T14:00:00-07:00,1.154000043869,1.1550999879837,1.1534999608993,1.1547000408173,
2018-08-23T18:00:00-07:00,1.1548000574112,1.1562999486923,1.1541999578476,1.1562999486923,
2018-08-23T22:00:00-07:00,1.1562000513077,1.1579999923706,1.1555000543594,1.1562999486923,
2018-08-24T02:00:00-07:00,1.1563999652862,1.1599999666214,1.1559000015259,1.1592999696732,
2018-08-24T06:00:00-07:00,1.1592999696732,1.1640000343323,1.1582000255585,1.1624000072479,
2018-08-24T10:00:00-07:00,1.1625000238419,1.1635999679565,1.1618000268936,1.162299990654,
2018-08-26T14:00:00-07:00,1.1615999937057,1.1653000116348,1.1615999937057,1.1636999845505,
2018-08-26T18:00:00-07:00,1.1635999679565,1.1638000011444,1.1618000268936,1.1619000434875,
2018-08-26T22:00:00-07:00,1.1619999408722,1.1624000072479,1.159500002861,1.1610000133514,
2018-08-27T02:00:00-07:00,1.1608999967575,1.1641999483109,1.1605000495911,1.1638000011444,
2018-08-27T06:00:00-07:00,1.1639000177383,1.1691000461578,1.163400053978,1.168799996376,
2018-08-27T10:00:00-07:00,1.168799996376,1.1692999601364,1.1676000356674,1.1677000522614,
2018-08-27T14:00:00-07:00,1.1677000522614,1.1697000265121,1.1677000522614,1.1690000295639,
2018-08-27T18:00:00-07:00,1.1691999435425,1.1691999435425,1.1670000553131,1.1674000024795,
2018-08-27T22:00:00-07:00,1.1672999858856,1.1699999570847,1.1663000583649,1.1691999435425,
2018-08-28T02:00:00-07:00,1.1691999435425,1.1720999479294,1.168799996376,1.171599984169,
2018-08-28T06:00:00-07:00,1.171599984169,1.1734000444412,1.1703000068665,1.1718000173569,
2018-08-28T10:00:00-07:00,1.1717000007629,1.1721999645233,1.1691000461578,1.1693999767304,
2018-08-28T14:00:00-07:00,1.1694999933243,1.1698000431061,1.1684000492096,1.1685999631882,
2018-08-28T18:00:00-07:00,1.1685999631882,1.1697000265121,1.1683000326157,1.1696000099182,
2018-08-28T22:00:00-07:00,1.1696000099182,1.1696000099182,1.1663000583649,1.1665999889374,
2018-08-29T02:00:00-07:00,1.1667000055313,1.1677000522614,1.1653000116348,1.1664999723434,
2018-08-29T06:00:00-07:00,1.1664999723434,1.1707999706268,1.1662000417709,1.1705000400543,
2018-08-29T10:00:00-07:00,1.1705000400543,1.1710000038147,1.1690000295639,1.1706999540329,
2018-08-29T14:00:00-07:00,1.1706999540329,1.1713000535965,1.1704000234604,1.1706000566482,
2018-08-29T18:00:00-07:00,1.1705000400543,1.1711000204086,1.1696000099182,1.1699999570847,
2018-08-29T22:00:00-07:00,1.1698999404907,1.1718000173569,1.1675000190735,1.1686999797821,
2018-08-30T02:00:00-07:00,1.1685999631882,1.1708999872208,1.1677000522614,1.167799949646,
2018-08-30T06:00:00-07:00,1.1678999662399,1.1683000326157,1.1641999483109,1.1656999588013,
2018-08-30T10:00:00-07:00,1.1657999753952,1.1678999662399,1.164999961853,1.1670999526977,
2018-08-30T14:00:00-07:00,1.1667000055313,1.1670999526977,1.166100025177,1.1664999723434,
2018-08-30T18:00:00-07:00,1.1664999723434,1.1674000024795,1.1660000085831,1.1670000553131,
2018-08-30T22:00:00-07:00,1.1669000387192,1.1690000295639,1.1669000387192,1.1670999526977,
2018-08-31T02:00:00-07:00,1.1670000553131,1.1672999858856,1.1634999513626,1.1635999679565,
2018-08-31T06:00:00-07:00,1.1639000177383,1.1651999950409,1.158499956131,1.1593999862671,
2018-08-31T10:00:00-07:00,1.1592999696732,1.1610000133514,1.1589000225067,1.1603000164032,
2018-09-02T14:00:00-07:00,1.1597000360489,1.1604000329971,1.1591999530792,1.1597000360489,
2018-09-02T18:00:00-07:00,1.1597000360489,1.1605999469757,1.1590000391007,1.1605999469757,
2018-09-02T22:00:00-07:00,1.1605000495911,1.1625000238419,1.1591000556946,1.1612000465393,
2018-09-03T02:00:00-07:00,1.1611000299454,1.1619999408722,1.1597000360489,1.1606999635696,
2018-09-03T06:00:00-07:00,1.1606999635696,1.1627000570297,1.1604000329971,1.1617000102997,
2018-09-03T10:00:00-07:00,1.1617000102997,1.1620999574661,1.1614999771118,1.1619999408722,
2018-09-03T14:00:00-07:00,1.1620999574661,1.1621999740601,1.1601999998093,1.1604000329971,
2018-09-03T18:00:00-07:00,1.1604000329971,1.1605999469757,1.159600019455,1.1604000329971,
2018-09-03T22:00:00-07:00,1.1604000329971,1.1611000299454,1.155799984932,1.1565999984741,
2018-09-04T02:00:00-07:00,1.1565999984741,1.156800031662,1.1549999713898,1.1562000513077,
2018-09-04T06:00:00-07:00,1.1562000513077,1.158499956131,1.152999997139,1.1579999923706,
2018-09-04T10:00:00-07:00,1.1578999757767,1.1589000225067,1.1572999954224,1.1582000255585,
2018-09-04T14:00:00-07:00,1.1582000255585,1.1586999893189,1.1577999591827,1.158499956131,
2018-09-04T18:00:00-07:00,1.158499956131,1.1607999801636,1.1581000089645,1.159500002861,
2018-09-04T22:00:00-07:00,1.1593999862671,1.159600019455,1.1543999910355,1.1569000482559,
2018-09-05T02:00:00-07:00,1.156800031662,1.1597000360489,1.156700015068,1.158499956131,
2018-09-05T06:00:00-07:00,1.158499956131,1.1635999679565,1.1583000421524,1.1620999574661,
2018-09-05T10:00:00-07:00,1.1621999740601,1.163400053978,1.1619999408722,1.1628999710083,
2018-09-05T14:00:00-07:00,1.1631000041962,1.1657999753952,1.1629999876022,1.1644999980927,
2018-09-05T18:00:00-07:00,1.1646000146866,1.164999961853,1.1629999876022,1.163400053978,
2018-09-05T22:00:00-07:00,1.1634999513626,1.1641999483109,1.1614999771118,1.1635999679565,
2018-09-06T02:00:00-07:00,1.1635999679565,1.1655000448227,1.1615999937057,1.1641000509262,
2018-09-06T06:00:00-07:00,1.1641999483109,1.1647000312805,1.1605999469757,1.1625000238419,
2018-09-06T10:00:00-07:00,1.1625000238419,1.163300037384,1.1613999605179,1.162299990654,
2018-09-06T14:00:00-07:00,1.1621999740601,1.1625000238419,1.1614999771118,1.1619000434875,
2018-09-06T18:00:00-07:00,1.1619000434875,1.1628999710083,1.1613999605179,1.1628999710083,
2018-09-06T22:00:00-07:00,1.1628999710083,1.1648999452591,1.1613999605179,1.1643999814987,
2018-09-07T02:00:00-07:00,1.1642999649048,1.164999961853,1.156700015068,1.156800031662,
2018-09-07T06:00:00-07:00,1.156700015068,1.1592999696732,1.1555999517441,1.1561000347138,
2018-09-07T10:00:00-07:00,1.1561000347138,1.1565999984741,1.1550999879837,1.1553000211716,
2018-09-09T14:00:00-07:00,1.1548999547958,1.1563999652862,1.1548000574112,1.1563999652862,
2018-09-09T18:00:00-07:00,1.1563999652862,1.1563999652862,1.154000043869,1.1547000408173,
2018-09-09T22:00:00-07:00,1.1547000408173,1.1574000120163,1.1526999473572,1.1570999622345,
2018-09-10T02:00:00-07:00,1.1570999622345,1.1604000329971,1.156800031662,1.1603000164032,
2018-09-10T06:00:00-07:00,1.1604000329971,1.1615999937057,1.1597000360489,1.1600999832153,
2018-09-10T10:00:00-07:00,1.1601999998093,1.1604000329971,1.1592999696732,1.1592999696732,
2018-09-10T14:00:00-07:00,1.1592999696732,1.1598999500275,1.1589000225067,1.1589000225067,
2018-09-10T18:00:00-07:00,1.1589000225067,1.1604000329971,1.1577999591827,1.1600999832153,
2018-09-10T22:00:00-07:00,1.1600999832153,1.1642999649048,1.1597000360489,1.1614999771118,
2018-09-11T02:00:00-07:00,1.1613999605179,1.1617000102997,1.1565999984741,1.1577999591827,
2018-09-11T06:00:00-07:00,1.1577999591827,1.1598999500275,1.1574000120163,1.1588000059128,
2018-09-11T10:00:00-07:00,1.1589000225067,1.1612000465393,1.1584000587463,1.1605999469757,
2018-09-11T14:00:00-07:00,1.1605999469757,1.1605999469757,1.1591000556946,1.1598000526428,
2018-09-11T18:00:00-07:00,1.1597000360489,1.1598000526428,1.1583000421524,1.1586999893189,
2018-09-11T22:00:00-07:00,1.1586999893189,1.1605000495911,1.1569999456406,1.1591000556946,
2018-09-12T02:00:00-07:00,1.1590000391007,1.1598999500275,1.1571999788284,1.1591999530792,
2018-09-12T06:00:00-07:00,1.1592999696732,1.1648999452591,1.1586999893189,1.1628999710083,
2018-09-12T10:00:00-07:00,1.1628999710083,1.1641000509262,1.162299990654,1.1626000404358,
2018-09-12T14:00:00-07:00,1.1626000404358,1.1635999679565,1.1625000238419,1.1634999513626,
2018-09-12T18:00:00-07:00,1.1634999513626,1.1641999483109,1.162299990654,1.162299990654,
2018-09-12T22:00:00-07:00,1.162299990654,1.163300037384,1.1613999605179,1.1614999771118,
2018-09-13T02:00:00-07:00,1.1613999605179,1.1680999994278,1.1608999967575,1.1678999662399,
2018-09-13T06:00:00-07:00,1.1679999828339,1.1700999736786,1.1669000387192,1.1678999662399,
2018-09-13T10:00:00-07:00,1.1678999662399,1.1693999767304,1.1676000356674,1.1690000295639,
2018-09-13T14:00:00-07:00,1.1690000295639,1.1696000099182,1.168799996376,1.1691000461578,
2018-09-13T18:00:00-07:00,1.1691999435425,1.1698000431061,1.16890001297,1.1697000265121,
2018-09-13T22:00:00-07:00,1.1696000099182,1.1720999479294,1.1690000295639,1.1705000400543,
2018-09-14T02:00:00-07:00,1.1706000566482,1.1708999872208,1.1664999723434,1.1667000055313,
2018-09-14T06:00:00-07:00,1.1668000221252,1.1672999858856,1.1627000570297,1.1638000011444,
2018-09-14T10:00:00-07:00,1.1628999710083,1.1638000011444,1.1620999574661,1.162299990654,
2018-09-16T14:00:00-07:00,1.1625000238419,1.163300037384,1.1621999740601,1.1629999876022,
2018-09-16T18:00:00-07:00,1.1631000041962,1.1636999845505,1.1625000238419,1.1636999845505,
2018-09-16T22:00:00-07:00,1.1636999845505,1.166100025177,1.1618000268936,1.1654000282288,
2018-09-17T02:00:00-07:00,1.1653000116348,1.1685999631882,1.1648000478745,1.1685999631882,
2018-09-17T06:00:00-07:00,1.1684000492096,1.1698000431061,1.1682000160217,1.1696000099182,
2018-09-17T10:00:00-07:00,1.1696000099182,1.1698000431061,1.1682000160217,1.1683000326157,
2018-09-17T14:00:00-07:00,1.1683000326157,1.168799996376,1.1667000055313,1.1674000024795,
2018-09-17T18:00:00-07:00,1.1672999858856,1.1703000068665,1.1671999692917,1.1691000461578,
2018-09-17T22:00:00-07:00,1.1691999435425,1.1717000007629,1.1672999858856,1.1686999797821,
2018-09-18T02:00:00-07:00,1.1685999631882,1.1708999872208,1.1672999858856,1.1706000566482,
2018-09-18T06:00:00-07:00,1.1706999540329,1.1723999977112,1.1655000448227,1.1660000085831,
2018-09-18T10:00:00-07:00,1.1660000085831,1.1674000024795,1.1651999950409,1.1665999889374,
2018-09-18T14:00:00-07:00,1.1664999723434,1.1682000160217,1.1663999557495,1.1667000055313,
2018-09-18T18:00:00-07:00,1.1668000221252,1.1677000522614,1.1655999422073,1.1675000190735,
2018-09-18T22:00:00-07:00,1.1675000190735,1.1714999675751,1.1672999858856,1.1701999902725,
2018-09-19T02:00:00-07:00,1.1701999902725,1.1705000400543,1.166100025177,1.1675000190735,
2018-09-19T06:00:00-07:00,1.1674000024795,1.1691000461578,1.164999961853,1.1683000326157,
2018-09-19T10:00:00-07:00,1.1682000160217,1.1683000326157,1.1669000387192,1.1671999692917,
2018-09-19T14:00:00-07:00,1.1672999858856,1.1680999994278,1.1669000387192,1.1680999994278,
2018-09-19T18:00:00-07:00,1.1680999994278,1.1686999797821,1.1677000522614,1.167799949646,
2018-09-19T22:00:00-07:00,1.1678999662399,1.1708999872208,1.1677000522614,1.1691999435425,
2018-09-20T02:00:00-07:00,1.1691999435425,1.1777000427246,1.1686999797821,1.1770000457764,
2018-09-20T06:00:00-07:00,1.1769000291824,1.1776000261307,1.1739000082016,1.1757999658585,
2018-09-20T10:00:00-07:00,1.1757999658585,1.1784000396729,1.1757999658585,1.1777000427246,
2018-09-20T14:00:00-07:00,1.1777000427246,1.1784000396729,1.1773999929428,1.1784000396729,
2018-09-20T18:00:00-07:00,1.1784000396729,1.1785999536514,1.1776000261307,1.1778000593185,
2018-09-20T22:00:00-07:00,1.1778999567032,1.1802999973297,1.1770000457764,1.1792999505997,
2018-09-21T02:00:00-07:00,1.1792999505997,1.1793999671936,1.1750999689102,1.1757999658585,
2018-09-21T06:00:00-07:00,1.1756000518799,1.1765999794006,1.1733000278473,1.1742000579834,
2018-09-21T10:00:00-07:00,1.1742000579834,1.1755000352859,1.1740000247955,1.1750999689102,
2018-09-23T14:00:00-07:00,1.1744999885559,1.1753000020981,1.1740000247955,1.1747000217438,
2018-09-23T18:00:00-07:00,1.1747000217438,1.1747000217438,1.1737999916077,1.174399971962,
2018-09-23T22:00:00-07:00,1.1744999885559,1.1768000125885,1.1723999977112,1.1768000125885,
2018-09-24T02:00:00-07:00,1.1766999959946,1.1775000095367,1.1751999855041,1.1751999855041,
2018-09-24T06:00:00-07:00,1.1750999689102,1.1814999580383,1.1749999523163,1.1764999628067,
2018-09-24T10:00:00-07:00,1.1763999462128,1.1764999628067,1.1744999885559,1.1749000549316,
2018-09-24T14:00:00-07:00,1.1749000549316,1.1758999824524,1.1747000217438,1.1751999855041,
2018-09-24T18:00:00-07:00,1.1751999855041,1.1755000352859,1.1730999946594,1.1741000413895,
2018-09-24T22:00:00-07:00,1.1740000247955,1.1773999929428,1.1734000444412,1.1761000156403,
2018-09-25T02:00:00-07:00,1.1761000156403,1.1790000200272,1.1757999658585,1.1778999567032,
2018-09-25T06:00:00-07:00,1.1779999732971,1.1792999505997,1.1764999628067,1.1771999597549,
2018-09-25T10:00:00-07:00,1.1772999763489,1.1776000261307,1.1761000156403,1.1766999959946,
2018-09-25T14:00:00-07:00,1.1765999794006,1.1770000457764,1.1756999492645,1.1756999492645,
2018-09-25T18:00:00-07:00,1.1757999658585,1.1768000125885,1.1756999492645,1.1763000488281,
2018-09-25T22:00:00-07:00,1.1763000488281,1.1776000261307,1.1757999658585,1.1766999959946,
2018-09-26T02:00:00-07:00,1.1765999794006,1.1770000457764,1.1730999946594,1.1741000413895,
2018-09-26T06:00:00-07:00,1.1740000247955,1.1757999658585,1.1726000308991,1.1751999855041,
2018-09-26T10:00:00-07:00,1.1753000020981,1.1797000169754,1.1732000112534,1.1740000247955,
2018-09-26T14:00:00-07:00,1.1740000247955,1.1756999492645,1.1737999916077,1.175400018692,
2018-09-26T18:00:00-07:00,1.1755000352859,1.1756000518799,1.1740000247955,1.1749000549316,
2018-09-26T22:00:00-07:00,1.1749999523163,1.1750999689102,1.1684999465942,1.1711000204086,
2018-09-27T02:00:00-07:00,1.1711000204086,1.1720000505447,1.1672999858856,1.1675000190735,
2018-09-27T06:00:00-07:00,1.1675000190735,1.1696000099182,1.1663000583649,1.1672999858856,
2018-09-27T10:00:00-07:00,1.1672999858856,1.1672999858856,1.1639000177383,1.1641000509262,
2018-09-27T14:00:00-07:00,1.1641000509262,1.1642999649048,1.163300037384,1.1642999649048,
2018-09-27T18:00:00-07:00,1.1641999483109,1.1648999452591,1.1638000011444,1.1646000146866,
2018-09-27T22:00:00-07:00,1.1646000146866,1.165099978447,1.1612000465393,1.1613999605179,
2018-09-28T02:00:00-07:00,1.1612000465393,1.1617000102997,1.1569999456406,1.158499956131,
2018-09-28T06:00:00-07:00,1.158499956131,1.1628999710083,1.1572999954224,1.1613999605179,
2018-09-28T10:00:00-07:00,1.1613999605179,1.1618000268936,1.1601999998093,1.1604000329971,
2018-09-30T14:00:00-07:00,1.1618000268936,1.1619999408722,1.1604000329971,1.1606999635696,
2018-09-30T18:00:00-07:00,1.1607999801636,1.1607999801636,1.1591000556946,1.159500002861,
2018-09-30T22:00:00-07:00,1.159500002861,1.1607999801636,1.1574000120163,1.1606999635696,
2018-10-01T02:00:00-07:00,1.1605999469757,1.162299990654,1.1589000225067,1.1610000133514,
2018-10-01T06:00:00-07:00,1.1611000299454,1.1611000299454,1.1563999652862,1.156800031662,
2018-10-01T10:00:00-07:00,1.1569000482559,1.1579999923706,1.1563999652862,1.1577999591827,
2018-10-01T14:00:00-07:00,1.1579999923706,1.1579999923706,1.1572999954224,1.1576000452042,
2018-10-01T18:00:00-07:00,1.1576000452042,1.1579999923706,1.1569000482559,1.1569999456406,
2018-10-01T22:00:00-07:00,1.1569999456406,1.1569999456406,1.1512000560761,1.1514999866486,
2018-10-02T02:00:00-07:00,1.1514999866486,1.1546000242233,1.1505000591278,1.1538000106811,
2018-10-02T06:00:00-07:00,1.1539000272751,1.1569999456406,1.152899980545,1.1550999879837,
2018-10-02T10:00:00-07:00,1.1552000045776,1.1555000543594,1.154000043869,1.1547000408173,
2018-10-02T14:00:00-07:00,1.1548999547958,1.1554000377655,1.1542999744415,1.1543999910355,
2018-10-02T18:00:00-07:00,1.1545000076294,1.1592999696732,1.1535999774933,1.1577999591827,
2018-10-02T22:00:00-07:00,1.1576999425888,1.1591999530792,1.156700015068,1.1575000286102,
2018-10-03T02:00:00-07:00,1.1572999954224,1.1574000120163,1.1527999639511,1.152899980545,
2018-10-03T06:00:00-07:00,1.152999997139,1.1547000408173,1.1512999534607,1.1514999866486,
2018-10-03T10:00:00-07:00,1.1514999866486,1.1525000333786,1.146399974823,1.1476999521255,
2018-10-03T14:00:00-07:00,1.1478999853134,1.1493999958038,1.1469000577927,1.1476999521255,
2018-10-03T18:00:00-07:00,1.1476000547409,1.1476999521255,1.1462999582291,1.1469999551773,
2018-10-03T22:00:00-07:00,1.1468000411987,1.1498999595642,1.1467000246048,1.1485999822617,
2018-10-04T02:00:00-07:00,1.1486999988556,1.1514999866486,1.1486999988556,1.1509000062943,
2018-10-04T06:00:00-07:00,1.1509000062943,1.1541999578476,1.1498999595642,1.1504000425339,
2018-10-04T10:00:00-07:00,1.1503000259399,1.1519000530243,1.1492999792099,1.1514999866486,
2018-10-04T14:00:00-07:00,1.1514999866486,1.1519999504089,1.1511000394821,1.1512999534607,
2018-10-04T18:00:00-07:00,1.1512999534607,1.1518000364304,1.1505000591278,1.1509000062943,
2018-10-04T22:00:00-07:00,1.1510000228882,1.1516000032425,1.149199962616,1.149199962616,
2018-10-05T02:00:00-07:00,1.149199962616,1.1538000106811,1.1483999490738,1.1532000303268,
2018-10-05T06:00:00-07:00,1.1533000469208,1.1543999910355,1.1497999429703,1.1512999534607,
2018-10-05T10:00:00-07:00,1.1512999534607,1.1531000137329,1.1511000394821,1.1520999670029,
2018-10-07T14:00:00-07:00,1.1523000001907,1.152999997139,1.1518000364304,1.1520999670029,
2018-10-07T18:00:00-07:00,1.1520999670029,1.1520999670029,1.1511000394821,1.1511000394821,
2018-10-07T22:00:00-07:00,1.1512000560761,1.1516000032425,1.1471999883652,1.147400021553,
2018-10-08T02:00:00-07:00,1.147500038147,1.1486999988556,1.1461999416351,1.1462999582291,
2018-10-08T06:00:00-07:00,1.146399974823,1.1489000320435,1.1460000276566,1.1480000019073,
2018-10-08T10:00:00-07:00,1.1478999853134,1.1497999429703,1.1470999717712,1.149199962616,
2018-10-08T14:00:00-07:00,1.149199962616,1.1496000289917,1.1486999988556,1.1489000320435,
2018-10-08T18:00:00-07:00,1.1490000486374,1.150200009346,1.1484999656677,1.1497999429703,
2018-10-08T22:00:00-07:00,1.1497999429703,1.1498999595642,1.1464999914169,1.1477999687195,
2018-10-09T02:00:00-07:00,1.1478999853134,1.1478999853134,1.1432000398636,1.1449999809265,
2018-10-09T06:00:00-07:00,1.1448999643326,1.1490000486374,1.1442999839783,1.1481000185013,
2018-10-09T10:00:00-07:00,1.1480000019073,1.150200009346,1.1476999521255,1.1490000486374,
2018-10-09T14:00:00-07:00,1.149099946022,1.1509000062943,1.1488000154495,1.1509000062943,
2018-10-09T18:00:00-07:00,1.1507999897003,1.1514999866486,1.1505000591278,1.1506999731064,
2018-10-09T22:00:00-07:00,1.1505999565125,1.1514999866486,1.1483999490738,1.1485999822617,
2018-10-10T02:00:00-07:00,1.1486999988556,1.1506999731064,1.1480000019073,1.150200009346,
2018-10-10T06:00:00-07:00,1.1503000259399,1.1545000076294,1.150200009346,1.1539000272751,
2018-10-10T10:00:00-07:00,1.1538000106811,1.1541999578476,1.1514999866486,1.1519000530243,
2018-10-10T14:00:00-07:00,1.1520999670029,1.1541999578476,1.1520999670029,1.1536999940872,
2018-10-10T18:00:00-07:00,1.1536999940872,1.1571999788284,1.1533999443054,1.1562000513077,
2018-10-10T22:00:00-07:00,1.1561000347138,1.1562999486923,1.1534999608993,1.1546000242233,
2018-10-11T02:00:00-07:00,1.1545000076294,1.1598999500275,1.1542999744415,1.1574000120163,
2018-10-11T06:00:00-07:00,1.1574000120163,1.1583000421524,1.1546000242233,1.1575000286102,
2018-10-11T10:00:00-07:00,1.1574000120163,1.1598999500275,1.1572999954224,1.1592999696732,
2018-10-11T14:00:00-07:00,1.1588000059128,1.1601999998093,1.158499956131,1.1598000526428,
2018-10-11T18:00:00-07:00,1.1597000360489,1.1608999967575,1.1593999862671,1.1605999469757,
2018-10-11T22:00:00-07:00,1.1605999469757,1.1610000133514,1.1576000452042,1.1586999893189,
2018-10-12T02:00:00-07:00,1.1586999893189,1.1588000059128,1.1553000211716,1.155799984932,
2018-10-12T06:00:00-07:00,1.155699968338,1.156800031662,1.1535999774933,1.1562000513077,
2018-10-12T10:00:00-07:00,1.1562000513077,1.1565999984741,1.1553000211716,1.1559000015259,
2018-10-14T14:00:00-07:00,1.1540999412537,1.1555000543594,1.1540999412537,1.1548999547958,
2018-10-14T18:00:00-07:00,1.1549999713898,1.1553000211716,1.1542999744415,1.1548999547958,
2018-10-14T22:00:00-07:00,1.1549999713898,1.1576000452042,1.1545000076294,1.1571999788284,
2018-10-15T02:00:00-07:00,1.1572999954224,1.1605999469757,1.1569999456406,1.1605000495911,
2018-10-15T06:00:00-07:00,1.1604000329971,1.1605999469757,1.1577999591827,1.1584000587463,
2018-10-15T10:00:00-07:00,1.158499956131,1.1586999893189,1.1574000120163,1.1579999923706,
2018-10-15T14:00:00-07:00,1.1579999923706,1.1591999530792,1.1579999923706,1.1590000391007,
2018-10-15T18:00:00-07:00,1.1589000225067,1.1591000556946,1.1571999788284,1.1572999954224,
2018-10-15T22:00:00-07:00,1.1571999788284,1.1598999500275,1.1565999984741,1.1588000059128,
2018-10-16T02:00:00-07:00,1.1588000059128,1.1591000556946,1.1565999984741,1.1588000059128,
2018-10-16T06:00:00-07:00,1.1589000225067,1.1620999574661,1.1574000120163,1.1583000421524,
2018-10-16T10:00:00-07:00,1.1583000421524,1.1586999893189,1.1571999788284,1.1574000120163,
2018-10-16T14:00:00-07:00,1.1574000120163,1.1579999923706,1.1571999788284,1.1576999425888,
2018-10-16T18:00:00-07:00,1.1576000452042,1.1578999757767,1.155699968338,1.155799984932,
2018-10-16T22:00:00-07:00,1.1559000015259,1.1577999591827,1.1548000574112,1.1565999984741,
2018-10-17T02:00:00-07:00,1.1565999984741,1.1575000286102,1.1520999670029,1.1534999608993,
2018-10-17T06:00:00-07:00,1.1535999774933,1.1547000408173,1.1525000333786,1.1527999639511,
2018-10-17T10:00:00-07:00,1.1526999473572,1.1527999639511,1.1496000289917,1.1499999761581,
2018-10-17T14:00:00-07:00,1.150200009346,1.1505000591278,1.1495000123978,1.150200009346,
2018-10-17T18:00:00-07:00,1.150200009346,1.1505000591278,1.1493999958038,1.1499999761581,
2018-10-17T22:00:00-07:00,1.1499999761581,1.1520999670029,1.1482000350952,1.1518000364304,
2018-10-18T02:00:00-07:00,1.1517000198364,1.1526999473572,1.1499999761581,1.150200009346,
2018-10-18T06:00:00-07:00,1.1500999927521,1.1513999700546,1.1466000080109,1.1471999883652,
2018-10-18T10:00:00-07:00,1.1470999717712,1.1470999717712,1.1449999809265,1.1453000307083,
2018-10-18T14:00:00-07:00,1.1453000307083,1.1460000276566,1.1452000141144,1.1457999944687,
2018-10-18T18:00:00-07:00,1.1457999944687,1.1462999582291,1.1454999446869,1.1459000110626,
2018-10-18T22:00:00-07:00,1.1460000276566,1.1469000577927,1.1433000564575,1.1449999809265,
2018-10-19T02:00:00-07:00,1.1448999643326,1.1476999521255,1.1441999673843,1.146399974823,
2018-10-19T06:00:00-07:00,1.1464999914169,1.1533999443054,1.1461000442505,1.1520999670029,
2018-10-19T10:00:00-07:00,1.1519999504089,1.1524000167847,1.150200009346,1.1513999700546,
2018-10-21T14:00:00-07:00,1.1517000198364,1.1518000364304,1.1497999429703,1.1503000259399,
2018-10-21T18:00:00-07:00,1.1504000425339,1.1518000364304,1.1500999927521,1.1511000394821,
2018-10-21T22:00:00-07:00,1.1511000394821,1.1549999713898,1.1509000062943,1.1514999866486,
2018-10-22T02:00:00-07:00,1.1514999866486,1.1516000032425,1.1484999656677,1.1484999656677,
2018-10-22T06:00:00-07:00,1.1485999822617,1.1486999988556,1.1455999612808,1.1469000577927,
2018-10-22T10:00:00-07:00,1.1467000246048,1.1476000547409,1.146399974823,1.1466000080109,
2018-10-22T14:00:00-07:00,1.1464999914169,1.1468000411987,1.1460000276566,1.1461000442505,
2018-10-22T18:00:00-07:00,1.1460000276566,1.1466000080109,1.1452000141144,1.1455999612808,
2018-10-22T22:00:00-07:00,1.1455999612808,1.147400021553,1.1439000368118,1.1467000246048,
2018-10-23T02:00:00-07:00,1.1467000246048,1.1485999822617,1.1455999612808,1.1466000080109,
2018-10-23T06:00:00-07:00,1.1464999914169,1.1492999792099,1.1448999643326,1.1482000350952,
2018-10-23T10:00:00-07:00,1.1483000516891,1.1490000486374,1.1466000080109,1.1470999717712,
2018-10-23T14:00:00-07:00,1.1471999883652,1.147500038147,1.1468000411987,1.1469000577927,
2018-10-23T18:00:00-07:00,1.1468000411987,1.147500038147,1.1461999416351,1.1468000411987,
2018-10-23T22:00:00-07:00,1.1469000577927,1.1476000547409,1.1407999992371,1.1416000127792,
2018-10-24T02:00:00-07:00,1.1416000127792,1.1425000429153,1.138200044632,1.1404999494553,
2018-10-24T06:00:00-07:00,1.1404000520706,1.1410000324249,1.1385999917984,1.1392999887466,
2018-10-24T10:00:00-07:00,1.1394000053406,1.1403000354767,1.138100028038,1.1391999721527,
2018-10-24T14:00:00-07:00,1.1391999721527,1.140900015831,1.1391999721527,1.1406999826431,
2018-10-24T18:00:00-07:00,1.1406999826431,1.1413999795914,1.1404999494553,1.1411999464035,
2018-10-24T22:00:00-07:00,1.1411999464035,1.1419999599457,1.1396000385284,1.1410000324249,
2018-10-25T02:00:00-07:00,1.1410000324249,1.1433000564575,1.1401000022888,1.1430000066757,
2018-10-25T06:00:00-07:00,1.1430000066757,1.1432000398636,1.1365000009537,1.1371999979019,
2018-10-25T10:00:00-07:00,1.1371999979019,1.1375999450684,1.1355999708176,1.1375999450684,
2018-10-25T14:00:00-07:00,1.1374000310898,1.1376999616623,1.1367000341415,1.1368000507355,
2018-10-25T18:00:00-07:00,1.1368000507355,1.1375000476837,1.1361000537872,1.1368000507355,
2018-10-25T22:00:00-07:00,1.1368000507355,1.1382999420166,1.1358000040054,1.1378999948502,
2018-10-26T02:00:00-07:00,1.1377999782562,1.1380000114441,1.1335999965668,1.1345000267029,
2018-10-26T06:00:00-07:00,1.1345000267029,1.1412999629974,1.1344000101089,1.1396000385284,
2018-10-26T10:00:00-07:00,1.1395000219345,1.1420999765396,1.1390999555588,1.1402000188827,
2018-10-28T14:00:00-07:00,1.1392999887466,1.1404000520706,1.1390000581741,1.1390000581741,
2018-10-28T18:00:00-07:00,1.1390000581741,1.1397000551224,1.1387000083923,1.1391999721527,
2018-10-28T22:00:00-07:00,1.1391999721527,1.1411999464035,1.1380000114441,1.1382999420166,
2018-10-29T02:00:00-07:00,1.1382999420166,1.1416000127792,1.1361000537872,1.1385999917984,
2018-10-29T06:00:00-07:00,1.1384999752045,1.1399999856949,1.1368000507355,1.1378999948502,
2018-10-29T10:00:00-07:00,1.1380000114441,1.1396000385284,1.1371999979019,1.1371999979019,
2018-10-29T14:00:00-07:00,1.1371999979019,1.1378999948502,1.137099981308,1.1375999450684,
2018-10-29T18:00:00-07:00,1.1375999450684,1.1384999752045,1.1373000144959,1.138100028038,
2018-10-29T22:00:00-07:00,1.1380000114441,1.1387000083923,1.1359000205994,1.1377999782562,
2018-10-30T02:00:00-07:00,1.1377999782562,1.1378999948502,1.1346000432968,1.137099981308,
2018-10-30T06:00:00-07:00,1.1369999647141,1.138100028038,1.1353000402451,1.1353000402451,
2018-10-30T10:00:00-07:00,1.1352000236511,1.1358000040054,1.1340999603271,1.1344000101089,
2018-10-30T14:00:00-07:00,1.1345000267029,1.1346999406815,1.1339999437332,1.134299993515,
2018-10-30T18:00:00-07:00,1.134299993515,1.1349999904633,1.1337000131607,1.1341999769211,
2018-10-30T22:00:00-07:00,1.1340999603271,1.1360000371933,1.1335999965668,1.135400056839,
2018-10-31T02:00:00-07:00,1.135400056839,1.1355999708176,1.1322000026703,1.1322000026703,
2018-10-31T06:00:00-07:00,1.1322000026703,1.1346999406815,1.130499958992,1.1313999891281,
2018-10-31T10:00:00-07:00,1.1312999725342,1.1327999830246,1.1302000284195,1.1311000585556,
2018-10-31T14:00:00-07:00,1.1312999725342,1.1330000162125,1.1308000087738,1.1327999830246,
2018-10-31T18:00:00-07:00,1.1327999830246,1.1349999904633,1.1325999498367,1.134299993515,
2018-10-31T22:00:00-07:00,1.134299993515,1.138100028038,1.1338000297546,1.1380000114441,
2018-11-01T02:00:00-07:00,1.1377999782562,1.1404000520706,1.1368999481201,1.1387000083923,
2018-11-01T06:00:00-07:00,1.1388000249863,1.1412999629974,1.1384999752045,1.1407999992371,
2018-11-01T10:00:00-07:00,1.1406999826431,1.1424000263214,1.1404999494553,1.1407999992371,
2018-11-01T14:00:00-07:00,1.1407999992371,1.1413999795914,1.1399999856949,1.1401000022888,
2018-11-01T18:00:00-07:00,1.1401000022888,1.1417000293732,1.1390999555588,1.140900015831,
2018-11-01T22:00:00-07:00,1.1410000324249,1.1442999839783,1.1407999992371,1.1430000066757,
2018-11-02T02:00:00-07:00,1.1430000066757,1.1455999612808,1.1411000490189,1.1417000293732,
2018-11-02T06:00:00-07:00,1.1418000459671,1.1431000232696,1.1373000144959,1.1385999917984,
2018-11-02T10:00:00-07:00,1.1384999752045,1.139799952507,1.1375999450684,1.1389000415802,
2018-11-04T14:00:00-08:00,1.1387000083923,1.1398999691009,1.1384999752045,1.1389000415802,
2018-11-04T18:00:00-08:00,1.1389000415802,1.1392999887466,1.1382999420166,1.1390000581741,
2018-11-04T22:00:00-08:00,1.1390999555588,1.1398999691009,1.1375000476837,1.138100028038,
2018-11-05T02:00:00-08:00,1.138100028038,1.1387000083923,1.1356999874115,1.1377999782562,
2018-11-05T06:00:00-08:00,1.1377999782562,1.1405999660492,1.1377999782562,1.1395000219345,
2018-11-05T10:00:00-08:00,1.1396000385284,1.1423000097275,1.1395000219345,1.1406999826431,
2018-11-05T14:00:00-08:00,1.1407999992371,1.1413999795914,1.1405999660492,1.1406999826431,
2018-11-05T18:00:00-08:00,1.1405999660492,1.1411000490189,1.1398999691009,1.1404999494553,
2018-11-05T22:00:00-08:00,1.1404999494553,1.1425000429153,1.1402000188827,1.1405999660492,
2018-11-06T02:00:00-08:00,1.1404999494553,1.1438000202179,1.1391999721527,1.1426999568939,
2018-11-06T06:00:00-08:00,1.1427999734879,1.1430000066757,1.1405999660492,1.1411999464035,
2018-11-06T10:00:00-08:00,1.1411000490189,1.1427999734879,1.1405999660492,1.1426999568939,
2018-11-06T14:00:00-08:00,1.1425000429153,1.1473000049591,1.1398999691009,1.1419999599457,
2018-11-06T18:00:00-08:00,1.1418999433518,1.1469999551773,1.1396000385284,1.1452000141144,
2018-11-06T22:00:00-08:00,1.1453000307083,1.1493999958038,1.1431000232696,1.149199962616,
2018-11-07T02:00:00-08:00,1.149099946022,1.1499999761581,1.147500038147,1.1478999853134,
2018-11-07T06:00:00-08:00,1.1477999687195,1.1485999822617,1.1455999612808,1.146399974823,
2018-11-07T10:00:00-08:00,1.146399974823,1.1467000246048,1.1425000429153,1.1426999568939,
2018-11-07T14:00:00-08:00,1.1426999568939,1.1434999704361,1.1425000429153,1.1433000564575,
2018-11-07T18:00:00-08:00,1.1432000398636,1.1433999538422,1.1423000097275,1.1433999538422,
2018-11-07T22:00:00-08:00,1.1433000564575,1.1444000005722,1.1411999464035,1.1423000097275,
2018-11-08T02:00:00-08:00,1.1421999931335,1.1432000398636,1.1404000520706,1.1426999568939,
2018-11-08T06:00:00-08:00,1.1426000595093,1.1446000337601,1.1390000581741,1.1392999887466,
2018-11-08T10:00:00-08:00,1.1392999887466,1.1410000324249,1.1352000236511,1.1363999843597,
2018-11-08T14:00:00-08:00,1.1363999843597,1.1368999481201,1.1358000040054,1.1359000205994,
2018-11-08T18:00:00-08:00,1.1359000205994,1.1361000537872,1.1340999603271,1.1348999738693,
2018-11-08T22:00:00-08:00,1.1348999738693,1.1351000070572,1.1330000162125,1.1338000297546,
2018-11-09T02:00:00-08:00,1.1338000297546,1.1356999874115,1.1327999830246,1.1351000070572,
2018-11-09T06:00:00-08:00,1.1351000070572,1.1360000371933,1.1317000389099,1.1332000494003,
2018-11-09T10:00:00-08:00,1.1332000494003,1.1339999437332,1.1326999664307,1.1334999799728,
2018-11-11T14:00:00-08:00,1.1324000358582,1.1330000162125,1.131500005722,1.1325000524521,
2018-11-11T18:00:00-08:00,1.1325999498367,1.1330000162125,1.1309000253677,1.1310000419617,
2018-11-11T22:00:00-08:00,1.1311000585556,1.1311999559402,1.12399995327,1.1256999969482,
2018-11-12T02:00:00-08:00,1.1255999803543,1.127799987793,1.1246999502182,1.1272000074387,
2018-11-12T06:00:00-08:00,1.1273000240326,1.1273000240326,1.1241999864578,1.1245000362396,
2018-11-12T10:00:00-08:00,1.1245000362396,1.1246000528336,1.1216000318527,1.1218999624252,
2018-11-12T14:00:00-08:00,1.1218999624252,1.1237000226975,1.1217000484467,1.1236000061035,
2018-11-12T18:00:00-08:00,1.1234999895096,1.1252000331879,1.1229000091553,1.12399995327,
2018-11-12T22:00:00-08:00,1.12399995327,1.1256999969482,1.1224999427795,1.1233999729157,
2018-11-13T02:00:00-08:00,1.1232999563217,1.1270999908447,1.122300028801,1.1267000436783,
2018-11-13T06:00:00-08:00,1.1267000436783,1.1294000148773,1.1263999938965,1.1279000043869,
2018-11-13T10:00:00-08:00,1.1279000043869,1.1291999816895,1.1253000497818,1.1289999485016,
2018-11-13T14:00:00-08:00,1.1289000511169,1.1319999694824,1.1286000013351,1.1305999755859,
2018-11-13T18:00:00-08:00,1.1306999921799,1.1309000253677,1.1286000013351,1.1289999485016,
2018-11-13T22:00:00-08:00,1.1289000511169,1.1301000118256,1.1267000436783,1.1269999742508,
2018-11-14T02:00:00-08:00,1.1270999908447,1.1311000585556,1.1263999938965,1.1284999847412,
2018-11-14T06:00:00-08:00,1.1286000013351,1.1347999572754,1.1284999847412,1.1294000148773,
2018-11-14T10:00:00-08:00,1.1292999982834,1.1344000101089,1.1275999546051,1.1310000419617,
2018-11-14T14:00:00-08:00,1.1308000087738,1.1324000358582,1.1306999921799,1.131500005722,
2018-11-14T18:00:00-08:00,1.131600022316,1.1340999603271,1.131500005722,1.133299946785,
2018-11-14T22:00:00-08:00,1.1332000494003,1.1351000070572,1.1284999847412,1.1286000013351,
2018-11-15T02:00:00-08:00,1.1283999681473,1.1318999528885,1.1270999908447,1.1299999952316,
2018-11-15T06:00:00-08:00,1.1289999485016,1.1339999437332,1.1289000511169,1.131500005722,
2018-11-15T10:00:00-08:00,1.131600022316,1.1361999511719,1.1309000253677,1.1327999830246,
2018-11-15T14:00:00-08:00,1.1326999664307,1.134299993515,1.1322000026703,1.1339999437332,
2018-11-15T18:00:00-08:00,1.1339999437332,1.134299993515,1.1332000494003,1.1341999769211,
2018-11-15T22:00:00-08:00,1.1340999603271,1.1368000507355,1.1335999965668,1.1339999437332,
2018-11-16T02:00:00-08:00,1.1338000297546,1.1391999721527,1.1322000026703,1.1389000415802,
2018-11-16T06:00:00-08:00,1.1389000415802,1.1419999599457,1.1389000415802,1.1411999464035,
2018-11-16T10:00:00-08:00,1.1411999464035,1.1419999599457,1.1403000354767,1.1413999795914,
2018-11-18T14:00:00-08:00,1.1413999795914,1.1419999599457,1.1405999660492,1.1411999464035,
2018-11-18T18:00:00-08:00,1.1411999464035,1.1413999795914,1.1396000385284,1.1397000551224,
2018-11-18T22:00:00-08:00,1.1397000551224,1.1428999900818,1.1394000053406,1.1427999734879,
2018-11-19T02:00:00-08:00,1.1426999568939,1.1438000202179,1.1414999961853,1.1428999900818,
2018-11-19T06:00:00-08:00,1.1428999900818,1.146399974823,1.1424000263214,1.1457999944687,
2018-11-19T10:00:00-08:00,1.1456999778748,1.1457999944687,1.1449999809265,1.1454000473023,
2018-11-19T14:00:00-08:00,1.1453000307083,1.1457999944687,1.1442999839783,1.144700050354,
2018-11-19T18:00:00-08:00,1.144700050354,1.1455999612808,1.1445000171661,1.1447999477386,
2018-11-19T22:00:00-08:00,1.1447999477386,1.1471999883652,1.1423000097275,1.1427999734879,
2018-11-20T02:00:00-08:00,1.1426999568939,1.1439000368118,1.1404999494553,1.1406999826431,
2018-11-20T06:00:00-08:00,1.1405999660492,1.1412999629974,1.1374000310898,1.1375999450684,
2018-11-20T10:00:00-08:00,1.1375999450684,1.1375999450684,1.1359000205994,1.1369999647141,
2018-11-20T14:00:00-08:00,1.1368000507355,1.1373000144959,1.1366000175476,1.1369999647141,
2018-11-20T18:00:00-08:00,1.1368999481201,1.138200044632,1.1368000507355,1.1380000114441,
2018-11-20T22:00:00-08:00,1.1380000114441,1.1410000324249,1.1377999782562,1.1383999586105,
2018-11-21T02:00:00-08:00,1.1384999752045,1.1425000429153,1.137099981308,1.1411999464035,
2018-11-21T06:00:00-08:00,1.1411999464035,1.1414999961853,1.138100028038,1.1396000385284,
2018-11-21T10:00:00-08:00,1.1397000551224,1.1397000551224,1.138100028038,1.1384999752045,
2018-11-21T14:00:00-08:00,1.138100028038,1.1391999721527,1.138100028038,1.1390999555588,
2018-11-21T18:00:00-08:00,1.1390999555588,1.1401000022888,1.1390000581741,1.1397000551224,
2018-11-21T22:00:00-08:00,1.1397000551224,1.1411000490189,1.1395000219345,1.1404000520706,
2018-11-22T02:00:00-08:00,1.1403000354767,1.1433000564575,1.139799952507,1.1403000354767,
2018-11-22T06:00:00-08:00,1.1404000520706,1.1413999795914,1.1391999721527,1.1407999992371,
2018-11-22T10:00:00-08:00,1.1407999992371,1.1407999992371,1.1401000022888,1.1403000354767,
2018-11-22T14:00:00-08:00,1.1402000188827,1.1407999992371,1.1401000022888,1.1406999826431,
2018-11-22T18:00:00-08:00,1.1405999660492,1.1417000293732,1.1404000520706,1.1414999961853,
2018-11-22T22:00:00-08:00,1.1413999795914,1.1419999599457,1.1365000009537,1.1374000310898,
2018-11-23T02:00:00-08:00,1.1375999450684,1.1380000114441,1.1338000297546,1.1351000070572,
2018-11-23T06:00:00-08:00,1.1352000236511,1.1359000205994,1.1331000328064,1.1334999799728,
2018-11-23T10:00:00-08:00,1.1334999799728,1.1338000297546,1.1327999830246,1.1335999965668,
2018-11-25T14:00:00-08:00,1.1340999603271,1.1340999603271,1.1325999498367,1.1331000328064,
2018-11-25T18:00:00-08:00,1.1332000494003,1.1348999738693,1.1327999830246,1.1347999572754,
2018-11-25T22:00:00-08:00,1.1346999406815,1.1382999420166,1.1344000101089,1.1374000310898,
2018-11-26T02:00:00-08:00,1.1375000476837,1.1375999450684,1.1354999542236,1.1366000175476,
2018-11-26T06:00:00-08:00,1.1365000009537,1.1367000341415,1.1333999633789,1.1339000463486,
2018-11-26T10:00:00-08:00,1.1338000297546,1.1341999769211,1.1325000524521,1.1327999830246,
2018-11-26T14:00:00-08:00,1.1327999830246,1.1334999799728,1.1325999498367,1.1328999996185,
2018-11-26T18:00:00-08:00,1.1330000162125,1.134299993515,1.1327999830246,1.134299993515,
2018-11-26T22:00:00-08:00,1.1341999769211,1.1344000101089,1.130499958992,1.1310000419617,
2018-11-27T02:00:00-08:00,1.1309000253677,1.1335999965668,1.1309000253677,1.1319999694824,
2018-11-27T06:00:00-08:00,1.1320999860764,1.1330000162125,1.127799987793,1.1284999847412,
2018-11-27T10:00:00-08:00,1.1286000013351,1.1303000450134,1.1283999681473,1.128800034523,
2018-11-27T14:00:00-08:00,1.1290999650955,1.1299999952316,1.1286000013351,1.128800034523,
2018-11-27T18:00:00-08:00,1.1289000511169,1.1297999620438,1.1289000511169,1.1294000148773,
2018-11-27T22:00:00-08:00,1.1295000314712,1.1299999952316,1.1267000436783,1.1281000375748,
2018-11-28T02:00:00-08:00,1.1280000209808,1.1294000148773,1.127799987793,1.128800034523,
2018-11-28T06:00:00-08:00,1.128800034523,1.1365000009537,1.1268999576569,1.1344000101089,
2018-11-28T10:00:00-08:00,1.134299993515,1.1387000083923,1.1339999437332,1.1366000175476,
2018-11-28T14:00:00-08:00,1.1366000175476,1.1371999979019,1.1363999843597,1.1369999647141,
2018-11-28T18:00:00-08:00,1.137099981308,1.1391999721527,1.1368999481201,1.1385999917984,
2018-11-28T22:00:00-08:00,1.1385999917984,1.1397000551224,1.1366000175476,1.1369999647141,
2018-11-29T02:00:00-08:00,1.137099981308,1.1402000188827,1.1348999738693,1.1371999979019,
2018-11-29T06:00:00-08:00,1.1371999979019,1.1397000551224,1.1365000009537,1.1373000144959,
2018-11-29T10:00:00-08:00,1.1374000310898,1.1396000385284,1.1363999843597,1.1392999887466,
2018-11-29T14:00:00-08:00,1.1392999887466,1.1396000385284,1.1384999752045,1.1390999555588,
2018-11-29T18:00:00-08:00,1.1389000415802,1.1399999856949,1.1388000249863,1.1391999721527,
2018-11-29T22:00:00-08:00,1.1392999887466,1.1397000551224,1.1369999647141,1.137099981308,
2018-11-30T02:00:00-08:00,1.1369999647141,1.1380000114441,1.1355999708176,1.1356999874115,
2018-11-30T06:00:00-08:00,1.1355999708176,1.1369999647141,1.1311000585556,1.131500005722,
2018-11-30T10:00:00-08:00,1.131500005722,1.1322000026703,1.130499958992,1.1317000389099,
2018-12-02T14:00:00-08:00,1.1351000070572,1.1353000402451,1.1327999830246,1.1339000463486,
2018-12-02T18:00:00-08:00,1.1339999437332,1.1368999481201,1.1339999437332,1.1366000175476,
2018-12-02T22:00:00-08:00,1.1366000175476,1.1380000114441,1.1354999542236,1.1366000175476,
2018-12-03T02:00:00-08:00,1.1365000009537,1.1366000175476,1.1318999528885,1.1325000524521,
2018-12-03T06:00:00-08:00,1.1324000358582,1.1363999843597,1.1324000358582,1.1353000402451,
2018-12-03T10:00:00-08:00,1.1353000402451,1.1355999708176,1.1339000463486,1.1354999542236,
2018-12-03T14:00:00-08:00,1.1354999542236,1.1366000175476,1.1349999904633,1.1366000175476,
2018-12-03T18:00:00-08:00,1.1366000175476,1.138200044632,1.1361999511719,1.1375000476837,
2018-12-03T22:00:00-08:00,1.1375999450684,1.1418000459671,1.1374000310898,1.1411000490189,
2018-12-04T02:00:00-08:00,1.1410000324249,1.1417000293732,1.1382999420166,1.1389000415802,
2018-12-04T06:00:00-08:00,1.1388000249863,1.1398999691009,1.1318999528885,1.1341999769211,
2018-12-04T10:00:00-08:00,1.134299993515,1.1346999406815,1.1334999799728,1.134299993515,
2018-12-04T14:00:00-08:00,1.1344000101089,1.1346000432968,1.133299946785,1.1335999965668,
2018-12-04T18:00:00-08:00,1.1335999965668,1.1335999965668,1.1318000555039,1.1318999528885,
2018-12-04T22:00:00-08:00,1.1319999694824,1.1344000101089,1.1317000389099,1.1338000297546,
2018-12-05T02:00:00-08:00,1.1338000297546,1.1361000537872,1.1332000494003,1.1354999542236,
2018-12-05T06:00:00-08:00,1.1355999708176,1.1359000205994,1.1311000585556,1.1349999904633,
2018-12-05T10:00:00-08:00,1.1349999904633,1.135400056839,1.1339000463486,1.1345000267029,
2018-12-05T14:00:00-08:00,1.1345000267029,1.1352000236511,1.1344000101089,1.1347999572754,
2018-12-05T18:00:00-08:00,1.1346999406815,1.1352000236511,1.1339999437332,1.1345000267029,
2018-12-05T22:00:00-08:00,1.1345000267029,1.1346000432968,1.1322000026703,1.1340999603271,
2018-12-06T02:00:00-08:00,1.1339999437332,1.1368000507355,1.1322000026703,1.1359000205994,
2018-12-06T06:00:00-08:00,1.1360000371933,1.1411999464035,1.1358000040054,1.1385999917984,
2018-12-06T10:00:00-08:00,1.1384999752045,1.1392999887466,1.1368000507355,1.1377999782562,
2018-12-06T14:00:00-08:00,1.1374000310898,1.138200044632,1.1371999979019,1.1375999450684,
2018-12-06T18:00:00-08:00,1.1375000476837,1.138100028038,1.1366000175476,1.1367000341415,
2018-12-06T22:00:00-08:00,1.1368000507355,1.138200044632,1.1360000371933,1.1366000175476,
2018-12-07T02:00:00-08:00,1.1367000341415,1.1414999961853,1.1362999677658,1.1389000415802,
2018-12-07T06:00:00-08:00,1.1389000415802,1.1404000520706,1.1374000310898,1.1395000219345,
2018-12-07T10:00:00-08:00,1.1395000219345,1.1423000097275,1.1378999948502,1.1378999948502,
2018-12-09T14:00:00-08:00,1.1391999721527,1.1439000368118,1.1390999555588,1.143700003624,
2018-12-09T18:00:00-08:00,1.143700003624,1.1441999673843,1.1425000429153,1.14359998703,
2018-12-09T22:00:00-08:00,1.1434999704361,1.1440000534058,1.1404999494553,1.1411999464035,
2018-12-10T02:00:00-08:00,1.1411000490189,1.1427999734879,1.1402000188827,1.1411000490189,
2018-12-10T06:00:00-08:00,1.1411999464035,1.1414999961853,1.1356999874115,1.1360000371933,
2018-12-10T10:00:00-08:00,1.1360000371933,1.1361999511719,1.1351000070572,1.1355999708176,
2018-12-10T14:00:00-08:00,1.1356999874115,1.1365000009537,1.1351000070572,1.1361999511719,
2018-12-10T18:00:00-08:00,1.1362999677658,1.1371999979019,1.1361999511719,1.137099981308,
2018-12-10T22:00:00-08:00,1.137099981308,1.1387000083923,1.1358000040054,1.138200044632,
2018-12-11T02:00:00-08:00,1.1382999420166,1.1399999856949,1.1368000507355,1.1369999647141,
2018-12-11T06:00:00-08:00,1.1368999481201,1.137099981308,1.1306999921799,1.1318999528885,
2018-12-11T10:00:00-08:00,1.1319999694824,1.1327999830246,1.1311999559402,1.1317000389099,
2018-12-11T14:00:00-08:00,1.1317000389099,1.1333999633789,1.1317000389099,1.1331000328064,
2018-12-11T18:00:00-08:00,1.1330000162125,1.1333999633789,1.1323000192642,1.133299946785,
2018-12-11T22:00:00-08:00,1.1332000494003,1.1337000131607,1.131500005722,1.1333999633789,
2018-12-12T02:00:00-08:00,1.133299946785,1.1363999843597,1.1325000524521,1.1359000205994,
2018-12-12T06:00:00-08:00,1.1360000371933,1.1378999948502,1.1341999769211,1.1376999616623,
2018-12-12T10:00:00-08:00,1.1377999782562,1.1387000083923,1.1359000205994,1.1368000507355,
2018-12-12T14:00:00-08:00,1.1368000507355,1.1377999782562,1.1366000175476,1.1368000507355,
2018-12-12T18:00:00-08:00,1.1368000507355,1.1371999979019,1.1362999677658,1.1365000009537,
2018-12-12T22:00:00-08:00,1.1366000175476,1.1392999887466,1.1363999843597,1.1377999782562,
2018-12-13T02:00:00-08:00,1.1376999616623,1.1391999721527,1.1339000463486,1.1345000267029,
2018-12-13T06:00:00-08:00,1.1344000101089,1.1368000507355,1.1332000494003,1.1356999874115,
2018-12-13T10:00:00-08:00,1.1356999874115,1.1371999979019,1.1354999542236,1.1361000537872,
2018-12-13T14:00:00-08:00,1.1362999677658,1.1365000009537,1.1356999874115,1.1362999677658,
2018-12-13T18:00:00-08:00,1.1361999511719,1.1362999677658,1.1355999708176,1.1361000537872,
2018-12-13T22:00:00-08:00,1.1361000537872,1.1361000537872,1.1287000179291,1.1292999982834,
2018-12-14T02:00:00-08:00,1.1291999816895,1.1306999921799,1.1269999742508,1.1274000406265,
2018-12-14T06:00:00-08:00,1.1274000406265,1.1306999921799,1.1272000074387,1.1301000118256,
2018-12-14T10:00:00-08:00,1.1302000284195,1.1308000087738,1.1296000480652,1.1305999755859,
2018-12-16T14:00:00-08:00,1.1303000450134,1.1311000585556,1.1302000284195,1.1306999921799,
2018-12-16T18:00:00-08:00,1.1306999921799,1.1312999725342,1.130499958992,1.1308000087738,
2018-12-16T22:00:00-08:00,1.1306999921799,1.1331000328064,1.1306999921799,1.1330000162125,
2018-12-17T02:00:00-08:00,1.1328999996185,1.1353000402451,1.1327999830246,1.1349999904633,
2018-12-17T06:00:00-08:00,1.1351000070572,1.1354999542236,1.1330000162125,1.1351000070572,
2018-12-17T10:00:00-08:00,1.1351000070572,1.1358000040054,1.1344000101089,1.1346999406815,
2018-12-17T14:00:00-08:00,1.1347999572754,1.1360000371933,1.1344000101089,1.1359000205994,
2018-12-17T18:00:00-08:00,1.1359000205994,1.1359000205994,1.1340999603271,1.1345000267029,
2018-12-17T22:00:00-08:00,1.1345000267029,1.138100028038,1.1337000131607,1.1375999450684,
2018-12-18T02:00:00-08:00,1.1375999450684,1.1402000188827,1.1373000144959,1.1378999948502,
2018-12-18T06:00:00-08:00,1.1377999782562,1.1380000114441,1.1358000040054,1.1360000371933,
2018-12-18T10:00:00-08:00,1.1360000371933,1.1375000476837,1.1349999904633,1.1361999511719,
2018-12-18T14:00:00-08:00,1.1361000537872,1.1385999917984,1.1361000537872,1.138100028038,
2018-12-18T18:00:00-08:00,1.1380000114441,1.1390000581741,1.1378999948502,1.1388000249863,
2018-12-18T22:00:00-08:00,1.1387000083923,1.1405999660492,1.138100028038,1.1389000415802,
2018-12-19T02:00:00-08:00,1.1389000415802,1.1413999795914,1.1382999420166,1.1401000022888,
2018-12-19T06:00:00-08:00,1.1401000022888,1.1439000368118,1.1401000022888,1.1425000429153,
2018-12-19T10:00:00-08:00,1.1425000429153,1.1438000202179,1.1365000009537,1.1375999450684,
2018-12-19T14:00:00-08:00,1.1374000310898,1.1389000415802,1.1371999979019,1.138200044632,
2018-12-19T18:00:00-08:00,1.138100028038,1.1389000415802,1.1377999782562,1.1389000415802,
2018-12-19T22:00:00-08:00,1.1389000415802,1.1481000185013,1.1384999752045,1.1477999687195,
2018-12-20T02:00:00-08:00,1.1477999687195,1.1484999656677,1.1445000171661,1.1446000337601,
2018-12-20T06:00:00-08:00,1.1446000337601,1.146399974823,1.1403000354767,1.1456999778748,
2018-12-20T10:00:00-08:00,1.1459000110626,1.1484999656677,1.1445000171661,1.1446000337601,
2018-12-20T14:00:00-08:00,1.1446000337601,1.1461999416351,1.1445000171661,1.1452000141144,
2018-12-20T18:00:00-08:00,1.1450999975205,1.1454999446869,1.1441999673843,1.144700050354,
2018-12-20T22:00:00-08:00,1.1446000337601,1.147400021553,1.1411999464035,1.1427999734879,
2018-12-21T02:00:00-08:00,1.1428999900818,1.1428999900818,1.1401000022888,1.1411000490189,
2018-12-21T06:00:00-08:00,1.1410000324249,1.1424000263214,1.1382999420166,1.1385999917984,
2018-12-21T10:00:00-08:00,1.1384999752045,1.1384999752045,1.1355999708176,1.1369999647141,
2018-12-23T14:00:00-08:00,1.1374000310898,1.138100028038,1.1361999511719,1.1380000114441,
2018-12-23T18:00:00-08:00,1.138100028038,1.1392999887466,1.1377999782562,1.1390999555588,
2018-12-23T22:00:00-08:00,1.1390999555588,1.1407999992371,1.1374000310898,1.1395000219345,
2018-12-24T02:00:00-08:00,1.1395000219345,1.1417000293732,1.1389000415802,1.1413999795914,
2018-12-24T06:00:00-08:00,1.1413999795914,1.1439000368118,1.1399999856949,1.140900015831,
2018-12-24T10:00:00-08:00,1.1410000324249,1.1420999765396,1.1397500038147,1.1401499509811,
2018-12-24T14:00:00-08:00,1.1404500007629,1.1418499946594,1.1385500431061,1.1411499977112,
2018-12-24T18:00:00-08:00,1.141450047493,1.1424499750137,1.1407300233841,1.1412500143051,
2018-12-24T22:00:00-08:00,1.1416499614716,1.1419500112534,1.1374499797821,1.1400500535965,
2018-12-25T02:00:00-08:00,1.1400500535965,1.1406500339508,1.136549949646,1.1377500295639,
2018-12-25T06:00:00-08:00,1.1378500461578,1.140349984169,1.1368499994278,1.1402499675751,
2018-12-25T10:00:00-08:00,1.1402499675751,1.1419500112534,1.1390500068665,1.1393500566482,
2018-12-25T14:00:00-08:00,1.1394499540329,1.1421500444412,1.1382499933243,1.1409499645233,
2018-12-25T18:00:00-08:00,1.1410150527954,1.1417499780655,1.1397949457169,1.1403000354767,
2018-12-25T22:00:00-08:00,1.1402000188827,1.1408499479294,1.138100028038,1.1383999586105,
2018-12-26T02:00:00-08:00,1.1384999752045,1.1390000581741,1.1375000476837,1.1389000415802,
2018-12-26T06:00:00-08:00,1.1389000415802,1.1413999795914,1.1355999708176,1.1355999708176,
2018-12-26T10:00:00-08:00,1.1355999708176,1.1367000341415,1.134299993515,1.1353000402451,
2018-12-26T14:00:00-08:00,1.1353000402451,1.1377999782562,1.1353000402451,1.1375000476837,
2018-12-26T18:00:00-08:00,1.1374000310898,1.1390000581741,1.1374000310898,1.1382999420166,
2018-12-26T22:00:00-08:00,1.138200044632,1.1399999856949,1.1371999979019,1.1394000053406,
2018-12-27T02:00:00-08:00,1.1395000219345,1.1410000324249,1.1365000009537,1.139799952507,
2018-12-27T06:00:00-08:00,1.1397000551224,1.1449999809265,1.1392999887466,1.14359998703,
2018-12-27T10:00:00-08:00,1.14359998703,1.1454000473023,1.1426999568939,1.1428999900818,
2018-12-27T14:00:00-08:00,1.1428999900818,1.1448999643326,1.1426999568939,1.1447999477386,
2018-12-27T18:00:00-08:00,1.1448999643326,1.1467000246048,1.144700050354,1.1454999446869,
2018-12-27T22:00:00-08:00,1.1454000473023,1.1467000246048,1.1431000232696,1.1442999839783,
2018-12-28T02:00:00-08:00,1.1444000005722,1.1473000049591,1.1439000368118,1.1461000442505,
2018-12-28T06:00:00-08:00,1.1461000442505,1.1469000577927,1.1431000232696,1.1440999507904,
2018-12-28T10:00:00-08:00,1.1440999507904,1.1454000473023,1.1433999538422,1.1441999673843,
2018-12-30T14:00:00-08:00,1.1434999704361,1.1449999809265,1.1434999704361,1.1439000368118,
2018-12-30T18:00:00-08:00,1.1439000368118,1.1440999507904,1.1421999931335,1.1428999900818,
2018-12-30T22:00:00-08:00,1.1427999734879,1.144700050354,1.1424000263214,1.14359998703,
2018-12-31T02:00:00-08:00,1.143700003624,1.1466000080109,1.1434999704361,1.1446000337601,
2018-12-31T06:00:00-08:00,1.144700050354,1.1459000110626,1.1426000595093,1.1450999975205,
2018-12-31T10:00:00-08:00,1.1452000141144,1.1454999446869,1.1442999839783,1.1445000171661,
2018-12-31T14:00:00-08:00,1.1475499868393,1.1491500139236,1.1465500593185,1.1473499536514,
2018-12-31T18:00:00-08:00,1.1473499536514,1.1480499505997,1.1455500125885,1.1471500396729,
2018-12-31T22:00:00-08:00,1.1471500396729,1.1481499671936,1.1460499763489,1.1476999521255,
2019-01-01T02:00:00-08:00,1.1476999521255,1.1530499458313,1.1476999521255,1.1530499458313,
2019-01-01T06:00:00-08:00,1.1530499458313,1.1547000408173,1.1425000429153,1.1426500082016,
2019-01-01T10:00:00-08:00,1.1426500082016,1.1465500593185,1.1426500082016,1.1465500593185,
2019-01-01T14:00:00-08:00,1.146399974823,1.1470500230789,1.1446000337601,1.1452499628067,
2019-01-01T18:00:00-08:00,1.1451499462128,1.1478999853134,1.1442500352859,1.1478500366211,
2019-01-01T22:00:00-08:00,1.1477999687195,1.1497000455856,1.1422499418259,1.1434500217438,
2019-01-02T02:00:00-08:00,1.1433999538422,1.1442999839783,1.1368000507355,1.1371500492096,
2019-01-02T06:00:00-08:00,1.137099981308,1.13765001297,1.1331000328064,1.1335999965668,
2019-01-02T10:00:00-08:00,1.1335500478745,1.134850025177,1.1325999498367,1.1343499422073,
2019-01-02T14:00:00-08:00,1.1343499422073,1.1369500160217,1.1309499740601,1.1349500417709,
2019-01-02T18:00:00-08:00,1.1349500417709,1.1372499465942,1.1346499919891,1.1361000537872,
2019-01-02T22:00:00-08:00,1.1360499858856,1.1384500265121,1.1354999542236,1.1375999450684,
2019-01-03T02:00:00-08:00,1.137549996376,1.1378999948502,1.1338000297546,1.1364500522614,
2019-01-03T06:00:00-08:00,1.1366499662399,1.1410499811173,1.1361000537872,1.1399500370026,
2019-01-03T10:00:00-08:00,1.1397000551224,1.1407999992371,1.1385999917984,1.1394000053406,
2019-01-03T14:00:00-08:00,1.1394499540329,1.1411999464035,1.1387000083923,1.1404000520706,
2019-01-03T18:00:00-08:00,1.1404000520706,1.1408499479294,1.1386499404907,1.1390000581741,
2019-01-03T22:00:00-08:00,1.1389499902725,1.1419500112534,1.1383500099182,1.140349984169,
2019-01-04T02:00:00-08:00,1.1404000520706,1.1417000293732,1.1364500522614,1.1371500492096,
2019-01-04T06:00:00-08:00,1.1371999979019,1.1418499946594,1.1346000432968,1.1406500339508,
2019-01-04T10:00:00-08:00,1.1404999494553,1.1411000490189,1.1393500566482,1.1394499540329,
2019-01-06T14:00:00-08:00,1.1397500038147,1.1423499584198,1.1397500038147,1.1420999765396,
2019-01-06T18:00:00-08:00,1.1421500444412,1.143049955368,1.1416499614716,1.1423000097275,
2019-01-06T22:00:00-08:00,1.1423499584198,1.1448500156403,1.1410000324249,1.144150018692,
2019-01-07T02:00:00-08:00,1.1442999839783,1.145849943161,1.1433000564575,1.145849943161,
2019-01-07T06:00:00-08:00,1.1457999944687,1.1473499536514,1.1454000473023,1.1469999551773,
2019-01-07T10:00:00-08:00,1.1468499898911,1.1484500169754,1.1468499898911,1.1475499868393,
2019-01-07T14:00:00-08:00,1.1474499702454,1.1485500335693,1.144700050354,1.1447999477386,
2019-01-07T18:00:00-08:00,1.1447999477386,1.1453499794006,1.1432499885559,1.1444499492645,
2019-01-07T22:00:00-08:00,1.1444000005722,1.1461000442505,1.1433500051498,1.1452000141144,
2019-01-08T02:00:00-08:00,1.1450999975205,1.1469999551773,1.1423000097275,1.1427999734879,
2019-01-08T06:00:00-08:00,1.1427999734879,1.1455500125885,1.1424499750137,1.1454000473023,
2019-01-08T10:00:00-08:00,1.1452000141144,1.1459499597549,1.1434500217438,1.1439000368118,
2019-01-08T14:00:00-08:00,1.1442500352859,1.1466499567032,1.1434999704361,1.145849943161,
2019-01-08T18:00:00-08:00,1.1457999944687,1.1464500427246,1.1447999477386,1.1461000442505,
2019-01-08T22:00:00-08:00,1.1461000442505,1.1480000019073,1.1454000473023,1.1462500095367,
2019-01-09T02:00:00-08:00,1.1460499763489,1.1464500427246,1.1440500020981,1.1462500095367,
2019-01-09T06:00:00-08:00,1.1463500261307,1.1540499925613,1.1463500261307,1.1533000469208,
2019-01-09T10:00:00-08:00,1.1533000469208,1.1554499864578,1.1527999639511,1.1542999744415,
2019-01-09T14:00:00-08:00,1.1541500091553,1.1561000347138,1.1538499593735,1.1554499864578,
2019-01-09T18:00:00-08:00,1.1553499698639,1.1570500135422,1.1547499895096,1.1560499668121,
2019-01-09T22:00:00-08:00,1.1560499668121,1.1561499834061,1.1519500017166,1.152449965477,
2019-01-10T02:00:00-08:00,1.152449965477,1.1544500589371,1.1517000198364,1.1520500183105,
2019-01-10T06:00:00-08:00,1.1521500349045,1.1532000303268,1.1499500274658,1.150750041008,
2019-01-10T10:00:00-08:00,1.1505999565125,1.1513999700546,1.1484999656677,1.1500500440598,
2019-01-10T14:00:00-08:00,1.1499999761581,1.1522500514984,1.1496000289917,1.1517499685288,
2019-01-10T18:00:00-08:00,1.1517499685288,1.1531499624252,1.1512500047684,1.1526000499725,
2019-01-10T22:00:00-08:00,1.152449965477,1.1533000469208,1.1515500545502,1.1519000530243,
2019-01-11T02:00:00-08:00,1.1519500017166,1.1540499925613,1.1516000032425,1.1526000499725,
2019-01-11T06:00:00-08:00,1.1526499986649,1.1527999639511,1.1457999944687,1.1484500169754,
2019-01-11T10:00:00-08:00,1.1483000516891,1.1483999490738,1.1456999778748,1.1469999551773,
2019-01-13T14:00:00-08:00,1.1460499763489,1.1477500200272,1.1459000110626,1.1476000547409,
2019-01-13T18:00:00-08:00,1.1476000547409,1.1481499671936,1.1464999914169,1.1478999853134,
2019-01-13T22:00:00-08:00,1.1478999853134,1.1482000350952,1.1454000473023,1.1462999582291,
2019-01-14T02:00:00-08:00,1.1462999582291,1.1474499702454,1.1450500488281,1.1459499597549,
2019-01-14T06:00:00-08:00,1.1460000276566,1.1481000185013,1.1453000307083,1.1476999521255,
2019-01-14T10:00:00-08:00,1.1476500034332,1.1476500034332,1.1462500095367,1.1471500396729,
2019-01-14T14:00:00-08:00,1.1468499898911,1.1490499973297,1.1464999914169,1.1484999656677,
2019-01-14T18:00:00-08:00,1.1484999656677,1.1491500139236,1.1475499868393,1.1483500003815,
2019-01-14T22:00:00-08:00,1.1483500003815,1.1484500169754,1.1423000097275,1.1434500217438,
2019-01-15T02:00:00-08:00,1.1433500051498,1.1444000005722,1.1411999464035,1.1439000368118,
2019-01-15T06:00:00-08:00,1.1438499689102,1.1454999446869,1.1383500099182,1.1390000581741,
2019-01-15T10:00:00-08:00,1.1388000249863,1.1418499946594,1.1381499767304,1.1415499448776,
2019-01-15T14:00:00-08:00,1.1412999629974,1.1418000459671,1.1397000551224,1.1400500535965,
2019-01-15T18:00:00-08:00,1.1398500204086,1.1415499448776,1.1395499706268,1.1411499977112,
2019-01-15T22:00:00-08:00,1.1411499977112,1.1427500247955,1.1391500234604,1.1410000324249,
2019-01-16T02:00:00-08:00,1.1411499977112,1.1411999464035,1.1377999782562,1.1390500068665,
2019-01-16T06:00:00-08:00,1.1390500068665,1.1411999464035,1.1389000415802,1.1399500370026,
2019-01-16T10:00:00-08:00,1.1401499509811,1.1412500143051,1.1386499404907,1.1398500204086,
2019-01-16T14:00:00-08:00,1.1399500370026,1.1403000354767,1.1389000415802,1.1395499706268,
2019-01-16T18:00:00-08:00,1.1394499540329,1.1398500204086,1.1377999782562,1.1388000249863,
2019-01-16T22:00:00-08:00,1.1388499736786,1.140349984169,1.137099981308,1.1394000053406,
2019-01-17T02:00:00-08:00,1.1394000053406,1.1407500505447,1.1382999420166,1.1398500204086,
2019-01-17T06:00:00-08:00,1.139799952507,1.1401499509811,1.137099981308,1.1387499570847,
2019-01-17T10:00:00-08:00,1.1387000083923,1.1401000022888,1.1378999948502,1.1394499540329,
2019-01-17T14:00:00-08:00,1.1388499736786,1.1403000354767,1.1385999917984,1.1393500566482,
2019-01-17T18:00:00-08:00,1.1395000219345,1.139799952507,1.1384500265121,1.1389499902725,
2019-01-17T22:00:00-08:00,1.1389499902725,1.1401000022888,1.1388000249863,1.1398500204086,
2019-01-18T02:00:00-08:00,1.1398500204086,1.1411499977112,1.1395000219345,1.1396499872208,
2019-01-18T06:00:00-08:00,1.1397000551224,1.1402000188827,1.1352000236511,1.1358499526977,
2019-01-18T10:00:00-08:00,1.1358499526977,1.1374499797821,1.1357500553131,1.1370500326157,
2019-01-20T14:00:00-08:00,1.1373499631882,1.1380499601364,1.1361000537872,1.13765001297,
2019-01-20T18:00:00-08:00,1.1375999450684,1.1380499601364,1.1370500326157,1.1377500295639,
2019-01-20T22:00:00-08:00,1.1377999782562,1.1390500068665,1.1364500522614,1.1369999647141,
2019-01-21T02:00:00-08:00,1.1371500492096,1.1380499601364,1.1356500387192,1.1361500024795,
2019-01-21T06:00:00-08:00,1.1360499858856,1.1372499465942,1.1356500387192,1.137099981308,
2019-01-21T10:00:00-08:00,1.1368000507355,1.1376999616623,1.1363500356674,1.1366499662399,
2019-01-21T14:00:00-08:00,1.1366499662399,1.1385500431061,1.1362500190735,1.1369999647141,
2019-01-21T18:00:00-08:00,1.1371500492096,1.1372499465942,1.1354500055313,1.1358499526977,
2019-01-21T22:00:00-08:00,1.1358000040054,1.136549949646,1.1345000267029,1.1361000537872,
2019-01-22T02:00:00-08:00,1.1362500190735,1.1366499662399,1.1343499422073,1.1346000432968,
2019-01-22T06:00:00-08:00,1.1345499753952,1.1371999979019,1.1335999965668,1.1369999647141,
2019-01-22T10:00:00-08:00,1.1369999647141,1.1374000310898,1.1350500583649,1.1359000205994,
2019-01-22T14:00:00-08:00,1.1359499692917,1.1377500295639,1.1357500553131,1.1366000175476,
2019-01-22T18:00:00-08:00,1.1363999843597,1.1369500160217,1.1359000205994,1.1368000507355,
2019-01-22T22:00:00-08:00,1.1368499994278,1.1372499465942,1.1353499889374,1.1356500387192,
2019-01-23T02:00:00-08:00,1.1355500221252,1.1371999979019,1.1350500583649,1.1354999542236,
2019-01-23T06:00:00-08:00,1.1356500387192,1.1396000385284,1.1352000236511,1.1390999555588,
2019-01-23T10:00:00-08:00,1.1390999555588,1.1395499706268,1.1378500461578,1.138100028038,
2019-01-23T14:00:00-08:00,1.138100028038,1.139799952507,1.1377500295639,1.1384999752045,
2019-01-23T18:00:00-08:00,1.1387499570847,1.1390999555588,1.138100028038,1.1383999586105,
2019-01-23T22:00:00-08:00,1.1385500431061,1.1388499736786,1.1340500116348,1.1346999406815,
2019-01-24T02:00:00-08:00,1.1346999406815,1.1358499526977,1.1308000087738,1.1333999633789,
2019-01-24T06:00:00-08:00,1.133749961853,1.1381499767304,1.1294000148773,1.1299999952316,
2019-01-24T10:00:00-08:00,1.1297500133514,1.1316499710083,1.1288499832153,1.1306999921799,
2019-01-24T14:00:00-08:00,1.1305999755859,1.1316499710083,1.1298999786377,1.1308499574661,
2019-01-24T18:00:00-08:00,1.1308000087738,1.1327999830246,1.1305999755859,1.1322499513626,
2019-01-24T22:00:00-08:00,1.1322499513626,1.1335500478745,1.1314500570297,1.1330499649048,
2019-01-25T02:00:00-08:00,1.1329499483109,1.1358499526977,1.1326500177383,1.1357500553131,
2019-01-25T06:00:00-08:00,1.1357500553131,1.141450047493,1.1355999708176,1.1406500339508,
2019-01-25T10:00:00-08:00,1.1406999826431,1.1419500112534,1.1402000188827,1.1406999826431,
2019-01-27T14:00:00-08:00,1.1404500007629,1.1419500112534,1.1402499675751,1.1415499448776,
2019-01-27T18:00:00-08:00,1.141450047493,1.1426500082016,1.1406999826431,1.1411999464035,
2019-01-27T22:00:00-08:00,1.1413500308991,1.1418499946594,1.1390500068665,1.1408499479294,
2019-01-28T02:00:00-08:00,1.1407500505447,1.1425499916077,1.1404999494553,1.1417499780655,
2019-01-28T06:00:00-08:00,1.1417000293732,1.1446000337601,1.1404999494553,1.1434999704361,
2019-01-28T10:00:00-08:00,1.1433999538422,1.144150018692,1.1423499584198,1.1426500082016,
2019-01-28T14:00:00-08:00,1.1433500051498,1.1443500518799,1.1417499780655,1.1425499916077,
2019-01-28T18:00:00-08:00,1.1424499750137,1.1436500549316,1.1422499418259,1.1433000564575,
2019-01-28T22:00:00-08:00,1.1432499885559,1.1450500488281,1.143049955368,1.1440500020981,
2019-01-29T02:00:00-08:00,1.144150018692,1.144700050354,1.1417499780655,1.1426000595093,
2019-01-29T06:00:00-08:00,1.1426500082016,1.1439000368118,1.1411499977112,1.1427500247955,
2019-01-29T10:00:00-08:00,1.1427999734879,1.144150018692,1.1420999765396,1.1433000564575,
2019-01-29T14:00:00-08:00,1.1433500051498,1.1448500156403,1.1426500082016,1.1440999507904,
2019-01-29T18:00:00-08:00,1.144150018692,1.1446499824524,1.1433000564575,1.1445000171661,
2019-01-29T22:00:00-08:00,1.1444499492645,1.1451499462128,1.1424499750137,1.1428500413895,
2019-01-30T02:00:00-08:00,1.1432499885559,1.1441999673843,1.1420500278473,1.1426000595093,
2019-01-30T06:00:00-08:00,1.1425499916077,1.1427999734879,1.1406500339508,1.1419500112534,
2019-01-30T10:00:00-08:00,1.1418499946594,1.1502499580383,1.1413999795914,1.1478999853134,
2019-01-30T14:00:00-08:00,1.1480000019073,1.1495499610901,1.1476500034332,1.1493500471115,
2019-01-30T18:00:00-08:00,1.1492999792099,1.1510499715805,1.1488499641418,1.1503000259399,
2019-01-30T22:00:00-08:00,1.1504000425339,1.1515500545502,1.1483500003815,1.1483500003815,
2019-01-31T02:00:00-08:00,1.1485999822617,1.149749994278,1.1470500230789,1.1495499610901,
2019-01-31T06:00:00-08:00,1.1493500471115,1.1496000289917,1.1434999704361,1.1448999643326,
2019-01-31T10:00:00-08:00,1.1450500488281,1.1451499462128,1.1438499689102,1.1447999477386,
2019-01-31T14:00:00-08:00,1.144700050354,1.1450500488281,1.1436500549316,1.144150018692,
2019-01-31T18:00:00-08:00,1.1442500352859,1.1447499990463,1.1433000564575,1.143700003624,
2019-01-31T22:00:00-08:00,1.14359998703,1.1468499898911,1.1433500051498,1.1467000246048,
2019-02-01T02:00:00-08:00,1.1466499567032,1.1486500501633,1.1454000473023,1.1477500200272,
2019-02-01T06:00:00-08:00,1.1474499702454,1.1488499641418,1.1447499990463,1.1470500230789,
2019-02-01T10:00:00-08:00,1.1468499898911,1.146950006485,1.1452499628067,1.1456999778748,
2019-02-03T14:00:00-08:00,1.1452499628067,1.1460499763489,1.1452499628067,1.145849943161,
2019-02-03T18:00:00-08:00,1.1457999944687,1.1460499763489,1.1437499523163,1.1443500518799,
2019-02-03T22:00:00-08:00,1.1444000005722,1.1453499794006,1.1435500383377,1.1445499658585,
2019-02-04T02:00:00-08:00,1.144700050354,1.1454499959946,1.1438499689102,1.1448999643326,
2019-02-04T06:00:00-08:00,1.1449500322342,1.1451499462128,1.1424000263214,1.1432000398636,
2019-02-04T10:00:00-08:00,1.1429500579834,1.1440500020981,1.1426500082016,1.1436500549316,
2019-02-04T14:00:00-08:00,1.1437499523163,1.1454499959946,1.1433000564575,1.1438499689102,
2019-02-04T18:00:00-08:00,1.1438499689102,1.1440999507904,1.1425499916077,1.1434500217438,
2019-02-04T22:00:00-08:00,1.1433999538422,1.1434500217438,1.1410499811173,1.1419999599457,
2019-02-05T02:00:00-08:00,1.1418999433518,1.1433500051498,1.1411000490189,1.143049955368,
2019-02-05T06:00:00-08:00,1.1430000066757,1.1434999704361,1.1401000022888,1.140900015831,
2019-02-05T10:00:00-08:00,1.1411499977112,1.1419500112534,1.1399999856949,1.1413500308991,
2019-02-05T14:00:00-08:00,1.1404999494553,1.1418499946594,1.1397500038147,1.1401000022888,
2019-02-05T18:00:00-08:00,1.1401499509811,1.1406500339508,1.1394499540329,1.1396499872208,
2019-02-05T22:00:00-08:00,1.1396499872208,1.1398500204086,1.1379499435425,1.1388000249863,
2019-02-06T02:00:00-08:00,1.1388499736786,1.1398500204086,1.1382499933243,1.1387000083923,
2019-02-06T06:00:00-08:00,1.1386499404907,1.1390500068665,1.1373000144959,1.137549996376,
2019-02-06T10:00:00-08:00,1.1375000476837,1.13765001297,1.1359000205994,1.1360499858856,
2019-02-06T14:00:00-08:00,1.1361999511719,1.137549996376,1.1358000040054,1.1359499692917,
2019-02-06T18:00:00-08:00,1.1359499692917,1.1365000009537,1.1353499889374,1.1359499692917,
2019-02-06T22:00:00-08:00,1.1356999874115,1.1368000507355,1.1339000463486,1.1345499753952,
2019-02-07T02:00:00-08:00,1.1345499753952,1.1349500417709,1.1324000358582,1.1330499649048,
2019-02-07T06:00:00-08:00,1.1331499814987,1.1360499858856,1.1328500509262,1.1351499557495,
2019-02-07T10:00:00-08:00,1.134850025177,1.1357500553131,1.1336499452591,1.1341500282288,
2019-02-07T14:00:00-08:00,1.1346499919891,1.1353499889374,1.1334999799728,1.133749961853,
2019-02-07T18:00:00-08:00,1.133749961853,1.1343499422073,1.1330499649048,1.1339499950409,
2019-02-07T22:00:00-08:00,1.1339499950409,1.1343499422073,1.1322499513626,1.1326500177383,
2019-02-08T02:00:00-08:00,1.1325999498367,1.1352499723434,1.1324499845505,1.1348999738693,
2019-02-08T06:00:00-08:00,1.1345499753952,1.1347999572754,1.132150053978,1.1329499483109,
2019-02-08T10:00:00-08:00,1.1331000328064,1.133299946785,1.1319500207901,1.1329499483109,
2019-02-10T14:00:00-08:00,1.1319999694824,1.1328999996185,1.1313999891281,1.1325999498367,
2019-02-10T18:00:00-08:00,1.1327500343323,1.1328500509262,1.1311999559402,1.1324499845505,
2019-02-10T22:00:00-08:00,1.1324000358582,1.1330499649048,1.1302000284195,1.1303000450134,
2019-02-11T02:00:00-08:00,1.1302499771118,1.1322499513626,1.1296000480652,1.1309000253677,
2019-02-11T06:00:00-08:00,1.1309000253677,1.1312500238419,1.1267999410629,1.1270500421524,
2019-02-11T10:00:00-08:00,1.1270999908447,1.1281000375748,1.1266499757767,1.1279499530792,
2019-02-11T14:00:00-08:00,1.1279499530792,1.128350019455,1.1271500587463,1.1282999515533,
2019-02-11T18:00:00-08:00,1.128250002861,1.1285500526428,1.1270999908447,1.1279499530792,
2019-02-11T22:00:00-08:00,1.1279000043869,1.1291500329971,1.1256500482559,1.1274499893189,
2019-02-12T02:00:00-08:00,1.1275000572205,1.1297999620438,1.1271500587463,1.1293499469757,
2019-02-12T06:00:00-08:00,1.1293499469757,1.1324000358582,1.1286000013351,1.132050037384,
2019-02-12T10:00:00-08:00,1.132050037384,1.1340500116348,1.1319500207901,1.1325999498367,
2019-02-12T14:00:00-08:00,1.1325500011444,1.1340500116348,1.1324000358582,1.1334999799728,
2019-02-12T18:00:00-08:00,1.1335500478745,1.1344499588013,1.1332499980927,1.133849978447,
2019-02-12T22:00:00-08:00,1.133849978447,1.1340500116348,1.1311999559402,1.1320999860764,
2019-02-13T02:00:00-08:00,1.1322499513626,1.1331499814987,1.1288499832153,1.1291500329971,
2019-02-13T06:00:00-08:00,1.1291999816895,1.1304500102997,1.1273000240326,1.1277500391007,
2019-02-13T10:00:00-08:00,1.1276500225067,1.1284500360489,1.1260499954224,1.1260999441147,
2019-02-13T14:00:00-08:00,1.1260999441147,1.1273499727249,1.1248999834061,1.1269999742508,
2019-02-13T18:00:00-08:00,1.1269500255585,1.1284500360489,1.1265499591827,1.1280000209808,
2019-02-13T22:00:00-08:00,1.1281000375748,1.1294000148773,1.125,1.1264499425888,
2019-02-14T02:00:00-08:00,1.1266499757767,1.131049990654,1.1261999607086,1.1302000284195,
2019-02-14T06:00:00-08:00,1.1301499605179,1.1305500268936,1.1265000104904,1.1297500133514,
2019-02-14T10:00:00-08:00,1.1297500133514,1.1304500102997,1.1289000511169,1.1303499937057,
2019-02-14T14:00:00-08:00,1.1305500268936,1.1311500072479,1.1284500360489,1.1284999847412,
2019-02-14T18:00:00-08:00,1.1287000179291,1.1290500164032,1.1280499696732,1.1286499500275,
2019-02-14T22:00:00-08:00,1.1284999847412,1.1293499469757,1.1267000436783,1.1283999681473,
2019-02-15T02:00:00-08:00,1.1282000541687,1.1287499666214,1.1234500408173,1.1252499818802,
2019-02-15T06:00:00-08:00,1.1253000497818,1.1284500360489,1.1253000497818,1.1273499727249,
2019-02-15T10:00:00-08:00,1.1273499727249,1.1308000087738,1.1270999908447,1.1295000314712,
2019-02-17T14:00:00-08:00,1.1292999982834,1.1311500072479,1.1289499998093,1.1310000419617,
2019-02-17T18:00:00-08:00,1.1310000419617,1.1325500011444,1.1305500268936,1.1308499574661,
2019-02-17T22:00:00-08:00,1.1308499574661,1.1318999528885,1.1294499635696,1.1315499544144,
2019-02-18T02:00:00-08:00,1.131600022316,1.1334500312805,1.1309499740601,1.1320999860764,
2019-02-18T06:00:00-08:00,1.1319500207901,1.1328500509262,1.1301000118256,1.1309000253677,
2019-02-18T10:00:00-08:00,1.131049990654,1.1316499710083,1.1302000284195,1.131049990654,
2019-02-18T14:00:00-08:00,1.131049990654,1.1316499710083,1.1298500299454,1.1303999423981,
2019-02-18T18:00:00-08:00,1.1304500102997,1.1305999755859,1.1289999485016,1.1299500465393,
2019-02-18T22:00:00-08:00,1.1299999952316,1.1325000524521,1.1291500329971,1.130499958992,
2019-02-19T02:00:00-08:00,1.1302499771118,1.1314500570297,1.1274000406265,1.1296000480652,
2019-02-19T06:00:00-08:00,1.1297500133514,1.1358000040054,1.1296999454498,1.134850025177,
2019-02-19T10:00:00-08:00,1.1347999572754,1.1354999542236,1.1333999633789,1.1340500116348,
2019-02-19T14:00:00-08:00,1.1340500116348,1.1358499526977,1.1334500312805,1.1355500221252,
2019-02-19T18:00:00-08:00,1.1353000402451,1.1355500221252,1.1335999965668,1.1338000297546,
2019-02-19T22:00:00-08:00,1.1338000297546,1.1358499526977,1.1331000328064,1.1346999406815,
2019-02-20T02:00:00-08:00,1.1346499919891,1.134850025177,1.1324000358582,1.1337000131607,
2019-02-20T06:00:00-08:00,1.1337000131607,1.137099981308,1.1330000162125,1.1366499662399,
2019-02-20T10:00:00-08:00,1.136549949646,1.1372499465942,1.1332499980927,1.1337000131607,
2019-02-20T14:00:00-08:00,1.1337000131607,1.134850025177,1.1331499814987,1.1334500312805,
2019-02-20T18:00:00-08:00,1.1334500312805,1.135400056839,1.1331499814987,1.1335999965668,
2019-02-20T22:00:00-08:00,1.1336499452591,1.1363500356674,1.1319999694824,1.1327999830246,
2019-02-21T02:00:00-08:00,1.1327999830246,1.1366499662399,1.1323499679565,1.1361999511719,
2019-02-21T06:00:00-08:00,1.1363500356674,1.1366499662399,1.1322000026703,1.1328500509262,
2019-02-21T10:00:00-08:00,1.1330499649048,1.1343499422073,1.1325999498367,1.1343499422073,
2019-02-21T14:00:00-08:00,1.1335999965668,1.1342500448227,1.1330000162125,1.133749961853,
2019-02-21T18:00:00-08:00,1.133749961853,1.1340500116348,1.1330000162125,1.133849978447,
2019-02-21T22:00:00-08:00,1.133849978447,1.1352499723434,1.1334999799728,1.1345499753952,
2019-02-22T02:00:00-08:00,1.1340999603271,1.1346499919891,1.1316499710083,1.1335999965668,
2019-02-22T06:00:00-08:00,1.1335999965668,1.1356500387192,1.1326999664307,1.1345499753952,
2019-02-22T10:00:00-08:00,1.1345499753952,1.1349999904633,1.1327999830246,1.1343499422073,
2019-02-24T14:00:00-08:00,1.1337000131607,1.1349999904633,1.1325000524521,1.1344000101089,
2019-02-24T18:00:00-08:00,1.1344000101089,1.1345499753952,1.1335999965668,1.134299993515,
2019-02-24T22:00:00-08:00,1.134299993515,1.1359000205994,1.1340999603271,1.1348999738693,
2019-02-25T02:00:00-08:00,1.1349500417709,1.1368000507355,1.1346000432968,1.1354500055313,
2019-02-25T06:00:00-08:00,1.1354999542236,1.1362500190735,1.1335500478745,1.1347500085831,
2019-02-25T10:00:00-08:00,1.1347500085831,1.1368000507355,1.1344499588013,1.1357500553131,
2019-02-25T14:00:00-08:00,1.1356999874115,1.1371999979019,1.1352000236511,1.1356999874115,
2019-02-25T18:00:00-08:00,1.1356999874115,1.1368000507355,1.135400056839,1.1359000205994,
2019-02-25T22:00:00-08:00,1.1360499858856,1.1369999647141,1.1345000267029,1.1367000341415,
2019-02-26T02:00:00-08:00,1.1367499828339,1.137549996376,1.1354500055313,1.1371999979019,
2019-02-26T06:00:00-08:00,1.1372499465942,1.1381499767304,1.1345499753952,1.1380000114441,
2019-02-26T10:00:00-08:00,1.1380000114441,1.140349984169,1.1371500492096,1.1389000415802,
2019-02-26T14:00:00-08:00,1.1389000415802,1.1399999856949,1.138200044632,1.1385999917984,
2019-02-26T18:00:00-08:00,1.1387000083923,1.1387499570847,1.1374000310898,1.1376999616623,
2019-02-26T22:00:00-08:00,1.1378500461578,1.1398500204086,1.137099981308,1.1395000219345,
2019-02-27T02:00:00-08:00,1.1394499540329,1.1404000520706,1.1380000114441,1.1384999752045,
2019-02-27T06:00:00-08:00,1.1386499404907,1.1396000385284,1.1361999511719,1.1371999979019,
2019-02-27T10:00:00-08:00,1.1368999481201,1.1378500461578,1.136549949646,1.1368499994278,
2019-02-27T14:00:00-08:00,1.1369500160217,1.1385999917984,1.1364500522614,1.1377500295639,
2019-02-27T18:00:00-08:00,1.1376999616623,1.1380499601364,1.1371500492096,1.137549996376,
2019-02-27T22:00:00-08:00,1.137549996376,1.1395499706268,1.1368000507355,1.1392500400543,
2019-02-28T02:00:00-08:00,1.1391500234604,1.1420999765396,1.138200044632,1.1386499404907,
2019-02-28T06:00:00-08:00,1.1386499404907,1.1396000385284,1.1359000205994,1.138200044632,
2019-02-28T10:00:00-08:00,1.138200044632,1.1391999721527,1.1368000507355,1.1382499933243,
2019-02-28T14:00:00-08:00,1.1382499933243,1.1382499933243,1.1360499858856,1.1373499631882,
2019-02-28T18:00:00-08:00,1.1372499465942,1.13765001297,1.1362999677658,1.1371500492096,
2019-02-28T22:00:00-08:00,1.137099981308,1.137549996376,1.1352000236511,1.1360000371933,
2019-03-01T02:00:00-08:00,1.1360499858856,1.1388499736786,1.1354999542236,1.1382499933243,
2019-03-01T06:00:00-08:00,1.1382499933243,1.1408499479294,1.1363500356674,1.1365000009537,
2019-03-01T10:00:00-08:00,1.1365000009537,1.13765001297,1.1354500055313,1.13765001297,
2019-03-03T14:00:00-08:00,1.1383500099182,1.1383500099182,1.1366499662399,1.1368499994278,
2019-03-03T18:00:00-08:00,1.1368999481201,1.1371500492096,1.1358499526977,1.1362500190735,
2019-03-03T22:00:00-08:00,1.1361999511719,1.137099981308,1.1334999799728,1.1344000101089,
2019-03-04T02:00:00-08:00,1.1341999769211,1.1346499919891,1.1327500343323,1.1343499422073,
2019-03-04T06:00:00-08:00,1.1342500448227,1.1345000267029,1.1309000253677,1.1332499980927,
2019-03-04T10:00:00-08:00,1.1332499980927,1.1344499588013,1.1324499845505,1.1340500116348,
2019-03-04T14:00:00-08:00,1.1339999437332,1.1351499557495,1.1332000494003,1.1334500312805,
2019-03-04T18:00:00-08:00,1.1333500146866,1.1338000297546,1.1325500011444,1.1328999996185,
2019-03-04T22:00:00-08:00,1.1328500509262,1.1339000463486,1.1316499710083,1.1328500509262,
2019-03-05T02:00:00-08:00,1.1327999830246,1.1339499950409,1.1320999860764,1.1331000328064,
2019-03-05T06:00:00-08:00,1.1331000328064,1.1335500478745,1.1289999485016,1.1297500133514,
2019-03-05T10:00:00-08:00,1.1297500133514,1.1313500404358,1.1294000148773,1.1307499408722,
2019-03-05T14:00:00-08:00,1.1313500404358,1.1318500041962,1.1297999620438,1.1303000450134,
2019-03-05T18:00:00-08:00,1.1304500102997,1.1305999755859,1.1289999485016,1.1297999620438,
2019-03-05T22:00:00-08:00,1.1298500299454,1.1311500072479,1.1294000148773,1.1301499605179,
2019-03-06T02:00:00-08:00,1.1300499439239,1.1315499544144,1.128800034523,1.130499958992,
2019-03-06T06:00:00-08:00,1.1305500268936,1.1325500011444,1.1303999423981,1.1308000087738,
2019-03-06T10:00:00-08:00,1.1308000087738,1.1315499544144,1.1303999423981,1.1309499740601,
2019-03-06T14:00:00-08:00,1.1307499408722,1.1316499710083,1.1305999755859,1.1308499574661,
2019-03-06T18:00:00-08:00,1.1308499574661,1.131049990654,1.1302499771118,1.1305999755859,
2019-03-06T22:00:00-08:00,1.1306500434875,1.131600022316,1.1301000118256,1.1309499740601,
2019-03-07T02:00:00-08:00,1.1310000419617,1.132050037384,1.125450015068,1.12600004673,
2019-03-07T06:00:00-08:00,1.1260499954224,1.1261999607086,1.1205999851227,1.1224499940872,
2019-03-07T10:00:00-08:00,1.1224499940872,1.1225999593735,1.1176500320435,1.1194000244141,
2019-03-07T14:00:00-08:00,1.1194000244141,1.1199500560761,1.118499994278,1.1188499927521,
2019-03-07T18:00:00-08:00,1.1188499927521,1.1202000379562,1.1186499595642,1.1202000379562,
2019-03-07T22:00:00-08:00,1.1202000379562,1.121649980545,1.1196500062943,1.1213500499725,
2019-03-08T02:00:00-08:00,1.1212500333786,1.1240500211716,1.1209000349045,1.1225500106811,
2019-03-08T06:00:00-08:00,1.1226999759674,1.1246000528336,1.122200012207,1.1240500211716,
2019-03-08T10:00:00-08:00,1.1240500211716,1.124549984932,1.1230499744415,1.1235500574112,
2019-03-10T14:00:00-07:00,1.1233500242233,1.1238499879837,1.1222499608993,1.1227999925613,
2019-03-10T18:00:00-07:00,1.122750043869,1.1234500408173,1.1224000453949,1.1233500242233,
2019-03-10T22:00:00-07:00,1.1232999563217,1.1250499486923,1.1232000589371,1.1246500015259,
2019-03-11T02:00:00-07:00,1.1246000528336,1.1258000135422,1.1233500242233,1.1236000061035,
2019-03-11T06:00:00-07:00,1.1237499713898,1.125550031662,1.122200012207,1.1234500408173,
2019-03-11T10:00:00-07:00,1.1233999729157,1.1250499486923,1.1230000257492,1.1246999502182,
2019-03-11T14:00:00-07:00,1.1245000362396,1.1276500225067,1.124449968338,1.1258499622345,
2019-03-11T18:00:00-07:00,1.1259000301361,1.1266499757767,1.1251000165939,1.1251499652862,
2019-03-11T22:00:00-07:00,1.1252000331879,1.1282999515533,1.1251499652862,1.1282999515533,
2019-03-12T02:00:00-07:00,1.128250002861,1.1289000511169,1.1248999834061,1.1280499696732,
2019-03-12T06:00:00-07:00,1.128350019455,1.1296499967575,1.1266000270843,1.1294499635696,
2019-03-12T10:00:00-07:00,1.1294000148773,1.1306999921799,1.1282000541687,1.128800034523,
2019-03-12T14:00:00-07:00,1.128800034523,1.1292500495911,1.1284500360489,1.1288499832153,
2019-03-12T18:00:00-07:00,1.1288499832153,1.1292500495911,1.128250002861,1.128350019455,
2019-03-12T22:00:00-07:00,1.1284999847412,1.1297500133514,1.127799987793,1.1295000314712,
2019-03-13T02:00:00-07:00,1.1292999982834,1.1305500268936,1.128800034523,1.1294499635696,
2019-03-13T06:00:00-07:00,1.1294000148773,1.1317499876022,1.1290999650955,1.130499958992,
2019-03-13T10:00:00-07:00,1.1305999755859,1.1339499950409,1.1300499439239,1.1326999664307,
2019-03-13T14:00:00-07:00,1.1333500146866,1.1339999437332,1.1323499679565,1.1328999996185,
2019-03-13T18:00:00-07:00,1.1327999830246,1.1332499980927,1.1317499876022,1.1318999528885,
2019-03-13T22:00:00-07:00,1.132050037384,1.1336499452591,1.1312500238419,1.1326500177383,
2019-03-14T02:00:00-07:00,1.1326500177383,1.1326500177383,1.1296000480652,1.1302000284195,
2019-03-14T06:00:00-07:00,1.1302000284195,1.131049990654,1.1294000148773,1.1299999952316,
2019-03-14T10:00:00-07:00,1.1300499439239,1.1310000419617,1.1296999454498,1.1308499574661,
2019-03-14T14:00:00-07:00,1.1303000450134,1.1311000585556,1.1296000480652,1.1305500268936,
2019-03-14T18:00:00-07:00,1.1305500268936,1.1326999664307,1.1303999423981,1.1318999528885,
2019-03-14T22:00:00-07:00,1.1318500041962,1.1330499649048,1.1314500570297,1.1324000358582,
2019-03-15T02:00:00-07:00,1.1324000358582,1.1326500177383,1.1303000450134,1.1303000450134,
2019-03-15T06:00:00-07:00,1.1303000450134,1.1345499753952,1.1300499439239,1.1318000555039,
2019-03-15T10:00:00-07:00,1.1318500041962,1.1332499980927,1.131600022316,1.1325500011444,
2019-03-17T14:00:00-07:00,1.1322499513626,1.1327999830246,1.1318999528885,1.132150053978,
2019-03-17T18:00:00-07:00,1.1320999860764,1.1339000463486,1.132050037384,1.133749961853,
2019-03-17T22:00:00-07:00,1.1336499452591,1.1351000070572,1.1332000494003,1.1344000101089,
2019-03-18T02:00:00-07:00,1.1344499588013,1.1359499692917,1.1339999437332,1.1346999406815,
2019-03-18T06:00:00-07:00,1.1346000432968,1.1350500583649,1.1325500011444,1.1331000328064,
2019-03-18T10:00:00-07:00,1.1331499814987,1.1345499753952,1.1324499845505,1.1337000131607,
2019-03-18T14:00:00-07:00,1.1336499452591,1.1345000267029,1.1333500146866,1.133749961853,
2019-03-18T18:00:00-07:00,1.133749961853,1.1349500417709,1.1336499452591,1.1346000432968,
2019-03-18T22:00:00-07:00,1.1346000432968,1.1358499526977,1.1341500282288,1.135400056839,
2019-03-19T02:00:00-07:00,1.1355500221252,1.1361500024795,1.1347500085831,1.1353499889374,
2019-03-19T06:00:00-07:00,1.1352499723434,1.1362500190735,1.1339999437332,1.1349500417709,
2019-03-19T10:00:00-07:00,1.1349999904633,1.1360000371933,1.1346999406815,1.1351499557495,
2019-03-19T14:00:00-07:00,1.1351499557495,1.1362500190735,1.1347500085831,1.1347500085831,
2019-03-19T18:00:00-07:00,1.1347500085831,1.1350500583649,1.134299993515,1.1346000432968,
2019-03-19T22:00:00-07:00,1.1346499919891,1.1355500221252,1.1334999799728,1.134299993515,
2019-03-20T02:00:00-07:00,1.1345000267029,1.1366499662399,1.1341999769211,1.1354999542236,
2019-03-20T06:00:00-07:00,1.1354999542236,1.1366499662399,1.1346000432968,1.1349500417709,
2019-03-20T10:00:00-07:00,1.1349999904633,1.1448500156403,1.1346999406815,1.1412999629974,
2019-03-20T14:00:00-07:00,1.1413500308991,1.1435500383377,1.1411999464035,1.143149971962,
2019-03-20T18:00:00-07:00,1.1432000398636,1.1437499523163,1.1421500444412,1.1426500082016,
2019-03-20T22:00:00-07:00,1.1426000595093,1.1430000066757,1.1392999887466,1.1400500535965,
2019-03-21T02:00:00-07:00,1.1398999691009,1.1407999992371,1.1383999586105,1.1384999752045,
2019-03-21T06:00:00-07:00,1.1384999752045,1.1396499872208,1.134299993515,1.1352000236511,
2019-03-21T10:00:00-07:00,1.1351000070572,1.1380000114441,1.1342500448227,1.1374000310898,
2019-03-21T14:00:00-07:00,1.1374499797821,1.1383500099182,1.1361000537872,1.137099981308,
2019-03-21T18:00:00-07:00,1.1367499828339,1.1379499435425,1.136549949646,1.1377999782562,
2019-03-21T22:00:00-07:00,1.1376999616623,1.1390999555588,1.1289499998093,1.1301000118256,
2019-03-22T02:00:00-07:00,1.1300499439239,1.1319999694824,1.1291999816895,1.1305999755859,
2019-03-22T06:00:00-07:00,1.1307499408722,1.1316499710083,1.1274499893189,1.1284500360489,
2019-03-22T10:00:00-07:00,1.1284500360489,1.1313500404358,1.128250002861,1.1313500404358,
2019-03-24T14:00:00-07:00,1.1295000314712,1.1300499439239,1.1284999847412,1.1289999485016,
2019-03-24T18:00:00-07:00,1.1289999485016,1.1301499605179,1.1289999485016,1.1297500133514,
2019-03-24T22:00:00-07:00,1.1298500299454,1.1314500570297,1.1294499635696,1.1308000087738,
2019-03-25T02:00:00-07:00,1.1308499574661,1.1325000524521,1.1303999423981,1.1318999528885,
2019-03-25T06:00:00-07:00,1.1319500207901,1.1332499980927,1.131049990654,1.1312500238419,
2019-03-25T10:00:00-07:00,1.1311999559402,1.1326500177383,1.1309499740601,1.1317499876022,
2019-03-25T14:00:00-07:00,1.1311999559402,1.1325500011444,1.131049990654,1.1318500041962,
2019-03-25T18:00:00-07:00,1.1317499876022,1.1322499513626,1.131049990654,1.1311000585556,
2019-03-25T22:00:00-07:00,1.1311000585556,1.1318500041962,1.1302499771118,1.1306500434875,
2019-03-26T02:00:00-07:00,1.1306999921799,1.1327500343323,1.1284999847412,1.128800034523,
2019-03-26T06:00:00-07:00,1.1287000179291,1.1300499439239,1.1278500556946,1.1289000511169,
2019-03-26T10:00:00-07:00,1.1288499832153,1.1295499801636,1.1262999773025,1.1265499591827,
2019-03-26T14:00:00-07:00,1.1266499757767,1.127799987793,1.1261500120163,1.1267000436783,
2019-03-26T18:00:00-07:00,1.1267000436783,1.1267000436783,1.1251499652862,1.1257499456406,
2019-03-26T22:00:00-07:00,1.1257499456406,1.1278500556946,1.1246999502182,1.1274499893189,
2019-03-27T02:00:00-07:00,1.1276500225067,1.1286000013351,1.1266499757767,1.1271500587463,
2019-03-27T06:00:00-07:00,1.1270999908447,1.127249956131,1.1241999864578,1.1264499425888,
2019-03-27T10:00:00-07:00,1.1263500452042,1.1268500089645,1.1243499517441,1.1247500181198,
2019-03-27T14:00:00-07:00,1.1244000196457,1.1258000135422,1.1244000196457,1.1248500347138,
2019-03-27T18:00:00-07:00,1.1248500347138,1.1258499622345,1.1243499517441,1.125450015068,
2019-03-27T22:00:00-07:00,1.125450015068,1.1262500286102,1.1233999729157,1.1253000497818,
2019-03-28T02:00:00-07:00,1.1253499984741,1.1259499788284,1.1219999790192,1.1221499443054,
2019-03-28T06:00:00-07:00,1.1221499443054,1.1239500045776,1.1214499473572,1.1227999925613,
2019-03-28T10:00:00-07:00,1.122750043869,1.1238499879837,1.1219999790192,1.1226500272751,
2019-03-28T14:00:00-07:00,1.122200012207,1.1236499547958,1.1220999956131,1.1232500076294,
2019-03-28T18:00:00-07:00,1.1232500076294,1.1232500076294,1.1223499774933,1.1230000257492,
2019-03-28T22:00:00-07:00,1.1230000257492,1.1240500211716,1.1222499608993,1.1229499578476,
2019-03-29T02:00:00-07:00,1.1230499744415,1.1247500181198,1.1210000514984,1.1231499910355,
2019-03-29T06:00:00-07:00,1.1232000589371,1.1243499517441,1.1220500469208,1.1224999427795,
2019-03-29T10:00:00-07:00,1.1224499940872,1.1227999925613,1.1213999986649,1.121749997139,
2019-03-31T14:00:00-07:00,1.1232500076294,1.1232500076294,1.1219999790192,1.1227999925613,
2019-03-31T18:00:00-07:00,1.1227999925613,1.1235500574112,1.1224000453949,1.1234500408173,
2019-03-31T22:00:00-07:00,1.1234500408173,1.125,1.1229000091553,1.1246500015259,
2019-04-01T02:00:00-07:00,1.124549984932,1.1249500513077,1.1229499578476,1.1234500408173,
2019-04-01T06:00:00-07:00,1.1232999563217,1.1245000362396,1.1203999519348,1.1204999685288,
2019-04-01T10:00:00-07:00,1.1205999851227,1.1222499608993,1.1204500198364,1.1222499608993,
2019-04-01T14:00:00-07:00,1.1213500499725,1.1217999458313,1.1198500394821,1.1204500198364,
2019-04-01T18:00:00-07:00,1.1205500364304,1.1207499504089,1.119500041008,1.1202000379562,
2019-04-01T22:00:00-07:00,1.1202499866486,1.1211500167847,1.1190500259399,1.1198500394821,
2019-04-02T02:00:00-07:00,1.1197999715805,1.1212500333786,1.1196000576019,1.1205999851227,
2019-04-02T06:00:00-07:00,1.1205999851227,1.1208499670029,1.1183500289917,1.1197500228882,
2019-04-02T10:00:00-07:00,1.1198500394821,1.121649980545,1.1191500425339,1.1207499504089,
2019-04-02T14:00:00-07:00,1.1206500530243,1.121749997139,1.1201000213623,1.121649980545,
2019-04-02T18:00:00-07:00,1.121649980545,1.122750043869,1.1212500333786,1.1222499608993,
2019-04-02T22:00:00-07:00,1.122200012207,1.1245000362396,1.1214499473572,1.1244000196457,
2019-04-03T02:00:00-07:00,1.124549984932,1.1254999637604,1.1233500242233,1.1233500242233,
2019-04-03T06:00:00-07:00,1.1233500242233,1.1250499486923,1.1224999427795,1.124449968338,
2019-04-03T10:00:00-07:00,1.1244000196457,1.1249500513077,1.1232000589371,1.1234500408173,
2019-04-03T14:00:00-07:00,1.1232999563217,1.1249500513077,1.1232000589371,1.124549984932,
2019-04-03T18:00:00-07:00,1.124449968338,1.1246500015259,1.1236499547958,1.1241500377655,
2019-04-03T22:00:00-07:00,1.1240500211716,1.1248999834061,1.1231000423431,1.1231499910355,
2019-04-04T02:00:00-07:00,1.1232500076294,1.1236499547958,1.1212500333786,1.1217999458313,
2019-04-04T06:00:00-07:00,1.1217000484467,1.1225500106811,1.1206500530243,1.1218999624252,
2019-04-04T10:00:00-07:00,1.1218999624252,1.1229499578476,1.1213500499725,1.1220999956131,
2019-04-04T14:00:00-07:00,1.1221499443054,1.1230499744415,1.1218999624252,1.1222499608993,
2019-04-04T18:00:00-07:00,1.1222499608993,1.1229499578476,1.1222499608993,1.1226500272751,
2019-04-04T22:00:00-07:00,1.1226999759674,1.1237499713898,1.1224499940872,1.1230499744415,
2019-04-05T02:00:00-07:00,1.1231499910355,1.1244000196457,1.1217999458313,1.1236000061035,
2019-04-05T06:00:00-07:00,1.1236499547958,1.1239500045776,1.1210000514984,1.121749997139,
2019-04-05T10:00:00-07:00,1.1212999820709,1.1228499412537,1.1210500001907,1.1228499412537,
2019-04-07T14:00:00-07:00,1.121749997139,1.1223499774933,1.1213500499725,1.1217999458313,
2019-04-07T18:00:00-07:00,1.1218500137329,1.1232500076294,1.1214499473572,1.1231499910355,
2019-04-07T22:00:00-07:00,1.1231000423431,1.1237499713898,1.1221499443054,1.1232999563217,
2019-04-08T02:00:00-07:00,1.1232999563217,1.1263999938965,1.1230499744415,1.1261500120163,
2019-04-08T06:00:00-07:00,1.1260499954224,1.1275500059128,1.1258000135422,1.1267000436783,
2019-04-08T10:00:00-07:00,1.1267499923706,1.1271500587463,1.1257499456406,1.1271500587463,
2019-04-08T14:00:00-07:00,1.127249956131,1.127249956131,1.1254999637604,1.1259499788284,
2019-04-08T18:00:00-07:00,1.1259499788284,1.1269500255585,1.1258499622345,1.1265499591827,
2019-04-08T22:00:00-07:00,1.1265499591827,1.1281499862671,1.1255999803543,1.1280000209808,
2019-04-09T02:00:00-07:00,1.1279000043869,1.128250002861,1.1266499757767,1.1279499530792,
2019-04-09T06:00:00-07:00,1.1279000043869,1.1285500526428,1.1267999410629,1.1270999908447,
2019-04-09T10:00:00-07:00,1.1269999742508,1.1275000572205,1.1261500120163,1.1263500452042,
2019-04-09T14:00:00-07:00,1.1262500286102,1.1270999908447,1.1257499456406,1.1258499622345,
2019-04-09T18:00:00-07:00,1.1259499788284,1.1265000104904,1.125550031662,1.1262500286102,
2019-04-09T22:00:00-07:00,1.1260499954224,1.1275999546051,1.1259499788284,1.1270999908447,
2019-04-10T02:00:00-07:00,1.1269999742508,1.1287000179291,1.125450015068,1.1256500482559,
2019-04-10T06:00:00-07:00,1.1257499456406,1.1279000043869,1.1230000257492,1.1276500225067,
2019-04-10T10:00:00-07:00,1.1276500225067,1.128250002861,1.1263500452042,1.1274000406265,
2019-04-10T14:00:00-07:00,1.1273499727249,1.1289499998093,1.127249956131,1.1276500225067,
2019-04-10T18:00:00-07:00,1.1276500225067,1.1280499696732,1.127249956131,1.1279499530792,
2019-04-10T22:00:00-07:00,1.1279499530792,1.1289499998093,1.1274499893189,1.1279499530792,
2019-04-11T02:00:00-07:00,1.1279499530792,1.1284999847412,1.125550031662,1.12600004673,
2019-04-11T06:00:00-07:00,1.1259000301361,1.1275500059128,1.125550031662,1.1258499622345,
2019-04-11T10:00:00-07:00,1.1259499788284,1.1263500452042,1.125,1.125550031662,
2019-04-11T14:00:00-07:00,1.1253999471664,1.1290999650955,1.1252499818802,1.1283999681473,
2019-04-11T18:00:00-07:00,1.1282999515533,1.1294499635696,1.127699971199,1.1292500495911,
2019-04-11T22:00:00-07:00,1.1290999650955,1.131049990654,1.1281000375748,1.1305500268936,
2019-04-12T02:00:00-07:00,1.1305500268936,1.1322499513626,1.1303999423981,1.132050037384,
2019-04-12T06:00:00-07:00,1.1319999694824,1.1324499845505,1.1295000314712,1.1301000118256,
2019-04-12T10:00:00-07:00,1.1299500465393,1.131049990654,1.1292999982834,1.1305500268936,
2019-04-14T14:00:00-07:00,1.130499958992,1.1308000087738,1.1299999952316,1.1304500102997,
2019-04-14T18:00:00-07:00,1.1303999423981,1.1314500570297,1.1301499605179,1.1308499574661,
2019-04-14T22:00:00-07:00,1.1309000253677,1.1322000026703,1.1303000450134,1.1318500041962,
2019-04-15T02:00:00-07:00,1.1318500041962,1.1319999694824,1.1306500434875,1.1314500570297,
2019-04-15T06:00:00-07:00,1.1312999725342,1.1316499710083,1.1297999620438,1.1306500434875,
2019-04-15T10:00:00-07:00,1.1306500434875,1.1309499740601,1.1299500465393,1.1303999423981,
2019-04-15T14:00:00-07:00,1.1309499740601,1.1314500570297,1.1299500465393,1.1306500434875,
2019-04-15T18:00:00-07:00,1.1305999755859,1.1307499408722,1.1292500495911,1.1305500268936,
2019-04-15T22:00:00-07:00,1.1305500268936,1.1314500570297,1.1298999786377,1.130499958992,
2019-04-16T02:00:00-07:00,1.1305999755859,1.1312500238419,1.1281000375748,1.1296999454498,
2019-04-16T06:00:00-07:00,1.1297500133514,1.1306500434875,1.1280499696732,1.1284500360489,
2019-04-16T10:00:00-07:00,1.1284500360489,1.1291999816895,1.1280000209808,1.1281000375748,
2019-04-16T14:00:00-07:00,1.1280499696732,1.1290999650955,1.1279499530792,1.1287499666214,
2019-04-16T18:00:00-07:00,1.1286499500275,1.1306999921799,1.128350019455,1.1305500268936,
2019-04-16T22:00:00-07:00,1.1303000450134,1.1324499845505,1.1303000450134,1.1315499544144,
2019-04-17T02:00:00-07:00,1.1317499876022,1.1319500207901,1.1300499439239,1.1304500102997,
2019-04-17T06:00:00-07:00,1.1303999423981,1.1307499408722,1.1290999650955,1.1298500299454,
2019-04-17T10:00:00-07:00,1.1296499967575,1.1303499937057,1.1294000148773,1.1295000314712,
2019-04-17T14:00:00-07:00,1.1294499635696,1.1304500102997,1.1294499635696,1.1298500299454,
2019-04-17T18:00:00-07:00,1.1298500299454,1.1299999952316,1.1292999982834,1.1295000314712,
2019-04-17T22:00:00-07:00,1.1295000314712,1.1304500102997,1.1244000196457,1.1260999441147,
2019-04-18T02:00:00-07:00,1.12600004673,1.1261999607086,1.1238499879837,1.1240999698639,
2019-04-18T06:00:00-07:00,1.1240999698639,1.125450015068,1.1227999925613,1.1230000257492,
2019-04-18T10:00:00-07:00,1.1230499744415,1.1237499713898,1.1226500272751,1.1231000423431,
2019-04-18T14:00:00-07:00,1.1231000423431,1.1240999698639,1.1229000091553,1.1239500045776,
2019-04-18T18:00:00-07:00,1.1239500045776,1.1243000030518,1.1231499910355,1.1238499879837,
2019-04-18T22:00:00-07:00,1.1238499879837,1.1253499984741,1.1237499713898,1.1246500015259,
2019-04-19T02:00:00-07:00,1.1246500015259,1.1252499818802,1.1240999698639,1.1247500181198,
2019-04-19T06:00:00-07:00,1.1244000196457,1.1252499818802,1.1240500211716,1.1248500347138,
2019-04-19T10:00:00-07:00,1.1249500513077,1.1251499652862,1.1240999698639,1.124549984932,
2019-04-21T14:00:00-07:00,1.1241999864578,1.1247500181198,1.1239500045776,1.1242500543594,
2019-04-21T18:00:00-07:00,1.1242500543594,1.1245000362396,1.1236499547958,1.1238000392914,
2019-04-21T22:00:00-07:00,1.1238499879837,1.1247500181198,1.1237000226975,1.1246000528336,
2019-04-22T02:00:00-07:00,1.1246000528336,1.1254999637604,1.1246000528336,1.125,
2019-04-22T06:00:00-07:00,1.1248999834061,1.1263500452042,1.1248500347138,1.1259499788284,
2019-04-22T10:00:00-07:00,1.1258499622345,1.1262500286102,1.1256500482559,1.1256999969482,
2019-04-22T14:00:00-07:00,1.1257499456406,1.1262500286102,1.124549984932,1.124549984932,
2019-04-22T18:00:00-07:00,1.124549984932,1.125550031662,1.124549984932,1.125,
2019-04-22T22:00:00-07:00,1.125,1.1258499622345,1.1240999698639,1.1251499652862,
2019-04-23T02:00:00-07:00,1.125,1.1261500120163,1.1217000484467,1.1219500303268,
2019-04-23T06:00:00-07:00,1.1217999458313,1.1218999624252,1.1191999912262,1.1214499473572,
2019-04-23T10:00:00-07:00,1.1213500499725,1.1231000423431,1.1209499835968,1.1227999925613,
2019-04-23T14:00:00-07:00,1.122750043869,1.1231499910355,1.1217000484467,1.1217999458313,
2019-04-23T18:00:00-07:00,1.121749997139,1.1220999956131,1.1208499670029,1.121649980545,
2019-04-23T22:00:00-07:00,1.1216000318527,1.1220500469208,1.1196500062943,1.1217999458313,
2019-04-24T02:00:00-07:00,1.1217000484467,1.1223499774933,1.1202499866486,1.1203500032425,
2019-04-24T06:00:00-07:00,1.1203000545502,1.1210500001907,1.1156500577927,1.1158000230789,
2019-04-24T10:00:00-07:00,1.1159000396729,1.1166000366211,1.1140999794006,1.1153999567032,
2019-04-24T14:00:00-07:00,1.1158499717712,1.116150021553,1.1145000457764,1.1152499914169,
2019-04-24T18:00:00-07:00,1.1152499914169,1.1160500049591,1.1144499778748,1.1158000230789,
2019-04-24T22:00:00-07:00,1.1157499551773,1.1162999868393,1.1134999990463,1.1147500276566,
2019-04-25T02:00:00-07:00,1.1147999763489,1.1147999763489,1.111899971962,1.1131500005722,
2019-04-25T06:00:00-07:00,1.1130499839783,1.1154500246048,1.112900018692,1.1137000322342,
2019-04-25T10:00:00-07:00,1.1137000322342,1.1140500307083,1.1127500534058,1.1131999492645,
2019-04-25T14:00:00-07:00,1.1134999990463,1.1142499446869,1.1124999523163,1.1129499673843,
2019-04-25T18:00:00-07:00,1.1130000352859,1.1141500473023,1.1126999855041,1.1134999990463,
2019-04-25T22:00:00-07:00,1.1136000156403,1.1147500276566,1.1129499673843,1.1142499446869,
2019-04-26T02:00:00-07:00,1.1143000125885,1.1159000396729,1.1112500429153,1.1149499416351,
2019-04-26T06:00:00-07:00,1.1147999763489,1.1173499822617,1.1142499446869,1.1162999868393,
2019-04-26T10:00:00-07:00,1.116250038147,1.1165499687195,1.1141999959946,1.1153999567032,
2019-04-28T14:00:00-07:00,1.1146500110626,1.1153500080109,1.1146500110626,1.1147999763489,
2019-04-28T18:00:00-07:00,1.1148500442505,1.1160500049591,1.1144499778748,1.1158499717712,
2019-04-28T22:00:00-07:00,1.1158499717712,1.116700053215,1.1154999732971,1.1164000034332,
2019-04-29T02:00:00-07:00,1.1165000200272,1.1166000366211,1.1146500110626,1.1155999898911,
2019-04-29T06:00:00-07:00,1.1155500411987,1.1183500289917,1.1149499416351,1.1181000471115,
2019-04-29T10:00:00-07:00,1.1181499958038,1.118950009346,1.1176500320435,1.1186000108719,
2019-04-29T14:00:00-07:00,1.1186499595642,1.1191500425339,1.1181999444961,1.1191500425339,
2019-04-29T18:00:00-07:00,1.1190500259399,1.1193499565125,1.117949962616,1.1188499927521,
2019-04-29T22:00:00-07:00,1.118950009346,1.1207499504089,1.1175500154495,1.1205999851227,
2019-04-30T02:00:00-07:00,1.1205999851227,1.1228499412537,1.1203999519348,1.1219999790192,
2019-04-30T06:00:00-07:00,1.1219999790192,1.1230000257492,1.1197500228882,1.1217000484467,
2019-04-30T10:00:00-07:00,1.121749997139,1.1225500106811,1.1213500499725,1.1218500137329,
2019-04-30T14:00:00-07:00,1.121649980545,1.1220500469208,1.1210999488831,1.1217999458313,
2019-04-30T18:00:00-07:00,1.1218500137329,1.1220500469208,1.1213999986649,1.121749997139,
2019-04-30T22:00:00-07:00,1.1217999458313,1.1231499910355,1.1213999986649,1.122750043869,
2019-05-01T02:00:00-07:00,1.1228499412537,1.1240500211716,1.1222499608993,1.1224499940872,
2019-05-01T06:00:00-07:00,1.1224000453949,1.1250499486923,1.122200012207,1.1242500543594,
2019-05-01T10:00:00-07:00,1.1243499517441,1.1265499591827,1.1188000440598,1.119500041008,
2019-05-01T14:00:00-07:00,1.1196000576019,1.1206500530243,1.1194000244141,1.1205999851227,
2019-05-01T18:00:00-07:00,1.1206500530243,1.1209499835968,1.1200499534607,1.1207499504089,
2019-05-01T22:00:00-07:00,1.1207499504089,1.1219500303268,1.1190500259399,1.1208000183105,
2019-05-02T02:00:00-07:00,1.1210500001907,1.1213500499725,1.1196000576019,1.1196500062943,
2019-05-02T06:00:00-07:00,1.1196999549866,1.1203500032425,1.1172000169754,1.1177999973297,
2019-05-02T10:00:00-07:00,1.1177999973297,1.1182500123978,1.1170500516891,1.1172000169754,
2019-05-02T14:00:00-07:00,1.1172000169754,1.1181499958038,1.1171000003815,1.1177500486374,
2019-05-02T18:00:00-07:00,1.1177500486374,1.117849946022,1.116700053215,1.1168999671936,
2019-05-02T22:00:00-07:00,1.1168999671936,1.1174499988556,1.1158000230789,1.1165499687195,
2019-05-03T02:00:00-07:00,1.1166499853134,1.1169500350952,1.1134999990463,1.1160000562668,
2019-05-03T06:00:00-07:00,1.1159499883652,1.1200499534607,1.1154500246048,1.1196000576019,
2019-05-03T10:00:00-07:00,1.1196500062943,1.1207000017166,1.118950009346,1.1202499866486,
2019-05-05T14:00:00-07:00,1.1174999475479,1.1203000545502,1.1169500350952,1.1186000108719,
2019-05-05T18:00:00-07:00,1.1186000108719,1.1196500062943,1.1182999610901,1.1190999746323,
2019-05-05T22:00:00-07:00,1.1191500425339,1.1196000576019,1.1183500289917,1.118399977684,
2019-05-06T02:00:00-07:00,1.1183500289917,1.1203999519348,1.117949962616,1.118399977684,
2019-05-06T06:00:00-07:00,1.1183500289917,1.1207000017166,1.1181000471115,1.1203000545502,
2019-05-06T10:00:00-07:00,1.1203000545502,1.1209499835968,1.1198500394821,1.1199500560761,
2019-05-06T14:00:00-07:00,1.1199500560761,1.1210500001907,1.1191500425339,1.1200000047684,
2019-05-06T18:00:00-07:00,1.1200499534607,1.1215000152588,1.1196999549866,1.1214499473572,
2019-05-06T22:00:00-07:00,1.1212999820709,1.1219500303268,1.1193000078201,1.1197500228882,
2019-05-07T02:00:00-07:00,1.1196500062943,1.1206500530243,1.1176999807358,1.1183500289917,
2019-05-07T06:00:00-07:00,1.1183500289917,1.1193000078201,1.1166499853134,1.1174999475479,
2019-05-07T10:00:00-07:00,1.1175500154495,1.1195499897003,1.1169999837875,1.1193499565125,
2019-05-07T14:00:00-07:00,1.1193499565125,1.1198500394821,1.1188499927521,1.1192500591278,
2019-05-07T18:00:00-07:00,1.1193499565125,1.1207499504089,1.1193499565125,1.1204999685288,
2019-05-07T22:00:00-07:00,1.1204999685288,1.1212999820709,1.1196000576019,1.1197999715805,
2019-05-08T02:00:00-07:00,1.1198500394821,1.1207499504089,1.1189999580383,1.1198500394821,
2019-05-08T06:00:00-07:00,1.1197999715805,1.1214499473572,1.1182999610901,1.1190500259399,
2019-05-08T10:00:00-07:00,1.1188999414444,1.1196500062943,1.1182500123978,1.1191500425339,
2019-05-08T14:00:00-07:00,1.1191500425339,1.1201499700546,1.1190500259399,1.1192500591278,
2019-05-08T18:00:00-07:00,1.1191999912262,1.1196500062943,1.1186000108719,1.119500041008,
2019-05-08T22:00:00-07:00,1.1195499897003,1.1204500198364,1.1174000501633,1.118950009346,
2019-05-09T02:00:00-07:00,1.1188999414444,1.1200499534607,1.118399977684,1.1196500062943,
2019-05-09T06:00:00-07:00,1.1197999715805,1.1252000331879,1.1191500425339,1.121649980545,
2019-05-09T10:00:00-07:00,1.1216000318527,1.1230000257492,1.1210000514984,1.1215000152588,
2019-05-09T14:00:00-07:00,1.1215000152588,1.1230499744415,1.1214499473572,1.1229499578476,
2019-05-09T18:00:00-07:00,1.1229499578476,1.1235500574112,1.1225500106811,1.122750043869,
2019-05-09T22:00:00-07:00,1.1225999593735,1.1233500242233,1.1217000484467,1.1232500076294,
2019-05-10T02:00:00-07:00,1.1231000423431,1.1247500181198,1.1223499774933,1.1242500543594,
2019-05-10T06:00:00-07:00,1.1241999864578,1.1253000497818,1.1233500242233,1.1236499547958,
2019-05-10T10:00:00-07:00,1.1237499713898,1.1243000030518,1.1227999925613,1.1234999895096,
2019-05-12T14:00:00-07:00,1.1236000061035,1.1245000362396,1.1230499744415,1.1232000589371,
2019-05-12T18:00:00-07:00,1.1231499910355,1.1236499547958,1.122750043869,1.1230499744415,
2019-05-12T22:00:00-07:00,1.1230000257492,1.1238000392914,1.122300028801,1.1229499578476,
2019-05-13T02:00:00-07:00,1.1230499744415,1.1263500452042,1.1227999925613,1.1257499456406,
2019-05-13T06:00:00-07:00,1.1258000135422,1.1263500452042,1.1228499412537,1.1234999895096,
2019-05-13T10:00:00-07:00,1.1236499547958,1.1238499879837,1.1221499443054,1.1224000453949,
2019-05-13T14:00:00-07:00,1.122200012207,1.1238000392914,1.1219999790192,1.1236000061035,
2019-05-13T18:00:00-07:00,1.1235500574112,1.1241500377655,1.1230499744415,1.12399995327,
2019-05-13T22:00:00-07:00,1.1240500211716,1.1246500015259,1.1229499578476,1.1243000030518,
2019-05-14T02:00:00-07:00,1.1242500543594,1.1243499517441,1.1203999519348,1.1212500333786,
2019-05-14T06:00:00-07:00,1.1218500137329,1.1218500137329,1.1204500198364,1.1210500001907,
2019-05-14T10:00:00-07:00,1.1210500001907,1.1218500137329,1.1201499700546,1.1208499670029,
2019-05-14T14:00:00-07:00,1.1212500333786,1.1221499443054,1.1200499534607,1.1203000545502,
2019-05-14T18:00:00-07:00,1.1203500032425,1.1210999488831,1.1202499866486,1.1209499835968,
2019-05-14T22:00:00-07:00,1.1209499835968,1.1217000484467,1.1199500560761,1.1212500333786,
2019-05-15T02:00:00-07:00,1.1212500333786,1.1214499473572,1.1177999973297,1.1183500289917,
2019-05-15T06:00:00-07:00,1.1183500289917,1.1224499940872,1.1179000139236,1.1207000017166,
2019-05-15T10:00:00-07:00,1.1207000017166,1.1210500001907,1.1197500228882,1.1207499504089,
2019-05-15T14:00:00-07:00,1.1208000183105,1.1215499639511,1.1201000213623,1.1206500530243,
2019-05-15T18:00:00-07:00,1.1206500530243,1.1211500167847,1.1203500032425,1.1210000514984,
2019-05-15T22:00:00-07:00,1.1209499835968,1.1221499443054,1.1203999519348,1.1220500469208,
2019-05-16T02:00:00-07:00,1.1220500469208,1.1224499940872,1.1187000274658,1.1188000440598,
2019-05-16T06:00:00-07:00,1.1188000440598,1.1193000078201,1.1172000169754,1.1179000139236,
2019-05-16T10:00:00-07:00,1.1177999973297,1.1186000108719,1.1166499853134,1.1186000108719,
2019-05-16T14:00:00-07:00,1.1174000501633,1.118399977684,1.1170500516891,1.1175500154495,
2019-05-16T18:00:00-07:00,1.1174999475479,1.1180499792099,1.1174499988556,1.117849946022,
2019-05-16T22:00:00-07:00,1.117949962616,1.1184500455856,1.1169999837875,1.1174000501633,
2019-05-17T02:00:00-07:00,1.1174499988556,1.1181499958038,1.1158499717712,1.1176500320435,
2019-05-17T06:00:00-07:00,1.1175999641418,1.117949962616,1.1155500411987,1.1165000200272,
2019-05-17T10:00:00-07:00,1.1165000200272,1.1168500185013,1.1154999732971,1.1159499883652,
2019-05-19T14:00:00-07:00,1.1160500049591,1.1168500185013,1.1158000230789,1.1161999702454,
2019-05-19T18:00:00-07:00,1.1164000034332,1.1168500185013,1.1152499914169,1.1153500080109,
2019-05-19T22:00:00-07:00,1.1153999567032,1.1166499853134,1.1150499582291,1.1156500577927,
2019-05-20T02:00:00-07:00,1.1154999732971,1.1167500019073,1.1153000593185,1.1161999702454,
2019-05-20T06:00:00-07:00,1.1164000034332,1.1175500154495,1.115700006485,1.1168500185013,
2019-05-20T10:00:00-07:00,1.1168500185013,1.1172499656677,1.116250038147,1.1165499687195,
2019-05-20T14:00:00-07:00,1.1166499853134,1.1175999641418,1.116250038147,1.1165000200272,
2019-05-20T18:00:00-07:00,1.1164499521255,1.1168500185013,1.1159000396729,1.1160000562668,
2019-05-20T22:00:00-07:00,1.1154999732971,1.1159000396729,1.1141500473023,1.1146999597549,
2019-05-21T02:00:00-07:00,1.1146999597549,1.116150021553,1.1143499612808,1.1157499551773,
2019-05-21T06:00:00-07:00,1.1157499551773,1.1185499429703,1.1148999929428,1.1160500049591,
2019-05-21T10:00:00-07:00,1.116150021553,1.1167500019073,1.1154500246048,1.1163500547409,
2019-05-21T14:00:00-07:00,1.1168500185013,1.1169500350952,1.1158499717712,1.1160999536514,
2019-05-21T18:00:00-07:00,1.116150021553,1.1167500019073,1.1153500080109,1.1155500411987,
2019-05-21T22:00:00-07:00,1.1154999732971,1.1164000034332,1.1147500276566,1.1160000562668,
2019-05-22T02:00:00-07:00,1.1159000396729,1.1180499792099,1.1158000230789,1.116700053215,
2019-05-22T06:00:00-07:00,1.1166499853134,1.1170500516891,1.1151000261307,1.115700006485,
2019-05-22T10:00:00-07:00,1.1160000562668,1.1164000034332,1.1150000095367,1.1152499914169,
2019-05-22T14:00:00-07:00,1.1150499582291,1.1160500049591,1.1150000095367,1.1152499914169,
2019-05-22T18:00:00-07:00,1.1152499914169,1.1154500246048,1.1147999763489,1.1149499416351,
2019-05-22T22:00:00-07:00,1.1149499416351,1.1152499914169,1.1131000518799,1.1139500141144,
2019-05-23T02:00:00-07:00,1.1139999628067,1.1144499778748,1.112900018692,1.1136000156403,
2019-05-23T06:00:00-07:00,1.1137499809265,1.1183500289917,1.1108499765396,1.1181999444961,
2019-05-23T10:00:00-07:00,1.1181999444961,1.1187499761581,1.1175500154495,1.1181499958038,
2019-05-23T14:00:00-07:00,1.1180499792099,1.1187499761581,1.1177500486374,1.1180000305176,
2019-05-23T18:00:00-07:00,1.1181000471115,1.1184500455856,1.1177500486374,1.1180499792099,
2019-05-23T22:00:00-07:00,1.1181000471115,1.1205500364304,1.1180499792099,1.118499994278,
2019-05-24T02:00:00-07:00,1.1185499429703,1.1201000213623,1.117849946022,1.1195499897003,
2019-05-24T06:00:00-07:00,1.1195499897003,1.1210999488831,1.1187000274658,1.1204500198364,
2019-05-24T10:00:00-07:00,1.1204999685288,1.1212500333786,1.1204999685288,1.1210999488831,
2019-05-26T14:00:00-07:00,1.1209499835968,1.1212500333786,1.1203000545502,1.1207499504089,
2019-05-26T18:00:00-07:00,1.1207499504089,1.1215499639511,1.1206500530243,1.1207000017166,
2019-05-26T22:00:00-07:00,1.1207000017166,1.1211500167847,1.1191999912262,1.1193000078201,
2019-05-27T02:00:00-07:00,1.1193000078201,1.1199500560761,1.1190999746323,1.1196000576019,
2019-05-27T06:00:00-07:00,1.1196500062943,1.1201499700546,1.1187000274658,1.1194499731064,
2019-05-27T10:00:00-07:00,1.1191500425339,1.1202499866486,1.1188000440598,1.1199500560761,
2019-05-27T14:00:00-07:00,1.1199500560761,1.1203000545502,1.1191500425339,1.1191999912262,
2019-05-27T18:00:00-07:00,1.1193000078201,1.1195499897003,1.117849946022,1.1181999444961,
2019-05-27T22:00:00-07:00,1.1181499958038,1.1195499897003,1.1174999475479,1.1191999912262,
2019-05-28T02:00:00-07:00,1.1192500591278,1.1198500394821,1.1181999444961,1.1188999414444,
2019-05-28T06:00:00-07:00,1.118950009346,1.1196500062943,1.1161999702454,1.1165000200272,
2019-05-28T10:00:00-07:00,1.1165000200272,1.1172499656677,1.1159499883652,1.1161999702454,
2019-05-28T14:00:00-07:00,1.1160500049591,1.1173000335693,1.1160000562668,1.1169500350952,
2019-05-28T18:00:00-07:00,1.1169500350952,1.1171499490738,1.1161999702454,1.1164499521255,
2019-05-28T22:00:00-07:00,1.1164499521255,1.1169500350952,1.1152000427246,1.1154999732971,
2019-05-29T02:00:00-07:00,1.1154500246048,1.1159499883652,1.1147999763489,1.1150000095367,
2019-05-29T06:00:00-07:00,1.1149499416351,1.1153500080109,1.1124000549316,1.1133500337601,
2019-05-29T10:00:00-07:00,1.1133500337601,1.1139500141144,1.1125999689102,1.1130499839783,
2019-05-29T14:00:00-07:00,1.1130499839783,1.1143499612808,1.1130499839783,1.1139500141144,
2019-05-29T18:00:00-07:00,1.1139999628067,1.1143499612808,1.113450050354,1.1140500307083,
2019-05-29T22:00:00-07:00,1.1139999628067,1.1140500307083,1.1124000549316,1.1133500337601,
2019-05-30T02:00:00-07:00,1.1133999824524,1.1143499612808,1.1130000352859,1.1131999492645,
2019-05-30T06:00:00-07:00,1.1131500005722,1.1140500307083,1.1116499900818,1.1136000156403,
2019-05-30T10:00:00-07:00,1.1136000156403,1.1140500307083,1.112900018692,1.1130499839783,
2019-05-30T14:00:00-07:00,1.1136499643326,1.1141500473023,1.1127500534058,1.1133999824524,
2019-05-30T18:00:00-07:00,1.113450050354,1.1139500141144,1.1124999523163,1.1128499507904,
2019-05-30T22:00:00-07:00,1.1128000020981,1.1154500246048,1.1126500368118,1.1148500442505,
2019-05-31T02:00:00-07:00,1.1147999763489,1.1164499521255,1.1140999794006,1.1155999898911,
2019-05-31T06:00:00-07:00,1.1155999898911,1.1180000305176,1.1137000322342,1.1161999702454,
2019-05-31T10:00:00-07:00,1.1160999536514,1.1182500123978,1.115700006485,1.117949962616,
2019-06-02T14:00:00-07:00,1.1164499521255,1.1182500123978,1.116250038147,1.1179000139236,
2019-06-02T18:00:00-07:00,1.117949962616,1.1190500259399,1.1175500154495,1.1176999807358,
2019-06-02T22:00:00-07:00,1.1176999807358,1.1180499792099,1.1159000396729,1.117949962616,
2019-06-03T02:00:00-07:00,1.1177999973297,1.1200000047684,1.1169500350952,1.119500041008,
2019-06-03T06:00:00-07:00,1.1195499897003,1.1218500137329,1.1184500455856,1.1215499639511,
2019-06-03T10:00:00-07:00,1.1215499639511,1.1263500452042,1.1215499639511,1.1240999698639,
2019-06-03T14:00:00-07:00,1.1240999698639,1.125550031662,1.1240500211716,1.125,
2019-06-03T18:00:00-07:00,1.125,1.1258000135422,1.1244000196457,1.1246999502182,
2019-06-03T22:00:00-07:00,1.1246500015259,1.1277500391007,1.1244000196457,1.1248999834061,
2019-06-04T02:00:00-07:00,1.1247999668121,1.1263500452042,1.1232500076294,1.1235500574112,
2019-06-04T06:00:00-07:00,1.1235500574112,1.1267499923706,1.122750043869,1.124549984932,
2019-06-04T10:00:00-07:00,1.1245000362396,1.1267000436783,1.1242500543594,1.1251499652862,
2019-06-04T14:00:00-07:00,1.1251000165939,1.1261500120163,1.1250499486923,1.1258000135422,
2019-06-04T18:00:00-07:00,1.1257499456406,1.1266000270843,1.125550031662,1.1260499954224,
2019-06-04T22:00:00-07:00,1.1260999441147,1.1284500360489,1.1256999969482,1.1279000043869,
2019-06-05T02:00:00-07:00,1.1279499530792,1.1305500268936,1.1253000497818,1.1292500495911,
2019-06-05T06:00:00-07:00,1.1292999982834,1.1296499967575,1.1230499744415,1.1234999895096,
2019-06-05T10:00:00-07:00,1.1235500574112,1.1236499547958,1.1219500303268,1.1220999956131,
2019-06-05T14:00:00-07:00,1.122200012207,1.1232500076294,1.1220500469208,1.122750043869,
2019-06-05T18:00:00-07:00,1.122750043869,1.1233500242233,1.1223499774933,1.1233500242233,
2019-06-05T22:00:00-07:00,1.1233500242233,1.124449968338,1.122300028801,1.124449968338,
2019-06-06T02:00:00-07:00,1.124549984932,1.1308499574661,1.1218500137329,1.1287499666214,
2019-06-06T06:00:00-07:00,1.1285500526428,1.1300499439239,1.124449968338,1.1293499469757,
2019-06-06T10:00:00-07:00,1.1294499635696,1.1295499801636,1.1267499923706,1.1275999546051,
2019-06-06T14:00:00-07:00,1.1275500059128,1.128350019455,1.1271500587463,1.1274499893189,
2019-06-06T18:00:00-07:00,1.1274499893189,1.1275999546051,1.1266000270843,1.1267499923706,
2019-06-06T22:00:00-07:00,1.1266499757767,1.1270500421524,1.1257499456406,1.1265000104904,
2019-06-07T02:00:00-07:00,1.1265499591827,1.1326500177383,1.1251499652862,1.1317000389099,
2019-06-07T06:00:00-07:00,1.1317499876022,1.1347999572754,1.1307499408722,1.1339999437332,
2019-06-07T10:00:00-07:00,1.1339999437332,1.1344499588013,1.1326999664307,1.1333999633789,
2019-06-09T14:00:00-07:00,1.1323000192642,1.1331000328064,1.131500005722,1.131600022316,
2019-06-09T18:00:00-07:00,1.1316499710083,1.1317000389099,1.1306500434875,1.1308000087738,
2019-06-09T22:00:00-07:00,1.1307499408722,1.1312999725342,1.1289999485016,1.1296999454498,
2019-06-10T02:00:00-07:00,1.1296499967575,1.1311500072479,1.1295499801636,1.1308499574661,
2019-06-10T06:00:00-07:00,1.131049990654,1.132050037384,1.1290999650955,1.131600022316,
2019-06-10T10:00:00-07:00,1.1317000389099,1.1324499845505,1.1309499740601,1.1311999559402,
2019-06-10T14:00:00-07:00,1.1314500570297,1.1318500041962,1.1308499574661,1.1314500570297,
2019-06-10T18:00:00-07:00,1.1314500570297,1.1318999528885,1.1307499408722,1.1317000389099,
2019-06-10T22:00:00-07:00,1.1317499876022,1.1332499980927,1.1311500072479,1.1312999725342,
2019-06-11T02:00:00-07:00,1.1313500404358,1.1325500011444,1.1302499771118,1.1318000555039,
2019-06-11T06:00:00-07:00,1.1318500041962,1.1331499814987,1.1309000253677,1.1330499649048,
2019-06-11T10:00:00-07:00,1.1328500509262,1.133749961853,1.1324499845505,1.1325999498367,
2019-06-11T14:00:00-07:00,1.1331499814987,1.1336499452591,1.1326500177383,1.1329499483109,
2019-06-11T18:00:00-07:00,1.1329499483109,1.1334999799728,1.1325999498367,1.1334999799728,
2019-06-11T22:00:00-07:00,1.1333999633789,1.1344000101089,1.1330000162125,1.1333999633789,
2019-06-12T02:00:00-07:00,1.1335500478745,1.1340500116348,1.1312500238419,1.1319999694824,
2019-06-12T06:00:00-07:00,1.1319500207901,1.1325999498367,1.1289499998093,1.1297500133514,
2019-06-12T10:00:00-07:00,1.1296999454498,1.1299500465393,1.1282999515533,1.1289499998093,
2019-06-12T14:00:00-07:00,1.128800034523,1.1295499801636,1.1287000179291,1.1290500164032,
2019-06-12T18:00:00-07:00,1.1290500164032,1.1298500299454,1.128800034523,1.1297500133514,
2019-06-12T22:00:00-07:00,1.1296999454498,1.1303999423981,1.1291500329971,1.1291999816895,
2019-06-13T02:00:00-07:00,1.1291500329971,1.1297500133514,1.1273000240326,1.1278500556946,
2019-06-13T06:00:00-07:00,1.1278500556946,1.1285500526428,1.1268999576569,1.1276500225067,
2019-06-13T10:00:00-07:00,1.1275500059128,1.1284999847412,1.127249956131,1.1278500556946,
2019-06-13T14:00:00-07:00,1.1281499862671,1.1287499666214,1.1275500059128,1.1279499530792,
2019-06-13T18:00:00-07:00,1.1279499530792,1.1280499696732,1.1270500421524,1.1273000240326,
2019-06-13T22:00:00-07:00,1.1273000240326,1.1289499998093,1.1269500255585,1.1279499530792,
2019-06-14T02:00:00-07:00,1.1279000043869,1.1279000043869,1.1231000423431,1.1231000423431,
2019-06-14T06:00:00-07:00,1.1231499910355,1.1246000528336,1.1205999851227,1.1208499670029,
2019-06-14T10:00:00-07:00,1.1208499670029,1.1213999986649,1.1203000545502,1.1209000349045,
2019-06-16T14:00:00-07:00,1.1210999488831,1.122200012207,1.1208000183105,1.1219500303268,
2019-06-16T18:00:00-07:00,1.1219500303268,1.1224499940872,1.1213500499725,1.121649980545,
2019-06-16T22:00:00-07:00,1.121649980545,1.1218999624252,1.1203999519348,1.1213999986649,
2019-06-17T02:00:00-07:00,1.1213999986649,1.1246500015259,1.1210999488831,1.1238000392914,
2019-06-17T06:00:00-07:00,1.1236499547958,1.1244000196457,1.1220999956131,1.1226999759674,
2019-06-17T10:00:00-07:00,1.1226999759674,1.1228499412537,1.1213999986649,1.1218500137329,
2019-06-17T14:00:00-07:00,1.1217999458313,1.1226500272751,1.121749997139,1.1224999427795,
2019-06-17T18:00:00-07:00,1.1225500106811,1.1234500408173,1.1225500106811,1.1232999563217,
2019-06-17T22:00:00-07:00,1.1232500076294,1.1243000030518,1.1188499927521,1.1190999746323,
2019-06-18T02:00:00-07:00,1.1189999580383,1.1208499670029,1.1181000471115,1.1197999715805,
2019-06-18T06:00:00-07:00,1.1197999715805,1.121199965477,1.1181999444961,1.1201000213623,
2019-06-18T10:00:00-07:00,1.1201499700546,1.1203999519348,1.1189999580383,1.1194000244141,
2019-06-18T14:00:00-07:00,1.1192500591278,1.1202499866486,1.1191500425339,1.1200499534607,
2019-06-18T18:00:00-07:00,1.1200499534607,1.1201499700546,1.1187000274658,1.1188499927521,
2019-06-18T22:00:00-07:00,1.1188000440598,1.1205999851227,1.1187499761581,1.1201000213623,
2019-06-19T02:00:00-07:00,1.1200000047684,1.1208499670029,1.1196999549866,1.1205500364304,
2019-06-19T06:00:00-07:00,1.1205500364304,1.1220500469208,1.1201000213623,1.1215499639511,
2019-06-19T10:00:00-07:00,1.1216000318527,1.1253999471664,1.1212500333786,1.1225999593735,
2019-06-19T14:00:00-07:00,1.1225999593735,1.1258000135422,1.1225999593735,1.1257499456406,
2019-06-19T18:00:00-07:00,1.1258000135422,1.1273000240326,1.1255999803543,1.1261999607086,
2019-06-19T22:00:00-07:00,1.1264499425888,1.1301499605179,1.12600004673,1.1289999485016,
2019-06-20T02:00:00-07:00,1.1289999485016,1.131500005722,1.1286000013351,1.1303000450134,
2019-06-20T06:00:00-07:00,1.1302000284195,1.1306999921799,1.1270999908447,1.1292500495911,
2019-06-20T10:00:00-07:00,1.1292999982834,1.1298500299454,1.1285500526428,1.1290999650955,
2019-06-20T14:00:00-07:00,1.1294000148773,1.1298999786377,1.1288499832153,1.1294499635696,
2019-06-20T18:00:00-07:00,1.1295000314712,1.1309499740601,1.1292500495911,1.1295000314712,
2019-06-20T22:00:00-07:00,1.1295000314712,1.1314500570297,1.1282999515533,1.1303499937057,
2019-06-21T02:00:00-07:00,1.1303000450134,1.1326999664307,1.1296000480652,1.1324000358582,
2019-06-21T06:00:00-07:00,1.1324499845505,1.1344000101089,1.1310000419617,1.1340999603271,
2019-06-21T10:00:00-07:00,1.1340999603271,1.1377999782562,1.1339999437332,1.1368000507355,
2019-06-23T14:00:00-07:00,1.1371999979019,1.1386499404907,1.1367000341415,1.138200044632,
2019-06-23T18:00:00-07:00,1.138200044632,1.1385999917984,1.1375000476837,1.137549996376,
2019-06-23T22:00:00-07:00,1.137549996376,1.1395000219345,1.1372499465942,1.1385999917984,
2019-06-24T02:00:00-07:00,1.1385999917984,1.1398999691009,1.1384500265121,1.1388000249863,
2019-06-24T06:00:00-07:00,1.1387499570847,1.1399999856949,1.1378999948502,1.1389499902725,
2019-06-24T10:00:00-07:00,1.1389000415802,1.1402499675751,1.1384500265121,1.1398999691009,
2019-06-24T14:00:00-07:00,1.139799952507,1.1406500339508,1.1395499706268,1.1401499509811,
2019-06-24T18:00:00-07:00,1.1401499509811,1.1412500143051,1.1400500535965,1.1409499645233,
2019-06-24T22:00:00-07:00,1.1410000324249,1.1410499811173,1.1381499767304,1.1385500431061,
2019-06-25T02:00:00-07:00,1.1385500431061,1.1394499540329,1.1376999616623,1.1394000053406,
2019-06-25T06:00:00-07:00,1.1394499540329,1.1398999691009,1.1361000537872,1.1362500190735,
2019-06-25T10:00:00-07:00,1.1362999677658,1.1389000415802,1.1345000267029,1.1367000341415,
2019-06-25T14:00:00-07:00,1.1367000341415,1.1371999979019,1.1360000371933,1.1362500190735,
2019-06-25T18:00:00-07:00,1.1362500190735,1.1362500190735,1.1352499723434,1.1355500221252,
2019-06-25T22:00:00-07:00,1.1355999708176,1.1374000310898,1.1354500055313,1.1359499692917,
2019-06-26T02:00:00-07:00,1.1358499526977,1.1368499994278,1.1352499723434,1.1359000205994,
2019-06-26T06:00:00-07:00,1.1359499692917,1.1390000581741,1.1348999738693,1.1382999420166,
2019-06-26T10:00:00-07:00,1.1382999420166,1.1386499404907,1.1364500522614,1.1368999481201,
2019-06-26T14:00:00-07:00,1.1368499994278,1.1375999450684,1.1368000507355,1.1373499631882,
2019-06-26T18:00:00-07:00,1.1373000144959,1.1374000310898,1.1348999738693,1.1353000402451,
2019-06-26T22:00:00-07:00,1.1353000402451,1.1374499797821,1.1347500085831,1.1371999979019,
2019-06-27T02:00:00-07:00,1.1371999979019,1.1381499767304,1.1363999843597,1.1366000175476,
2019-06-27T06:00:00-07:00,1.1366499662399,1.1375000476837,1.1355999708176,1.1366000175476,
2019-06-27T10:00:00-07:00,1.1366000175476,1.1373499631882,1.1364500522614,1.1369999647141,
2019-06-27T14:00:00-07:00,1.1369500160217,1.13765001297,1.1366499662399,1.1369500160217,
2019-06-27T18:00:00-07:00,1.137099981308,1.1372499465942,1.1362999677658,1.1362999677658,
2019-06-27T22:00:00-07:00,1.1362500190735,1.1392999887466,1.1360000371933,1.1389000415802,
2019-06-28T02:00:00-07:00,1.1390999555588,1.1394000053406,1.1368000507355,1.1384999752045,
2019-06-28T06:00:00-07:00,1.1384999752045,1.1391999721527,1.1351000070572,1.1358499526977,
2019-06-28T10:00:00-07:00,1.1358000040054,1.1377999782562,1.1355999708176,1.1369999647141,
2019-06-30T14:00:00-07:00,1.1360000371933,1.1371999979019,1.135400056839,1.135400056839,
2019-06-30T18:00:00-07:00,1.1354500055313,1.1356500387192,1.1347999572754,1.134850025177,
2019-06-30T22:00:00-07:00,1.134850025177,1.134850025177,1.131600022316,1.1331000328064,
2019-07-01T02:00:00-07:00,1.1331000328064,1.1360000371933,1.132050037384,1.1345499753952,
2019-07-01T06:00:00-07:00,1.1346000432968,1.1348999738693,1.1291999816895,1.1294499635696,
2019-07-01T10:00:00-07:00,1.1294000148773,1.1295499801636,1.1281000375748,1.1285500526428,
2019-07-01T14:00:00-07:00,1.1285500526428,1.1289499998093,1.1281000375748,1.1283999681473,
2019-07-01T18:00:00-07:00,1.1284500360489,1.1289999485016,1.1275000572205,1.1289499998093,
2019-07-01T22:00:00-07:00,1.1289499998093,1.1299500465393,1.1286000013351,1.1294000148773,
2019-07-02T02:00:00-07:00,1.1293499469757,1.1319999694824,1.1289499998093,1.1297999620438,
2019-07-02T06:00:00-07:00,1.1297999620438,1.1311999559402,1.1286000013351,1.1306999921799,
2019-07-02T10:00:00-07:00,1.1306999921799,1.1306999921799,1.128250002861,1.1284999847412,
2019-07-02T14:00:00-07:00,1.1284500360489,1.1294499635696,1.128350019455,1.1292999982834,
2019-07-02T18:00:00-07:00,1.1292999982834,1.1295499801636,1.1285500526428,1.1288499832153,
2019-07-02T22:00:00-07:00,1.1288499832153,1.1290500164032,1.1268500089645,1.1288499832153,
2019-07-03T02:00:00-07:00,1.1289000511169,1.1299999952316,1.127699971199,1.128250002861,
2019-07-03T06:00:00-07:00,1.1282999515533,1.1310000419617,1.1272000074387,1.1281499862671,
2019-07-03T10:00:00-07:00,1.1280000209808,1.1284999847412,1.1275500059128,1.1277500391007,
2019-07-03T14:00:00-07:00,1.127799987793,1.1289499998093,1.127799987793,1.1286499500275,
2019-07-03T18:00:00-07:00,1.1287000179291,1.1295499801636,1.1281499862671,1.1286000013351,
2019-07-03T22:00:00-07:00,1.1286000013351,1.1290999650955,1.1279000043869,1.1280000209808,
2019-07-04T02:00:00-07:00,1.1279499530792,1.1290500164032,1.127799987793,1.128350019455,
2019-07-04T06:00:00-07:00,1.1282999515533,1.1285500526428,1.1273499727249,1.1281000375748,
2019-07-04T10:00:00-07:00,1.1281499862671,1.1286000013351,1.1275999546051,1.1284500360489,
2019-07-04T14:00:00-07:00,1.1284999847412,1.128800034523,1.1279499530792,1.1280000209808,
2019-07-04T18:00:00-07:00,1.1280499696732,1.1284999847412,1.127799987793,1.1281499862671,
2019-07-04T22:00:00-07:00,1.1281000375748,1.1281499862671,1.1261500120163,1.1261500120163,
2019-07-05T02:00:00-07:00,1.1261999607086,1.1270999908447,1.1232500076294,1.1243000030518,
2019-07-05T06:00:00-07:00,1.1243000030518,1.1244000196457,1.1207000017166,1.1218999624252,
2019-07-05T10:00:00-07:00,1.1219500303268,1.1228499412537,1.1216000318527,1.1224999427795,
2019-07-07T14:00:00-07:00,1.1224999427795,1.1230000257492,1.1219500303268,1.1220999956131,
2019-07-07T18:00:00-07:00,1.1221499443054,1.1231000423431,1.1221499443054,1.1231000423431,
2019-07-07T22:00:00-07:00,1.1231499910355,1.1234999895096,1.1218999624252,1.1231499910355,
2019-07-08T02:00:00-07:00,1.1231499910355,1.1232999563217,1.1212999820709,1.1224000453949,
2019-07-08T06:00:00-07:00,1.122300028801,1.1225500106811,1.1207000017166,1.1215000152588,
2019-07-08T10:00:00-07:00,1.1214499473572,1.1220999956131,1.1208000183105,1.1213999986649,
2019-07-08T14:00:00-07:00,1.1215000152588,1.1218999624252,1.1212500333786,1.1215499639511,
2019-07-08T18:00:00-07:00,1.1216000318527,1.1218500137329,1.1208499670029,1.121749997139,
2019-07-08T22:00:00-07:00,1.1217000484467,1.1217999458313,1.1196999549866,1.1198999881744,
2019-07-09T02:00:00-07:00,1.1198500394821,1.1210500001907,1.1194000244141,1.1204500198364,
2019-07-09T06:00:00-07:00,1.1204500198364,1.1211500167847,1.1198999881744,1.1208000183105,
2019-07-09T10:00:00-07:00,1.1209000349045,1.1214499473572,1.1203000545502,1.1208000183105,
2019-07-09T14:00:00-07:00,1.1208000183105,1.1209000349045,1.1201499700546,1.1203999519348,
2019-07-09T18:00:00-07:00,1.1203999519348,1.1210999488831,1.1202499866486,1.1207499504089,
2019-07-09T22:00:00-07:00,1.1207499504089,1.1226999759674,1.1203999519348,1.1224999427795,
2019-07-10T02:00:00-07:00,1.1225500106811,1.125450015068,1.121199965477,1.125,
2019-07-10T06:00:00-07:00,1.1251000165939,1.1262999773025,1.1236000061035,1.1259000301361,
2019-07-10T10:00:00-07:00,1.1258499622345,1.1262500286102,1.125,1.1250499486923,
2019-07-10T14:00:00-07:00,1.1251000165939,1.1265000104904,1.1251000165939,1.1260999441147,
2019-07-10T18:00:00-07:00,1.1260499954224,1.1281000375748,1.1257499456406,1.1275999546051,
2019-07-10T22:00:00-07:00,1.1275000572205,1.1279499530792,1.1267000436783,1.1273499727249,
2019-07-11T02:00:00-07:00,1.1273499727249,1.1286000013351,1.1262999773025,1.1267499923706,
2019-07-11T06:00:00-07:00,1.1267999410629,1.1273000240326,1.124549984932,1.1253999471664,
2019-07-11T10:00:00-07:00,1.1254999637604,1.1260999441147,1.1245000362396,1.1253999471664,
2019-07-11T14:00:00-07:00,1.1253499984741,1.12600004673,1.1249500513077,1.1259000301361,
2019-07-11T18:00:00-07:00,1.1258499622345,1.1274000406265,1.1258000135422,1.1271500587463,
2019-07-11T22:00:00-07:00,1.1271500587463,1.1275999546051,1.1261500120163,1.1261999607086,
2019-07-12T02:00:00-07:00,1.1263999938965,1.1267000436783,1.1238000392914,1.1245000362396,
2019-07-12T06:00:00-07:00,1.1245000362396,1.1267999410629,1.1240999698639,1.1267999410629,
2019-07-12T10:00:00-07:00,1.1267999410629,1.1274000406265,1.1263500452042,1.1270999908447,
2019-07-14T14:00:00-07:00,1.1269999742508,1.1275999546051,1.1265000104904,1.1274000406265,
2019-07-14T18:00:00-07:00,1.1274499893189,1.1275000572205,1.1263999938965,1.1272000074387,
2019-07-14T22:00:00-07:00,1.1272000074387,1.1283999681473,1.1269500255585,1.127249956131,
2019-07-15T02:00:00-07:00,1.127249956131,1.1283999681473,1.1260999441147,1.1265499591827,
2019-07-15T06:00:00-07:00,1.1265499591827,1.1271500587463,1.125450015068,1.1259000301361,
2019-07-15T10:00:00-07:00,1.1259000301361,1.12600004673,1.1253499984741,1.1258000135422,
2019-07-15T14:00:00-07:00,1.1257499456406,1.1263500452042,1.1257499456406,1.1259000301361,
2019-07-15T18:00:00-07:00,1.1259000301361,1.1262999773025,1.125550031662,1.1260499954224,
2019-07-15T22:00:00-07:00,1.1260499954224,1.1262500286102,1.1236000061035,1.1245000362396,
2019-07-16T02:00:00-07:00,1.1245000362396,1.1246000528336,1.1209499835968,1.1218999624252,
2019-07-16T06:00:00-07:00,1.1219500303268,1.1225500106811,1.1207000017166,1.1212999820709,
2019-07-16T10:00:00-07:00,1.121199965477,1.1218999624252,1.1202000379562,1.1210999488831,
2019-07-16T14:00:00-07:00,1.1210500001907,1.1213500499725,1.1206500530243,1.1210999488831,
2019-07-16T18:00:00-07:00,1.1211500167847,1.1216000318527,1.1208000183105,1.1215499639511,
2019-07-16T22:00:00-07:00,1.1215000152588,1.121749997139,1.1199500560761,1.1210999488831,
2019-07-17T02:00:00-07:00,1.1210999488831,1.122200012207,1.1210500001907,1.121199965477,
2019-07-17T06:00:00-07:00,1.121199965477,1.1233500242233,1.1210999488831,1.1224999427795,
2019-07-17T10:00:00-07:00,1.1224499940872,1.1231499910355,1.1218999624252,1.1224000453949,
2019-07-17T14:00:00-07:00,1.1224000453949,1.1239000558853,1.1224000453949,1.1238000392914,
2019-07-17T18:00:00-07:00,1.1237499713898,1.1241999864578,1.1232500076294,1.1236000061035,
2019-07-17T22:00:00-07:00,1.1235500574112,1.124449968338,1.1233500242233,1.1239500045776,
2019-07-18T02:00:00-07:00,1.12399995327,1.12399995327,1.1205500364304,1.1217000484467,
2019-07-18T06:00:00-07:00,1.1217000484467,1.1229499578476,1.1212999820709,1.1224499940872,
2019-07-18T10:00:00-07:00,1.1224499940872,1.1281000375748,1.122200012207,1.127699971199,
2019-07-18T14:00:00-07:00,1.1276500225067,1.1282000541687,1.1240999698639,1.1261500120163,
2019-07-18T18:00:00-07:00,1.1260999441147,1.1268500089645,1.1258000135422,1.12600004673,
2019-07-18T22:00:00-07:00,1.12600004673,1.1265499591827,1.1250499486923,1.1251000165939,
2019-07-19T02:00:00-07:00,1.1251000165939,1.1252499818802,1.1217000484467,1.1225500106811,
2019-07-19T06:00:00-07:00,1.1224999427795,1.1239000558853,1.1215000152588,1.1229000091553,
2019-07-19T10:00:00-07:00,1.1229000091553,1.1230000257492,1.1203999519348,1.122200012207,
2019-07-21T14:00:00-07:00,1.1214499473572,1.1220500469208,1.1210500001907,1.121199965477,
2019-07-21T18:00:00-07:00,1.1211500167847,1.1220999956131,1.1208000183105,1.1217999458313,
2019-07-21T22:00:00-07:00,1.1218500137329,1.1224000453949,1.121199965477,1.121749997139,
2019-07-22T02:00:00-07:00,1.1217999458313,1.1224499940872,1.1206500530243,1.1217999458313,
2019-07-22T06:00:00-07:00,1.1217999458313,1.1225999593735,1.121199965477,1.1218500137329,
2019-07-22T10:00:00-07:00,1.1217999458313,1.1219999790192,1.1205999851227,1.1208499670029,
2019-07-22T14:00:00-07:00,1.1209000349045,1.1210999488831,1.1203999519348,1.1205500364304,
2019-07-22T18:00:00-07:00,1.1204999685288,1.1204999685288,1.1189999580383,1.1191999912262,
2019-07-22T22:00:00-07:00,1.1191999912262,1.1196000576019,1.1181000471115,1.1182500123978,
2019-07-23T02:00:00-07:00,1.1183500289917,1.118499994278,1.1167999505997,1.1168999671936,
2019-07-23T06:00:00-07:00,1.1169500350952,1.1169999837875,1.1147500276566,1.1151000261307,
2019-07-23T10:00:00-07:00,1.1151000261307,1.1158000230789,1.1145499944687,1.1152000427246,
2019-07-23T14:00:00-07:00,1.115149974823,1.1155999898911,1.1143499612808,1.1148500442505,
2019-07-23T18:00:00-07:00,1.1148500442505,1.1150499582291,1.1142499446869,1.1145499944687,
2019-07-23T22:00:00-07:00,1.1145000457764,1.1155999898911,1.1128000020981,1.1138000488281,
2019-07-24T02:00:00-07:00,1.1138999462128,1.1154999732971,1.1134999990463,1.1144499778748,
2019-07-24T06:00:00-07:00,1.1141500473023,1.1155999898911,1.1138999462128,1.1145499944687,
2019-07-24T10:00:00-07:00,1.1145000457764,1.1146500110626,1.1132999658585,1.1139999628067,
2019-07-24T14:00:00-07:00,1.1140500307083,1.1145000457764,1.113450050354,1.1136499643326,
2019-07-24T18:00:00-07:00,1.1137000322342,1.1140999794006,1.1133500337601,1.113450050354,
2019-07-24T22:00:00-07:00,1.113450050354,1.1137499809265,1.1123000383377,1.112900018692,
2019-07-25T02:00:00-07:00,1.1129499673843,1.1160999536514,1.110200047493,1.1153999567032,
2019-07-25T06:00:00-07:00,1.1154999732971,1.1187499761581,1.1132999658585,1.1133999824524,
2019-07-25T10:00:00-07:00,1.1133500337601,1.1151000261307,1.1126500368118,1.1146999597549,
2019-07-25T14:00:00-07:00,1.1146999597549,1.1150000095367,1.1142499446869,1.1146999597549,
2019-07-25T18:00:00-07:00,1.1146500110626,1.1151000261307,1.1145000457764,1.1147500276566,
2019-07-25T22:00:00-07:00,1.1147500276566,1.1148999929428,1.1131999492645,1.1136000156403,
2019-07-26T02:00:00-07:00,1.1136000156403,1.1147500276566,1.1125500202179,1.1132999658585,
2019-07-26T06:00:00-07:00,1.1133999824524,1.1141999959946,1.1111999750137,1.1122000217438,
2019-07-26T10:00:00-07:00,1.1121499538422,1.1132500171661,1.111899971962,1.1126999855041,
2019-07-28T14:00:00-07:00,1.1124000549316,1.1138000488281,1.1122000217438,1.1137000322342,
2019-07-28T18:00:00-07:00,1.1136499643326,1.1138999462128,1.1125500202179,1.1126999855041,
2019-07-28T22:00:00-07:00,1.1127500534058,1.112900018692,1.1117000579834,1.1123000383377,
2019-07-29T02:00:00-07:00,1.1123000383377,1.1128499507904,1.1112999916077,1.1123000383377,
2019-07-29T06:00:00-07:00,1.1123000383377,1.1144000291824,1.1117000579834,1.1140500307083,
2019-07-29T10:00:00-07:00,1.1139999628067,1.1151000261307,1.1138999462128,1.1145499944687,
2019-07-29T14:00:00-07:00,1.1144000291824,1.1147500276566,1.1140500307083,1.1141500473023,
2019-07-29T18:00:00-07:00,1.1141999959946,1.1145000457764,1.1134999990463,1.1137000322342,
2019-07-29T22:00:00-07:00,1.1137000322342,1.1149499416351,1.1131999492645,1.1146999597549,
2019-07-30T02:00:00-07:00,1.1146999597549,1.1158499717712,1.1138999462128,1.1154500246048,
2019-07-30T06:00:00-07:00,1.1154500246048,1.1155500411987,1.1138000488281,1.1152000427246,
2019-07-30T10:00:00-07:00,1.1152000427246,1.1160999536514,1.1148999929428,1.1154999732971,
2019-07-30T14:00:00-07:00,1.1154999732971,1.1159499883652,1.1153999567032,1.1153999567032,
2019-07-30T18:00:00-07:00,1.1153999567032,1.1155999898911,1.1147999763489,1.1155999898911,
2019-07-30T22:00:00-07:00,1.1155500411987,1.1161999702454,1.1143000125885,1.1145000457764,
2019-07-31T02:00:00-07:00,1.1144499778748,1.1153000593185,1.1143499612808,1.1151000261307,
2019-07-31T06:00:00-07:00,1.115149974823,1.1152000427246,1.1120500564575,1.1127500534058,
2019-07-31T10:00:00-07:00,1.1128000020981,1.1138999462128,1.1060500144959,1.1076999902725,
2019-07-31T14:00:00-07:00,1.1075500249863,1.1081999540329,1.1033500432968,1.104150056839,
2019-07-31T18:00:00-07:00,1.1042000055313,1.1053500175476,1.1038000583649,1.1053500175476,
2019-07-31T22:00:00-07:00,1.1053500175476,1.1053500175476,1.1031999588013,1.1046999692917,
2019-08-01T02:00:00-07:00,1.1047500371933,1.1050000190735,1.1026999950409,1.1030000448227,
2019-08-01T06:00:00-07:00,1.1030000448227,1.1071000099182,1.1026999950409,1.1067999601364,
2019-08-01T10:00:00-07:00,1.1067999601364,1.1095000505447,1.1064499616623,1.1084500551224,
2019-08-01T14:00:00-07:00,1.108549952507,1.1095999479294,1.1074500083923,1.1088999509811,
2019-08-01T18:00:00-07:00,1.1089999675751,1.1095000505447,1.106950044632,1.1082500219345,
2019-08-01T22:00:00-07:00,1.1081000566482,1.1115000247955,1.1076999902725,1.109650015831,
2019-08-02T02:00:00-07:00,1.109650015831,1.1107000112534,1.1079000234604,1.1085000038147,
2019-08-02T06:00:00-07:00,1.1087000370026,1.1116000413895,1.1081999540329,1.1116000413895,
2019-08-02T10:00:00-07:00,1.1115000247955,1.1117000579834,1.1103999614716,1.1108000278473,
2019-08-04T14:00:00-07:00,1.1108000278473,1.1132500171661,1.1104500293732,1.1125999689102,
2019-08-04T18:00:00-07:00,1.1125500202179,1.1131999492645,1.1111999750137,1.1127500534058,
2019-08-04T22:00:00-07:00,1.1128000020981,1.1147999763489,1.1115000247955,1.1146999597549,
2019-08-05T02:00:00-07:00,1.1146999597549,1.118499994278,1.1141999959946,1.1177999973297,
2019-08-05T06:00:00-07:00,1.1177999973297,1.1212999820709,1.1169999837875,1.1210999488831,
2019-08-05T10:00:00-07:00,1.1210999488831,1.121199965477,1.1194000244141,1.1202499866486,
2019-08-05T14:00:00-07:00,1.1202499866486,1.1249500513077,1.1199500560761,1.1243499517441,
2019-08-05T18:00:00-07:00,1.1242500543594,1.1242500543594,1.1189999580383,1.1202499866486,
2019-08-05T22:00:00-07:00,1.1203500032425,1.1218999624252,1.1196999549866,1.1198999881744,
2019-08-06T02:00:00-07:00,1.1198999881744,1.1204999685288,1.1177500486374,1.117949962616,
2019-08-06T06:00:00-07:00,1.117949962616,1.1205999851227,1.1168500185013,1.1197999715805,
2019-08-06T10:00:00-07:00,1.1196999549866,1.1207000017166,1.1190500259399,1.1200000047684,
2019-08-06T14:00:00-07:00,1.1199500560761,1.1217999458313,1.1199500560761,1.1209000349045,
2019-08-06T18:00:00-07:00,1.1208000183105,1.1219999790192,1.1205999851227,1.1211500167847,
2019-08-06T22:00:00-07:00,1.1211500167847,1.1211500167847,1.1187499761581,1.1190999746323,
2019-08-07T02:00:00-07:00,1.1189999580383,1.1209000349045,1.117949962616,1.1207000017166,
2019-08-07T06:00:00-07:00,1.1207499504089,1.1241999864578,1.1203500032425,1.122750043869,
2019-08-07T10:00:00-07:00,1.1227999925613,1.1231000423431,1.1198999881744,1.1198999881744,
2019-08-07T14:00:00-07:00,1.1200000047684,1.1213500499725,1.1197500228882,1.1210500001907,
2019-08-07T18:00:00-07:00,1.1209000349045,1.1212999820709,1.1202000379562,1.1210000514984,
2019-08-07T22:00:00-07:00,1.1210000514984,1.1229000091553,1.1200499534607,1.1214499473572,
2019-08-08T02:00:00-07:00,1.1213999986649,1.1220500469208,1.1181000471115,1.1201000213623,
2019-08-08T06:00:00-07:00,1.1204999685288,1.1227999925613,1.1187499761581,1.1204500198364,
2019-08-08T10:00:00-07:00,1.1204999685288,1.1210999488831,1.1177999973297,1.117949962616,
2019-08-08T14:00:00-07:00,1.1180000305176,1.119500041008,1.1180000305176,1.1192500591278,
2019-08-08T18:00:00-07:00,1.1193000078201,1.1197500228882,1.118950009346,1.1194000244141,
2019-08-08T22:00:00-07:00,1.1194499731064,1.1198500394821,1.1181999444961,1.1194000244141,
2019-08-09T02:00:00-07:00,1.119500041008,1.1209000349045,1.1194499731064,1.1201499700546,
2019-08-09T06:00:00-07:00,1.1200499534607,1.122300028801,1.1188499927521,1.1211500167847,
2019-08-09T10:00:00-07:00,1.1210999488831,1.1212999820709,1.1198999881744,1.1200000047684,
2019-08-11T14:00:00-07:00,1.1198500394821,1.1208499670029,1.1198500394821,1.1205500364304,
2019-08-11T18:00:00-07:00,1.1205500364304,1.1210000514984,1.1203500032425,1.1209499835968,
2019-08-11T22:00:00-07:00,1.1209499835968,1.1211500167847,1.1161999702454,1.1175999641418,
2019-08-12T02:00:00-07:00,1.1175500154495,1.1213999986649,1.1173000335693,1.1209499835968,
2019-08-12T06:00:00-07:00,1.1209499835968,1.1230000257492,1.1208000183105,1.1212999820709,
2019-08-12T10:00:00-07:00,1.121199965477,1.1224000453949,1.1209499835968,1.1213500499725,
2019-08-12T14:00:00-07:00,1.1213999986649,1.1220500469208,1.1205999851227,1.1206500530243,
2019-08-12T18:00:00-07:00,1.1206500530243,1.1210000514984,1.1181999444961,1.1190500259399,
2019-08-12T22:00:00-07:00,1.118950009346,1.1198999881744,1.1185499429703,1.1191500425339,
2019-08-13T02:00:00-07:00,1.1191500425339,1.1228499412537,1.118499994278,1.1217000484467,
2019-08-13T06:00:00-07:00,1.1216000318527,1.1219999790192,1.1171000003815,1.1180000305176,
2019-08-13T10:00:00-07:00,1.1179000139236,1.118499994278,1.1170500516891,1.1171000003815,
2019-08-13T14:00:00-07:00,1.1170500516891,1.117849946022,1.1169999837875,1.1177999973297,
2019-08-13T18:00:00-07:00,1.1177999973297,1.1180000305176,1.1168999671936,1.1172000169754,
2019-08-13T22:00:00-07:00,1.1172000169754,1.1185499429703,1.1165000200272,1.1176999807358,
2019-08-14T02:00:00-07:00,1.1176500320435,1.1189999580383,1.1166000366211,1.1177500486374,
2019-08-14T06:00:00-07:00,1.1177999973297,1.1181000471115,1.1136499643326,1.1145000457764,
2019-08-14T10:00:00-07:00,1.1144000291824,1.114599943161,1.1130499839783,1.1138999462128,
2019-08-14T14:00:00-07:00,1.1138499975205,1.114599943161,1.1133999824524,1.1141999959946,
2019-08-14T18:00:00-07:00,1.1143000125885,1.1152000427246,1.1138999462128,1.1151000261307,
2019-08-14T22:00:00-07:00,1.115149974823,1.1153999567032,1.1139999628067,1.1148999929428,
2019-08-15T02:00:00-07:00,1.1147500276566,1.1159000396729,1.1134999990463,1.1143000125885,
2019-08-15T06:00:00-07:00,1.1141999959946,1.1145000457764,1.1091500520706,1.1100000143051,
2019-08-15T10:00:00-07:00,1.1100000143051,1.111899971962,1.1095999479294,1.1107000112534,
2019-08-15T14:00:00-07:00,1.1107000112534,1.1112500429153,1.1100000143051,1.1103500127792,
2019-08-15T18:00:00-07:00,1.1103999614716,1.1104999780655,1.1095499992371,1.1103999614716,
2019-08-15T22:00:00-07:00,1.1103500127792,1.1106499433518,1.1081500053406,1.1084500551224,
2019-08-16T02:00:00-07:00,1.1083500385284,1.1087000370026,1.1066499948502,1.1073999404907,
2019-08-16T06:00:00-07:00,1.1073999404907,1.1105999946594,1.106850028038,1.1093499660492,
2019-08-16T10:00:00-07:00,1.1094000339508,1.1103500127792,1.1088999509811,1.1090500354767,
2019-08-18T14:00:00-07:00,1.1093000173569,1.110200047493,1.1088000535965,1.109099984169,
2019-08-18T18:00:00-07:00,1.109099984169,1.1095000505447,1.1087499856949,1.1091500520706,
2019-08-18T22:00:00-07:00,1.1091500520706,1.1110500097275,1.1087499856949,1.1102499961853,
2019-08-19T02:00:00-07:00,1.110200047493,1.1112999916077,1.1095999479294,1.1098999977112,
2019-08-19T06:00:00-07:00,1.1099499464035,1.1103999614716,1.1092499494553,1.1093499660492,
2019-08-19T10:00:00-07:00,1.1092000007629,1.1096999645233,1.1075999736786,1.1078000068665,
2019-08-19T14:00:00-07:00,1.1078499555588,1.1088000535965,1.1078499555588,1.1085000038147,
2019-08-19T18:00:00-07:00,1.1085000038147,1.1088999509811,1.1083999872208,1.1086499691009,
2019-08-19T22:00:00-07:00,1.1087000370026,1.1088000535965,1.1071000099182,1.1079000234604,
2019-08-20T02:00:00-07:00,1.1078000068665,1.1085000038147,1.1074500083923,1.1078499555588,
2019-08-20T06:00:00-07:00,1.1078000068665,1.1100000143051,1.1066000461578,1.1099499464035,
2019-08-20T10:00:00-07:00,1.1098500490189,1.1107000112534,1.1095999479294,1.1100000143051,
2019-08-20T14:00:00-07:00,1.1100000143051,1.1103500127792,1.1092000007629,1.1092499494553,
2019-08-20T18:00:00-07:00,1.1092499494553,1.1104999780655,1.1090500354767,1.1093499660492,
2019-08-20T22:00:00-07:00,1.1093499660492,1.1105999946594,1.1088000535965,1.1097500324249,
2019-08-21T02:00:00-07:00,1.1097999811173,1.1107499599457,1.1094000339508,1.1104500293732,
2019-08-21T06:00:00-07:00,1.1103999614716,1.1104999780655,1.1092000007629,1.1103500127792,
2019-08-21T10:00:00-07:00,1.1102999448776,1.1105500459671,1.1081000566482,1.1084500551224,
2019-08-21T14:00:00-07:00,1.1084500551224,1.1092499494553,1.1084500551224,1.1086000204086,
2019-08-21T18:00:00-07:00,1.108549952507,1.1090500354767,1.1081000566482,1.1081500053406,
2019-08-21T22:00:00-07:00,1.1081500053406,1.1112999916077,1.1075500249863,1.1098999977112,
2019-08-22T02:00:00-07:00,1.1098999977112,1.1101000308991,1.106299996376,1.1079499721527,
2019-08-22T06:00:00-07:00,1.1080000400543,1.1098999977112,1.1067999601364,1.1081999540329,
2019-08-22T10:00:00-07:00,1.1082500219345,1.1089999675751,1.1078499555588,1.1079499721527,
2019-08-22T14:00:00-07:00,1.1079499721527,1.1086000204086,1.1079000234604,1.1079499721527,
2019-08-22T18:00:00-07:00,1.1079000234604,1.1081000566482,1.1060999631882,1.1069999933243,
2019-08-22T22:00:00-07:00,1.106950044632,1.1074500083923,1.1065499782562,1.1067999601364,
2019-08-23T02:00:00-07:00,1.1067999601364,1.1073000431061,1.1051499843597,1.10640001297,
2019-08-23T06:00:00-07:00,1.1063499450684,1.1147500276566,1.1059499979019,1.1138999462128,
2019-08-23T10:00:00-07:00,1.1138999462128,1.1153000593185,1.1133500337601,1.1143000125885,
2019-08-25T14:00:00-07:00,1.1152000427246,1.1166000366211,1.1136000156403,1.1144000291824,
2019-08-25T18:00:00-07:00,1.1143000125885,1.1147999763489,1.1132999658585,1.1144000291824,
2019-08-25T22:00:00-07:00,1.1143000125885,1.1153000593185,1.1110500097275,1.1114499568939,
2019-08-26T02:00:00-07:00,1.1114499568939,1.1124000549316,1.1106499433518,1.1111500263214,
2019-08-26T06:00:00-07:00,1.1110999584198,1.1124999523163,1.1107000112534,1.1109999418259,
2019-08-26T10:00:00-07:00,1.1109999418259,1.1109999418259,1.1094499826431,1.1101000308991,
2019-08-26T14:00:00-07:00,1.1099499464035,1.1104999780655,1.1098500490189,1.1103500127792,
2019-08-26T18:00:00-07:00,1.1103999614716,1.1107499599457,1.1097999811173,1.1098500490189,
2019-08-26T22:00:00-07:00,1.1098999977112,1.1115499734879,1.1097999811173,1.1112999916077,
2019-08-27T02:00:00-07:00,1.1113500595093,1.1115499734879,1.1100499629974,1.1109000444412,
2019-08-27T06:00:00-07:00,1.1109000444412,1.1109000444412,1.1086000204086,1.1096999645233,
2019-08-27T10:00:00-07:00,1.1096999645233,1.1096999645233,1.1086499691009,1.1089999675751,
2019-08-27T14:00:00-07:00,1.1090500354767,1.1095000505447,1.1086000204086,1.1088000535965,
2019-08-27T18:00:00-07:00,1.1088500022888,1.1090500354767,1.1083999872208,1.1086499691009,
2019-08-27T22:00:00-07:00,1.1087499856949,1.1097999811173,1.1082999706268,1.1088000535965,
2019-08-28T02:00:00-07:00,1.1089500188827,1.1097999811173,1.1080499887466,1.1081500053406,
2019-08-28T06:00:00-07:00,1.1081000566482,1.1086000204086,1.1073000431061,1.1080000400543,
2019-08-28T10:00:00-07:00,1.1079000234604,1.1086000204086,1.1074500083923,1.1077500581741,
2019-08-28T14:00:00-07:00,1.1077500581741,1.1087499856949,1.1077500581741,1.108549952507,
2019-08-28T18:00:00-07:00,1.1085000038147,1.1087499856949,1.1080000400543,1.1081500053406,
2019-08-28T22:00:00-07:00,1.1081000566482,1.1086000204086,1.1074999570847,1.1076999902725,
2019-08-29T02:00:00-07:00,1.1076500415802,1.1082500219345,1.1068999767304,1.1070499420166,
2019-08-29T06:00:00-07:00,1.1070499420166,1.1092000007629,1.1050000190735,1.105299949646,
2019-08-29T10:00:00-07:00,1.1053500175476,1.1059000492096,1.1042000055313,1.1057000160217,
2019-08-29T14:00:00-07:00,1.1056499481201,1.1060999631882,1.1052000522614,1.1054500341415,
2019-08-29T18:00:00-07:00,1.1053500175476,1.1054500341415,1.1042000055313,1.1045000553131,
2019-08-29T22:00:00-07:00,1.1044499874115,1.1052000522614,1.1032999753952,1.1038000583649,
2019-08-30T02:00:00-07:00,1.1038999557495,1.1045999526977,1.1033999919891,1.1038000583649,
2019-08-30T06:00:00-07:00,1.1039999723434,1.1050000190735,1.0985000133514,1.0987000465393,
2019-08-30T10:00:00-07:00,1.0987499952316,1.0994999408722,1.0963000059128,1.0990999937057,
2019-09-01T14:00:00-07:00,1.0990999937057,1.0996999740601,1.0983999967575,1.0987000465393,
2019-09-01T18:00:00-07:00,1.0987999439239,1.0994000434875,1.0984499454498,1.0987999439239,
2019-09-01T22:00:00-07:00,1.0988500118256,1.0992000102997,1.0970499515533,1.0973000526428,
2019-09-02T02:00:00-07:00,1.0973000526428,1.097550034523,1.0957499742508,1.096549987793,
2019-09-02T06:00:00-07:00,1.0966500043869,1.0975999832153,1.095999956131,1.0973000526428,
2019-09-02T10:00:00-07:00,1.0973999500275,1.0973999500275,1.0961999893189,1.0967999696732,
2019-09-02T14:00:00-07:00,1.097000002861,1.0973000526428,1.0951499938965,1.0952999591827,
2019-09-02T18:00:00-07:00,1.0953999757767,1.0953999757767,1.0930500030518,1.0940999984741,
2019-09-02T22:00:00-07:00,1.0939999818802,1.0951000452042,1.0933500528336,1.0949000120163,
2019-09-03T02:00:00-07:00,1.0949000120163,1.0949000120163,1.0925999879837,1.0939500331879,
2019-09-03T06:00:00-07:00,1.0939500331879,1.0979000329971,1.0930500030518,1.097000002861,
2019-09-03T10:00:00-07:00,1.0969500541687,1.0975999832153,1.0965000391007,1.0973999500275,
2019-09-03T14:00:00-07:00,1.0973999500275,1.0979499816895,1.0968500375748,1.0973999500275,
2019-09-03T18:00:00-07:00,1.0974500179291,1.0980000495911,1.0972000360489,1.0974999666214,
2019-09-03T22:00:00-07:00,1.0974999666214,1.1012500524521,1.0973000526428,1.1007000207901,
2019-09-04T02:00:00-07:00,1.1006499528885,1.1023499965668,1.1004500389099,1.1016000509262,
2019-09-04T06:00:00-07:00,1.1016999483109,1.1033500432968,1.1009999513626,1.1026500463486,
2019-09-04T10:00:00-07:00,1.102499961853,1.1038000583649,1.1022499799728,1.1035000085831,
2019-09-04T14:00:00-07:00,1.103600025177,1.1038000583649,1.103049993515,1.1034499406815,
2019-09-04T18:00:00-07:00,1.1033999919891,1.1039500236511,1.1024500131607,1.1028000116348,
2019-09-04T22:00:00-07:00,1.1026500463486,1.1044499874115,1.1016999483109,1.1037499904633,
2019-09-05T02:00:00-07:00,1.1037499904633,1.1067500114441,1.1035499572754,1.1059999465942,
2019-09-05T06:00:00-07:00,1.1059000492096,1.1083999872208,1.1035000085831,1.1040999889374,
2019-09-05T10:00:00-07:00,1.1040999889374,1.1043499708176,1.1031999588013,1.1035000085831,
2019-09-05T14:00:00-07:00,1.1035000085831,1.1038999557495,1.1029499769211,1.103049993515,
2019-09-05T18:00:00-07:00,1.1029499769211,1.1038500070572,1.1029499769211,1.1038000583649,
2019-09-05T22:00:00-07:00,1.1037499904633,1.1052000522614,1.1036499738693,1.1037000417709,
2019-09-06T02:00:00-07:00,1.1037000417709,1.1045999526977,1.1019999980927,1.1039999723434,
2019-09-06T06:00:00-07:00,1.1040999889374,1.1057000160217,1.1026999950409,1.103600025177,
2019-09-06T10:00:00-07:00,1.1035499572754,1.1038999557495,1.1023999452591,1.1030000448227,
2019-09-08T14:00:00-07:00,1.1026999950409,1.1029000282288,1.1015499830246,1.1017500162125,
2019-09-08T18:00:00-07:00,1.1017500162125,1.1030000448227,1.1015000343323,1.1028000116348,
2019-09-08T22:00:00-07:00,1.1027499437332,1.1037000417709,1.1022499799728,1.1033999919891,
2019-09-09T02:00:00-07:00,1.1033999919891,1.1058000326157,1.1021499633789,1.1043000221252,
2019-09-09T06:00:00-07:00,1.1042499542236,1.1067999601364,1.1042000055313,1.1059499979019,
2019-09-09T10:00:00-07:00,1.1059499979019,1.1060500144959,1.1044499874115,1.1047999858856,
2019-09-09T14:00:00-07:00,1.1046999692917,1.1052000522614,1.1042499542236,1.1043000221252,
2019-09-09T18:00:00-07:00,1.1043000221252,1.1047500371933,1.1039999723434,1.1043000221252,
2019-09-09T22:00:00-07:00,1.1044000387192,1.1059999465942,1.1036499738693,1.1038999557495,
2019-09-10T02:00:00-07:00,1.1038000583649,1.1046999692917,1.1032500267029,1.1040500402451,
2019-09-10T06:00:00-07:00,1.1039999723434,1.1052500009537,1.103049993515,1.1040500402451,
2019-09-10T10:00:00-07:00,1.1040999889374,1.1049000024795,1.1036499738693,1.1043499708176,
2019-09-10T14:00:00-07:00,1.1043000221252,1.1054999828339,1.1037000417709,1.1046500205994,
2019-09-10T18:00:00-07:00,1.1045500040054,1.1055500507355,1.1043499708176,1.1052500009537,
2019-09-10T22:00:00-07:00,1.1053500175476,1.1053999662399,1.1023499965668,1.1025500297546,
2019-09-11T02:00:00-07:00,1.102599978447,1.1028000116348,1.0996500253677,1.1000499725342,
2019-09-11T06:00:00-07:00,1.1000000238419,1.1008499860764,1.0985499620438,1.100800037384,
2019-09-11T10:00:00-07:00,1.1007499694824,1.1014000177383,1.1004500389099,1.1009999513626,
2019-09-11T14:00:00-07:00,1.1010500192642,1.1014499664307,1.1007499694824,1.1010999679565,
2019-09-11T18:00:00-07:00,1.1010500192642,1.1015499830246,1.1008499860764,1.1013499498367,
2019-09-11T22:00:00-07:00,1.1014499664307,1.1032500267029,1.1006000041962,1.102599978447,
2019-09-12T02:00:00-07:00,1.1026500463486,1.1066499948502,1.0927000045776,1.0944999456406,
2019-09-12T06:00:00-07:00,1.0946500301361,1.1078499555588,1.0940999984741,1.1067999601364,
2019-09-12T10:00:00-07:00,1.1067999601364,1.1087000370026,1.1061500310898,1.106299996376,
2019-09-12T14:00:00-07:00,1.106299996376,1.106850028038,1.1055500507355,1.1064499616623,
2019-09-12T18:00:00-07:00,1.10640001297,1.1073000431061,1.106299996376,1.1069999933243,
2019-09-12T22:00:00-07:00,1.106950044632,1.1109499931335,1.1067999601364,1.109099984169,
2019-09-13T02:00:00-07:00,1.1093000173569,1.1107000112534,1.1079499721527,1.1088000535965,
2019-09-13T06:00:00-07:00,1.1087499856949,1.1087499856949,1.1060999631882,1.1075999736786,
2019-09-13T10:00:00-07:00,1.1074999570847,1.1080000400543,1.1066999435425,1.1074999570847,
2019-09-15T14:00:00-07:00,1.1073999404907,1.1087000370026,1.1070499420166,1.1075999736786,
2019-09-15T18:00:00-07:00,1.1075999736786,1.1080000400543,1.1069999933243,1.1073000431061,
2019-09-15T22:00:00-07:00,1.1073499917984,1.1081999540329,1.1058000326157,1.1059499979019,
2019-09-16T02:00:00-07:00,1.1059999465942,1.1069999933243,1.102499961853,1.1026500463486,
2019-09-16T06:00:00-07:00,1.1026999950409,1.1026999950409,1.0993499755859,1.1002000570297,
2019-09-16T10:00:00-07:00,1.1002999544144,1.1010999679565,1.0994999408722,1.1002999544144,
2019-09-16T14:00:00-07:00,1.1000000238419,1.1011999845505,1.0997500419617,1.100900053978,
2019-09-16T18:00:00-07:00,1.100900053978,1.1014000177383,1.1001499891281,1.1013000011444,
2019-09-16T22:00:00-07:00,1.1013000011444,1.1022000312805,1.0990500450134,1.1015000343323,
2019-09-17T02:00:00-07:00,1.1015000343323,1.1031999588013,1.1006499528885,1.1026999950409,
2019-09-17T06:00:00-07:00,1.1026999950409,1.1072000265121,1.1021000146866,1.1069999933243,
2019-09-17T10:00:00-07:00,1.1069999933243,1.1074500083923,1.1065000295639,1.1073000431061,
2019-09-17T14:00:00-07:00,1.1073000431061,1.1075999736786,1.106850028038,1.1069999933243,
2019-09-17T18:00:00-07:00,1.1069999933243,1.1072000265121,1.10640001297,1.1065000295639,
2019-09-17T22:00:00-07:00,1.1063499450684,1.1068999767304,1.1040999889374,1.104150056839,
2019-09-18T02:00:00-07:00,1.1042000055313,1.1057499647141,1.1036499738693,1.1057000160217,
2019-09-18T06:00:00-07:00,1.1055999994278,1.106850028038,1.1051000356674,1.106299996376,
2019-09-18T10:00:00-07:00,1.1063499450684,1.1067999601364,1.1014000177383,1.1030000448227,
2019-09-18T14:00:00-07:00,1.1030000448227,1.1037000417709,1.1023000478745,1.102499961853,
2019-09-18T18:00:00-07:00,1.1025500297546,1.1039999723434,1.1023999452591,1.1038999557495,
2019-09-18T22:00:00-07:00,1.1038999557495,1.1064499616623,1.1035000085831,1.105849981308,
2019-09-19T02:00:00-07:00,1.1059499979019,1.1073999404907,1.1055999994278,1.1066999435425,
2019-09-19T06:00:00-07:00,1.1066499948502,1.1069999933243,1.1038500070572,1.1046999692917,
2019-09-19T10:00:00-07:00,1.1045999526977,1.1061999797821,1.1039500236511,1.1040999889374,
2019-09-19T14:00:00-07:00,1.1040999889374,1.1052000522614,1.1039999723434,1.1050499677658,
2019-09-19T18:00:00-07:00,1.1051000356674,1.1059999465942,1.1051000356674,1.105849981308,
2019-09-19T22:00:00-07:00,1.105849981308,1.1067999601364,1.1045999526977,1.1047999858856,
2019-09-20T02:00:00-07:00,1.1047999858856,1.1053999662399,1.1019500494003,1.102599978447,
2019-09-20T06:00:00-07:00,1.102599978447,1.102599978447,1.0996999740601,1.100800037384,
2019-09-20T10:00:00-07:00,1.100800037384,1.1022000312805,1.1005500555039,1.1016999483109,
2019-09-22T14:00:00-07:00,1.1018999814987,1.1019999980927,1.1009999513626,1.1016499996185,
2019-09-22T18:00:00-07:00,1.1016999483109,1.1025500297546,1.1016999483109,1.1022499799728,
2019-09-22T22:00:00-07:00,1.1022000312805,1.102599978447,1.096549987793,1.0978000164032,
2019-09-23T02:00:00-07:00,1.0978000164032,1.0995999574661,1.0966999530792,1.0987000465393,
2019-09-23T06:00:00-07:00,1.0988500118256,1.1000000238419,1.0980000495911,1.0987000465393,
2019-09-23T10:00:00-07:00,1.0987000465393,1.0998500585556,1.0985499620438,1.0993000268936,
2019-09-23T14:00:00-07:00,1.0994000434875,1.0996999740601,1.0989500284195,1.0991499423981,
2019-09-23T18:00:00-07:00,1.0991499423981,1.0994000434875,1.0986499786377,1.0990999937057,
2019-09-23T22:00:00-07:00,1.0990500450134,1.0995999574661,1.0983500480652,1.0994000434875,
2019-09-24T02:00:00-07:00,1.0993499755859,1.100900053978,1.0987000465393,1.1006499528885,
2019-09-24T06:00:00-07:00,1.1007000207901,1.1018999814987,1.0994000434875,1.1014499664307,
2019-09-24T10:00:00-07:00,1.1013000011444,1.1024500131607,1.0999000072479,1.1021000146866,
2019-09-24T14:00:00-07:00,1.1019999980927,1.1023999452591,1.1006499528885,1.100800037384,
2019-09-24T18:00:00-07:00,1.100800037384,1.1009999513626,1.0994999408722,1.0995999574661,
2019-09-24T22:00:00-07:00,1.0995999574661,1.1002999544144,1.0993000268936,1.1001000404358,
2019-09-25T02:00:00-07:00,1.1001499891281,1.1005500555039,1.0976999998093,1.0987000465393,
2019-09-25T06:00:00-07:00,1.0986499786377,1.0988999605179,1.0939999818802,1.0943499803543,
2019-09-25T10:00:00-07:00,1.094300031662,1.0949000120163,1.09375,1.094200015068,
2019-09-25T14:00:00-07:00,1.094300031662,1.0955499410629,1.0942499637604,1.0951499938965,
2019-09-25T18:00:00-07:00,1.0951999425888,1.096549987793,1.0951999425888,1.0963000059128,
2019-09-25T22:00:00-07:00,1.0962500572205,1.0962500572205,1.093299984932,1.0939500331879,
2019-09-26T02:00:00-07:00,1.0938999652862,1.0953999757767,1.0923000574112,1.0946999788284,
2019-09-26T06:00:00-07:00,1.0946999788284,1.0966999530792,1.0923000574112,1.0925999879837,
2019-09-26T10:00:00-07:00,1.0925500392914,1.0934000015259,1.091050028801,1.0922000408173,
2019-09-26T14:00:00-07:00,1.0922000408173,1.0923999547958,1.090499997139,1.0915999412537,
2019-09-26T18:00:00-07:00,1.0916500091553,1.0925999879837,1.0911500453949,1.0922000408173,
2019-09-26T22:00:00-07:00,1.0921499729157,1.0929000377655,1.0907000303268,1.0923999547958,
2019-09-27T02:00:00-07:00,1.0923999547958,1.0948499441147,1.0920000076294,1.0937000513077,
2019-09-27T06:00:00-07:00,1.0937000513077,1.0959000587463,1.0927000045776,1.0944000482559,
2019-09-27T10:00:00-07:00,1.0944499969482,1.0947999954224,1.0937999486923,1.0939999818802,
2019-09-29T14:00:00-07:00,1.0942499637604,1.0946500301361,1.0935499668121,1.0936499834061,
2019-09-29T18:00:00-07:00,1.0937000513077,1.0937999486923,1.0930000543594,1.0936499834061,
2019-09-29T22:00:00-07:00,1.0936499834061,1.0947999954224,1.0930999517441,1.0933500528336,
2019-09-30T02:00:00-07:00,1.0934000015259,1.0934000015259,1.0885499715805,1.0899000167847,
2019-09-30T06:00:00-07:00,1.0899000167847,1.0914000272751,1.0891000032425,1.0903500318527,
2019-09-30T10:00:00-07:00,1.0902999639511,1.0906000137329,1.0893000364304,1.0898000001907,
2019-09-30T14:00:00-07:00,1.089949965477,1.0901000499725,1.0895999670029,1.0896500349045,
2019-09-30T18:00:00-07:00,1.0896999835968,1.0896999835968,1.0885499715805,1.0891499519348,
2019-09-30T22:00:00-07:00,1.0891499519348,1.0895999670029,1.0879499912262,1.0893000364304,
2019-10-01T02:00:00-07:00,1.0894000530243,1.0908000469208,1.0889500379562,1.0895999670029,
2019-10-01T06:00:00-07:00,1.0894999504089,1.094300031662,1.0884499549866,1.0937999486923,
2019-10-01T10:00:00-07:00,1.0937999486923,1.0939999818802,1.0924999713898,1.093199968338,
2019-10-01T14:00:00-07:00,1.093299984932,1.094200015068,1.0929499864578,1.0938999652862,
2019-10-01T18:00:00-07:00,1.0939500331879,1.0940500497818,1.0931500196457,1.0933500528336,
2019-10-01T22:00:00-07:00,1.0933500528336,1.0937000513077,1.090399980545,1.090499997139,
2019-10-02T02:00:00-07:00,1.0906000137329,1.0935000181198,1.090399980545,1.0930500030518,
2019-10-02T06:00:00-07:00,1.0931500196457,1.0959500074387,1.0929000377655,1.0958000421524,
2019-10-02T10:00:00-07:00,1.0959000587463,1.0963499546051,1.0954999923706,1.0959500074387,
2019-10-02T14:00:00-07:00,1.0959000587463,1.0965000391007,1.0958499908447,1.0960500240326,
2019-10-02T18:00:00-07:00,1.0960500240326,1.0961999893189,1.0955499410629,1.0958499908447,
2019-10-02T22:00:00-07:00,1.0958499908447,1.0973500013351,1.0940500497818,1.0964000225067,
2019-10-03T02:00:00-07:00,1.0963000059128,1.097000002861,1.0944999456406,1.0960999727249,
2019-10-03T06:00:00-07:00,1.0962500572205,1.0999000072479,1.0952500104904,1.0982999801636,
2019-10-03T10:00:00-07:00,1.0982500314712,1.0987000465393,1.0963000059128,1.0964000225067,
2019-10-03T14:00:00-07:00,1.0966000556946,1.0979499816895,1.0965000391007,1.0979499816895,
2019-10-03T18:00:00-07:00,1.0979499816895,1.0983999967575,1.0970499515533,1.097100019455,
2019-10-03T22:00:00-07:00,1.097100019455,1.0978499650955,1.096449971199,1.0973999500275,
2019-10-04T02:00:00-07:00,1.0973500013351,1.0992000102997,1.0957499742508,1.0965000391007,
2019-10-04T06:00:00-07:00,1.0960500240326,1.0987000465393,1.0960500240326,1.0983999967575,
2019-10-04T10:00:00-07:00,1.0983999967575,1.0986000299454,1.0973000526428,1.0978000164032,
2019-10-06T14:00:00-07:00,1.09784,1.0988,1.09743,1.0988,
2019-10-06T18:00:00-07:00,1.0988,1.099,1.09781,1.09802,
2019-10-06T22:00:00-07:00,1.09802,1.09841,1.0962,1.09642,
2019-10-07T02:00:00-07:00,1.09642,1.09981,1.09635,1.09979,
2019-10-07T06:00:00-07:00,1.09979,1.10006,1.09784,1.09828,
2019-10-07T10:00:00-07:00,1.09828,1.09848,1.09693,1.09705,
2019-10-07T14:00:00-07:00,1.09705,1.09744,1.09649,1.0969,
2019-10-07T18:00:00-07:00,1.0969,1.09785,1.09663,1.09764,
2019-10-07T22:00:00-07:00,1.09764,1.09918,1.09738,1.09907,
2019-10-08T02:00:00-07:00,1.09907,1.09958,1.09827,1.09846,
2019-10-08T06:00:00-07:00,1.09846,1.09867,1.0945,1.09529,
2019-10-08T10:00:00-07:00,1.09529,1.09625,1.0941,1.09565,
2019-10-08T14:00:00-07:00,1.09565,1.09613,1.0952,1.0958,
2019-10-08T18:00:00-07:00,1.0958,1.09657,1.09577,1.09623,
2019-10-08T22:00:00-07:00,1.09623,1.099,1.09558,1.09842,
2019-10-09T02:00:00-07:00,1.09842,1.099,1.09717,1.09751,
2019-10-09T06:00:00-07:00,1.09751,1.09839,1.09702,1.09732,
2019-10-09T10:00:00-07:00,1.09732,1.0982,1.0968,1.09712,
2019-10-09T14:00:00-07:00,1.09712,1.09897,1.0971,1.09819,
2019-10-09T18:00:00-07:00,1.09819,1.09934,1.09799,1.09863,
2019-10-09T22:00:00-07:00,1.09863,1.10198,1.09832,1.10177,
2019-10-10T02:00:00-07:00,1.10177,1.10338,1.10136,1.10234,
2019-10-10T06:00:00-07:00,1.10234,1.1028,1.10022,1.10164,
2019-10-10T10:00:00-07:00,1.10164,1.10223,1.1003,1.10054,
2019-10-10T14:00:00-07:00,1.10054,1.1014,1.10045,1.10061,
2019-10-10T18:00:00-07:00,1.10061,1.10195,1.1006,1.10163,
2019-10-10T22:00:00-07:00,1.10163,1.10227,1.1001,1.10097,
2019-10-11T02:00:00-07:00,1.10097,1.10626,1.10076,1.10457,
2019-10-11T06:00:00-07:00,1.10457,1.10629,1.10257,1.10506,
2019-10-11T10:00:00-07:00,1.10506,1.10518,1.10327,1.10382,
2019-10-13T14:00:00-07:00,1.10382,1.10385,1.10241,1.10278,
2019-10-13T18:00:00-07:00,1.10278,1.10356,1.10248,1.10311,
2019-10-13T22:00:00-07:00,1.10311,1.10337,1.10131,1.103,
2019-10-14T02:00:00-07:00,1.103,1.10428,1.10243,1.10246,
2019-10-14T06:00:00-07:00,1.10246,1.10307,1.10177,1.10297,
2019-10-14T10:00:00-07:00,1.10297,1.10327,1.10228,1.10283,
2019-10-14T14:00:00-07:00,1.10283,1.10306,1.10216,1.10255,
2019-10-14T18:00:00-07:00,1.10255,1.10334,1.1025,1.10285,
2019-10-14T22:00:00-07:00,1.10285,1.10462,1.10128,1.10268,
2019-10-15T02:00:00-07:00,1.10268,1.1027,1.09951,1.10053,
2019-10-15T06:00:00-07:00,1.10053,1.10446,1.09914,1.10228,
2019-10-15T10:00:00-07:00,1.10228,1.10382,1.1017,1.10329,
2019-10-15T14:00:00-07:00,1.10329,1.1036,1.1025,1.10319,
2019-10-15T18:00:00-07:00,1.10319,1.10324,1.10239,1.10302,
2019-10-15T22:00:00-07:00,1.10302,1.10599,1.10294,1.10365,
2019-10-16T02:00:00-07:00,1.10365,1.1049,1.10226,1.10398,
2019-10-16T06:00:00-07:00,1.10398,1.10854,1.10389,1.10811,
2019-10-16T10:00:00-07:00,1.10811,1.10814,1.10649,1.10717,
2019-10-16T14:00:00-07:00,1.10717,1.10848,1.10715,1.10828,
2019-10-16T18:00:00-07:00,1.10828,1.10844,1.10747,1.10758,
2019-10-16T22:00:00-07:00,1.10758,1.10927,1.10651,1.109,
2019-10-17T02:00:00-07:00,1.109,1.11398,1.109,1.11171,
2019-10-17T06:00:00-07:00,1.11171,1.11324,1.11104,1.11262,
2019-10-17T10:00:00-07:00,1.11262,1.11288,1.11205,1.11247,
2019-10-17T14:00:00-07:00,1.11247,1.11289,1.1123,1.11283,
2019-10-17T18:00:00-07:00,1.11283,1.1131,1.11211,1.11218,
2019-10-17T22:00:00-07:00,1.11218,1.11315,1.11147,1.11277,
2019-10-18T02:00:00-07:00,1.11277,1.115,1.11246,1.11476,
2019-10-18T06:00:00-07:00,1.11476,1.11596,1.11352,1.11584,
2019-10-18T10:00:00-07:00,1.11584,1.11729,1.11563,1.11729,
2019-10-20T14:00:00-07:00,1.11729,1.11729,1.11504,1.1162,
2019-10-20T18:00:00-07:00,1.1162,1.11624,1.11544,1.11575,
2019-10-20T22:00:00-07:00,1.11575,1.11794,1.11497,1.11667,
2019-10-21T02:00:00-07:00,1.11667,1.11739,1.11601,1.1161,
2019-10-21T06:00:00-07:00,1.1161,1.11628,1.11388,1.11515,
2019-10-21T10:00:00-07:00,1.11515,1.11537,1.1145,1.11498,
2019-10-21T14:00:00-07:00,1.11498,1.11544,1.11453,1.11542,
2019-10-21T18:00:00-07:00,1.11542,1.1157,1.11475,1.11528,
2019-10-21T22:00:00-07:00,1.11528,1.11568,1.11335,1.11411,
2019-10-22T02:00:00-07:00,1.11411,1.11482,1.11229,1.11268,
2019-10-22T06:00:00-07:00,1.11268,1.11459,1.11253,1.11407,
2019-10-22T10:00:00-07:00,1.11407,1.11541,1.11178,1.11251,
2019-10-22T14:00:00-07:00,1.11251,1.11315,1.11234,1.11262,
2019-10-22T18:00:00-07:00,1.11262,1.1127,1.11159,1.11209,
2019-10-22T22:00:00-07:00,1.11209,1.11288,1.11181,1.11184,
2019-10-23T02:00:00-07:00,1.11184,1.11251,1.11063,1.11226,
2019-10-23T06:00:00-07:00,1.11226,1.11246,1.11118,1.1121,
2019-10-23T10:00:00-07:00,1.1121,1.11403,1.11188,1.11307,
2019-10-23T14:00:00-07:00,1.11307,1.11335,1.11291,1.11317,
2019-10-23T18:00:00-07:00,1.11317,1.11418,1.11315,1.11347,
2019-10-23T22:00:00-07:00,1.11347,1.11629,1.11242,1.11323,
2019-10-24T02:00:00-07:00,1.11323,1.11538,1.11202,1.11494,
2019-10-24T06:00:00-07:00,1.11494,1.11517,1.10931,1.11068,
2019-10-24T10:00:00-07:00,1.11068,1.11112,1.10995,1.11042,
2019-10-24T14:00:00-07:00,1.11042,1.11082,1.11012,1.11017,
2019-10-24T18:00:00-07:00,1.11017,1.11054,1.11008,1.11022,
2019-10-24T22:00:00-07:00,1.11022,1.11227,1.11013,1.1121,
2019-10-25T02:00:00-07:00,1.1121,1.11231,1.10959,1.10999,
2019-10-25T06:00:00-07:00,1.10999,1.11054,1.10735,1.10737,
2019-10-25T10:00:00-07:00,1.10737,1.10828,1.10731,1.10801,
2019-10-27T14:00:00-07:00,1.10801,1.10845,1.10772,1.10822,
2019-10-27T18:00:00-07:00,1.10822,1.10841,1.10762,1.10829,
2019-10-27T22:00:00-07:00,1.10829,1.10971,1.10818,1.10916,
2019-10-28T02:00:00-07:00,1.10916,1.11067,1.1087,1.10873,
2019-10-28T06:00:00-07:00,1.10873,1.10988,1.10845,1.10987,
2019-10-28T10:00:00-07:00,1.10987,1.11034,1.10968,1.10996,
2019-10-28T14:00:00-07:00,1.10996,1.11024,1.10967,1.10978,
2019-10-28T18:00:00-07:00,1.10978,1.11025,1.10914,1.10931,
2019-10-28T22:00:00-07:00,1.10931,1.10953,1.10773,1.10795,
2019-10-29T02:00:00-07:00,1.10795,1.10962,1.10735,1.10951,
2019-10-29T06:00:00-07:00,1.10951,1.11185,1.10926,1.11095,
2019-10-29T10:00:00-07:00,1.11095,1.11137,1.1105,1.11119,
2019-10-29T14:00:00-07:00,1.11119,1.11157,1.11067,1.1109,
2019-10-29T18:00:00-07:00,1.1109,1.11124,1.11066,1.11092,
2019-10-29T22:00:00-07:00,1.11092,1.11235,1.1108,1.11192,
2019-10-30T02:00:00-07:00,1.11192,1.1127,1.11022,1.11142,
2019-10-30T06:00:00-07:00,1.11142,1.11256,1.11034,1.11208,
2019-10-30T10:00:00-07:00,1.11208,1.11516,1.108,1.11508,
2019-10-30T14:00:00-07:00,1.11508,1.11626,1.11487,1.11624,
2019-10-30T18:00:00-07:00,1.11624,1.11705,1.11598,1.11652,
2019-10-30T22:00:00-07:00,1.11652,1.11757,1.11575,1.11751,
2019-10-31T02:00:00-07:00,1.11751,1.11751,1.11443,1.11531,
2019-10-31T06:00:00-07:00,1.11531,1.11589,1.11315,1.11506,
2019-10-31T10:00:00-07:00,1.11506,1.11544,1.11406,1.11518,
2019-10-31T14:00:00-07:00,1.11518,1.11568,1.11488,1.1155,
2019-10-31T18:00:00-07:00,1.1155,1.11667,1.11548,1.11643,
2019-10-31T22:00:00-07:00,1.11643,1.11688,1.11554,1.11606,
2019-11-01T02:00:00-07:00,1.11606,1.11608,1.11283,1.11313,
2019-11-01T06:00:00-07:00,1.11313,1.11719,1.11313,1.11684,
2019-11-01T10:00:00-07:00,1.11684,1.117,1.11588,1.11656,
2019-11-03T14:00:00-08:00,1.11656,1.11705,1.11597,1.11673,
2019-11-03T18:00:00-08:00,1.11673,1.11739,1.11652,1.11679,
2019-11-03T22:00:00-08:00,1.11679,1.11754,1.11494,1.1165,
2019-11-04T02:00:00-08:00,1.1165,1.11703,1.11524,1.11562,
2019-11-04T06:00:00-08:00,1.11562,1.11571,1.11401,1.11413,
2019-11-04T10:00:00-08:00,1.11413,1.11429,1.11249,1.1128,
2019-11-04T14:00:00-08:00,1.1128,1.11314,1.11219,1.11257,
2019-11-04T18:00:00-08:00,1.11257,1.11285,1.11127,1.1128,
2019-11-04T22:00:00-08:00,1.1128,1.11401,1.11245,1.11293,
2019-11-05T02:00:00-08:00,1.11293,1.11314,1.10954,1.10994,
2019-11-05T06:00:00-08:00,1.10994,1.10997,1.1064,1.1068,
2019-11-05T10:00:00-08:00,1.1068,1.10754,1.10636,1.10745,
2019-11-05T14:00:00-08:00,1.10745,1.10759,1.10667,1.10753,
2019-11-05T18:00:00-08:00,1.10753,1.10801,1.10698,1.10759,
2019-11-05T22:00:00-08:00,1.10759,1.10928,1.10723,1.10914,
2019-11-06T02:00:00-08:00,1.10914,1.10923,1.10772,1.1088,
2019-11-06T06:00:00-08:00,1.1088,1.10886,1.1065,1.10661,
2019-11-06T10:00:00-08:00,1.10661,1.10735,1.10652,1.1066,
2019-11-06T14:00:00-08:00,1.1066,1.10731,1.10635,1.10646,
2019-11-06T18:00:00-08:00,1.10646,1.10656,1.1055,1.10608,
2019-11-06T22:00:00-08:00,1.10608,1.10839,1.10581,1.10778,
2019-11-07T02:00:00-08:00,1.10778,1.10917,1.10654,1.10673,
2019-11-07T06:00:00-08:00,1.10673,1.10696,1.10361,1.1041,
2019-11-07T10:00:00-08:00,1.1041,1.10539,1.10385,1.10502,
2019-11-07T14:00:00-08:00,1.10502,1.10535,1.10459,1.10517,
2019-11-07T18:00:00-08:00,1.10517,1.10544,1.10469,1.10524,
2019-11-07T22:00:00-08:00,1.10524,1.10555,1.1038,1.10385,
2019-11-08T02:00:00-08:00,1.10385,1.1048,1.1026,1.10305,
2019-11-08T06:00:00-08:00,1.10305,1.10331,1.10168,1.10202,
2019-11-08T10:00:00-08:00,1.10202,1.10246,1.10185,1.10202,
2019-11-10T14:00:00-08:00,1.10202,1.1024,1.10165,1.10184,
2019-11-10T18:00:00-08:00,1.10184,1.10257,1.10174,1.10255,
2019-11-10T22:00:00-08:00,1.10255,1.10334,1.1021,1.10296,
2019-11-11T02:00:00-08:00,1.10296,1.10431,1.10256,1.10385,
2019-11-11T06:00:00-08:00,1.10385,1.10414,1.1031,1.10389,
2019-11-11T10:00:00-08:00,1.10389,1.10393,1.10312,1.10331,
2019-11-11T14:00:00-08:00,1.10331,1.1038,1.10282,1.10283,
2019-11-11T18:00:00-08:00,1.10283,1.10361,1.10264,1.1035,
2019-11-11T22:00:00-08:00,1.1035,1.10386,1.10189,1.10332,
2019-11-12T02:00:00-08:00,1.10332,1.10367,1.10111,1.10204,
2019-11-12T06:00:00-08:00,1.10204,1.10229,1.10026,1.10108,
2019-11-12T10:00:00-08:00,1.10108,1.10149,1.10053,1.1009,
2019-11-12T14:00:00-08:00,1.1009,1.10143,1.10072,1.10107,
2019-11-12T18:00:00-08:00,1.10107,1.10161,1.10084,1.10151,
2019-11-12T22:00:00-08:00,1.10151,1.10187,1.09992,1.10153,
2019-11-13T02:00:00-08:00,1.10153,1.10203,1.09998,1.10077,
2019-11-13T06:00:00-08:00,1.10077,1.10158,1.09955,1.09991,
2019-11-13T10:00:00-08:00,1.09991,1.10093,1.09982,1.10071,
2019-11-13T14:00:00-08:00,1.10071,1.1011,1.10038,1.10042,
2019-11-13T18:00:00-08:00,1.10042,1.10058,1.09951,1.09985,
2019-11-13T22:00:00-08:00,1.09985,1.10158,1.09941,1.1001,
2019-11-14T02:00:00-08:00,1.1001,1.10043,1.09893,1.09985,
2019-11-14T06:00:00-08:00,1.09985,1.10208,1.09927,1.10179,
2019-11-14T10:00:00-08:00,1.10179,1.10276,1.10158,1.10221,
2019-11-14T14:00:00-08:00,1.10221,1.10271,1.10185,1.10251,
2019-11-14T18:00:00-08:00,1.10251,1.10298,1.10215,1.10219,
2019-11-14T22:00:00-08:00,1.10219,1.10254,1.10147,1.10192,
2019-11-15T02:00:00-08:00,1.10192,1.10435,1.10187,1.10422,
2019-11-15T06:00:00-08:00,1.10422,1.10549,1.10377,1.10538,
2019-11-15T10:00:00-08:00,1.10538,1.10569,1.10508,1.10515,
2019-11-17T14:00:00-08:00,1.10515,1.10589,1.10496,1.10578,
2019-11-17T18:00:00-08:00,1.10578,1.10646,1.10577,1.10613,
2019-11-17T22:00:00-08:00,1.10613,1.10679,1.10547,1.10619,
2019-11-18T02:00:00-08:00,1.10619,1.10671,1.10541,1.10565,
2019-11-18T06:00:00-08:00,1.10565,1.10901,1.10555,1.10817,
2019-11-18T10:00:00-08:00,1.10817,1.10833,1.10713,1.10723,
2019-11-18T14:00:00-08:00,1.10723,1.10743,1.10626,1.10696,
2019-11-18T18:00:00-08:00,1.10696,1.10786,1.10691,1.10754,
2019-11-18T22:00:00-08:00,1.10754,1.10817,1.10646,1.10684,
2019-11-19T02:00:00-08:00,1.10684,1.10816,1.10656,1.10775,
2019-11-19T06:00:00-08:00,1.10775,1.10839,1.10721,1.10806,
2019-11-19T10:00:00-08:00,1.10806,1.10831,1.1076,1.10782,
2019-11-19T14:00:00-08:00,1.10782,1.10812,1.10705,1.10724,
2019-11-19T18:00:00-08:00,1.10724,1.10773,1.10701,1.10744,
2019-11-19T22:00:00-08:00,1.10744,1.10744,1.10561,1.10637,
2019-11-20T02:00:00-08:00,1.10637,1.1069,1.10531,1.10639,
2019-11-20T06:00:00-08:00,1.10639,1.10813,1.10582,1.10668,
2019-11-20T10:00:00-08:00,1.10668,1.10751,1.10629,1.10732,
2019-11-20T14:00:00-08:00,1.10732,1.10794,1.10722,1.10772,
2019-11-20T18:00:00-08:00,1.10772,1.10789,1.10741,1.1076,
2019-11-20T22:00:00-08:00,1.1076,1.10887,1.10706,1.10864,
2019-11-21T02:00:00-08:00,1.10864,1.10969,1.10754,1.10759,
2019-11-21T06:00:00-08:00,1.10759,1.10823,1.10605,1.10627,
2019-11-21T10:00:00-08:00,1.10627,1.10629,1.10524,1.10583,
2019-11-21T14:00:00-08:00,1.10583,1.10659,1.10572,1.10642,
2019-11-21T18:00:00-08:00,1.10642,1.10673,1.10618,1.10662,
2019-11-21T22:00:00-08:00,1.10662,1.10874,1.10473,1.10608,
2019-11-22T02:00:00-08:00,1.10608,1.10677,1.10513,1.10582,
2019-11-22T06:00:00-08:00,1.10582,1.10598,1.10222,1.10238,
2019-11-22T10:00:00-08:00,1.10238,1.10291,1.10145,1.10193,
2019-11-24T14:00:00-08:00,1.10193,1.1025,1.10164,1.10235,
2019-11-24T18:00:00-08:00,1.10235,1.10302,1.10186,1.10293,
2019-11-24T22:00:00-08:00,1.10293,1.1032,1.10104,1.10134,
2019-11-25T02:00:00-08:00,1.10134,1.10188,1.10056,1.10165,
2019-11-25T06:00:00-08:00,1.10165,1.1025,1.10037,1.10057,
2019-11-25T10:00:00-08:00,1.10057,1.10149,1.10046,1.10146,
2019-11-25T14:00:00-08:00,1.10146,1.10161,1.10075,1.10122,
2019-11-25T18:00:00-08:00,1.10122,1.10166,1.1009,1.10148,
2019-11-25T22:00:00-08:00,1.10148,1.102,1.10114,1.10142,
2019-11-26T02:00:00-08:00,1.10142,1.10249,1.10137,1.10174,
2019-11-26T06:00:00-08:00,1.10174,1.1022,1.10073,1.10202,
2019-11-26T10:00:00-08:00,1.10202,1.10258,1.10174,1.10204,
2019-11-26T14:00:00-08:00,1.10204,1.10249,1.10153,1.10163,
2019-11-26T18:00:00-08:00,1.10163,1.10181,1.10083,1.10096,
2019-11-26T22:00:00-08:00,1.10096,1.10142,1.1003,1.10093,
2019-11-27T02:00:00-08:00,1.10093,1.10135,1.09986,1.10022,
2019-11-27T06:00:00-08:00,1.10022,1.10059,1.09924,1.10003,
2019-11-27T10:00:00-08:00,1.10003,1.10073,1.0997,1.09996,
2019-11-27T14:00:00-08:00,1.09996,1.10111,1.09993,1.10073,
2019-11-27T18:00:00-08:00,1.10073,1.10082,1.10041,1.10071,
2019-11-27T22:00:00-08:00,1.10071,1.1018,1.10056,1.1014,
2019-11-28T02:00:00-08:00,1.1014,1.10154,1.10005,1.10084,
2019-11-28T06:00:00-08:00,1.10084,1.10102,1.10022,1.10081,
2019-11-28T10:00:00-08:00,1.10081,1.10113,1.10064,1.10084,
2019-11-28T14:00:00-08:00,1.10084,1.10126,1.10083,1.10119,
2019-11-28T18:00:00-08:00,1.10119,1.10128,1.10092,1.10104,
2019-11-28T22:00:00-08:00,1.10104,1.10135,1.10022,1.10049,
2019-11-29T02:00:00-08:00,1.10049,1.10072,1.09812,1.09926,
2019-11-29T06:00:00-08:00,1.09926,1.10283,1.099,1.10163,
2019-11-29T10:00:00-08:00,1.10163,1.10247,1.10158,1.10208,
2019-12-01T14:00:00-08:00,1.10208,1.10274,1.10154,1.10185,
2019-12-01T18:00:00-08:00,1.10185,1.10214,1.10168,1.10193,
2019-12-01T22:00:00-08:00,1.10193,1.10229,1.10111,1.10144,
2019-12-02T02:00:00-08:00,1.10144,1.10368,1.10031,1.10328,
2019-12-02T06:00:00-08:00,1.10328,1.10901,1.10327,1.1075,
2019-12-02T10:00:00-08:00,1.1075,1.1085,1.10702,1.10791,
2019-12-02T14:00:00-08:00,1.10791,1.10836,1.10715,1.10724,
2019-12-02T18:00:00-08:00,1.10724,1.10782,1.10714,1.10734,
2019-12-02T22:00:00-08:00,1.10734,1.1087,1.10722,1.10838,
2019-12-03T02:00:00-08:00,1.10838,1.10861,1.1066,1.10725,
2019-12-03T06:00:00-08:00,1.10725,1.10935,1.10699,1.10884,
2019-12-03T10:00:00-08:00,1.10884,1.10905,1.10792,1.1082,
2019-12-03T14:00:00-08:00,1.1082,1.10845,1.10767,1.10793,
2019-12-03T18:00:00-08:00,1.10793,1.10814,1.10738,1.10754,
2019-12-03T22:00:00-08:00,1.10754,1.1088,1.10669,1.10726,
2019-12-04T02:00:00-08:00,1.10726,1.11078,1.10675,1.11074,
2019-12-04T06:00:00-08:00,1.11074,1.11161,1.10684,1.10778,
2019-12-04T10:00:00-08:00,1.10778,1.10804,1.10673,1.10774,
2019-12-04T14:00:00-08:00,1.10774,1.10854,1.10774,1.10843,
2019-12-04T18:00:00-08:00,1.10843,1.1087,1.10813,1.10832,
2019-12-04T22:00:00-08:00,1.10832,1.10931,1.10794,1.10923,
2019-12-05T02:00:00-08:00,1.10923,1.11009,1.10846,1.10928,
2019-12-05T06:00:00-08:00,1.10928,1.11079,1.10903,1.11049,
2019-12-05T10:00:00-08:00,1.11049,1.11082,1.10961,1.11041,
2019-12-05T14:00:00-08:00,1.11041,1.11072,1.11031,1.11067,
2019-12-05T18:00:00-08:00,1.11067,1.11091,1.11061,1.11066,
2019-12-05T22:00:00-08:00,1.11066,1.11099,1.10952,1.10968,
2019-12-06T02:00:00-08:00,1.10968,1.11016,1.10691,1.10783,
2019-12-06T06:00:00-08:00,1.10783,1.10792,1.10398,1.10549,
2019-12-06T10:00:00-08:00,1.10549,1.10619,1.10506,1.10606,
2019-12-08T14:00:00-08:00,1.10606,1.10607,1.10544,1.10573,
2019-12-08T18:00:00-08:00,1.10573,1.10599,1.10534,1.1059,
2019-12-08T22:00:00-08:00,1.1059,1.10693,1.10585,1.10656,
2019-12-09T02:00:00-08:00,1.10656,1.10781,1.10609,1.10752,
2019-12-09T06:00:00-08:00,1.10752,1.1077,1.10551,1.10569,
2019-12-09T10:00:00-08:00,1.10569,1.10659,1.10554,1.1064,
2019-12-09T14:00:00-08:00,1.1064,1.10684,1.10628,1.10678,
2019-12-09T18:00:00-08:00,1.10678,1.10711,1.10657,1.10673,
2019-12-09T22:00:00-08:00,1.10673,1.10782,1.10651,1.10771,
2019-12-10T02:00:00-08:00,1.10771,1.10848,1.107,1.10786,
2019-12-10T06:00:00-08:00,1.10786,1.10968,1.1074,1.10867,
2019-12-10T10:00:00-08:00,1.10867,1.10978,1.10846,1.10922,
2019-12-10T14:00:00-08:00,1.10922,1.1096,1.10877,1.10956,
2019-12-10T18:00:00-08:00,1.10956,1.10956,1.10881,1.10894,
2019-12-10T22:00:00-08:00,1.10894,1.10902,1.10795,1.10837,
2019-12-11T02:00:00-08:00,1.10837,1.10907,1.10703,1.10855,
2019-12-11T06:00:00-08:00,1.10855,1.10976,1.10832,1.10923,
2019-12-11T10:00:00-08:00,1.10923,1.11449,1.10881,1.11298,
2019-12-11T14:00:00-08:00,1.11298,1.11403,1.11287,1.114,
2019-12-11T18:00:00-08:00,1.114,1.11442,1.11374,1.11401,
2019-12-11T22:00:00-08:00,1.11401,1.1142,1.11247,1.11277,
2019-12-12T02:00:00-08:00,1.11277,1.11543,1.11266,1.11387,
2019-12-12T06:00:00-08:00,1.11387,1.11484,1.11083,1.11104,
2019-12-12T10:00:00-08:00,1.11104,1.11353,1.11032,1.113,
2019-12-12T14:00:00-08:00,1.113,1.11997,1.11039,1.1177,
2019-12-12T18:00:00-08:00,1.1177,1.11813,1.11703,1.11747,
2019-12-12T22:00:00-08:00,1.11747,1.11819,1.1163,1.11802,
2019-12-13T02:00:00-08:00,1.11802,1.11862,1.11664,1.11698,
2019-12-13T06:00:00-08:00,1.11698,1.11729,1.11125,1.11158,
2019-12-13T10:00:00-08:00,1.11158,1.11229,1.11121,1.11229,
2019-12-15T14:00:00-08:00,1.11229,1.11311,1.11227,1.11282,
2019-12-15T18:00:00-08:00,1.11282,1.11367,1.11282,1.11351,
2019-12-15T22:00:00-08:00,1.11351,1.11508,1.11263,1.11348,
2019-12-16T02:00:00-08:00,1.11348,1.11547,1.11335,1.11536,
2019-12-16T06:00:00-08:00,1.11536,1.11581,1.1135,1.1143,
2019-12-16T10:00:00-08:00,1.1143,1.11482,1.11413,1.11438,
2019-12-16T14:00:00-08:00,1.11438,1.11585,1.11343,1.11391,
2019-12-16T18:00:00-08:00,1.11391,1.11495,1.11391,1.11475,
2019-12-16T22:00:00-08:00,1.11475,1.1152,1.11293,1.115,
2019-12-17T02:00:00-08:00,1.115,1.11746,1.11446,1.11463,
2019-12-17T06:00:00-08:00,1.11463,1.11579,1.1146,1.11517,
2019-12-17T10:00:00-08:00,1.11517,1.11538,1.11458,1.11497,
2019-12-17T14:00:00-08:00,1.11497,1.11543,1.1139,1.1141,
2019-12-17T18:00:00-08:00,1.1141,1.11422,1.11293,1.11352,
2019-12-17T22:00:00-08:00,1.11352,1.11427,1.11265,1.1133,
2019-12-18T02:00:00-08:00,1.1133,1.11367,1.11105,1.11174,
2019-12-18T06:00:00-08:00,1.11174,1.11344,1.11116,1.11182,
2019-12-18T10:00:00-08:00,1.11182,1.11207,1.11127,1.11136,
2019-12-18T14:00:00-08:00,1.11136,1.11249,1.11129,1.11238,
2019-12-18T18:00:00-08:00,1.11238,1.11325,1.11232,1.11268,
2019-12-18T22:00:00-08:00,1.11268,1.11395,1.11245,1.11365,
2019-12-19T02:00:00-08:00,1.11365,1.11443,1.11101,1.11151,
2019-12-19T06:00:00-08:00,1.11151,1.11307,1.11076,1.11252,
2019-12-19T10:00:00-08:00,1.11252,1.11295,1.11174,1.11206,
2019-12-19T14:00:00-08:00,1.11206,1.11253,1.11161,1.11185,
2019-12-19T18:00:00-08:00,1.11185,1.11202,1.11138,1.11196,
2019-12-19T22:00:00-08:00,1.11196,1.11237,1.11149,1.11208,
2019-12-20T02:00:00-08:00,1.11208,1.11222,1.1086,1.10914,
2019-12-20T06:00:00-08:00,1.10914,1.10916,1.10678,1.10686,
2019-12-20T10:00:00-08:00,1.10686,1.10788,1.10666,1.10763,
2019-12-22T14:00:00-08:00,1.10763,1.10834,1.1073,1.10785,
2019-12-22T18:00:00-08:00,1.10785,1.10833,1.10748,1.10822,
2019-12-22T22:00:00-08:00,1.10822,1.10887,1.10803,1.10837,
2019-12-23T02:00:00-08:00,1.10837,1.10883,1.107,1.10803,
2019-12-23T06:00:00-08:00,1.10803,1.1096,1.10767,1.1091,
2019-12-23T10:00:00-08:00,1.1091,1.1095,1.10872,1.10891,
2019-12-23T14:00:00-08:00,1.10891,1.10941,1.10871,1.1088,
2019-12-23T18:00:00-08:00,1.1088,1.10898,1.10853,1.10897,
2019-12-23T22:00:00-08:00,1.10897,1.10899,1.10751,1.10751,
2019-12-24T02:00:00-08:00,1.10751,1.10854,1.10692,1.10785,
2019-12-24T06:00:00-08:00,1.10785,1.10936,1.10776,1.1088,
2019-12-24T10:00:00-08:00,1.1088,1.109,1.10818,1.1088,
2019-12-24T14:00:00-08:00,1.1088,1.10881,1.10878,1.10878,
2019-12-25T14:00:00-08:00,1.10878,1.10955,1.10878,1.10911,
2019-12-25T18:00:00-08:00,1.10911,1.10943,1.10885,1.109,
2019-12-25T22:00:00-08:00,1.109,1.10965,1.10861,1.10917,
2019-12-26T02:00:00-08:00,1.10917,1.11002,1.10823,1.10982,
2019-12-26T06:00:00-08:00,1.10982,1.11051,1.10901,1.11027,
2019-12-26T10:00:00-08:00,1.11027,1.1109,1.10955,1.10984,
2019-12-26T14:00:00-08:00,1.10984,1.111,1.10958,1.11094,
2019-12-26T18:00:00-08:00,1.11094,1.11223,1.11083,1.11207,
2019-12-26T22:00:00-08:00,1.11207,1.1142,1.11177,1.11386,
2019-12-27T02:00:00-08:00,1.11386,1.11592,1.11366,1.11535,
2019-12-27T06:00:00-08:00,1.11535,1.11845,1.1152,1.11837,
2019-12-27T10:00:00-08:00,1.11837,1.11884,1.11714,1.11755,
2019-12-29T14:00:00-08:00,1.11755,1.11952,1.11728,1.11947,
2019-12-29T18:00:00-08:00,1.11947,1.1211,1.11916,1.12028,
2019-12-29T22:00:00-08:00,1.12028,1.12058,1.119,1.11995,
2019-12-30T02:00:00-08:00,1.11995,1.12024,1.11816,1.11948,
2019-12-30T06:00:00-08:00,1.11948,1.12208,1.11886,1.12107,
2019-12-30T10:00:00-08:00,1.12107,1.12123,1.11965,1.11986,
2019-12-30T14:00:00-08:00,1.11986,1.12139,1.11976,1.12127,
2019-12-30T18:00:00-08:00,1.12127,1.12147,1.11988,1.12071,
2019-12-30T22:00:00-08:00,1.12071,1.12174,1.1203,1.12138,
2019-12-31T02:00:00-08:00,1.12138,1.12392,1.12087,1.12381,
2019-12-31T06:00:00-08:00,1.12381,1.12394,1.12164,1.1229,
2019-12-31T10:00:00-08:00,1.1229,1.12291,1.12103,1.12128,
2020-01-01T14:00:00-08:00,1.12128,1.12246,1.12107,1.12211,
2020-01-01T18:00:00-08:00,1.12211,1.12246,1.1201,1.12045,
2020-01-01T22:00:00-08:00,1.12045,1.12141,1.12012,1.12032,
2020-01-02T02:00:00-08:00,1.12032,1.12039,1.11831,1.11964,
2020-01-02T06:00:00-08:00,1.11964,1.1203,1.11636,1.117,
2020-01-02T10:00:00-08:00,1.117,1.11735,1.11636,1.1172,
2020-01-02T14:00:00-08:00,1.1172,1.11787,1.11696,1.11737,
2020-01-02T18:00:00-08:00,1.11737,1.11775,1.11645,1.11666,
2020-01-02T22:00:00-08:00,1.11666,1.11715,1.11401,1.11402,
2020-01-03T02:00:00-08:00,1.11402,1.11489,1.1125,1.11382,
2020-01-03T06:00:00-08:00,1.11382,1.118,1.11354,1.11722,
2020-01-03T10:00:00-08:00,1.11722,1.11734,1.11525,1.11572,
2020-01-05T14:00:00-08:00,1.11572,1.11686,1.11572,1.1163,
2020-01-05T18:00:00-08:00,1.1163,1.11712,1.11607,1.11625,
2020-01-05T22:00:00-08:00,1.11625,1.11937,1.11572,1.11934,
2020-01-06T02:00:00-08:00,1.11934,1.12056,1.11901,1.11977,
2020-01-06T06:00:00-08:00,1.11977,1.12003,1.11812,1.11951,
2020-01-06T10:00:00-08:00,1.11951,1.11992,1.11881,1.11975,
2020-01-06T14:00:00-08:00,1.11975,1.11978,1.11893,1.11936,
2020-01-06T18:00:00-08:00,1.11936,1.11946,1.11829,1.11831,
2020-01-06T22:00:00-08:00,1.11831,1.11896,1.11725,1.11846,
2020-01-07T02:00:00-08:00,1.11846,1.11863,1.11548,1.11562,
2020-01-07T06:00:00-08:00,1.11562,1.11624,1.11336,1.11425,
2020-01-07T10:00:00-08:00,1.11425,1.11544,1.11414,1.11529,
2020-01-07T14:00:00-08:00,1.11529,1.11684,1.11447,1.11558,
2020-01-07T18:00:00-08:00,1.11558,1.11614,1.11451,1.11493,
2020-01-07T22:00:00-08:00,1.11493,1.1155,1.11254,1.11385,
2020-01-08T02:00:00-08:00,1.11385,1.11387,1.11114,1.112,
2020-01-08T06:00:00-08:00,1.112,1.11309,1.11088,1.11181,
2020-01-08T10:00:00-08:00,1.11181,1.11181,1.11017,1.11056,
2020-01-08T14:00:00-08:00,1.11056,1.11195,1.11032,1.11175,
2020-01-08T18:00:00-08:00,1.11175,1.11191,1.11127,1.11184,
2020-01-08T22:00:00-08:00,1.11184,1.11205,1.10985,1.10995,
2020-01-09T02:00:00-08:00,1.10995,1.11174,1.10966,1.1115,
2020-01-09T06:00:00-08:00,1.1115,1.1115,1.10931,1.11048,
2020-01-09T10:00:00-08:00,1.11048,1.11099,1.11036,1.1106,
2020-01-09T14:00:00-08:00,1.1106,1.11095,1.11022,1.11043,
2020-01-09T18:00:00-08:00,1.11043,1.11111,1.11037,1.11091,
2020-01-09T22:00:00-08:00,1.11091,1.11113,1.10914,1.10963,
2020-01-10T02:00:00-08:00,1.10963,1.11137,1.10852,1.10968,
2020-01-10T06:00:00-08:00,1.10968,1.11293,1.10863,1.11225,
2020-01-10T10:00:00-08:00,1.11225,1.11233,1.11172,1.11172,
2020-01-12T14:00:00-08:00,1.11172,1.11216,1.1113,1.11215,
2020-01-12T18:00:00-08:00,1.11215,1.1132,1.11202,1.11299,
2020-01-12T22:00:00-08:00,1.11299,1.11361,1.11148,1.11152,
2020-01-13T02:00:00-08:00,1.11152,1.11285,1.11128,1.11188,
2020-01-13T06:00:00-08:00,1.11188,1.11469,1.11176,1.11398,
2020-01-13T10:00:00-08:00,1.11398,1.1145,1.11333,1.11339,
2020-01-13T14:00:00-08:00,1.11339,1.11423,1.11314,1.11373,
2020-01-13T18:00:00-08:00,1.11373,1.11388,1.11354,1.11372,
2020-01-13T22:00:00-08:00,1.11372,1.11446,1.11305,1.11314,
2020-01-14T02:00:00-08:00,1.11314,1.11354,1.11053,1.11103,
2020-01-14T06:00:00-08:00,1.11103,1.11329,1.11043,1.11312,
2020-01-14T10:00:00-08:00,1.11312,1.11348,1.11248,1.11282,
2020-01-14T14:00:00-08:00,1.11282,1.11312,1.11262,1.11298,
2020-01-14T18:00:00-08:00,1.11298,1.11347,1.11272,1.11341,
2020-01-14T22:00:00-08:00,1.11341,1.11368,1.11185,1.11284,
2020-01-15T02:00:00-08:00,1.11284,1.11551,1.11249,1.11492,
2020-01-15T06:00:00-08:00,1.11492,1.11634,1.11432,1.11577,
2020-01-15T10:00:00-08:00,1.11577,1.11598,1.11483,1.11498,
2020-01-15T14:00:00-08:00,1.11498,1.11582,1.11494,1.11536,
2020-01-15T18:00:00-08:00,1.11536,1.11551,1.11497,1.11499,
2020-01-15T22:00:00-08:00,1.11499,1.11639,1.11446,1.11536,
2020-01-16T02:00:00-08:00,1.11536,1.11728,1.11502,1.11514,
2020-01-16T06:00:00-08:00,1.11514,1.11601,1.1128,1.11347,
2020-01-16T10:00:00-08:00,1.11347,1.11383,1.11318,1.11369,
2020-01-16T14:00:00-08:00,1.11369,1.11395,1.11341,1.11371,
2020-01-16T18:00:00-08:00,1.11371,1.11427,1.1131,1.11366,
2020-01-16T22:00:00-08:00,1.11366,1.11412,1.11249,1.11278,
2020-01-17T02:00:00-08:00,1.11278,1.11283,1.10981,1.11004,
2020-01-17T06:00:00-08:00,1.11004,1.1106,1.10863,1.10912,
2020-01-17T10:00:00-08:00,1.10912,1.10947,1.10892,1.10901,
2020-01-19T14:00:00-08:00,1.10901,1.10988,1.10892,1.10964,
2020-01-19T18:00:00-08:00,1.10964,1.1099,1.10941,1.10981,
2020-01-19T22:00:00-08:00,1.10981,1.11025,1.10822,1.10897,
2020-01-20T02:00:00-08:00,1.10897,1.10905,1.10806,1.10836,
2020-01-20T06:00:00-08:00,1.10836,1.10868,1.10768,1.10835,
2020-01-20T10:00:00-08:00,1.10835,1.1098,1.10824,1.10946,
2020-01-20T14:00:00-08:00,1.10946,1.10979,1.1089,1.10907,
2020-01-20T18:00:00-08:00,1.10907,1.10995,1.10907,1.10954,
2020-01-20T22:00:00-08:00,1.10954,1.10975,1.10856,1.10909,
2020-01-21T02:00:00-08:00,1.10909,1.11181,1.10904,1.11137,
2020-01-21T06:00:00-08:00,1.11137,1.11139,1.10888,1.10919,
2020-01-21T10:00:00-08:00,1.10919,1.10954,1.1081,1.10821,
2020-01-21T14:00:00-08:00,1.10821,1.1087,1.10778,1.10819,
2020-01-21T18:00:00-08:00,1.10819,1.10857,1.10774,1.10846,
2020-01-21T22:00:00-08:00,1.10846,1.10927,1.10751,1.1091,
2020-01-22T02:00:00-08:00,1.1091,1.10947,1.10773,1.10898,
2020-01-22T06:00:00-08:00,1.10898,1.10984,1.10703,1.10859,
2020-01-22T10:00:00-08:00,1.10859,1.10954,1.1084,1.1093,
2020-01-22T14:00:00-08:00,1.1093,1.10997,1.10797,1.10894,
2020-01-22T18:00:00-08:00,1.10894,1.10915,1.10811,1.10831,
2020-01-22T22:00:00-08:00,1.10831,1.10922,1.10791,1.10844,
2020-01-23T02:00:00-08:00,1.10844,1.11087,1.10803,1.10867,
2020-01-23T06:00:00-08:00,1.10867,1.10906,1.10364,1.1051,
2020-01-23T10:00:00-08:00,1.1051,1.1059,1.10485,1.10541,
2020-01-23T14:00:00-08:00,1.10541,1.10585,1.10507,1.1054,
2020-01-23T18:00:00-08:00,1.1054,1.1054,1.10466,1.1049,
2020-01-23T22:00:00-08:00,1.1049,1.10616,1.10337,1.10359,
2020-01-24T02:00:00-08:00,1.10359,1.10398,1.10263,1.10388,
2020-01-24T06:00:00-08:00,1.10388,1.10399,1.10201,1.10272,
2020-01-24T10:00:00-08:00,1.10272,1.10331,1.10229,1.10257,
2020-01-26T14:00:00-08:00,1.10257,1.10349,1.10247,1.10338,
2020-01-26T18:00:00-08:00,1.10338,1.10358,1.10269,1.10308,
2020-01-26T22:00:00-08:00,1.10308,1.10377,1.10151,1.1021,
2020-01-27T02:00:00-08:00,1.1021,1.10317,1.10185,1.10273,
2020-01-27T06:00:00-08:00,1.10273,1.10323,1.10098,1.10153,
2020-01-27T10:00:00-08:00,1.10153,1.10204,1.10129,1.10189,
2020-01-27T14:00:00-08:00,1.10189,1.10253,1.1017,1.102,
2020-01-27T18:00:00-08:00,1.102,1.10232,1.10178,1.10219,
2020-01-27T22:00:00-08:00,1.10219,1.10235,1.10127,1.10168,
2020-01-28T02:00:00-08:00,1.10168,1.10227,1.10022,1.10056,
2020-01-28T06:00:00-08:00,1.10056,1.10108,1.09979,1.10092,
2020-01-28T10:00:00-08:00,1.10092,1.1023,1.1009,1.10224,
2020-01-28T14:00:00-08:00,1.10224,1.10278,1.10161,1.10168,
2020-01-28T18:00:00-08:00,1.10168,1.10173,1.10114,1.1015,
2020-01-28T22:00:00-08:00,1.1015,1.10166,1.09946,1.10023,
2020-01-29T02:00:00-08:00,1.10023,1.10042,1.09925,1.09925,
2020-01-29T06:00:00-08:00,1.09925,1.10098,1.09925,1.1005,
2020-01-29T10:00:00-08:00,1.1005,1.10208,1.09986,1.10107,
2020-01-29T14:00:00-08:00,1.10107,1.10181,1.10055,1.10112,
2020-01-29T18:00:00-08:00,1.10112,1.10173,1.10112,1.10134,
2020-01-29T22:00:00-08:00,1.10134,1.10214,1.1007,1.10192,
2020-01-30T02:00:00-08:00,1.10192,1.10318,1.10115,1.10256,
2020-01-30T06:00:00-08:00,1.10256,1.10382,1.10153,1.10379,
2020-01-30T10:00:00-08:00,1.10379,1.10395,1.10287,1.10315,
2020-01-30T14:00:00-08:00,1.10315,1.10359,1.10267,1.10292,
2020-01-30T18:00:00-08:00,1.10292,1.10333,1.10214,1.10218,
2020-01-30T22:00:00-08:00,1.10218,1.10341,1.1017,1.10286,
2020-01-31T02:00:00-08:00,1.10286,1.10558,1.10228,1.10552,
2020-01-31T06:00:00-08:00,1.10552,1.10906,1.10488,1.10829,
2020-01-31T10:00:00-08:00,1.10829,1.10958,1.1078,1.10943,
2020-02-02T14:00:00-08:00,1.10943,1.10951,1.10801,1.10832,
2020-02-02T18:00:00-08:00,1.10832,1.1085,1.10802,1.10845,
2020-02-02T22:00:00-08:00,1.10845,1.10863,1.10592,1.10727,
2020-02-03T02:00:00-08:00,1.10727,1.10742,1.10584,1.1063,
2020-02-03T06:00:00-08:00,1.1063,1.10666,1.1036,1.10588,
2020-02-03T10:00:00-08:00,1.10588,1.10654,1.10572,1.10596,
2020-02-03T14:00:00-08:00,1.10596,1.10642,1.10587,1.10603,
2020-02-03T18:00:00-08:00,1.10603,1.10636,1.10556,1.10586,
2020-02-03T22:00:00-08:00,1.10586,1.10638,1.1049,1.1056,
2020-02-04T02:00:00-08:00,1.1056,1.10581,1.10432,1.10445,
2020-02-04T06:00:00-08:00,1.10445,1.10486,1.10328,1.10371,
2020-02-04T10:00:00-08:00,1.10371,1.10459,1.10366,1.10441,
2020-02-04T14:00:00-08:00,1.10441,1.1046,1.10398,1.10404,
2020-02-04T18:00:00-08:00,1.10404,1.1041,1.10338,1.1038,
2020-02-04T22:00:00-08:00,1.1038,1.1048,1.10216,1.1026,
2020-02-05T02:00:00-08:00,1.1026,1.10299,1.10079,1.10124,
2020-02-05T06:00:00-08:00,1.10124,1.10144,1.09965,1.10013,
2020-02-05T10:00:00-08:00,1.10013,1.10032,1.09936,1.09991,
2020-02-05T14:00:00-08:00,1.09991,1.10007,1.09945,1.09983,
2020-02-05T18:00:00-08:00,1.09983,1.09999,1.09941,1.09999,
2020-02-05T22:00:00-08:00,1.09999,1.10141,1.09943,1.09991,
2020-02-06T02:00:00-08:00,1.09991,1.10058,1.09956,1.10016,
2020-02-06T06:00:00-08:00,1.10016,1.10017,1.09646,1.09751,
2020-02-06T10:00:00-08:00,1.09751,1.09825,1.09709,1.09821,
2020-02-06T14:00:00-08:00,1.09821,1.09843,1.09778,1.09831,
2020-02-06T18:00:00-08:00,1.09831,1.09851,1.09793,1.0981,
2020-02-06T22:00:00-08:00,1.0981,1.09826,1.09536,1.09545,
2020-02-07T02:00:00-08:00,1.09545,1.0971,1.09479,1.09583,
2020-02-07T06:00:00-08:00,1.09583,1.09765,1.09421,1.09429,
2020-02-07T10:00:00-08:00,1.09429,1.09494,1.09425,1.09449,
2020-02-09T14:00:00-08:00,1.09449,1.09534,1.09426,1.09507,
2020-02-09T18:00:00-08:00,1.09507,1.09576,1.09503,1.09556,
2020-02-09T22:00:00-08:00,1.09556,1.09575,1.09449,1.095,
2020-02-10T02:00:00-08:00,1.095,1.09552,1.09301,1.09327,
2020-02-10T06:00:00-08:00,1.09327,1.09383,1.09092,1.09104,
2020-02-10T10:00:00-08:00,1.09104,1.09167,1.09077,1.09109,
2020-02-10T14:00:00-08:00,1.09109,1.09154,1.09081,1.09141,
2020-02-10T18:00:00-08:00,1.09141,1.09173,1.09079,1.09124,
2020-02-10T22:00:00-08:00,1.09124,1.09158,1.09057,1.09138,
2020-02-11T02:00:00-08:00,1.09138,1.09206,1.08915,1.09036,
2020-02-11T06:00:00-08:00,1.09036,1.09249,1.09016,1.09219,
2020-02-11T10:00:00-08:00,1.09219,1.09234,1.09155,1.09155,
2020-02-11T14:00:00-08:00,1.09155,1.09216,1.09119,1.09184,
2020-02-11T18:00:00-08:00,1.09184,1.09199,1.09098,1.09109,
2020-02-11T22:00:00-08:00,1.09109,1.09256,1.09024,1.09204,
2020-02-12T02:00:00-08:00,1.09204,1.09218,1.09049,1.09051,
2020-02-12T06:00:00-08:00,1.09051,1.09105,1.08767,1.08789,
2020-02-12T10:00:00-08:00,1.08789,1.08811,1.08654,1.08738,
2020-02-12T14:00:00-08:00,1.08738,1.08765,1.08698,1.0873,
2020-02-12T18:00:00-08:00,1.0873,1.08738,1.08654,1.08717,
2020-02-12T22:00:00-08:00,1.08717,1.08889,1.08696,1.0883,
2020-02-13T02:00:00-08:00,1.0883,1.08879,1.08531,1.08549,
2020-02-13T06:00:00-08:00,1.08549,1.08618,1.08341,1.08426,
2020-02-13T10:00:00-08:00,1.08426,1.08455,1.08381,1.08415,
2020-02-13T14:00:00-08:00,1.08415,1.08433,1.08273,1.08363,
2020-02-13T18:00:00-08:00,1.08363,1.08374,1.0831,1.08372,
2020-02-13T22:00:00-08:00,1.08372,1.08503,1.08324,1.0845,
2020-02-14T02:00:00-08:00,1.0845,1.08596,1.08325,1.08551,
2020-02-14T06:00:00-08:00,1.08551,1.08613,1.0833,1.08436,
2020-02-14T10:00:00-08:00,1.08436,1.08465,1.08294,1.08321,
2020-02-16T14:00:00-08:00,1.08321,1.08429,1.08321,1.08368,
2020-02-16T18:00:00-08:00,1.08368,1.08415,1.08362,1.08399,
2020-02-16T22:00:00-08:00,1.08399,1.08511,1.08341,1.08441,
2020-02-17T02:00:00-08:00,1.08441,1.08483,1.08322,1.08361,
2020-02-17T06:00:00-08:00,1.08361,1.08414,1.08292,1.08322,
2020-02-17T10:00:00-08:00,1.08322,1.08395,1.08304,1.08354,
2020-02-17T14:00:00-08:00,1.08354,1.08379,1.0823,1.08278,
2020-02-17T18:00:00-08:00,1.08278,1.08341,1.08235,1.08312,
2020-02-17T22:00:00-08:00,1.08312,1.08374,1.08246,1.08277,
2020-02-18T02:00:00-08:00,1.08277,1.0837,1.07935,1.08022,
2020-02-18T06:00:00-08:00,1.08022,1.0826,1.07855,1.08044,
2020-02-18T10:00:00-08:00,1.08044,1.08044,1.07899,1.07922,
2020-02-18T14:00:00-08:00,1.07922,1.08038,1.07908,1.0802,
2020-02-18T18:00:00-08:00,1.0802,1.0803,1.07944,1.07956,
2020-02-18T22:00:00-08:00,1.07956,1.0808,1.07915,1.08034,
2020-02-19T02:00:00-08:00,1.08034,1.08062,1.07848,1.07936,
2020-02-19T06:00:00-08:00,1.07936,1.07989,1.07823,1.07919,
2020-02-19T10:00:00-08:00,1.07919,1.08118,1.079,1.08059,
2020-02-19T14:00:00-08:00,1.08059,1.08154,1.07979,1.08003,
2020-02-19T18:00:00-08:00,1.08003,1.08023,1.07918,1.07968,
2020-02-19T22:00:00-08:00,1.07968,1.08063,1.0778,1.07999,
2020-02-20T02:00:00-08:00,1.07999,1.08051,1.07858,1.08047,
2020-02-20T06:00:00-08:00,1.08047,1.08211,1.07829,1.0793,
2020-02-20T10:00:00-08:00,1.0793,1.07972,1.0783,1.07842,
2020-02-20T14:00:00-08:00,1.07842,1.07937,1.07841,1.07929,
2020-02-20T18:00:00-08:00,1.07929,1.07949,1.07877,1.07932,
2020-02-20T22:00:00-08:00,1.07932,1.08199,1.07896,1.081,
2020-02-21T02:00:00-08:00,1.081,1.08125,1.07956,1.08094,
2020-02-21T06:00:00-08:00,1.08094,1.08636,1.08013,1.08576,
2020-02-21T10:00:00-08:00,1.08576,1.08616,1.08469,1.0848,
2020-02-23T14:00:00-08:00,1.0848,1.0848,1.08145,1.08282,
2020-02-23T18:00:00-08:00,1.08282,1.08299,1.0815,1.08152,
2020-02-23T22:00:00-08:00,1.08152,1.08421,1.08053,1.08157,
2020-02-24T02:00:00-08:00,1.08157,1.08282,1.08131,1.08147,
2020-02-24T06:00:00-08:00,1.08147,1.0872,1.08142,1.08709,
2020-02-24T10:00:00-08:00,1.08709,1.0872,1.08416,1.08529,
2020-02-24T14:00:00-08:00,1.08529,1.08599,1.08451,1.08586,
2020-02-24T18:00:00-08:00,1.08586,1.08676,1.08509,1.08512,
2020-02-24T22:00:00-08:00,1.08512,1.08661,1.08478,1.08506,
2020-02-25T02:00:00-08:00,1.08506,1.08506,1.08302,1.08409,
2020-02-25T06:00:00-08:00,1.08409,1.08829,1.08321,1.08827,
2020-02-25T10:00:00-08:00,1.08827,1.08902,1.08721,1.08814,
2020-02-25T14:00:00-08:00,1.08814,1.08839,1.08674,1.0874,
2020-02-25T18:00:00-08:00,1.0874,1.08786,1.08627,1.08762,
2020-02-25T22:00:00-08:00,1.08762,1.08979,1.08655,1.08892,
2020-02-26T02:00:00-08:00,1.08892,1.09088,1.08565,1.08656,
2020-02-26T06:00:00-08:00,1.08656,1.08936,1.08551,1.08788,
2020-02-26T10:00:00-08:00,1.08788,1.09,1.08749,1.08813,
2020-02-26T14:00:00-08:00,1.08813,1.09132,1.08783,1.09014,
2020-02-26T18:00:00-08:00,1.09014,1.09149,1.09011,1.09077,
2020-02-26T22:00:00-08:00,1.09077,1.09479,1.09059,1.09356,
2020-02-27T02:00:00-08:00,1.09356,1.09778,1.09329,1.09767,
2020-02-27T06:00:00-08:00,1.09767,1.1006,1.09633,1.09797,
2020-02-27T10:00:00-08:00,1.09797,1.10037,1.09782,1.1,
2020-02-27T14:00:00-08:00,1.1,1.10053,1.09858,1.09879,
2020-02-27T18:00:00-08:00,1.09879,1.10044,1.09823,1.10003,
2020-02-27T22:00:00-08:00,1.10003,1.1053,1.09915,1.10447,
2020-02-28T02:00:00-08:00,1.10447,1.10449,1.09687,1.0987,
2020-02-28T06:00:00-08:00,1.0987,1.10089,1.09511,1.10014,
2020-02-28T10:00:00-08:00,1.10014,1.10464,1.09904,1.10274,
2020-03-01T14:00:00-08:00,1.10274,1.10742,1.10274,1.10567,
2020-03-01T18:00:00-08:00,1.10567,1.10636,1.1042,1.10434,
2020-03-01T22:00:00-08:00,1.10434,1.10934,1.10384,1.10798,
2020-03-02T02:00:00-08:00,1.10798,1.11645,1.10776,1.11219,
2020-03-02T06:00:00-08:00,1.11219,1.11847,1.11081,1.11798,
2020-03-02T10:00:00-08:00,1.11798,1.11836,1.1124,1.11332,
2020-03-02T14:00:00-08:00,1.11332,1.1148,1.11204,1.11323,
2020-03-02T18:00:00-08:00,1.11323,1.11556,1.11288,1.11451,
2020-03-02T22:00:00-08:00,1.11451,1.11512,1.11003,1.11268,
2020-03-03T02:00:00-08:00,1.11268,1.11389,1.10955,1.11192,
2020-03-03T06:00:00-08:00,1.11192,1.12128,1.11156,1.11589,
2020-03-03T10:00:00-08:00,1.11589,1.11952,1.11586,1.11727,
2020-03-03T14:00:00-08:00,1.11727,1.11853,1.11623,1.11665,
2020-03-03T18:00:00-08:00,1.11665,1.11711,1.11553,1.11569,
2020-03-03T22:00:00-08:00,1.11569,1.11874,1.11435,1.11569,
2020-03-04T02:00:00-08:00,1.11569,1.1167,1.11097,1.11254,
2020-03-04T06:00:00-08:00,1.11254,1.11453,1.10956,1.11239,
2020-03-04T10:00:00-08:00,1.11239,1.11424,1.11236,1.11362,
2020-03-04T14:00:00-08:00,1.11362,1.11427,1.11307,1.11369,
2020-03-04T18:00:00-08:00,1.11369,1.11438,1.1134,1.11346,
2020-03-04T22:00:00-08:00,1.11346,1.11741,1.11197,1.11734,
2020-03-05T02:00:00-08:00,1.11734,1.12,1.11568,1.11867,
2020-03-05T06:00:00-08:00,1.11867,1.12165,1.11673,1.12141,
2020-03-05T10:00:00-08:00,1.12141,1.1245,1.1192,1.124,
2020-03-05T14:00:00-08:00,1.124,1.12464,1.12114,1.12456,
2020-03-05T18:00:00-08:00,1.12456,1.12488,1.12262,1.12284,
2020-03-05T22:00:00-08:00,1.12284,1.12954,1.12191,1.1294,
2020-03-06T02:00:00-08:00,1.1294,1.13406,1.1293,1.13231,
2020-03-06T06:00:00-08:00,1.13231,1.13548,1.12874,1.13055,
2020-03-06T10:00:00-08:00,1.13055,1.13259,1.12868,1.12881,
2020-03-08T14:00:00-07:00,1.12881,1.13965,1.12881,1.13599,
2020-03-08T18:00:00-07:00,1.13599,1.14971,1.13562,1.14012,
2020-03-08T22:00:00-07:00,1.14012,1.14752,1.13813,1.14024,
2020-03-09T02:00:00-07:00,1.14024,1.1439,1.13656,1.14355,
2020-03-09T06:00:00-07:00,1.14355,1.14846,1.13759,1.14711,
2020-03-09T10:00:00-07:00,1.14711,1.14791,1.14273,1.14468,
2020-03-09T14:00:00-07:00,1.14468,1.14592,1.1377,1.13853,
2020-03-09T18:00:00-07:00,1.13853,1.14147,1.1372,1.13753,
2020-03-09T22:00:00-07:00,1.13753,1.14015,1.13322,1.13602,
2020-03-10T02:00:00-07:00,1.13602,1.139,1.13361,1.13802,
2020-03-10T06:00:00-07:00,1.13802,1.13943,1.12966,1.1306,
2020-03-10T10:00:00-07:00,1.1306,1.13312,1.12752,1.12808,
2020-03-10T14:00:00-07:00,1.12808,1.13256,1.12791,1.13189,
2020-03-10T18:00:00-07:00,1.13189,1.13386,1.13097,1.13375,
2020-03-10T22:00:00-07:00,1.13375,1.13669,1.13095,1.13137,
2020-03-11T02:00:00-07:00,1.13137,1.13518,1.13016,1.13392,
2020-03-11T06:00:00-07:00,1.13392,1.13518,1.12575,1.1269,
2020-03-11T10:00:00-07:00,1.1269,1.12885,1.12669,1.12698,
2020-03-11T14:00:00-07:00,1.12698,1.12764,1.12508,1.12718,
2020-03-11T18:00:00-07:00,1.12718,1.13333,1.12663,1.12959,
2020-03-11T22:00:00-07:00,1.12959,1.13198,1.12538,1.12676,
2020-03-12T02:00:00-07:00,1.12676,1.13014,1.11984,1.12159,
2020-03-12T06:00:00-07:00,1.12159,1.12536,1.10556,1.11463,
2020-03-12T10:00:00-07:00,1.11463,1.12266,1.11444,1.11859,
2020-03-12T14:00:00-07:00,1.11859,1.12047,1.11527,1.11667,
2020-03-12T18:00:00-07:00,1.11667,1.12214,1.11663,1.12193,
2020-03-12T22:00:00-07:00,1.12193,1.12207,1.11625,1.12079,
2020-03-13T02:00:00-07:00,1.12079,1.12081,1.11094,1.11103,
2020-03-13T06:00:00-07:00,1.11103,1.11333,1.10553,1.10811,
2020-03-13T10:00:00-07:00,1.10811,1.11177,1.10576,1.1099,
2020-03-15T14:00:00-07:00,1.1099,1.11996,1.10688,1.11183,
2020-03-15T18:00:00-07:00,1.11183,1.1134,1.10853,1.11336,
2020-03-15T22:00:00-07:00,1.11336,1.12291,1.11085,1.12263,
2020-03-16T02:00:00-07:00,1.12263,1.12366,1.11428,1.11661,
2020-03-16T06:00:00-07:00,1.11661,1.11684,1.10943,1.11613,
2020-03-16T10:00:00-07:00,1.11613,1.11866,1.11456,1.11839,
2020-03-16T14:00:00-07:00,1.11839,1.1184,1.11588,1.11713,
2020-03-16T18:00:00-07:00,1.11713,1.11892,1.11604,1.11794,
2020-03-16T22:00:00-07:00,1.11794,1.11813,1.11104,1.11109,
2020-03-17T02:00:00-07:00,1.11109,1.11189,1.09735,1.09885,
2020-03-17T06:00:00-07:00,1.09885,1.10148,1.09552,1.09663,
2020-03-17T10:00:00-07:00,1.09663,1.10202,1.09585,1.09978,
2020-03-17T14:00:00-07:00,1.09978,1.1023,1.09912,1.09923,
2020-03-17T18:00:00-07:00,1.09923,1.10333,1.09849,1.10307,
2020-03-17T22:00:00-07:00,1.10307,1.10453,1.09556,1.09724,
2020-03-18T02:00:00-07:00,1.09724,1.10176,1.09283,1.09304,
2020-03-18T06:00:00-07:00,1.09304,1.0947,1.08074,1.08095,
2020-03-18T10:00:00-07:00,1.08095,1.09195,1.08019,1.0914,
2020-03-18T14:00:00-07:00,1.0914,1.09819,1.08988,1.0901,
2020-03-18T18:00:00-07:00,1.0901,1.09205,1.08781,1.08966,
2020-03-18T22:00:00-07:00,1.08966,1.09476,1.08135,1.08377,
2020-03-19T02:00:00-07:00,1.08377,1.08691,1.0726,1.0799,
2020-03-19T06:00:00-07:00,1.0799,1.08346,1.06603,1.06631,
2020-03-19T10:00:00-07:00,1.06631,1.07058,1.06551,1.06919,
2020-03-19T14:00:00-07:00,1.06919,1.07028,1.0653,1.06643,
2020-03-19T18:00:00-07:00,1.06643,1.0765,1.06633,1.0765,
2020-03-19T22:00:00-07:00,1.0765,1.08308,1.0742,1.07875,
2020-03-20T02:00:00-07:00,1.07875,1.07908,1.06968,1.07094,
2020-03-20T06:00:00-07:00,1.07094,1.07496,1.06545,1.06611,
2020-03-20T10:00:00-07:00,1.06611,1.07043,1.06377,1.0697,
2020-03-22T14:00:00-07:00,1.0697,1.07109,1.06363,1.0679,
2020-03-22T18:00:00-07:00,1.0679,1.07375,1.06694,1.07357,
2020-03-22T22:00:00-07:00,1.07357,1.07688,1.06895,1.07081,
2020-03-23T02:00:00-07:00,1.07081,1.08024,1.06665,1.07791,
2020-03-23T06:00:00-07:00,1.07791,1.08275,1.0724,1.07501,
2020-03-23T10:00:00-07:00,1.07501,1.07799,1.07202,1.07259,
2020-03-23T14:00:00-07:00,1.07259,1.0811,1.07213,1.07959,
2020-03-23T18:00:00-07:00,1.07959,1.0823,1.07871,1.0789,
2020-03-23T22:00:00-07:00,1.0789,1.08662,1.07759,1.08254,
2020-03-24T02:00:00-07:00,1.08254,1.08881,1.08119,1.08223,
2020-03-24T06:00:00-07:00,1.08223,1.08536,1.0769,1.07905,
2020-03-24T10:00:00-07:00,1.07905,1.07986,1.07462,1.07885,
2020-03-24T14:00:00-07:00,1.07885,1.0815,1.07606,1.07874,
2020-03-24T18:00:00-07:00,1.07874,1.08237,1.07845,1.08121,
2020-03-24T22:00:00-07:00,1.08121,1.0843,1.07926,1.08338,
2020-03-25T02:00:00-07:00,1.08338,1.08495,1.07998,1.082,
2020-03-25T06:00:00-07:00,1.082,1.08573,1.0785,1.08502,
2020-03-25T10:00:00-07:00,1.08502,1.0894,1.08406,1.08827,
2020-03-25T14:00:00-07:00,1.08827,1.09338,1.08704,1.09217,
2020-03-25T18:00:00-07:00,1.09217,1.0922,1.08922,1.09065,
2020-03-25T22:00:00-07:00,1.09065,1.09444,1.0897,1.09375,
2020-03-26T02:00:00-07:00,1.09375,1.09783,1.09264,1.09722,
2020-03-26T06:00:00-07:00,1.09722,1.10446,1.09491,1.10437,
2020-03-26T10:00:00-07:00,1.10437,1.10589,1.10186,1.10307,
2020-03-26T14:00:00-07:00,1.10307,1.10585,1.10232,1.10377,
2020-03-26T18:00:00-07:00,1.10377,1.10869,1.10283,1.10586,
2020-03-26T22:00:00-07:00,1.10586,1.10743,1.1001,1.10118,
2020-03-27T02:00:00-07:00,1.10118,1.10313,1.09762,1.0986,
2020-03-27T06:00:00-07:00,1.0986,1.10915,1.09535,1.10784,
2020-03-27T10:00:00-07:00,1.10784,1.11475,1.10642,1.11423,
2020-03-29T14:00:00-07:00,1.11423,1.11442,1.109,1.1105,
2020-03-29T18:00:00-07:00,1.1105,1.11176,1.10689,1.10813,
2020-03-29T22:00:00-07:00,1.10813,1.11066,1.10608,1.10917,
2020-03-30T02:00:00-07:00,1.10917,1.10959,1.1013,1.10154,
2020-03-30T06:00:00-07:00,1.10154,1.1046,1.10101,1.10196,
2020-03-30T10:00:00-07:00,1.10196,1.10556,1.10117,1.10453,
2020-03-30T14:00:00-07:00,1.10453,1.10548,1.09837,1.10134,
2020-03-30T18:00:00-07:00,1.10134,1.10332,1.10009,1.10165,
2020-03-30T22:00:00-07:00,1.10165,1.10251,1.09788,1.0979,
2020-03-31T02:00:00-07:00,1.0979,1.09903,1.09267,1.09723,
2020-03-31T06:00:00-07:00,1.09723,1.10273,1.09427,1.09711,
2020-03-31T10:00:00-07:00,1.09711,1.10373,1.0965,1.10325,
2020-03-31T14:00:00-07:00,1.10325,1.10394,1.10223,1.10317,
2020-03-31T18:00:00-07:00,1.10317,1.10331,1.1006,1.10166,
2020-03-31T22:00:00-07:00,1.10166,1.10331,1.09312,1.09568,
2020-04-01T02:00:00-07:00,1.09568,1.09591,1.09168,1.093,
2020-04-01T06:00:00-07:00,1.093,1.09423,1.09168,1.09253,
2020-04-01T10:00:00-07:00,1.09253,1.097,1.09029,1.09643,
2020-04-01T14:00:00-07:00,1.09643,1.09684,1.09389,1.0943,
2020-04-01T18:00:00-07:00,1.0943,1.09592,1.09304,1.09441,
2020-04-01T22:00:00-07:00,1.09441,1.09646,1.09149,1.09192,
2020-04-02T02:00:00-07:00,1.09192,1.09399,1.08749,1.08795,
2020-04-02T06:00:00-07:00,1.08795,1.09003,1.08372,1.08419,
2020-04-02T10:00:00-07:00,1.08419,1.08668,1.08209,1.0858,
2020-04-02T14:00:00-07:00,1.0858,1.08641,1.08334,1.08426,
2020-04-02T18:00:00-07:00,1.08426,1.08555,1.08369,1.08438,
2020-04-02T22:00:00-07:00,1.08438,1.08512,1.07872,1.07983,
2020-04-03T02:00:00-07:00,1.07983,1.08161,1.07756,1.07767,
2020-04-03T06:00:00-07:00,1.07767,1.08095,1.07729,1.07865,
2020-04-03T10:00:00-07:00,1.07865,1.08283,1.07822,1.08135,
2020-04-05T14:00:00-07:00,1.08135,1.08236,1.0799,1.08146,
2020-04-05T18:00:00-07:00,1.08146,1.08234,1.08057,1.08148,
2020-04-05T22:00:00-07:00,1.08148,1.08355,1.07833,1.07931,
2020-04-06T02:00:00-07:00,1.07931,1.08181,1.078,1.07921,
2020-04-06T06:00:00-07:00,1.07921,1.08178,1.07684,1.0802,
2020-04-06T10:00:00-07:00,1.0802,1.08059,1.07829,1.07929,
2020-04-06T14:00:00-07:00,1.07929,1.08021,1.07838,1.07939,
2020-04-06T18:00:00-07:00,1.07939,1.08301,1.07911,1.08263,
2020-04-06T22:00:00-07:00,1.08263,1.08786,1.08209,1.08683,
2020-04-07T02:00:00-07:00,1.08683,1.09173,1.08575,1.0905,
2020-04-07T06:00:00-07:00,1.0905,1.0927,1.08763,1.08963,
2020-04-07T10:00:00-07:00,1.08963,1.091,1.08892,1.08918,
2020-04-07T14:00:00-07:00,1.08918,1.09023,1.08671,1.08681,
2020-04-07T18:00:00-07:00,1.08681,1.08794,1.08589,1.08676,
2020-04-07T22:00:00-07:00,1.08676,1.0888,1.083,1.08525,
2020-04-08T02:00:00-07:00,1.08525,1.08848,1.08525,1.08728,
2020-04-08T06:00:00-07:00,1.08728,1.0888,1.08508,1.08636,
2020-04-08T10:00:00-07:00,1.08636,1.08728,1.08503,1.08572,
2020-04-08T14:00:00-07:00,1.08572,1.08803,1.0854,1.08718,
2020-04-08T18:00:00-07:00,1.08718,1.08771,1.08535,1.08653,
2020-04-08T22:00:00-07:00,1.08653,1.08823,1.0841,1.08694,
2020-04-09T02:00:00-07:00,1.08694,1.09103,1.08497,1.09045,
2020-04-09T06:00:00-07:00,1.09045,1.09456,1.08954,1.09361,
2020-04-09T10:00:00-07:00,1.09361,1.09518,1.09202,1.09294,
2020-04-09T14:00:00-07:00,1.09294,1.09363,1.092,1.09227,
2020-04-09T18:00:00-07:00,1.09227,1.09444,1.0921,1.09386,
2020-04-09T22:00:00-07:00,1.09386,1.09521,1.0929,1.09423,
2020-04-10T02:00:00-07:00,1.09423,1.09484,1.09365,1.09431,
2020-04-10T06:00:00-07:00,1.09431,1.0953,1.0942,1.09487,
2020-04-10T10:00:00-07:00,1.09487,1.09488,1.0933,1.09359,
2020-04-12T14:00:00-07:00,1.09359,1.09525,1.09287,1.093,
2020-04-12T18:00:00-07:00,1.093,1.09419,1.09251,1.0937,
2020-04-12T22:00:00-07:00,1.0937,1.09679,1.09275,1.09315,
2020-04-13T02:00:00-07:00,1.09315,1.09389,1.09033,1.09226,
2020-04-13T06:00:00-07:00,1.09226,1.09233,1.08927,1.09171,
2020-04-13T10:00:00-07:00,1.09171,1.0924,1.09058,1.09144,
2020-04-13T14:00:00-07:00,1.09144,1.09278,1.09039,1.09233,
2020-04-13T18:00:00-07:00,1.09233,1.09488,1.0917,1.09439,
2020-04-13T22:00:00-07:00,1.09439,1.09474,1.09152,1.0923,
2020-04-14T02:00:00-07:00,1.0923,1.09761,1.092,1.09711,
2020-04-14T06:00:00-07:00,1.09711,1.0984,1.09551,1.09649,
2020-04-14T10:00:00-07:00,1.09649,1.09873,1.0964,1.09814,
2020-04-14T14:00:00-07:00,1.09814,1.09911,1.09779,1.09861,
2020-04-14T18:00:00-07:00,1.09861,1.09874,1.09734,1.09753,
2020-04-14T22:00:00-07:00,1.09753,1.09762,1.09205,1.09324,
2020-04-15T02:00:00-07:00,1.09324,1.09389,1.08566,1.08606,
2020-04-15T06:00:00-07:00,1.08606,1.09308,1.08592,1.09169,
2020-04-15T10:00:00-07:00,1.09169,1.09389,1.09092,1.09092,
2020-04-15T14:00:00-07:00,1.09092,1.09115,1.0882,1.0886,
2020-04-15T18:00:00-07:00,1.0886,1.08924,1.08648,1.08793,
2020-04-15T22:00:00-07:00,1.08793,1.0905,1.08649,1.08879,
2020-04-16T02:00:00-07:00,1.08879,1.09014,1.08533,1.08894,
2020-04-16T06:00:00-07:00,1.08894,1.08948,1.08168,1.08335,
2020-04-16T10:00:00-07:00,1.08335,1.08511,1.08305,1.08393,
2020-04-16T14:00:00-07:00,1.08393,1.08677,1.08336,1.08629,
2020-04-16T18:00:00-07:00,1.08629,1.08787,1.0862,1.08709,
2020-04-16T22:00:00-07:00,1.08709,1.08727,1.08173,1.08294,
2020-04-17T02:00:00-07:00,1.08294,1.08735,1.08121,1.08645,
2020-04-17T06:00:00-07:00,1.08645,1.08925,1.08595,1.08673,
2020-04-17T10:00:00-07:00,1.08673,1.0885,1.08643,1.08753,
2020-04-19T14:00:00-07:00,1.08753,1.08797,1.08566,1.08607,
2020-04-19T18:00:00-07:00,1.08607,1.08723,1.08581,1.08711,
2020-04-19T22:00:00-07:00,1.08711,1.08795,1.08417,1.0879,
2020-04-20T02:00:00-07:00,1.0879,1.08968,1.085,1.08628,
2020-04-20T06:00:00-07:00,1.08628,1.08872,1.08503,1.08705,
2020-04-20T10:00:00-07:00,1.08705,1.08732,1.08553,1.0862,
2020-04-20T14:00:00-07:00,1.0862,1.08708,1.08536,1.08561,
2020-04-20T18:00:00-07:00,1.08561,1.08596,1.08258,1.08331,
2020-04-20T22:00:00-07:00,1.08331,1.08474,1.08203,1.08372,
2020-04-21T02:00:00-07:00,1.08372,1.08535,1.08231,1.08291,
2020-04-21T06:00:00-07:00,1.08291,1.08803,1.08167,1.08444,
2020-04-21T10:00:00-07:00,1.08444,1.0866,1.08417,1.0858,
2020-04-21T14:00:00-07:00,1.0858,1.0864,1.08494,1.08551,
2020-04-21T18:00:00-07:00,1.08551,1.08612,1.08451,1.08466,
2020-04-21T22:00:00-07:00,1.08466,1.08738,1.08455,1.08599,
2020-04-22T02:00:00-07:00,1.08599,1.08851,1.08575,1.08688,
2020-04-22T06:00:00-07:00,1.08688,1.08718,1.08101,1.08158,
2020-04-22T10:00:00-07:00,1.08158,1.08257,1.08033,1.08232,
2020-04-22T14:00:00-07:00,1.08232,1.08245,1.08047,1.08115,
2020-04-22T18:00:00-07:00,1.08115,1.08221,1.08081,1.08156,
2020-04-22T22:00:00-07:00,1.08156,1.08345,1.07847,1.07962,
2020-04-23T02:00:00-07:00,1.07962,1.07995,1.07561,1.07885,
2020-04-23T06:00:00-07:00,1.07885,1.08471,1.07809,1.08138,
2020-04-23T10:00:00-07:00,1.08138,1.08144,1.0762,1.07775,
2020-04-23T14:00:00-07:00,1.07775,1.07844,1.07616,1.07665,
2020-04-23T18:00:00-07:00,1.07665,1.07746,1.07634,1.07717,
2020-04-23T22:00:00-07:00,1.07717,1.07717,1.07271,1.0756,
2020-04-24T02:00:00-07:00,1.0756,1.08101,1.07498,1.0803,
2020-04-24T06:00:00-07:00,1.0803,1.08199,1.07846,1.07882,
2020-04-24T10:00:00-07:00,1.07882,1.08297,1.07846,1.08225,
2020-04-26T14:00:00-07:00,1.08225,1.08248,1.08115,1.08182,
2020-04-26T18:00:00-07:00,1.08182,1.08433,1.08175,1.08385,
2020-04-26T22:00:00-07:00,1.08385,1.08594,1.08331,1.08499,
2020-04-27T02:00:00-07:00,1.08499,1.08602,1.08341,1.08512,
2020-04-27T06:00:00-07:00,1.08512,1.08576,1.08166,1.08214,
2020-04-27T10:00:00-07:00,1.08214,1.08342,1.08206,1.08295,
2020-04-27T14:00:00-07:00,1.08295,1.08362,1.08229,1.08332,
2020-04-27T18:00:00-07:00,1.08332,1.08345,1.08169,1.08219,
2020-04-27T22:00:00-07:00,1.08219,1.08586,1.08098,1.08503,
2020-04-28T02:00:00-07:00,1.08503,1.08884,1.08442,1.08704,
2020-04-28T06:00:00-07:00,1.08704,1.08748,1.08251,1.08317,
2020-04-28T10:00:00-07:00,1.08317,1.084,1.08179,1.08194,
2020-04-28T14:00:00-07:00,1.08194,1.08424,1.08185,1.08416,
2020-04-28T18:00:00-07:00,1.08416,1.08545,1.08393,1.08499,
2020-04-28T22:00:00-07:00,1.08499,1.08742,1.08394,1.08663,
2020-04-29T02:00:00-07:00,1.08663,1.08728,1.08395,1.08573,
2020-04-29T06:00:00-07:00,1.08573,1.08683,1.08427,1.08479,
2020-04-29T10:00:00-07:00,1.08479,1.08857,1.08472,1.0875,
2020-04-29T14:00:00-07:00,1.0875,1.08791,1.08515,1.08592,
2020-04-29T18:00:00-07:00,1.08592,1.08717,1.08548,1.086,
2020-04-29T22:00:00-07:00,1.086,1.08915,1.08536,1.08859,
2020-04-30T02:00:00-07:00,1.08859,1.08884,1.08593,1.08762,
2020-04-30T06:00:00-07:00,1.08762,1.09727,1.08332,1.09373,
2020-04-30T10:00:00-07:00,1.09373,1.09637,1.09359,1.09552,
2020-04-30T14:00:00-07:00,1.09552,1.09556,1.09346,1.0946,
2020-04-30T18:00:00-07:00,1.0946,1.09498,1.09369,1.09494,
2020-04-30T22:00:00-07:00,1.09494,1.09796,1.09443,1.09765,
2020-05-01T02:00:00-07:00,1.09765,1.099,1.09708,1.09807,
2020-05-01T06:00:00-07:00,1.09807,1.10182,1.09721,1.09876,
2020-05-01T10:00:00-07:00,1.09876,1.0989,1.09735,1.09827,
2020-05-03T14:00:00-07:00,1.09827,1.09827,1.09463,1.09473,
2020-05-03T18:00:00-07:00,1.09473,1.09552,1.09351,1.09364,
2020-05-03T22:00:00-07:00,1.09364,1.0949,1.09238,1.0945,
2020-05-04T02:00:00-07:00,1.0945,1.09455,1.09256,1.09348,
2020-05-04T06:00:00-07:00,1.09348,1.09381,1.08958,1.09002,
2020-05-04T10:00:00-07:00,1.09002,1.09095,1.08959,1.09079,
2020-05-04T14:00:00-07:00,1.09079,1.09132,1.09007,1.09107,
2020-05-04T18:00:00-07:00,1.09107,1.09161,1.08996,1.09067,
2020-05-04T22:00:00-07:00,1.09067,1.0926,1.08418,1.08458,
2020-05-05T02:00:00-07:00,1.08458,1.08569,1.0826,1.08418,
2020-05-05T06:00:00-07:00,1.08418,1.08873,1.08341,1.08404,
2020-05-05T10:00:00-07:00,1.08404,1.0858,1.0834,1.08373,
2020-05-05T14:00:00-07:00,1.08373,1.08458,1.08347,1.08372,
2020-05-05T18:00:00-07:00,1.08372,1.08423,1.08323,1.08409,
2020-05-05T22:00:00-07:00,1.08409,1.08411,1.07915,1.0802,
2020-05-06T02:00:00-07:00,1.0802,1.08198,1.07821,1.08124,
2020-05-06T06:00:00-07:00,1.08124,1.08268,1.07901,1.08076,
2020-05-06T10:00:00-07:00,1.08076,1.08132,1.07907,1.07941,
2020-05-06T14:00:00-07:00,1.07941,1.08025,1.07919,1.07939,
2020-05-06T18:00:00-07:00,1.07939,1.08046,1.07935,1.07992,
2020-05-06T22:00:00-07:00,1.07992,1.08166,1.07863,1.07932,
2020-05-07T02:00:00-07:00,1.07932,1.08013,1.07765,1.07944,
2020-05-07T06:00:00-07:00,1.07944,1.08184,1.07667,1.08127,
2020-05-07T10:00:00-07:00,1.08127,1.08344,1.08122,1.08342,
2020-05-07T14:00:00-07:00,1.08342,1.08498,1.0823,1.08479,
2020-05-07T18:00:00-07:00,1.08479,1.08549,1.08417,1.08433,
2020-05-07T22:00:00-07:00,1.08433,1.08463,1.08196,1.08345,
2020-05-08T02:00:00-07:00,1.08345,1.08521,1.08252,1.0836,
2020-05-08T06:00:00-07:00,1.0836,1.08756,1.08151,1.08467,
2020-05-08T10:00:00-07:00,1.08467,1.08534,1.08328,1.08426,
2020-05-10T14:00:00-07:00,1.08426,1.08461,1.0824,1.08457,
2020-05-10T18:00:00-07:00,1.08457,1.08505,1.08413,1.08468,
2020-05-10T22:00:00-07:00,1.08468,1.08475,1.08087,1.08181,
2020-05-11T02:00:00-07:00,1.08181,1.08301,1.08103,1.08205,
2020-05-11T06:00:00-07:00,1.08205,1.0844,1.08029,1.08081,
2020-05-11T10:00:00-07:00,1.08081,1.08176,1.08008,1.08073,
2020-05-11T14:00:00-07:00,1.08073,1.08108,1.07846,1.07925,
2020-05-11T18:00:00-07:00,1.07925,1.08088,1.0788,1.08047,
2020-05-11T22:00:00-07:00,1.08047,1.08277,1.08002,1.08202,
2020-05-12T02:00:00-07:00,1.08202,1.08646,1.08126,1.08595,
2020-05-12T06:00:00-07:00,1.08595,1.08854,1.08481,1.08508,
2020-05-12T10:00:00-07:00,1.08508,1.08583,1.0847,1.08481,
2020-05-12T14:00:00-07:00,1.08481,1.08572,1.0845,1.08551,
2020-05-12T18:00:00-07:00,1.08551,1.08569,1.0844,1.08496,
2020-05-12T22:00:00-07:00,1.08496,1.08558,1.0831,1.08426,
2020-05-13T02:00:00-07:00,1.08426,1.08813,1.0835,1.08794,
2020-05-13T06:00:00-07:00,1.08794,1.08967,1.08199,1.08222,
2020-05-13T10:00:00-07:00,1.08222,1.08237,1.08118,1.08181,
2020-05-13T14:00:00-07:00,1.08181,1.08241,1.08156,1.08216,
2020-05-13T18:00:00-07:00,1.08216,1.08219,1.08052,1.08097,
2020-05-13T22:00:00-07:00,1.08097,1.08206,1.07965,1.08102,
2020-05-14T02:00:00-07:00,1.08102,1.08131,1.0775,1.07891,
2020-05-14T06:00:00-07:00,1.07891,1.08165,1.07812,1.0782,
2020-05-14T10:00:00-07:00,1.0782,1.08054,1.07802,1.08048,
2020-05-14T14:00:00-07:00,1.08048,1.08081,1.07995,1.08053,
2020-05-14T18:00:00-07:00,1.08053,1.08073,1.07985,1.08055,
2020-05-14T22:00:00-07:00,1.08055,1.08197,1.07935,1.08114,
2020-05-15T02:00:00-07:00,1.08114,1.084,1.0789,1.08297,
2020-05-15T06:00:00-07:00,1.08297,1.08511,1.08046,1.08069,
2020-05-15T10:00:00-07:00,1.08069,1.08227,1.08048,1.08176,
2020-05-17T14:00:00-07:00,1.08176,1.08235,1.08102,1.0817,
2020-05-17T18:00:00-07:00,1.0817,1.0827,1.08144,1.08206,
2020-05-17T22:00:00-07:00,1.08206,1.08284,1.08024,1.08096,
2020-05-18T02:00:00-07:00,1.08096,1.08439,1.08,1.08378,
2020-05-18T06:00:00-07:00,1.08378,1.09202,1.0837,1.09093,
2020-05-18T10:00:00-07:00,1.09093,1.0927,1.09051,1.09145,
2020-05-18T14:00:00-07:00,1.09145,1.09239,1.09124,1.09194,
2020-05-18T18:00:00-07:00,1.09194,1.09202,1.09024,1.09098,
2020-05-18T22:00:00-07:00,1.09098,1.09535,1.09078,1.09516,
2020-05-19T02:00:00-07:00,1.09516,1.09762,1.09421,1.09507,
2020-05-19T06:00:00-07:00,1.09507,1.09509,1.09243,1.09294,
2020-05-19T10:00:00-07:00,1.09294,1.09542,1.09186,1.09233,
2020-05-19T14:00:00-07:00,1.09233,1.09396,1.09187,1.09383,
2020-05-19T18:00:00-07:00,1.09383,1.0947,1.09359,1.09411,
2020-05-19T22:00:00-07:00,1.09411,1.096,1.0938,1.09423,
2020-05-20T02:00:00-07:00,1.09423,1.09668,1.09381,1.09653,
2020-05-20T06:00:00-07:00,1.09653,1.09993,1.09622,1.09759,
2020-05-20T10:00:00-07:00,1.09759,1.09922,1.09731,1.09795,
2020-05-20T14:00:00-07:00,1.09795,1.09825,1.09682,1.09685,
2020-05-20T18:00:00-07:00,1.09685,1.09689,1.09569,1.09607,
2020-05-20T22:00:00-07:00,1.09607,1.09792,1.09523,1.09724,
2020-05-21T02:00:00-07:00,1.09724,1.10084,1.09602,1.09957,
2020-05-21T06:00:00-07:00,1.09957,1.09957,1.09374,1.0955,
2020-05-21T10:00:00-07:00,1.0955,1.09687,1.09417,1.09498,
2020-05-21T14:00:00-07:00,1.09498,1.09537,1.09466,1.09478,
2020-05-21T18:00:00-07:00,1.09478,1.09516,1.09273,1.09294,
2020-05-21T22:00:00-07:00,1.09294,1.09322,1.08963,1.08996,
2020-05-22T02:00:00-07:00,1.08996,1.09134,1.08873,1.08983,
2020-05-22T06:00:00-07:00,1.08983,1.09047,1.08854,1.08881,
2020-05-22T10:00:00-07:00,1.08881,1.09057,1.08878,1.09024,
2020-05-24T14:00:00-07:00,1.09024,1.09087,1.0896,1.09017,
2020-05-24T18:00:00-07:00,1.09017,1.09024,1.08873,1.08907,
2020-05-24T22:00:00-07:00,1.08907,1.08934,1.08707,1.08895,
2020-05-25T02:00:00-07:00,1.08895,1.09145,1.08886,1.09043,
2020-05-25T06:00:00-07:00,1.09043,1.09103,1.08901,1.08935,
2020-05-25T10:00:00-07:00,1.08935,1.08996,1.08928,1.08976,
2020-05-25T14:00:00-07:00,1.08976,1.09105,1.08927,1.091,
2020-05-25T18:00:00-07:00,1.091,1.0922,1.09079,1.09195,
2020-05-25T22:00:00-07:00,1.09195,1.09599,1.09148,1.09573,
2020-05-26T02:00:00-07:00,1.09573,1.09802,1.09517,1.09709,
2020-05-26T06:00:00-07:00,1.09709,1.09917,1.09641,1.09764,
2020-05-26T10:00:00-07:00,1.09764,1.0996,1.09706,1.09823,
2020-05-26T14:00:00-07:00,1.09823,1.09853,1.09681,1.09702,
2020-05-26T18:00:00-07:00,1.09702,1.09751,1.09537,1.09552,
2020-05-26T22:00:00-07:00,1.09552,1.09793,1.09513,1.09568,
2020-05-27T02:00:00-07:00,1.09568,1.10308,1.09341,1.09984,
2020-05-27T06:00:00-07:00,1.09984,1.10167,1.09556,1.0975,
2020-05-27T10:00:00-07:00,1.0975,1.10097,1.09688,1.10053,
2020-05-27T14:00:00-07:00,1.10053,1.10267,1.10021,1.10234,
2020-05-27T18:00:00-07:00,1.10234,1.10352,1.10057,1.10082,
2020-05-27T22:00:00-07:00,1.10082,1.10304,1.09917,1.09993,
2020-05-28T02:00:00-07:00,1.09993,1.10296,1.09922,1.10216,
2020-05-28T06:00:00-07:00,1.10216,1.10828,1.10216,1.10825,
2020-05-28T10:00:00-07:00,1.10825,1.10934,1.1067,1.10771,
2020-05-28T14:00:00-07:00,1.10771,1.10817,1.107,1.10768,
2020-05-28T18:00:00-07:00,1.10768,1.11001,1.10742,1.10995,
2020-05-28T22:00:00-07:00,1.10995,1.11201,1.10896,1.11172,
2020-05-29T02:00:00-07:00,1.11172,1.11451,1.11128,1.11299,
2020-05-29T06:00:00-07:00,1.11299,1.11329,1.10897,1.10978,
2020-05-29T10:00:00-07:00,1.10978,1.1109,1.10809,1.11002,
2020-05-31T14:00:00-07:00,1.11002,1.1127,1.11002,1.11219,
2020-05-31T18:00:00-07:00,1.11219,1.11403,1.11166,1.11337,
2020-05-31T22:00:00-07:00,1.11337,1.11542,1.11165,1.11396,
2020-06-01T02:00:00-07:00,1.11396,1.11412,1.11005,1.11101,
2020-06-01T06:00:00-07:00,1.11101,1.11404,1.11036,1.11299,
2020-06-01T10:00:00-07:00,1.11299,1.11369,1.11226,1.11347,
2020-06-01T14:00:00-07:00,1.11347,1.11386,1.1124,1.1132,
2020-06-01T18:00:00-07:00,1.1132,1.11333,1.11192,1.11258,
2020-06-01T22:00:00-07:00,1.11258,1.11713,1.11152,1.11705,
2020-06-02T02:00:00-07:00,1.11705,1.11878,1.11551,1.11652,
2020-06-02T06:00:00-07:00,1.11652,1.11958,1.11635,1.1174,
2020-06-02T10:00:00-07:00,1.1174,1.11814,1.11612,1.11691,
2020-06-02T14:00:00-07:00,1.11691,1.12016,1.11667,1.11931,
2020-06-02T18:00:00-07:00,1.11931,1.12109,1.11827,1.12034,
2020-06-02T22:00:00-07:00,1.12034,1.12278,1.11912,1.12108,
2020-06-03T02:00:00-07:00,1.12108,1.12269,1.11841,1.11915,
2020-06-03T06:00:00-07:00,1.11915,1.12514,1.11866,1.12368,
2020-06-03T10:00:00-07:00,1.12368,1.12578,1.12322,1.12332,
2020-06-03T14:00:00-07:00,1.12332,1.12385,1.12137,1.12223,
2020-06-03T18:00:00-07:00,1.12223,1.12248,1.12113,1.12154,
2020-06-03T22:00:00-07:00,1.12154,1.12213,1.11948,1.12072,
2020-06-04T02:00:00-07:00,1.12072,1.12724,1.11952,1.12376,
2020-06-04T06:00:00-07:00,1.12376,1.13625,1.12267,1.13291,
2020-06-04T10:00:00-07:00,1.13291,1.13622,1.13263,1.13381,
2020-06-04T14:00:00-07:00,1.13381,1.13445,1.13312,1.13325,
2020-06-04T18:00:00-07:00,1.13325,1.13552,1.13262,1.13469,
2020-06-04T22:00:00-07:00,1.13469,1.13839,1.13263,1.13323,
2020-06-05T02:00:00-07:00,1.13323,1.13436,1.12826,1.12953,
2020-06-05T06:00:00-07:00,1.12953,1.1324,1.12829,1.12907,
2020-06-05T10:00:00-07:00,1.12907,1.12997,1.12785,1.1292,
2020-06-07T14:00:00-07:00,1.1292,1.13199,1.12848,1.12978,
2020-06-07T18:00:00-07:00,1.12978,1.12996,1.12851,1.12888,
2020-06-07T22:00:00-07:00,1.12888,1.1316,1.12812,1.13004,
2020-06-08T02:00:00-07:00,1.13004,1.13067,1.12684,1.12935,
2020-06-08T06:00:00-07:00,1.12935,1.13185,1.12853,1.12914,
2020-06-08T10:00:00-07:00,1.12914,1.13086,1.12893,1.12946,
2020-06-08T14:00:00-07:00,1.12946,1.13152,1.12899,1.13043,
2020-06-08T18:00:00-07:00,1.13043,1.13046,1.12841,1.12856,
2020-06-08T22:00:00-07:00,1.12856,1.12963,1.12411,1.12618,
2020-06-09T02:00:00-07:00,1.12618,1.13026,1.12555,1.12998,
2020-06-09T06:00:00-07:00,1.12998,1.13639,1.12968,1.13428,
2020-06-09T10:00:00-07:00,1.13428,1.13484,1.13313,1.13396,
2020-06-09T14:00:00-07:00,1.13396,1.13449,1.13318,1.13396,
2020-06-09T18:00:00-07:00,1.13396,1.13461,1.13379,1.13428,
2020-06-09T22:00:00-07:00,1.13428,1.13758,1.13419,1.13692,
2020-06-10T02:00:00-07:00,1.13692,1.13896,1.13484,1.13803,
2020-06-10T06:00:00-07:00,1.13803,1.13857,1.13422,1.13513,
2020-06-10T10:00:00-07:00,1.13513,1.14226,1.13228,1.13741,
2020-06-10T14:00:00-07:00,1.13741,1.1389,1.13641,1.13868,
2020-06-10T18:00:00-07:00,1.13868,1.13954,1.13439,1.13511,
2020-06-10T22:00:00-07:00,1.13511,1.1391,1.13253,1.13898,
2020-06-11T02:00:00-07:00,1.13898,1.14016,1.13363,1.13568,
2020-06-11T06:00:00-07:00,1.13568,1.14036,1.13507,1.13618,
2020-06-11T10:00:00-07:00,1.13618,1.13618,1.12887,1.1299,
2020-06-11T14:00:00-07:00,1.1299,1.13028,1.12805,1.1283,
2020-06-11T18:00:00-07:00,1.1283,1.12979,1.12768,1.12971,
2020-06-11T22:00:00-07:00,1.12971,1.13406,1.12933,1.1325,
2020-06-12T02:00:00-07:00,1.1325,1.13276,1.12925,1.13053,
2020-06-12T06:00:00-07:00,1.13053,1.13232,1.12334,1.12361,
2020-06-12T10:00:00-07:00,1.12361,1.12621,1.12127,1.12555,
2020-06-14T14:00:00-07:00,1.12555,1.12612,1.12267,1.12463,
2020-06-14T18:00:00-07:00,1.12463,1.12685,1.12439,1.12607,
2020-06-14T22:00:00-07:00,1.12607,1.12677,1.12269,1.12666,
2020-06-15T02:00:00-07:00,1.12666,1.12678,1.12406,1.12477,
2020-06-15T06:00:00-07:00,1.12477,1.12939,1.12442,1.12855,
2020-06-15T10:00:00-07:00,1.12855,1.13325,1.12823,1.13226,
2020-06-15T14:00:00-07:00,1.13226,1.134,1.13203,1.13339,
2020-06-15T18:00:00-07:00,1.13339,1.13485,1.13277,1.13329,
2020-06-15T22:00:00-07:00,1.13329,1.13534,1.13153,1.13367,
2020-06-16T02:00:00-07:00,1.13367,1.13413,1.12949,1.13019,
2020-06-16T06:00:00-07:00,1.13019,1.1303,1.12281,1.12684,
2020-06-16T10:00:00-07:00,1.12684,1.12725,1.12568,1.12636,
2020-06-16T14:00:00-07:00,1.12636,1.12735,1.12536,1.12677,
2020-06-16T18:00:00-07:00,1.12677,1.12732,1.12552,1.12715,
2020-06-16T22:00:00-07:00,1.12715,1.1294,1.12509,1.12576,
2020-06-17T02:00:00-07:00,1.12576,1.12603,1.12227,1.1237,
2020-06-17T06:00:00-07:00,1.1237,1.12486,1.1207,1.1231,
2020-06-17T10:00:00-07:00,1.1231,1.12463,1.12287,1.12443,
2020-06-17T14:00:00-07:00,1.12443,1.125,1.12379,1.12414,
2020-06-17T18:00:00-07:00,1.12414,1.12614,1.1225,1.12555,
2020-06-17T22:00:00-07:00,1.12555,1.12602,1.12302,1.12494,
2020-06-18T02:00:00-07:00,1.12494,1.12616,1.12144,1.12277,
2020-06-18T06:00:00-07:00,1.12277,1.12325,1.11925,1.11936,
2020-06-18T10:00:00-07:00,1.11936,1.12131,1.11857,1.12052,
2020-06-18T14:00:00-07:00,1.12052,1.12135,1.11993,1.12036,
2020-06-18T18:00:00-07:00,1.12036,1.12162,1.11991,1.12135,
2020-06-18T22:00:00-07:00,1.12135,1.12219,1.12037,1.12162,
2020-06-19T02:00:00-07:00,1.12162,1.12545,1.11947,1.12381,
2020-06-19T06:00:00-07:00,1.12381,1.12424,1.11681,1.11928,
2020-06-19T10:00:00-07:00,1.11928,1.11938,1.11721,1.11773,
2020-06-21T14:00:00-07:00,1.11773,1.11898,1.11687,1.11803,
2020-06-21T18:00:00-07:00,1.11803,1.12041,1.11801,1.12036,
2020-06-21T22:00:00-07:00,1.12036,1.12252,1.11883,1.12246,
2020-06-22T02:00:00-07:00,1.12246,1.12267,1.12033,1.12208,
2020-06-22T06:00:00-07:00,1.12208,1.12697,1.12208,1.12611,
2020-06-22T10:00:00-07:00,1.12611,1.12664,1.1253,1.12605,
2020-06-22T14:00:00-07:00,1.12605,1.1281,1.12596,1.12671,
2020-06-22T18:00:00-07:00,1.12671,1.12762,1.12332,1.12617,
2020-06-22T22:00:00-07:00,1.12617,1.13061,1.12568,1.12907,
2020-06-23T02:00:00-07:00,1.12907,1.13333,1.12825,1.13298,
2020-06-23T06:00:00-07:00,1.13298,1.13487,1.1307,1.13087,
2020-06-23T10:00:00-07:00,1.13087,1.13209,1.13018,1.13082,
2020-06-23T14:00:00-07:00,1.13082,1.13222,1.13076,1.13175,
2020-06-23T18:00:00-07:00,1.13175,1.1326,1.13091,1.13147,
2020-06-23T22:00:00-07:00,1.13147,1.13251,1.1287,1.13015,
2020-06-24T02:00:00-07:00,1.13015,1.1311,1.12687,1.12737,
2020-06-24T06:00:00-07:00,1.12737,1.12825,1.12572,1.12784,
2020-06-24T10:00:00-07:00,1.12784,1.12808,1.12484,1.12511,
2020-06-24T14:00:00-07:00,1.12511,1.12585,1.12458,1.12561,
2020-06-24T18:00:00-07:00,1.12561,1.12597,1.124,1.12487,
2020-06-24T22:00:00-07:00,1.12487,1.12536,1.12239,1.12296,
2020-06-25T02:00:00-07:00,1.12296,1.12348,1.11904,1.12114,
2020-06-25T06:00:00-07:00,1.12114,1.12316,1.12032,1.12275,
2020-06-25T10:00:00-07:00,1.12275,1.12304,1.12144,1.12176,
2020-06-25T14:00:00-07:00,1.12176,1.12239,1.12083,1.12159,
2020-06-25T18:00:00-07:00,1.12159,1.12265,1.12139,1.12238,
2020-06-25T22:00:00-07:00,1.12238,1.12395,1.12052,1.12392,
2020-06-26T02:00:00-07:00,1.12392,1.12393,1.12066,1.12188,
2020-06-26T06:00:00-07:00,1.12188,1.12351,1.11953,1.12297,
2020-06-26T10:00:00-07:00,1.12297,1.12384,1.12178,1.12192,
2020-06-28T14:00:00-07:00,1.12192,1.12296,1.12172,1.12294,
2020-06-28T18:00:00-07:00,1.12294,1.1247,1.12291,1.12419,
2020-06-28T22:00:00-07:00,1.12419,1.1267,1.12406,1.12544,
2020-06-29T02:00:00-07:00,1.12544,1.12879,1.12494,1.12861,
2020-06-29T06:00:00-07:00,1.12861,1.12867,1.12247,1.12274,
2020-06-29T10:00:00-07:00,1.12274,1.1243,1.12195,1.12417,
2020-06-29T14:00:00-07:00,1.12417,1.12521,1.12347,1.12382,
2020-06-29T18:00:00-07:00,1.12382,1.12496,1.12362,1.12387,
2020-06-29T22:00:00-07:00,1.12387,1.12403,1.12042,1.12191,
2020-06-30T02:00:00-07:00,1.12191,1.12199,1.11911,1.12093,
2020-06-30T06:00:00-07:00,1.12093,1.12619,1.12035,1.12432,
2020-06-30T10:00:00-07:00,1.12432,1.12519,1.12266,1.12338,
2020-06-30T14:00:00-07:00,1.12338,1.12365,1.12276,1.12308,
2020-06-30T18:00:00-07:00,1.12308,1.12408,1.12155,1.12182,
2020-06-30T22:00:00-07:00,1.12182,1.12449,1.12158,1.12312,
2020-07-01T02:00:00-07:00,1.12312,1.12338,1.1185,1.12178,
2020-07-01T06:00:00-07:00,1.12178,1.12752,1.12142,1.12644,
2020-07-01T10:00:00-07:00,1.12644,1.1267,1.12432,1.12515,
2020-07-01T14:00:00-07:00,1.12515,1.12558,1.12477,1.12516,
2020-07-01T18:00:00-07:00,1.12516,1.1267,1.1249,1.1265,
2020-07-01T22:00:00-07:00,1.1265,1.13026,1.12618,1.12975,
2020-07-02T02:00:00-07:00,1.12975,1.12988,1.12636,1.12636,
2020-07-02T06:00:00-07:00,1.12636,1.12819,1.12234,1.12287,
2020-07-02T10:00:00-07:00,1.12287,1.12418,1.12271,1.12392,
2020-07-02T14:00:00-07:00,1.12392,1.1242,1.12334,1.124,
2020-07-02T18:00:00-07:00,1.124,1.12492,1.12282,1.12291,
2020-07-02T22:00:00-07:00,1.12291,1.12468,1.12243,1.12337,
2020-07-03T02:00:00-07:00,1.12337,1.12372,1.12195,1.12294,
2020-07-03T06:00:00-07:00,1.12294,1.12481,1.12259,1.12419,
2020-07-03T10:00:00-07:00,1.12419,1.12521,1.12393,1.12488,
2020-07-05T14:00:00-07:00,1.12488,1.12672,1.12434,1.12642,
2020-07-05T18:00:00-07:00,1.12642,1.12926,1.12614,1.12919,
2020-07-05T22:00:00-07:00,1.12919,1.13027,1.12813,1.12907,
2020-07-06T02:00:00-07:00,1.12907,1.13299,1.1283,1.13298,
2020-07-06T06:00:00-07:00,1.13298,1.13456,1.13027,1.13067,
2020-07-06T10:00:00-07:00,1.13067,1.1319,1.13057,1.13093,
2020-07-06T14:00:00-07:00,1.13093,1.13326,1.13063,1.13264,
2020-07-06T18:00:00-07:00,1.13264,1.13283,1.13064,1.13116,
2020-07-06T22:00:00-07:00,1.13116,1.13161,1.12634,1.12646,
2020-07-07T02:00:00-07:00,1.12646,1.13005,1.12591,1.12981,
2020-07-07T06:00:00-07:00,1.12981,1.1307,1.12716,1.12903,
2020-07-07T10:00:00-07:00,1.12903,1.12985,1.12687,1.12736,
2020-07-07T14:00:00-07:00,1.12736,1.12826,1.12652,1.12691,
2020-07-07T18:00:00-07:00,1.12691,1.12806,1.12684,1.12766,
2020-07-07T22:00:00-07:00,1.12766,1.12943,1.12625,1.12788,
2020-07-08T02:00:00-07:00,1.12788,1.12955,1.1266,1.12883,
2020-07-08T06:00:00-07:00,1.12883,1.13518,1.12876,1.13361,
2020-07-08T10:00:00-07:00,1.13361,1.13423,1.13278,1.133,
2020-07-08T14:00:00-07:00,1.133,1.13469,1.13285,1.13339,
2020-07-08T18:00:00-07:00,1.13339,1.13706,1.13278,1.13652,
2020-07-08T22:00:00-07:00,1.13652,1.13677,1.13254,1.13295,
2020-07-09T02:00:00-07:00,1.13295,1.13488,1.13165,1.13437,
2020-07-09T06:00:00-07:00,1.13437,1.13484,1.12855,1.12907,
2020-07-09T10:00:00-07:00,1.12907,1.12975,1.12803,1.1285,
2020-07-09T14:00:00-07:00,1.1285,1.12903,1.12711,1.12754,
2020-07-09T18:00:00-07:00,1.12754,1.12785,1.12681,1.12711,
2020-07-09T22:00:00-07:00,1.12711,1.12913,1.12549,1.12858,
2020-07-10T02:00:00-07:00,1.12858,1.13007,1.12737,1.12933,
2020-07-10T06:00:00-07:00,1.12933,1.13249,1.12932,1.12998,
2020-07-10T10:00:00-07:00,1.12998,1.13062,1.12954,1.12995,
2020-07-12T14:00:00-07:00,1.12995,1.13175,1.12995,1.13144,
2020-07-12T18:00:00-07:00,1.13144,1.13304,1.13142,1.13226,
2020-07-12T22:00:00-07:00,1.13226,1.13362,1.1301,1.13087,
2020-07-13T02:00:00-07:00,1.13087,1.13385,1.13042,1.13256,
2020-07-13T06:00:00-07:00,1.13256,1.13749,1.13253,1.13676,
2020-07-13T10:00:00-07:00,1.13676,1.13748,1.13416,1.13432,
2020-07-13T14:00:00-07:00,1.13432,1.13504,1.13401,1.1345,
2020-07-13T18:00:00-07:00,1.1345,1.13487,1.13354,1.1345,
2020-07-13T22:00:00-07:00,1.1345,1.13586,1.13253,1.13508,
2020-07-14T02:00:00-07:00,1.13508,1.13814,1.13475,1.13719,
2020-07-14T06:00:00-07:00,1.13719,1.14088,1.13614,1.14033,
2020-07-14T10:00:00-07:00,1.14033,1.14053,1.1387,1.13997,
2020-07-14T14:00:00-07:00,1.13997,1.1423,1.13942,1.14131,
2020-07-14T18:00:00-07:00,1.14131,1.14212,1.13941,1.13952,
2020-07-14T22:00:00-07:00,1.13952,1.14446,1.13913,1.14372,
2020-07-15T02:00:00-07:00,1.14372,1.14476,1.14258,1.14351,
2020-07-15T06:00:00-07:00,1.14351,1.14521,1.14016,1.14073,
2020-07-15T10:00:00-07:00,1.14073,1.14131,1.1403,1.14118,
2020-07-15T14:00:00-07:00,1.14118,1.14188,1.14088,1.14149,
2020-07-15T18:00:00-07:00,1.14149,1.14169,1.14004,1.14062,
2020-07-15T22:00:00-07:00,1.14062,1.14156,1.13859,1.13931,
2020-07-16T02:00:00-07:00,1.13931,1.14247,1.13783,1.14111,
2020-07-16T06:00:00-07:00,1.14111,1.14417,1.13996,1.14094,
2020-07-16T10:00:00-07:00,1.14094,1.14102,1.13705,1.13837,
2020-07-16T14:00:00-07:00,1.13837,1.13934,1.13781,1.13848,
2020-07-16T18:00:00-07:00,1.13848,1.13937,1.13776,1.13874,
2020-07-16T22:00:00-07:00,1.13874,1.14175,1.13781,1.14164,
2020-07-17T02:00:00-07:00,1.14164,1.14301,1.14096,1.14191,
2020-07-17T06:00:00-07:00,1.14191,1.14426,1.14162,1.14355,
2020-07-17T10:00:00-07:00,1.14355,1.14437,1.1423,1.14276,
2020-07-19T14:00:00-07:00,1.14276,1.14457,1.14131,1.14224,
2020-07-19T18:00:00-07:00,1.14224,1.14412,1.14127,1.14412,
2020-07-19T22:00:00-07:00,1.14412,1.14678,1.1436,1.14577,
2020-07-20T02:00:00-07:00,1.14577,1.14643,1.14159,1.14184,
2020-07-20T06:00:00-07:00,1.14184,1.14485,1.14026,1.14388,
2020-07-20T10:00:00-07:00,1.14388,1.14491,1.14335,1.14477,
2020-07-20T14:00:00-07:00,1.14477,1.14641,1.1443,1.14557,
2020-07-20T18:00:00-07:00,1.14557,1.14698,1.14229,1.14308,
2020-07-20T22:00:00-07:00,1.14308,1.14668,1.14281,1.14436,
2020-07-21T02:00:00-07:00,1.14436,1.14603,1.14302,1.14389,
2020-07-21T06:00:00-07:00,1.14389,1.15176,1.14254,1.15164,
2020-07-21T10:00:00-07:00,1.15164,1.154,1.15128,1.1527,
2020-07-21T14:00:00-07:00,1.1527,1.15422,1.15253,1.15312,
2020-07-21T18:00:00-07:00,1.15312,1.1547,1.15296,1.15393,
2020-07-21T22:00:00-07:00,1.15393,1.15457,1.1507,1.15224,
2020-07-22T02:00:00-07:00,1.15224,1.16001,1.15169,1.15959,
2020-07-22T06:00:00-07:00,1.15959,1.16012,1.15709,1.15773,
2020-07-22T10:00:00-07:00,1.15773,1.15822,1.15629,1.15701,
2020-07-22T14:00:00-07:00,1.15701,1.15771,1.15644,1.15678,
2020-07-22T18:00:00-07:00,1.15678,1.1584,1.15644,1.15806,
2020-07-22T22:00:00-07:00,1.15806,1.15985,1.15706,1.15886,
2020-07-23T02:00:00-07:00,1.15886,1.15944,1.1542,1.15422,
2020-07-23T06:00:00-07:00,1.15422,1.1627,1.15403,1.16205,
2020-07-23T10:00:00-07:00,1.16205,1.16247,1.15889,1.15964,
2020-07-23T14:00:00-07:00,1.15964,1.16165,1.15923,1.16141,
2020-07-23T18:00:00-07:00,1.16141,1.16211,1.15952,1.15983,
2020-07-23T22:00:00-07:00,1.15983,1.16215,1.15903,1.16005,
2020-07-24T02:00:00-07:00,1.16005,1.16177,1.15813,1.16149,
2020-07-24T06:00:00-07:00,1.16149,1.16386,1.15981,1.16351,
2020-07-24T10:00:00-07:00,1.16351,1.16582,1.16344,1.1656,
2020-07-26T14:00:00-07:00,1.1656,1.16985,1.16424,1.16887,
2020-07-26T18:00:00-07:00,1.16887,1.17252,1.16854,1.17053,
2020-07-26T22:00:00-07:00,1.17053,1.1717,1.16897,1.16955,
2020-07-27T02:00:00-07:00,1.16955,1.17644,1.16819,1.17393,
2020-07-27T06:00:00-07:00,1.17393,1.17814,1.17281,1.1745,
2020-07-27T10:00:00-07:00,1.1745,1.1765,1.17424,1.17517,
2020-07-27T14:00:00-07:00,1.17517,1.1773,1.17471,1.17664,
2020-07-27T18:00:00-07:00,1.17664,1.17738,1.17143,1.17313,
2020-07-27T22:00:00-07:00,1.17313,1.17408,1.16988,1.17212,
2020-07-28T02:00:00-07:00,1.17212,1.17433,1.17003,1.17333,
2020-07-28T06:00:00-07:00,1.17333,1.17423,1.17083,1.17348,
2020-07-28T10:00:00-07:00,1.17348,1.17372,1.17123,1.1716,
2020-07-28T14:00:00-07:00,1.1716,1.17257,1.17135,1.17216,
2020-07-28T18:00:00-07:00,1.17216,1.1734,1.17154,1.17297,
2020-07-28T22:00:00-07:00,1.17297,1.17701,1.17247,1.17509,
2020-07-29T02:00:00-07:00,1.17509,1.17547,1.17185,1.17436,
2020-07-29T06:00:00-07:00,1.17436,1.17785,1.17422,1.17737,
2020-07-29T10:00:00-07:00,1.17737,1.18063,1.17543,1.17917,
2020-07-29T14:00:00-07:00,1.17917,1.17932,1.17725,1.17797,
2020-07-29T18:00:00-07:00,1.17797,1.17852,1.17659,1.17686,
2020-07-29T22:00:00-07:00,1.17686,1.17693,1.17404,1.1742,
2020-07-30T02:00:00-07:00,1.1742,1.17789,1.17309,1.17772,
2020-07-30T06:00:00-07:00,1.17772,1.18097,1.1774,1.18039,
2020-07-30T10:00:00-07:00,1.18039,1.18484,1.18023,1.18473,
2020-07-30T14:00:00-07:00,1.18473,1.18886,1.18368,1.18662,
2020-07-30T18:00:00-07:00,1.18662,1.19049,1.1862,1.18977,
2020-07-30T22:00:00-07:00,1.18977,1.19087,1.18521,1.1858,
2020-07-31T02:00:00-07:00,1.1858,1.18626,1.18275,1.18439,
2020-07-31T06:00:00-07:00,1.18439,1.18514,1.17616,1.17914,
2020-07-31T10:00:00-07:00,1.17914,1.18055,1.17697,1.17789,
2020-08-02T14:00:00-07:00,1.17789,1.17969,1.17406,1.17534,
2020-08-02T18:00:00-07:00,1.17534,1.17823,1.1745,1.17759,
2020-08-02T22:00:00-07:00,1.17759,1.1785,1.1749,1.17793,
2020-08-03T02:00:00-07:00,1.17793,1.17799,1.17061,1.17076,
2020-08-03T06:00:00-07:00,1.17076,1.17521,1.1696,1.17494,
2020-08-03T10:00:00-07:00,1.17494,1.1768,1.17471,1.17622,
2020-08-03T14:00:00-07:00,1.17622,1.17662,1.17522,1.17538,
2020-08-03T18:00:00-07:00,1.17538,1.17748,1.17536,1.1774,
2020-08-03T22:00:00-07:00,1.1774,1.18028,1.17642,1.17926,
2020-08-04T02:00:00-07:00,1.17926,1.18056,1.1722,1.17283,
2020-08-04T06:00:00-07:00,1.17283,1.17779,1.17214,1.17779,
2020-08-04T10:00:00-07:00,1.17779,1.18033,1.17748,1.18026,
2020-08-04T14:00:00-07:00,1.18026,1.18152,1.17931,1.18094,
2020-08-04T18:00:00-07:00,1.18094,1.18216,1.18052,1.18169,
2020-08-04T22:00:00-07:00,1.18169,1.18416,1.17993,1.18404,
2020-08-05T02:00:00-07:00,1.18404,1.18809,1.18316,1.18778,
2020-08-05T06:00:00-07:00,1.18778,1.1905,1.18631,1.18734,
2020-08-05T10:00:00-07:00,1.18734,1.1879,1.18546,1.18631,
2020-08-05T14:00:00-07:00,1.18631,1.18859,1.18622,1.18788,
2020-08-05T18:00:00-07:00,1.18788,1.1884,1.1863,1.18795,
2020-08-05T22:00:00-07:00,1.18795,1.19163,1.18384,1.18425,
2020-08-06T02:00:00-07:00,1.18425,1.18706,1.18324,1.18491,
2020-08-06T06:00:00-07:00,1.18491,1.18907,1.1818,1.18803,
2020-08-06T10:00:00-07:00,1.18803,1.18938,1.18637,1.18769,
2020-08-06T14:00:00-07:00,1.18769,1.18831,1.18716,1.18742,
2020-08-06T18:00:00-07:00,1.18742,1.18747,1.18197,1.18354,
2020-08-06T22:00:00-07:00,1.18354,1.18507,1.18213,1.18328,
2020-08-07T02:00:00-07:00,1.18328,1.18457,1.18025,1.18311,
2020-08-07T06:00:00-07:00,1.18311,1.18332,1.17555,1.17691,
2020-08-07T10:00:00-07:00,1.17691,1.1789,1.17665,1.17873,
2020-08-09T14:00:00-07:00,1.17873,1.17955,1.17736,1.17942,
2020-08-09T18:00:00-07:00,1.17942,1.17985,1.179,1.17911,
2020-08-09T22:00:00-07:00,1.17911,1.18008,1.17523,1.17725,
2020-08-10T02:00:00-07:00,1.17725,1.17755,1.17406,1.17678,
2020-08-10T06:00:00-07:00,1.17678,1.17919,1.17466,1.17535,
2020-08-10T10:00:00-07:00,1.17535,1.17567,1.17362,1.17378,
2020-08-10T14:00:00-07:00,1.17378,1.17429,1.17223,1.17249,
2020-08-10T18:00:00-07:00,1.17249,1.17551,1.17233,1.17523,
2020-08-10T22:00:00-07:00,1.17523,1.17745,1.1723,1.17727,
2020-08-11T02:00:00-07:00,1.17727,1.18076,1.17716,1.17976,
2020-08-11T06:00:00-07:00,1.17976,1.17977,1.1757,1.17714,
2020-08-11T10:00:00-07:00,1.17714,1.17719,1.17284,1.17401,
2020-08-11T14:00:00-07:00,1.17401,1.17459,1.1726,1.17341,
2020-08-11T18:00:00-07:00,1.17341,1.17413,1.1711,1.17145,
2020-08-11T22:00:00-07:00,1.17145,1.17606,1.17124,1.17477,
2020-08-12T02:00:00-07:00,1.17477,1.17956,1.17447,1.17907,
2020-08-12T06:00:00-07:00,1.17907,1.18163,1.17722,1.17916,
2020-08-12T10:00:00-07:00,1.17916,1.17972,1.17827,1.17842,
2020-08-12T14:00:00-07:00,1.17842,1.18109,1.17817,1.18067,
2020-08-12T18:00:00-07:00,1.18067,1.18173,1.18009,1.18012,
2020-08-12T22:00:00-07:00,1.18012,1.18412,1.18005,1.18384,
2020-08-13T02:00:00-07:00,1.18384,1.18532,1.18233,1.1849,
2020-08-13T06:00:00-07:00,1.1849,1.18642,1.18132,1.18174,
2020-08-13T10:00:00-07:00,1.18174,1.18212,1.17936,1.18135,
2020-08-13T14:00:00-07:00,1.18135,1.18209,1.18073,1.18097,
2020-08-13T18:00:00-07:00,1.18097,1.18186,1.18017,1.18133,
2020-08-13T22:00:00-07:00,1.18133,1.18266,1.1791,1.18164,
2020-08-14T02:00:00-07:00,1.18164,1.18301,1.17816,1.18186,
2020-08-14T06:00:00-07:00,1.18186,1.18487,1.18105,1.18454,
2020-08-14T10:00:00-07:00,1.18454,1.18504,1.1834,1.18424,
2020-08-16T14:00:00-07:00,1.18421,1.18531,1.18342,1.18474,
2020-08-16T18:00:00-07:00,1.18474,1.18676,1.18435,1.18565,
2020-08-16T22:00:00-07:00,1.18565,1.18681,1.18288,1.18383,
2020-08-17T02:00:00-07:00,1.18383,1.18639,1.18341,1.18571,
2020-08-17T06:00:00-07:00,1.18571,1.18809,1.18515,1.18678,
2020-08-17T10:00:00-07:00,1.18678,1.18741,1.18603,1.18704,
2020-08-17T14:00:00-07:00,1.18704,1.1892,1.18664,1.18907,
2020-08-17T18:00:00-07:00,1.18907,1.18967,1.18832,1.1892,
2020-08-17T22:00:00-07:00,1.1892,1.19151,1.18826,1.19106,
2020-08-18T02:00:00-07:00,1.19106,1.19448,1.18974,1.19364,
2020-08-18T06:00:00-07:00,1.19364,1.19657,1.19182,1.19361,
2020-08-18T10:00:00-07:00,1.19361,1.19387,1.19285,1.19313,
2020-08-18T14:00:00-07:00,1.19313,1.19519,1.19284,1.19477,
2020-08-18T18:00:00-07:00,1.19477,1.19529,1.19279,1.19313,
2020-08-18T22:00:00-07:00,1.19313,1.19476,1.19225,1.19408,
2020-08-19T02:00:00-07:00,1.19408,1.19509,1.19256,1.1931,
2020-08-19T06:00:00-07:00,1.1931,1.19488,1.18663,1.18778,
2020-08-19T10:00:00-07:00,1.18778,1.1894,1.18304,1.18384,
2020-08-19T14:00:00-07:00,1.18384,1.18533,1.18364,1.18448,
2020-08-19T18:00:00-07:00,1.18448,1.18535,1.18314,1.1848,
2020-08-19T22:00:00-07:00,1.1848,1.18688,1.18121,1.18368,
2020-08-20T02:00:00-07:00,1.18368,1.18563,1.18215,1.18308,
2020-08-20T06:00:00-07:00,1.18308,1.18652,1.18022,1.18544,
2020-08-20T10:00:00-07:00,1.18544,1.18634,1.18489,1.18605,
2020-08-20T14:00:00-07:00,1.18605,1.18769,1.18561,1.18744,
2020-08-20T18:00:00-07:00,1.18744,1.18783,1.18631,1.18771,
2020-08-20T22:00:00-07:00,1.18771,1.1883,1.17993,1.18129,
2020-08-21T02:00:00-07:00,1.18129,1.18184,1.17605,1.17853,
2020-08-21T06:00:00-07:00,1.17853,1.17876,1.17543,1.17725,
2020-08-21T10:00:00-07:00,1.17725,1.17987,1.17698,1.17964,
2020-08-23T14:00:00-07:00,1.17967,1.18067,1.17909,1.1795,
2020-08-23T18:00:00-07:00,1.1795,1.18067,1.17848,1.17944,
2020-08-23T22:00:00-07:00,1.17944,1.18249,1.1791,1.18222,
2020-08-24T02:00:00-07:00,1.18222,1.18497,1.18216,1.18423,
2020-08-24T06:00:00-07:00,1.18423,1.1845,1.1792,1.17996,
2020-08-24T10:00:00-07:00,1.17996,1.18056,1.17843,1.17879,
2020-08-24T14:00:00-07:00,1.17879,1.18005,1.17844,1.17988,
2020-08-24T18:00:00-07:00,1.17988,1.18149,1.17965,1.18106,
2020-08-24T22:00:00-07:00,1.18106,1.18348,1.17981,1.18236,
2020-08-25T02:00:00-07:00,1.18236,1.18426,1.18039,1.18165,
2020-08-25T06:00:00-07:00,1.18165,1.18437,1.18053,1.1812,
2020-08-25T10:00:00-07:00,1.1812,1.18375,1.18114,1.18345,
2020-08-25T14:00:00-07:00,1.18345,1.18392,1.18278,1.18289,
2020-08-25T18:00:00-07:00,1.18289,1.18351,1.18103,1.18122,
2020-08-25T22:00:00-07:00,1.18122,1.18254,1.18008,1.18145,
2020-08-26T02:00:00-07:00,1.18145,1.18257,1.17723,1.17886,
2020-08-26T06:00:00-07:00,1.17886,1.18356,1.17812,1.18325,
2020-08-26T10:00:00-07:00,1.18325,1.18392,1.1815,1.183,
2020-08-26T14:00:00-07:00,1.183,1.18451,1.18293,1.18395,
2020-08-26T18:00:00-07:00,1.18395,1.185,1.18245,1.1833,
2020-08-26T22:00:00-07:00,1.1833,1.18398,1.18166,1.18341,
2020-08-27T02:00:00-07:00,1.18341,1.18406,1.17943,1.1833,
2020-08-27T06:00:00-07:00,1.1833,1.19019,1.17626,1.17975,
2020-08-27T10:00:00-07:00,1.17975,1.18349,1.17932,1.18222,
2020-08-27T14:00:00-07:00,1.18222,1.18249,1.18112,1.18173,
2020-08-27T18:00:00-07:00,1.18173,1.18747,1.18148,1.18736,
2020-08-27T22:00:00-07:00,1.18736,1.1918,1.18611,1.19092,
2020-08-28T02:00:00-07:00,1.19092,1.19199,1.18748,1.18859,
2020-08-28T06:00:00-07:00,1.18859,1.19111,1.18676,1.18886,
2020-08-28T10:00:00-07:00,1.18886,1.19069,1.18838,1.1904,
2020-08-30T14:00:00-07:00,1.1904,1.19295,1.19011,1.19079,
2020-08-30T18:00:00-07:00,1.19079,1.19174,1.18968,1.19013,
2020-08-30T22:00:00-07:00,1.19013,1.19121,1.18846,1.19082,
2020-08-31T02:00:00-07:00,1.19082,1.19401,1.19079,1.19341,
2020-08-31T06:00:00-07:00,1.19341,1.19662,1.19218,1.19443,
2020-08-31T10:00:00-07:00,1.19443,1.19502,1.19259,1.19365,
2020-08-31T14:00:00-07:00,1.19365,1.19483,1.19353,1.19413,
2020-08-31T18:00:00-07:00,1.19413,1.19975,1.19413,1.19875,
2020-08-31T22:00:00-07:00,1.19875,1.19969,1.19618,1.19734,
2020-09-01T02:00:00-07:00,1.19734,1.19955,1.19636,1.19888,
2020-09-01T06:00:00-07:00,1.19888,1.20111,1.19322,1.19342,
2020-09-01T10:00:00-07:00,1.19342,1.19342,1.19015,1.19118,
2020-09-01T14:00:00-07:00,1.19118,1.19288,1.19064,1.19077,
2020-09-01T18:00:00-07:00,1.19077,1.19094,1.1892,1.19054,
2020-09-01T22:00:00-07:00,1.19054,1.19136,1.18525,1.18574,
2020-09-02T02:00:00-07:00,1.18574,1.18777,1.18455,1.18591,
2020-09-02T06:00:00-07:00,1.18591,1.18606,1.18222,1.1848,
2020-09-02T10:00:00-07:00,1.1848,1.18578,1.18233,1.18552,
2020-09-02T14:00:00-07:00,1.18552,1.18562,1.183,1.18314,
2020-09-02T18:00:00-07:00,1.18314,1.18364,1.18046,1.18104,
2020-09-02T22:00:00-07:00,1.18104,1.18361,1.17889,1.18327,
2020-09-03T02:00:00-07:00,1.18327,1.18414,1.1802,1.18326,
2020-09-03T06:00:00-07:00,1.18326,1.18491,1.18113,1.18335,
2020-09-03T10:00:00-07:00,1.18335,1.18647,1.18321,1.18517,
2020-09-03T14:00:00-07:00,1.18517,1.1858,1.18391,1.18527,
2020-09-03T18:00:00-07:00,1.18527,1.18581,1.18408,1.18518,
2020-09-03T22:00:00-07:00,1.18518,1.18656,1.18334,1.18592,
2020-09-04T02:00:00-07:00,1.18592,1.18629,1.1802,1.18115,
2020-09-04T06:00:00-07:00,1.18115,1.18365,1.17811,1.18353,
2020-09-04T10:00:00-07:00,1.18353,1.1855,1.18323,1.18381,
2020-09-06T14:00:00-07:00,1.1838,1.18472,1.18334,1.18361,
2020-09-06T18:00:00-07:00,1.18361,1.18412,1.18301,1.18341,
2020-09-06T22:00:00-07:00,1.18341,1.18487,1.18246,1.18326,
2020-09-07T02:00:00-07:00,1.18326,1.18371,1.18127,1.18226,
2020-09-07T06:00:00-07:00,1.18226,1.18327,1.1815,1.18164,
2020-09-07T10:00:00-07:00,1.18164,1.18199,1.1812,1.18157,
2020-09-07T14:00:00-07:00,1.18157,1.18218,1.18051,1.18071,
2020-09-07T18:00:00-07:00,1.18071,1.18114,1.17953,1.18113,
2020-09-07T22:00:00-07:00,1.18113,1.18276,1.17979,1.18085,
2020-09-08T02:00:00-07:00,1.18085,1.18152,1.1778,1.18007,
2020-09-08T06:00:00-07:00,1.18007,1.18059,1.17657,1.17961,
2020-09-08T10:00:00-07:00,1.17961,1.17987,1.17732,1.17733,
2020-09-08T14:00:00-07:00,1.17733,1.178,1.17573,1.17757,
2020-09-08T18:00:00-07:00,1.17757,1.17829,1.17673,1.17786,
2020-09-08T22:00:00-07:00,1.17786,1.17874,1.17609,1.17635,
2020-09-09T02:00:00-07:00,1.17635,1.18197,1.17529,1.17987,
2020-09-09T06:00:00-07:00,1.17987,1.1834,1.1792,1.18035,
2020-09-09T10:00:00-07:00,1.18035,1.1811,1.17991,1.18031,
2020-09-09T14:00:00-07:00,1.18031,1.18148,1.17994,1.18102,
2020-09-09T18:00:00-07:00,1.18102,1.18248,1.18071,1.18194,
2020-09-09T22:00:00-07:00,1.18194,1.18402,1.18161,1.18344,
2020-09-10T02:00:00-07:00,1.18344,1.19026,1.18292,1.18877,
2020-09-10T06:00:00-07:00,1.18877,1.19174,1.18482,1.18576,
2020-09-10T10:00:00-07:00,1.18576,1.18644,1.18101,1.18151,
2020-09-10T14:00:00-07:00,1.18151,1.18369,1.18128,1.1835,
2020-09-10T18:00:00-07:00,1.1835,1.18403,1.18303,1.18354,
2020-09-10T22:00:00-07:00,1.18354,1.18601,1.18286,1.18568,
2020-09-11T02:00:00-07:00,1.18568,1.18742,1.18348,1.18465,
2020-09-11T06:00:00-07:00,1.18465,1.18575,1.18279,1.18375,
2020-09-11T10:00:00-07:00,1.18375,1.18486,1.18265,1.18466,
2020-09-13T14:00:00-07:00,1.18466,1.18477,1.18323,1.18345,
2020-09-13T18:00:00-07:00,1.18345,1.18512,1.18339,1.18475,
2020-09-13T22:00:00-07:00,1.18475,1.18688,1.18429,1.18566,
2020-09-14T02:00:00-07:00,1.18566,1.18842,1.18496,1.18778,
2020-09-14T06:00:00-07:00,1.18778,1.1888,1.18647,1.1867,
2020-09-14T10:00:00-07:00,1.1867,1.18703,1.18594,1.18657,
2020-09-14T14:00:00-07:00,1.18657,1.18703,1.18588,1.18687,
2020-09-14T18:00:00-07:00,1.18687,1.18948,1.18642,1.18939,
2020-09-14T22:00:00-07:00,1.18939,1.18998,1.1876,1.18819,
2020-09-15T02:00:00-07:00,1.18819,1.19007,1.18686,1.18749,
2020-09-15T06:00:00-07:00,1.18749,1.18817,1.18396,1.18528,
2020-09-15T10:00:00-07:00,1.18528,1.18548,1.1845,1.18466,
2020-09-15T14:00:00-07:00,1.18466,1.18519,1.18293,1.18345,
2020-09-15T18:00:00-07:00,1.18345,1.1849,1.18287,1.18479,
2020-09-15T22:00:00-07:00,1.18479,1.18729,1.18412,1.18659,
2020-09-16T02:00:00-07:00,1.18659,1.18824,1.1846,1.1858,
2020-09-16T06:00:00-07:00,1.1858,1.18689,1.18096,1.18332,
2020-09-16T10:00:00-07:00,1.18332,1.18551,1.17876,1.1816,
2020-09-16T14:00:00-07:00,1.1816,1.18194,1.17688,1.17774,
2020-09-16T18:00:00-07:00,1.17774,1.17909,1.17374,1.17588,
2020-09-16T22:00:00-07:00,1.17588,1.18123,1.17556,1.18038,
2020-09-17T02:00:00-07:00,1.18038,1.18128,1.17832,1.18083,
2020-09-17T06:00:00-07:00,1.18083,1.18278,1.1794,1.18222,
2020-09-17T10:00:00-07:00,1.18222,1.18526,1.18214,1.18483,
2020-09-17T14:00:00-07:00,1.18483,1.18619,1.18446,1.18541,
2020-09-17T18:00:00-07:00,1.18541,1.18615,1.18433,1.18489,
2020-09-17T22:00:00-07:00,1.18489,1.1869,1.18404,1.18593,
2020-09-18T02:00:00-07:00,1.18593,1.1864,1.18306,1.18443,
2020-09-18T06:00:00-07:00,1.18443,1.18704,1.18262,1.18657,
2020-09-18T10:00:00-07:00,1.18657,1.18676,1.18389,1.18397,
2020-09-20T14:00:00-07:00,1.18397,1.18608,1.18397,1.18594,
2020-09-20T18:00:00-07:00,1.18594,1.1872,1.18547,1.18667,
2020-09-20T22:00:00-07:00,1.18667,1.18702,1.17915,1.18014,
2020-09-21T02:00:00-07:00,1.18014,1.18014,1.17633,1.17698,
2020-09-21T06:00:00-07:00,1.17698,1.178,1.17319,1.17407,
2020-09-21T10:00:00-07:00,1.17407,1.17749,1.17364,1.17711,
2020-09-21T14:00:00-07:00,1.17711,1.1774,1.17561,1.17683,
2020-09-21T18:00:00-07:00,1.17683,1.17718,1.1753,1.17688,
2020-09-21T22:00:00-07:00,1.17688,1.17691,1.17202,1.17449,
2020-09-22T02:00:00-07:00,1.17449,1.17675,1.17334,1.17507,
2020-09-22T06:00:00-07:00,1.17507,1.17608,1.16918,1.17043,
2020-09-22T10:00:00-07:00,1.17043,1.17166,1.17026,1.17081,
2020-09-22T14:00:00-07:00,1.17081,1.17108,1.16782,1.16805,
2020-09-22T18:00:00-07:00,1.16805,1.16925,1.16749,1.16786,
2020-09-22T22:00:00-07:00,1.16786,1.1705,1.16723,1.17043,
2020-09-23T02:00:00-07:00,1.17043,1.17192,1.16855,1.16916,
2020-09-23T06:00:00-07:00,1.16916,1.17045,1.16642,1.16813,
2020-09-23T10:00:00-07:00,1.16813,1.16851,1.16515,1.16603,
2020-09-23T14:00:00-07:00,1.16603,1.16734,1.16521,1.16731,
2020-09-23T18:00:00-07:00,1.16731,1.16799,1.16527,1.16528,
2020-09-23T22:00:00-07:00,1.16528,1.16738,1.16446,1.1657,
2020-09-24T02:00:00-07:00,1.1657,1.16598,1.16266,1.16397,
2020-09-24T06:00:00-07:00,1.16397,1.16693,1.1631,1.16625,
2020-09-24T10:00:00-07:00,1.16625,1.1687,1.16614,1.16729,
2020-09-24T14:00:00-07:00,1.16729,1.16774,1.16643,1.1668,
2020-09-24T18:00:00-07:00,1.1668,1.16745,1.16622,1.16681,
2020-09-24T22:00:00-07:00,1.16681,1.16851,1.16516,1.1656,
2020-09-25T02:00:00-07:00,1.1656,1.16561,1.16276,1.1637,
2020-09-25T06:00:00-07:00,1.1637,1.16396,1.16122,1.16195,
2020-09-25T10:00:00-07:00,1.16195,1.16352,1.16157,1.16324,
2020-09-27T14:00:00-07:00,1.16324,1.16382,1.16151,1.16165,
2020-09-27T18:00:00-07:00,1.16165,1.16404,1.16165,1.16317,
2020-09-27T22:00:00-07:00,1.16317,1.16458,1.16226,1.16411,
2020-09-28T02:00:00-07:00,1.16411,1.1678,1.16378,1.16631,
2020-09-28T06:00:00-07:00,1.16631,1.16801,1.16426,1.1656,
2020-09-28T10:00:00-07:00,1.1656,1.16714,1.1654,1.1666,
2020-09-28T14:00:00-07:00,1.1666,1.16839,1.16615,1.16771,
2020-09-28T18:00:00-07:00,1.16771,1.16791,1.1667,1.16764,
2020-09-28T22:00:00-07:00,1.16764,1.16864,1.16654,1.16833,
2020-09-29T02:00:00-07:00,1.16833,1.17145,1.16811,1.17033,
2020-09-29T06:00:00-07:00,1.17033,1.17439,1.16951,1.17377,
2020-09-29T10:00:00-07:00,1.17377,1.17455,1.1732,1.17431,
2020-09-29T14:00:00-07:00,1.17431,1.17486,1.17362,1.17381,
2020-09-29T18:00:00-07:00,1.17381,1.1755,1.17279,1.17345,
2020-09-29T22:00:00-07:00,1.17345,1.17429,1.17063,1.17098,
2020-09-30T02:00:00-07:00,1.17098,1.17191,1.16941,1.17096,
2020-09-30T06:00:00-07:00,1.17096,1.17518,1.1685,1.17216,
2020-09-30T10:00:00-07:00,1.17216,1.17283,1.17099,1.17205,
2020-09-30T14:00:00-07:00,1.17205,1.1732,1.17173,1.17184,
2020-09-30T18:00:00-07:00,1.17184,1.17486,1.17177,1.17472,
2020-09-30T22:00:00-07:00,1.17472,1.17578,1.17223,1.17245,
2020-10-01T02:00:00-07:00,1.17245,1.17698,1.17238,1.17548,
2020-10-01T06:00:00-07:00,1.17548,1.17594,1.17215,1.17448,
2020-10-01T10:00:00-07:00,1.17448,1.17507,1.1735,1.17483,
2020-10-01T14:00:00-07:00,1.17483,1.17498,1.17338,1.17349,
2020-10-01T18:00:00-07:00,1.17349,1.17371,1.17034,1.17061,
2020-10-01T22:00:00-07:00,1.17061,1.17416,1.16958,1.17139,
2020-10-02T02:00:00-07:00,1.17139,1.17338,1.16988,1.17085,
2020-10-02T06:00:00-07:00,1.17085,1.17248,1.17001,1.17178,
2020-10-02T10:00:00-07:00,1.17178,1.17216,1.17097,1.17165,
2020-10-04T14:00:00-07:00,1.17165,1.1729,1.17063,1.17253,
2020-10-04T18:00:00-07:00,1.17253,1.17359,1.17215,1.17323,
2020-10-04T22:00:00-07:00,1.17323,1.17499,1.17199,1.17493,
2020-10-05T02:00:00-07:00,1.17493,1.17694,1.17463,1.1764,
2020-10-05T06:00:00-07:00,1.1764,1.17977,1.1764,1.17866,
2020-10-05T10:00:00-07:00,1.17866,1.17879,1.17717,1.1783,
2020-10-05T14:00:00-07:00,1.1783,1.17932,1.17791,1.17908,
2020-10-05T18:00:00-07:00,1.17908,1.17986,1.17861,1.17886,
2020-10-05T22:00:00-07:00,1.17886,1.18001,1.17658,1.17777,
2020-10-06T02:00:00-07:00,1.17777,1.18078,1.1773,1.17916,
2020-10-06T06:00:00-07:00,1.17916,1.18029,1.17731,1.17812,
2020-10-06T10:00:00-07:00,1.17812,1.17898,1.1732,1.17341,
2020-10-06T14:00:00-07:00,1.17341,1.17408,1.17306,1.17354,
2020-10-06T18:00:00-07:00,1.17354,1.17354,1.17251,1.17339,
2020-10-06T22:00:00-07:00,1.17339,1.17672,1.17299,1.17578,
2020-10-07T02:00:00-07:00,1.17578,1.1782,1.17494,1.17784,
2020-10-07T06:00:00-07:00,1.17784,1.17789,1.17579,1.17719,
2020-10-07T10:00:00-07:00,1.17719,1.17752,1.17604,1.17629,
2020-10-07T14:00:00-07:00,1.17629,1.17706,1.17613,1.17652,
2020-10-07T18:00:00-07:00,1.17652,1.1772,1.17596,1.17688,
2020-10-07T22:00:00-07:00,1.17688,1.17818,1.17559,1.17609,
2020-10-08T02:00:00-07:00,1.17609,1.1769,1.17521,1.17554,
2020-10-08T06:00:00-07:00,1.17554,1.17581,1.17328,1.17546,
2020-10-08T10:00:00-07:00,1.17546,1.17617,1.17516,1.17592,
2020-10-08T14:00:00-07:00,1.17592,1.17674,1.17557,1.17611,
2020-10-08T18:00:00-07:00,1.17611,1.17809,1.17602,1.17754,
2020-10-08T22:00:00-07:00,1.17754,1.1804,1.17669,1.18019,
2020-10-09T02:00:00-07:00,1.18019,1.18101,1.17916,1.18093,
2020-10-09T06:00:00-07:00,1.18093,1.18282,1.18012,1.18232,
2020-10-09T10:00:00-07:00,1.18232,1.18312,1.18182,1.18297,
2020-10-11T14:00:00-07:00,1.18297,1.18297,1.18104,1.18129,
2020-10-11T18:00:00-07:00,1.18129,1.18218,1.18087,1.18186,
2020-10-11T22:00:00-07:00,1.18186,1.18269,1.18059,1.18113,
2020-10-12T02:00:00-07:00,1.18113,1.1814,1.17868,1.18098,
2020-10-12T06:00:00-07:00,1.18098,1.18167,1.18022,1.18109,
2020-10-12T10:00:00-07:00,1.18109,1.18152,1.18048,1.18124,
2020-10-12T14:00:00-07:00,1.18124,1.18161,1.17943,1.18002,
2020-10-12T18:00:00-07:00,1.18002,1.18057,1.17908,1.17983,
2020-10-12T22:00:00-07:00,1.17983,1.18032,1.17782,1.17938,
2020-10-13T02:00:00-07:00,1.17938,1.17988,1.17834,1.1791,
2020-10-13T06:00:00-07:00,1.1791,1.17911,1.17308,1.17347,
2020-10-13T10:00:00-07:00,1.17347,1.17495,1.17311,1.17459,
2020-10-13T14:00:00-07:00,1.17459,1.17511,1.17381,1.17456,
2020-10-13T18:00:00-07:00,1.17456,1.17476,1.17352,1.17428,
2020-10-13T22:00:00-07:00,1.17428,1.17537,1.1729,1.17405,
2020-10-14T02:00:00-07:00,1.17405,1.17692,1.17204,1.17614,
2020-10-14T06:00:00-07:00,1.17614,1.17712,1.17456,1.17515,
2020-10-14T10:00:00-07:00,1.17515,1.17572,1.1744,1.17455,
2020-10-14T14:00:00-07:00,1.17455,1.17515,1.17408,1.17481,
2020-10-14T18:00:00-07:00,1.17481,1.17561,1.17432,1.17524,
2020-10-14T22:00:00-07:00,1.17524,1.17578,1.17032,1.17067,
2020-10-15T02:00:00-07:00,1.17067,1.17255,1.16924,1.16994,
2020-10-15T06:00:00-07:00,1.16994,1.1707,1.16886,1.16973,
2020-10-15T10:00:00-07:00,1.16973,1.17102,1.16928,1.17078,
2020-10-15T14:00:00-07:00,1.17078,1.17126,1.17008,1.17122,
2020-10-15T18:00:00-07:00,1.17122,1.17157,1.17021,1.17029,
2020-10-15T22:00:00-07:00,1.17029,1.17202,1.16941,1.17048,
2020-10-16T02:00:00-07:00,1.17048,1.17463,1.17026,1.17328,
2020-10-16T06:00:00-07:00,1.17328,1.17396,1.17137,1.17191,
2020-10-16T10:00:00-07:00,1.17191,1.17228,1.17133,1.17164,
2020-10-18T14:00:00-07:00,1.17165,1.17236,1.17115,1.17236,
2020-10-18T18:00:00-07:00,1.17236,1.17252,1.17041,1.17058,
2020-10-18T22:00:00-07:00,1.17058,1.17421,1.17032,1.17377,
2020-10-19T02:00:00-07:00,1.17377,1.17889,1.17375,1.17774,
2020-10-19T06:00:00-07:00,1.17774,1.17937,1.1773,1.17819,
2020-10-19T10:00:00-07:00,1.17819,1.17855,1.17644,1.17693,
2020-10-19T14:00:00-07:00,1.17693,1.17761,1.1765,1.1775,
2020-10-19T18:00:00-07:00,1.1775,1.1778,1.17642,1.17772,
2020-10-19T22:00:00-07:00,1.17772,1.17934,1.17599,1.17821,
2020-10-20T02:00:00-07:00,1.17821,1.1818,1.17811,1.18089,
2020-10-20T06:00:00-07:00,1.18089,1.18407,1.18076,1.18266,
2020-10-20T10:00:00-07:00,1.18266,1.18363,1.18198,1.18222,
2020-10-20T14:00:00-07:00,1.18222,1.18351,1.18221,1.18336,
2020-10-20T18:00:00-07:00,1.18336,1.18496,1.18303,1.18479,
2020-10-20T22:00:00-07:00,1.18479,1.18703,1.18429,1.18507,
2020-10-21T02:00:00-07:00,1.18507,1.18661,1.18417,1.18628,
2020-10-21T06:00:00-07:00,1.18628,1.18807,1.18442,1.18736,
2020-10-21T10:00:00-07:00,1.18736,1.18768,1.18541,1.18613,
2020-10-21T14:00:00-07:00,1.18613,1.18651,1.18429,1.18459,
2020-10-21T18:00:00-07:00,1.18459,1.1851,1.18384,1.1845,
2020-10-21T22:00:00-07:00,1.1845,1.18669,1.18404,1.18446,
2020-10-22T02:00:00-07:00,1.18446,1.18459,1.18115,1.18262,
2020-10-22T06:00:00-07:00,1.18262,1.18368,1.18155,1.18224,
2020-10-22T10:00:00-07:00,1.18224,1.18262,1.1816,1.18184,
2020-10-22T14:00:00-07:00,1.18184,1.1824,1.17869,1.17999,
2020-10-22T18:00:00-07:00,1.17999,1.18045,1.17951,1.18019,
2020-10-22T22:00:00-07:00,1.18019,1.18466,1.17915,1.18388,
2020-10-23T02:00:00-07:00,1.18388,1.18602,1.18343,1.18531,
2020-10-23T06:00:00-07:00,1.18531,1.18547,1.18255,1.18434,
2020-10-23T10:00:00-07:00,1.18434,1.18649,1.18425,1.18627,
2020-10-25T14:00:00-07:00,1.18627,1.18627,1.18395,1.18445,
2020-10-25T18:00:00-07:00,1.18445,1.18493,1.18324,1.1833,
2020-10-25T22:00:00-07:00,1.1833,1.18476,1.18134,1.18183,
2020-10-26T02:00:00-07:00,1.18183,1.18279,1.18033,1.18134,
2020-10-26T06:00:00-07:00,1.18134,1.18249,1.18078,1.18241,
2020-10-26T10:00:00-07:00,1.18241,1.18265,1.18063,1.18095,
2020-10-26T14:00:00-07:00,1.18095,1.1821,1.18066,1.18209,
2020-10-26T18:00:00-07:00,1.18209,1.18253,1.18157,1.18246,
2020-10-26T22:00:00-07:00,1.18246,1.18361,1.17964,1.18095,
2020-10-27T02:00:00-07:00,1.18095,1.18334,1.1801,1.18275,
2020-10-27T06:00:00-07:00,1.18275,1.18388,1.18198,1.18292,
2020-10-27T10:00:00-07:00,1.18292,1.18305,1.17928,1.17956,
2020-10-27T14:00:00-07:00,1.17956,1.17987,1.17698,1.17792,
2020-10-27T18:00:00-07:00,1.17792,1.17881,1.17747,1.17795,
2020-10-27T22:00:00-07:00,1.17795,1.17853,1.17501,1.17648,
2020-10-28T02:00:00-07:00,1.17648,1.1765,1.17179,1.17267,
2020-10-28T06:00:00-07:00,1.17267,1.17605,1.17208,1.17513,
2020-10-28T10:00:00-07:00,1.17513,1.17583,1.17448,1.17463,
2020-10-28T14:00:00-07:00,1.17463,1.17565,1.17436,1.17514,
2020-10-28T18:00:00-07:00,1.17514,1.17589,1.17443,1.17529,
2020-10-28T22:00:00-07:00,1.17529,1.17575,1.1725,1.17294,
2020-10-29T02:00:00-07:00,1.17294,1.17385,1.16952,1.17042,
2020-10-29T06:00:00-07:00,1.17042,1.17148,1.1655,1.16606,
2020-10-29T10:00:00-07:00,1.16606,1.16785,1.16502,1.16742,
2020-10-29T14:00:00-07:00,1.16742,1.16789,1.16682,1.16744,
2020-10-29T18:00:00-07:00,1.16744,1.16946,1.16725,1.16816,
2020-10-29T22:00:00-07:00,1.16816,1.16845,1.16605,1.16688,
2020-10-30T02:00:00-07:00,1.16688,1.17043,1.16646,1.16995,
2020-10-30T06:00:00-07:00,1.16995,1.17028,1.16422,1.16512,
2020-10-30T10:00:00-07:00,1.16512,1.16514,1.16402,1.16467,
2020-11-01T14:00:00-08:00,1.16469,1.16504,1.16379,1.16419,
2020-11-01T18:00:00-08:00,1.16419,1.16473,1.16301,1.16373,
2020-11-01T22:00:00-08:00,1.16373,1.16493,1.16224,1.16405,
2020-11-02T02:00:00-08:00,1.16405,1.16558,1.16364,1.16373,
2020-11-02T06:00:00-08:00,1.16373,1.16408,1.16241,1.16277,
2020-11-02T10:00:00-08:00,1.16277,1.16415,1.1623,1.16406,
2020-11-02T14:00:00-08:00,1.16406,1.16513,1.16303,1.16501,
2020-11-02T18:00:00-08:00,1.16501,1.16598,1.16473,1.1655,
2020-11-02T22:00:00-08:00,1.1655,1.16978,1.16534,1.16967,
2020-11-03T02:00:00-08:00,1.16967,1.17182,1.1692,1.17046,
2020-11-03T06:00:00-08:00,1.17046,1.17398,1.17027,1.17096,
2020-11-03T10:00:00-08:00,1.17096,1.17228,1.16959,1.17154,
2020-11-03T14:00:00-08:00,1.17154,1.17709,1.16746,1.16839,
2020-11-03T18:00:00-08:00,1.16839,1.16859,1.16031,1.16589,
2020-11-03T22:00:00-08:00,1.16589,1.16952,1.16287,1.16758,
2020-11-04T02:00:00-08:00,1.16758,1.17456,1.16723,1.17106,
2020-11-04T06:00:00-08:00,1.17106,1.17343,1.16804,1.17151,
2020-11-04T10:00:00-08:00,1.17151,1.17287,1.17103,1.17239,
2020-11-04T14:00:00-08:00,1.17239,1.17392,1.17183,1.17215,
2020-11-04T18:00:00-08:00,1.17215,1.17443,1.1711,1.17364,
2020-11-04T22:00:00-08:00,1.17364,1.18025,1.17277,1.17947,
2020-11-05T02:00:00-08:00,1.17947,1.18598,1.17889,1.18393,
2020-11-05T06:00:00-08:00,1.18393,1.18399,1.17913,1.18032,
2020-11-05T10:00:00-08:00,1.18032,1.18442,1.17954,1.18256,
2020-11-05T14:00:00-08:00,1.18256,1.18467,1.17955,1.1812,
2020-11-05T18:00:00-08:00,1.1812,1.18334,1.18076,1.18146,
2020-11-05T22:00:00-08:00,1.18146,1.18536,1.18131,1.18531,
2020-11-06T02:00:00-08:00,1.18531,1.18904,1.18467,1.18892,
2020-11-06T06:00:00-08:00,1.18892,1.1891,1.18512,1.18811,
2020-11-06T10:00:00-08:00,1.18811,1.18865,1.18717,1.1873,
2020-11-08T14:00:00-08:00,1.1873,1.18954,1.1873,1.1888,
2020-11-08T18:00:00-08:00,1.1888,1.18959,1.18802,1.18806,
2020-11-08T22:00:00-08:00,1.18806,1.18985,1.18649,1.18739,
2020-11-09T02:00:00-08:00,1.18739,1.19069,1.18602,1.1893,
2020-11-09T06:00:00-08:00,1.1893,1.19198,1.17955,1.18188,
2020-11-09T10:00:00-08:00,1.18188,1.18365,1.18031,1.1813,
2020-11-09T14:00:00-08:00,1.1813,1.18283,1.18071,1.18242,
2020-11-09T18:00:00-08:00,1.18242,1.18386,1.1823,1.18334,
2020-11-09T22:00:00-08:00,1.18334,1.18434,1.18005,1.18065,
2020-11-10T02:00:00-08:00,1.18065,1.18199,1.17801,1.18104,
2020-11-10T06:00:00-08:00,1.18104,1.18344,1.18012,1.18198,
2020-11-10T10:00:00-08:00,1.18198,1.18261,1.18034,1.18149,
2020-11-10T14:00:00-08:00,1.18149,1.18283,1.18114,1.18273,
2020-11-10T18:00:00-08:00,1.18273,1.18328,1.18213,1.18249,
2020-11-10T22:00:00-08:00,1.18249,1.18283,1.17798,1.1793,
2020-11-11T02:00:00-08:00,1.1793,1.17971,1.17538,1.17585,
2020-11-11T06:00:00-08:00,1.17585,1.17744,1.17456,1.17731,
2020-11-11T10:00:00-08:00,1.17731,1.17824,1.17693,1.17773,
2020-11-11T14:00:00-08:00,1.17773,1.17884,1.17734,1.17821,
2020-11-11T18:00:00-08:00,1.17821,1.17835,1.17679,1.17739,
2020-11-11T22:00:00-08:00,1.17739,1.18121,1.17587,1.18092,
2020-11-12T02:00:00-08:00,1.18092,1.18232,1.179,1.18096,
2020-11-12T06:00:00-08:00,1.18096,1.18177,1.17873,1.18002,
2020-11-12T10:00:00-08:00,1.18002,1.18114,1.17961,1.18062,
2020-11-12T14:00:00-08:00,1.18062,1.18138,1.18019,1.18086,
2020-11-12T18:00:00-08:00,1.18086,1.18099,1.17991,1.18065,
2020-11-12T22:00:00-08:00,1.18065,1.18273,1.18009,1.1827,
2020-11-13T02:00:00-08:00,1.1827,1.18345,1.18083,1.18208,
2020-11-13T06:00:00-08:00,1.18208,1.18317,1.18138,1.18266,
2020-11-13T10:00:00-08:00,1.18266,1.18372,1.18243,1.18344,
2020-11-15T14:00:00-08:00,1.18344,1.18491,1.18288,1.18482,
2020-11-15T18:00:00-08:00,1.18482,1.18547,1.18452,1.18472,
2020-11-15T22:00:00-08:00,1.18472,1.18687,1.18405,1.1845,
2020-11-16T02:00:00-08:00,1.1845,1.18493,1.18142,1.18212,
2020-11-16T06:00:00-08:00,1.18212,1.18456,1.18189,1.18419,
2020-11-16T10:00:00-08:00,1.18419,1.1857,1.18369,1.18518,
2020-11-16T14:00:00-08:00,1.18518,1.18666,1.18514,1.186,
2020-11-16T18:00:00-08:00,1.186,1.18671,1.18542,1.18564,
2020-11-16T22:00:00-08:00,1.18564,1.18756,1.18429,1.1868,
2020-11-17T02:00:00-08:00,1.1868,1.18937,1.18654,1.1886,
2020-11-17T06:00:00-08:00,1.1886,1.18861,1.18575,1.18631,
2020-11-17T10:00:00-08:00,1.18631,1.18694,1.18607,1.18623,
2020-11-17T14:00:00-08:00,1.18623,1.18662,1.18504,1.18547,
2020-11-17T18:00:00-08:00,1.18547,1.18772,1.18537,1.18735,
2020-11-17T22:00:00-08:00,1.18735,1.1891,1.18693,1.18883,
2020-11-18T02:00:00-08:00,1.18883,1.18883,1.18517,1.18595,
2020-11-18T06:00:00-08:00,1.18595,1.1877,1.18542,1.18697,
2020-11-18T10:00:00-08:00,1.18697,1.18703,1.18493,1.18534,
2020-11-18T14:00:00-08:00,1.18534,1.18586,1.1832,1.18429,
2020-11-18T18:00:00-08:00,1.18429,1.18523,1.18409,1.18505,
2020-11-18T22:00:00-08:00,1.18505,1.18524,1.1822,1.18296,
2020-11-19T02:00:00-08:00,1.18296,1.18415,1.18163,1.18303,
2020-11-19T06:00:00-08:00,1.18303,1.18509,1.18185,1.18465,
2020-11-19T10:00:00-08:00,1.18465,1.18825,1.18464,1.18751,
2020-11-19T14:00:00-08:00,1.18751,1.18783,1.18653,1.18767,
2020-11-19T18:00:00-08:00,1.18767,1.18908,1.18706,1.18842,
2020-11-19T22:00:00-08:00,1.18842,1.18889,1.18563,1.18592,
2020-11-20T02:00:00-08:00,1.18592,1.18784,1.18514,1.18679,
2020-11-20T06:00:00-08:00,1.18679,1.18758,1.185,1.18543,
2020-11-20T10:00:00-08:00,1.18543,1.18636,1.18499,1.18573,
2020-11-22T14:00:00-08:00,1.18574,1.18782,1.18539,1.18768,
2020-11-22T18:00:00-08:00,1.18768,1.18771,1.18715,1.18769,
2020-11-22T22:00:00-08:00,1.18769,1.18829,1.18631,1.18776,
2020-11-23T02:00:00-08:00,1.18776,1.1906,1.18757,1.18997,
2020-11-23T06:00:00-08:00,1.18997,1.19007,1.18003,1.18414,
2020-11-23T10:00:00-08:00,1.18414,1.1848,1.1835,1.18406,
2020-11-23T14:00:00-08:00,1.18406,1.18476,1.1837,1.18419,
2020-11-23T18:00:00-08:00,1.18419,1.18551,1.18417,1.18521,
2020-11-23T22:00:00-08:00,1.18521,1.18906,1.18462,1.18836,
2020-11-24T02:00:00-08:00,1.18836,1.18941,1.18506,1.18541,
2020-11-24T06:00:00-08:00,1.18541,1.18865,1.18415,1.18727,
2020-11-24T10:00:00-08:00,1.18727,1.1896,1.18678,1.1892,
2020-11-24T14:00:00-08:00,1.1892,1.19061,1.1889,1.18982,
2020-11-24T18:00:00-08:00,1.18982,1.19103,1.18958,1.1898,
2020-11-24T22:00:00-08:00,1.1898,1.19297,1.18912,1.19048,
2020-11-25T02:00:00-08:00,1.19048,1.19153,1.18819,1.19042,
2020-11-25T06:00:00-08:00,1.19042,1.19263,1.18916,1.19158,
2020-11-25T10:00:00-08:00,1.19158,1.19248,1.19081,1.19165,
2020-11-25T14:00:00-08:00,1.19165,1.19293,1.19131,1.19267,
2020-11-25T18:00:00-08:00,1.19267,1.19286,1.19201,1.19262,
2020-11-25T22:00:00-08:00,1.19262,1.19409,1.1902,1.19036,
2020-11-26T02:00:00-08:00,1.19036,1.19147,1.18854,1.18981,
2020-11-26T06:00:00-08:00,1.18981,1.19149,1.18933,1.19131,
2020-11-26T10:00:00-08:00,1.19131,1.19189,1.191,1.19136,
2020-11-26T14:00:00-08:00,1.19136,1.19151,1.19075,1.19137,
2020-11-26T18:00:00-08:00,1.19137,1.19286,1.19102,1.19268,
2020-11-26T22:00:00-08:00,1.19268,1.19329,1.19147,1.19229,
2020-11-27T02:00:00-08:00,1.19229,1.19394,1.19142,1.19367,
2020-11-27T06:00:00-08:00,1.19367,1.19618,1.19314,1.19568,
2020-11-27T10:00:00-08:00,1.19568,1.19641,1.19501,1.1964,
2020-11-29T14:00:00-08:00,1.1964,1.1974,1.19624,1.19739,
2020-11-29T18:00:00-08:00,1.19739,1.1975,1.19654,1.19723,
2020-11-29T22:00:00-08:00,1.19723,1.19852,1.19623,1.19846,
2020-11-30T02:00:00-08:00,1.19846,1.19922,1.19732,1.19865,
2020-11-30T06:00:00-08:00,1.19865,1.20032,1.19419,1.19544,
2020-11-30T10:00:00-08:00,1.19544,1.19594,1.19235,1.19264,
2020-11-30T14:00:00-08:00,1.19264,1.19496,1.19264,1.19495,
2020-11-30T18:00:00-08:00,1.19495,1.196,1.1948,1.19572,
2020-11-30T22:00:00-08:00,1.19572,1.19856,1.19541,1.19808,
2020-12-01T02:00:00-08:00,1.19808,1.1994,1.19602,1.19923,
2020-12-01T06:00:00-08:00,1.19923,1.20546,1.19753,1.20451,
2020-12-01T10:00:00-08:00,1.20451,1.20767,1.20428,1.2071,
2020-12-01T14:00:00-08:00,1.2071,1.20743,1.20606,1.20686,
2020-12-01T18:00:00-08:00,1.20686,1.20838,1.20665,1.20682,
2020-12-01T22:00:00-08:00,1.20682,1.20876,1.20457,1.20537,
2020-12-02T02:00:00-08:00,1.20537,1.20788,1.20402,1.20662,
2020-12-02T06:00:00-08:00,1.20662,1.21083,1.20602,1.20936,
2020-12-02T10:00:00-08:00,1.20936,1.21186,1.20901,1.21153,
2020-12-02T14:00:00-08:00,1.21153,1.21167,1.21042,1.21135,
2020-12-02T18:00:00-08:00,1.21135,1.21251,1.2112,1.21194,
2020-12-02T22:00:00-08:00,1.21194,1.21394,1.21011,1.21115,
2020-12-03T02:00:00-08:00,1.21115,1.21612,1.21041,1.2151,
2020-12-03T06:00:00-08:00,1.2151,1.21746,1.21378,1.21463,
2020-12-03T10:00:00-08:00,1.21463,1.21495,1.21328,1.21435,
2020-12-03T14:00:00-08:00,1.21435,1.21538,1.2141,1.2144,
2020-12-03T18:00:00-08:00,1.2144,1.21513,1.21391,1.21502,
2020-12-03T22:00:00-08:00,1.21502,1.21733,1.21438,1.2167,
2020-12-04T02:00:00-08:00,1.2167,1.21776,1.21317,1.21459,
2020-12-04T06:00:00-08:00,1.21459,1.2172,1.21334,1.21438,
2020-12-04T10:00:00-08:00,1.21438,1.21519,1.21104,1.21222,
2020-12-06T14:00:00-08:00,1.21215,1.21362,1.2119,1.21351,
2020-12-06T18:00:00-08:00,1.21351,1.21404,1.21306,1.2132,
2020-12-06T22:00:00-08:00,1.2132,1.2133,1.20786,1.20932,
2020-12-07T02:00:00-08:00,1.20932,1.21395,1.20852,1.21373,
2020-12-07T06:00:00-08:00,1.21373,1.21664,1.21299,1.21332,
2020-12-07T10:00:00-08:00,1.21332,1.21333,1.21077,1.21101,
2020-12-07T14:00:00-08:00,1.21101,1.21135,1.21043,1.2107,
2020-12-07T18:00:00-08:00,1.2107,1.21196,1.21052,1.21184,
2020-12-07T22:00:00-08:00,1.21184,1.21342,1.20956,1.21294,
2020-12-08T02:00:00-08:00,1.21294,1.2133,1.21073,1.21181,
2020-12-08T06:00:00-08:00,1.21181,1.21336,1.21001,1.21153,
2020-12-08T10:00:00-08:00,1.21153,1.21174,1.21002,1.21036,
2020-12-08T14:00:00-08:00,1.21036,1.21147,1.21009,1.21113,
2020-12-08T18:00:00-08:00,1.21113,1.21312,1.21103,1.21312,
2020-12-08T22:00:00-08:00,1.21312,1.21473,1.21201,1.21256,
2020-12-09T02:00:00-08:00,1.21256,1.21364,1.21012,1.21207,
2020-12-09T06:00:00-08:00,1.21207,1.21238,1.20591,1.20725,
2020-12-09T10:00:00-08:00,1.20725,1.20839,1.20609,1.20814,
2020-12-09T14:00:00-08:00,1.20814,1.20846,1.2075,1.20818,
2020-12-09T18:00:00-08:00,1.20818,1.21005,1.20811,1.20963,
2020-12-09T22:00:00-08:00,1.20963,1.21088,1.20835,1.21062,
2020-12-10T02:00:00-08:00,1.21062,1.21353,1.20813,1.21259,
2020-12-10T06:00:00-08:00,1.21259,1.2159,1.20967,1.21202,
2020-12-10T10:00:00-08:00,1.21202,1.2145,1.21134,1.21375,
2020-12-10T14:00:00-08:00,1.21375,1.21602,1.2137,1.21558,
2020-12-10T18:00:00-08:00,1.21558,1.21602,1.21511,1.21554,
2020-12-10T22:00:00-08:00,1.21554,1.2163,1.21127,1.21178,
2020-12-11T02:00:00-08:00,1.21178,1.21378,1.21103,1.21157,
2020-12-11T06:00:00-08:00,1.21157,1.21333,1.21055,1.21167,
2020-12-11T10:00:00-08:00,1.21167,1.21204,1.21094,1.2113,
2020-12-13T14:00:00-08:00,1.2113,1.21436,1.2113,1.21292,
2020-12-13T18:00:00-08:00,1.21292,1.21418,1.21285,1.21408,
2020-12-13T22:00:00-08:00,1.21408,1.21605,1.21385,1.2158,
2020-12-14T02:00:00-08:00,1.2158,1.21767,1.21479,1.21717,
2020-12-14T06:00:00-08:00,1.21717,1.21717,1.21229,1.21575,
2020-12-14T10:00:00-08:00,1.21575,1.21608,1.21392,1.21439,
2020-12-14T14:00:00-08:00,1.21439,1.21605,1.21435,1.216,
2020-12-14T18:00:00-08:00,1.216,1.21632,1.21452,1.21548,
2020-12-14T22:00:00-08:00,1.21548,1.21622,1.21317,1.21581,
2020-12-15T02:00:00-08:00,1.21581,1.21663,1.21211,1.21396,
2020-12-15T06:00:00-08:00,1.21396,1.21615,1.21382,1.2161,
2020-12-15T10:00:00-08:00,1.2161,1.21687,1.21492,1.21509,
2020-12-15T14:00:00-08:00,1.21509,1.21554,1.21451,1.21512,
2020-12-15T18:00:00-08:00,1.21512,1.21653,1.21511,1.21625,
2020-12-15T22:00:00-08:00,1.21625,1.22125,1.21526,1.22063,
2020-12-16T02:00:00-08:00,1.22063,1.22069,1.21791,1.21878,
2020-12-16T06:00:00-08:00,1.21878,1.22062,1.21629,1.21689,
2020-12-16T10:00:00-08:00,1.21689,1.22015,1.21253,1.21996,
2020-12-16T14:00:00-08:00,1.21996,1.22088,1.21901,1.22025,
2020-12-16T18:00:00-08:00,1.22025,1.22356,1.22013,1.22259,
2020-12-16T22:00:00-08:00,1.22259,1.22442,1.22241,1.22327,
2020-12-17T02:00:00-08:00,1.22327,1.22588,1.22253,1.22419,
2020-12-17T06:00:00-08:00,1.22419,1.22678,1.22391,1.22603,
2020-12-17T10:00:00-08:00,1.22603,1.22728,1.22583,1.22683,
2020-12-17T14:00:00-08:00,1.22683,1.22719,1.22507,1.22564,
2020-12-17T18:00:00-08:00,1.22564,1.22586,1.22387,1.22432,
2020-12-17T22:00:00-08:00,1.22432,1.22631,1.22429,1.22494,
2020-12-18T02:00:00-08:00,1.22494,1.22688,1.22434,1.22488,
2020-12-18T06:00:00-08:00,1.22488,1.22534,1.22256,1.22369,
2020-12-18T10:00:00-08:00,1.22369,1.22595,1.22351,1.22524,
2020-12-20T14:00:00-08:00,1.22524,1.22524,1.22049,1.22083,
2020-12-20T18:00:00-08:00,1.22083,1.22126,1.21791,1.21915,
2020-12-20T22:00:00-08:00,1.21915,1.2227,1.21683,1.21753,
2020-12-21T02:00:00-08:00,1.21753,1.22147,1.21299,1.2191,
2020-12-21T06:00:00-08:00,1.2191,1.2239,1.2191,1.22363,
2020-12-21T10:00:00-08:00,1.22363,1.2253,1.2228,1.22437,
2020-12-21T14:00:00-08:00,1.22437,1.225,1.22286,1.22314,
2020-12-21T18:00:00-08:00,1.22314,1.22354,1.22159,1.22186,
2020-12-21T22:00:00-08:00,1.22186,1.22297,1.22052,1.22072,
2020-12-22T02:00:00-08:00,1.22072,1.22571,1.22044,1.22303,
2020-12-22T06:00:00-08:00,1.22303,1.22392,1.21608,1.21746,
2020-12-22T10:00:00-08:00,1.21746,1.21748,1.21523,1.21632,
2020-12-22T14:00:00-08:00,1.21632,1.21879,1.2154,1.21775,
2020-12-22T18:00:00-08:00,1.21775,1.21922,1.21666,1.21891,
2020-12-22T22:00:00-08:00,1.21891,1.2201,1.21722,1.21939,
2020-12-23T02:00:00-08:00,1.21939,1.21987,1.21603,1.21764,
2020-12-23T06:00:00-08:00,1.21764,1.22212,1.21737,1.21869,
2020-12-23T10:00:00-08:00,1.21869,1.21965,1.21727,1.2187,
2020-12-23T14:00:00-08:00,1.2187,1.22123,1.21842,1.22083,
2020-12-23T18:00:00-08:00,1.22083,1.22159,1.2202,1.22051,
2020-12-23T22:00:00-08:00,1.22051,1.221,1.21872,1.21916,
2020-12-24T02:00:00-08:00,1.21916,1.22035,1.21858,1.21887,
2020-12-24T06:00:00-08:00,1.21887,1.21979,1.21774,1.21833,
2020-12-24T10:00:00-08:00,1.21833,1.21873,1.21781,1.21872,
2020-12-27T14:00:00-08:00,1.21872,1.22083,1.21812,1.22051,
2020-12-27T18:00:00-08:00,1.22051,1.22238,1.22045,1.22236,
2020-12-27T22:00:00-08:00,1.22236,1.22506,1.22198,1.22491,
2020-12-28T02:00:00-08:00,1.22491,1.22503,1.21916,1.2213,
2020-12-28T06:00:00-08:00,1.2213,1.22398,1.22054,1.22064,
2020-12-28T10:00:00-08:00,1.22064,1.22165,1.22027,1.22159,
2020-12-28T14:00:00-08:00,1.22159,1.22348,1.22076,1.22275,
2020-12-28T18:00:00-08:00,1.22275,1.22431,1.22246,1.22363,
2020-12-28T22:00:00-08:00,1.22363,1.22582,1.22358,1.22499,
2020-12-29T02:00:00-08:00,1.22499,1.22617,1.22393,1.22534,
2020-12-29T06:00:00-08:00,1.22534,1.22752,1.22373,1.22418,
2020-12-29T10:00:00-08:00,1.22418,1.22589,1.22362,1.22494,
2020-12-29T14:00:00-08:00,1.22494,1.22949,1.22486,1.2291,
2020-12-29T18:00:00-08:00,1.2291,1.22923,1.22818,1.22851,
2020-12-29T22:00:00-08:00,1.22851,1.22867,1.22529,1.22685,
2020-12-30T02:00:00-08:00,1.22685,1.22937,1.22668,1.22913,
2020-12-30T06:00:00-08:00,1.22913,1.23099,1.22713,1.22888,
2020-12-30T10:00:00-08:00,1.22888,1.23018,1.22807,1.22973,
2020-12-30T14:00:00-08:00,1.22973,1.23093,1.22933,1.23067,
2020-12-30T18:00:00-08:00,1.23067,1.23093,1.22853,1.22898,
2020-12-30T22:00:00-08:00,1.22898,1.23042,1.22771,1.22791,
2020-12-31T02:00:00-08:00,1.22791,1.22885,1.22595,1.22845,
2020-12-31T06:00:00-08:00,1.22845,1.22854,1.22212,1.22251,
2020-12-31T10:00:00-08:00,1.22251,1.22282,1.22093,1.22147,
2021-01-03T14:00:00-08:00,1.22147,1.22558,1.22147,1.22528,
2021-01-03T18:00:00-08:00,1.22528,1.22593,1.22415,1.22554,
2021-01-03T22:00:00-08:00,1.22554,1.23005,1.22423,1.22933,
2021-01-04T02:00:00-08:00,1.22933,1.23062,1.22865,1.2299,
2021-01-04T06:00:00-08:00,1.2299,1.23094,1.22501,1.22531,
2021-01-04T10:00:00-08:00,1.22531,1.22567,1.22415,1.22474,
2021-01-04T14:00:00-08:00,1.22474,1.22631,1.22459,1.22572,
2021-01-04T18:00:00-08:00,1.22572,1.22769,1.22571,1.22723,
2021-01-04T22:00:00-08:00,1.22723,1.22839,1.22554,1.22723,
2021-01-05T02:00:00-08:00,1.22723,1.22904,1.22605,1.22625,
2021-01-05T06:00:00-08:00,1.22625,1.2305,1.2254,1.22996,
2021-01-05T10:00:00-08:00,1.22996,1.23058,1.22897,1.22978,
2021-01-05T14:00:00-08:00,1.22978,1.23264,1.22812,1.22893,
2021-01-05T18:00:00-08:00,1.22893,1.23065,1.22757,1.22968,
2021-01-05T22:00:00-08:00,1.22968,1.23455,1.22966,1.23385,
2021-01-06T02:00:00-08:00,1.23385,1.23496,1.23168,1.23201,
2021-01-06T06:00:00-08:00,1.23201,1.23205,1.22655,1.22991,
2021-01-06T10:00:00-08:00,1.22991,1.23399,1.22965,1.23266,
2021-01-06T14:00:00-08:00,1.23266,1.23444,1.23243,1.23306,
2021-01-06T18:00:00-08:00,1.23306,1.23326,1.2311,1.23127,
2021-01-06T22:00:00-08:00,1.23127,1.23257,1.22641,1.22691,
2021-01-07T02:00:00-08:00,1.22691,1.22784,1.22452,1.22687,
2021-01-07T06:00:00-08:00,1.22687,1.22828,1.22466,1.22655,
2021-01-07T10:00:00-08:00,1.22655,1.22792,1.22629,1.22718,
2021-01-07T14:00:00-08:00,1.22718,1.22734,1.22351,1.22482,
2021-01-07T18:00:00-08:00,1.22482,1.22683,1.22459,1.2258,
2021-01-07T22:00:00-08:00,1.2258,1.22692,1.22133,1.22401,
2021-01-08T02:00:00-08:00,1.22401,1.22846,1.22326,1.22719,
2021-01-08T06:00:00-08:00,1.22719,1.22837,1.22223,1.22289,
2021-01-08T10:00:00-08:00,1.22289,1.22289,1.21931,1.22175,
2021-01-10T14:00:00-08:00,1.22182,1.2228,1.21713,1.21779,
2021-01-10T18:00:00-08:00,1.21779,1.21821,1.21669,1.21818,
2021-01-10T22:00:00-08:00,1.21818,1.21998,1.21602,1.21607,
2021-01-11T02:00:00-08:00,1.21607,1.2172,1.21395,1.21445,
2021-01-11T06:00:00-08:00,1.21445,1.21743,1.21323,1.21671,
2021-01-11T10:00:00-08:00,1.21671,1.21717,1.21489,1.21511,
2021-01-11T14:00:00-08:00,1.21511,1.21622,1.21406,1.21492,
2021-01-11T18:00:00-08:00,1.21492,1.21551,1.21389,1.21533,
2021-01-11T22:00:00-08:00,1.21533,1.21791,1.21488,1.21619,
2021-01-12T02:00:00-08:00,1.21619,1.21667,1.21406,1.21462,
2021-01-12T06:00:00-08:00,1.21462,1.21778,1.21373,1.21747,
2021-01-12T10:00:00-08:00,1.21747,1.22097,1.21722,1.22075,
2021-01-12T14:00:00-08:00,1.22075,1.22183,1.22018,1.22175,
2021-01-12T18:00:00-08:00,1.22175,1.22202,1.22075,1.22091,
2021-01-12T22:00:00-08:00,1.22091,1.22229,1.21823,1.21895,
2021-01-13T02:00:00-08:00,1.21895,1.21919,1.2155,1.21613,
2021-01-13T06:00:00-08:00,1.21613,1.21808,1.21401,1.21653,
2021-01-13T10:00:00-08:00,1.21653,1.21748,1.21485,1.21578,
2021-01-13T14:00:00-08:00,1.21578,1.21718,1.21542,1.21661,
2021-01-13T18:00:00-08:00,1.21661,1.21693,1.2136,1.21554,
2021-01-13T22:00:00-08:00,1.21554,1.21673,1.21361,1.21664,
2021-01-14T02:00:00-08:00,1.21664,1.21672,1.21112,1.21198,
2021-01-14T06:00:00-08:00,1.21198,1.21787,1.2112,1.21657,
2021-01-14T10:00:00-08:00,1.21657,1.2177,1.21469,1.21555,
2021-01-14T14:00:00-08:00,1.21555,1.21626,1.21486,1.21509,
2021-01-14T18:00:00-08:00,1.21509,1.21547,1.21352,1.214,
2021-01-14T22:00:00-08:00,1.214,1.21468,1.21178,1.21391,
2021-01-15T02:00:00-08:00,1.21391,1.21444,1.2114,1.21161,
2021-01-15T06:00:00-08:00,1.21161,1.21179,1.20817,1.20937,
2021-01-15T10:00:00-08:00,1.20937,1.20937,1.20747,1.2076,
2021-01-17T14:00:00-08:00,1.2076,1.20866,1.20652,1.20786,
2021-01-17T18:00:00-08:00,1.20786,1.20848,1.20656,1.20777,
2021-01-17T22:00:00-08:00,1.20777,1.20869,1.20591,1.20622,
2021-01-18T02:00:00-08:00,1.20622,1.20756,1.20536,1.20661,
2021-01-18T06:00:00-08:00,1.20661,1.20807,1.20629,1.20749,
2021-01-18T10:00:00-08:00,1.20749,1.20818,1.2072,1.20776,
2021-01-18T14:00:00-08:00,1.20776,1.20969,1.20742,1.20934,
2021-01-18T18:00:00-08:00,1.20934,1.20988,1.2091,1.20971,
2021-01-18T22:00:00-08:00,1.20971,1.21228,1.20855,1.21184,
2021-01-19T02:00:00-08:00,1.21184,1.21413,1.21184,1.21361,
2021-01-19T06:00:00-08:00,1.21361,1.2145,1.21157,1.21214,
2021-01-19T10:00:00-08:00,1.21214,1.21299,1.2119,1.21286,
2021-01-19T14:00:00-08:00,1.21286,1.21466,1.21234,1.2141,
2021-01-19T18:00:00-08:00,1.2141,1.21496,1.21398,1.21445,
2021-01-19T22:00:00-08:00,1.21445,1.21584,1.21181,1.21275,
2021-01-20T02:00:00-08:00,1.21275,1.21278,1.20956,1.21074,
2021-01-20T06:00:00-08:00,1.21074,1.21178,1.20768,1.21069,
2021-01-20T10:00:00-08:00,1.21069,1.21101,1.2099,1.21059,
2021-01-20T14:00:00-08:00,1.21059,1.21307,1.21039,1.2124,
2021-01-20T18:00:00-08:00,1.2124,1.21382,1.21231,1.21346,
2021-01-20T22:00:00-08:00,1.21346,1.21461,1.21154,1.21427,
2021-01-21T02:00:00-08:00,1.21427,1.2173,1.21326,1.21517,
2021-01-21T06:00:00-08:00,1.21517,1.217,1.21358,1.21488,
2021-01-21T10:00:00-08:00,1.21488,1.217,1.21483,1.21637,
2021-01-21T14:00:00-08:00,1.21637,1.21778,1.21617,1.21731,
2021-01-21T18:00:00-08:00,1.21731,1.21767,1.21702,1.21721,
2021-01-21T22:00:00-08:00,1.21721,1.21896,1.21516,1.21739,
2021-01-22T02:00:00-08:00,1.21739,1.21875,1.21555,1.21655,
2021-01-22T06:00:00-08:00,1.21655,1.21849,1.21543,1.21673,
2021-01-22T10:00:00-08:00,1.21673,1.21732,1.21653,1.21696,
2021-01-24T14:00:00-08:00,1.21696,1.21736,1.21603,1.21644,
2021-01-24T18:00:00-08:00,1.21644,1.21811,1.21644,1.21808,
2021-01-24T22:00:00-08:00,1.21808,1.21834,1.21442,1.21478,
2021-01-25T02:00:00-08:00,1.21478,1.21627,1.21402,1.21471,
2021-01-25T06:00:00-08:00,1.21471,1.21524,1.21161,1.21447,
2021-01-25T10:00:00-08:00,1.21447,1.21467,1.21361,1.21388,
2021-01-25T14:00:00-08:00,1.21388,1.21457,1.21332,1.21456,
2021-01-25T18:00:00-08:00,1.21456,1.21464,1.2127,1.21312,
2021-01-25T22:00:00-08:00,1.21312,1.21411,1.21078,1.2129,
2021-01-26T02:00:00-08:00,1.2129,1.21619,1.21232,1.21569,
2021-01-26T06:00:00-08:00,1.21569,1.2176,1.21401,1.21573,
2021-01-26T10:00:00-08:00,1.21573,1.21686,1.21564,1.21598,
2021-01-26T14:00:00-08:00,1.21598,1.21699,1.21585,1.2161,
2021-01-26T18:00:00-08:00,1.2161,1.21653,1.21531,1.21631,
2021-01-26T22:00:00-08:00,1.21631,1.21661,1.21195,1.21227,
2021-01-27T02:00:00-08:00,1.21227,1.2133,1.20981,1.21112,
2021-01-27T06:00:00-08:00,1.21112,1.21194,1.20587,1.21179,
2021-01-27T10:00:00-08:00,1.21179,1.2129,1.20934,1.21105,
2021-01-27T14:00:00-08:00,1.21105,1.2112,1.20828,1.21015,
2021-01-27T18:00:00-08:00,1.21015,1.21056,1.20872,1.21055,
2021-01-27T22:00:00-08:00,1.21055,1.21134,1.20808,1.2109,
2021-01-28T02:00:00-08:00,1.2109,1.21306,1.20882,1.21286,
2021-01-28T06:00:00-08:00,1.21286,1.21421,1.21188,1.21251,
2021-01-28T10:00:00-08:00,1.21251,1.21401,1.21187,1.21224,
2021-01-28T14:00:00-08:00,1.21224,1.21284,1.21039,1.21084,
2021-01-28T18:00:00-08:00,1.21084,1.21091,1.20947,1.20997,
2021-01-28T22:00:00-08:00,1.20997,1.21211,1.20974,1.21166,
2021-01-29T02:00:00-08:00,1.21166,1.21522,1.21071,1.21463,
2021-01-29T06:00:00-08:00,1.21463,1.2156,1.21251,1.21324,
2021-01-29T10:00:00-08:00,1.21324,1.21394,1.21277,1.21373,
2021-01-31T14:00:00-08:00,1.21373,1.21373,1.21204,1.21275,
2021-01-31T18:00:00-08:00,1.21275,1.2133,1.21247,1.21302,
2021-01-31T22:00:00-08:00,1.21302,1.21328,1.20835,1.2094,
2021-02-01T02:00:00-08:00,1.2094,1.20942,1.20697,1.20848,
2021-02-01T06:00:00-08:00,1.20848,1.20995,1.20626,1.20698,
2021-02-01T10:00:00-08:00,1.20698,1.20784,1.20561,1.20603,
2021-02-01T14:00:00-08:00,1.20603,1.20864,1.20601,1.20841,
2021-02-01T18:00:00-08:00,1.20841,1.20879,1.20748,1.20793,
2021-02-01T22:00:00-08:00,1.20793,1.20876,1.20642,1.20671,
2021-02-02T02:00:00-08:00,1.20671,1.20696,1.20263,1.20483,
2021-02-02T06:00:00-08:00,1.20483,1.20495,1.20117,1.2019,
2021-02-02T10:00:00-08:00,1.2019,1.20461,1.20173,1.20435,
2021-02-02T14:00:00-08:00,1.20435,1.20502,1.2036,1.20468,
2021-02-02T18:00:00-08:00,1.20468,1.20481,1.20394,1.20442,
2021-02-02T22:00:00-08:00,1.20442,1.20442,1.20099,1.20229,
2021-02-03T02:00:00-08:00,1.20229,1.20303,1.2005,1.20171,
2021-02-03T06:00:00-08:00,1.20171,1.20326,1.20042,1.20269,
2021-02-03T10:00:00-08:00,1.20269,1.20376,1.20214,1.20357,
2021-02-03T14:00:00-08:00,1.20357,1.20429,1.20313,1.20351,
2021-02-03T18:00:00-08:00,1.20351,1.20385,1.20127,1.20171,
2021-02-03T22:00:00-08:00,1.20171,1.20171,1.19832,1.1986,
2021-02-04T02:00:00-08:00,1.1986,1.1998,1.19829,1.19842,
2021-02-04T06:00:00-08:00,1.19842,1.19894,1.19577,1.19604,
2021-02-04T10:00:00-08:00,1.19604,1.19679,1.19577,1.1964,
2021-02-04T14:00:00-08:00,1.1964,1.19721,1.19587,1.19661,
2021-02-04T18:00:00-08:00,1.19661,1.19683,1.19524,1.1963,
2021-02-04T22:00:00-08:00,1.1963,1.19879,1.19596,1.1977,
2021-02-05T02:00:00-08:00,1.1977,1.20239,1.19688,1.2004,
2021-02-05T06:00:00-08:00,1.2004,1.20419,1.20011,1.2038,
2021-02-05T10:00:00-08:00,1.2038,1.20499,1.20372,1.20492,
2021-02-07T14:00:00-08:00,1.20492,1.2055,1.20299,1.20385,
2021-02-07T18:00:00-08:00,1.20385,1.20428,1.20315,1.20368,
2021-02-07T22:00:00-08:00,1.20368,1.20489,1.20241,1.20283,
2021-02-08T02:00:00-08:00,1.20283,1.20442,1.20198,1.20377,
2021-02-08T06:00:00-08:00,1.20377,1.20661,1.2033,1.20471,
2021-02-08T10:00:00-08:00,1.20471,1.20576,1.20439,1.20486,
2021-02-08T14:00:00-08:00,1.20486,1.20641,1.20464,1.20597,
2021-02-08T18:00:00-08:00,1.20597,1.20821,1.20597,1.20782,
2021-02-08T22:00:00-08:00,1.20782,1.21165,1.20674,1.21097,
2021-02-09T02:00:00-08:00,1.21097,1.21133,1.20903,1.21018,
2021-02-09T06:00:00-08:00,1.21018,1.21095,1.20886,1.21055,
2021-02-09T10:00:00-08:00,1.21055,1.21217,1.21022,1.21184,
2021-02-09T14:00:00-08:00,1.21184,1.2121,1.21089,1.21161,
2021-02-09T18:00:00-08:00,1.21161,1.21299,1.2116,1.21243,
2021-02-09T22:00:00-08:00,1.21243,1.21441,1.21143,1.21194,
2021-02-10T02:00:00-08:00,1.21194,1.21397,1.21132,1.21286,
2021-02-10T06:00:00-08:00,1.21286,1.21395,1.21233,1.21382,
2021-02-10T10:00:00-08:00,1.21382,1.21383,1.21167,1.21181,
2021-02-10T14:00:00-08:00,1.21181,1.21201,1.21136,1.21173,
2021-02-10T18:00:00-08:00,1.21173,1.21278,1.2117,1.21266,
2021-02-10T22:00:00-08:00,1.21266,1.2136,1.21178,1.21304,
2021-02-11T02:00:00-08:00,1.21304,1.21495,1.2121,1.21438,
2021-02-11T06:00:00-08:00,1.21438,1.21449,1.21218,1.21269,
2021-02-11T10:00:00-08:00,1.21269,1.21374,1.21234,1.21298,
2021-02-11T14:00:00-08:00,1.21298,1.21354,1.21249,1.21273,
2021-02-11T18:00:00-08:00,1.21273,1.21319,1.21187,1.21314,
2021-02-11T22:00:00-08:00,1.21314,1.21316,1.21004,1.21084,
2021-02-12T02:00:00-08:00,1.21084,1.21149,1.20842,1.20871,
2021-02-12T06:00:00-08:00,1.20871,1.21288,1.20815,1.21233,
2021-02-12T10:00:00-08:00,1.21233,1.21263,1.21132,1.21201,
2021-02-14T14:00:00-08:00,1.21201,1.21285,1.21169,1.2127,
2021-02-14T18:00:00-08:00,1.2127,1.21404,1.21258,1.2138,
2021-02-14T22:00:00-08:00,1.2138,1.21452,1.21309,1.21347,
2021-02-15T02:00:00-08:00,1.21347,1.21405,1.21241,1.21268,
2021-02-15T06:00:00-08:00,1.21268,1.21382,1.21208,1.2131,
2021-02-15T10:00:00-08:00,1.2131,1.21349,1.2127,1.21293,
2021-02-15T14:00:00-08:00,1.21293,1.21469,1.21262,1.21429,
2021-02-15T18:00:00-08:00,1.21429,1.21503,1.21329,1.21366,
2021-02-15T22:00:00-08:00,1.21366,1.21571,1.21285,1.21527,
2021-02-16T02:00:00-08:00,1.21527,1.21696,1.21065,1.21082,
2021-02-16T06:00:00-08:00,1.21082,1.21239,1.20951,1.21089,
2021-02-16T10:00:00-08:00,1.21089,1.21179,1.21037,1.21065,
2021-02-16T14:00:00-08:00,1.21065,1.21102,1.20834,1.20931,
2021-02-16T18:00:00-08:00,1.20931,1.20983,1.20861,1.20933,
2021-02-16T22:00:00-08:00,1.20933,1.20934,1.20596,1.20679,
2021-02-17T02:00:00-08:00,1.20679,1.20695,1.20304,1.20338,
2021-02-17T06:00:00-08:00,1.20338,1.20478,1.20232,1.20452,
2021-02-17T10:00:00-08:00,1.20452,1.20458,1.20345,1.20377,
2021-02-17T14:00:00-08:00,1.20377,1.20502,1.20362,1.20448,
2021-02-17T18:00:00-08:00,1.20448,1.20466,1.20357,1.20459,
2021-02-17T22:00:00-08:00,1.20459,1.20753,1.20364,1.20737,
2021-02-18T02:00:00-08:00,1.20737,1.20899,1.20625,1.20849,
2021-02-18T06:00:00-08:00,1.20849,1.20865,1.20622,1.20819,
2021-02-18T10:00:00-08:00,1.20819,1.20946,1.20797,1.20909,
2021-02-18T14:00:00-08:00,1.20909,1.20985,1.20863,1.20879,
2021-02-18T18:00:00-08:00,1.20879,1.20963,1.20824,1.20945,
2021-02-18T22:00:00-08:00,1.20945,1.21412,1.20908,1.21339,
2021-02-19T02:00:00-08:00,1.21339,1.21446,1.21263,1.21308,
2021-02-19T06:00:00-08:00,1.21308,1.21402,1.21174,1.2127,
2021-02-19T10:00:00-08:00,1.2127,1.21278,1.21078,1.21191,
2021-02-21T14:00:00-08:00,1.21191,1.21357,1.21151,1.21266,
2021-02-21T18:00:00-08:00,1.21266,1.21293,1.21126,1.21203,
2021-02-21T22:00:00-08:00,1.21203,1.21245,1.20912,1.21081,
2021-02-22T02:00:00-08:00,1.21081,1.21543,1.21079,1.21474,
2021-02-22T06:00:00-08:00,1.21474,1.21678,1.21292,1.21655,
2021-02-22T10:00:00-08:00,1.21655,1.21695,1.21506,1.21557,
2021-02-22T14:00:00-08:00,1.21557,1.21771,1.21557,1.21757,
2021-02-22T18:00:00-08:00,1.21757,1.21773,1.21647,1.21702,
2021-02-22T22:00:00-08:00,1.21702,1.21801,1.21452,1.21492,
2021-02-23T02:00:00-08:00,1.21492,1.21582,1.21354,1.21493,
2021-02-23T06:00:00-08:00,1.21493,1.21666,1.21353,1.21462,
2021-02-23T10:00:00-08:00,1.21462,1.21575,1.2142,1.21499,
2021-02-23T14:00:00-08:00,1.21499,1.21665,1.21429,1.21585,
2021-02-23T18:00:00-08:00,1.21585,1.21622,1.21456,1.21482,
2021-02-23T22:00:00-08:00,1.21482,1.21747,1.21442,1.21628,
2021-02-24T02:00:00-08:00,1.21628,1.21725,1.21237,1.21334,
2021-02-24T06:00:00-08:00,1.21334,1.21469,1.21093,1.21417,
2021-02-24T10:00:00-08:00,1.21417,1.21746,1.21393,1.21666,
2021-02-24T14:00:00-08:00,1.21666,1.21723,1.21567,1.21576,
2021-02-24T18:00:00-08:00,1.21576,1.21829,1.21561,1.21779,
2021-02-24T22:00:00-08:00,1.21779,1.22229,1.21678,1.222,
2021-02-25T02:00:00-08:00,1.222,1.22377,1.22113,1.22125,
2021-02-25T06:00:00-08:00,1.22125,1.2243,1.22089,1.22126,
2021-02-25T10:00:00-08:00,1.22126,1.22138,1.21605,1.21727,
2021-02-25T14:00:00-08:00,1.21727,1.21844,1.21375,1.21639,
2021-02-25T18:00:00-08:00,1.21639,1.21827,1.21452,1.2154,
2021-02-25T22:00:00-08:00,1.2154,1.21596,1.21229,1.21252,
2021-02-26T02:00:00-08:00,1.21252,1.21292,1.20927,1.21235,
2021-02-26T06:00:00-08:00,1.21235,1.21415,1.20737,1.208,
2021-02-26T10:00:00-08:00,1.208,1.20901,1.20624,1.20757,
2021-02-28T14:00:00-08:00,1.20757,1.21013,1.20709,1.20844,
2021-02-28T18:00:00-08:00,1.20844,1.20889,1.20749,1.20851,
2021-02-28T22:00:00-08:00,1.20851,1.20929,1.20285,1.20387,
2021-03-01T02:00:00-08:00,1.20387,1.20557,1.20374,1.20531,
2021-03-01T06:00:00-08:00,1.20531,1.20696,1.20278,1.2041,
2021-03-01T10:00:00-08:00,1.2041,1.20516,1.20327,1.20493,
2021-03-01T14:00:00-08:00,1.20493,1.20507,1.20272,1.20313,
2021-03-01T18:00:00-08:00,1.20313,1.2036,1.20153,1.20217,
2021-03-01T22:00:00-08:00,1.20217,1.2027,1.19917,1.20062,
2021-03-02T02:00:00-08:00,1.20062,1.20378,1.20061,1.20293,
2021-03-02T06:00:00-08:00,1.20293,1.20845,1.20279,1.20798,
2021-03-02T10:00:00-08:00,1.20798,1.20945,1.20794,1.20911,
2021-03-02T14:00:00-08:00,1.20911,1.20934,1.20829,1.20916,
2021-03-02T18:00:00-08:00,1.20916,1.20921,1.20827,1.20842,
2021-03-02T22:00:00-08:00,1.20842,1.21131,1.20743,1.21015,
2021-03-03T02:00:00-08:00,1.21015,1.21033,1.20434,1.20547,
2021-03-03T06:00:00-08:00,1.20547,1.20807,1.20428,1.20706,
2021-03-03T10:00:00-08:00,1.20706,1.20787,1.20614,1.20638,
2021-03-03T14:00:00-08:00,1.20638,1.20669,1.20438,1.20622,
2021-03-03T18:00:00-08:00,1.20622,1.20629,1.20438,1.20563,
2021-03-03T22:00:00-08:00,1.20563,1.20626,1.20268,1.20323,
2021-03-04T02:00:00-08:00,1.20323,1.20492,1.20278,1.20357,
2021-03-04T06:00:00-08:00,1.20357,1.20538,1.19903,1.1994,
2021-03-04T10:00:00-08:00,1.1994,1.20001,1.19618,1.19682,
2021-03-04T14:00:00-08:00,1.19682,1.19781,1.19531,1.19608,
2021-03-04T18:00:00-08:00,1.19608,1.19649,1.19517,1.19597,
2021-03-04T22:00:00-08:00,1.19597,1.19611,1.19142,1.19278,
2021-03-05T02:00:00-08:00,1.19278,1.19434,1.18934,1.1918,
2021-03-05T06:00:00-08:00,1.1918,1.19463,1.19053,1.19122,
2021-03-05T10:00:00-08:00,1.19122,1.1923,1.19053,1.1914,
2021-03-07T14:00:00-08:00,1.1914,1.19324,1.1914,1.19273,
2021-03-07T18:00:00-08:00,1.19273,1.19285,1.18989,1.19123,
2021-03-07T22:00:00-08:00,1.19123,1.19147,1.18655,1.18722,
2021-03-08T02:00:00-08:00,1.18722,1.18808,1.18567,1.18711,
2021-03-08T06:00:00-08:00,1.18711,1.18873,1.18458,1.18566,
2021-03-08T10:00:00-08:00,1.18566,1.1865,1.18443,1.18467,
2021-03-08T14:00:00-08:00,1.18467,1.18527,1.18358,1.18384,
2021-03-08T18:00:00-08:00,1.18384,1.18669,1.18383,1.18541,
2021-03-08T22:00:00-08:00,1.18541,1.1909,1.18513,1.19055,
2021-03-09T02:00:00-08:00,1.19055,1.19158,1.18823,1.18919,
2021-03-09T06:00:00-08:00,1.18919,1.19091,1.18815,1.18862,
2021-03-09T10:00:00-08:00,1.18862,1.1905,1.18849,1.19014,
2021-03-09T14:00:00-08:00,1.19014,1.1903,1.18839,1.18853,
2021-03-09T18:00:00-08:00,1.18853,1.18856,1.18706,1.18753,
2021-03-09T22:00:00-08:00,1.18753,1.19014,1.1869,1.18999,
2021-03-10T02:00:00-08:00,1.18999,1.1913,1.18818,1.19106,
2021-03-10T06:00:00-08:00,1.19106,1.19247,1.1886,1.19083,
2021-03-10T10:00:00-08:00,1.19083,1.19299,1.19016,1.1929,
2021-03-10T14:00:00-08:00,1.1929,1.19293,1.19161,1.19218,
2021-03-10T18:00:00-08:00,1.19218,1.19348,1.19218,1.19273,
2021-03-10T22:00:00-08:00,1.19273,1.19687,1.19191,1.19638,
2021-03-11T02:00:00-08:00,1.19638,1.1974,1.19426,1.19572,
2021-03-11T06:00:00-08:00,1.19572,1.19793,1.1928,1.19722,
2021-03-11T10:00:00-08:00,1.19722,1.199,1.19714,1.19862,
2021-03-11T14:00:00-08:00,1.19862,1.19886,1.19802,1.19844,
2021-03-11T18:00:00-08:00,1.19844,1.19848,1.19596,1.19636,
2021-03-11T22:00:00-08:00,1.19636,1.19636,1.19111,1.19178,
2021-03-12T02:00:00-08:00,1.19178,1.19404,1.191,1.19266,
2021-03-12T06:00:00-08:00,1.19266,1.19568,1.19114,1.1948,
2021-03-12T10:00:00-08:00,1.1948,1.19615,1.19446,1.19529,
2021-03-14T14:00:00-07:00,1.19529,1.19563,1.19436,1.19514,
2021-03-14T18:00:00-07:00,1.19514,1.19676,1.19427,1.19434,
2021-03-14T22:00:00-07:00,1.19434,1.19439,1.1918,1.19367,
2021-03-15T02:00:00-07:00,1.19367,1.19401,1.19191,1.19249,
2021-03-15T06:00:00-07:00,1.19249,1.19374,1.19112,1.19231,
2021-03-15T10:00:00-07:00,1.19231,1.19337,1.19195,1.1929,
2021-03-15T14:00:00-07:00,1.1929,1.19336,1.19223,1.19229,
2021-03-15T18:00:00-07:00,1.19229,1.19387,1.19223,1.19379,
2021-03-15T22:00:00-07:00,1.19379,1.19388,1.19138,1.19269,
2021-03-16T02:00:00-07:00,1.19269,1.1952,1.19205,1.19229,
2021-03-16T06:00:00-07:00,1.19229,1.19276,1.18825,1.18933,
2021-03-16T10:00:00-07:00,1.18933,1.19103,1.18927,1.19026,
2021-03-16T14:00:00-07:00,1.19026,1.19063,1.18996,1.19015,
2021-03-16T18:00:00-07:00,1.19015,1.19043,1.18928,1.19036,
2021-03-16T22:00:00-07:00,1.19036,1.19082,1.18862,1.18981,
2021-03-17T02:00:00-07:00,1.18981,1.19167,1.18912,1.19117,
2021-03-17T06:00:00-07:00,1.19117,1.19153,1.1897,1.19016,
2021-03-17T10:00:00-07:00,1.19016,1.19852,1.18977,1.19792,
2021-03-17T14:00:00-07:00,1.19792,1.19879,1.19765,1.19855,
2021-03-17T18:00:00-07:00,1.19855,1.19866,1.19555,1.19614,
2021-03-17T22:00:00-07:00,1.19614,1.19889,1.19351,1.19475,
2021-03-18T02:00:00-07:00,1.19475,1.19504,1.19219,1.19283,
2021-03-18T06:00:00-07:00,1.19283,1.19388,1.19085,1.19205,
2021-03-18T10:00:00-07:00,1.19205,1.19318,1.19065,1.19155,
2021-03-18T14:00:00-07:00,1.19155,1.19207,1.19043,1.19073,
2021-03-18T18:00:00-07:00,1.19073,1.19199,1.1902,1.1919,
2021-03-18T22:00:00-07:00,1.1919,1.19373,1.1911,1.19231,
2021-03-19T02:00:00-07:00,1.19231,1.19235,1.18907,1.18998,
2021-03-19T06:00:00-07:00,1.18998,1.1912,1.1874,1.19075,
2021-03-19T10:00:00-07:00,1.19075,1.19125,1.19022,1.19038,
2021-03-21T14:00:00-07:00,1.19038,1.19038,1.18737,1.18851,
2021-03-21T18:00:00-07:00,1.18851,1.18991,1.18752,1.18937,
2021-03-21T22:00:00-07:00,1.18937,1.19061,1.18747,1.19022,
2021-03-22T02:00:00-07:00,1.19022,1.19313,1.18935,1.19232,
2021-03-22T06:00:00-07:00,1.19232,1.19394,1.19107,1.19392,
2021-03-22T10:00:00-07:00,1.19392,1.19469,1.19324,1.19326,
2021-03-22T14:00:00-07:00,1.19326,1.19408,1.19286,1.19336,
2021-03-22T18:00:00-07:00,1.19336,1.19371,1.1923,1.19232,
2021-03-22T22:00:00-07:00,1.19232,1.19319,1.1886,1.18988,
2021-03-23T02:00:00-07:00,1.18988,1.19002,1.18772,1.18892,
2021-03-23T06:00:00-07:00,1.18892,1.18915,1.18587,1.18635,
2021-03-23T10:00:00-07:00,1.18635,1.18663,1.18422,1.18493,
2021-03-23T14:00:00-07:00,1.18493,1.18534,1.18361,1.18428,
2021-03-23T18:00:00-07:00,1.18428,1.1851,1.18399,1.18465,
2021-03-23T22:00:00-07:00,1.18465,1.18475,1.18124,1.18266,
2021-03-24T02:00:00-07:00,1.18266,1.18446,1.18188,1.18337,
2021-03-24T06:00:00-07:00,1.18337,1.18391,1.18145,1.18236,
2021-03-24T10:00:00-07:00,1.18236,1.18307,1.18097,1.18127,
2021-03-24T14:00:00-07:00,1.18127,1.18178,1.18092,1.18178,
2021-03-24T18:00:00-07:00,1.18178,1.18278,1.18043,1.18208,
2021-03-24T22:00:00-07:00,1.18208,1.18263,1.18014,1.18053,
2021-03-25T02:00:00-07:00,1.18053,1.18182,1.17912,1.17974,
2021-03-25T06:00:00-07:00,1.17974,1.18156,1.17626,1.17628,
2021-03-25T10:00:00-07:00,1.17628,1.17818,1.17616,1.17642,
2021-03-25T14:00:00-07:00,1.17642,1.17839,1.17642,1.17821,
2021-03-25T18:00:00-07:00,1.17821,1.17847,1.17747,1.17766,
2021-03-25T22:00:00-07:00,1.17766,1.17891,1.17753,1.17874,
2021-03-26T02:00:00-07:00,1.17874,1.17974,1.17719,1.17764,
2021-03-26T06:00:00-07:00,1.17764,1.1805,1.17761,1.17989,
2021-03-26T10:00:00-07:00,1.17989,1.17999,1.17843,1.1794,
2021-03-28T14:00:00-07:00,1.1794,1.1794,1.17779,1.17806,
2021-03-28T18:00:00-07:00,1.17806,1.17913,1.17752,1.17788,
2021-03-28T22:00:00-07:00,1.17788,1.1794,1.1763,1.17666,
2021-03-29T02:00:00-07:00,1.17666,1.17886,1.17648,1.17856,
2021-03-29T06:00:00-07:00,1.17856,1.17926,1.17609,1.17737,
2021-03-29T10:00:00-07:00,1.17737,1.17785,1.17631,1.17648,
2021-03-29T14:00:00-07:00,1.17648,1.17732,1.17633,1.17704,
2021-03-29T18:00:00-07:00,1.17704,1.17739,1.17603,1.17642,
2021-03-29T22:00:00-07:00,1.17642,1.17656,1.17332,1.17464,
2021-03-30T02:00:00-07:00,1.17464,1.17499,1.17275,1.17313,
2021-03-30T06:00:00-07:00,1.17313,1.17377,1.17114,1.17184,
2021-03-30T10:00:00-07:00,1.17184,1.17232,1.1714,1.17163,
2021-03-30T14:00:00-07:00,1.17163,1.1726,1.17152,1.17227,
2021-03-30T18:00:00-07:00,1.17227,1.17241,1.17042,1.17077,
2021-03-30T22:00:00-07:00,1.17077,1.1748,1.17049,1.17464,
2021-03-31T02:00:00-07:00,1.17464,1.17464,1.1721,1.17256,
2021-03-31T06:00:00-07:00,1.17256,1.17599,1.17212,1.17499,
2021-03-31T10:00:00-07:00,1.17499,1.17554,1.17195,1.17304,
2021-03-31T14:00:00-07:00,1.17304,1.17323,1.17209,1.17296,
2021-03-31T18:00:00-07:00,1.17296,1.17329,1.17146,1.17158,
2021-03-31T22:00:00-07:00,1.17158,1.17448,1.17128,1.17277,
2021-04-01T02:00:00-07:00,1.17277,1.17541,1.17243,1.17453,
2021-04-01T06:00:00-07:00,1.17453,1.17801,1.17388,1.17732,
2021-04-01T10:00:00-07:00,1.17732,1.17787,1.17667,1.17772,
2021-04-01T14:00:00-07:00,1.17772,1.1784,1.17701,1.17718,
2021-04-01T18:00:00-07:00,1.17718,1.17813,1.17692,1.17782,
2021-04-01T22:00:00-07:00,1.17782,1.17866,1.17697,1.17822,
2021-04-02T02:00:00-07:00,1.17822,1.17863,1.17571,1.17689,
2021-04-02T06:00:00-07:00,1.17689,1.17691,1.17491,1.17609,
2021-04-02T10:00:00-07:00,1.17609,1.17657,1.17575,1.1761,
2021-04-04T14:00:00-07:00,1.1761,1.1768,1.17553,1.17651,
2021-04-04T18:00:00-07:00,1.17651,1.1772,1.17591,1.17594,
2021-04-04T22:00:00-07:00,1.17594,1.17608,1.17409,1.17474,
2021-04-05T02:00:00-07:00,1.17474,1.17812,1.17381,1.17789,
2021-04-05T06:00:00-07:00,1.17789,1.18168,1.1778,1.18161,
2021-04-05T10:00:00-07:00,1.18161,1.18197,1.1808,1.18129,
2021-04-05T14:00:00-07:00,1.18129,1.18218,1.18115,1.1814,
2021-04-05T18:00:00-07:00,1.1814,1.18173,1.17998,1.18056,
2021-04-05T22:00:00-07:00,1.18056,1.1821,1.17953,1.18137,
2021-04-06T02:00:00-07:00,1.18137,1.18336,1.18024,1.18289,
2021-04-06T06:00:00-07:00,1.18289,1.18561,1.18263,1.18557,
2021-04-06T10:00:00-07:00,1.18557,1.18778,1.18522,1.18757,
2021-04-06T14:00:00-07:00,1.18757,1.18769,1.18686,1.18723,
2021-04-06T18:00:00-07:00,1.18723,1.18779,1.18656,1.18709,
2021-04-06T22:00:00-07:00,1.18709,1.18875,1.18641,1.18863,
2021-04-07T02:00:00-07:00,1.18863,1.18985,1.1877,1.18848,
2021-04-07T06:00:00-07:00,1.18848,1.19147,1.18819,1.18824,
2021-04-07T10:00:00-07:00,1.18824,1.18868,1.18609,1.1868,
2021-04-07T14:00:00-07:00,1.1868,1.18742,1.18656,1.18667,
2021-04-07T18:00:00-07:00,1.18667,1.18739,1.18609,1.18729,
2021-04-07T22:00:00-07:00,1.18729,1.1893,1.18674,1.18814,
2021-04-08T02:00:00-07:00,1.18814,1.1895,1.18618,1.18927,
2021-04-08T06:00:00-07:00,1.18927,1.19275,1.18836,1.19215,
2021-04-08T10:00:00-07:00,1.19215,1.19232,1.19121,1.19142,
2021-04-08T14:00:00-07:00,1.19142,1.19202,1.19107,1.19193,
2021-04-08T18:00:00-07:00,1.19193,1.19202,1.19031,1.19042,
2021-04-08T22:00:00-07:00,1.19042,1.19046,1.18839,1.18859,
2021-04-09T02:00:00-07:00,1.18859,1.19004,1.18672,1.1876,
2021-04-09T06:00:00-07:00,1.1876,1.19035,1.18706,1.19002,
2021-04-09T10:00:00-07:00,1.19002,1.19106,1.18987,1.18987,
2021-04-11T14:00:00-07:00,1.18987,1.19041,1.18901,1.18977,
2021-04-11T18:00:00-07:00,1.18977,1.18988,1.18855,1.18882,
2021-04-11T22:00:00-07:00,1.18882,1.18943,1.18713,1.18838,
2021-04-12T02:00:00-07:00,1.18838,1.19183,1.18838,1.19141,
2021-04-12T06:00:00-07:00,1.19141,1.1919,1.19035,1.19159,
2021-04-12T10:00:00-07:00,1.19159,1.19174,1.18989,1.19105,
2021-04-12T14:00:00-07:00,1.19105,1.19161,1.19023,1.19041,
2021-04-12T18:00:00-07:00,1.19041,1.19046,1.18862,1.18873,
2021-04-12T22:00:00-07:00,1.18873,1.19089,1.18829,1.19008,
2021-04-13T02:00:00-07:00,1.19008,1.19344,1.18787,1.19245,
2021-04-13T06:00:00-07:00,1.19245,1.19435,1.19233,1.19381,
2021-04-13T10:00:00-07:00,1.19381,1.1956,1.19379,1.19481,
2021-04-13T14:00:00-07:00,1.19481,1.19586,1.19471,1.19545,
2021-04-13T18:00:00-07:00,1.19545,1.19642,1.19528,1.19628,
2021-04-13T22:00:00-07:00,1.19628,1.19741,1.1955,1.19668,
2021-04-14T02:00:00-07:00,1.19668,1.19697,1.19512,1.19638,
2021-04-14T06:00:00-07:00,1.19638,1.19874,1.1953,1.19851,
2021-04-14T10:00:00-07:00,1.19851,1.19856,1.19697,1.19795,
2021-04-14T14:00:00-07:00,1.19795,1.1989,1.19768,1.19865,
2021-04-14T18:00:00-07:00,1.19865,1.199,1.19699,1.19704,
2021-04-14T22:00:00-07:00,1.19704,1.19902,1.19703,1.19808,
2021-04-15T02:00:00-07:00,1.19808,1.19934,1.19574,1.19584,
2021-04-15T06:00:00-07:00,1.19584,1.19839,1.19562,1.19711,
2021-04-15T10:00:00-07:00,1.19711,1.19773,1.19571,1.19665,
2021-04-15T14:00:00-07:00,1.19665,1.19748,1.19563,1.19571,
2021-04-15T18:00:00-07:00,1.19571,1.19642,1.19505,1.19635,
2021-04-15T22:00:00-07:00,1.19635,1.1989,1.19584,1.19781,
2021-04-16T02:00:00-07:00,1.19781,1.19947,1.19692,1.19838,
2021-04-16T06:00:00-07:00,1.19838,1.19938,1.1975,1.19807,
2021-04-16T10:00:00-07:00,1.19807,1.19842,1.19724,1.19842,
2021-04-18T14:00:00-07:00,1.19842,1.19842,1.19607,1.19616,
2021-04-18T18:00:00-07:00,1.19616,1.1964,1.19426,1.19587,
2021-04-18T22:00:00-07:00,1.19587,1.20327,1.19581,1.20252,
2021-04-19T02:00:00-07:00,1.20252,1.2048,1.2022,1.20404,
2021-04-19T06:00:00-07:00,1.20404,1.20408,1.20151,1.20381,
2021-04-19T10:00:00-07:00,1.20381,1.2041,1.20333,1.2038,
2021-04-19T14:00:00-07:00,1.2038,1.20456,1.2034,1.20393,
2021-04-19T18:00:00-07:00,1.20393,1.20719,1.20375,1.20634,
2021-04-19T22:00:00-07:00,1.20634,1.208,1.20483,1.20687,
2021-04-20T02:00:00-07:00,1.20687,1.2071,1.20266,1.20347,
2021-04-20T06:00:00-07:00,1.20347,1.20568,1.20256,1.20304,
2021-04-20T10:00:00-07:00,1.20304,1.2037,1.20226,1.20357,
2021-04-20T14:00:00-07:00,1.20357,1.20438,1.20307,1.20347,
2021-04-20T18:00:00-07:00,1.20347,1.20422,1.20247,1.20275,
2021-04-20T22:00:00-07:00,1.20275,1.20357,1.20037,1.20062,
2021-04-21T02:00:00-07:00,1.20062,1.20162,1.19985,1.2014,
2021-04-21T06:00:00-07:00,1.2014,1.20392,1.19991,1.20278,
2021-04-21T10:00:00-07:00,1.20278,1.20363,1.20266,1.20351,
2021-04-21T14:00:00-07:00,1.20351,1.204,1.2031,1.20368,
2021-04-21T18:00:00-07:00,1.20368,1.2047,1.20323,1.20339,
2021-04-21T22:00:00-07:00,1.20339,1.20496,1.20245,1.20262,
2021-04-22T02:00:00-07:00,1.20262,1.20664,1.20221,1.20645,
2021-04-22T06:00:00-07:00,1.20645,1.20695,1.20028,1.20088,
2021-04-22T10:00:00-07:00,1.20088,1.20174,1.19937,1.20151,
2021-04-22T14:00:00-07:00,1.20151,1.20207,1.20129,1.20207,
2021-04-22T18:00:00-07:00,1.20207,1.20278,1.20182,1.20267,
2021-04-22T22:00:00-07:00,1.20267,1.20611,1.20229,1.2059,
2021-04-23T02:00:00-07:00,1.2059,1.20758,1.20492,1.20717,
2021-04-23T06:00:00-07:00,1.20717,1.20774,1.20463,1.20768,
2021-04-23T10:00:00-07:00,1.20768,1.21,1.20743,1.20977,
2021-04-25T14:00:00-07:00,1.20977,1.21055,1.20887,1.21033,
2021-04-25T18:00:00-07:00,1.21033,1.21169,1.21032,1.21082,
2021-04-25T22:00:00-07:00,1.21082,1.21154,1.20887,1.20998,
2021-04-26T02:00:00-07:00,1.20998,1.21093,1.20767,1.20807,
2021-04-26T06:00:00-07:00,1.20807,1.20898,1.20612,1.20893,
2021-04-26T10:00:00-07:00,1.20893,1.20938,1.20832,1.20865,
2021-04-26T14:00:00-07:00,1.20865,1.20899,1.20747,1.20793,
2021-04-26T18:00:00-07:00,1.20793,1.20812,1.20653,1.20729,
2021-04-26T22:00:00-07:00,1.20729,1.20801,1.20574,1.20582,
2021-04-27T02:00:00-07:00,1.20582,1.20927,1.20568,1.20818,
2021-04-27T06:00:00-07:00,1.20818,1.20904,1.20694,1.20709,
2021-04-27T10:00:00-07:00,1.20709,1.2093,1.20706,1.20909,
2021-04-27T14:00:00-07:00,1.20909,1.20932,1.20783,1.20785,
2021-04-27T18:00:00-07:00,1.20785,1.20851,1.20724,1.20729,
2021-04-27T22:00:00-07:00,1.20729,1.20798,1.20563,1.20748,
2021-04-28T02:00:00-07:00,1.20748,1.20771,1.20617,1.20678,
2021-04-28T06:00:00-07:00,1.20678,1.21026,1.20568,1.20902,
2021-04-28T10:00:00-07:00,1.20902,1.21347,1.20657,1.21263,
2021-04-28T14:00:00-07:00,1.21263,1.2142,1.21225,1.21419,
2021-04-28T18:00:00-07:00,1.21419,1.215,1.2124,1.2132,
2021-04-28T22:00:00-07:00,1.2132,1.21369,1.21113,1.21156,
2021-04-29T02:00:00-07:00,1.21156,1.21358,1.2114,1.21227,
2021-04-29T06:00:00-07:00,1.21227,1.21269,1.21021,1.21179,
2021-04-29T10:00:00-07:00,1.21179,1.21295,1.21127,1.21224,
2021-04-29T14:00:00-07:00,1.21224,1.21263,1.2118,1.21221,
2021-04-29T18:00:00-07:00,1.21221,1.21267,1.21154,1.21172,
2021-04-29T22:00:00-07:00,1.21172,1.212,1.20944,1.20952,
2021-04-30T02:00:00-07:00,1.20952,1.20983,1.20774,1.20837,
2021-04-30T06:00:00-07:00,1.20837,1.20922,1.20241,1.20268,
2021-04-30T10:00:00-07:00,1.20268,1.20306,1.20166,1.20192,
2021-05-02T14:00:00-07:00,1.20194,1.20346,1.20194,1.20338,
2021-05-02T18:00:00-07:00,1.20338,1.20356,1.20172,1.20212,
2021-05-02T22:00:00-07:00,1.20212,1.20497,1.20131,1.20475,
2021-05-03T02:00:00-07:00,1.20475,1.20579,1.20419,1.2043,
2021-05-03T06:00:00-07:00,1.2043,1.2076,1.20425,1.20531,
2021-05-03T10:00:00-07:00,1.20531,1.20673,1.20515,1.20643,
2021-05-03T14:00:00-07:00,1.20643,1.20651,1.2053,1.20559,
2021-05-03T18:00:00-07:00,1.20559,1.20564,1.20371,1.20407,
2021-05-03T22:00:00-07:00,1.20407,1.2041,1.20022,1.20033,
2021-05-04T02:00:00-07:00,1.20033,1.20303,1.1999,1.20259,
2021-05-04T06:00:00-07:00,1.20259,1.20357,1.20015,1.20178,
2021-05-04T10:00:00-07:00,1.20178,1.20236,1.20094,1.20143,
2021-05-04T14:00:00-07:00,1.20143,1.20209,1.20102,1.20199,
2021-05-04T18:00:00-07:00,1.20199,1.20267,1.20181,1.20225,
2021-05-04T22:00:00-07:00,1.20225,1.20225,1.1986,1.19967,
2021-05-05T02:00:00-07:00,1.19967,1.20199,1.19917,1.19971,
2021-05-05T06:00:00-07:00,1.19971,1.20121,1.19924,1.19938,
2021-05-05T10:00:00-07:00,1.19938,1.20061,1.19912,1.20041,
2021-05-05T14:00:00-07:00,1.20041,1.20099,1.20001,1.20004,
2021-05-05T18:00:00-07:00,1.20004,1.20119,1.19932,1.20024,
2021-05-05T22:00:00-07:00,1.20024,1.20446,1.20021,1.20396,
2021-05-06T02:00:00-07:00,1.20396,1.20606,1.20364,1.20573,
2021-05-06T06:00:00-07:00,1.20573,1.20717,1.20441,1.20498,
2021-05-06T10:00:00-07:00,1.20498,1.20656,1.20482,1.20652,
2021-05-06T14:00:00-07:00,1.20652,1.20699,1.2059,1.20636,
2021-05-06T18:00:00-07:00,1.20636,1.20694,1.20597,1.20641,
2021-05-06T22:00:00-07:00,1.20641,1.20907,1.2053,1.20876,
2021-05-07T02:00:00-07:00,1.20876,1.21463,1.20582,1.21291,
2021-05-07T06:00:00-07:00,1.21291,1.21652,1.21022,1.21512,
2021-05-07T10:00:00-07:00,1.21512,1.21716,1.21497,1.21635,
2021-05-09T14:00:00-07:00,1.21635,1.2177,1.21601,1.21617,
2021-05-09T18:00:00-07:00,1.21617,1.21633,1.21511,1.21517,
2021-05-09T22:00:00-07:00,1.21517,1.21754,1.21368,1.21712,
2021-05-10T02:00:00-07:00,1.21712,1.21744,1.21568,1.21713,
2021-05-10T06:00:00-07:00,1.21713,1.21784,1.21529,1.21591,
2021-05-10T10:00:00-07:00,1.21591,1.21595,1.21279,1.21291,
2021-05-10T14:00:00-07:00,1.21291,1.21428,1.21262,1.2128,
2021-05-10T18:00:00-07:00,1.2128,1.21494,1.21263,1.21416,
2021-05-10T22:00:00-07:00,1.21416,1.21643,1.21231,1.21625,
2021-05-11T02:00:00-07:00,1.21625,1.21716,1.21539,1.21683,
2021-05-11T06:00:00-07:00,1.21683,1.21817,1.21481,1.21639,
2021-05-11T10:00:00-07:00,1.21639,1.21648,1.21451,1.21482,
2021-05-11T14:00:00-07:00,1.21482,1.21511,1.21373,1.21381,
2021-05-11T18:00:00-07:00,1.21381,1.21381,1.21155,1.21204,
2021-05-11T22:00:00-07:00,1.21204,1.21439,1.21201,1.21344,
2021-05-12T02:00:00-07:00,1.21344,1.21469,1.20722,1.213,
2021-05-12T06:00:00-07:00,1.213,1.21523,1.20656,1.20665,
2021-05-12T10:00:00-07:00,1.20665,1.20826,1.20657,1.20717,
2021-05-12T14:00:00-07:00,1.20717,1.20845,1.20696,1.20821,
2021-05-12T18:00:00-07:00,1.20821,1.20889,1.20719,1.20784,
2021-05-12T22:00:00-07:00,1.20784,1.21062,1.20515,1.20624,
2021-05-13T02:00:00-07:00,1.20624,1.20941,1.20601,1.20817,
2021-05-13T06:00:00-07:00,1.20817,1.21,1.20642,1.20796,
2021-05-13T10:00:00-07:00,1.20796,1.20872,1.20622,1.20809,
2021-05-13T14:00:00-07:00,1.20809,1.20835,1.20711,1.20753,
2021-05-13T18:00:00-07:00,1.20753,1.20881,1.2073,1.20858,
2021-05-13T22:00:00-07:00,1.20858,1.21295,1.20844,1.21253,
2021-05-14T02:00:00-07:00,1.21253,1.21374,1.21032,1.21293,
2021-05-14T06:00:00-07:00,1.21293,1.21478,1.21243,1.2137,
2021-05-14T10:00:00-07:00,1.2137,1.21467,1.2134,1.21452,
2021-05-16T14:00:00-07:00,1.21452,1.21513,1.21322,1.2134,
2021-05-16T18:00:00-07:00,1.2134,1.21388,1.2129,1.21298,
2021-05-16T22:00:00-07:00,1.21298,1.215,1.21262,1.21482,
2021-05-17T02:00:00-07:00,1.21482,1.21689,1.21346,1.214,
2021-05-17T06:00:00-07:00,1.214,1.21577,1.21377,1.2156,
2021-05-17T10:00:00-07:00,1.2156,1.21616,1.21496,1.21524,
2021-05-17T14:00:00-07:00,1.21524,1.21591,1.21502,1.21565,
2021-05-17T18:00:00-07:00,1.21565,1.21693,1.21558,1.21646,
2021-05-17T22:00:00-07:00,1.21646,1.22197,1.21638,1.22187,
2021-05-18T02:00:00-07:00,1.22187,1.2234,1.22068,1.22214,
2021-05-18T06:00:00-07:00,1.22214,1.22238,1.21977,1.22167,
2021-05-18T10:00:00-07:00,1.22167,1.22303,1.22149,1.22222,
2021-05-18T14:00:00-07:00,1.22222,1.22328,1.22213,1.22265,
2021-05-18T18:00:00-07:00,1.22265,1.22351,1.22174,1.22315,
2021-05-18T22:00:00-07:00,1.22315,1.22453,1.22048,1.22167,
2021-05-19T02:00:00-07:00,1.22167,1.22205,1.21889,1.22079,
2021-05-19T06:00:00-07:00,1.22079,1.22387,1.22037,1.22109,
2021-05-19T10:00:00-07:00,1.22109,1.22149,1.216,1.2174,
2021-05-19T14:00:00-07:00,1.2174,1.21851,1.21685,1.21851,
2021-05-19T18:00:00-07:00,1.21851,1.21854,1.21698,1.21821,
2021-05-19T22:00:00-07:00,1.21821,1.22048,1.21773,1.21883,
2021-05-20T02:00:00-07:00,1.21883,1.22082,1.21813,1.22001,
2021-05-20T06:00:00-07:00,1.22001,1.22265,1.21975,1.22183,
2021-05-20T10:00:00-07:00,1.22183,1.22292,1.22123,1.22278,
2021-05-20T14:00:00-07:00,1.22278,1.22378,1.22232,1.2234,
2021-05-20T18:00:00-07:00,1.2234,1.22394,1.22276,1.22329,
2021-05-20T22:00:00-07:00,1.22329,1.22398,1.22099,1.22238,
2021-05-21T02:00:00-07:00,1.22238,1.22378,1.21787,1.22056,
2021-05-21T06:00:00-07:00,1.22056,1.22102,1.21608,1.21642,
2021-05-21T10:00:00-07:00,1.21642,1.2188,1.21627,1.21797,
2021-05-23T14:00:00-07:00,1.21797,1.21873,1.21726,1.21805,
2021-05-23T18:00:00-07:00,1.21805,1.21855,1.21753,1.21798,
2021-05-23T22:00:00-07:00,1.21798,1.22043,1.21749,1.21969,
2021-05-24T02:00:00-07:00,1.21969,1.22194,1.2193,1.22104,
2021-05-24T06:00:00-07:00,1.22104,1.223,1.22035,1.22152,
2021-05-24T10:00:00-07:00,1.22152,1.22183,1.22057,1.22155,
2021-05-24T14:00:00-07:00,1.22155,1.2222,1.22116,1.22219,
2021-05-24T18:00:00-07:00,1.22219,1.22315,1.22213,1.22295,
2021-05-24T22:00:00-07:00,1.22295,1.22622,1.22207,1.2259,
2021-05-25T02:00:00-07:00,1.2259,1.22666,1.22463,1.22537,
2021-05-25T06:00:00-07:00,1.22537,1.2257,1.22268,1.22398,
2021-05-25T10:00:00-07:00,1.22398,1.22571,1.2238,1.22509,
2021-05-25T14:00:00-07:00,1.22509,1.22574,1.22446,1.22452,
2021-05-25T18:00:00-07:00,1.22452,1.22613,1.2242,1.22597,
2021-05-25T22:00:00-07:00,1.22597,1.22629,1.22326,1.22411,
2021-05-26T02:00:00-07:00,1.22411,1.22471,1.22172,1.222,
2021-05-26T06:00:00-07:00,1.222,1.22399,1.21957,1.22,
2021-05-26T10:00:00-07:00,1.22,1.22021,1.2182,1.21922,
2021-05-26T14:00:00-07:00,1.21922,1.21971,1.218,1.21883,
2021-05-26T18:00:00-07:00,1.21883,1.21957,1.21753,1.21936,
2021-05-26T22:00:00-07:00,1.21936,1.22151,1.21801,1.21825,
2021-05-27T02:00:00-07:00,1.21825,1.22108,1.21822,1.21861,
2021-05-27T06:00:00-07:00,1.21861,1.22116,1.21798,1.21877,
2021-05-27T10:00:00-07:00,1.21877,1.22048,1.21874,1.21957,
2021-05-27T14:00:00-07:00,1.21957,1.21961,1.21827,1.21842,
2021-05-27T18:00:00-07:00,1.21842,1.21904,1.21816,1.21878,
2021-05-27T22:00:00-07:00,1.21878,1.22005,1.21716,1.21975,
2021-05-28T02:00:00-07:00,1.21975,1.2198,1.21329,1.2135,
2021-05-28T06:00:00-07:00,1.2135,1.22043,1.21327,1.22007,
2021-05-28T10:00:00-07:00,1.22007,1.2205,1.21897,1.21918,
2021-05-30T14:00:00-07:00,1.21918,1.22008,1.21846,1.21917,
2021-05-30T18:00:00-07:00,1.21917,1.22043,1.21888,1.21981,
2021-05-30T22:00:00-07:00,1.21981,1.22035,1.21835,1.22006,
2021-05-31T02:00:00-07:00,1.22006,1.2202,1.21852,1.21987,
2021-05-31T06:00:00-07:00,1.21987,1.22315,1.21939,1.22283,
2021-05-31T10:00:00-07:00,1.22283,1.22296,1.22252,1.2227,
2021-05-31T14:00:00-07:00,1.2227,1.22346,1.22239,1.22297,
2021-05-31T18:00:00-07:00,1.22297,1.22366,1.22225,1.22226,
2021-05-31T22:00:00-07:00,1.22226,1.22415,1.22133,1.22301,
2021-06-01T02:00:00-07:00,1.22301,1.22386,1.22171,1.22248,
2021-06-01T06:00:00-07:00,1.22248,1.22544,1.22159,1.22332,
2021-06-01T10:00:00-07:00,1.22332,1.22342,1.22118,1.22129,
2021-06-01T14:00:00-07:00,1.22129,1.22262,1.22123,1.22204,
2021-06-01T18:00:00-07:00,1.22204,1.22267,1.2217,1.22172,
2021-06-01T22:00:00-07:00,1.22172,1.22199,1.21794,1.21814,
2021-06-02T02:00:00-07:00,1.21814,1.21921,1.21642,1.21859,
2021-06-02T06:00:00-07:00,1.21859,1.22184,1.21845,1.22121,
2021-06-02T10:00:00-07:00,1.22121,1.22155,1.22059,1.22114,
2021-06-02T14:00:00-07:00,1.22114,1.22143,1.22081,1.22125,
2021-06-02T18:00:00-07:00,1.22125,1.22134,1.22011,1.22015,
2021-06-02T22:00:00-07:00,1.22015,1.22042,1.21788,1.21878,
2021-06-03T02:00:00-07:00,1.21878,1.22085,1.21569,1.21584,
2021-06-03T06:00:00-07:00,1.21584,1.21623,1.21183,1.21204,
2021-06-03T10:00:00-07:00,1.21204,1.2134,1.2119,1.21276,
2021-06-03T14:00:00-07:00,1.21276,1.21322,1.21145,1.21276,
2021-06-03T18:00:00-07:00,1.21276,1.21305,1.21123,1.21139,
2021-06-03T22:00:00-07:00,1.21139,1.2118,1.21041,1.21121,
2021-06-04T02:00:00-07:00,1.21121,1.21747,1.21039,1.21677,
2021-06-04T06:00:00-07:00,1.21677,1.21858,1.2161,1.21612,
2021-06-04T10:00:00-07:00,1.21612,1.21703,1.21603,1.21671,
2021-06-06T14:00:00-07:00,1.21671,1.21728,1.21622,1.21675,
2021-06-06T18:00:00-07:00,1.21675,1.21707,1.216,1.21681,
2021-06-06T22:00:00-07:00,1.21681,1.21682,1.21451,1.2162,
2021-06-07T02:00:00-07:00,1.2162,1.2176,1.21506,1.21635,
2021-06-07T06:00:00-07:00,1.21635,1.22019,1.21614,1.2195,
2021-06-07T10:00:00-07:00,1.2195,1.21992,1.21894,1.21895,
2021-06-07T14:00:00-07:00,1.21895,1.21945,1.21825,1.21858,
2021-06-07T18:00:00-07:00,1.21858,1.2191,1.21774,1.21795,
2021-06-07T22:00:00-07:00,1.21795,1.21854,1.21644,1.21763,
2021-06-08T02:00:00-07:00,1.21763,1.21883,1.21683,1.21759,
2021-06-08T06:00:00-07:00,1.21759,1.21931,1.21709,1.21781,
2021-06-08T10:00:00-07:00,1.21781,1.2182,1.21713,1.21731,
2021-06-08T14:00:00-07:00,1.21731,1.21781,1.21713,1.2175,
2021-06-08T18:00:00-07:00,1.2175,1.21855,1.21739,1.21794,
2021-06-08T22:00:00-07:00,1.21794,1.21927,1.21758,1.21883,
2021-06-09T02:00:00-07:00,1.21883,1.21976,1.21839,1.21949,
2021-06-09T06:00:00-07:00,1.21949,1.22181,1.21742,1.21762,
2021-06-09T10:00:00-07:00,1.21762,1.21839,1.21744,1.21802,
2021-06-09T14:00:00-07:00,1.21802,1.21816,1.21723,1.21729,
2021-06-09T18:00:00-07:00,1.21729,1.21758,1.21629,1.21642,
2021-06-09T22:00:00-07:00,1.21642,1.21739,1.21536,1.21666,
2021-06-10T02:00:00-07:00,1.21666,1.21947,1.21509,1.21862,
2021-06-10T06:00:00-07:00,1.21862,1.21933,1.21435,1.21767,
2021-06-10T10:00:00-07:00,1.21767,1.21788,1.21699,1.21705,
2021-06-10T14:00:00-07:00,1.21705,1.21789,1.21684,1.21782,
2021-06-10T18:00:00-07:00,1.21782,1.21915,1.21761,1.21873,
2021-06-10T22:00:00-07:00,1.21873,1.21931,1.2164,1.21658,
2021-06-11T02:00:00-07:00,1.21658,1.21672,1.21225,1.21288,
2021-06-11T06:00:00-07:00,1.21288,1.21303,1.20929,1.20966,
2021-06-11T10:00:00-07:00,1.20966,1.21109,1.20927,1.21083,
2021-06-13T14:00:00-07:00,1.21083,1.21122,1.20988,1.21003,
2021-06-13T18:00:00-07:00,1.21003,1.2105,1.20947,1.21044,
2021-06-13T22:00:00-07:00,1.21044,1.21208,1.20943,1.21092,
2021-06-14T02:00:00-07:00,1.21092,1.21248,1.21085,1.21196,
2021-06-14T06:00:00-07:00,1.21196,1.21304,1.2117,1.21223,
2021-06-14T10:00:00-07:00,1.21223,1.21229,1.21167,1.21209,
2021-06-14T14:00:00-07:00,1.21209,1.21237,1.21139,1.21201,
2021-06-14T18:00:00-07:00,1.21201,1.21261,1.21149,1.21258,
2021-06-14T22:00:00-07:00,1.21258,1.21474,1.21242,1.21304,
2021-06-15T02:00:00-07:00,1.21304,1.21304,1.21014,1.21117,
2021-06-15T06:00:00-07:00,1.21117,1.21311,1.2109,1.21242,
2021-06-15T10:00:00-07:00,1.21242,1.21299,1.21221,1.21262,
2021-06-15T14:00:00-07:00,1.21262,1.21296,1.21226,1.21228,
2021-06-15T18:00:00-07:00,1.21228,1.21289,1.21168,1.21286,
2021-06-15T22:00:00-07:00,1.21286,1.21349,1.21184,1.21288,
2021-06-16T02:00:00-07:00,1.21288,1.21295,1.21143,1.21185,
2021-06-16T06:00:00-07:00,1.21185,1.21271,1.21102,1.21177,
2021-06-16T10:00:00-07:00,1.21177,1.21177,1.19947,1.19949,
2021-06-16T14:00:00-07:00,1.19949,1.19986,1.19842,1.19882,
2021-06-16T18:00:00-07:00,1.19882,1.20048,1.19877,1.20011,
2021-06-16T22:00:00-07:00,1.20011,1.20063,1.19361,1.19478,
2021-06-17T02:00:00-07:00,1.19478,1.1957,1.19262,1.19313,
2021-06-17T06:00:00-07:00,1.19313,1.19509,1.18918,1.1896,
2021-06-17T10:00:00-07:00,1.1896,1.19226,1.1896,1.1907,
2021-06-17T14:00:00-07:00,1.1907,1.19154,1.19047,1.19076,
2021-06-17T18:00:00-07:00,1.19076,1.19251,1.19061,1.19134,
2021-06-17T22:00:00-07:00,1.19134,1.19245,1.18853,1.19128,
2021-06-18T02:00:00-07:00,1.19128,1.19222,1.18676,1.18878,
2021-06-18T06:00:00-07:00,1.18878,1.18879,1.18473,1.18746,
2021-06-18T10:00:00-07:00,1.18746,1.1882,1.18571,1.18643,
2021-06-20T14:00:00-07:00,1.18643,1.18767,1.1857,1.18726,
2021-06-20T18:00:00-07:00,1.18726,1.18741,1.18479,1.1866,
2021-06-20T22:00:00-07:00,1.1866,1.1894,1.18513,1.18931,
2021-06-21T02:00:00-07:00,1.18931,1.18998,1.1885,1.18927,
2021-06-21T06:00:00-07:00,1.18927,1.19213,1.18897,1.19191,
2021-06-21T10:00:00-07:00,1.19191,1.19211,1.19079,1.19181,
2021-06-21T14:00:00-07:00,1.19181,1.19204,1.19051,1.19083,
2021-06-21T18:00:00-07:00,1.19083,1.19153,1.19009,1.19028,
2021-06-21T22:00:00-07:00,1.19028,1.19115,1.18917,1.18966,
2021-06-22T02:00:00-07:00,1.18966,1.19027,1.18811,1.1893,
2021-06-22T06:00:00-07:00,1.1893,1.19422,1.18901,1.19346,
2021-06-22T10:00:00-07:00,1.19346,1.19527,1.19317,1.19399,
2021-06-22T14:00:00-07:00,1.19399,1.19434,1.19298,1.19321,
2021-06-22T18:00:00-07:00,1.19321,1.19346,1.19192,1.19192,
2021-06-22T22:00:00-07:00,1.19192,1.19456,1.19117,1.19328,
2021-06-23T02:00:00-07:00,1.19328,1.19554,1.19326,1.19538,
2021-06-23T06:00:00-07:00,1.19538,1.19701,1.19343,1.19356,
2021-06-23T10:00:00-07:00,1.19356,1.19385,1.19195,1.19261,
2021-06-23T14:00:00-07:00,1.19261,1.19333,1.19258,1.19311,
2021-06-23T18:00:00-07:00,1.19311,1.19324,1.19194,1.19242,
2021-06-23T22:00:00-07:00,1.19242,1.1943,1.19178,1.19253,
2021-06-24T02:00:00-07:00,1.19253,1.19564,1.19251,1.19545,
2021-06-24T06:00:00-07:00,1.19545,1.19561,1.19201,1.19269,
2021-06-24T10:00:00-07:00,1.19269,1.19354,1.19264,1.19321,
2021-06-24T14:00:00-07:00,1.19321,1.19333,1.19269,1.1931,
2021-06-24T18:00:00-07:00,1.1931,1.19452,1.19309,1.19371,
2021-06-24T22:00:00-07:00,1.19371,1.19508,1.19351,1.19432,
2021-06-25T02:00:00-07:00,1.19432,1.19656,1.19378,1.19578,
2021-06-25T06:00:00-07:00,1.19578,1.19753,1.19326,1.19374,
2021-06-25T10:00:00-07:00,1.19374,1.19426,1.19264,1.19347,
2021-06-27T14:00:00-07:00,1.19347,1.19421,1.19327,1.19369,
2021-06-27T18:00:00-07:00,1.19369,1.19382,1.19202,1.19226,
2021-06-27T22:00:00-07:00,1.19226,1.19446,1.1922,1.19415,
2021-06-28T02:00:00-07:00,1.19415,1.19441,1.19025,1.19215,
2021-06-28T06:00:00-07:00,1.19215,1.19398,1.19113,1.19226,
2021-06-28T10:00:00-07:00,1.19226,1.19292,1.19201,1.19255,
2021-06-28T14:00:00-07:00,1.19255,1.19297,1.19177,1.19194,
2021-06-28T18:00:00-07:00,1.19194,1.19248,1.19077,1.19105,
2021-06-28T22:00:00-07:00,1.19105,1.19232,1.18995,1.19015,
2021-06-29T02:00:00-07:00,1.19015,1.19133,1.18798,1.18826,
2021-06-29T06:00:00-07:00,1.18826,1.19116,1.18778,1.18963,
2021-06-29T10:00:00-07:00,1.18963,1.19058,1.18932,1.18965,
2021-06-29T14:00:00-07:00,1.18965,1.19067,1.18965,1.19002,
2021-06-29T18:00:00-07:00,1.19002,1.1909,1.18967,1.18998,
2021-06-29T22:00:00-07:00,1.18998,1.19081,1.18851,1.18864,
2021-06-30T02:00:00-07:00,1.18864,1.18982,1.18761,1.18824,
2021-06-30T06:00:00-07:00,1.18824,1.18825,1.18452,1.18485,
2021-06-30T10:00:00-07:00,1.18485,1.18614,1.18462,1.18582,
2021-06-30T14:00:00-07:00,1.18582,1.18604,1.18466,1.18486,
2021-06-30T18:00:00-07:00,1.18486,1.18542,1.18464,1.18492,
2021-06-30T22:00:00-07:00,1.18492,1.18602,1.18375,1.18448,
2021-07-01T02:00:00-07:00,1.18448,1.18843,1.18405,1.18783,
2021-07-01T06:00:00-07:00,1.18783,1.18822,1.18472,1.18492,
2021-07-01T10:00:00-07:00,1.18492,1.18547,1.18409,1.18495,
2021-07-01T14:00:00-07:00,1.18495,1.18526,1.1841,1.18431,
2021-07-01T18:00:00-07:00,1.18431,1.18466,1.18406,1.18448,
2021-07-01T22:00:00-07:00,1.18448,1.18478,1.18223,1.18279,
2021-07-02T02:00:00-07:00,1.18279,1.18571,1.18073,1.18476,
2021-07-02T06:00:00-07:00,1.18476,1.18592,1.18259,1.18435,
2021-07-02T10:00:00-07:00,1.18435,1.18743,1.18414,1.18656,
2021-07-04T14:00:00-07:00,1.18656,1.18703,1.18536,1.18574,
2021-07-04T18:00:00-07:00,1.18574,1.18628,1.18516,1.18571,
2021-07-04T22:00:00-07:00,1.18571,1.18734,1.18519,1.18703,
2021-07-05T02:00:00-07:00,1.18703,1.18808,1.18602,1.18635,
2021-07-05T06:00:00-07:00,1.18635,1.18695,1.18555,1.1868,
2021-07-05T10:00:00-07:00,1.1868,1.187,1.1861,1.18627,
2021-07-05T14:00:00-07:00,1.18627,1.18695,1.18599,1.18607,
2021-07-05T18:00:00-07:00,1.18607,1.18759,1.18585,1.18743,
2021-07-05T22:00:00-07:00,1.18743,1.18951,1.18425,1.18453,
2021-07-06T02:00:00-07:00,1.18453,1.18511,1.18313,1.18362,
2021-07-06T06:00:00-07:00,1.18362,1.18428,1.18069,1.18146,
2021-07-06T10:00:00-07:00,1.18146,1.1828,1.18133,1.18238,
2021-07-06T14:00:00-07:00,1.18238,1.18252,1.18156,1.18209,
2021-07-06T18:00:00-07:00,1.18209,1.1827,1.18177,1.18236,
2021-07-06T22:00:00-07:00,1.18236,1.18347,1.1812,1.18241,
2021-07-07T02:00:00-07:00,1.18241,1.18361,1.18126,1.1816,
2021-07-07T06:00:00-07:00,1.1816,1.18182,1.17818,1.18004,
2021-07-07T10:00:00-07:00,1.18004,1.18207,1.17895,1.17906,
2021-07-07T14:00:00-07:00,1.17906,1.17992,1.17897,1.1791,
2021-07-07T18:00:00-07:00,1.1791,1.17962,1.17836,1.17962,
2021-07-07T22:00:00-07:00,1.17962,1.18252,1.17924,1.18223,
2021-07-08T02:00:00-07:00,1.18223,1.18593,1.18216,1.18515,
2021-07-08T06:00:00-07:00,1.18515,1.18679,1.18367,1.18446,
2021-07-08T10:00:00-07:00,1.18446,1.18485,1.18353,1.18444,
2021-07-08T14:00:00-07:00,1.18444,1.185,1.18385,1.18407,
2021-07-08T18:00:00-07:00,1.18407,1.18437,1.18317,1.1832,
2021-07-08T22:00:00-07:00,1.1832,1.18467,1.18252,1.18327,
2021-07-09T02:00:00-07:00,1.18327,1.18688,1.18293,1.18688,
2021-07-09T06:00:00-07:00,1.18688,1.18749,1.18556,1.18683,
2021-07-09T10:00:00-07:00,1.18683,1.18812,1.18674,1.18755,
2021-07-11T14:00:00-07:00,1.18755,1.18795,1.18679,1.18756,
2021-07-11T18:00:00-07:00,1.18756,1.18802,1.18655,1.18685,
2021-07-11T22:00:00-07:00,1.18685,1.18799,1.18562,1.18707,
2021-07-12T02:00:00-07:00,1.18707,1.18736,1.18362,1.18532,
2021-07-12T06:00:00-07:00,1.18532,1.18742,1.18509,1.18577,
2021-07-12T10:00:00-07:00,1.18577,1.18622,1.18552,1.18605,
2021-07-12T14:00:00-07:00,1.18605,1.18688,1.18587,1.18667,
2021-07-12T18:00:00-07:00,1.18667,1.18753,1.18621,1.18638,
2021-07-12T22:00:00-07:00,1.18638,1.18655,1.18412,1.18499,
2021-07-13T02:00:00-07:00,1.18499,1.1851,1.17941,1.17993,
2021-07-13T06:00:00-07:00,1.17993,1.18328,1.1792,1.18045,
2021-07-13T10:00:00-07:00,1.18045,1.18045,1.17723,1.17764,
2021-07-13T14:00:00-07:00,1.17764,1.17814,1.17719,1.17766,
2021-07-13T18:00:00-07:00,1.17766,1.17856,1.1776,1.17838,
2021-07-13T22:00:00-07:00,1.17838,1.17995,1.17802,1.17839,
2021-07-14T02:00:00-07:00,1.17839,1.18281,1.1776,1.18219,
2021-07-14T06:00:00-07:00,1.18219,1.18354,1.18131,1.18326,
2021-07-14T10:00:00-07:00,1.18326,1.18388,1.18255,1.1837,
2021-07-14T14:00:00-07:00,1.1837,1.18389,1.18289,1.18336,
2021-07-14T18:00:00-07:00,1.18336,1.18349,1.18214,1.18309,
2021-07-14T22:00:00-07:00,1.18309,1.18508,1.18258,1.18492,
2021-07-15T02:00:00-07:00,1.18492,1.18499,1.18038,1.18065,
2021-07-15T06:00:00-07:00,1.18065,1.18235,1.18008,1.1803,
2021-07-15T10:00:00-07:00,1.1803,1.18131,1.17963,1.18124,
2021-07-15T14:00:00-07:00,1.18124,1.18171,1.18084,1.18116,
2021-07-15T18:00:00-07:00,1.18116,1.18125,1.18021,1.18096,
2021-07-15T22:00:00-07:00,1.18096,1.18197,1.17971,1.18182,
2021-07-16T02:00:00-07:00,1.18182,1.18224,1.17922,1.18019,
2021-07-16T06:00:00-07:00,1.18019,1.18144,1.1796,1.18113,
2021-07-16T10:00:00-07:00,1.18113,1.18188,1.1803,1.18065,
2021-07-18T14:00:00-07:00,1.18065,1.1814,1.18012,1.1802,
2021-07-18T18:00:00-07:00,1.1802,1.18086,1.17979,1.18064,
2021-07-18T22:00:00-07:00,1.18064,1.18085,1.17656,1.17732,
2021-07-19T02:00:00-07:00,1.17732,1.17886,1.1764,1.17869,
2021-07-19T06:00:00-07:00,1.17869,1.18246,1.17838,1.17992,
2021-07-19T10:00:00-07:00,1.17992,1.18024,1.1791,1.17992,
2021-07-19T14:00:00-07:00,1.17992,1.1803,1.17901,1.17951,
2021-07-19T18:00:00-07:00,1.17951,1.18023,1.17882,1.17887,
2021-07-19T22:00:00-07:00,1.17887,1.1795,1.17722,1.1788,
2021-07-20T02:00:00-07:00,1.1788,1.18025,1.1765,1.17726,
2021-07-20T06:00:00-07:00,1.17726,1.17808,1.17557,1.17778,
2021-07-20T10:00:00-07:00,1.17778,1.17862,1.1774,1.17808,
2021-07-20T14:00:00-07:00,1.17808,1.17848,1.1778,1.17799,
2021-07-20T18:00:00-07:00,1.17799,1.17804,1.17702,1.17725,
2021-07-20T22:00:00-07:00,1.17725,1.17824,1.1752,1.17795,
2021-07-21T02:00:00-07:00,1.17795,1.17805,1.17598,1.17662,
2021-07-21T06:00:00-07:00,1.17662,1.18039,1.17625,1.17933,
2021-07-21T10:00:00-07:00,1.17933,1.1805,1.17917,1.17938,
2021-07-21T14:00:00-07:00,1.17938,1.18006,1.17882,1.17885,
2021-07-21T18:00:00-07:00,1.17885,1.18003,1.17869,1.1797,
2021-07-21T22:00:00-07:00,1.1797,1.18021,1.17791,1.17968,
2021-07-22T02:00:00-07:00,1.17968,1.18136,1.17709,1.18,
2021-07-22T06:00:00-07:00,1.18,1.18305,1.17575,1.1763,
2021-07-22T10:00:00-07:00,1.1763,1.17762,1.17576,1.17709,
2021-07-22T14:00:00-07:00,1.17709,1.17801,1.17647,1.17781,
2021-07-22T18:00:00-07:00,1.17781,1.17806,1.17673,1.17681,
2021-07-22T22:00:00-07:00,1.17681,1.17866,1.17629,1.17745,
2021-07-23T02:00:00-07:00,1.17745,1.1781,1.17545,1.17798,
2021-07-23T06:00:00-07:00,1.17798,1.17803,1.17549,1.17686,
2021-07-23T10:00:00-07:00,1.17686,1.17761,1.17684,1.17727,
2021-07-25T14:00:00-07:00,1.17727,1.17758,1.17635,1.17663,
2021-07-25T18:00:00-07:00,1.17663,1.17804,1.17654,1.17786,
2021-07-25T22:00:00-07:00,1.17786,1.18001,1.17672,1.1784,
2021-07-26T02:00:00-07:00,1.1784,1.17994,1.17793,1.17832,
2021-07-26T06:00:00-07:00,1.17832,1.18174,1.17801,1.18124,
2021-07-26T10:00:00-07:00,1.18124,1.18133,1.17992,1.18026,
2021-07-26T14:00:00-07:00,1.18026,1.18123,1.17994,1.18085,
2021-07-26T18:00:00-07:00,1.18085,1.1809,1.18009,1.18023,
2021-07-26T22:00:00-07:00,1.18023,1.18025,1.177,1.17778,
2021-07-27T02:00:00-07:00,1.17778,1.18197,1.17745,1.18188,
2021-07-27T06:00:00-07:00,1.18188,1.1837,1.18008,1.18363,
2021-07-27T10:00:00-07:00,1.18363,1.18412,1.18152,1.18165,
2021-07-27T14:00:00-07:00,1.18165,1.18239,1.18125,1.18142,
2021-07-27T18:00:00-07:00,1.18142,1.18276,1.18142,1.18198,
2021-07-27T22:00:00-07:00,1.18198,1.18306,1.18023,1.1829,
2021-07-28T02:00:00-07:00,1.1829,1.18292,1.17919,1.17988,
2021-07-28T06:00:00-07:00,1.17988,1.1816,1.17835,1.18143,
2021-07-28T10:00:00-07:00,1.18143,1.18496,1.17725,1.18443,
2021-07-28T14:00:00-07:00,1.18443,1.18471,1.18409,1.18436,
2021-07-28T18:00:00-07:00,1.18436,1.18589,1.18418,1.18566,
2021-07-28T22:00:00-07:00,1.18566,1.18795,1.18503,1.18766,
2021-07-29T02:00:00-07:00,1.18766,1.18851,1.18694,1.18842,
2021-07-29T06:00:00-07:00,1.18842,1.18911,1.18759,1.18848,
2021-07-29T10:00:00-07:00,1.18848,1.1893,1.18802,1.18865,
2021-07-29T14:00:00-07:00,1.18865,1.18945,1.18815,1.18815,
2021-07-29T18:00:00-07:00,1.18815,1.18846,1.18778,1.18785,
2021-07-29T22:00:00-07:00,1.18785,1.19077,1.18751,1.19068,
2021-07-30T02:00:00-07:00,1.19068,1.19087,1.18775,1.18792,
2021-07-30T06:00:00-07:00,1.18792,1.18866,1.18517,1.18591,
2021-07-30T10:00:00-07:00,1.18591,1.18765,1.1854,1.18679,
2021-08-01T14:00:00-07:00,1.18679,1.18714,1.18623,1.18692,
2021-08-01T18:00:00-07:00,1.18692,1.18735,1.1859,1.18706,
2021-08-01T22:00:00-07:00,1.18706,1.18883,1.18643,1.18848,
2021-08-02T02:00:00-07:00,1.18848,1.18971,1.18716,1.1873,
2021-08-02T06:00:00-07:00,1.1873,1.18893,1.18668,1.18696,
2021-08-02T10:00:00-07:00,1.18696,1.18751,1.18653,1.18698,
2021-08-02T14:00:00-07:00,1.18698,1.18788,1.18688,1.18719,
2021-08-02T18:00:00-07:00,1.18719,1.18826,1.18682,1.18803,
2021-08-02T22:00:00-07:00,1.18803,1.18856,1.18712,1.18838,
2021-08-03T02:00:00-07:00,1.18838,1.18933,1.1879,1.18859,
2021-08-03T06:00:00-07:00,1.18859,1.18875,1.18537,1.18682,
2021-08-03T10:00:00-07:00,1.18682,1.187,1.18613,1.1864,
2021-08-03T14:00:00-07:00,1.1864,1.18703,1.18608,1.18619,
2021-08-03T18:00:00-07:00,1.18619,1.18756,1.18619,1.18715,
2021-08-03T22:00:00-07:00,1.18715,1.18799,1.18421,1.18511,
2021-08-04T02:00:00-07:00,1.18511,1.18897,1.18482,1.18891,
2021-08-04T06:00:00-07:00,1.18891,1.18998,1.18327,1.1838,
2021-08-04T10:00:00-07:00,1.1838,1.18425,1.18356,1.1837,
2021-08-04T14:00:00-07:00,1.1837,1.18395,1.18315,1.18319,
2021-08-04T18:00:00-07:00,1.18319,1.18394,1.18317,1.18364,
2021-08-04T22:00:00-07:00,1.18364,1.18497,1.18301,1.18372,
2021-08-05T02:00:00-07:00,1.18372,1.18574,1.18282,1.1836,
2021-08-05T06:00:00-07:00,1.1836,1.18514,1.18322,1.1839,
2021-08-05T10:00:00-07:00,1.1839,1.184,1.18309,1.18342,
2021-08-05T14:00:00-07:00,1.18342,1.1836,1.18252,1.18255,
2021-08-05T18:00:00-07:00,1.18255,1.18279,1.18185,1.18255,
2021-08-05T22:00:00-07:00,1.18255,1.183,1.18074,1.18112,
2021-08-06T02:00:00-07:00,1.18112,1.18128,1.17765,1.17843,
2021-08-06T06:00:00-07:00,1.17843,1.17882,1.17544,1.17561,
2021-08-06T10:00:00-07:00,1.17561,1.17646,1.17561,1.17619,
2021-08-08T14:00:00-07:00,1.17619,1.17648,1.17426,1.17508,
2021-08-08T18:00:00-07:00,1.17508,1.17637,1.17508,1.17635,
2021-08-08T22:00:00-07:00,1.17635,1.17668,1.17502,1.17549,
2021-08-09T02:00:00-07:00,1.17549,1.17691,1.17521,1.1761,
2021-08-09T06:00:00-07:00,1.1761,1.1767,1.17407,1.17421,
2021-08-09T10:00:00-07:00,1.17421,1.17486,1.1735,1.17366,
2021-08-09T14:00:00-07:00,1.17366,1.1739,1.17324,1.17378,
2021-08-09T18:00:00-07:00,1.17378,1.17402,1.17322,1.17383,
2021-08-09T22:00:00-07:00,1.17383,1.17429,1.17262,1.17322,
2021-08-10T02:00:00-07:00,1.17322,1.17322,1.17162,1.17164,
2021-08-10T06:00:00-07:00,1.17164,1.17248,1.171,1.17158,
2021-08-10T10:00:00-07:00,1.17158,1.17237,1.17144,1.17202,
2021-08-10T14:00:00-07:00,1.17202,1.17226,1.1713,1.17131,
2021-08-10T18:00:00-07:00,1.17131,1.17257,1.1712,1.17183,
2021-08-10T22:00:00-07:00,1.17183,1.17213,1.1706,1.17126,
2021-08-11T02:00:00-07:00,1.17126,1.17495,1.17086,1.17367,
2021-08-11T06:00:00-07:00,1.17367,1.17485,1.17258,1.17484,
2021-08-11T10:00:00-07:00,1.17484,1.17537,1.17379,1.17385,
2021-08-11T14:00:00-07:00,1.17385,1.17448,1.17377,1.17403,
2021-08-11T18:00:00-07:00,1.17403,1.1746,1.17347,1.17398,
2021-08-11T22:00:00-07:00,1.17398,1.17483,1.17328,1.1747,
2021-08-12T02:00:00-07:00,1.1747,1.17474,1.17274,1.17401,
2021-08-12T06:00:00-07:00,1.17401,1.17426,1.17238,1.17384,
2021-08-12T10:00:00-07:00,1.17384,1.17426,1.17293,1.17301,
2021-08-12T14:00:00-07:00,1.17301,1.17388,1.17297,1.17363,
2021-08-12T18:00:00-07:00,1.17363,1.17426,1.17346,1.17392,
2021-08-12T22:00:00-07:00,1.17392,1.1743,1.17304,1.17424,
2021-08-13T02:00:00-07:00,1.17424,1.1769,1.17405,1.17658,
2021-08-13T06:00:00-07:00,1.17658,1.18048,1.17639,1.18002,
2021-08-13T10:00:00-07:00,1.18002,1.18009,1.17926,1.17952,
2021-08-15T14:00:00-07:00,1.17952,1.18012,1.17918,1.17957,
2021-08-15T18:00:00-07:00,1.17957,1.18009,1.179,1.17937,
2021-08-15T22:00:00-07:00,1.17937,1.17939,1.17787,1.17872,
2021-08-16T02:00:00-07:00,1.17872,1.17881,1.17675,1.17774,
2021-08-16T06:00:00-07:00,1.17774,1.17906,1.17724,1.17753,
2021-08-16T10:00:00-07:00,1.17753,1.17797,1.17747,1.17784,
2021-08-16T14:00:00-07:00,1.17784,1.17814,1.17724,1.1774,
2021-08-16T18:00:00-07:00,1.1774,1.1777,1.17669,1.17686,
2021-08-16T22:00:00-07:00,1.17686,1.17845,1.17605,1.17774,
2021-08-17T02:00:00-07:00,1.17774,1.17778,1.17414,1.1744,
2021-08-17T06:00:00-07:00,1.1744,1.17449,1.17087,1.17087,
2021-08-17T10:00:00-07:00,1.17087,1.17197,1.17079,1.17094,
2021-08-17T14:00:00-07:00,1.17094,1.17136,1.17021,1.17123,
2021-08-17T18:00:00-07:00,1.17123,1.1723,1.17102,1.17184,
2021-08-17T22:00:00-07:00,1.17184,1.17296,1.17129,1.17202,
2021-08-18T02:00:00-07:00,1.17202,1.17262,1.17062,1.17176,
2021-08-18T06:00:00-07:00,1.17176,1.17212,1.16937,1.16995,
2021-08-18T10:00:00-07:00,1.16995,1.17429,1.16979,1.17108,
2021-08-18T14:00:00-07:00,1.17108,1.17168,1.16842,1.16873,
2021-08-18T18:00:00-07:00,1.16873,1.16935,1.16657,1.1677,
2021-08-18T22:00:00-07:00,1.1677,1.16974,1.16688,1.1687,
2021-08-19T02:00:00-07:00,1.1687,1.17043,1.16802,1.16988,
2021-08-19T06:00:00-07:00,1.16988,1.17025,1.16788,1.16885,
2021-08-19T10:00:00-07:00,1.16885,1.16885,1.16726,1.16754,
2021-08-19T14:00:00-07:00,1.16754,1.16839,1.16747,1.16824,
2021-08-19T18:00:00-07:00,1.16824,1.16876,1.1676,1.16862,
2021-08-19T22:00:00-07:00,1.16862,1.16892,1.16708,1.16743,
2021-08-20T02:00:00-07:00,1.16743,1.16835,1.16652,1.16684,
2021-08-20T06:00:00-07:00,1.16684,1.17046,1.16641,1.17033,
2021-08-20T10:00:00-07:00,1.17033,1.17047,1.16921,1.17008,
2021-08-22T14:00:00-07:00,1.17008,1.17031,1.16931,1.16995,
2021-08-22T18:00:00-07:00,1.16995,1.17239,1.16988,1.1719,
2021-08-22T22:00:00-07:00,1.1719,1.1732,1.17066,1.17311,
2021-08-23T02:00:00-07:00,1.17311,1.17338,1.17154,1.17323,
2021-08-23T06:00:00-07:00,1.17323,1.17436,1.17239,1.17394,
2021-08-23T10:00:00-07:00,1.17394,1.17504,1.17384,1.17455,
2021-08-23T14:00:00-07:00,1.17455,1.17486,1.17387,1.17394,
2021-08-23T18:00:00-07:00,1.17394,1.17426,1.17343,1.17412,
2021-08-23T22:00:00-07:00,1.17412,1.17469,1.17272,1.17286,
2021-08-24T02:00:00-07:00,1.17286,1.17548,1.17279,1.17506,
2021-08-24T06:00:00-07:00,1.17506,1.17651,1.17354,1.17475,
2021-08-24T10:00:00-07:00,1.17475,1.17592,1.17429,1.17557,
2021-08-24T14:00:00-07:00,1.17557,1.17589,1.17402,1.17417,
2021-08-24T18:00:00-07:00,1.17417,1.17425,1.17334,1.17408,
2021-08-24T22:00:00-07:00,1.17408,1.17596,1.17324,1.17513,
2021-08-25T02:00:00-07:00,1.17513,1.17556,1.17262,1.17326,
2021-08-25T06:00:00-07:00,1.17326,1.17633,1.17302,1.17604,
2021-08-25T10:00:00-07:00,1.17604,1.17748,1.17534,1.17719,
2021-08-25T14:00:00-07:00,1.17719,1.17739,1.17663,1.1767,
2021-08-25T18:00:00-07:00,1.1767,1.17679,1.17613,1.17642,
2021-08-25T22:00:00-07:00,1.17642,1.17747,1.17565,1.1759,
2021-08-26T02:00:00-07:00,1.1759,1.1779,1.17519,1.17558,
2021-08-26T06:00:00-07:00,1.17558,1.17675,1.17462,1.17527,
2021-08-26T10:00:00-07:00,1.17527,1.17561,1.1749,1.1752,
2021-08-26T14:00:00-07:00,1.1752,1.17592,1.17422,1.17453,
2021-08-26T18:00:00-07:00,1.17453,1.17638,1.17435,1.17633,
2021-08-26T22:00:00-07:00,1.17633,1.17713,1.17505,1.17511,
2021-08-27T02:00:00-07:00,1.17511,1.17662,1.17499,1.17562,
2021-08-27T06:00:00-07:00,1.17562,1.18025,1.1735,1.18008,
2021-08-27T10:00:00-07:00,1.18008,1.18014,1.17923,1.17956,
2021-08-29T14:00:00-07:00,1.17956,1.18056,1.17932,1.18048,
2021-08-29T18:00:00-07:00,1.18048,1.181,1.18026,1.18038,
2021-08-29T22:00:00-07:00,1.18038,1.18056,1.17938,1.17988,
2021-08-30T02:00:00-07:00,1.17988,1.18029,1.17839,1.17865,
2021-08-30T06:00:00-07:00,1.17865,1.18036,1.17828,1.17976,
2021-08-30T10:00:00-07:00,1.17976,1.18042,1.17958,1.17968,
2021-08-30T14:00:00-07:00,1.17968,1.18032,1.17949,1.18022,
2021-08-30T18:00:00-07:00,1.18022,1.18247,1.17979,1.18175,
2021-08-30T22:00:00-07:00,1.18175,1.18316,1.18174,1.18204,
2021-08-31T02:00:00-07:00,1.18204,1.18452,1.18201,1.18369,
2021-08-31T06:00:00-07:00,1.18369,1.1838,1.17967,1.18072,
2021-08-31T10:00:00-07:00,1.18072,1.18132,1.18033,1.18088,
2021-08-31T14:00:00-07:00,1.18088,1.18119,1.18013,1.18029,
2021-08-31T18:00:00-07:00,1.18029,1.18066,1.17988,1.17996,
2021-08-31T22:00:00-07:00,1.17996,1.18168,1.17937,1.18141,
2021-09-01T02:00:00-07:00,1.18141,1.18396,1.18116,1.18376,
2021-09-01T06:00:00-07:00,1.18376,1.18574,1.18331,1.18482,
2021-09-01T10:00:00-07:00,1.18482,1.18512,1.18376,1.18394,
2021-09-01T14:00:00-07:00,1.18394,1.18462,1.18381,1.1845,
2021-09-01T18:00:00-07:00,1.1845,1.18455,1.18346,1.18348,
2021-09-01T22:00:00-07:00,1.18348,1.18517,1.18345,1.18456,
2021-09-02T02:00:00-07:00,1.18456,1.18559,1.18365,1.18472,
2021-09-02T06:00:00-07:00,1.18472,1.18712,1.18465,1.18651,
2021-09-02T10:00:00-07:00,1.18651,1.18762,1.18645,1.18752,
2021-09-02T14:00:00-07:00,1.18752,1.18829,1.18723,1.18822,
2021-09-02T18:00:00-07:00,1.18822,1.18845,1.18763,1.18765,
2021-09-02T22:00:00-07:00,1.18765,1.18829,1.18714,1.1875,
2021-09-03T02:00:00-07:00,1.1875,1.19091,1.18658,1.18913,
2021-09-03T06:00:00-07:00,1.18913,1.19049,1.18718,1.18896,
2021-09-03T10:00:00-07:00,1.18896,1.1898,1.18751,1.18792,
2021-09-05T14:00:00-07:00,1.18792,1.18865,1.18763,1.18788,
2021-09-05T18:00:00-07:00,1.18788,1.18801,1.1865,1.18694,
2021-09-05T22:00:00-07:00,1.18694,1.18753,1.18605,1.1864,
2021-09-06T02:00:00-07:00,1.1864,1.18673,1.18559,1.18662,
2021-09-06T06:00:00-07:00,1.18662,1.18714,1.18578,1.18713,
2021-09-06T10:00:00-07:00,1.18713,1.18717,1.1868,1.187,
2021-09-06T14:00:00-07:00,1.187,1.18817,1.18682,1.18795,
2021-09-06T18:00:00-07:00,1.18795,1.18855,1.18752,1.18755,
2021-09-06T22:00:00-07:00,1.18755,1.18825,1.18598,1.18763,
2021-09-07T02:00:00-07:00,1.18763,1.18804,1.18499,1.18506,
2021-09-07T06:00:00-07:00,1.18506,1.18605,1.18375,1.18456,
2021-09-07T10:00:00-07:00,1.18456,1.18535,1.18381,1.18409,
2021-09-07T14:00:00-07:00,1.18409,1.18482,1.18385,1.18482,
2021-09-07T18:00:00-07:00,1.18482,1.18513,1.18408,1.18436,
2021-09-07T22:00:00-07:00,1.18436,1.18449,1.18162,1.18215,
2021-09-08T02:00:00-07:00,1.18215,1.18295,1.18123,1.18212,
2021-09-08T06:00:00-07:00,1.18212,1.18289,1.18022,1.18189,
2021-09-08T10:00:00-07:00,1.18189,1.183,1.18154,1.18161,
2021-09-08T14:00:00-07:00,1.18161,1.18199,1.18123,1.18143,
2021-09-08T18:00:00-07:00,1.18143,1.18253,1.18114,1.18143,
2021-09-08T22:00:00-07:00,1.18143,1.1836,1.18115,1.1834,
2021-09-09T02:00:00-07:00,1.1834,1.18412,1.18082,1.18235,
2021-09-09T06:00:00-07:00,1.18235,1.18348,1.18052,1.18315,
2021-09-09T10:00:00-07:00,1.18315,1.18399,1.1822,1.18252,
2021-09-09T14:00:00-07:00,1.18252,1.18285,1.18226,1.18243,
2021-09-09T18:00:00-07:00,1.18243,1.18331,1.18189,1.18301,
2021-09-09T22:00:00-07:00,1.18301,1.18512,1.18248,1.18479,
2021-09-10T02:00:00-07:00,1.18479,1.18481,1.18262,1.1827,
2021-09-10T06:00:00-07:00,1.1827,1.18378,1.18157,1.18186,
2021-09-10T10:00:00-07:00,1.18186,1.18188,1.18096,1.1812,
2021-09-12T14:00:00-07:00,1.1812,1.18168,1.18048,1.18054,
2021-09-12T18:00:00-07:00,1.18054,1.18069,1.1794,1.17957,
2021-09-12T22:00:00-07:00,1.17957,1.17961,1.1775,1.17896,
2021-09-13T02:00:00-07:00,1.17896,1.17931,1.17701,1.17826,
2021-09-13T06:00:00-07:00,1.17826,1.18172,1.17826,1.18073,
2021-09-13T10:00:00-07:00,1.18073,1.18113,1.18014,1.18112,
2021-09-13T14:00:00-07:00,1.18112,1.18133,1.18057,1.18085,
2021-09-13T18:00:00-07:00,1.18085,1.1819,1.18062,1.18132,
2021-09-13T22:00:00-07:00,1.18132,1.183,1.18067,1.18213,
2021-09-14T02:00:00-07:00,1.18213,1.18459,1.18002,1.18416,
2021-09-14T06:00:00-07:00,1.18416,1.18459,1.18157,1.18221,
2021-09-14T10:00:00-07:00,1.18221,1.18261,1.18002,1.18033,
2021-09-14T14:00:00-07:00,1.18033,1.1809,1.18006,1.18056,
2021-09-14T18:00:00-07:00,1.18056,1.18121,1.18038,1.18053,
2021-09-14T22:00:00-07:00,1.18053,1.1829,1.17992,1.18263,
2021-09-15T02:00:00-07:00,1.18263,1.1832,1.18075,1.18116,
2021-09-15T06:00:00-07:00,1.18116,1.18228,1.18035,1.1804,
2021-09-15T10:00:00-07:00,1.1804,1.18181,1.18037,1.1817,
2021-09-15T14:00:00-07:00,1.1817,1.18208,1.18154,1.18192,
2021-09-15T18:00:00-07:00,1.18192,1.182,1.18093,1.18099,
2021-09-15T22:00:00-07:00,1.18099,1.1812,1.17721,1.17727,
2021-09-16T02:00:00-07:00,1.17727,1.17775,1.1752,1.17551,
2021-09-16T06:00:00-07:00,1.17551,1.17685,1.17504,1.17597,
2021-09-16T10:00:00-07:00,1.17597,1.17714,1.17534,1.17658,
2021-09-16T14:00:00-07:00,1.17658,1.17714,1.17594,1.176,
2021-09-16T18:00:00-07:00,1.176,1.17736,1.17588,1.17733,
2021-09-16T22:00:00-07:00,1.17733,1.1785,1.17679,1.17775,
2021-09-17T02:00:00-07:00,1.17775,1.1789,1.17727,1.17738,
2021-09-17T06:00:00-07:00,1.17738,1.1775,1.17251,1.17256,
2021-09-17T10:00:00-07:00,1.17256,1.17323,1.17243,1.17253,
2021-09-19T14:00:00-07:00,1.17253,1.17316,1.1723,1.17238,
2021-09-19T18:00:00-07:00,1.17238,1.1724,1.17099,1.17153,
2021-09-19T22:00:00-07:00,1.17153,1.17184,1.17053,1.17097,
2021-09-20T02:00:00-07:00,1.17097,1.17171,1.17002,1.17145,
2021-09-20T06:00:00-07:00,1.17145,1.17365,1.17116,1.17225,
2021-09-20T10:00:00-07:00,1.17225,1.17313,1.17222,1.1726,
2021-09-20T14:00:00-07:00,1.1726,1.17321,1.17248,1.17258,
2021-09-20T18:00:00-07:00,1.17258,1.17402,1.17235,1.17319,
2021-09-20T22:00:00-07:00,1.17319,1.17376,1.17184,1.17343,
2021-09-21T02:00:00-07:00,1.17343,1.17488,1.17299,1.17398,
2021-09-21T06:00:00-07:00,1.17398,1.17418,1.17147,1.17286,
2021-09-21T10:00:00-07:00,1.17286,1.17324,1.17187,1.17257,
2021-09-21T14:00:00-07:00,1.17257,1.17291,1.17171,1.17197,
2021-09-21T18:00:00-07:00,1.17197,1.17305,1.17167,1.1722,
2021-09-21T22:00:00-07:00,1.1722,1.17377,1.17169,1.17344,
2021-09-22T02:00:00-07:00,1.17344,1.17368,1.17245,1.17296,
2021-09-22T06:00:00-07:00,1.17296,1.17449,1.17242,1.17353,
2021-09-22T10:00:00-07:00,1.17353,1.17556,1.16847,1.16876,
2021-09-22T14:00:00-07:00,1.16876,1.16949,1.16835,1.16889,
2021-09-22T18:00:00-07:00,1.16889,1.17099,1.16865,1.17097,
2021-09-22T22:00:00-07:00,1.17097,1.17293,1.1706,1.17211,
2021-09-23T02:00:00-07:00,1.17211,1.17327,1.17112,1.17292,
2021-09-23T06:00:00-07:00,1.17292,1.17501,1.17215,1.17441,
2021-09-23T10:00:00-07:00,1.17441,1.17493,1.17359,1.17387,
2021-09-23T14:00:00-07:00,1.17387,1.17476,1.17368,1.17461,
2021-09-23T18:00:00-07:00,1.17461,1.17466,1.1736,1.17372,
2021-09-23T22:00:00-07:00,1.17372,1.17415,1.1731,1.17361,
2021-09-24T02:00:00-07:00,1.17361,1.17381,1.17067,1.17067,
2021-09-24T06:00:00-07:00,1.17067,1.17255,1.17008,1.17162,
2021-09-24T10:00:00-07:00,1.17162,1.17225,1.17133,1.17198,
2021-09-26T14:00:00-07:00,1.17198,1.17274,1.17149,1.17173,
2021-09-26T18:00:00-07:00,1.17173,1.17253,1.17167,1.17225,
2021-09-26T22:00:00-07:00,1.17225,1.17244,1.16851,1.16896,
2021-09-27T02:00:00-07:00,1.16896,1.17107,1.16892,1.17074,
2021-09-27T06:00:00-07:00,1.17074,1.17096,1.16908,1.17021,
2021-09-27T10:00:00-07:00,1.17021,1.17084,1.16945,1.16958,
2021-09-27T14:00:00-07:00,1.16958,1.16994,1.16862,1.16889,
2021-09-27T18:00:00-07:00,1.16889,1.16988,1.16851,1.16988,
2021-09-27T22:00:00-07:00,1.16988,1.17034,1.16723,1.16806,
2021-09-28T02:00:00-07:00,1.16806,1.16934,1.1673,1.16806,
2021-09-28T06:00:00-07:00,1.16806,1.17011,1.16682,1.16821,
2021-09-28T10:00:00-07:00,1.16821,1.16893,1.16754,1.16836,
2021-09-28T14:00:00-07:00,1.16836,1.16876,1.16802,1.16812,
2021-09-28T18:00:00-07:00,1.16812,1.16903,1.16781,1.16867,
2021-09-28T22:00:00-07:00,1.16867,1.1688,1.16567,1.16637,
2021-09-29T02:00:00-07:00,1.16637,1.16715,1.16402,1.16458,
2021-09-29T06:00:00-07:00,1.16458,1.16464,1.16009,1.16016,
2021-09-29T10:00:00-07:00,1.16016,1.1605,1.15894,1.15977,
2021-09-29T14:00:00-07:00,1.15977,1.16037,1.15952,1.16036,
2021-09-29T18:00:00-07:00,1.16036,1.16088,1.16013,1.1608,
2021-09-29T22:00:00-07:00,1.1608,1.16097,1.15916,1.16043,
2021-09-30T02:00:00-07:00,1.16043,1.16065,1.15681,1.15908,
2021-09-30T06:00:00-07:00,1.15908,1.15984,1.15627,1.15708,
2021-09-30T10:00:00-07:00,1.15708,1.15889,1.15631,1.15779,
2021-09-30T14:00:00-07:00,1.15779,1.15843,1.15652,1.15652,
2021-09-30T18:00:00-07:00,1.15652,1.15819,1.15631,1.15805,
2021-09-30T22:00:00-07:00,1.15805,1.15914,1.15747,1.15786,
2021-10-01T02:00:00-07:00,1.15786,1.1607,1.15728,1.16037,
2021-10-01T06:00:00-07:00,1.16037,1.16074,1.15838,1.1597,
2021-10-01T10:00:00-07:00,1.1597,1.16026,1.15916,1.15931,
2021-10-03T14:00:00-07:00,1.15931,1.16138,1.15931,1.16029,
2021-10-03T18:00:00-07:00,1.16029,1.1604,1.15878,1.1596,
2021-10-03T22:00:00-07:00,1.1596,1.16161,1.15958,1.16126,
2021-10-04T02:00:00-07:00,1.16126,1.16401,1.16081,1.16327,
2021-10-04T06:00:00-07:00,1.16327,1.16395,1.16151,1.16191,
2021-10-04T10:00:00-07:00,1.16191,1.1628,1.16162,1.16207,
2021-10-04T14:00:00-07:00,1.16207,1.16223,1.16106,1.16117,
2021-10-04T18:00:00-07:00,1.16117,1.16136,1.15945,1.15949,
2021-10-04T22:00:00-07:00,1.15949,1.1605,1.159,1.1599,
2021-10-05T02:00:00-07:00,1.1599,1.16053,1.15903,1.16002,
2021-10-05T06:00:00-07:00,1.16002,1.16133,1.15806,1.16052,
2021-10-05T10:00:00-07:00,1.16052,1.16083,1.15938,1.15981,
2021-10-05T14:00:00-07:00,1.15981,1.16062,1.15922,1.15938,
2021-10-05T18:00:00-07:00,1.15938,1.15968,1.15833,1.15848,
2021-10-05T22:00:00-07:00,1.15848,1.15903,1.15511,1.15524,
2021-10-06T02:00:00-07:00,1.15524,1.15544,1.15294,1.15453,
2021-10-06T06:00:00-07:00,1.15453,1.15556,1.15324,1.15432,
2021-10-06T10:00:00-07:00,1.15432,1.15597,1.15432,1.15558,
2021-10-06T14:00:00-07:00,1.15558,1.15612,1.15526,1.15586,
2021-10-06T18:00:00-07:00,1.15586,1.15593,1.15514,1.15556,
2021-10-06T22:00:00-07:00,1.15556,1.15707,1.1549,1.15604,
2021-10-07T02:00:00-07:00,1.15604,1.15723,1.15508,1.1556,
2021-10-07T06:00:00-07:00,1.1556,1.15689,1.15476,1.15556,
2021-10-07T10:00:00-07:00,1.15556,1.15647,1.15493,1.15513,
2021-10-07T14:00:00-07:00,1.15513,1.15601,1.15513,1.15584,
2021-10-07T18:00:00-07:00,1.15584,1.1559,1.15474,1.15482,
2021-10-07T22:00:00-07:00,1.15482,1.15565,1.15414,1.15537,
2021-10-08T02:00:00-07:00,1.15537,1.15861,1.15534,1.15707,
2021-10-08T06:00:00-07:00,1.15707,1.15797,1.15558,1.15643,
2021-10-08T10:00:00-07:00,1.15643,1.15783,1.15598,1.15743,
2021-10-10T14:00:00-07:00,1.15743,1.1578,1.15638,1.15746,
2021-10-10T18:00:00-07:00,1.15746,1.15794,1.15683,1.15725,
2021-10-10T22:00:00-07:00,1.15725,1.15869,1.15643,1.15699,
2021-10-11T02:00:00-07:00,1.15699,1.1574,1.15523,1.15613,
2021-10-11T06:00:00-07:00,1.15613,1.15839,1.15612,1.15635,
2021-10-11T10:00:00-07:00,1.15635,1.15645,1.15491,1.1552,
2021-10-11T14:00:00-07:00,1.1552,1.15576,1.15473,1.15494,
2021-10-11T18:00:00-07:00,1.15494,1.15609,1.15479,1.15563,
2021-10-11T22:00:00-07:00,1.15563,1.15704,1.15556,1.15618,
2021-10-12T02:00:00-07:00,1.15618,1.15671,1.15334,1.15416,
2021-10-12T06:00:00-07:00,1.15416,1.15502,1.15252,1.15283,
2021-10-12T10:00:00-07:00,1.15283,1.1535,1.15245,1.153,
2021-10-12T14:00:00-07:00,1.153,1.15428,1.15273,1.15413,
2021-10-12T18:00:00-07:00,1.15413,1.15558,1.15408,1.15525,
2021-10-12T22:00:00-07:00,1.15525,1.15604,1.15455,1.15565,
2021-10-13T02:00:00-07:00,1.15565,1.15669,1.15362,1.15429,
2021-10-13T06:00:00-07:00,1.15429,1.15788,1.15404,1.1578,
2021-10-13T10:00:00-07:00,1.1578,1.15975,1.15779,1.15929,
2021-10-13T14:00:00-07:00,1.15929,1.16012,1.15906,1.1599,
2021-10-13T18:00:00-07:00,1.1599,1.16009,1.15889,1.159,
2021-10-13T22:00:00-07:00,1.159,1.16189,1.15878,1.16162,
2021-10-14T02:00:00-07:00,1.16162,1.16243,1.15979,1.16065,
2021-10-14T06:00:00-07:00,1.16065,1.1607,1.15841,1.15883,
2021-10-14T10:00:00-07:00,1.15883,1.16022,1.15846,1.15967,
2021-10-14T14:00:00-07:00,1.15967,1.15994,1.15882,1.15939,
2021-10-14T18:00:00-07:00,1.15939,1.16119,1.15937,1.16082,
2021-10-14T22:00:00-07:00,1.16082,1.16188,1.15995,1.16032,
2021-10-15T02:00:00-07:00,1.16032,1.16124,1.1589,1.15921,
2021-10-15T06:00:00-07:00,1.15921,1.16102,1.15891,1.15951,
2021-10-15T10:00:00-07:00,1.15951,1.16059,1.15933,1.16015,
2021-10-17T14:00:00-07:00,1.16015,1.16053,1.1583,1.15843,
2021-10-17T18:00:00-07:00,1.15843,1.15942,1.15779,1.15789,
2021-10-17T22:00:00-07:00,1.15789,1.15963,1.15719,1.15809,
2021-10-18T02:00:00-07:00,1.15809,1.161,1.15767,1.16017,
2021-10-18T06:00:00-07:00,1.16017,1.1622,1.15924,1.16219,
2021-10-18T10:00:00-07:00,1.16219,1.16226,1.16085,1.16103,
2021-10-18T14:00:00-07:00,1.16103,1.16253,1.16086,1.1625,
2021-10-18T18:00:00-07:00,1.1625,1.16551,1.16243,1.16455,
2021-10-18T22:00:00-07:00,1.16455,1.16611,1.16449,1.16602,
2021-10-19T02:00:00-07:00,1.16602,1.16694,1.16456,1.16458,
2021-10-19T06:00:00-07:00,1.16458,1.16586,1.16296,1.16362,
2021-10-19T10:00:00-07:00,1.16362,1.16447,1.1631,1.16335,
2021-10-19T14:00:00-07:00,1.16335,1.16363,1.16278,1.1635,
2021-10-19T18:00:00-07:00,1.1635,1.16514,1.16328,1.16509,
2021-10-19T22:00:00-07:00,1.16509,1.16524,1.16169,1.16261,
2021-10-20T02:00:00-07:00,1.16261,1.16431,1.16214,1.16387,
2021-10-20T06:00:00-07:00,1.16387,1.1658,1.16362,1.16563,
2021-10-20T10:00:00-07:00,1.16563,1.16588,1.16479,1.16512,
2021-10-20T14:00:00-07:00,1.16512,1.16583,1.16477,1.16567,
2021-10-20T18:00:00-07:00,1.16567,1.16675,1.16507,1.16517,
2021-10-20T22:00:00-07:00,1.16517,1.16569,1.16343,1.1642,
2021-10-21T02:00:00-07:00,1.1642,1.16511,1.16311,1.16431,
2021-10-21T06:00:00-07:00,1.16431,1.16517,1.16341,1.16361,
2021-10-21T10:00:00-07:00,1.16361,1.16398,1.16198,1.16233,
2021-10-21T14:00:00-07:00,1.16233,1.16281,1.16212,1.16258,
2021-10-21T18:00:00-07:00,1.16258,1.16321,1.16248,1.16261,
2021-10-21T22:00:00-07:00,1.16261,1.16469,1.16234,1.16412,
2021-10-22T02:00:00-07:00,1.16412,1.16442,1.16246,1.16372,
2021-10-22T06:00:00-07:00,1.16372,1.16558,1.1622,1.16324,
2021-10-22T10:00:00-07:00,1.16324,1.16457,1.16243,1.16427,
2021-10-24T14:00:00-07:00,1.16427,1.16484,1.16358,1.16457,
2021-10-24T18:00:00-07:00,1.16457,1.16651,1.16394,1.16601,
2021-10-24T22:00:00-07:00,1.16601,1.16645,1.16412,1.16498,
2021-10-25T02:00:00-07:00,1.16498,1.165,1.15906,1.15949,
2021-10-25T06:00:00-07:00,1.15949,1.16152,1.15938,1.16057,
2021-10-25T10:00:00-07:00,1.16057,1.16171,1.16057,1.1608,
2021-10-25T14:00:00-07:00,1.1608,1.16128,1.15991,1.16042,
2021-10-25T18:00:00-07:00,1.16042,1.16097,1.15971,1.16045,
2021-10-25T22:00:00-07:00,1.16045,1.16135,1.15941,1.16087,
2021-10-26T02:00:00-07:00,1.16087,1.16258,1.16059,1.1618,
2021-10-26T06:00:00-07:00,1.1618,1.16226,1.1585,1.1587,
2021-10-26T10:00:00-07:00,1.1587,1.16011,1.15868,1.1596,
2021-10-26T14:00:00-07:00,1.1596,1.16044,1.15896,1.16024,
2021-10-26T18:00:00-07:00,1.16024,1.16051,1.15977,1.16035,
2021-10-26T22:00:00-07:00,1.16035,1.16132,1.1592,1.1595,
2021-10-27T02:00:00-07:00,1.1595,1.1626,1.15849,1.16181,
2021-10-27T06:00:00-07:00,1.16181,1.16242,1.15883,1.16089,
2021-10-27T10:00:00-07:00,1.16089,1.16163,1.15991,1.1603,
2021-10-27T14:00:00-07:00,1.1603,1.16052,1.15901,1.15927,
2021-10-27T18:00:00-07:00,1.15927,1.16099,1.15894,1.16069,
2021-10-27T22:00:00-07:00,1.16069,1.16145,1.15833,1.15903,
2021-10-28T02:00:00-07:00,1.15903,1.16361,1.15825,1.163,
2021-10-28T06:00:00-07:00,1.163,1.16921,1.16246,1.16786,
2021-10-28T10:00:00-07:00,1.16786,1.16893,1.16715,1.16808,
2021-10-28T14:00:00-07:00,1.16808,1.16901,1.168,1.16844,
2021-10-28T18:00:00-07:00,1.16844,1.1686,1.16639,1.16643,
2021-10-28T22:00:00-07:00,1.16643,1.16759,1.16491,1.16508,
2021-10-29T02:00:00-07:00,1.16508,1.16568,1.16212,1.16259,
2021-10-29T06:00:00-07:00,1.16259,1.1636,1.15352,1.15385,
2021-10-29T10:00:00-07:00,1.15385,1.15653,1.15379,1.15613,
2021-10-31T14:00:00-07:00,1.15613,1.15654,1.15516,1.15551,
2021-10-31T18:00:00-07:00,1.15551,1.15605,1.1546,1.15516,
2021-10-31T22:00:00-07:00,1.15516,1.15755,1.15473,1.15724,
2021-11-01T02:00:00-07:00,1.15724,1.15799,1.15619,1.15776,
2021-11-01T06:00:00-07:00,1.15776,1.15941,1.15655,1.15918,
2021-11-01T10:00:00-07:00,1.15918,1.16092,1.15886,1.16061,
2021-11-01T14:00:00-07:00,1.16061,1.16068,1.15955,1.15971,
2021-11-01T18:00:00-07:00,1.15971,1.16085,1.15951,1.1604,
2021-11-01T22:00:00-07:00,1.1604,1.16134,1.15875,1.15887,
2021-11-02T02:00:00-07:00,1.15887,1.16078,1.15861,1.16073,
2021-11-02T06:00:00-07:00,1.16073,1.16077,1.15752,1.1578,
2021-11-02T10:00:00-07:00,1.1578,1.1585,1.15772,1.15792,
2021-11-02T14:00:00-07:00,1.15792,1.15825,1.15751,1.158,
2021-11-02T18:00:00-07:00,1.158,1.15873,1.15774,1.15836,
2021-11-02T22:00:00-07:00,1.15836,1.15893,1.15786,1.15857,
2021-11-03T02:00:00-07:00,1.15857,1.15978,1.15776,1.15839,
2021-11-03T06:00:00-07:00,1.15839,1.1586,1.15624,1.15828,
2021-11-03T10:00:00-07:00,1.15828,1.16165,1.15722,1.1612,
2021-11-03T14:00:00-07:00,1.1612,1.16165,1.1608,1.16125,
2021-11-03T18:00:00-07:00,1.16125,1.16126,1.15908,1.1591,
2021-11-03T22:00:00-07:00,1.1591,1.15922,1.1549,1.1553,
2021-11-04T02:00:00-07:00,1.1553,1.15629,1.15427,1.15624,
2021-11-04T06:00:00-07:00,1.15624,1.15733,1.15283,1.15439,
2021-11-04T10:00:00-07:00,1.15439,1.15579,1.1543,1.15546,
2021-11-04T14:00:00-07:00,1.15546,1.15574,1.15471,1.15516,
2021-11-04T18:00:00-07:00,1.15516,1.15577,1.15411,1.15577,
2021-11-04T22:00:00-07:00,1.15577,1.15631,1.15473,1.15494,
2021-11-05T02:00:00-07:00,1.15494,1.15496,1.15134,1.15145,
2021-11-05T06:00:00-07:00,1.15145,1.15666,1.15134,1.15637,
2021-11-05T10:00:00-07:00,1.15637,1.15735,1.15483,1.15674,
2021-11-07T14:00:00-08:00,1.15674,1.15699,1.15542,1.1555,
2021-11-07T18:00:00-08:00,1.1555,1.15634,1.15533,1.15601,
2021-11-07T22:00:00-08:00,1.15601,1.15761,1.15506,1.15612,
2021-11-08T02:00:00-08:00,1.15612,1.15833,1.15551,1.15686,
2021-11-08T06:00:00-08:00,1.15686,1.1595,1.15642,1.15862,
2021-11-08T10:00:00-08:00,1.15862,1.15915,1.15827,1.1587,
2021-11-08T14:00:00-08:00,1.1587,1.15928,1.15773,1.15802,
2021-11-08T18:00:00-08:00,1.15802,1.16066,1.15798,1.15996,
2021-11-08T22:00:00-08:00,1.15996,1.16066,1.15802,1.15937,
2021-11-09T02:00:00-08:00,1.15937,1.15986,1.15701,1.15964,
2021-11-09T06:00:00-08:00,1.15964,1.16087,1.15715,1.15916,
2021-11-09T10:00:00-08:00,1.15916,1.15986,1.15873,1.1593,
2021-11-09T14:00:00-08:00,1.1593,1.15955,1.15882,1.15916,
2021-11-09T18:00:00-08:00,1.15916,1.15922,1.15772,1.15777,
2021-11-09T22:00:00-08:00,1.15777,1.15824,1.15579,1.15778,
2021-11-10T02:00:00-08:00,1.15778,1.15814,1.15333,1.15532,
2021-11-10T06:00:00-08:00,1.15532,1.15744,1.15057,1.15123,
2021-11-10T10:00:00-08:00,1.15123,1.15156,1.14763,1.14788,
2021-11-10T14:00:00-08:00,1.14788,1.14877,1.14728,1.14794,
2021-11-10T18:00:00-08:00,1.14794,1.14846,1.14649,1.14794,
2021-11-10T22:00:00-08:00,1.14794,1.1485,1.1454,1.14633,
2021-11-11T02:00:00-08:00,1.14633,1.14749,1.14542,1.14596,
2021-11-11T06:00:00-08:00,1.14596,1.14772,1.14503,1.14512,
2021-11-11T10:00:00-08:00,1.14512,1.14528,1.14431,1.14513,
2021-11-11T14:00:00-08:00,1.14513,1.14538,1.14362,1.14388,
2021-11-11T18:00:00-08:00,1.14388,1.14444,1.14363,1.14439,
2021-11-11T22:00:00-08:00,1.14439,1.14561,1.14376,1.14427,
2021-11-12T02:00:00-08:00,1.14427,1.14553,1.14376,1.14458,
2021-11-12T06:00:00-08:00,1.14458,1.14622,1.14331,1.14493,
2021-11-12T10:00:00-08:00,1.14493,1.14519,1.14417,1.14444,
2021-11-14T14:00:00-08:00,1.14444,1.14601,1.14414,1.14599,
2021-11-14T18:00:00-08:00,1.14599,1.14641,1.14551,1.14601,
2021-11-14T22:00:00-08:00,1.14601,1.14622,1.14369,1.14486,
2021-11-15T02:00:00-08:00,1.14486,1.14565,1.14395,1.14459,
2021-11-15T06:00:00-08:00,1.14459,1.14461,1.13805,1.13856,
2021-11-15T10:00:00-08:00,1.13856,1.13901,1.13564,1.13679,
2021-11-15T14:00:00-08:00,1.13679,1.13798,1.13596,1.13792,
2021-11-15T18:00:00-08:00,1.13792,1.13859,1.13757,1.13772,
2021-11-15T22:00:00-08:00,1.13772,1.13823,1.1358,1.13613,
2021-11-16T02:00:00-08:00,1.13613,1.1375,1.13516,1.1362,
2021-11-16T06:00:00-08:00,1.1362,1.13624,1.13196,1.13274,
2021-11-16T10:00:00-08:00,1.13274,1.13344,1.13092,1.13201,
2021-11-16T14:00:00-08:00,1.13201,1.13269,1.13098,1.13232,
2021-11-16T18:00:00-08:00,1.13232,1.13242,1.12637,1.12992,
2021-11-16T22:00:00-08:00,1.12992,1.13209,1.12957,1.13127,
2021-11-17T02:00:00-08:00,1.13127,1.13322,1.1298,1.12991,
2021-11-17T06:00:00-08:00,1.12991,1.13263,1.12935,1.1319,
2021-11-17T10:00:00-08:00,1.1319,1.13264,1.13112,1.13193,
2021-11-17T14:00:00-08:00,1.13193,1.13285,1.13156,1.13245,
2021-11-17T18:00:00-08:00,1.13245,1.13381,1.13159,1.13182,
2021-11-17T22:00:00-08:00,1.13182,1.13398,1.13139,1.13319,
2021-11-18T02:00:00-08:00,1.13319,1.13484,1.1328,1.13347,
2021-11-18T06:00:00-08:00,1.13347,1.1374,1.1327,1.13699,
2021-11-18T10:00:00-08:00,1.13699,1.13742,1.13669,1.13711,
2021-11-18T14:00:00-08:00,1.13711,1.13731,1.13562,1.13568,
2021-11-18T18:00:00-08:00,1.13568,1.13584,1.1352,1.13528,
2021-11-18T22:00:00-08:00,1.13528,1.13606,1.1283,1.12992,
2021-11-19T02:00:00-08:00,1.12992,1.13052,1.12501,1.1288,
2021-11-19T06:00:00-08:00,1.1288,1.13223,1.12877,1.12984,
2021-11-19T10:00:00-08:00,1.12984,1.13028,1.12806,1.12819,
2021-11-21T14:00:00-08:00,1.12819,1.12942,1.1265,1.12727,
2021-11-21T18:00:00-08:00,1.12727,1.12788,1.12649,1.12777,
2021-11-21T22:00:00-08:00,1.12777,1.1288,1.12601,1.12803,
2021-11-22T02:00:00-08:00,1.12803,1.12906,1.12655,1.12802,
2021-11-22T06:00:00-08:00,1.12802,1.12802,1.12362,1.12484,
2021-11-22T10:00:00-08:00,1.12484,1.12502,1.12308,1.12376,
2021-11-22T14:00:00-08:00,1.12376,1.1244,1.12343,1.12376,
2021-11-22T18:00:00-08:00,1.12376,1.12415,1.12261,1.12342,
2021-11-22T22:00:00-08:00,1.12342,1.12751,1.12323,1.12592,
2021-11-23T02:00:00-08:00,1.12592,1.12691,1.12343,1.1252,
2021-11-23T06:00:00-08:00,1.1252,1.12714,1.12402,1.12541,
2021-11-23T10:00:00-08:00,1.12541,1.12551,1.12462,1.12481,
2021-11-23T14:00:00-08:00,1.12481,1.12532,1.1239,1.12396,
2021-11-23T18:00:00-08:00,1.12396,1.12451,1.12328,1.12392,
2021-11-23T22:00:00-08:00,1.12392,1.12552,1.12053,1.12081,
2021-11-24T02:00:00-08:00,1.12081,1.12202,1.11921,1.12069,
2021-11-24T06:00:00-08:00,1.12069,1.12161,1.11862,1.11958,
2021-11-24T10:00:00-08:00,1.11958,1.12057,1.11885,1.11989,
2021-11-24T14:00:00-08:00,1.11989,1.12125,1.11969,1.12073,
2021-11-24T18:00:00-08:00,1.12073,1.12182,1.12067,1.12127,
2021-11-24T22:00:00-08:00,1.12127,1.12264,1.12122,1.12233,
2021-11-25T02:00:00-08:00,1.12233,1.12297,1.12151,1.12188,
2021-11-25T06:00:00-08:00,1.12188,1.12222,1.12064,1.12096,
2021-11-25T10:00:00-08:00,1.12096,1.12126,1.12058,1.12091,
2021-11-25T14:00:00-08:00,1.12091,1.12249,1.12061,1.1218,
2021-11-25T18:00:00-08:00,1.1218,1.12279,1.12125,1.1224,
2021-11-25T22:00:00-08:00,1.1224,1.1279,1.12209,1.12647,
2021-11-26T02:00:00-08:00,1.12647,1.12969,1.12582,1.12931,
2021-11-26T06:00:00-08:00,1.12931,1.13212,1.12829,1.13036,
2021-11-26T10:00:00-08:00,1.13036,1.13316,1.12995,1.13185,
2021-11-28T14:00:00-08:00,1.13185,1.13185,1.12807,1.12843,
2021-11-28T18:00:00-08:00,1.12843,1.12852,1.12728,1.12782,
2021-11-28T22:00:00-08:00,1.12782,1.12905,1.12602,1.12861,
2021-11-29T02:00:00-08:00,1.12861,1.12949,1.12617,1.12625,
2021-11-29T06:00:00-08:00,1.12625,1.12757,1.12585,1.12682,
2021-11-29T10:00:00-08:00,1.12682,1.12932,1.12656,1.1291,
2021-11-29T14:00:00-08:00,1.1291,1.13006,1.12848,1.12942,
2021-11-29T18:00:00-08:00,1.12942,1.13131,1.12927,1.13115,
2021-11-29T22:00:00-08:00,1.13115,1.13666,1.13077,1.13636,
2021-11-30T02:00:00-08:00,1.13636,1.13728,1.13413,1.1366,
2021-11-30T06:00:00-08:00,1.1366,1.13829,1.12352,1.13114,
2021-11-30T10:00:00-08:00,1.13114,1.13455,1.13077,1.13381,
2021-11-30T14:00:00-08:00,1.13381,1.13429,1.13185,1.13203,
2021-11-30T18:00:00-08:00,1.13203,1.13374,1.13165,1.13368,
2021-11-30T22:00:00-08:00,1.13368,1.13599,1.13027,1.13257,
2021-12-01T02:00:00-08:00,1.13257,1.13407,1.13107,1.13375,
2021-12-01T06:00:00-08:00,1.13375,1.13579,1.13153,1.13238,
2021-12-01T10:00:00-08:00,1.13238,1.133,1.13092,1.13198,
2021-12-01T14:00:00-08:00,1.13198,1.13285,1.13151,1.13283,
2021-12-01T18:00:00-08:00,1.13283,1.13393,1.13167,1.13182,
2021-12-01T22:00:00-08:00,1.13182,1.13277,1.13073,1.13246,
2021-12-02T02:00:00-08:00,1.13246,1.13478,1.13229,1.13342,
2021-12-02T06:00:00-08:00,1.13342,1.13474,1.12958,1.13026,
2021-12-02T10:00:00-08:00,1.13026,1.13082,1.12954,1.13011,
2021-12-02T14:00:00-08:00,1.13011,1.13076,1.12908,1.12988,
2021-12-02T18:00:00-08:00,1.12988,1.13025,1.12927,1.12994,
2021-12-02T22:00:00-08:00,1.12994,1.12999,1.12817,1.12975,
2021-12-03T02:00:00-08:00,1.12975,1.13335,1.12883,1.13101,
2021-12-03T06:00:00-08:00,1.13101,1.13143,1.12667,1.1311,
2021-12-03T10:00:00-08:00,1.1311,1.13272,1.13013,1.13125,
2021-12-05T14:00:00-08:00,1.13125,1.13149,1.12884,1.12945,
2021-12-05T18:00:00-08:00,1.12945,1.12966,1.12819,1.12822,
2021-12-05T22:00:00-08:00,1.12822,1.12998,1.12748,1.12974,
2021-12-06T02:00:00-08:00,1.12974,1.13102,1.12851,1.12972,
2021-12-06T06:00:00-08:00,1.12972,1.13078,1.12666,1.12789,
2021-12-06T10:00:00-08:00,1.12789,1.12861,1.12727,1.12859,
2021-12-06T14:00:00-08:00,1.12859,1.12872,1.12759,1.1282,
2021-12-06T18:00:00-08:00,1.1282,1.12931,1.12811,1.12874,
2021-12-06T22:00:00-08:00,1.12874,1.12984,1.12535,1.12748,
2021-12-07T02:00:00-08:00,1.12748,1.12781,1.12276,1.12401,
2021-12-07T06:00:00-08:00,1.12401,1.12549,1.12354,1.12439,
2021-12-07T10:00:00-08:00,1.12439,1.12739,1.12418,1.12668,
2021-12-07T14:00:00-08:00,1.12668,1.12816,1.12665,1.12792,
2021-12-07T18:00:00-08:00,1.12792,1.12958,1.12792,1.12937,
2021-12-07T22:00:00-08:00,1.12937,1.12955,1.12786,1.1285,
2021-12-08T02:00:00-08:00,1.1285,1.13176,1.1267,1.13165,
2021-12-08T06:00:00-08:00,1.13165,1.13496,1.13002,1.13487,
2021-12-08T10:00:00-08:00,1.13487,1.13548,1.13417,1.13426,
2021-12-08T14:00:00-08:00,1.13426,1.13464,1.13327,1.13345,
2021-12-08T18:00:00-08:00,1.13345,1.13368,1.13268,1.13268,
2021-12-08T22:00:00-08:00,1.13268,1.13339,1.13156,1.13191,
2021-12-09T02:00:00-08:00,1.13191,1.13238,1.1307,1.13166,
2021-12-09T06:00:00-08:00,1.13166,1.13195,1.12785,1.12901,
2021-12-09T10:00:00-08:00,1.12901,1.12957,1.12824,1.12931,
2021-12-09T14:00:00-08:00,1.12931,1.12984,1.1287,1.1297,
2021-12-09T18:00:00-08:00,1.1297,1.13029,1.12947,1.12949,
2021-12-09T22:00:00-08:00,1.12949,1.13011,1.12805,1.12822,
2021-12-10T02:00:00-08:00,1.12822,1.13095,1.12652,1.12938,
2021-12-10T06:00:00-08:00,1.12938,1.13241,1.12701,1.1319,
2021-12-10T10:00:00-08:00,1.1319,1.1323,1.13099,1.13164,
2021-12-12T14:00:00-08:00,1.13164,1.13195,1.13029,1.13055,
2021-12-12T18:00:00-08:00,1.13055,1.13058,1.12923,1.12973,
2021-12-12T22:00:00-08:00,1.12973,1.12977,1.12602,1.12684,
2021-12-13T02:00:00-08:00,1.12684,1.12922,1.12627,1.12846,
2021-12-13T06:00:00-08:00,1.12846,1.13073,1.12734,1.12931,
2021-12-13T10:00:00-08:00,1.12931,1.13,1.12819,1.12839,
2021-12-13T14:00:00-08:00,1.12839,1.12865,1.12737,1.12824,
2021-12-13T18:00:00-08:00,1.12824,1.12838,1.12713,1.12779,
2021-12-13T22:00:00-08:00,1.12779,1.13044,1.12664,1.13014,
2021-12-14T02:00:00-08:00,1.13014,1.13239,1.13009,1.13085,
2021-12-14T06:00:00-08:00,1.13085,1.13089,1.12653,1.12718,
2021-12-14T10:00:00-08:00,1.12718,1.12719,1.12538,1.12591,
2021-12-14T14:00:00-08:00,1.12591,1.127,1.12537,1.12682,
2021-12-14T18:00:00-08:00,1.12682,1.12728,1.12576,1.12693,
2021-12-14T22:00:00-08:00,1.12693,1.12772,1.12629,1.12717,
2021-12-15T02:00:00-08:00,1.12717,1.12771,1.1256,1.12735,
2021-12-15T06:00:00-08:00,1.12735,1.12745,1.12481,1.12602,
2021-12-15T10:00:00-08:00,1.12602,1.12995,1.12217,1.12924,
2021-12-15T14:00:00-08:00,1.12924,1.12989,1.12813,1.12872,
2021-12-15T18:00:00-08:00,1.12872,1.12908,1.12836,1.12857,
2021-12-15T22:00:00-08:00,1.12857,1.13193,1.12837,1.13134,
2021-12-16T02:00:00-08:00,1.13134,1.13596,1.12906,1.13593,
2021-12-16T06:00:00-08:00,1.13593,1.13605,1.12985,1.13181,
2021-12-16T10:00:00-08:00,1.13181,1.13366,1.13152,1.13305,
2021-12-16T14:00:00-08:00,1.13305,1.13353,1.13209,1.13213,
2021-12-16T18:00:00-08:00,1.13213,1.13489,1.13204,1.13482,
2021-12-16T22:00:00-08:00,1.13482,1.13488,1.13173,1.13343,
2021-12-17T02:00:00-08:00,1.13343,1.13343,1.13052,1.13075,
2021-12-17T06:00:00-08:00,1.13075,1.13157,1.12668,1.12682,
2021-12-17T10:00:00-08:00,1.12682,1.12714,1.12355,1.12373,
2021-12-19T14:00:00-08:00,1.12373,1.12503,1.12347,1.12387,
2021-12-19T18:00:00-08:00,1.12387,1.12546,1.12367,1.12545,
2021-12-19T22:00:00-08:00,1.12545,1.12742,1.12473,1.12623,
2021-12-20T02:00:00-08:00,1.12623,1.12982,1.12572,1.12934,
2021-12-20T06:00:00-08:00,1.12934,1.13039,1.12785,1.12843,
2021-12-20T10:00:00-08:00,1.12843,1.12871,1.1272,1.12783,
2021-12-20T14:00:00-08:00,1.12783,1.12849,1.12733,1.12815,
2021-12-20T18:00:00-08:00,1.12815,1.1287,1.12765,1.12808,
2021-12-20T22:00:00-08:00,1.12808,1.13028,1.12761,1.12952,
2021-12-21T02:00:00-08:00,1.12952,1.13016,1.1276,1.12908,
2021-12-21T06:00:00-08:00,1.12908,1.12921,1.12609,1.12671,
2021-12-21T10:00:00-08:00,1.12671,1.12883,1.12642,1.12861,
2021-12-21T14:00:00-08:00,1.12861,1.12942,1.12721,1.1287,
2021-12-21T18:00:00-08:00,1.1287,1.12874,1.12684,1.12711,
2021-12-21T22:00:00-08:00,1.12711,1.12854,1.12644,1.1283,
2021-12-22T02:00:00-08:00,1.1283,1.13152,1.12812,1.13118,
2021-12-22T06:00:00-08:00,1.13118,1.13423,1.13053,1.13291,
2021-12-22T10:00:00-08:00,1.13291,1.13388,1.1323,1.13265,
2021-12-22T14:00:00-08:00,1.13265,1.13423,1.13195,1.1342,
2021-12-22T18:00:00-08:00,1.1342,1.1342,1.13374,1.13374,
2021-12-22T22:00:00-08:00,1.13374,1.13408,1.13108,1.13207,
2021-12-23T02:00:00-08:00,1.13207,1.13306,1.12976,1.1299,
2021-12-23T06:00:00-08:00,1.1299,1.13368,1.12903,1.13367,
2021-12-23T10:00:00-08:00,1.13367,1.13378,1.13251,1.1327,
2021-12-23T14:00:00-08:00,1.1327,1.13341,1.13223,1.13254,
2021-12-23T18:00:00-08:00,1.13254,1.13349,1.1324,1.13304,
2021-12-23T22:00:00-08:00,1.13304,1.13416,1.13283,1.13405,
2021-12-24T02:00:00-08:00,1.13405,1.13436,1.13134,1.13215,
2021-12-24T06:00:00-08:00,1.13215,1.13282,1.13068,1.13159,
2021-12-24T10:00:00-08:00,1.13159,1.1328,1.13037,1.13193,
2021-12-26T14:00:00-08:00,1.13193,1.13263,1.1308,1.13181,
2021-12-26T18:00:00-08:00,1.13181,1.1325,1.13142,1.13153,
2021-12-26T22:00:00-08:00,1.13153,1.13343,1.1303,1.13087,
2021-12-27T02:00:00-08:00,1.13087,1.1323,1.13037,1.13117,
2021-12-27T06:00:00-08:00,1.13117,1.13316,1.13107,1.1327,
2021-12-27T10:00:00-08:00,1.1327,1.13304,1.13219,1.13278,
2021-12-27T14:00:00-08:00,1.13278,1.13313,1.13199,1.13201,
2021-12-27T18:00:00-08:00,1.13201,1.13288,1.13183,1.13281,
2021-12-27T22:00:00-08:00,1.13281,1.13311,1.13158,1.13308,
2021-12-28T02:00:00-08:00,1.13308,1.13333,1.13213,1.13215,
2021-12-28T06:00:00-08:00,1.13215,1.1323,1.12896,1.13107,
2021-12-28T10:00:00-08:00,1.13107,1.13143,1.12991,1.13093,
2021-12-28T14:00:00-08:00,1.13093,1.13154,1.12976,1.13004,
2021-12-28T18:00:00-08:00,1.13004,1.13094,1.12981,1.13053,
2021-12-28T22:00:00-08:00,1.13053,1.13062,1.12738,1.12799,
2021-12-29T02:00:00-08:00,1.12799,1.13222,1.12785,1.13182,
2021-12-29T06:00:00-08:00,1.13182,1.13688,1.1313,1.13374,
2021-12-29T10:00:00-08:00,1.13374,1.13523,1.13348,1.13486,
2021-12-29T14:00:00-08:00,1.13486,1.136,1.13446,1.13461,
2021-12-29T18:00:00-08:00,1.13461,1.13475,1.13248,1.13258,
2021-12-29T22:00:00-08:00,1.13258,1.13267,1.12999,1.13016,
2021-12-30T02:00:00-08:00,1.13016,1.13446,1.13002,1.13039,
2021-12-30T06:00:00-08:00,1.13039,1.13401,1.12985,1.13152,
2021-12-30T10:00:00-08:00,1.13152,1.13303,1.1304,1.13257,
2021-12-30T14:00:00-08:00,1.13257,1.13287,1.13192,1.132,
2021-12-30T18:00:00-08:00,1.132,1.13257,1.13097,1.13109,
2021-12-30T22:00:00-08:00,1.13109,1.13365,1.13035,1.13287,
2021-12-31T02:00:00-08:00,1.13287,1.13535,1.13122,1.13484,
2021-12-31T06:00:00-08:00,1.13484,1.13864,1.13382,1.13864,
2021-12-31T10:00:00-08:00,1.13864,1.13864,1.13693,1.13757,
2022-01-02T14:00:00-08:00,1.13757,1.13787,1.13502,1.13586,
2022-01-02T18:00:00-08:00,1.13586,1.13586,1.13362,1.13381,
2022-01-02T22:00:00-08:00,1.13381,1.13564,1.13351,1.13519,
2022-01-03T02:00:00-08:00,1.13519,1.13664,1.1346,1.13508,
2022-01-03T06:00:00-08:00,1.13508,1.1352,1.12798,1.1284,
2022-01-03T10:00:00-08:00,1.1284,1.13003,1.12832,1.12963,
2022-01-03T14:00:00-08:00,1.12963,1.13089,1.12944,1.13067,
2022-01-03T18:00:00-08:00,1.13067,1.13096,1.12955,1.13049,
2022-01-03T22:00:00-08:00,1.13049,1.13082,1.12833,1.13021,
2022-01-04T02:00:00-08:00,1.13021,1.13057,1.12724,1.128,
2022-01-04T06:00:00-08:00,1.128,1.13226,1.12775,1.12939,
2022-01-04T10:00:00-08:00,1.12939,1.12944,1.12781,1.1287,
2022-01-04T14:00:00-08:00,1.1287,1.12888,1.12771,1.12858,
2022-01-04T18:00:00-08:00,1.12858,1.12969,1.12851,1.1294,
2022-01-04T22:00:00-08:00,1.1294,1.13111,1.12931,1.13063,
2022-01-05T02:00:00-08:00,1.13063,1.13288,1.13033,1.13239,
2022-01-05T06:00:00-08:00,1.13239,1.13465,1.13212,1.13414,
2022-01-05T10:00:00-08:00,1.13414,1.13446,1.13023,1.13143,
2022-01-05T14:00:00-08:00,1.13143,1.13188,1.13051,1.13167,
2022-01-05T18:00:00-08:00,1.13167,1.13206,1.13071,1.13093,
2022-01-05T22:00:00-08:00,1.13093,1.13095,1.12847,1.13053,
2022-01-06T02:00:00-08:00,1.13053,1.1327,1.13022,1.13123,
2022-01-06T06:00:00-08:00,1.13123,1.1332,1.12904,1.1296,
2022-01-06T10:00:00-08:00,1.1296,1.13,1.12862,1.12977,
2022-01-06T14:00:00-08:00,1.12977,1.13015,1.12901,1.13008,
2022-01-06T18:00:00-08:00,1.13008,1.13034,1.12952,1.13023,
2022-01-06T22:00:00-08:00,1.13023,1.13176,1.12982,1.13149,
2022-01-07T02:00:00-08:00,1.13149,1.13227,1.12924,1.13018,
2022-01-07T06:00:00-08:00,1.13018,1.13583,1.12989,1.1357,
2022-01-07T10:00:00-08:00,1.1357,1.13649,1.13552,1.13606,
2022-01-09T14:00:00-08:00,1.13606,1.13611,1.13498,1.13503,
2022-01-09T18:00:00-08:00,1.13503,1.1352,1.1332,1.1335,
2022-01-09T22:00:00-08:00,1.1335,1.13446,1.13208,1.13267,
2022-01-10T02:00:00-08:00,1.13267,1.13362,1.12951,1.12971,
2022-01-10T06:00:00-08:00,1.12971,1.13348,1.12851,1.13287,
2022-01-10T10:00:00-08:00,1.13287,1.13312,1.13201,1.13262,
2022-01-10T14:00:00-08:00,1.13262,1.13419,1.13225,1.13366,
2022-01-10T18:00:00-08:00,1.13366,1.13443,1.13346,1.1339,
2022-01-10T22:00:00-08:00,1.1339,1.13521,1.13287,1.13334,
2022-01-11T02:00:00-08:00,1.13334,1.13436,1.13233,1.1326,
2022-01-11T06:00:00-08:00,1.1326,1.13687,1.13131,1.13542,
2022-01-11T10:00:00-08:00,1.13542,1.1375,1.13522,1.13671,
2022-01-11T14:00:00-08:00,1.13671,1.13734,1.13644,1.13702,
2022-01-11T18:00:00-08:00,1.13702,1.13781,1.1368,1.13733,
2022-01-11T22:00:00-08:00,1.13733,1.13752,1.13552,1.13673,
2022-01-12T02:00:00-08:00,1.13673,1.14151,1.13548,1.141,
2022-01-12T06:00:00-08:00,1.141,1.14452,1.13947,1.14439,
2022-01-12T10:00:00-08:00,1.14439,1.14528,1.14384,1.14428,
2022-01-12T14:00:00-08:00,1.14428,1.14484,1.14358,1.14391,
2022-01-12T18:00:00-08:00,1.14391,1.14474,1.14358,1.14413,
2022-01-12T22:00:00-08:00,1.14413,1.14784,1.14385,1.14715,
2022-01-13T02:00:00-08:00,1.14715,1.14776,1.14534,1.1472,
2022-01-13T06:00:00-08:00,1.1472,1.14816,1.14472,1.14615,
2022-01-13T10:00:00-08:00,1.14615,1.14664,1.14509,1.14548,
2022-01-13T14:00:00-08:00,1.14548,1.14683,1.14514,1.14662,
2022-01-13T18:00:00-08:00,1.14662,1.14829,1.14626,1.1479,
2022-01-13T22:00:00-08:00,1.1479,1.14808,1.14573,1.14584,
2022-01-14T02:00:00-08:00,1.14584,1.14611,1.14333,1.14382,
2022-01-14T06:00:00-08:00,1.14382,1.14501,1.13986,1.14022,
2022-01-14T10:00:00-08:00,1.14022,1.14179,1.14014,1.14157,
2022-01-16T14:00:00-08:00,1.14157,1.14168,1.14002,1.14048,
2022-01-16T18:00:00-08:00,1.14048,1.14226,1.14039,1.1419,
2022-01-16T22:00:00-08:00,1.1419,1.14344,1.1412,1.1424,
2022-01-17T02:00:00-08:00,1.1424,1.14266,1.13918,1.14017,
2022-01-17T06:00:00-08:00,1.14017,1.14159,1.13957,1.14118,
2022-01-17T10:00:00-08:00,1.14118,1.14135,1.14049,1.14065,
2022-01-17T14:00:00-08:00,1.14065,1.14208,1.14056,1.1419,
2022-01-17T18:00:00-08:00,1.1419,1.14214,1.13851,1.13972,
2022-01-17T22:00:00-08:00,1.13972,1.1406,1.1386,1.13951,
2022-01-18T02:00:00-08:00,1.13951,1.13995,1.13632,1.13783,
2022-01-18T06:00:00-08:00,1.13783,1.13786,1.13205,1.13226,
2022-01-18T10:00:00-08:00,1.13226,1.13347,1.13147,1.13262,
2022-01-18T14:00:00-08:00,1.13262,1.13307,1.1319,1.13223,
2022-01-18T18:00:00-08:00,1.13223,1.13337,1.13202,1.13301,
2022-01-18T22:00:00-08:00,1.13301,1.13482,1.13271,1.134,
2022-01-19T02:00:00-08:00,1.134,1.13507,1.13331,1.13441,
2022-01-19T06:00:00-08:00,1.13441,1.13572,1.13361,1.13441,
2022-01-19T10:00:00-08:00,1.13441,1.13549,1.13418,1.13427,
2022-01-19T14:00:00-08:00,1.13427,1.13653,1.13405,1.13601,
2022-01-19T18:00:00-08:00,1.13601,1.13612,1.13456,1.13498,
2022-01-19T22:00:00-08:00,1.13498,1.1369,1.13435,1.13476,
2022-01-20T02:00:00-08:00,1.13476,1.13579,1.13314,1.13517,
2022-01-20T06:00:00-08:00,1.13517,1.13577,1.13266,1.13273,
2022-01-20T10:00:00-08:00,1.13273,1.13296,1.13032,1.13116,
2022-01-20T14:00:00-08:00,1.13116,1.13179,1.13011,1.13174,
2022-01-20T18:00:00-08:00,1.13174,1.13352,1.13157,1.13255,
2022-01-20T22:00:00-08:00,1.13255,1.13454,1.13228,1.13393,
2022-01-21T02:00:00-08:00,1.13393,1.13518,1.13257,1.13501,
2022-01-21T06:00:00-08:00,1.13501,1.13599,1.13371,1.13455,
2022-01-21T10:00:00-08:00,1.13455,1.13491,1.13383,1.13438,
2022-01-23T14:00:00-08:00,1.13438,1.13457,1.13327,1.13372,
2022-01-23T18:00:00-08:00,1.13372,1.1338,1.13169,1.13181,
2022-01-23T22:00:00-08:00,1.13181,1.13365,1.131,1.13252,
2022-01-24T02:00:00-08:00,1.13252,1.13283,1.12949,1.12958,
2022-01-24T06:00:00-08:00,1.12958,1.13293,1.12906,1.13281,
2022-01-24T10:00:00-08:00,1.13281,1.13352,1.13178,1.13262,
2022-01-24T14:00:00-08:00,1.13262,1.13288,1.13164,1.13168,
2022-01-24T18:00:00-08:00,1.13168,1.13185,1.13082,1.13101,
2022-01-24T22:00:00-08:00,1.13101,1.13159,1.12845,1.12878,
2022-01-25T02:00:00-08:00,1.12878,1.1291,1.12667,1.12757,
2022-01-25T06:00:00-08:00,1.12757,1.12891,1.12633,1.12878,
2022-01-25T10:00:00-08:00,1.12878,1.1307,1.12863,1.13013,
2022-01-25T14:00:00-08:00,1.13013,1.13061,1.12952,1.13054,
2022-01-25T18:00:00-08:00,1.13054,1.13108,1.13008,1.13044,
2022-01-25T22:00:00-08:00,1.13044,1.13053,1.12835,1.12869,
2022-01-26T02:00:00-08:00,1.12869,1.1288,1.12717,1.12822,
2022-01-26T06:00:00-08:00,1.12822,1.12965,1.12739,1.1288,
2022-01-26T10:00:00-08:00,1.1288,1.13009,1.12357,1.12389,
2022-01-26T14:00:00-08:00,1.12389,1.12439,1.12305,1.1233,
2022-01-26T18:00:00-08:00,1.1233,1.12336,1.12155,1.122,
2022-01-26T22:00:00-08:00,1.122,1.12217,1.11935,1.11964,
2022-01-27T02:00:00-08:00,1.11964,1.12011,1.1135,1.11494,
2022-01-27T06:00:00-08:00,1.11494,1.1162,1.1132,1.11392,
2022-01-27T10:00:00-08:00,1.11392,1.11494,1.11359,1.11451,
2022-01-27T14:00:00-08:00,1.11451,1.11491,1.11382,1.11476,
2022-01-27T18:00:00-08:00,1.11476,1.11559,1.11464,1.11544,
2022-01-27T22:00:00-08:00,1.11544,1.11549,1.11215,1.11326,
2022-01-28T02:00:00-08:00,1.11326,1.1169,1.11256,1.11688,
2022-01-28T06:00:00-08:00,1.11688,1.11736,1.11383,1.11512,
2022-01-28T10:00:00-08:00,1.11512,1.11562,1.11413,1.11481,
2022-01-30T14:00:00-08:00,1.11481,1.1158,1.11384,1.11578,
2022-01-30T18:00:00-08:00,1.11578,1.1166,1.11548,1.11651,
2022-01-30T22:00:00-08:00,1.11651,1.11824,1.11609,1.11749,
2022-01-31T02:00:00-08:00,1.11749,1.1194,1.11464,1.11935,
2022-01-31T06:00:00-08:00,1.11935,1.12197,1.11834,1.12193,
2022-01-31T10:00:00-08:00,1.12193,1.12478,1.12183,1.12346,
2022-01-31T14:00:00-08:00,1.12346,1.12366,1.12209,1.12264,
2022-01-31T18:00:00-08:00,1.12264,1.12453,1.12256,1.12403,
2022-01-31T22:00:00-08:00,1.12403,1.12696,1.12344,1.12614,
2022-02-01T02:00:00-08:00,1.12614,1.12788,1.12534,1.1266,
2022-02-01T06:00:00-08:00,1.1266,1.12745,1.12344,1.1245,
2022-02-01T10:00:00-08:00,1.1245,1.1274,1.1243,1.12715,
2022-02-01T14:00:00-08:00,1.12715,1.12769,1.12683,1.12764,
2022-02-01T18:00:00-08:00,1.12764,1.1278,1.12707,1.12734,
2022-02-01T22:00:00-08:00,1.12734,1.12944,1.12668,1.12934,
2022-02-02T02:00:00-08:00,1.12934,1.13304,1.129,1.13114,
2022-02-02T06:00:00-08:00,1.13114,1.13212,1.12925,1.13115,
2022-02-02T10:00:00-08:00,1.13115,1.13144,1.13024,1.13039,
2022-02-02T14:00:00-08:00,1.13039,1.13087,1.12933,1.13002,
2022-02-02T18:00:00-08:00,1.13002,1.13084,1.12947,1.13009,
2022-02-02T22:00:00-08:00,1.13009,1.13026,1.1284,1.12843,
2022-02-03T02:00:00-08:00,1.12843,1.13669,1.12675,1.13669,
2022-02-03T06:00:00-08:00,1.13669,1.14517,1.13619,1.14439,
2022-02-03T10:00:00-08:00,1.14439,1.14498,1.14262,1.14396,
2022-02-03T14:00:00-08:00,1.14396,1.14541,1.14321,1.14522,
2022-02-03T18:00:00-08:00,1.14522,1.14719,1.1449,1.14601,
2022-02-03T22:00:00-08:00,1.14601,1.14687,1.14399,1.14633,
2022-02-04T02:00:00-08:00,1.14633,1.14838,1.14219,1.14362,
2022-02-04T06:00:00-08:00,1.14362,1.14627,1.14117,1.14544,
2022-02-04T10:00:00-08:00,1.14544,1.14642,1.14476,1.14497,
2022-02-06T14:00:00-08:00,1.14497,1.14662,1.14395,1.14415,
2022-02-06T18:00:00-08:00,1.14415,1.14428,1.14248,1.14307,
2022-02-06T22:00:00-08:00,1.14307,1.14494,1.14152,1.14236,
2022-02-07T02:00:00-08:00,1.14236,1.14589,1.14163,1.14399,
2022-02-07T06:00:00-08:00,1.14399,1.14511,1.14174,1.14187,
2022-02-07T10:00:00-08:00,1.14187,1.1444,1.14173,1.14422,
2022-02-07T14:00:00-08:00,1.14422,1.1449,1.14333,1.14359,
2022-02-07T18:00:00-08:00,1.14359,1.14359,1.14152,1.1417,
2022-02-07T22:00:00-08:00,1.1417,1.14235,1.13962,1.14057,
2022-02-08T02:00:00-08:00,1.14057,1.14335,1.14004,1.14088,
2022-02-08T06:00:00-08:00,1.14088,1.14239,1.14032,1.14208,
2022-02-08T10:00:00-08:00,1.14208,1.1424,1.14018,1.14153,
2022-02-08T14:00:00-08:00,1.14153,1.14236,1.14123,1.14231,
2022-02-08T18:00:00-08:00,1.14231,1.14325,1.1422,1.14224,
2022-02-08T22:00:00-08:00,1.14224,1.1428,1.14026,1.14265,
2022-02-09T02:00:00-08:00,1.14265,1.1446,1.14233,1.14358,
2022-02-09T06:00:00-08:00,1.14358,1.1448,1.14255,1.14375,
2022-02-09T10:00:00-08:00,1.14375,1.14408,1.14202,1.14234,
2022-02-09T14:00:00-08:00,1.14234,1.14283,1.14132,1.14195,
2022-02-09T18:00:00-08:00,1.14195,1.14317,1.14179,1.1426,
2022-02-09T22:00:00-08:00,1.1426,1.14463,1.14196,1.14436,
2022-02-10T02:00:00-08:00,1.14436,1.14456,1.13822,1.14081,
2022-02-10T06:00:00-08:00,1.14081,1.1495,1.13751,1.14647,
2022-02-10T10:00:00-08:00,1.14647,1.14751,1.14071,1.14279,
2022-02-10T14:00:00-08:00,1.14279,1.14313,1.13855,1.14026,
2022-02-10T18:00:00-08:00,1.14026,1.14069,1.1375,1.13866,
2022-02-10T22:00:00-08:00,1.13866,1.13979,1.13701,1.13865,
2022-02-11T02:00:00-08:00,1.13865,1.14182,1.13839,1.13909,
2022-02-11T06:00:00-08:00,1.13909,1.14083,1.13803,1.13969,
2022-02-11T10:00:00-08:00,1.13969,1.13996,1.133,1.13489,
2022-02-13T14:00:00-08:00,1.13489,1.13694,1.13389,1.13538,
2022-02-13T18:00:00-08:00,1.13538,1.13538,1.13407,1.13517,
2022-02-13T22:00:00-08:00,1.13517,1.13521,1.1304,1.13123,
2022-02-14T02:00:00-08:00,1.13123,1.13423,1.13009,1.13152,
2022-02-14T06:00:00-08:00,1.13152,1.13213,1.12918,1.13104,
2022-02-14T10:00:00-08:00,1.13104,1.13144,1.12802,1.13066,
2022-02-14T14:00:00-08:00,1.13066,1.13148,1.12985,1.13107,
2022-02-14T18:00:00-08:00,1.13107,1.13226,1.13092,1.13176,
2022-02-14T22:00:00-08:00,1.13176,1.13501,1.13094,1.13464,
2022-02-15T02:00:00-08:00,1.13464,1.13601,1.13366,1.1356,
2022-02-15T06:00:00-08:00,1.1356,1.13682,1.13204,1.13587,
2022-02-15T10:00:00-08:00,1.13587,1.13645,1.13546,1.13595,
2022-02-15T14:00:00-08:00,1.13595,1.13627,1.13489,1.13521,
2022-02-15T18:00:00-08:00,1.13521,1.13556,1.13451,1.13538,
2022-02-15T22:00:00-08:00,1.13538,1.13955,1.13532,1.13776,
2022-02-16T02:00:00-08:00,1.13776,1.13883,1.13548,1.13632,
2022-02-16T06:00:00-08:00,1.13632,1.13829,1.13532,1.13744,
2022-02-16T10:00:00-08:00,1.13744,1.13959,1.13704,1.13725,
2022-02-16T14:00:00-08:00,1.13725,1.1385,1.13673,1.13819,
2022-02-16T18:00:00-08:00,1.13819,1.1385,1.13233,1.13565,
2022-02-16T22:00:00-08:00,1.13565,1.13861,1.13429,1.13613,
2022-02-17T02:00:00-08:00,1.13613,1.13794,1.13518,1.13593,
2022-02-17T06:00:00-08:00,1.13593,1.13794,1.13508,1.13593,
2022-02-17T10:00:00-08:00,1.13593,1.13673,1.13568,1.13611,
2022-02-17T14:00:00-08:00,1.13611,1.13713,1.13579,1.13682,
2022-02-17T18:00:00-08:00,1.13682,1.13714,1.13613,1.13659,
2022-02-17T22:00:00-08:00,1.13659,1.13772,1.1364,1.13711,
2022-02-18T02:00:00-08:00,1.13711,1.13725,1.1347,1.1349,
2022-02-18T06:00:00-08:00,1.1349,1.13542,1.13142,1.13223,
2022-02-18T10:00:00-08:00,1.13223,1.13359,1.13209,1.13231,
2022-02-20T14:00:00-08:00,1.13231,1.13581,1.13134,1.13537,
2022-02-20T18:00:00-08:00,1.13537,1.13681,1.13531,1.13626,
2022-02-20T22:00:00-08:00,1.13626,1.13907,1.13541,1.13635,
2022-02-21T02:00:00-08:00,1.13635,1.13666,1.13209,1.13303,
2022-02-21T06:00:00-08:00,1.13303,1.13492,1.13253,1.13365,
2022-02-21T10:00:00-08:00,1.13365,1.13426,1.13067,1.13095,
2022-02-21T14:00:00-08:00,1.13095,1.13199,1.12965,1.13039,
2022-02-21T18:00:00-08:00,1.13039,1.13095,1.1288,1.13067,
2022-02-21T22:00:00-08:00,1.13067,1.13368,1.12927,1.13195,
2022-02-22T02:00:00-08:00,1.13195,1.13668,1.13185,1.13414,
2022-02-22T06:00:00-08:00,1.13414,1.13541,1.13251,1.13337,
2022-02-22T10:00:00-08:00,1.13337,1.13412,1.13221,1.13246,
2022-02-22T14:00:00-08:00,1.13246,1.13361,1.13246,1.13351,
2022-02-22T18:00:00-08:00,1.13351,1.1339,1.13201,1.13257,
2022-02-22T22:00:00-08:00,1.13257,1.13589,1.13161,1.13559,
2022-02-23T02:00:00-08:00,1.13559,1.13583,1.13365,1.13516,
2022-02-23T06:00:00-08:00,1.13516,1.13519,1.1306,1.13124,
2022-02-23T10:00:00-08:00,1.13124,1.13125,1.13012,1.13054,
2022-02-23T14:00:00-08:00,1.13054,1.13108,1.12752,1.12932,
2022-02-23T18:00:00-08:00,1.12932,1.1294,1.12087,1.12379,
2022-02-23T22:00:00-08:00,1.12379,1.12621,1.12093,1.12113,
2022-02-24T02:00:00-08:00,1.12113,1.12122,1.11528,1.1162,
2022-02-24T06:00:00-08:00,1.1162,1.11789,1.11064,1.11667,
2022-02-24T10:00:00-08:00,1.11667,1.12211,1.116,1.11927,
2022-02-24T14:00:00-08:00,1.11927,1.12096,1.11866,1.12036,
2022-02-24T18:00:00-08:00,1.12036,1.12287,1.11989,1.12255,
2022-02-24T22:00:00-08:00,1.12255,1.12256,1.11699,1.11814,
2022-02-25T02:00:00-08:00,1.11814,1.12414,1.11661,1.12369,
2022-02-25T06:00:00-08:00,1.12369,1.1267,1.12188,1.12408,
2022-02-25T10:00:00-08:00,1.12408,1.12742,1.12408,1.12724,
2022-02-27T14:00:00-08:00,1.12724,1.12724,1.11276,1.11712,
2022-02-27T18:00:00-08:00,1.11712,1.1174,1.11423,1.11565,
2022-02-27T22:00:00-08:00,1.11565,1.12002,1.11546,1.11782,
2022-02-28T02:00:00-08:00,1.11782,1.12323,1.11779,1.12126,
2022-02-28T06:00:00-08:00,1.12126,1.12464,1.11975,1.1205,
2022-02-28T10:00:00-08:00,1.1205,1.12237,1.12036,1.12185,
2022-02-28T14:00:00-08:00,1.12185,1.12222,1.12019,1.1202,
2022-02-28T18:00:00-08:00,1.1202,1.12054,1.11908,1.11963,
2022-02-28T22:00:00-08:00,1.11963,1.12331,1.11901,1.11967,
2022-03-01T02:00:00-08:00,1.11967,1.11986,1.11406,1.11602,
2022-03-01T06:00:00-08:00,1.11602,1.1162,1.10899,1.11091,
2022-03-01T10:00:00-08:00,1.11091,1.11381,1.10985,1.11266,
2022-03-01T14:00:00-08:00,1.11266,1.11358,1.11172,1.11285,
2022-03-01T18:00:00-08:00,1.11285,1.11321,1.11112,1.11151,
2022-03-01T22:00:00-08:00,1.11151,1.11181,1.10589,1.10824,
2022-03-02T02:00:00-08:00,1.10824,1.11196,1.10761,1.11048,
2022-03-02T06:00:00-08:00,1.11048,1.11437,1.10577,1.11026,
2022-03-02T10:00:00-08:00,1.11026,1.11343,1.11002,1.11206,
2022-03-02T14:00:00-08:00,1.11206,1.11225,1.10943,1.10978,
2022-03-02T18:00:00-08:00,1.10978,1.11068,1.10901,1.11019,
2022-03-02T22:00:00-08:00,1.11019,1.11064,1.10719,1.108,
2022-03-03T02:00:00-08:00,1.108,1.10971,1.10649,1.10858,
2022-03-03T06:00:00-08:00,1.10858,1.1095,1.10338,1.10511,
2022-03-03T10:00:00-08:00,1.10511,1.1067,1.10474,1.10667,
2022-03-03T14:00:00-08:00,1.10667,1.10678,1.10102,1.10492,
2022-03-03T18:00:00-08:00,1.10492,1.10494,1.10196,1.10287,
2022-03-03T22:00:00-08:00,1.10287,1.10321,1.10087,1.10142,
2022-03-04T02:00:00-08:00,1.10142,1.10199,1.0886,1.09089,
2022-03-04T06:00:00-08:00,1.09089,1.09281,1.08964,1.0926,
2022-03-04T10:00:00-08:00,1.0926,1.09401,1.09101,1.0932,
2022-03-06T14:00:00-08:00,1.0932,1.0932,1.08217,1.08436,
2022-03-06T18:00:00-08:00,1.08436,1.08875,1.08359,1.0877,
2022-03-06T22:00:00-08:00,1.0877,1.0898,1.08504,1.08585,
2022-03-07T02:00:00-08:00,1.08585,1.09253,1.08061,1.08976,
2022-03-07T06:00:00-08:00,1.08976,1.09324,1.08485,1.08752,
2022-03-07T10:00:00-08:00,1.08752,1.09003,1.08456,1.0854,
2022-03-07T14:00:00-08:00,1.0854,1.08806,1.08491,1.08751,
2022-03-07T18:00:00-08:00,1.08751,1.08851,1.0856,1.08599,
2022-03-07T22:00:00-08:00,1.08599,1.09218,1.08513,1.08878,
2022-03-08T02:00:00-08:00,1.08878,1.09212,1.08656,1.09156,
2022-03-08T06:00:00-08:00,1.09156,1.09564,1.08721,1.09433,
2022-03-08T10:00:00-08:00,1.09433,1.09584,1.08944,1.09024,
2022-03-08T14:00:00-08:00,1.09024,1.09202,1.08901,1.09141,
2022-03-08T18:00:00-08:00,1.09141,1.09297,1.09053,1.09161,
2022-03-08T22:00:00-08:00,1.09161,1.09729,1.09094,1.097,
2022-03-09T02:00:00-08:00,1.097,1.10165,1.09419,1.10141,
2022-03-09T06:00:00-08:00,1.10141,1.10949,1.10043,1.10921,
2022-03-09T10:00:00-08:00,1.10921,1.10951,1.10619,1.10757,
2022-03-09T14:00:00-08:00,1.10757,1.10784,1.10419,1.10514,
2022-03-09T18:00:00-08:00,1.10514,1.10629,1.10456,1.10592,
2022-03-09T22:00:00-08:00,1.10592,1.108,1.10264,1.10413,
2022-03-10T02:00:00-08:00,1.10413,1.11211,1.10257,1.10641,
2022-03-10T06:00:00-08:00,1.10641,1.10702,1.09801,1.09905,
2022-03-10T10:00:00-08:00,1.09905,1.09939,1.09763,1.09856,
2022-03-10T14:00:00-08:00,1.09856,1.10189,1.09807,1.09877,
2022-03-10T18:00:00-08:00,1.09877,1.10103,1.09875,1.0999,
2022-03-10T22:00:00-08:00,1.0999,1.10089,1.09603,1.09675,
2022-03-11T02:00:00-08:00,1.09675,1.10437,1.0966,1.09982,
2022-03-11T06:00:00-08:00,1.09982,1.10016,1.09128,1.09162,
2022-03-11T10:00:00-08:00,1.09162,1.09214,1.0902,1.09121,
2022-03-13T14:00:00-07:00,1.09121,1.09389,1.091,1.09293,
2022-03-13T18:00:00-07:00,1.09293,1.09377,1.09006,1.09173,
2022-03-13T22:00:00-07:00,1.09173,1.096,1.09088,1.09566,
2022-03-14T02:00:00-07:00,1.09566,1.09894,1.09401,1.09579,
2022-03-14T06:00:00-07:00,1.09579,1.0994,1.09351,1.09741,
2022-03-14T10:00:00-07:00,1.09741,1.09794,1.09394,1.09403,
2022-03-14T14:00:00-07:00,1.09403,1.09555,1.09305,1.09505,
2022-03-14T18:00:00-07:00,1.09505,1.09853,1.09377,1.09824,
2022-03-14T22:00:00-07:00,1.09824,1.10199,1.0967,1.10039,
2022-03-15T02:00:00-07:00,1.10039,1.10078,1.09782,1.09904,
2022-03-15T06:00:00-07:00,1.09904,1.09999,1.09382,1.09515,
2022-03-15T10:00:00-07:00,1.09515,1.09561,1.09263,1.09557,
2022-03-15T14:00:00-07:00,1.09557,1.09741,1.09483,1.0957,
2022-03-15T18:00:00-07:00,1.0957,1.09774,1.0956,1.0968,
2022-03-15T22:00:00-07:00,1.0968,1.10051,1.0956,1.09909,
2022-03-16T02:00:00-07:00,1.09909,1.10247,1.09806,1.09894,
2022-03-16T06:00:00-07:00,1.09894,1.104,1.09856,1.1001,
2022-03-16T10:00:00-07:00,1.1001,1.10468,1.09502,1.10359,
2022-03-16T14:00:00-07:00,1.10359,1.10525,1.10075,1.10515,
2022-03-16T18:00:00-07:00,1.10515,1.10521,1.10299,1.10347,
2022-03-16T22:00:00-07:00,1.10347,1.10673,1.10222,1.10534,
2022-03-17T02:00:00-07:00,1.10534,1.10649,1.10233,1.10457,
2022-03-17T06:00:00-07:00,1.10457,1.11332,1.10444,1.11309,
2022-03-17T10:00:00-07:00,1.11309,1.11375,1.10895,1.10917,
2022-03-17T14:00:00-07:00,1.10917,1.11189,1.10894,1.10999,
2022-03-17T18:00:00-07:00,1.10999,1.11038,1.10766,1.1077,
2022-03-17T22:00:00-07:00,1.1077,1.10944,1.10555,1.10677,
2022-03-18T02:00:00-07:00,1.10677,1.10719,1.10155,1.10206,
2022-03-18T06:00:00-07:00,1.10206,1.10724,1.10032,1.10607,
2022-03-18T10:00:00-07:00,1.10607,1.10641,1.10424,1.10499,
2022-03-20T14:00:00-07:00,1.10506,1.10624,1.10379,1.10456,
2022-03-20T18:00:00-07:00,1.10456,1.10538,1.1041,1.1041,
2022-03-20T22:00:00-07:00,1.1041,1.10629,1.10351,1.10564,
2022-03-21T02:00:00-07:00,1.10564,1.10703,1.10258,1.1034,
2022-03-21T06:00:00-07:00,1.1034,1.10523,1.10264,1.10421,
2022-03-21T10:00:00-07:00,1.10421,1.10438,1.10102,1.10161,
2022-03-21T14:00:00-07:00,1.10161,1.10258,1.09812,1.09867,
2022-03-21T18:00:00-07:00,1.09867,1.10052,1.0984,1.09856,
2022-03-21T22:00:00-07:00,1.09856,1.10115,1.0961,1.10075,
2022-03-22T02:00:00-07:00,1.10075,1.10349,1.09873,1.10158,
2022-03-22T06:00:00-07:00,1.10158,1.10458,1.10115,1.10178,
2022-03-22T10:00:00-07:00,1.10178,1.10332,1.10147,1.103,
2022-03-22T14:00:00-07:00,1.103,1.10438,1.1021,1.10255,
2022-03-22T18:00:00-07:00,1.10255,1.10349,1.10212,1.10277,
2022-03-22T22:00:00-07:00,1.10277,1.10399,1.10104,1.10163,
2022-03-23T02:00:00-07:00,1.10163,1.10176,1.0975,1.0987,
2022-03-23T06:00:00-07:00,1.0987,1.10071,1.09642,1.1002,
2022-03-23T10:00:00-07:00,1.1002,1.10119,1.09974,1.1004,
2022-03-23T14:00:00-07:00,1.1004,1.10138,1.10012,1.10027,
2022-03-23T18:00:00-07:00,1.10027,1.10034,1.09806,1.09857,
2022-03-23T22:00:00-07:00,1.09857,1.10009,1.09724,1.09777,
2022-03-24T02:00:00-07:00,1.09777,1.10013,1.09723,1.09832,
2022-03-24T06:00:00-07:00,1.09832,1.10135,1.09661,1.09858,
2022-03-24T10:00:00-07:00,1.09858,1.10059,1.09825,1.09972,
2022-03-24T14:00:00-07:00,1.09972,1.1011,1.09951,1.10092,
2022-03-24T18:00:00-07:00,1.10092,1.10379,1.1008,1.10321,
2022-03-24T22:00:00-07:00,1.10321,1.10341,1.10111,1.10161,
2022-03-25T02:00:00-07:00,1.10161,1.10223,1.10009,1.10033,
2022-03-25T06:00:00-07:00,1.10033,1.10247,1.0981,1.09878,
2022-03-25T10:00:00-07:00,1.09878,1.09969,1.09809,1.0983,
2022-03-27T14:00:00-07:00,1.0983,1.09878,1.09675,1.0971,
2022-03-27T18:00:00-07:00,1.0971,1.09749,1.09505,1.09544,
2022-03-27T22:00:00-07:00,1.09544,1.09994,1.09449,1.09909,
2022-03-28T02:00:00-07:00,1.09909,1.09935,1.09512,1.09568,
2022-03-28T06:00:00-07:00,1.09568,1.09995,1.09467,1.09942,
2022-03-28T10:00:00-07:00,1.09942,1.09994,1.09748,1.09852,
2022-03-28T14:00:00-07:00,1.09852,1.09979,1.09698,1.09738,
2022-03-28T18:00:00-07:00,1.09738,1.09975,1.09734,1.09855,
2022-03-28T22:00:00-07:00,1.09855,1.10182,1.09792,1.09849,
2022-03-29T02:00:00-07:00,1.09849,1.1129,1.09751,1.1113,
2022-03-29T06:00:00-07:00,1.1113,1.1137,1.10781,1.10804,
2022-03-29T10:00:00-07:00,1.10804,1.10943,1.10716,1.10865,
2022-03-29T14:00:00-07:00,1.10865,1.10994,1.10825,1.10976,
2022-03-29T18:00:00-07:00,1.10976,1.11214,1.10971,1.11107,
2022-03-29T22:00:00-07:00,1.11107,1.11566,1.11057,1.11563,
2022-03-30T02:00:00-07:00,1.11563,1.11619,1.1112,1.11251,
2022-03-30T06:00:00-07:00,1.11251,1.11712,1.11198,1.11573,
2022-03-30T10:00:00-07:00,1.11573,1.11628,1.11478,1.11588,
2022-03-30T14:00:00-07:00,1.11588,1.1175,1.11563,1.11742,
2022-03-30T18:00:00-07:00,1.11742,1.1185,1.11575,1.11607,
2022-03-30T22:00:00-07:00,1.11607,1.11758,1.11127,1.11295,
2022-03-31T02:00:00-07:00,1.11295,1.1132,1.10882,1.11021,
2022-03-31T06:00:00-07:00,1.11021,1.11328,1.10687,1.10818,
2022-03-31T10:00:00-07:00,1.10818,1.10936,1.1061,1.1067,
2022-03-31T14:00:00-07:00,1.1067,1.10762,1.10598,1.10674,
2022-03-31T18:00:00-07:00,1.10674,1.10732,1.10616,1.1064,
2022-03-31T22:00:00-07:00,1.1064,1.10758,1.1043,1.10608,
2022-04-01T02:00:00-07:00,1.10608,1.1068,1.10369,1.1044,
2022-04-01T06:00:00-07:00,1.1044,1.10539,1.1028,1.10403,
2022-04-01T10:00:00-07:00,1.10403,1.10528,1.1033,1.10469,
2022-04-03T14:00:00-07:00,1.10469,1.10539,1.10325,1.10493,
2022-04-03T18:00:00-07:00,1.10493,1.10547,1.10437,1.1048,
2022-04-03T22:00:00-07:00,1.1048,1.1054,1.10195,1.10223,
2022-04-04T02:00:00-07:00,1.10223,1.10321,1.09959,1.09993,
2022-04-04T06:00:00-07:00,1.09993,1.10029,1.09744,1.09749,
2022-04-04T10:00:00-07:00,1.09749,1.09771,1.09606,1.09722,
2022-04-04T14:00:00-07:00,1.09722,1.09798,1.09705,1.09762,
2022-04-04T18:00:00-07:00,1.09762,1.09771,1.09623,1.09644,
2022-04-04T22:00:00-07:00,1.09644,1.09887,1.09622,1.09678,
2022-04-05T02:00:00-07:00,1.09678,1.09851,1.09563,1.09641,
2022-04-05T06:00:00-07:00,1.09641,1.09758,1.09124,1.09143,
2022-04-05T10:00:00-07:00,1.09143,1.09213,1.09001,1.09048,
2022-04-05T14:00:00-07:00,1.09048,1.09083,1.08943,1.08946,
2022-04-05T18:00:00-07:00,1.08946,1.09033,1.08909,1.08967,
2022-04-05T22:00:00-07:00,1.08967,1.0927,1.08748,1.09234,
2022-04-06T02:00:00-07:00,1.09234,1.09379,1.08995,1.09333,
2022-04-06T06:00:00-07:00,1.09333,1.09373,1.09029,1.09083,
2022-04-06T10:00:00-07:00,1.09083,1.09289,1.0879,1.08958,
2022-04-06T14:00:00-07:00,1.08958,1.09124,1.08922,1.09121,
2022-04-06T18:00:00-07:00,1.09121,1.0916,1.09044,1.09144,
2022-04-06T22:00:00-07:00,1.09144,1.09341,1.08756,1.0878,
2022-04-07T02:00:00-07:00,1.0878,1.09269,1.08647,1.09137,
2022-04-07T06:00:00-07:00,1.09137,1.09384,1.08768,1.08772,
2022-04-07T10:00:00-07:00,1.08772,1.08924,1.08677,1.08784,
2022-04-07T14:00:00-07:00,1.08784,1.0883,1.08579,1.08623,
2022-04-07T18:00:00-07:00,1.08623,1.08698,1.08548,1.08549,
2022-04-07T22:00:00-07:00,1.08549,1.08793,1.08481,1.08668,
2022-04-08T02:00:00-07:00,1.08668,1.08918,1.08502,1.08532,
2022-04-08T06:00:00-07:00,1.08532,1.08817,1.08365,1.08724,
2022-04-08T10:00:00-07:00,1.08724,1.08854,1.08651,1.0878,
2022-04-10T14:00:00-07:00,1.0878,1.09275,1.0878,1.08882,
2022-04-10T18:00:00-07:00,1.08882,1.08949,1.08753,1.08851,
2022-04-10T22:00:00-07:00,1.08851,1.09188,1.08741,1.09073,
2022-04-11T02:00:00-07:00,1.09073,1.09333,1.08923,1.09053,
2022-04-11T06:00:00-07:00,1.09053,1.0906,1.08728,1.08778,
2022-04-11T10:00:00-07:00,1.08778,1.08948,1.08777,1.08839,
2022-04-11T14:00:00-07:00,1.08839,1.08874,1.0871,1.08747,
2022-04-11T18:00:00-07:00,1.08747,1.08833,1.08667,1.08795,
2022-04-11T22:00:00-07:00,1.08795,1.08821,1.08534,1.08622,
2022-04-12T02:00:00-07:00,1.08622,1.09036,1.08512,1.08959,
2022-04-12T06:00:00-07:00,1.08959,1.0903,1.08324,1.08414,
2022-04-12T10:00:00-07:00,1.08414,1.08449,1.08213,1.08286,
2022-04-12T14:00:00-07:00,1.08286,1.08316,1.08116,1.08158,
2022-04-12T18:00:00-07:00,1.08158,1.08409,1.08146,1.08336,
2022-04-12T22:00:00-07:00,1.08336,1.08449,1.08153,1.0837,
2022-04-13T02:00:00-07:00,1.0837,1.08479,1.08155,1.08183,
2022-04-13T06:00:00-07:00,1.08183,1.08943,1.0809,1.08821,
2022-04-13T10:00:00-07:00,1.08821,1.08931,1.08718,1.08901,
2022-04-13T14:00:00-07:00,1.08901,1.08999,1.08825,1.08848,
2022-04-13T18:00:00-07:00,1.08848,1.0913,1.0883,1.09123,
2022-04-13T22:00:00-07:00,1.09123,1.09233,1.09031,1.09083,
2022-04-14T02:00:00-07:00,1.09083,1.09178,1.08438,1.08475,
2022-04-14T06:00:00-07:00,1.08475,1.08489,1.07575,1.08162,
2022-04-14T10:00:00-07:00,1.08162,1.08349,1.08091,1.08296,
2022-04-14T14:00:00-07:00,1.08296,1.08305,1.07985,1.08093,
2022-04-14T18:00:00-07:00,1.08093,1.08156,1.07972,1.08058,
2022-04-14T22:00:00-07:00,1.08058,1.08238,1.08025,1.08189,
2022-04-15T02:00:00-07:00,1.08189,1.08197,1.0805,1.08131,
2022-04-15T06:00:00-07:00,1.08131,1.0814,1.08061,1.08064,
2022-04-15T10:00:00-07:00,1.08064,1.08165,1.08057,1.08108,
2022-04-17T14:00:00-07:00,1.08108,1.08217,1.07936,1.0801,
2022-04-17T18:00:00-07:00,1.0801,1.08119,1.07895,1.07927,
2022-04-17T22:00:00-07:00,1.07927,1.08037,1.07834,1.07919,
2022-04-18T02:00:00-07:00,1.07919,1.08145,1.07897,1.08051,
2022-04-18T06:00:00-07:00,1.08051,1.08109,1.077,1.07729,
2022-04-18T10:00:00-07:00,1.07729,1.07865,1.07715,1.07823,
2022-04-18T14:00:00-07:00,1.07823,1.07884,1.07732,1.07791,
2022-04-18T18:00:00-07:00,1.07791,1.07846,1.07613,1.07721,
2022-04-18T22:00:00-07:00,1.07721,1.08143,1.07667,1.08108,
2022-04-19T02:00:00-07:00,1.08108,1.08113,1.07849,1.07939,
2022-04-19T06:00:00-07:00,1.07939,1.08084,1.0782,1.07965,
2022-04-19T10:00:00-07:00,1.07965,1.08035,1.07824,1.07874,
2022-04-19T14:00:00-07:00,1.07874,1.07991,1.07855,1.07966,
2022-04-19T18:00:00-07:00,1.07966,1.08226,1.07842,1.08204,
2022-04-19T22:00:00-07:00,1.08204,1.08412,1.08059,1.08399,
2022-04-20T02:00:00-07:00,1.08399,1.0867,1.08208,1.08291,
2022-04-20T06:00:00-07:00,1.08291,1.08663,1.08222,1.08431,
2022-04-20T10:00:00-07:00,1.08431,1.08575,1.08399,1.08529,
2022-04-20T14:00:00-07:00,1.08529,1.08552,1.08312,1.08358,
2022-04-20T18:00:00-07:00,1.08358,1.08437,1.08237,1.08324,
2022-04-20T22:00:00-07:00,1.08324,1.09365,1.08317,1.09213,
2022-04-21T02:00:00-07:00,1.09213,1.09253,1.08747,1.08911,
2022-04-21T06:00:00-07:00,1.08911,1.08962,1.08331,1.08435,
2022-04-21T10:00:00-07:00,1.08435,1.08583,1.08307,1.08343,
2022-04-21T14:00:00-07:00,1.08343,1.0843,1.08321,1.08375,
2022-04-21T18:00:00-07:00,1.08375,1.08505,1.08311,1.08459,
2022-04-21T22:00:00-07:00,1.08459,1.08517,1.07905,1.07982,
2022-04-22T02:00:00-07:00,1.07982,1.08253,1.07924,1.08194,
2022-04-22T06:00:00-07:00,1.08194,1.08449,1.07708,1.07795,
2022-04-22T10:00:00-07:00,1.07795,1.08025,1.07785,1.07989,
2022-04-24T14:00:00-07:00,1.07989,1.08156,1.07962,1.08021,
2022-04-24T18:00:00-07:00,1.08021,1.08047,1.07725,1.07745,
2022-04-24T22:00:00-07:00,1.07745,1.07789,1.07069,1.0745,
2022-04-25T02:00:00-07:00,1.0745,1.07583,1.07199,1.07428,
2022-04-25T06:00:00-07:00,1.07428,1.07437,1.06968,1.07152,
2022-04-25T10:00:00-07:00,1.07152,1.0719,1.07047,1.07132,
2022-04-25T14:00:00-07:00,1.07132,1.07315,1.07071,1.07306,
2022-04-25T18:00:00-07:00,1.07306,1.07388,1.07207,1.07281,
2022-04-25T22:00:00-07:00,1.07281,1.07346,1.06732,1.06811,
2022-04-26T02:00:00-07:00,1.06811,1.06973,1.06694,1.0679,
2022-04-26T06:00:00-07:00,1.0679,1.06854,1.0642,1.06593,
2022-04-26T10:00:00-07:00,1.06593,1.06616,1.06359,1.06379,
2022-04-26T14:00:00-07:00,1.06379,1.06481,1.06351,1.06437,
2022-04-26T18:00:00-07:00,1.06437,1.06536,1.06339,1.06499,
2022-04-26T22:00:00-07:00,1.06499,1.06548,1.05855,1.05889,
2022-04-27T02:00:00-07:00,1.05889,1.0623,1.05454,1.05553,
2022-04-27T06:00:00-07:00,1.05553,1.05712,1.05145,1.0563,
2022-04-27T10:00:00-07:00,1.0563,1.05724,1.05536,1.05573,
2022-04-27T14:00:00-07:00,1.05573,1.05655,1.05306,1.05386,
2022-04-27T18:00:00-07:00,1.05386,1.05533,1.05089,1.05177,
2022-04-27T22:00:00-07:00,1.05177,1.0565,1.04813,1.0516,
2022-04-28T02:00:00-07:00,1.0516,1.05386,1.04713,1.04854,
2022-04-28T06:00:00-07:00,1.04854,1.05312,1.04817,1.05128,
2022-04-28T10:00:00-07:00,1.05128,1.05159,1.04973,1.04991,
2022-04-28T14:00:00-07:00,1.04991,1.05173,1.04912,1.05158,
2022-04-28T18:00:00-07:00,1.05158,1.05299,1.05053,1.05168,
2022-04-28T22:00:00-07:00,1.05168,1.05931,1.05166,1.05691,
2022-04-29T02:00:00-07:00,1.05691,1.05803,1.05098,1.05316,
2022-04-29T06:00:00-07:00,1.05316,1.05593,1.05186,1.05495,
2022-04-29T10:00:00-07:00,1.05495,1.05788,1.05421,1.05441,
2022-05-01T14:00:00-07:00,1.05437,1.05628,1.05267,1.05296,
2022-05-01T18:00:00-07:00,1.05296,1.05334,1.05171,1.05187,
2022-05-01T22:00:00-07:00,1.05187,1.05685,1.05103,1.05288,
2022-05-02T02:00:00-07:00,1.05288,1.05329,1.05086,1.05106,
2022-05-02T06:00:00-07:00,1.05106,1.05417,1.05023,1.05091,
2022-05-02T10:00:00-07:00,1.05091,1.05116,1.04905,1.05038,
2022-05-02T14:00:00-07:00,1.05038,1.0526,1.05035,1.05253,
2022-05-02T18:00:00-07:00,1.05253,1.05268,1.05019,1.05019,
2022-05-02T22:00:00-07:00,1.05019,1.05279,1.04945,1.05003,
2022-05-03T02:00:00-07:00,1.05003,1.05779,1.04925,1.05677,
2022-05-03T06:00:00-07:00,1.05677,1.05722,1.05116,1.05157,
2022-05-03T10:00:00-07:00,1.05157,1.05406,1.05127,1.05208,
2022-05-03T14:00:00-07:00,1.05208,1.05342,1.05196,1.05251,
2022-05-03T18:00:00-07:00,1.05251,1.05332,1.0514,1.05169,
2022-05-03T22:00:00-07:00,1.05169,1.05345,1.05062,1.05221,
2022-05-04T02:00:00-07:00,1.05221,1.05555,1.05148,1.05535,
2022-05-04T06:00:00-07:00,1.05535,1.05643,1.05247,1.05491,
2022-05-04T10:00:00-07:00,1.05491,1.06311,1.05106,1.06226,
2022-05-04T14:00:00-07:00,1.06226,1.06276,1.06038,1.06137,
2022-05-04T18:00:00-07:00,1.06137,1.06419,1.06098,1.06126,
2022-05-04T22:00:00-07:00,1.06126,1.06194,1.05819,1.06003,
2022-05-05T02:00:00-07:00,1.06003,1.06078,1.0546,1.05534,
2022-05-05T06:00:00-07:00,1.05534,1.05657,1.04927,1.05112,
2022-05-05T10:00:00-07:00,1.05112,1.0551,1.05023,1.05433,
2022-05-05T14:00:00-07:00,1.05433,1.05509,1.05337,1.05412,
2022-05-05T18:00:00-07:00,1.05412,1.05457,1.05161,1.05323,
2022-05-05T22:00:00-07:00,1.05323,1.0581,1.0483,1.05575,
2022-05-06T02:00:00-07:00,1.05575,1.05988,1.05478,1.0554,
2022-05-06T06:00:00-07:00,1.0554,1.05958,1.05539,1.05692,
2022-05-06T10:00:00-07:00,1.05692,1.05745,1.05363,1.05466,
2022-05-08T14:00:00-07:00,1.05466,1.05466,1.05183,1.05196,
2022-05-08T18:00:00-07:00,1.05196,1.05268,1.0503,1.05125,
2022-05-08T22:00:00-07:00,1.05125,1.05294,1.04954,1.05075,
2022-05-09T02:00:00-07:00,1.05075,1.05732,1.0505,1.05624,
2022-05-09T06:00:00-07:00,1.05624,1.05926,1.05173,1.05736,
2022-05-09T10:00:00-07:00,1.05736,1.05758,1.05508,1.05614,
2022-05-09T14:00:00-07:00,1.05614,1.05693,1.05528,1.0559,
2022-05-09T18:00:00-07:00,1.0559,1.0581,1.05553,1.0576,
2022-05-09T22:00:00-07:00,1.0576,1.05854,1.05512,1.05725,
2022-05-10T02:00:00-07:00,1.05725,1.05759,1.05356,1.05519,
2022-05-10T06:00:00-07:00,1.05519,1.05749,1.05255,1.0534,
2022-05-10T10:00:00-07:00,1.0534,1.05415,1.05268,1.05287,
2022-05-10T14:00:00-07:00,1.05287,1.05369,1.05272,1.05315,
2022-05-10T18:00:00-07:00,1.05315,1.05435,1.05257,1.05412,
2022-05-10T22:00:00-07:00,1.05412,1.05748,1.05372,1.0568,
2022-05-11T02:00:00-07:00,1.0568,1.05758,1.05018,1.05209,
2022-05-11T06:00:00-07:00,1.05209,1.05772,1.05181,1.05309,
2022-05-11T10:00:00-07:00,1.05309,1.05356,1.051,1.05125,
2022-05-11T14:00:00-07:00,1.05125,1.05289,1.05077,1.05242,
2022-05-11T18:00:00-07:00,1.05242,1.05294,1.05126,1.05179,
2022-05-11T22:00:00-07:00,1.05179,1.05209,1.04406,1.04409,
2022-05-12T02:00:00-07:00,1.04409,1.04462,1.03887,1.04152,
2022-05-12T06:00:00-07:00,1.04152,1.04258,1.03547,1.0358,
2022-05-12T10:00:00-07:00,1.0358,1.0383,1.03542,1.038,
2022-05-12T14:00:00-07:00,1.038,1.03843,1.03733,1.03808,
2022-05-12T18:00:00-07:00,1.03808,1.0398,1.03746,1.03972,
2022-05-12T22:00:00-07:00,1.03972,1.04196,1.03837,1.04082,
2022-05-13T02:00:00-07:00,1.04082,1.04089,1.0371,1.0378,
2022-05-13T06:00:00-07:00,1.0378,1.0416,1.03499,1.04088,
2022-05-13T10:00:00-07:00,1.04088,1.04159,1.03937,1.04121,
2022-05-15T14:00:00-07:00,1.04121,1.04143,1.03976,1.04102,
2022-05-15T18:00:00-07:00,1.04102,1.04173,1.03892,1.03996,
2022-05-15T22:00:00-07:00,1.03996,1.04344,1.03952,1.0433,
2022-05-16T02:00:00-07:00,1.0433,1.04383,1.04128,1.04235,
2022-05-16T06:00:00-07:00,1.04235,1.04333,1.03894,1.04251,
2022-05-16T10:00:00-07:00,1.04251,1.04431,1.04178,1.04339,
2022-05-16T14:00:00-07:00,1.04339,1.04539,1.04286,1.04472,
2022-05-16T18:00:00-07:00,1.04472,1.04503,1.0432,1.04409,
2022-05-16T22:00:00-07:00,1.04409,1.04922,1.04405,1.04902,
2022-05-17T02:00:00-07:00,1.04902,1.05556,1.04691,1.05431,
2022-05-17T06:00:00-07:00,1.05431,1.05509,1.05254,1.05433,
2022-05-17T10:00:00-07:00,1.05433,1.05548,1.05214,1.05497,
2022-05-17T14:00:00-07:00,1.05497,1.05637,1.05457,1.05553,
2022-05-17T18:00:00-07:00,1.05553,1.05572,1.05247,1.05294,
2022-05-17T22:00:00-07:00,1.05294,1.05406,1.04943,1.05077,
2022-05-18T02:00:00-07:00,1.05077,1.05292,1.05048,1.05217,
2022-05-18T06:00:00-07:00,1.05217,1.05419,1.04826,1.04874,
2022-05-18T10:00:00-07:00,1.04874,1.04885,1.04603,1.04635,
2022-05-18T14:00:00-07:00,1.04635,1.05004,1.04615,1.04884,
2022-05-18T18:00:00-07:00,1.04884,1.05069,1.04789,1.04963,
2022-05-18T22:00:00-07:00,1.04963,1.05089,1.04652,1.04965,
2022-05-19T02:00:00-07:00,1.04965,1.05451,1.04874,1.05379,
2022-05-19T06:00:00-07:00,1.05379,1.05987,1.05367,1.05935,
2022-05-19T10:00:00-07:00,1.05935,1.06072,1.05814,1.05882,
2022-05-19T14:00:00-07:00,1.05882,1.05885,1.05685,1.05765,
2022-05-19T18:00:00-07:00,1.05765,1.05815,1.05547,1.05739,
2022-05-19T22:00:00-07:00,1.05739,1.05934,1.05548,1.05775,
2022-05-20T02:00:00-07:00,1.05775,1.05986,1.05613,1.05644,
2022-05-20T06:00:00-07:00,1.05644,1.05712,1.05395,1.05488,
2022-05-20T10:00:00-07:00,1.05488,1.05675,1.0533,1.05636,
2022-05-22T14:00:00-07:00,1.05636,1.05905,1.05594,1.0583,
2022-05-22T18:00:00-07:00,1.0583,1.05949,1.05797,1.05908,
2022-05-22T22:00:00-07:00,1.05908,1.06491,1.05886,1.06461,
2022-05-23T02:00:00-07:00,1.06461,1.06875,1.06454,1.0649,
2022-05-23T06:00:00-07:00,1.0649,1.06912,1.06445,1.06773,
2022-05-23T10:00:00-07:00,1.06773,1.06974,1.06717,1.06908,
2022-05-23T14:00:00-07:00,1.06908,1.06943,1.06673,1.06694,
2022-05-23T18:00:00-07:00,1.06694,1.06751,1.06611,1.06635,
2022-05-23T22:00:00-07:00,1.06635,1.07363,1.06624,1.07047,
2022-05-24T02:00:00-07:00,1.07047,1.07279,1.06959,1.07075,
2022-05-24T06:00:00-07:00,1.07075,1.07486,1.07042,1.07309,
2022-05-24T10:00:00-07:00,1.07309,1.07387,1.07222,1.07351,
2022-05-24T14:00:00-07:00,1.07351,1.07392,1.07182,1.07232,
2022-05-24T18:00:00-07:00,1.07232,1.07236,1.07033,1.07056,
2022-05-24T22:00:00-07:00,1.07056,1.0709,1.06667,1.06701,
2022-05-25T02:00:00-07:00,1.06701,1.06793,1.06424,1.06509,
2022-05-25T06:00:00-07:00,1.06509,1.0687,1.06479,1.06548,
2022-05-25T10:00:00-07:00,1.06548,1.06947,1.0652,1.06797,
2022-05-25T14:00:00-07:00,1.06797,1.07065,1.06778,1.07044,
2022-05-25T18:00:00-07:00,1.07044,1.07058,1.06806,1.06825,
2022-05-25T22:00:00-07:00,1.06825,1.06959,1.06627,1.06826,
2022-05-26T02:00:00-07:00,1.06826,1.0723,1.06792,1.06986,
2022-05-26T06:00:00-07:00,1.06986,1.07295,1.06924,1.07057,
2022-05-26T10:00:00-07:00,1.07057,1.07317,1.07021,1.07266,
2022-05-26T14:00:00-07:00,1.07266,1.07403,1.07179,1.07401,
2022-05-26T18:00:00-07:00,1.07401,1.0765,1.07343,1.07548,
2022-05-26T22:00:00-07:00,1.07548,1.07571,1.07258,1.07303,
2022-05-27T02:00:00-07:00,1.07303,1.07315,1.06972,1.07155,
2022-05-27T06:00:00-07:00,1.07155,1.07503,1.07012,1.07103,
2022-05-27T10:00:00-07:00,1.07103,1.07366,1.07064,1.07338,
2022-05-29T14:00:00-07:00,1.07338,1.0737,1.07264,1.073,
2022-05-29T18:00:00-07:00,1.073,1.076,1.0727,1.07577,
2022-05-29T22:00:00-07:00,1.07577,1.077,1.07404,1.07632,
2022-05-30T02:00:00-07:00,1.07632,1.07806,1.07485,1.07528,
2022-05-30T06:00:00-07:00,1.07528,1.07865,1.07509,1.07864,
2022-05-30T10:00:00-07:00,1.07864,1.0787,1.07775,1.0779,
2022-05-30T14:00:00-07:00,1.0779,1.07796,1.07438,1.07457,
2022-05-30T18:00:00-07:00,1.07457,1.07579,1.07346,1.07449,
2022-05-30T22:00:00-07:00,1.07449,1.07553,1.07253,1.07275,
2022-05-31T02:00:00-07:00,1.07275,1.07386,1.06801,1.06818,
2022-05-31T06:00:00-07:00,1.06818,1.07381,1.06791,1.07313,
2022-05-31T10:00:00-07:00,1.07313,1.07468,1.07258,1.07343,
2022-05-31T14:00:00-07:00,1.07343,1.07378,1.07268,1.07281,
2022-05-31T18:00:00-07:00,1.07281,1.07286,1.07074,1.07143,
2022-05-31T22:00:00-07:00,1.07143,1.07393,1.07054,1.07181,
2022-06-01T02:00:00-07:00,1.07181,1.07286,1.07021,1.07261,
2022-06-01T06:00:00-07:00,1.07261,1.07308,1.06274,1.06393,
2022-06-01T10:00:00-07:00,1.06393,1.06607,1.06372,1.06493,
2022-06-01T14:00:00-07:00,1.06493,1.06597,1.06459,1.06566,
2022-06-01T18:00:00-07:00,1.06566,1.06585,1.0645,1.06575,
2022-06-01T22:00:00-07:00,1.06575,1.06951,1.06498,1.06842,
2022-06-02T02:00:00-07:00,1.06842,1.07162,1.06809,1.07032,
2022-06-02T06:00:00-07:00,1.07032,1.07449,1.06924,1.07443,
2022-06-02T10:00:00-07:00,1.07443,1.07503,1.07378,1.07472,
2022-06-02T14:00:00-07:00,1.07472,1.07627,1.07412,1.07594,
2022-06-02T18:00:00-07:00,1.07594,1.07642,1.07462,1.07462,
2022-06-02T22:00:00-07:00,1.07462,1.07626,1.07451,1.07535,
2022-06-03T02:00:00-07:00,1.07535,1.07558,1.07042,1.07162,
2022-06-03T06:00:00-07:00,1.07162,1.07522,1.07108,1.07289,
2022-06-03T10:00:00-07:00,1.07289,1.07294,1.0715,1.07186,
2022-06-05T14:00:00-07:00,1.07186,1.07319,1.07145,1.07166,
2022-06-05T18:00:00-07:00,1.07166,1.07281,1.07102,1.07277,
2022-06-05T22:00:00-07:00,1.07277,1.0752,1.07183,1.0751,
2022-06-06T02:00:00-07:00,1.0751,1.07514,1.07156,1.07229,
2022-06-06T06:00:00-07:00,1.07229,1.07241,1.0684,1.07009,
2022-06-06T10:00:00-07:00,1.07009,1.0703,1.06854,1.06963,
2022-06-06T14:00:00-07:00,1.06963,1.0701,1.06803,1.06844,
2022-06-06T18:00:00-07:00,1.06844,1.07,1.06707,1.06829,
2022-06-06T22:00:00-07:00,1.06829,1.07048,1.06654,1.06795,
2022-06-07T02:00:00-07:00,1.06795,1.06918,1.06541,1.06556,
2022-06-07T06:00:00-07:00,1.06556,1.07099,1.06521,1.07013,
2022-06-07T10:00:00-07:00,1.07013,1.07144,1.06932,1.07042,
2022-06-07T14:00:00-07:00,1.07042,1.07087,1.06914,1.06933,
2022-06-07T18:00:00-07:00,1.06933,1.06958,1.06786,1.06789,
2022-06-07T22:00:00-07:00,1.06789,1.06951,1.06757,1.06792,
2022-06-08T02:00:00-07:00,1.06792,1.0741,1.06715,1.07318,
2022-06-08T06:00:00-07:00,1.07318,1.07485,1.0725,1.07286,
2022-06-08T10:00:00-07:00,1.07286,1.07286,1.07128,1.07165,
2022-06-08T14:00:00-07:00,1.07165,1.0721,1.07095,1.07124,
2022-06-08T18:00:00-07:00,1.07124,1.07338,1.07098,1.07267,
2022-06-08T22:00:00-07:00,1.07267,1.07295,1.06939,1.07155,
2022-06-09T02:00:00-07:00,1.07155,1.0774,1.06886,1.07343,
2022-06-09T06:00:00-07:00,1.07343,1.0743,1.06452,1.06525,
2022-06-09T10:00:00-07:00,1.06525,1.0655,1.06112,1.06166,
2022-06-09T14:00:00-07:00,1.06166,1.06243,1.06112,1.06239,
2022-06-09T18:00:00-07:00,1.06239,1.06356,1.06175,1.06309,
2022-06-09T22:00:00-07:00,1.06309,1.06424,1.06078,1.06147,
2022-06-10T02:00:00-07:00,1.06147,1.06178,1.05211,1.05225,
2022-06-10T06:00:00-07:00,1.05225,1.05443,1.05059,1.05167,
2022-06-10T10:00:00-07:00,1.05167,1.05335,1.05137,1.05176,
2022-06-12T14:00:00-07:00,1.05176,1.05202,1.04807,1.04852,
2022-06-12T18:00:00-07:00,1.04852,1.04942,1.04758,1.04912,
2022-06-12T22:00:00-07:00,1.04912,1.04956,1.04563,1.04753,
2022-06-13T02:00:00-07:00,1.04753,1.04817,1.04453,1.04657,
2022-06-13T06:00:00-07:00,1.04657,1.04687,1.04182,1.04372,
2022-06-13T10:00:00-07:00,1.04372,1.04583,1.03999,1.04097,
2022-06-13T14:00:00-07:00,1.04097,1.04242,1.0404,1.04229,
2022-06-13T18:00:00-07:00,1.04229,1.04361,1.03972,1.04246,
2022-06-13T22:00:00-07:00,1.04246,1.04849,1.0418,1.04658,
2022-06-14T02:00:00-07:00,1.04658,1.04685,1.04255,1.04491,
2022-06-14T06:00:00-07:00,1.04491,1.04599,1.04069,1.04204,
2022-06-14T10:00:00-07:00,1.04204,1.04434,1.03999,1.04158,
2022-06-14T14:00:00-07:00,1.04158,1.04407,1.04107,1.0435,
2022-06-14T18:00:00-07:00,1.0435,1.04515,1.04246,1.04268,
2022-06-14T22:00:00-07:00,1.04268,1.05078,1.04244,1.04939,
2022-06-15T02:00:00-07:00,1.04939,1.04979,1.04042,1.04149,
2022-06-15T06:00:00-07:00,1.04149,1.04322,1.03801,1.03818,
2022-06-15T10:00:00-07:00,1.03818,1.04697,1.03593,1.04443,
2022-06-15T14:00:00-07:00,1.04443,1.04695,1.04392,1.04529,
2022-06-15T18:00:00-07:00,1.04529,1.04588,1.04312,1.04386,
2022-06-15T22:00:00-07:00,1.04386,1.04441,1.0381,1.04096,
2022-06-16T02:00:00-07:00,1.04096,1.04368,1.03838,1.04284,
2022-06-16T06:00:00-07:00,1.04284,1.05729,1.04279,1.05601,
2022-06-16T10:00:00-07:00,1.05601,1.06016,1.0546,1.0549,
2022-06-16T14:00:00-07:00,1.0549,1.0561,1.05355,1.05408,
2022-06-16T18:00:00-07:00,1.05408,1.05428,1.05177,1.05277,
2022-06-16T22:00:00-07:00,1.05277,1.05308,1.04941,1.05199,
2022-06-17T02:00:00-07:00,1.05199,1.05359,1.04758,1.04948,
2022-06-17T06:00:00-07:00,1.04948,1.05002,1.04447,1.04676,
2022-06-17T10:00:00-07:00,1.04676,1.05028,1.04667,1.04984,
2022-06-19T14:00:00-07:00,1.04984,1.04984,1.0475,1.04936,
2022-06-19T18:00:00-07:00,1.04936,1.05307,1.04912,1.05231,
2022-06-19T22:00:00-07:00,1.05231,1.05429,1.05102,1.05246,
2022-06-20T02:00:00-07:00,1.05246,1.0546,1.0515,1.05173,
2022-06-20T06:00:00-07:00,1.05173,1.05419,1.05075,1.05233,
2022-06-20T10:00:00-07:00,1.05233,1.05233,1.04982,1.05111,
2022-06-20T14:00:00-07:00,1.05111,1.05332,1.05082,1.05328,
2022-06-20T18:00:00-07:00,1.05328,1.05425,1.05209,1.05224,
2022-06-20T22:00:00-07:00,1.05224,1.05793,1.05132,1.05784,
2022-06-21T02:00:00-07:00,1.05784,1.05827,1.05444,1.05519,
2022-06-21T06:00:00-07:00,1.05519,1.05668,1.05281,1.05342,
2022-06-21T10:00:00-07:00,1.05342,1.05406,1.05187,1.05323,
2022-06-21T14:00:00-07:00,1.05323,1.054,1.05105,1.05127,
2022-06-21T18:00:00-07:00,1.05127,1.05156,1.04937,1.04966,
2022-06-21T22:00:00-07:00,1.04966,1.05142,1.04691,1.05078,
2022-06-22T02:00:00-07:00,1.05078,1.05355,1.05047,1.05309,
2022-06-22T06:00:00-07:00,1.05309,1.06058,1.05308,1.05751,
2022-06-22T10:00:00-07:00,1.05751,1.05845,1.05635,1.05662,
2022-06-22T14:00:00-07:00,1.05662,1.05753,1.05612,1.05743,
2022-06-22T18:00:00-07:00,1.05743,1.05811,1.05559,1.05674,
2022-06-22T22:00:00-07:00,1.05674,1.05794,1.04828,1.04937,
2022-06-23T02:00:00-07:00,1.04937,1.05219,1.04904,1.05043,
2022-06-23T06:00:00-07:00,1.05043,1.05541,1.04943,1.05085,
2022-06-23T10:00:00-07:00,1.05085,1.05336,1.05047,1.05235,
2022-06-23T14:00:00-07:00,1.05235,1.05284,1.05123,1.05168,
2022-06-23T18:00:00-07:00,1.05168,1.05434,1.05137,1.054,
2022-06-23T22:00:00-07:00,1.054,1.05467,1.05193,1.05443,
2022-06-24T02:00:00-07:00,1.05443,1.05549,1.05142,1.05232,
2022-06-24T06:00:00-07:00,1.05232,1.05713,1.05158,1.05468,
2022-06-24T10:00:00-07:00,1.05468,1.05595,1.05346,1.05549,
2022-06-26T14:00:00-07:00,1.05549,1.05749,1.05506,1.05559,
2022-06-26T18:00:00-07:00,1.05559,1.05668,1.05504,1.0565,
2022-06-26T22:00:00-07:00,1.0565,1.05913,1.05543,1.0584,
2022-06-27T02:00:00-07:00,1.0584,1.0589,1.05536,1.05683,
2022-06-27T06:00:00-07:00,1.05683,1.0615,1.05683,1.05976,
2022-06-27T10:00:00-07:00,1.05976,1.05992,1.05782,1.05831,
2022-06-27T14:00:00-07:00,1.05831,1.05873,1.05707,1.05763,
2022-06-27T18:00:00-07:00,1.05763,1.05867,1.05716,1.05756,
2022-06-27T22:00:00-07:00,1.05756,1.06062,1.05706,1.05921,
2022-06-28T02:00:00-07:00,1.05921,1.0597,1.05329,1.05378,
2022-06-28T06:00:00-07:00,1.05378,1.0542,1.05035,1.05233,
2022-06-28T10:00:00-07:00,1.05233,1.05346,1.0517,1.05193,
2022-06-28T14:00:00-07:00,1.05193,1.05313,1.05174,1.05212,
2022-06-28T18:00:00-07:00,1.05212,1.05357,1.05011,1.05044,
2022-06-28T22:00:00-07:00,1.05044,1.05204,1.0486,1.05104,
2022-06-29T02:00:00-07:00,1.05104,1.05352,1.05048,1.05211,
2022-06-29T06:00:00-07:00,1.05211,1.05264,1.04444,1.04456,
2022-06-29T10:00:00-07:00,1.04456,1.04538,1.04353,1.04413,
2022-06-29T14:00:00-07:00,1.04413,1.0447,1.04372,1.04423,
2022-06-29T18:00:00-07:00,1.04423,1.04574,1.0433,1.04535,
2022-06-29T22:00:00-07:00,1.04535,1.04687,1.043,1.04414,
2022-06-30T02:00:00-07:00,1.04414,1.04429,1.03826,1.03979,
2022-06-30T06:00:00-07:00,1.03979,1.04853,1.03978,1.04827,
2022-06-30T10:00:00-07:00,1.04827,1.04889,1.04677,1.0484,
2022-06-30T14:00:00-07:00,1.0484,1.04858,1.04668,1.04715,
2022-06-30T18:00:00-07:00,1.04715,1.04739,1.04474,1.04541,
2022-06-30T22:00:00-07:00,1.04541,1.04706,1.04329,1.04589,
2022-07-01T02:00:00-07:00,1.04589,1.04742,1.04066,1.04067,
2022-07-01T06:00:00-07:00,1.04067,1.04199,1.03658,1.04016,
2022-07-01T10:00:00-07:00,1.04016,1.04331,1.03934,1.04281,
2022-07-03T14:00:00-07:00,1.04281,1.04444,1.04174,1.0434,
2022-07-03T18:00:00-07:00,1.0434,1.04398,1.04249,1.04277,
2022-07-03T22:00:00-07:00,1.04277,1.0439,1.04208,1.04376,
2022-07-04T02:00:00-07:00,1.04376,1.04628,1.04352,1.04511,
2022-07-04T06:00:00-07:00,1.04511,1.04576,1.04171,1.04236,
2022-07-04T10:00:00-07:00,1.04236,1.04254,1.04184,1.04222,
2022-07-04T14:00:00-07:00,1.04222,1.04364,1.04193,1.04338,
2022-07-04T18:00:00-07:00,1.04338,1.04384,1.04234,1.04379,
2022-07-04T22:00:00-07:00,1.04379,1.04488,1.03059,1.03071,
2022-07-05T02:00:00-07:00,1.03071,1.03248,1.02804,1.02919,
2022-07-05T06:00:00-07:00,1.02919,1.02938,1.02352,1.0245,
2022-07-05T10:00:00-07:00,1.0245,1.02712,1.02398,1.02659,
2022-07-05T14:00:00-07:00,1.02659,1.02719,1.02539,1.02663,
2022-07-05T18:00:00-07:00,1.02663,1.02715,1.02396,1.02472,
2022-07-05T22:00:00-07:00,1.02472,1.02766,1.02265,1.02446,
2022-07-06T02:00:00-07:00,1.02446,1.02447,1.01662,1.01872,
2022-07-06T06:00:00-07:00,1.01872,1.02014,1.01619,1.01733,
2022-07-06T10:00:00-07:00,1.01733,1.01987,1.01722,1.01817,
2022-07-06T14:00:00-07:00,1.01817,1.01892,1.01763,1.01872,
2022-07-06T18:00:00-07:00,1.01872,1.02098,1.01806,1.02017,
2022-07-06T22:00:00-07:00,1.02017,1.02212,1.01821,1.01979,
2022-07-07T02:00:00-07:00,1.01979,1.02176,1.01696,1.01705,
2022-07-07T06:00:00-07:00,1.01705,1.01936,1.0151,1.01552,
2022-07-07T10:00:00-07:00,1.01552,1.01682,1.01442,1.01595,
2022-07-07T14:00:00-07:00,1.01595,1.01872,1.01595,1.0187,
2022-07-07T18:00:00-07:00,1.0187,1.01915,1.01397,1.01546,
2022-07-07T22:00:00-07:00,1.01546,1.01702,1.0072,1.01137,
2022-07-08T02:00:00-07:00,1.01137,1.01688,1.01054,1.01428,
2022-07-08T06:00:00-07:00,1.01428,1.01899,1.01346,1.01675,
2022-07-08T10:00:00-07:00,1.01675,1.01874,1.01637,1.01869,
2022-07-10T14:00:00-07:00,1.01869,1.01869,1.01534,1.01546,
2022-07-10T18:00:00-07:00,1.01546,1.01564,1.01351,1.01513,
2022-07-10T22:00:00-07:00,1.01513,1.01522,1.01058,1.01186,
2022-07-11T02:00:00-07:00,1.01186,1.01255,1.00749,1.00812,
2022-07-11T06:00:00-07:00,1.00812,1.00929,1.00525,1.00641,
2022-07-11T10:00:00-07:00,1.00641,1.00733,1.00339,1.00406,
2022-07-11T14:00:00-07:00,1.00406,1.00553,1.00349,1.00402,
2022-07-11T18:00:00-07:00,1.00402,1.00418,1.00061,1.00153,
2022-07-11T22:00:00-07:00,1.00153,1.00391,1.00019,1.00106,
2022-07-12T02:00:00-07:00,1.00106,1.0069,1.00001,1.00533,
2022-07-12T06:00:00-07:00,1.00533,1.00739,1.00334,1.00621,
2022-07-12T10:00:00-07:00,1.00621,1.00644,1.00319,1.00375,
2022-07-12T14:00:00-07:00,1.00375,1.00425,1.00252,1.00304,
2022-07-12T18:00:00-07:00,1.00304,1.00472,1.00229,1.00357,
2022-07-12T22:00:00-07:00,1.00357,1.00528,1.00064,1.00368,
2022-07-13T02:00:00-07:00,1.00368,1.0102,0.99984,1.00208,
2022-07-13T06:00:00-07:00,1.00208,1.0122,1.00089,1.00824,
2022-07-13T10:00:00-07:00,1.00824,1.00875,1.0054,1.00571,
2022-07-13T14:00:00-07:00,1.00571,1.00627,1.00211,1.00219,
2022-07-13T18:00:00-07:00,1.00219,1.00404,1.00136,1.0023,
2022-07-13T22:00:00-07:00,1.0023,1.00464,1.00054,1.00203,
2022-07-14T02:00:00-07:00,1.00203,1.00506,1.00021,1.00023,
2022-07-14T06:00:00-07:00,1.00023,1.00478,0.99524,0.99908,
2022-07-14T10:00:00-07:00,0.99908,1.00378,0.99908,1.00181,
2022-07-14T14:00:00-07:00,1.00181,1.00278,1.00114,1.00194,
2022-07-14T18:00:00-07:00,1.00194,1.00413,1.00178,1.00306,
2022-07-14T22:00:00-07:00,1.00306,1.00355,1.0007,1.00311,
2022-07-15T02:00:00-07:00,1.00311,1.00766,1.00285,1.00723,
2022-07-15T06:00:00-07:00,1.00723,1.00979,1.00411,1.00812,
2022-07-15T10:00:00-07:00,1.00812,1.00936,1.00726,1.00866,
2022-07-17T14:00:00-07:00,1.00866,1.00988,1.00788,1.00919,
2022-07-17T18:00:00-07:00,1.00919,1.01144,1.00871,1.00915,
2022-07-17T22:00:00-07:00,1.00915,1.01492,1.00814,1.01305,
2022-07-18T02:00:00-07:00,1.01305,1.01753,1.01196,1.01366,
2022-07-18T06:00:00-07:00,1.01366,1.02012,1.01243,1.01674,
2022-07-18T10:00:00-07:00,1.01674,1.01775,1.01411,1.0143,
2022-07-18T14:00:00-07:00,1.0143,1.01486,1.01288,1.0129,
2022-07-18T18:00:00-07:00,1.0129,1.01435,1.01197,1.01282,
2022-07-18T22:00:00-07:00,1.01282,1.02535,1.01273,1.02441,
2022-07-19T02:00:00-07:00,1.02441,1.02692,1.02202,1.02294,
2022-07-19T06:00:00-07:00,1.02294,1.02647,1.02286,1.02406,
2022-07-19T10:00:00-07:00,1.02406,1.02441,1.02213,1.02276,
2022-07-19T14:00:00-07:00,1.02276,1.02487,1.02259,1.02461,
2022-07-19T18:00:00-07:00,1.02461,1.02483,1.02313,1.02438,
2022-07-19T22:00:00-07:00,1.02438,1.02732,1.02193,1.02317,
2022-07-20T02:00:00-07:00,1.02317,1.0253,1.01733,1.02111,
2022-07-20T06:00:00-07:00,1.02111,1.0238,1.01832,1.01908,
2022-07-20T10:00:00-07:00,1.01908,1.01932,1.01557,1.01798,
2022-07-20T14:00:00-07:00,1.01798,1.01937,1.01757,1.01873,
2022-07-20T18:00:00-07:00,1.01873,1.02253,1.01817,1.02232,
2022-07-20T22:00:00-07:00,1.02232,1.02306,1.01709,1.01913,
2022-07-21T02:00:00-07:00,1.01913,1.02781,1.01658,1.0265,
2022-07-21T06:00:00-07:00,1.0265,1.02753,1.01537,1.01814,
2022-07-21T10:00:00-07:00,1.01814,1.02333,1.0176,1.02312,
2022-07-21T14:00:00-07:00,1.02312,1.02325,1.02036,1.02047,
2022-07-21T18:00:00-07:00,1.02047,1.02083,1.01805,1.0181,
2022-07-21T22:00:00-07:00,1.0181,1.02135,1.01299,1.01533,
2022-07-22T02:00:00-07:00,1.01533,1.01972,1.01434,1.01874,
2022-07-22T06:00:00-07:00,1.01874,1.02553,1.01798,1.02323,
2022-07-22T10:00:00-07:00,1.02323,1.02377,1.01902,1.02138,
2022-07-24T14:00:00-07:00,1.02138,1.02188,1.01823,1.01825,
2022-07-24T18:00:00-07:00,1.01825,1.02132,1.01811,1.02075,
2022-07-24T22:00:00-07:00,1.02075,1.02285,1.01788,1.02221,
2022-07-25T02:00:00-07:00,1.02221,1.0258,1.02145,1.02456,
2022-07-25T06:00:00-07:00,1.02456,1.02546,1.02034,1.02213,
2022-07-25T10:00:00-07:00,1.02213,1.0229,1.02138,1.02203,
2022-07-25T14:00:00-07:00,1.02203,1.02329,1.02164,1.02302,
2022-07-25T18:00:00-07:00,1.02302,1.02503,1.02234,1.02257,
2022-07-25T22:00:00-07:00,1.02257,1.02362,1.02024,1.02079,
2022-07-26T02:00:00-07:00,1.02079,1.02082,1.01163,1.01485,
2022-07-26T06:00:00-07:00,1.01485,1.01529,1.01078,1.01272,
2022-07-26T10:00:00-07:00,1.01272,1.01329,1.01142,1.0117,
2022-07-26T14:00:00-07:00,1.0117,1.01443,1.01161,1.01405,
2022-07-26T18:00:00-07:00,1.01405,1.01522,1.01373,1.01509,
2022-07-26T22:00:00-07:00,1.01509,1.01586,1.0128,1.01416,
2022-07-27T02:00:00-07:00,1.01416,1.01719,1.01384,1.01429,
2022-07-27T06:00:00-07:00,1.01429,1.01523,1.00968,1.01111,
2022-07-27T10:00:00-07:00,1.01111,1.02209,1.01073,1.01982,
2022-07-27T14:00:00-07:00,1.01982,1.02123,1.01807,1.01862,
2022-07-27T18:00:00-07:00,1.01862,1.02231,1.01838,1.02022,
2022-07-27T22:00:00-07:00,1.02022,1.02345,1.01854,1.02178,
2022-07-28T02:00:00-07:00,1.02178,1.02178,1.01142,1.01638,
2022-07-28T06:00:00-07:00,1.01638,1.01736,1.01263,1.0158,
2022-07-28T10:00:00-07:00,1.0158,1.01999,1.01554,1.01974,
2022-07-28T14:00:00-07:00,1.01974,1.02031,1.01891,1.01982,
2022-07-28T18:00:00-07:00,1.01982,1.02249,1.01913,1.02093,
2022-07-28T22:00:00-07:00,1.02093,1.02544,1.02033,1.02217,
2022-07-29T02:00:00-07:00,1.02217,1.02456,1.01744,1.0177,
2022-07-29T06:00:00-07:00,1.0177,1.02131,1.01462,1.0197,
2022-07-29T10:00:00-07:00,1.0197,1.02273,1.01936,1.02239,
2022-07-31T14:00:00-07:00,1.02239,1.02262,1.02055,1.02204,
2022-07-31T18:00:00-07:00,1.02204,1.02415,1.02157,1.02241,
2022-07-31T22:00:00-07:00,1.02241,1.02678,1.02135,1.0256,
2022-08-01T02:00:00-07:00,1.0256,1.027,1.02251,1.02362,
2022-08-01T06:00:00-07:00,1.02362,1.02753,1.02268,1.02743,
2022-08-01T10:00:00-07:00,1.02743,1.02744,1.02455,1.02624,
2022-08-01T14:00:00-07:00,1.02624,1.02939,1.02563,1.02868,
2022-08-01T18:00:00-07:00,1.02868,1.02869,1.02613,1.02713,
2022-08-01T22:00:00-07:00,1.02713,1.02767,1.02152,1.02408,
2022-08-02T02:00:00-07:00,1.02408,1.02455,1.0207,1.0212,
2022-08-02T06:00:00-07:00,1.0212,1.0236,1.01811,1.01951,
2022-08-02T10:00:00-07:00,1.01951,1.01961,1.01637,1.01664,
2022-08-02T14:00:00-07:00,1.01664,1.0173,1.01501,1.01583,
2022-08-02T18:00:00-07:00,1.01583,1.01936,1.01569,1.0186,
2022-08-02T22:00:00-07:00,1.0186,1.01915,1.01542,1.01879,
2022-08-03T02:00:00-07:00,1.01879,1.021,1.0179,1.0186,
2022-08-03T06:00:00-07:00,1.0186,1.01875,1.01227,1.01502,
2022-08-03T10:00:00-07:00,1.01502,1.01736,1.01485,1.01665,
2022-08-03T14:00:00-07:00,1.01665,1.01716,1.01543,1.01653,
2022-08-03T18:00:00-07:00,1.01653,1.01763,1.01604,1.01642,
2022-08-03T22:00:00-07:00,1.01642,1.01943,1.01568,1.01916,
2022-08-04T02:00:00-07:00,1.01916,1.0198,1.01604,1.01882,
2022-08-04T06:00:00-07:00,1.01882,1.02395,1.01735,1.02367,
2022-08-04T10:00:00-07:00,1.02367,1.02537,1.02307,1.02454,
2022-08-04T14:00:00-07:00,1.02454,1.02522,1.02316,1.02325,
2022-08-04T18:00:00-07:00,1.02325,1.02398,1.02296,1.02353,
2022-08-04T22:00:00-07:00,1.02353,1.02394,1.02184,1.02238,
2022-08-05T02:00:00-07:00,1.02238,1.02386,1.0154,1.01577,
2022-08-05T06:00:00-07:00,1.01577,1.01875,1.01418,1.01831,
2022-08-05T10:00:00-07:00,1.01831,1.01929,1.01723,1.01837,
2022-08-07T14:00:00-07:00,1.01837,1.01837,1.01594,1.01666,
2022-08-07T18:00:00-07:00,1.01666,1.01861,1.01645,1.01858,
2022-08-07T22:00:00-07:00,1.01858,1.0215,1.01713,1.01921,
2022-08-08T02:00:00-07:00,1.01921,1.02025,1.01729,1.01987,
2022-08-08T06:00:00-07:00,1.01987,1.02219,1.01911,1.01963,
2022-08-08T10:00:00-07:00,1.01963,1.02055,1.01855,1.01967,
2022-08-08T14:00:00-07:00,1.01967,1.02011,1.0189,1.01917,
2022-08-08T18:00:00-07:00,1.01917,1.01977,1.01887,1.01942,
2022-08-08T22:00:00-07:00,1.01942,1.02449,1.01929,1.02396,
2022-08-09T02:00:00-07:00,1.02396,1.02474,1.0215,1.02376,
2022-08-09T06:00:00-07:00,1.02376,1.02443,1.02147,1.02184,
2022-08-09T10:00:00-07:00,1.02184,1.02203,1.02027,1.02133,
2022-08-09T14:00:00-07:00,1.02133,1.02154,1.0203,1.02078,
2022-08-09T18:00:00-07:00,1.02078,1.02193,1.02056,1.02132,
2022-08-09T22:00:00-07:00,1.02132,1.02258,1.02021,1.02223,
2022-08-10T02:00:00-07:00,1.02223,1.03459,1.02172,1.03244,
2022-08-10T06:00:00-07:00,1.03244,1.03685,1.03056,1.0325,
2022-08-10T10:00:00-07:00,1.0325,1.03283,1.02947,1.02996,
2022-08-10T14:00:00-07:00,1.02996,1.03049,1.02936,1.02983,
2022-08-10T18:00:00-07:00,1.02983,1.02983,1.02816,1.02834,
2022-08-10T22:00:00-07:00,1.02834,1.03414,1.02756,1.03412,
2022-08-11T02:00:00-07:00,1.03412,1.03519,1.03222,1.03471,
2022-08-11T06:00:00-07:00,1.03471,1.03644,1.03238,1.03302,
2022-08-11T10:00:00-07:00,1.03302,1.03326,1.03096,1.03217,
2022-08-11T14:00:00-07:00,1.03217,1.03276,1.03068,1.03131,
2022-08-11T18:00:00-07:00,1.03131,1.03218,1.03051,1.03177,
2022-08-11T22:00:00-07:00,1.03177,1.03244,1.02882,1.03023,
2022-08-12T02:00:00-07:00,1.03023,1.03084,1.02691,1.02706,
2022-08-12T06:00:00-07:00,1.02706,1.02843,1.02384,1.02567,
2022-08-12T10:00:00-07:00,1.02567,1.02681,1.0255,1.026,
2022-08-14T14:00:00-07:00,1.026,1.02672,1.02536,1.02662,
2022-08-14T18:00:00-07:00,1.02662,1.02685,1.024,1.02506,
2022-08-14T22:00:00-07:00,1.02506,1.02525,1.02001,1.02071,
2022-08-15T02:00:00-07:00,1.02071,1.02146,1.0186,1.02007,
2022-08-15T06:00:00-07:00,1.02007,1.02231,1.01716,1.01759,
2022-08-15T10:00:00-07:00,1.01759,1.01783,1.01547,1.01604,
2022-08-15T14:00:00-07:00,1.01604,1.01673,1.01477,1.01539,
2022-08-15T18:00:00-07:00,1.01539,1.01699,1.01492,1.0159,
2022-08-15T22:00:00-07:00,1.0159,1.01689,1.01342,1.01391,
2022-08-16T02:00:00-07:00,1.01391,1.01465,1.01228,1.01438,
2022-08-16T06:00:00-07:00,1.01438,1.01949,1.01432,1.01659,
2022-08-16T10:00:00-07:00,1.01659,1.01808,1.01621,1.0171,
2022-08-16T14:00:00-07:00,1.0171,1.0175,1.01634,1.01707,
2022-08-16T18:00:00-07:00,1.01707,1.0184,1.01668,1.01818,
2022-08-16T22:00:00-07:00,1.01818,1.01865,1.01495,1.01742,
2022-08-17T02:00:00-07:00,1.01742,1.0184,1.01456,1.01585,
2022-08-17T06:00:00-07:00,1.01585,1.01984,1.01533,1.01651,
2022-08-17T10:00:00-07:00,1.01651,1.02031,1.0163,1.0181,
2022-08-17T14:00:00-07:00,1.0181,1.01932,1.01729,1.01882,
2022-08-17T18:00:00-07:00,1.01882,1.01917,1.01631,1.01672,
2022-08-17T22:00:00-07:00,1.01672,1.01785,1.01461,1.01674,
2022-08-18T02:00:00-07:00,1.01674,1.01883,1.01581,1.01702,
2022-08-18T06:00:00-07:00,1.01702,1.01722,1.00891,1.00905,
2022-08-18T10:00:00-07:00,1.00905,1.00992,1.008,1.00884,
2022-08-18T14:00:00-07:00,1.00884,1.00924,1.00742,1.00794,
2022-08-18T18:00:00-07:00,1.00794,1.00869,1.007,1.00762,
2022-08-18T22:00:00-07:00,1.00762,1.00957,1.00741,1.00888,
2022-08-19T02:00:00-07:00,1.00888,1.00893,1.00457,1.00655,
2022-08-19T06:00:00-07:00,1.00655,1.00685,1.00327,1.0036,
2022-08-19T10:00:00-07:00,1.0036,1.0046,1.00321,1.00374,
2022-08-21T14:00:00-07:00,1.00374,1.00429,1.00251,1.00259,
2022-08-21T18:00:00-07:00,1.00259,1.00467,1.00237,1.00381,
2022-08-21T22:00:00-07:00,1.00381,1.00397,0.99893,1.00139,
2022-08-22T02:00:00-07:00,1.00139,1.00183,0.99955,1.00063,
2022-08-22T06:00:00-07:00,1.00063,1.00076,0.99278,0.99321,
2022-08-22T10:00:00-07:00,0.99321,0.99463,0.99263,0.99433,
2022-08-22T14:00:00-07:00,0.99433,0.99503,0.99303,0.994,
2022-08-22T18:00:00-07:00,0.994,0.99493,0.99347,0.99349,
2022-08-22T22:00:00-07:00,0.99349,0.99497,0.99006,0.99323,
2022-08-23T02:00:00-07:00,0.99323,0.99402,0.9913,0.99237,
2022-08-23T06:00:00-07:00,0.99237,1.00181,0.99207,0.99793,
2022-08-23T10:00:00-07:00,0.99793,0.99804,0.99596,0.99697,
2022-08-23T14:00:00-07:00,0.99697,0.99735,0.99524,0.99529,
2022-08-23T18:00:00-07:00,0.99529,0.99608,0.9943,0.99575,
2022-08-23T22:00:00-07:00,0.99575,0.99621,0.99351,0.99463,
2022-08-24T02:00:00-07:00,0.99463,0.99584,0.99148,0.99285,
2022-08-24T06:00:00-07:00,0.99285,0.99991,0.99102,0.99534,
2022-08-24T10:00:00-07:00,0.99534,0.99759,0.99517,0.99669,
2022-08-24T14:00:00-07:00,0.99669,0.99878,0.99632,0.99827,
2022-08-24T18:00:00-07:00,0.99827,1.0008,0.99764,0.99991,
2022-08-24T22:00:00-07:00,0.99991,1.00334,0.99875,1.00073,
2022-08-25T02:00:00-07:00,1.00073,1.00113,0.99636,0.99695,
2022-08-25T06:00:00-07:00,0.99695,1.00008,0.99493,0.99608,
2022-08-25T10:00:00-07:00,0.99608,0.99791,0.99587,0.99751,
2022-08-25T14:00:00-07:00,0.99751,0.99773,0.99628,0.99656,
2022-08-25T18:00:00-07:00,0.99656,0.99748,0.99622,0.99627,
2022-08-25T22:00:00-07:00,0.99627,0.99913,0.99467,0.99891,
2022-08-26T02:00:00-07:00,0.99891,1.0033,0.99859,1.00327,
2022-08-26T06:00:00-07:00,1.00327,1.00897,0.99754,0.998,
2022-08-26T10:00:00-07:00,0.998,0.99832,0.99568,0.99629,
2022-08-28T14:00:00-07:00,0.99629,0.99676,0.99289,0.99303,
2022-08-28T18:00:00-07:00,0.99303,0.99378,0.99148,0.99166,
2022-08-28T22:00:00-07:00,0.99166,0.99508,0.99144,0.99385,
2022-08-29T02:00:00-07:00,0.99385,1.00293,0.99381,1.00087,
2022-08-29T06:00:00-07:00,1.00087,1.00272,0.99814,1.00147,
2022-08-29T10:00:00-07:00,1.00147,1.00227,0.99899,0.99985,
2022-08-29T14:00:00-07:00,0.99985,1.00134,0.99922,1.00059,
2022-08-29T18:00:00-07:00,1.00059,1.00106,0.9982,0.99999,
2022-08-29T22:00:00-07:00,0.99999,1.00343,0.99824,1.00251,
2022-08-30T02:00:00-07:00,1.00251,1.00549,1.00085,1.00115,
2022-08-30T06:00:00-07:00,1.00115,1.00414,0.99828,1.00238,
2022-08-30T10:00:00-07:00,1.00238,1.00314,1.00102,1.00142,
2022-08-30T14:00:00-07:00,1.00142,1.00347,1.00142,1.00277,
2022-08-30T18:00:00-07:00,1.00277,1.00448,1.00168,1.00404,
2022-08-30T22:00:00-07:00,1.00404,1.0046,0.99745,0.99798,
2022-08-31T02:00:00-07:00,0.99798,1.00181,0.99714,1.00083,
2022-08-31T06:00:00-07:00,1.00083,1.00791,0.99953,1.00534,
2022-08-31T10:00:00-07:00,1.00534,1.00574,1.00356,1.00539,
2022-08-31T14:00:00-07:00,1.00539,1.00589,1.00202,1.00234,
2022-08-31T18:00:00-07:00,1.00234,1.0032,1.00092,1.00144,
2022-08-31T22:00:00-07:00,1.00144,1.00487,1.00079,1.00372,
2022-09-01T02:00:00-07:00,1.00372,1.0047,0.99858,0.99883,
2022-09-01T06:00:00-07:00,0.99883,0.99998,0.99111,0.99369,
2022-09-01T10:00:00-07:00,0.99369,0.99603,0.99357,0.99454,
2022-09-01T14:00:00-07:00,0.99454,0.99589,0.9943,0.99564,
2022-09-01T18:00:00-07:00,0.99564,0.99673,0.99537,0.99667,
2022-09-01T22:00:00-07:00,0.99667,0.99964,0.99641,0.99728,
2022-09-02T02:00:00-07:00,0.99728,1.00297,0.9968,1.00106,
2022-09-02T06:00:00-07:00,1.00106,1.00337,0.99621,0.99694,
2022-09-02T10:00:00-07:00,0.99694,0.99731,0.99453,0.99517,
2022-09-04T14:00:00-07:00,0.99517,0.99517,0.99035,0.99157,
2022-09-04T18:00:00-07:00,0.99157,0.99246,0.9901,0.99055,
2022-09-04T22:00:00-07:00,0.99055,0.99372,0.98784,0.99112,
2022-09-05T02:00:00-07:00,0.99112,0.99442,0.99072,0.99237,
2022-09-05T06:00:00-07:00,0.99237,0.99349,0.99179,0.99294,
2022-09-05T10:00:00-07:00,0.99294,0.9936,0.99277,0.99317,
2022-09-05T14:00:00-07:00,0.99317,0.9969,0.99236,0.99685,
2022-09-05T18:00:00-07:00,0.99685,0.99709,0.99429,0.99463,
2022-09-05T22:00:00-07:00,0.99463,0.99864,0.99447,0.99582,
2022-09-06T02:00:00-07:00,0.99582,0.99605,0.98993,0.99004,
2022-09-06T06:00:00-07:00,0.99004,0.99291,0.98641,0.99087,
2022-09-06T10:00:00-07:00,0.99087,0.9912,0.98956,0.99041,
2022-09-06T14:00:00-07:00,0.99041,0.99114,0.98836,0.98907,
2022-09-06T18:00:00-07:00,0.98907,0.98967,0.98772,0.98926,
2022-09-06T22:00:00-07:00,0.98926,0.99301,0.98876,0.99075,
2022-09-07T02:00:00-07:00,0.99075,0.99144,0.9876,0.98932,
2022-09-07T06:00:00-07:00,0.98932,0.99756,0.98839,0.99735,
2022-09-07T10:00:00-07:00,0.99735,1.0011,0.99715,1.00061,
2022-09-07T14:00:00-07:00,1.00061,1.00131,0.9983,0.99854,
2022-09-07T18:00:00-07:00,0.99854,0.99948,0.99797,0.99899,
2022-09-07T22:00:00-07:00,0.99899,1.00149,0.99763,0.99978,
2022-09-08T02:00:00-07:00,0.99978,1.00299,0.99854,1.00004,
2022-09-08T06:00:00-07:00,1.00004,1.00012,0.99307,0.99688,
2022-09-08T10:00:00-07:00,0.99688,1.00001,0.99647,0.99973,
2022-09-08T14:00:00-07:00,0.99973,1.00512,0.9996,1.00443,
2022-09-08T18:00:00-07:00,1.00443,1.00842,1.00442,1.00727,
2022-09-08T22:00:00-07:00,1.00727,1.01135,1.00586,1.01069,
2022-09-09T02:00:00-07:00,1.01069,1.01074,1.00347,1.00447,
2022-09-09T06:00:00-07:00,1.00447,1.00625,1.00322,1.0054,
2022-09-09T10:00:00-07:00,1.0054,1.00554,1.00369,1.00442,
2022-09-11T14:00:00-07:00,1.00442,1.01064,1.00442,1.00704,
2022-09-11T18:00:00-07:00,1.00704,1.00954,1.00691,1.00781,
2022-09-11T22:00:00-07:00,1.00781,1.0198,1.00776,1.01919,
2022-09-12T02:00:00-07:00,1.01919,1.01919,1.01293,1.01417,
2022-09-12T06:00:00-07:00,1.01417,1.01444,1.01047,1.01437,
2022-09-12T10:00:00-07:00,1.01437,1.01444,1.01109,1.01225,
2022-09-12T14:00:00-07:00,1.01225,1.01468,1.01195,1.01353,
2022-09-12T18:00:00-07:00,1.01353,1.01381,1.01196,1.01287,
2022-09-12T22:00:00-07:00,1.01287,1.01562,1.01271,1.01549,
2022-09-13T02:00:00-07:00,1.01549,1.01872,1.00305,1.00374,
2022-09-13T06:00:00-07:00,1.00374,1.00428,0.99896,0.99985,
2022-09-13T10:00:00-07:00,0.99985,1.00062,0.99668,0.9969,
2022-09-13T14:00:00-07:00,0.9969,0.99835,0.99558,0.99788,
2022-09-13T18:00:00-07:00,0.99788,1.00008,0.99719,0.99954,
2022-09-13T22:00:00-07:00,0.99954,1.00097,0.99598,0.99915,
2022-09-14T02:00:00-07:00,0.99915,1.00236,0.99804,0.99979,
2022-09-14T06:00:00-07:00,0.99979,1.00085,0.99708,0.99975,
2022-09-14T10:00:00-07:00,0.99975,0.99999,0.99693,0.99808,
2022-09-14T14:00:00-07:00,0.99808,0.99847,0.99717,0.99758,
2022-09-14T18:00:00-07:00,0.99758,0.99828,0.99666,0.99683,
2022-09-14T22:00:00-07:00,0.99683,0.99955,0.99559,0.99924,
2022-09-15T02:00:00-07:00,0.99924,1.00179,0.99692,1.00078,
2022-09-15T06:00:00-07:00,1.00078,1.00139,0.99816,1.00057,
2022-09-15T10:00:00-07:00,1.00057,1.00153,0.99879,0.99984,
2022-09-15T14:00:00-07:00,0.99984,1.00108,0.99863,1.0006,
2022-09-15T18:00:00-07:00,1.0006,1.00123,0.99912,0.99959,
2022-09-15T22:00:00-07:00,0.99959,0.99987,0.99451,0.99552,
2022-09-16T02:00:00-07:00,0.99552,0.99893,0.99534,0.99556,
2022-09-16T06:00:00-07:00,0.99556,1.00367,0.99537,1.0007,
2022-09-16T10:00:00-07:00,1.0007,1.00172,0.99932,1.00164,
2022-09-18T14:00:00-07:00,1.00164,1.00293,1.00053,1.00114,
2022-09-18T18:00:00-07:00,1.00114,1.00129,0.99906,0.99923,
2022-09-18T22:00:00-07:00,0.99923,0.99935,0.99662,0.99762,
2022-09-19T02:00:00-07:00,0.99762,1.00051,0.99673,0.9983,
2022-09-19T06:00:00-07:00,0.9983,1.00184,0.9976,1.00125,
2022-09-19T10:00:00-07:00,1.00125,1.00277,1.00033,1.00242,
2022-09-19T14:00:00-07:00,1.00242,1.00506,1.00231,1.0035,
2022-09-19T18:00:00-07:00,1.0035,1.00376,1.00198,1.00225,
2022-09-19T22:00:00-07:00,1.00225,1.00423,1.00003,1.001,
2022-09-20T02:00:00-07:00,1.001,1.00189,0.99553,0.99712,
2022-09-20T06:00:00-07:00,0.99712,0.99995,0.99593,0.99801,
2022-09-20T10:00:00-07:00,0.99801,0.99835,0.99604,0.99704,
2022-09-20T14:00:00-07:00,0.99704,0.99758,0.99575,0.99628,
2022-09-20T18:00:00-07:00,0.99628,0.9971,0.99575,0.99601,
2022-09-20T22:00:00-07:00,0.99601,0.99685,0.98849,0.9902,
2022-09-21T02:00:00-07:00,0.9902,0.99375,0.98958,0.99134,
2022-09-21T06:00:00-07:00,0.99134,0.99165,0.98663,0.987,
2022-09-21T10:00:00-07:00,0.987,0.99105,0.98134,0.98376,
2022-09-21T14:00:00-07:00,0.98376,0.98485,0.9809,0.98157,
2022-09-21T18:00:00-07:00,0.98157,0.98378,0.9809,0.98287,
2022-09-21T22:00:00-07:00,0.98287,0.99076,0.98134,0.98795,
2022-09-22T02:00:00-07:00,0.98795,0.9888,0.98555,0.9877,
2022-09-22T06:00:00-07:00,0.9877,0.98775,0.98121,0.98398,
2022-09-22T10:00:00-07:00,0.98398,0.98522,0.983,0.98358,
2022-09-22T14:00:00-07:00,0.98358,0.98485,0.98318,0.98435,
2022-09-22T18:00:00-07:00,0.98435,0.98521,0.98185,0.9823,
2022-09-22T22:00:00-07:00,0.9823,0.98383,0.97512,0.97533,
2022-09-23T02:00:00-07:00,0.97533,0.97717,0.97365,0.97558,
2022-09-23T06:00:00-07:00,0.97558,0.97749,0.97022,0.97075,
2022-09-23T10:00:00-07:00,0.97075,0.97186,0.96681,0.96904,
2022-09-25T14:00:00-07:00,0.96902,0.97102,0.95512,0.95695,
2022-09-25T18:00:00-07:00,0.95695,0.96639,0.95629,0.96285,
2022-09-25T22:00:00-07:00,0.96285,0.97016,0.96207,0.96852,
2022-09-26T02:00:00-07:00,0.96852,0.96977,0.96192,0.96696,
2022-09-26T06:00:00-07:00,0.96696,0.9682,0.9608,0.96216,
2022-09-26T10:00:00-07:00,0.96216,0.96277,0.95998,0.96095,
2022-09-26T14:00:00-07:00,0.96095,0.96387,0.95843,0.96344,
2022-09-26T18:00:00-07:00,0.96344,0.96459,0.96236,0.96367,
2022-09-26T22:00:00-07:00,0.96367,0.9671,0.96214,0.96244,
2022-09-27T02:00:00-07:00,0.96244,0.96527,0.96067,0.96227,
2022-09-27T06:00:00-07:00,0.96227,0.96437,0.95693,0.95815,
2022-09-27T10:00:00-07:00,0.95815,0.96011,0.95711,0.95935,
2022-09-27T14:00:00-07:00,0.95935,0.96008,0.95679,0.95726,
2022-09-27T18:00:00-07:00,0.95726,0.95765,0.95434,0.95509,
2022-09-27T22:00:00-07:00,0.95509,0.95889,0.95361,0.95564,
2022-09-28T02:00:00-07:00,0.95564,0.96027,0.95381,0.95851,
2022-09-28T06:00:00-07:00,0.95851,0.97082,0.95758,0.97023,
2022-09-28T10:00:00-07:00,0.97023,0.9751,0.9701,0.9735,
2022-09-28T14:00:00-07:00,0.9735,0.9739,0.96894,0.96894,
2022-09-28T18:00:00-07:00,0.96894,0.96997,0.96747,0.96858,
2022-09-28T22:00:00-07:00,0.96858,0.96878,0.96358,0.96657,
2022-09-29T02:00:00-07:00,0.96657,0.97468,0.96643,0.96881,
2022-09-29T06:00:00-07:00,0.96881,0.97978,0.9685,0.97765,
2022-09-29T10:00:00-07:00,0.97765,0.98165,0.97696,0.98161,
2022-09-29T14:00:00-07:00,0.98161,0.98441,0.98097,0.98254,
2022-09-29T18:00:00-07:00,0.98254,0.98294,0.97947,0.97995,
2022-09-29T22:00:00-07:00,0.97995,0.9854,0.97905,0.9833,
2022-09-30T02:00:00-07:00,0.9833,0.98383,0.97361,0.97548,
2022-09-30T06:00:00-07:00,0.97548,0.98181,0.97349,0.97901,
2022-09-30T10:00:00-07:00,0.97901,0.98156,0.97829,0.98016,
2022-10-02T14:00:00-07:00,0.98026,0.98092,0.97826,0.98017,
2022-10-02T18:00:00-07:00,0.98017,0.98281,0.97854,0.97855,
2022-10-02T22:00:00-07:00,0.97855,0.98347,0.97845,0.98111,
2022-10-03T02:00:00-07:00,0.98111,0.9813,0.97529,0.97658,
2022-10-03T06:00:00-07:00,0.97658,0.98447,0.97581,0.98081,
2022-10-03T10:00:00-07:00,0.98081,0.98291,0.97883,0.98254,
2022-10-03T14:00:00-07:00,0.98254,0.98381,0.98201,0.9827,
2022-10-03T18:00:00-07:00,0.9827,0.98455,0.98063,0.98335,
2022-10-03T22:00:00-07:00,0.98335,0.98962,0.98262,0.98749,
2022-10-04T02:00:00-07:00,0.98749,0.99347,0.98528,0.99242,
2022-10-04T06:00:00-07:00,0.99242,0.99938,0.99102,0.99702,
2022-10-04T10:00:00-07:00,0.99702,0.99998,0.99605,0.99863,
2022-10-04T14:00:00-07:00,0.99863,0.99901,0.99706,0.99763,
2022-10-04T18:00:00-07:00,0.99763,0.99909,0.99597,0.99664,
2022-10-04T22:00:00-07:00,0.99664,0.99951,0.99233,0.99475,
2022-10-05T02:00:00-07:00,0.99475,0.99515,0.98922,0.99117,
2022-10-05T06:00:00-07:00,0.99117,0.99143,0.98349,0.98633,
2022-10-05T10:00:00-07:00,0.98633,0.9897,0.98602,0.98846,
2022-10-05T14:00:00-07:00,0.98846,0.99265,0.98759,0.99169,
2022-10-05T18:00:00-07:00,0.99169,0.99265,0.99033,0.99212,
2022-10-05T22:00:00-07:00,0.99212,0.99261,0.98754,0.98887,
2022-10-06T02:00:00-07:00,0.98887,0.99027,0.98559,0.98687,
2022-10-06T06:00:00-07:00,0.98687,0.98703,0.97883,0.98025,
2022-10-06T10:00:00-07:00,0.98025,0.9817,0.97897,0.97914,
2022-10-06T14:00:00-07:00,0.97914,0.97996,0.97866,0.97932,
2022-10-06T18:00:00-07:00,0.97932,0.9812,0.97866,0.97918,
2022-10-06T22:00:00-07:00,0.97918,0.98168,0.97658,0.98018,
2022-10-07T02:00:00-07:00,0.98018,0.98113,0.97263,0.97504,
2022-10-07T06:00:00-07:00,0.97504,0.97913,0.9742,0.97611,
2022-10-07T10:00:00-07:00,0.97611,0.97694,0.97309,0.9741,
2022-10-09T14:00:00-07:00,0.9741,0.97415,0.97249,0.97379,
2022-10-09T18:00:00-07:00,0.97379,0.97534,0.97327,0.97399,
2022-10-09T22:00:00-07:00,0.97399,0.97437,0.96818,0.96884,
2022-10-10T02:00:00-07:00,0.96884,0.97192,0.96875,0.97148,
2022-10-10T06:00:00-07:00,0.97148,0.9746,0.96856,0.96921,
2022-10-10T10:00:00-07:00,0.96921,0.9724,0.96853,0.97034,
2022-10-10T14:00:00-07:00,0.97034,0.97228,0.96973,0.97206,
2022-10-10T18:00:00-07:00,0.97206,0.97214,0.96717,0.96773,
2022-10-10T22:00:00-07:00,0.96773,0.97249,0.9675,0.97078,
2022-10-11T02:00:00-07:00,0.97078,0.97381,0.96921,0.97199,
2022-10-11T06:00:00-07:00,0.97199,0.97747,0.96911,0.97656,
2022-10-11T10:00:00-07:00,0.97656,0.97669,0.9694,0.9708,
2022-10-11T14:00:00-07:00,0.9708,0.97179,0.96905,0.97033,
2022-10-11T18:00:00-07:00,0.97033,0.9735,0.96829,0.97152,
2022-10-11T22:00:00-07:00,0.97152,0.97331,0.96958,0.97038,
2022-10-12T02:00:00-07:00,0.97038,0.97201,0.96878,0.97054,
2022-10-12T06:00:00-07:00,0.97054,0.97114,0.96681,0.96836,
2022-10-12T10:00:00-07:00,0.96836,0.97202,0.9681,0.97032,
2022-10-12T14:00:00-07:00,0.97032,0.97221,0.96979,0.97147,
2022-10-12T18:00:00-07:00,0.97147,0.9715,0.96951,0.97041,
2022-10-12T22:00:00-07:00,0.97041,0.97144,0.96855,0.97143,
2022-10-13T02:00:00-07:00,0.97143,0.97533,0.96318,0.96686,
2022-10-13T06:00:00-07:00,0.96686,0.97992,0.96456,0.97746,
2022-10-13T10:00:00-07:00,0.97746,0.9806,0.97686,0.97764,
2022-10-13T14:00:00-07:00,0.97764,0.97797,0.9762,0.97683,
2022-10-13T18:00:00-07:00,0.97683,0.98089,0.9768,0.9782,
2022-10-13T22:00:00-07:00,0.9782,0.97971,0.9745,0.97505,
2022-10-14T02:00:00-07:00,0.97505,0.9777,0.97093,0.97733,
2022-10-14T06:00:00-07:00,0.97733,0.97999,0.97075,0.97178,
2022-10-14T10:00:00-07:00,0.97178,0.97322,0.9714,0.97228,
2022-10-16T14:00:00-07:00,0.97228,0.97509,0.97197,0.97459,
2022-10-16T18:00:00-07:00,0.97459,0.97524,0.97327,0.97367,
2022-10-16T22:00:00-07:00,0.97367,0.97571,0.97208,0.97385,
2022-10-17T02:00:00-07:00,0.97385,0.97849,0.97297,0.97755,
2022-10-17T06:00:00-07:00,0.97755,0.98523,0.97728,0.98395,
2022-10-17T10:00:00-07:00,0.98395,0.98511,0.98327,0.98414,
2022-10-17T14:00:00-07:00,0.98414,0.98528,0.98371,0.98414,
2022-10-17T18:00:00-07:00,0.98414,0.98662,0.98234,0.98576,
2022-10-17T22:00:00-07:00,0.98576,0.98738,0.98249,0.98292,
2022-10-18T02:00:00-07:00,0.98292,0.9858,0.9813,0.98545,
2022-10-18T06:00:00-07:00,0.98545,0.98759,0.98215,0.9856,
2022-10-18T10:00:00-07:00,0.9856,0.9864,0.9842,0.98585,
2022-10-18T14:00:00-07:00,0.98585,0.98724,0.98534,0.98612,
2022-10-18T18:00:00-07:00,0.98612,0.98643,0.98374,0.98401,
2022-10-18T22:00:00-07:00,0.98401,0.98441,0.98127,0.9817,
2022-10-19T02:00:00-07:00,0.9817,0.98241,0.97596,0.97799,
2022-10-19T06:00:00-07:00,0.97799,0.98028,0.97652,0.9766,
2022-10-19T10:00:00-07:00,0.9766,0.97786,0.97575,0.97733,
2022-10-19T14:00:00-07:00,0.97733,0.97761,0.97586,0.97652,
2022-10-19T18:00:00-07:00,0.97652,0.97859,0.97547,0.97785,
2022-10-19T22:00:00-07:00,0.97785,0.97948,0.97718,0.97819,
2022-10-20T02:00:00-07:00,0.97819,0.98376,0.97731,0.98028,
2022-10-20T06:00:00-07:00,0.98028,0.98456,0.97801,0.98026,
2022-10-20T10:00:00-07:00,0.98026,0.98027,0.97734,0.97865,
2022-10-20T14:00:00-07:00,0.97865,0.979,0.97682,0.97709,
2022-10-20T18:00:00-07:00,0.97709,0.97835,0.97647,0.97714,
2022-10-20T22:00:00-07:00,0.97714,0.98025,0.9753,0.97555,
2022-10-21T02:00:00-07:00,0.97555,0.97775,0.97051,0.97579,
2022-10-21T06:00:00-07:00,0.97579,0.9868,0.97519,0.98392,
2022-10-21T10:00:00-07:00,0.98392,0.98693,0.98243,0.98628,
2022-10-23T14:00:00-07:00,0.98628,0.98993,0.98312,0.98495,
2022-10-23T18:00:00-07:00,0.98495,0.98495,0.98254,0.98481,
2022-10-23T22:00:00-07:00,0.98481,0.9862,0.98167,0.98351,
2022-10-24T02:00:00-07:00,0.98351,0.98579,0.98071,0.98437,
2022-10-24T06:00:00-07:00,0.98437,0.98939,0.98271,0.98709,
2022-10-24T10:00:00-07:00,0.98709,0.98811,0.98685,0.98743,
2022-10-24T14:00:00-07:00,0.98743,0.98974,0.98697,0.98945,
2022-10-24T18:00:00-07:00,0.98945,0.98986,0.98777,0.9879,
2022-10-24T22:00:00-07:00,0.9879,0.98802,0.98528,0.98573,
2022-10-25T02:00:00-07:00,0.98573,0.98756,0.98489,0.98746,
2022-10-25T06:00:00-07:00,0.98746,0.99769,0.98733,0.99537,
2022-10-25T10:00:00-07:00,0.99537,0.99698,0.9951,0.99673,
2022-10-25T14:00:00-07:00,0.99673,0.9968,0.99437,0.99474,
2022-10-25T18:00:00-07:00,0.99474,0.9961,0.99452,0.99548,
2022-10-25T22:00:00-07:00,0.99548,1.00446,0.99519,1.00383,
2022-10-26T02:00:00-07:00,1.00383,1.00477,0.9996,1.00046,
2022-10-26T06:00:00-07:00,1.00046,1.00838,1.00021,1.00766,
2022-10-26T10:00:00-07:00,1.00766,1.00887,1.00671,1.00797,
2022-10-26T14:00:00-07:00,1.00797,1.00938,1.00744,1.00786,
2022-10-26T18:00:00-07:00,1.00786,1.00842,1.00621,1.00707,
2022-10-26T22:00:00-07:00,1.00707,1.0084,1.00545,1.00603,
2022-10-27T02:00:00-07:00,1.00603,1.00628,0.99863,1.00066,
2022-10-27T06:00:00-07:00,1.00066,1.00438,0.99706,0.99779,
2022-10-27T10:00:00-07:00,0.99779,0.99957,0.99578,0.99644,
2022-10-27T14:00:00-07:00,0.99644,0.99723,0.99581,0.99667,
2022-10-27T18:00:00-07:00,0.99667,0.99982,0.99645,0.99852,
2022-10-27T22:00:00-07:00,0.99852,0.99902,0.99269,0.99412,
2022-10-28T02:00:00-07:00,0.99412,0.99758,0.99355,0.99695,
2022-10-28T06:00:00-07:00,0.99695,0.99897,0.9929,0.99386,
2022-10-28T10:00:00-07:00,0.99386,0.99678,0.99344,0.99653,
2022-10-30T14:00:00-07:00,0.99653,0.99653,0.99476,0.99594,
2022-10-30T18:00:00-07:00,0.99594,0.99658,0.99434,0.99609,
2022-10-30T22:00:00-07:00,0.99609,0.99619,0.99144,0.99233,
2022-10-31T02:00:00-07:00,0.99233,0.99489,0.99075,0.99091,
2022-10-31T06:00:00-07:00,0.99091,0.99156,0.98731,0.98755,
2022-10-31T10:00:00-07:00,0.98755,0.9896,0.98733,0.98829,
2022-10-31T14:00:00-07:00,0.98829,0.98903,0.98731,0.98854,
2022-10-31T18:00:00-07:00,0.98854,0.99083,0.98845,0.99053,
2022-10-31T22:00:00-07:00,0.99053,0.9948,0.99044,0.99227,
2022-11-01T02:00:00-07:00,0.99227,0.9948,0.99153,0.99408,
2022-11-01T06:00:00-07:00,0.99408,0.99541,0.98531,0.98614,
2022-11-01T10:00:00-07:00,0.98614,0.98862,0.98581,0.98744,
2022-11-01T14:00:00-07:00,0.98744,0.98879,0.98704,0.98876,
2022-11-01T18:00:00-07:00,0.98876,0.98998,0.98791,0.98846,
2022-11-01T22:00:00-07:00,0.98846,0.99072,0.98713,0.99002,
2022-11-02T02:00:00-07:00,0.99002,0.99121,0.98847,0.99063,
2022-11-02T06:00:00-07:00,0.99063,0.9915,0.98589,0.98676,
2022-11-02T10:00:00-07:00,0.98676,0.9976,0.98133,0.98179,
2022-11-02T14:00:00-07:00,0.98179,0.98319,0.98102,0.98213,
2022-11-02T18:00:00-07:00,0.98213,0.98396,0.98202,0.98346,
2022-11-02T22:00:00-07:00,0.98346,0.98361,0.97613,0.97675,
2022-11-03T02:00:00-07:00,0.97675,0.97704,0.97301,0.97411,
2022-11-03T06:00:00-07:00,0.97411,0.97949,0.97355,0.97482,
2022-11-03T10:00:00-07:00,0.97482,0.97616,0.97425,0.975,
2022-11-03T14:00:00-07:00,0.975,0.97603,0.97427,0.9753,
2022-11-03T18:00:00-07:00,0.9753,0.97887,0.97484,0.97866,
2022-11-03T22:00:00-07:00,0.97866,0.97959,0.97572,0.9774,
2022-11-04T02:00:00-07:00,0.9774,0.98512,0.97515,0.98476,
2022-11-04T06:00:00-07:00,0.98476,0.99406,0.98396,0.99153,
2022-11-04T10:00:00-07:00,0.99153,0.99666,0.99135,0.99574,
2022-11-06T14:00:00-08:00,0.99565,0.99565,0.99054,0.99304,
2022-11-06T18:00:00-08:00,0.99304,0.99554,0.99255,0.99445,
2022-11-06T22:00:00-08:00,0.99445,1.0007,0.99242,0.99856,
2022-11-07T02:00:00-08:00,0.99856,0.99983,0.99661,0.9994,
2022-11-07T06:00:00-08:00,0.9994,1.00265,0.99812,1.00221,
2022-11-07T10:00:00-08:00,1.00221,1.0034,1.00189,1.00209,
2022-11-07T14:00:00-08:00,1.00209,1.00312,1.00112,1.00142,
2022-11-07T18:00:00-08:00,1.00142,1.00158,0.99957,0.99958,
2022-11-07T22:00:00-08:00,0.99958,1.00077,0.9973,1.00035,
2022-11-08T02:00:00-08:00,1.00035,1.00099,0.99854,0.99996,
2022-11-08T06:00:00-08:00,0.99996,1.00943,0.99986,1.00885,
2022-11-08T10:00:00-08:00,1.00885,1.00964,1.00542,1.00741,
2022-11-08T14:00:00-08:00,1.00741,1.00852,1.00592,1.00631,
2022-11-08T18:00:00-08:00,1.00631,1.00884,1.00631,1.00685,
2022-11-08T22:00:00-08:00,1.00685,1.00853,1.00404,1.00471,
2022-11-09T02:00:00-08:00,1.00471,1.00643,1.00228,1.00286,
2022-11-09T06:00:00-08:00,1.00286,1.00865,1.00112,1.0027,
2022-11-09T10:00:00-08:00,1.0027,1.00312,0.9993,1.00111,
2022-11-09T14:00:00-08:00,1.00111,1.00291,1.00076,1.00239,
2022-11-09T18:00:00-08:00,1.00239,1.00385,1.00105,1.00347,
2022-11-09T22:00:00-08:00,1.00347,1.00431,0.99597,0.9961,
2022-11-10T02:00:00-08:00,0.9961,1.01598,0.99358,1.01227,
2022-11-10T06:00:00-08:00,1.01227,1.01854,1.01099,1.01426,
2022-11-10T10:00:00-08:00,1.01426,1.02218,1.01426,1.02096,
2022-11-10T14:00:00-08:00,1.02096,1.0212,1.01634,1.01665,
2022-11-10T18:00:00-08:00,1.01665,1.0223,1.01664,1.0219,
2022-11-10T22:00:00-08:00,1.0219,1.02737,1.02082,1.02692,
2022-11-11T02:00:00-08:00,1.02692,1.03241,1.02542,1.03119,
2022-11-11T06:00:00-08:00,1.03119,1.03451,1.0266,1.03421,
2022-11-11T10:00:00-08:00,1.03421,1.03643,1.03383,1.03526,
2022-11-13T14:00:00-08:00,1.03526,1.03526,1.03149,1.03276,
2022-11-13T18:00:00-08:00,1.03276,1.03346,1.02981,1.03006,
2022-11-13T22:00:00-08:00,1.03006,1.03508,1.03006,1.03132,
2022-11-14T02:00:00-08:00,1.03132,1.03363,1.02715,1.03177,
2022-11-14T06:00:00-08:00,1.03177,1.0351,1.02977,1.03356,
2022-11-14T10:00:00-08:00,1.03356,1.03587,1.03257,1.03268,
2022-11-14T14:00:00-08:00,1.03268,1.03349,1.03123,1.03197,
2022-11-14T18:00:00-08:00,1.03197,1.0335,1.03138,1.03321,
2022-11-14T22:00:00-08:00,1.03321,1.04182,1.03279,1.04013,
2022-11-15T02:00:00-08:00,1.04013,1.04816,1.03925,1.04383,
2022-11-15T06:00:00-08:00,1.04383,1.04447,1.03484,1.0385,
2022-11-15T10:00:00-08:00,1.0385,1.03888,1.02801,1.0349,
2022-11-15T14:00:00-08:00,1.0349,1.03613,1.03312,1.03438,
2022-11-15T18:00:00-08:00,1.03438,1.03871,1.03377,1.03738,
2022-11-15T22:00:00-08:00,1.03738,1.04255,1.0366,1.04202,
2022-11-16T02:00:00-08:00,1.04202,1.04387,1.03842,1.0391,
2022-11-16T06:00:00-08:00,1.0391,1.04126,1.03719,1.03839,
2022-11-16T10:00:00-08:00,1.03839,1.04048,1.03547,1.03945,
2022-11-16T14:00:00-08:00,1.03945,1.03988,1.03743,1.03776,
2022-11-16T18:00:00-08:00,1.03776,1.03835,1.036,1.03803,
2022-11-16T22:00:00-08:00,1.03803,1.04067,1.03569,1.03639,
2022-11-17T02:00:00-08:00,1.03639,1.03702,1.03113,1.03125,
2022-11-17T06:00:00-08:00,1.03125,1.03567,1.03054,1.03503,
2022-11-17T10:00:00-08:00,1.03503,1.03698,1.03484,1.03635,
2022-11-17T14:00:00-08:00,1.03635,1.03781,1.03573,1.03679,
2022-11-17T18:00:00-08:00,1.03679,1.0391,1.03613,1.0372,
2022-11-17T22:00:00-08:00,1.0372,1.0396,1.03423,1.03817,
2022-11-18T02:00:00-08:00,1.03817,1.03865,1.03566,1.03647,
2022-11-18T06:00:00-08:00,1.03647,1.03719,1.03264,1.03333,
2022-11-18T10:00:00-08:00,1.03333,1.03374,1.03138,1.03244,
2022-11-20T14:00:00-08:00,1.03226,1.03334,1.03004,1.03119,
2022-11-20T18:00:00-08:00,1.03119,1.0312,1.02724,1.02826,
2022-11-20T22:00:00-08:00,1.02826,1.02871,1.02263,1.0227,
2022-11-21T02:00:00-08:00,1.0227,1.02562,1.02264,1.02545,
2022-11-21T06:00:00-08:00,1.02545,1.02627,1.02227,1.02326,
2022-11-21T10:00:00-08:00,1.02326,1.02485,1.02306,1.02412,
2022-11-21T14:00:00-08:00,1.02412,1.02685,1.024,1.02609,
2022-11-21T18:00:00-08:00,1.02609,1.02676,1.02459,1.02536,
2022-11-21T22:00:00-08:00,1.02536,1.02862,1.02462,1.02689,
2022-11-22T02:00:00-08:00,1.02689,1.0291,1.02563,1.02606,
2022-11-22T06:00:00-08:00,1.02606,1.0296,1.02543,1.02959,
2022-11-22T10:00:00-08:00,1.02959,1.03082,1.02898,1.03039,
2022-11-22T14:00:00-08:00,1.03039,1.03212,1.03007,1.0311,
2022-11-22T18:00:00-08:00,1.0311,1.03312,1.03081,1.03274,
2022-11-22T22:00:00-08:00,1.03274,1.03488,1.03021,1.03252,
2022-11-23T02:00:00-08:00,1.03252,1.03406,1.02967,1.03319,
2022-11-23T06:00:00-08:00,1.03319,1.03841,1.03268,1.03641,
2022-11-23T10:00:00-08:00,1.03641,1.04051,1.03594,1.0397,
2022-11-23T14:00:00-08:00,1.0397,1.04251,1.03939,1.04234,
2022-11-23T18:00:00-08:00,1.04234,1.04486,1.04177,1.0434,
2022-11-23T22:00:00-08:00,1.0434,1.04397,1.04003,1.04194,
2022-11-24T02:00:00-08:00,1.04194,1.04291,1.03818,1.04232,
2022-11-24T06:00:00-08:00,1.04232,1.04276,1.0402,1.04091,
2022-11-24T10:00:00-08:00,1.04091,1.04145,1.04014,1.04102,
2022-11-24T14:00:00-08:00,1.04102,1.04153,1.03963,1.04098,
2022-11-24T18:00:00-08:00,1.04098,1.04294,1.04048,1.04113,
2022-11-24T22:00:00-08:00,1.04113,1.04284,1.03824,1.03933,
2022-11-25T02:00:00-08:00,1.03933,1.04217,1.03614,1.03729,
2022-11-25T06:00:00-08:00,1.03729,1.04116,1.03548,1.04061,
2022-11-25T10:00:00-08:00,1.04061,1.04145,1.03876,1.03975,
2022-11-27T14:00:00-08:00,1.03975,1.03975,1.03412,1.03483,
2022-11-27T18:00:00-08:00,1.03483,1.0365,1.03434,1.03509,
2022-11-27T22:00:00-08:00,1.03509,1.04563,1.03482,1.04478,
2022-11-28T02:00:00-08:00,1.04478,1.0497,1.0439,1.0463,
2022-11-28T06:00:00-08:00,1.0463,1.0463,1.03685,1.03699,
2022-11-28T10:00:00-08:00,1.03699,1.03731,1.03305,1.03411,
2022-11-28T14:00:00-08:00,1.03411,1.03627,1.03343,1.03598,
2022-11-28T18:00:00-08:00,1.03598,1.03944,1.03473,1.03869,
2022-11-28T22:00:00-08:00,1.03869,1.03928,1.03509,1.03648,
2022-11-29T02:00:00-08:00,1.03648,1.03936,1.03248,1.03303,
2022-11-29T06:00:00-08:00,1.03303,1.0373,1.03258,1.03403,
2022-11-29T10:00:00-08:00,1.03403,1.03465,1.032,1.03296,
2022-11-29T14:00:00-08:00,1.03296,1.03532,1.03192,1.03479,
2022-11-29T18:00:00-08:00,1.03479,1.03612,1.03406,1.0349,
2022-11-29T22:00:00-08:00,1.0349,1.03811,1.03358,1.03585,
2022-11-30T02:00:00-08:00,1.03585,1.03921,1.03465,1.03591,
2022-11-30T06:00:00-08:00,1.03591,1.04,1.02903,1.0315,
2022-11-30T10:00:00-08:00,1.0315,1.04288,1.03065,1.04066,
2022-11-30T14:00:00-08:00,1.04066,1.04479,1.04017,1.04262,
2022-11-30T18:00:00-08:00,1.04262,1.04515,1.0419,1.04458,
2022-11-30T22:00:00-08:00,1.04458,1.04641,1.03932,1.04416,
2022-12-01T02:00:00-08:00,1.04416,1.05136,1.0418,1.04894,
2022-12-01T06:00:00-08:00,1.04894,1.05341,1.04696,1.05075,
2022-12-01T10:00:00-08:00,1.05075,1.05304,1.04963,1.05262,
2022-12-01T14:00:00-08:00,1.05262,1.05395,1.05065,1.05135,
2022-12-01T18:00:00-08:00,1.05135,1.05287,1.05054,1.05233,
2022-12-01T22:00:00-08:00,1.05233,1.05451,1.05132,1.05299,
2022-12-02T02:00:00-08:00,1.05299,1.05448,1.04283,1.0463,
2022-12-02T06:00:00-08:00,1.0463,1.05342,1.04452,1.05256,
2022-12-02T10:00:00-08:00,1.05256,1.05427,1.05106,1.05393,
2022-12-04T14:00:00-08:00,1.05393,1.05742,1.05307,1.05682,
2022-12-04T18:00:00-08:00,1.05682,1.05848,1.05575,1.05832,
2022-12-04T22:00:00-08:00,1.05832,1.05834,1.05306,1.05593,
2022-12-05T02:00:00-08:00,1.05593,1.05949,1.052,1.05659,
2022-12-05T06:00:00-08:00,1.05659,1.05685,1.04906,1.04955,
2022-12-05T10:00:00-08:00,1.04955,1.05063,1.04804,1.04902,
2022-12-05T14:00:00-08:00,1.04902,1.05188,1.04871,1.05105,
2022-12-05T18:00:00-08:00,1.05105,1.05152,1.04834,1.0494,
2022-12-05T22:00:00-08:00,1.0494,1.05095,1.04758,1.04942,
2022-12-06T02:00:00-08:00,1.04942,1.05329,1.04915,1.05135,
2022-12-06T06:00:00-08:00,1.05135,1.05289,1.04796,1.04821,
2022-12-06T10:00:00-08:00,1.04821,1.04827,1.04594,1.04666,
2022-12-06T14:00:00-08:00,1.04666,1.04743,1.04553,1.0473,
2022-12-06T18:00:00-08:00,1.0473,1.04766,1.04582,1.04667,
2022-12-06T22:00:00-08:00,1.04667,1.04844,1.04433,1.0476,
2022-12-07T02:00:00-08:00,1.0476,1.05472,1.04728,1.05423,
2022-12-07T06:00:00-08:00,1.05423,1.05498,1.04882,1.05182,
2022-12-07T10:00:00-08:00,1.05182,1.05287,1.05027,1.05063,
2022-12-07T14:00:00-08:00,1.05063,1.05153,1.04949,1.05018,
2022-12-07T18:00:00-08:00,1.05018,1.05075,1.0494,1.05037,
2022-12-07T22:00:00-08:00,1.05037,1.05309,1.04897,1.04947,
2022-12-08T02:00:00-08:00,1.04947,1.05318,1.04908,1.05205,
2022-12-08T06:00:00-08:00,1.05205,1.05648,1.05174,1.05443,
2022-12-08T10:00:00-08:00,1.05443,1.05636,1.05385,1.05571,
2022-12-08T14:00:00-08:00,1.05571,1.05855,1.05521,1.05792,
2022-12-08T18:00:00-08:00,1.05792,1.05869,1.05662,1.05772,
2022-12-08T22:00:00-08:00,1.05772,1.05882,1.0547,1.05572,
2022-12-09T02:00:00-08:00,1.05572,1.05688,1.05036,1.05388,
2022-12-09T06:00:00-08:00,1.05388,1.05588,1.05191,1.05456,
2022-12-09T10:00:00-08:00,1.05456,1.05561,1.05291,1.05338,
2022-12-11T14:00:00-08:00,1.05338,1.05393,1.05061,1.05126,
2022-12-11T18:00:00-08:00,1.05126,1.05204,1.05065,1.05165,
2022-12-11T22:00:00-08:00,1.05165,1.05647,1.05088,1.05595,
2022-12-12T02:00:00-08:00,1.05595,1.05776,1.05535,1.05716,
2022-12-12T06:00:00-08:00,1.05716,1.05803,1.05176,1.05343,
2022-12-12T10:00:00-08:00,1.05343,1.05392,1.05109,1.05384,
2022-12-12T14:00:00-08:00,1.05384,1.05495,1.05314,1.05467,
2022-12-12T18:00:00-08:00,1.05467,1.05542,1.05314,1.05512,
2022-12-12T22:00:00-08:00,1.05512,1.05607,1.05312,1.05434,
2022-12-13T02:00:00-08:00,1.05434,1.06616,1.0528,1.06467,
2022-12-13T06:00:00-08:00,1.06467,1.06735,1.06108,1.06146,
2022-12-13T10:00:00-08:00,1.06146,1.06411,1.06104,1.06329,
2022-12-13T14:00:00-08:00,1.06329,1.06391,1.06209,1.06348,
2022-12-13T18:00:00-08:00,1.06348,1.06387,1.062,1.06261,
2022-12-13T22:00:00-08:00,1.06261,1.0665,1.0619,1.06622,
2022-12-14T02:00:00-08:00,1.06622,1.0672,1.06363,1.06467,
2022-12-14T06:00:00-08:00,1.06467,1.06677,1.06318,1.06515,
2022-12-14T10:00:00-08:00,1.06515,1.06952,1.06205,1.06825,
2022-12-14T14:00:00-08:00,1.06825,1.06835,1.066,1.06626,
2022-12-14T18:00:00-08:00,1.06626,1.06653,1.06458,1.06586,
2022-12-14T22:00:00-08:00,1.06586,1.06609,1.06057,1.06219,
2022-12-15T02:00:00-08:00,1.06219,1.06681,1.06068,1.06525,
2022-12-15T06:00:00-08:00,1.06525,1.0736,1.05929,1.05993,
2022-12-15T10:00:00-08:00,1.05993,1.06383,1.05925,1.06283,
2022-12-15T14:00:00-08:00,1.06283,1.06472,1.06223,1.0642,
2022-12-15T18:00:00-08:00,1.0642,1.06625,1.06406,1.06457,
2022-12-15T22:00:00-08:00,1.06457,1.06628,1.06102,1.06119,
2022-12-16T02:00:00-08:00,1.06119,1.06396,1.06094,1.06342,
2022-12-16T06:00:00-08:00,1.06342,1.06488,1.05976,1.06053,
2022-12-16T10:00:00-08:00,1.06053,1.06173,1.05852,1.05869,
2022-12-18T14:00:00-08:00,1.05869,1.06067,1.05822,1.06065,
2022-12-18T18:00:00-08:00,1.06065,1.06132,1.06014,1.06077,
2022-12-18T22:00:00-08:00,1.06077,1.0658,1.06037,1.06181,
2022-12-19T02:00:00-08:00,1.06181,1.06353,1.05973,1.06064,
2022-12-19T06:00:00-08:00,1.06064,1.06311,1.05759,1.0625,
2022-12-19T10:00:00-08:00,1.0625,1.06264,1.06008,1.06068,
2022-12-19T14:00:00-08:00,1.06068,1.06131,1.0598,1.06055,
2022-12-19T18:00:00-08:00,1.06055,1.06518,1.05791,1.05864,
2022-12-19T22:00:00-08:00,1.05864,1.06381,1.0583,1.06375,
2022-12-20T02:00:00-08:00,1.06375,1.06461,1.05942,1.06157,
2022-12-20T06:00:00-08:00,1.06157,1.06586,1.05984,1.06151,
2022-12-20T10:00:00-08:00,1.06151,1.06292,1.05994,1.06252,
2022-12-20T14:00:00-08:00,1.06252,1.06284,1.06139,1.06202,
2022-12-20T18:00:00-08:00,1.06202,1.06261,1.0607,1.06177,
2022-12-20T22:00:00-08:00,1.06177,1.06374,1.06099,1.06148,
2022-12-21T02:00:00-08:00,1.06148,1.06454,1.06048,1.06285,
2022-12-21T06:00:00-08:00,1.06285,1.06335,1.05904,1.06006,
2022-12-21T10:00:00-08:00,1.06006,1.06201,1.05932,1.06048,
2022-12-21T14:00:00-08:00,1.06048,1.06301,1.06048,1.06296,
2022-12-21T18:00:00-08:00,1.06296,1.06487,1.06258,1.06402,
2022-12-21T22:00:00-08:00,1.06402,1.06596,1.06262,1.06464,
2022-12-22T02:00:00-08:00,1.06464,1.06563,1.06037,1.06114,
2022-12-22T06:00:00-08:00,1.06114,1.06186,1.05822,1.05844,
2022-12-22T10:00:00-08:00,1.05844,1.06034,1.05733,1.05967,
2022-12-22T14:00:00-08:00,1.05967,1.06043,1.05868,1.0602,
2022-12-22T18:00:00-08:00,1.0602,1.06124,1.0602,1.06038,
2022-12-22T22:00:00-08:00,1.06038,1.06308,1.05963,1.06098,
2022-12-23T02:00:00-08:00,1.06098,1.06331,1.05949,1.06082,
2022-12-23T06:00:00-08:00,1.06082,1.06322,1.05925,1.06204,
2022-12-23T10:00:00-08:00,1.06204,1.06234,1.06061,1.0617,
2022-12-25T14:00:00-08:00,1.0617,1.06346,1.05991,1.06171,
2022-12-25T18:00:00-08:00,1.06171,1.06309,1.06153,1.06298,
2022-12-25T22:00:00-08:00,1.06298,1.0632,1.06163,1.06237,
2022-12-26T02:00:00-08:00,1.06237,1.06343,1.06206,1.06288,
2022-12-26T06:00:00-08:00,1.06288,1.06331,1.0623,1.06306,
2022-12-26T10:00:00-08:00,1.06306,1.06377,1.06277,1.06373,
2022-12-26T14:00:00-08:00,1.06373,1.06533,1.06309,1.06521,
2022-12-26T18:00:00-08:00,1.06521,1.06605,1.06356,1.06556,
2022-12-26T22:00:00-08:00,1.06556,1.06681,1.06384,1.06607,
2022-12-27T02:00:00-08:00,1.06607,1.06695,1.06196,1.06278,
2022-12-27T06:00:00-08:00,1.06278,1.06604,1.06115,1.06375,
2022-12-27T10:00:00-08:00,1.06375,1.06565,1.06359,1.06398,
2022-12-27T14:00:00-08:00,1.06398,1.06449,1.06248,1.06421,
2022-12-27T18:00:00-08:00,1.06421,1.06471,1.06321,1.06462,
2022-12-27T22:00:00-08:00,1.06462,1.06548,1.06279,1.0637,
2022-12-28T02:00:00-08:00,1.0637,1.06577,1.06295,1.06418,
2022-12-28T06:00:00-08:00,1.06418,1.06745,1.06116,1.06292,
2022-12-28T10:00:00-08:00,1.06292,1.06357,1.06067,1.06124,
2022-12-28T14:00:00-08:00,1.06124,1.06374,1.06115,1.06282,
2022-12-28T18:00:00-08:00,1.06282,1.0633,1.06192,1.06249,
2022-12-28T22:00:00-08:00,1.06249,1.06582,1.06113,1.06563,
2022-12-29T02:00:00-08:00,1.06563,1.06672,1.06317,1.0655,
2022-12-29T06:00:00-08:00,1.0655,1.06904,1.06365,1.06821,
2022-12-29T10:00:00-08:00,1.06821,1.06835,1.06604,1.06617,
2022-12-29T14:00:00-08:00,1.06617,1.06695,1.06546,1.06607,
2022-12-29T18:00:00-08:00,1.06607,1.06634,1.06423,1.06432,
2022-12-29T22:00:00-08:00,1.06432,1.06746,1.06387,1.06549,
2022-12-30T02:00:00-08:00,1.06549,1.0699,1.06453,1.06687,
2022-12-30T06:00:00-08:00,1.06687,1.07115,1.06596,1.07111,
2022-12-30T10:00:00-08:00,1.07111,1.07133,1.06923,1.07046,
2023-01-01T14:00:00-08:00,1.07046,1.07092,1.06939,1.06977,
2023-01-01T18:00:00-08:00,1.06977,1.07038,1.0689,1.06972,
2023-01-01T22:00:00-08:00,1.06972,1.07014,1.0664,1.06791,
2023-01-02T02:00:00-08:00,1.06791,1.069,1.06751,1.0679,
2023-01-02T06:00:00-08:00,1.0679,1.06821,1.06515,1.06606,
2023-01-02T10:00:00-08:00,1.06606,1.06742,1.06505,1.06672,
2023-01-02T14:00:00-08:00,1.06672,1.06834,1.06501,1.06599,
2023-01-02T18:00:00-08:00,1.06599,1.06804,1.06577,1.06637,
2023-01-02T22:00:00-08:00,1.06637,1.0668,1.05342,1.05478,
2023-01-03T02:00:00-08:00,1.05478,1.05699,1.05197,1.05603,
2023-01-03T06:00:00-08:00,1.05603,1.05974,1.05376,1.05463,
2023-01-03T10:00:00-08:00,1.05463,1.05689,1.05431,1.05479,
2023-01-03T14:00:00-08:00,1.05479,1.05696,1.05408,1.0567,
2023-01-03T18:00:00-08:00,1.0567,1.05786,1.05616,1.05692,
2023-01-03T22:00:00-08:00,1.05692,1.06353,1.05596,1.06108,
2023-01-04T02:00:00-08:00,1.06108,1.06244,1.05951,1.06108,
2023-01-04T06:00:00-08:00,1.06108,1.06284,1.05813,1.06074,
2023-01-04T10:00:00-08:00,1.06074,1.06129,1.05854,1.06043,
2023-01-04T14:00:00-08:00,1.06043,1.06316,1.06015,1.06206,
2023-01-04T18:00:00-08:00,1.06206,1.06206,1.06017,1.06108,
2023-01-04T22:00:00-08:00,1.06108,1.06292,1.05904,1.06234,
2023-01-05T02:00:00-08:00,1.06234,1.0626,1.05515,1.05525,
2023-01-05T06:00:00-08:00,1.05525,1.05677,1.05151,1.05302,
2023-01-05T10:00:00-08:00,1.05302,1.05432,1.05157,1.05217,
2023-01-05T14:00:00-08:00,1.05217,1.05329,1.0519,1.05253,
2023-01-05T18:00:00-08:00,1.05253,1.05366,1.05111,1.05146,
2023-01-05T22:00:00-08:00,1.05146,1.0531,1.04967,1.05076,
2023-01-06T02:00:00-08:00,1.05076,1.0545,1.04829,1.05427,
2023-01-06T06:00:00-08:00,1.05427,1.0638,1.05013,1.06376,
2023-01-06T10:00:00-08:00,1.06376,1.06481,1.06296,1.06445,
2023-01-08T14:00:00-08:00,1.06445,1.06725,1.06386,1.06669,
2023-01-08T18:00:00-08:00,1.06669,1.0683,1.06662,1.06772,
2023-01-08T22:00:00-08:00,1.06772,1.06997,1.06603,1.06724,
2023-01-09T02:00:00-08:00,1.06724,1.07318,1.06617,1.07253,
2023-01-09T06:00:00-08:00,1.07253,1.07607,1.07116,1.07503,
2023-01-09T10:00:00-08:00,1.07503,1.07542,1.07294,1.07294,
2023-01-09T14:00:00-08:00,1.07294,1.07398,1.07207,1.07363,
2023-01-09T18:00:00-08:00,1.07363,1.07442,1.07215,1.07429,
2023-01-09T22:00:00-08:00,1.07429,1.07518,1.07221,1.07461,
2023-01-10T02:00:00-08:00,1.07461,1.07462,1.07122,1.07219,
2023-01-10T06:00:00-08:00,1.07219,1.07594,1.07218,1.07335,
2023-01-10T10:00:00-08:00,1.07335,1.07443,1.07278,1.07329,
2023-01-10T14:00:00-08:00,1.07329,1.07454,1.07257,1.07312,
2023-01-10T18:00:00-08:00,1.07312,1.0757,1.07265,1.07477,
2023-01-10T22:00:00-08:00,1.07477,1.07575,1.07258,1.07416,
2023-01-11T02:00:00-08:00,1.07416,1.07553,1.07282,1.07499,
2023-01-11T06:00:00-08:00,1.07499,1.07763,1.07363,1.07468,
2023-01-11T10:00:00-08:00,1.07468,1.07686,1.07352,1.07572,
2023-01-11T14:00:00-08:00,1.07572,1.07748,1.07526,1.07668,
2023-01-11T18:00:00-08:00,1.07668,1.07752,1.07614,1.07627,
2023-01-11T22:00:00-08:00,1.07627,1.07734,1.07429,1.07654,
2023-01-12T02:00:00-08:00,1.07654,1.08389,1.07311,1.08295,
2023-01-12T06:00:00-08:00,1.08295,1.0849,1.07519,1.0849,
2023-01-12T10:00:00-08:00,1.0849,1.08671,1.08395,1.08524,
2023-01-12T14:00:00-08:00,1.08524,1.08681,1.08458,1.08558,
2023-01-12T18:00:00-08:00,1.08558,1.08563,1.08318,1.08372,
2023-01-12T22:00:00-08:00,1.08372,1.08642,1.08332,1.08426,
2023-01-13T02:00:00-08:00,1.08426,1.08518,1.07928,1.07938,
2023-01-13T06:00:00-08:00,1.07938,1.08387,1.07807,1.08281,
2023-01-13T10:00:00-08:00,1.08281,1.08358,1.08181,1.08317,
2023-01-15T14:00:00-08:00,1.08317,1.08722,1.08204,1.08678,
2023-01-15T18:00:00-08:00,1.08678,1.08744,1.08508,1.08606,
2023-01-15T22:00:00-08:00,1.08606,1.08606,1.08016,1.08211,
2023-01-16T02:00:00-08:00,1.08211,1.08366,1.0806,1.08158,
2023-01-16T06:00:00-08:00,1.08158,1.08292,1.08118,1.08138,
2023-01-16T10:00:00-08:00,1.08138,1.08249,1.08109,1.08215,
2023-01-16T14:00:00-08:00,1.08215,1.08339,1.08142,1.08173,
2023-01-16T18:00:00-08:00,1.08173,1.08328,1.08064,1.08311,
2023-01-16T22:00:00-08:00,1.08311,1.08387,1.08112,1.08174,
2023-01-17T02:00:00-08:00,1.08174,1.08582,1.0809,1.08426,
2023-01-17T06:00:00-08:00,1.08426,1.08695,1.07749,1.07822,
2023-01-17T10:00:00-08:00,1.07822,1.08038,1.07799,1.07878,
2023-01-17T14:00:00-08:00,1.07878,1.07963,1.07824,1.07962,
2023-01-17T18:00:00-08:00,1.07962,1.07994,1.07661,1.07797,
2023-01-17T22:00:00-08:00,1.07797,1.08716,1.07797,1.08701,
2023-01-18T02:00:00-08:00,1.08701,1.08703,1.08124,1.08585,
2023-01-18T06:00:00-08:00,1.08585,1.08877,1.07875,1.0796,
2023-01-18T10:00:00-08:00,1.0796,1.07991,1.0787,1.07939,
2023-01-18T14:00:00-08:00,1.07939,1.07985,1.07827,1.07878,
2023-01-18T18:00:00-08:00,1.07878,1.08056,1.07824,1.07917,
2023-01-18T22:00:00-08:00,1.07917,1.08295,1.07826,1.08249,
2023-01-19T02:00:00-08:00,1.08249,1.08382,1.07956,1.08097,
2023-01-19T06:00:00-08:00,1.08097,1.08251,1.07839,1.08165,
2023-01-19T10:00:00-08:00,1.08165,1.084,1.08131,1.08315,
2023-01-19T14:00:00-08:00,1.08315,1.08442,1.08276,1.08363,
2023-01-19T18:00:00-08:00,1.08363,1.08441,1.08251,1.08353,
2023-01-19T22:00:00-08:00,1.08353,1.08588,1.0821,1.08311,
2023-01-20T02:00:00-08:00,1.08311,1.08474,1.08024,1.08066,
2023-01-20T06:00:00-08:00,1.08066,1.08478,1.08047,1.08439,
2023-01-20T10:00:00-08:00,1.08439,1.08586,1.08338,1.08566,
2023-01-22T14:00:00-08:00,1.08566,1.08997,1.08566,1.08951,
2023-01-22T18:00:00-08:00,1.08951,1.09031,1.08892,1.08923,
2023-01-22T22:00:00-08:00,1.08923,1.09271,1.08874,1.09118,
2023-01-23T02:00:00-08:00,1.09118,1.09155,1.08534,1.08589,
2023-01-23T06:00:00-08:00,1.08589,1.08759,1.08464,1.08624,
2023-01-23T10:00:00-08:00,1.08624,1.08732,1.08477,1.08718,
2023-01-23T14:00:00-08:00,1.08718,1.08827,1.08678,1.08811,
2023-01-23T18:00:00-08:00,1.08811,1.08831,1.08695,1.08785,
2023-01-23T22:00:00-08:00,1.08785,1.08982,1.0852,1.0861,
2023-01-24T02:00:00-08:00,1.0861,1.0881,1.08522,1.0866,
2023-01-24T06:00:00-08:00,1.0866,1.08871,1.08352,1.08834,
2023-01-24T10:00:00-08:00,1.08834,1.0889,1.08741,1.08854,
2023-01-24T14:00:00-08:00,1.08854,1.08943,1.08811,1.08931,
2023-01-24T18:00:00-08:00,1.08931,1.09029,1.0892,1.08976,
2023-01-24T22:00:00-08:00,1.08976,1.09112,1.08681,1.08813,
2023-01-25T02:00:00-08:00,1.08813,1.0885,1.08573,1.08722,
2023-01-25T06:00:00-08:00,1.08722,1.09237,1.08688,1.08992,
2023-01-25T10:00:00-08:00,1.08992,1.0918,1.08992,1.09162,
2023-01-25T14:00:00-08:00,1.09162,1.09249,1.09071,1.09193,
2023-01-25T18:00:00-08:00,1.09193,1.09218,1.09091,1.09189,
2023-01-25T22:00:00-08:00,1.09189,1.09295,1.08926,1.08958,
2023-01-26T02:00:00-08:00,1.08958,1.09084,1.08735,1.09027,
2023-01-26T06:00:00-08:00,1.09027,1.09176,1.08505,1.08647,
2023-01-26T10:00:00-08:00,1.08647,1.08946,1.08636,1.08918,
2023-01-26T14:00:00-08:00,1.08918,1.09004,1.08862,1.08895,
2023-01-26T18:00:00-08:00,1.08895,1.08901,1.08657,1.08739,
2023-01-26T22:00:00-08:00,1.08739,1.08922,1.08657,1.08841,
2023-01-27T02:00:00-08:00,1.08841,1.08955,1.08595,1.08622,
2023-01-27T06:00:00-08:00,1.08622,1.0879,1.08379,1.08667,
2023-01-27T10:00:00-08:00,1.08667,1.08731,1.08564,1.0868,
2023-01-29T14:00:00-08:00,1.0868,1.08754,1.08613,1.08738,
2023-01-29T18:00:00-08:00,1.08738,1.08795,1.08644,1.08692,
2023-01-29T22:00:00-08:00,1.08692,1.09042,1.08531,1.09019,
2023-01-30T02:00:00-08:00,1.09019,1.09139,1.08861,1.08861,
2023-01-30T06:00:00-08:00,1.08861,1.08998,1.08575,1.08578,
2023-01-30T10:00:00-08:00,1.08578,1.08607,1.08393,1.08519,
2023-01-30T14:00:00-08:00,1.08519,1.08602,1.08468,1.08578,
2023-01-30T18:00:00-08:00,1.08578,1.08592,1.0833,1.08346,
2023-01-30T22:00:00-08:00,1.08346,1.08498,1.0802,1.083,
2023-01-31T02:00:00-08:00,1.083,1.08634,1.08204,1.08512,
2023-01-31T06:00:00-08:00,1.08512,1.08678,1.08338,1.08654,
2023-01-31T10:00:00-08:00,1.08654,1.0875,1.086,1.08646,
2023-01-31T14:00:00-08:00,1.08646,1.0867,1.08572,1.08574,
2023-01-31T18:00:00-08:00,1.08574,1.08749,1.08523,1.08717,
2023-01-31T22:00:00-08:00,1.08717,1.08887,1.08659,1.08837,
2023-02-01T02:00:00-08:00,1.08837,1.09099,1.08797,1.09042,
2023-02-01T06:00:00-08:00,1.09042,1.09248,1.08895,1.09078,
2023-02-01T10:00:00-08:00,1.09078,1.10012,1.08893,1.09911,
2023-02-01T14:00:00-08:00,1.09911,1.10331,1.09865,1.10134,
2023-02-01T18:00:00-08:00,1.10134,1.10256,1.1012,1.10202,
2023-02-01T22:00:00-08:00,1.10202,1.1022,1.09891,1.09986,
2023-02-02T02:00:00-08:00,1.09986,1.10044,1.09447,1.09455,
2023-02-02T06:00:00-08:00,1.09455,1.09665,1.08855,1.09085,
2023-02-02T10:00:00-08:00,1.09085,1.09227,1.09053,1.09096,
2023-02-02T14:00:00-08:00,1.09096,1.09117,1.08911,1.08939,
2023-02-02T18:00:00-08:00,1.08939,1.08985,1.08873,1.08938,
2023-02-02T22:00:00-08:00,1.08938,1.09311,1.0882,1.093,
2023-02-03T02:00:00-08:00,1.093,1.09402,1.08267,1.08398,
2023-02-03T06:00:00-08:00,1.08398,1.08762,1.08094,1.08246,
2023-02-03T10:00:00-08:00,1.08246,1.08249,1.07928,1.07943,
2023-02-05T14:00:00-08:00,1.07946,1.07986,1.07809,1.07851,
2023-02-05T18:00:00-08:00,1.07851,1.0799,1.07822,1.07968,
2023-02-05T22:00:00-08:00,1.07968,1.0798,1.07653,1.07667,
2023-02-06T02:00:00-08:00,1.07667,1.07831,1.07568,1.07581,
2023-02-06T06:00:00-08:00,1.07581,1.07663,1.07095,1.07132,
2023-02-06T10:00:00-08:00,1.07132,1.07373,1.07102,1.07265,
2023-02-06T14:00:00-08:00,1.07265,1.07429,1.07218,1.07413,
2023-02-06T18:00:00-08:00,1.07413,1.07428,1.07287,1.07404,
2023-02-06T22:00:00-08:00,1.07404,1.07439,1.06972,1.07109,
2023-02-07T02:00:00-08:00,1.07109,1.07227,1.06858,1.06954,
2023-02-07T06:00:00-08:00,1.06954,1.07666,1.06692,1.07607,
2023-02-07T10:00:00-08:00,1.07607,1.07626,1.06874,1.0727,
2023-02-07T14:00:00-08:00,1.0727,1.07351,1.07228,1.07265,
2023-02-07T18:00:00-08:00,1.07265,1.07351,1.0724,1.07338,
2023-02-07T22:00:00-08:00,1.07338,1.07609,1.0724,1.07553,
2023-02-08T02:00:00-08:00,1.07553,1.07559,1.07258,1.07315,
2023-02-08T06:00:00-08:00,1.07315,1.07433,1.07141,1.07285,
2023-02-08T10:00:00-08:00,1.07285,1.07393,1.07095,1.07133,
2023-02-08T14:00:00-08:00,1.07133,1.07261,1.07086,1.07249,
2023-02-08T18:00:00-08:00,1.07249,1.0738,1.07237,1.07358,
2023-02-08T22:00:00-08:00,1.07358,1.0769,1.07241,1.07637,
2023-02-09T02:00:00-08:00,1.07637,1.07899,1.07588,1.07897,
2023-02-09T06:00:00-08:00,1.07897,1.07908,1.07392,1.07487,
2023-02-09T10:00:00-08:00,1.07487,1.07487,1.07315,1.07396,
2023-02-09T14:00:00-08:00,1.07396,1.07419,1.07257,1.07338,
2023-02-09T18:00:00-08:00,1.07338,1.07343,1.07174,1.0726,
2023-02-09T22:00:00-08:00,1.0726,1.07528,1.0704,1.07067,
2023-02-10T02:00:00-08:00,1.07067,1.07111,1.06813,1.06959,
2023-02-10T06:00:00-08:00,1.06959,1.0707,1.06664,1.06684,
2023-02-10T10:00:00-08:00,1.06684,1.0681,1.06676,1.06774,
2023-02-12T14:00:00-08:00,1.06774,1.06835,1.06556,1.06672,
2023-02-12T18:00:00-08:00,1.06672,1.06711,1.06607,1.06696,
2023-02-12T22:00:00-08:00,1.06696,1.06899,1.06633,1.06772,
2023-02-13T02:00:00-08:00,1.06772,1.06967,1.06732,1.06807,
2023-02-13T06:00:00-08:00,1.06807,1.07274,1.06765,1.07183,
2023-02-13T10:00:00-08:00,1.07183,1.073,1.07117,1.07238,
2023-02-13T14:00:00-08:00,1.07238,1.0737,1.07213,1.07289,
2023-02-13T18:00:00-08:00,1.07289,1.074,1.07257,1.07383,
2023-02-13T22:00:00-08:00,1.07383,1.0767,1.07288,1.07615,
2023-02-14T02:00:00-08:00,1.07615,1.08048,1.07187,1.0761,
2023-02-14T06:00:00-08:00,1.0761,1.0772,1.07069,1.07278,
2023-02-14T10:00:00-08:00,1.07278,1.07456,1.07234,1.07383,
2023-02-14T14:00:00-08:00,1.07383,1.07446,1.07329,1.07398,
2023-02-14T18:00:00-08:00,1.07398,1.07399,1.07138,1.07152,
2023-02-14T22:00:00-08:00,1.07152,1.07301,1.07001,1.0726,
2023-02-15T02:00:00-08:00,1.0726,1.0733,1.06742,1.0683,
2023-02-15T06:00:00-08:00,1.0683,1.06892,1.06621,1.0667,
2023-02-15T10:00:00-08:00,1.0667,1.06914,1.06606,1.06871,
2023-02-15T14:00:00-08:00,1.06871,1.07082,1.06846,1.0705,
2023-02-15T18:00:00-08:00,1.0705,1.0715,1.07011,1.07055,
2023-02-15T22:00:00-08:00,1.07055,1.07224,1.06891,1.07006,
2023-02-16T02:00:00-08:00,1.07006,1.07128,1.06699,1.06794,
2023-02-16T06:00:00-08:00,1.06794,1.06961,1.06545,1.06929,
2023-02-16T10:00:00-08:00,1.06929,1.06976,1.06693,1.06741,
2023-02-16T14:00:00-08:00,1.06741,1.06766,1.06524,1.06535,
2023-02-16T18:00:00-08:00,1.06535,1.06559,1.06329,1.06386,
2023-02-16T22:00:00-08:00,1.06386,1.06615,1.06296,1.0637,
2023-02-17T02:00:00-08:00,1.0637,1.06448,1.06129,1.06412,
2023-02-17T06:00:00-08:00,1.06412,1.06938,1.06367,1.06785,
2023-02-17T10:00:00-08:00,1.06785,1.06984,1.06777,1.06938,
2023-02-19T14:00:00-08:00,1.06938,1.06938,1.06731,1.0676,
2023-02-19T18:00:00-08:00,1.0676,1.06933,1.06756,1.06909,
2023-02-19T22:00:00-08:00,1.06909,1.07047,1.06791,1.06794,
2023-02-20T02:00:00-08:00,1.06794,1.06922,1.06704,1.06805,
2023-02-20T06:00:00-08:00,1.06805,1.06939,1.06784,1.06857,
2023-02-20T10:00:00-08:00,1.06857,1.06875,1.06825,1.0686,
2023-02-20T14:00:00-08:00,1.0686,1.06888,1.06675,1.06738,
2023-02-20T18:00:00-08:00,1.06738,1.06753,1.06623,1.06737,
2023-02-20T22:00:00-08:00,1.06737,1.06885,1.0643,1.0663,
2023-02-21T02:00:00-08:00,1.0663,1.06696,1.06458,1.06532,
2023-02-21T06:00:00-08:00,1.06532,1.06983,1.06441,1.06608,
2023-02-21T10:00:00-08:00,1.06608,1.06615,1.06375,1.06482,
2023-02-21T14:00:00-08:00,1.06482,1.06641,1.06439,1.06577,
2023-02-21T18:00:00-08:00,1.06577,1.06628,1.06513,1.06576,
2023-02-21T22:00:00-08:00,1.06576,1.06634,1.06357,1.06377,
2023-02-22T02:00:00-08:00,1.06377,1.06506,1.06247,1.06464,
2023-02-22T06:00:00-08:00,1.06464,1.06603,1.06173,1.06282,
2023-02-22T10:00:00-08:00,1.06282,1.06362,1.05992,1.06043,
2023-02-22T14:00:00-08:00,1.06043,1.06217,1.06033,1.06198,
2023-02-22T18:00:00-08:00,1.06198,1.06249,1.06146,1.06224,
2023-02-22T22:00:00-08:00,1.06224,1.06279,1.05874,1.05911,
2023-02-23T02:00:00-08:00,1.05911,1.06211,1.0586,1.06077,
2023-02-23T06:00:00-08:00,1.06077,1.06166,1.05772,1.05854,
2023-02-23T10:00:00-08:00,1.05854,1.06033,1.05809,1.05983,
2023-02-23T14:00:00-08:00,1.05983,1.06144,1.05927,1.06013,
2023-02-23T18:00:00-08:00,1.06013,1.06065,1.05948,1.05977,
2023-02-23T22:00:00-08:00,1.05977,1.06024,1.05801,1.05857,
2023-02-24T02:00:00-08:00,1.05857,1.05962,1.05437,1.05539,
2023-02-24T06:00:00-08:00,1.05539,1.05607,1.05361,1.05472,
2023-02-24T10:00:00-08:00,1.05472,1.05557,1.0544,1.05449,
2023-02-26T14:00:00-08:00,1.05449,1.05595,1.05442,1.05595,
2023-02-26T18:00:00-08:00,1.05595,1.056,1.05389,1.05394,
2023-02-26T22:00:00-08:00,1.05394,1.05613,1.05331,1.05511,
2023-02-27T02:00:00-08:00,1.05511,1.05833,1.05487,1.05829,
2023-02-27T06:00:00-08:00,1.05829,1.06199,1.05762,1.06013,
2023-02-27T10:00:00-08:00,1.06013,1.06129,1.05989,1.061,
2023-02-27T14:00:00-08:00,1.061,1.06151,1.05862,1.05867,
2023-02-27T18:00:00-08:00,1.05867,1.05989,1.05819,1.05847,
2023-02-27T22:00:00-08:00,1.05847,1.06257,1.0582,1.0606,
2023-02-28T02:00:00-08:00,1.0606,1.0632,1.06058,1.06313,
2023-02-28T06:00:00-08:00,1.06313,1.06454,1.05952,1.06057,
2023-02-28T10:00:00-08:00,1.06057,1.06068,1.05741,1.05746,
2023-02-28T14:00:00-08:00,1.05746,1.05854,1.05654,1.05845,
2023-02-28T18:00:00-08:00,1.05845,1.05957,1.05816,1.05911,
2023-02-28T22:00:00-08:00,1.05911,1.06574,1.05894,1.06425,
2023-03-01T02:00:00-08:00,1.06425,1.06915,1.06399,1.06714,
2023-03-01T06:00:00-08:00,1.06714,1.06797,1.06439,1.06653,
2023-03-01T10:00:00-08:00,1.06653,1.06713,1.06465,1.06685,
2023-03-01T14:00:00-08:00,1.06685,1.06729,1.06467,1.06516,
2023-03-01T18:00:00-08:00,1.06516,1.06571,1.06373,1.06411,
2023-03-01T22:00:00-08:00,1.06411,1.06448,1.06192,1.06245,
2023-03-02T02:00:00-08:00,1.06245,1.06317,1.05819,1.05861,
2023-03-02T06:00:00-08:00,1.05861,1.06148,1.05767,1.058,
2023-03-02T10:00:00-08:00,1.058,1.06066,1.05766,1.05969,
2023-03-02T14:00:00-08:00,1.05969,1.06144,1.05962,1.06085,
2023-03-02T18:00:00-08:00,1.06085,1.0615,1.06019,1.06091,
2023-03-02T22:00:00-08:00,1.06091,1.06291,1.06074,1.06101,
2023-03-03T02:00:00-08:00,1.06101,1.06298,1.06005,1.06225,
2023-03-03T06:00:00-08:00,1.06225,1.06297,1.05885,1.06249,
2023-03-03T10:00:00-08:00,1.06249,1.06386,1.06201,1.06353,
2023-03-05T14:00:00-08:00,1.06353,1.06381,1.06236,1.06365,
2023-03-05T18:00:00-08:00,1.06365,1.06501,1.06282,1.06485,
2023-03-05T22:00:00-08:00,1.06485,1.06574,1.06282,1.06292,
2023-03-06T02:00:00-08:00,1.06292,1.06583,1.06223,1.06548,
2023-03-06T06:00:00-08:00,1.06548,1.06944,1.06504,1.06852,
2023-03-06T10:00:00-08:00,1.06852,1.0686,1.06684,1.06825,
2023-03-06T14:00:00-08:00,1.06825,1.06888,1.06766,1.06867,
2023-03-06T18:00:00-08:00,1.06867,1.06934,1.06817,1.06853,
2023-03-06T22:00:00-08:00,1.06853,1.06945,1.06555,1.06569,
2023-03-07T02:00:00-08:00,1.06569,1.06721,1.06502,1.06564,
2023-03-07T06:00:00-08:00,1.06564,1.06613,1.0566,1.05674,
2023-03-07T10:00:00-08:00,1.05674,1.05739,1.05462,1.05496,
2023-03-07T14:00:00-08:00,1.05496,1.0556,1.05422,1.05448,
2023-03-07T18:00:00-08:00,1.05448,1.05471,1.05244,1.05312,
2023-03-07T22:00:00-08:00,1.05312,1.05489,1.05306,1.05356,
2023-03-08T02:00:00-08:00,1.05356,1.05493,1.05341,1.05412,
2023-03-08T06:00:00-08:00,1.05412,1.05739,1.05295,1.05453,
2023-03-08T10:00:00-08:00,1.05453,1.05507,1.05399,1.05434,
2023-03-08T14:00:00-08:00,1.05434,1.05535,1.05381,1.05406,
2023-03-08T18:00:00-08:00,1.05406,1.05557,1.05394,1.05524,
2023-03-08T22:00:00-08:00,1.05524,1.05697,1.05482,1.05585,
2023-03-09T02:00:00-08:00,1.05585,1.05815,1.05525,1.05745,
2023-03-09T06:00:00-08:00,1.05745,1.05864,1.05638,1.05773,
2023-03-09T10:00:00-08:00,1.05773,1.05913,1.05725,1.05816,
2023-03-09T14:00:00-08:00,1.05816,1.05993,1.05787,1.05946,
2023-03-09T18:00:00-08:00,1.05946,1.05985,1.05795,1.05868,
2023-03-09T22:00:00-08:00,1.05868,1.06067,1.0574,1.05815,
2023-03-10T02:00:00-08:00,1.05815,1.06441,1.05782,1.06217,
2023-03-10T06:00:00-08:00,1.06217,1.07007,1.06122,1.06686,
2023-03-10T10:00:00-08:00,1.06686,1.06728,1.0636,1.06416,
2023-03-12T14:00:00-07:00,1.06416,1.07036,1.06416,1.06818,
2023-03-12T18:00:00-07:00,1.06818,1.07368,1.06641,1.0718,
2023-03-12T22:00:00-07:00,1.0718,1.07373,1.07041,1.07077,
2023-03-13T02:00:00-07:00,1.07077,1.07077,1.06504,1.06965,
2023-03-13T06:00:00-07:00,1.06965,1.07426,1.06856,1.07397,
2023-03-13T10:00:00-07:00,1.07397,1.07486,1.07212,1.07317,
2023-03-13T14:00:00-07:00,1.07317,1.07383,1.07116,1.07192,
2023-03-13T18:00:00-07:00,1.07192,1.07213,1.06983,1.07028,
2023-03-13T22:00:00-07:00,1.07028,1.07156,1.06791,1.07064,
2023-03-14T02:00:00-07:00,1.07064,1.07491,1.06914,1.07356,
2023-03-14T06:00:00-07:00,1.07356,1.07436,1.06982,1.07173,
2023-03-14T10:00:00-07:00,1.07173,1.07497,1.07173,1.07327,
2023-03-14T14:00:00-07:00,1.07327,1.07423,1.07253,1.07341,
2023-03-14T18:00:00-07:00,1.07341,1.076,1.07313,1.0745,
2023-03-14T22:00:00-07:00,1.0745,1.07464,1.07268,1.07316,
2023-03-15T02:00:00-07:00,1.07316,1.07329,1.05528,1.05569,
2023-03-15T06:00:00-07:00,1.05569,1.05647,1.05162,1.05424,
2023-03-15T10:00:00-07:00,1.05424,1.05925,1.05422,1.05779,
2023-03-15T14:00:00-07:00,1.05779,1.05982,1.05731,1.05898,
2023-03-15T18:00:00-07:00,1.05898,1.06034,1.05862,1.06026,
2023-03-15T22:00:00-07:00,1.06026,1.06355,1.05929,1.06125,
2023-03-16T02:00:00-07:00,1.06125,1.0621,1.05761,1.05878,
2023-03-16T06:00:00-07:00,1.05878,1.06267,1.05511,1.06188,
2023-03-16T10:00:00-07:00,1.06188,1.06207,1.05917,1.0612,
2023-03-16T14:00:00-07:00,1.0612,1.06204,1.06072,1.06184,
2023-03-16T18:00:00-07:00,1.06184,1.06494,1.06145,1.06491,
2023-03-16T22:00:00-07:00,1.06491,1.06701,1.06445,1.06524,
2023-03-17T02:00:00-07:00,1.06524,1.06599,1.06122,1.06263,
2023-03-17T06:00:00-07:00,1.06263,1.06758,1.06172,1.06674,
2023-03-17T10:00:00-07:00,1.06674,1.06854,1.06586,1.06678,
2023-03-19T14:00:00-07:00,1.06678,1.06896,1.06665,1.0681,
2023-03-19T18:00:00-07:00,1.0681,1.06901,1.06649,1.06698,
2023-03-19T22:00:00-07:00,1.06698,1.06811,1.06314,1.06612,
2023-03-20T02:00:00-07:00,1.06612,1.07177,1.06498,1.07053,
2023-03-20T06:00:00-07:00,1.07053,1.07309,1.0703,1.07254,
2023-03-20T10:00:00-07:00,1.07254,1.07285,1.07142,1.0722,
2023-03-20T14:00:00-07:00,1.0722,1.07261,1.07153,1.07176,
2023-03-20T18:00:00-07:00,1.07176,1.07224,1.07098,1.07123,
2023-03-20T22:00:00-07:00,1.07123,1.07389,1.0704,1.073,
2023-03-21T02:00:00-07:00,1.073,1.07844,1.07248,1.07812,
2023-03-21T06:00:00-07:00,1.07812,1.07884,1.0761,1.07676,
2023-03-21T10:00:00-07:00,1.07676,1.07745,1.07566,1.07689,
2023-03-21T14:00:00-07:00,1.07689,1.07761,1.07658,1.07681,
2023-03-21T18:00:00-07:00,1.07681,1.07769,1.07654,1.07689,
2023-03-21T22:00:00-07:00,1.07689,1.0783,1.07591,1.07802,
2023-03-22T02:00:00-07:00,1.07802,1.08002,1.07758,1.0782,
2023-03-22T06:00:00-07:00,1.0782,1.08005,1.07757,1.0799,
2023-03-22T10:00:00-07:00,1.0799,1.09126,1.07899,1.08558,
2023-03-22T14:00:00-07:00,1.08558,1.08838,1.08548,1.08836,
2023-03-22T18:00:00-07:00,1.08836,1.09056,1.08791,1.09038,
2023-03-22T22:00:00-07:00,1.09038,1.09298,1.08912,1.08999,
2023-03-23T02:00:00-07:00,1.08999,1.09037,1.08668,1.08732,
2023-03-23T06:00:00-07:00,1.08732,1.09081,1.08731,1.08957,
2023-03-23T10:00:00-07:00,1.08957,1.08957,1.08243,1.08312,
2023-03-23T14:00:00-07:00,1.08312,1.0839,1.08247,1.08328,
2023-03-23T18:00:00-07:00,1.08328,1.08353,1.08174,1.08344,
2023-03-23T22:00:00-07:00,1.08344,1.08372,1.07681,1.07801,
2023-03-24T02:00:00-07:00,1.07801,1.07909,1.07132,1.07493,
2023-03-24T06:00:00-07:00,1.07493,1.07675,1.07416,1.07573,
2023-03-24T10:00:00-07:00,1.07573,1.07676,1.07542,1.07585,
2023-03-26T14:00:00-07:00,1.07585,1.078,1.07585,1.07612,
2023-03-26T18:00:00-07:00,1.07612,1.07749,1.07578,1.07679,
2023-03-26T22:00:00-07:00,1.07679,1.07823,1.0745,1.07667,
2023-03-27T02:00:00-07:00,1.07667,1.07809,1.07565,1.07731,
2023-03-27T06:00:00-07:00,1.07731,1.0795,1.07703,1.07912,
2023-03-27T10:00:00-07:00,1.07912,1.08002,1.07862,1.07975,
2023-03-27T14:00:00-07:00,1.07975,1.08179,1.07958,1.08159,
2023-03-27T18:00:00-07:00,1.08159,1.08195,1.08101,1.08122,
2023-03-27T22:00:00-07:00,1.08122,1.08341,1.08063,1.08123,
2023-03-28T02:00:00-07:00,1.08123,1.0847,1.08106,1.08394,
2023-03-28T06:00:00-07:00,1.08394,1.08461,1.08165,1.0842,
2023-03-28T10:00:00-07:00,1.0842,1.08486,1.08356,1.08429,
2023-03-28T14:00:00-07:00,1.08429,1.08477,1.08365,1.08473,
2023-03-28T18:00:00-07:00,1.08473,1.08497,1.08338,1.08375,
2023-03-28T22:00:00-07:00,1.08375,1.08408,1.08186,1.0833,
2023-03-29T02:00:00-07:00,1.0833,1.08715,1.08322,1.08536,
2023-03-29T06:00:00-07:00,1.08536,1.08585,1.08236,1.08277,
2023-03-29T10:00:00-07:00,1.08277,1.08483,1.08257,1.08444,
2023-03-29T14:00:00-07:00,1.08444,1.08486,1.08355,1.08378,
2023-03-29T18:00:00-07:00,1.08378,1.0841,1.08265,1.08391,
2023-03-29T22:00:00-07:00,1.08391,1.08796,1.08236,1.08732,
2023-03-30T02:00:00-07:00,1.08732,1.0911,1.0859,1.09104,
2023-03-30T06:00:00-07:00,1.09104,1.09263,1.08946,1.09048,
2023-03-30T10:00:00-07:00,1.09048,1.09079,1.08922,1.0906,
2023-03-30T14:00:00-07:00,1.0906,1.09171,1.09021,1.09158,
2023-03-30T18:00:00-07:00,1.09158,1.09259,1.09014,1.09033,
2023-03-30T22:00:00-07:00,1.09033,1.09108,1.08729,1.08897,
2023-03-31T02:00:00-07:00,1.08897,1.08961,1.08641,1.08872,
2023-03-31T06:00:00-07:00,1.08872,1.09019,1.08576,1.08694,
2023-03-31T10:00:00-07:00,1.08694,1.08713,1.0837,1.0842,
2023-04-02T14:00:00-07:00,1.0842,1.08451,1.07989,1.08139,
2023-04-02T18:00:00-07:00,1.08139,1.08169,1.07883,1.07931,
2023-04-02T22:00:00-07:00,1.07931,1.08498,1.07894,1.08429,
2023-04-03T02:00:00-07:00,1.08429,1.08779,1.08426,1.08651,
2023-04-03T06:00:00-07:00,1.08651,1.09166,1.08644,1.08887,
2023-04-03T10:00:00-07:00,1.08887,1.09084,1.08801,1.09031,
2023-04-03T14:00:00-07:00,1.09031,1.09097,1.08992,1.09012,
2023-04-03T18:00:00-07:00,1.09012,1.09017,1.08879,1.08946,
2023-04-03T22:00:00-07:00,1.08946,1.09382,1.08829,1.09173,
2023-04-04T02:00:00-07:00,1.09173,1.09361,1.0887,1.08914,
2023-04-04T06:00:00-07:00,1.08914,1.09734,1.08886,1.09463,
2023-04-04T10:00:00-07:00,1.09463,1.09581,1.09435,1.09524,
2023-04-04T14:00:00-07:00,1.09524,1.09697,1.09484,1.09607,
2023-04-04T18:00:00-07:00,1.09607,1.09645,1.09536,1.09549,
2023-04-04T22:00:00-07:00,1.09549,1.09673,1.0941,1.09511,
2023-04-05T02:00:00-07:00,1.09511,1.09631,1.0935,1.09578,
2023-04-05T06:00:00-07:00,1.09578,1.0967,1.08963,1.08969,
2023-04-05T10:00:00-07:00,1.08969,1.09097,1.08911,1.09049,
2023-04-05T14:00:00-07:00,1.09049,1.09105,1.08931,1.08941,
2023-04-05T18:00:00-07:00,1.08941,1.08961,1.08847,1.08929,
2023-04-05T22:00:00-07:00,1.08929,1.09171,1.08897,1.08996,
2023-04-06T02:00:00-07:00,1.08996,1.09195,1.08897,1.08922,
2023-04-06T06:00:00-07:00,1.08922,1.09377,1.0886,1.09344,
2023-04-06T10:00:00-07:00,1.09344,1.09362,1.09169,1.09223,
2023-04-06T14:00:00-07:00,1.09223,1.09246,1.09143,1.0916,
2023-04-06T18:00:00-07:00,1.0916,1.09217,1.09148,1.0915,
2023-04-06T22:00:00-07:00,1.0915,1.09197,1.09114,1.09156,
2023-04-07T02:00:00-07:00,1.09156,1.09218,1.08765,1.09036,
2023-04-07T06:00:00-07:00,1.09036,1.09156,1.08935,1.09099,
2023-04-07T10:00:00-07:00,1.09099,1.09105,1.08996,1.09077,
2023-04-09T14:00:00-07:00,1.09077,1.09147,1.09013,1.09036,
2023-04-09T18:00:00-07:00,1.09036,1.09069,1.08953,1.08964,
2023-04-09T22:00:00-07:00,1.08964,1.09173,1.08909,1.09121,
2023-04-10T02:00:00-07:00,1.09121,1.09166,1.08473,1.0849,
2023-04-10T06:00:00-07:00,1.0849,1.08574,1.08314,1.08477,
2023-04-10T10:00:00-07:00,1.08477,1.08631,1.08477,1.08603,
2023-04-10T14:00:00-07:00,1.08603,1.08789,1.08552,1.08777,
2023-04-10T18:00:00-07:00,1.08777,1.08879,1.08671,1.08826,
2023-04-10T22:00:00-07:00,1.08826,1.09103,1.08811,1.09071,
2023-04-11T02:00:00-07:00,1.09071,1.09267,1.09023,1.09121,
2023-04-11T06:00:00-07:00,1.09121,1.0928,1.08976,1.0899,
2023-04-11T10:00:00-07:00,1.0899,1.0917,1.08962,1.09133,
2023-04-11T14:00:00-07:00,1.09133,1.09277,1.09114,1.09255,
2023-04-11T18:00:00-07:00,1.09255,1.09288,1.09165,1.09257,
2023-04-11T22:00:00-07:00,1.09257,1.09375,1.09161,1.09239,
2023-04-12T02:00:00-07:00,1.09239,1.099,1.09198,1.0964,
2023-04-12T06:00:00-07:00,1.0964,1.09999,1.09582,1.09961,
2023-04-12T10:00:00-07:00,1.09961,1.10004,1.09867,1.09927,
2023-04-12T14:00:00-07:00,1.09927,1.10051,1.0988,1.10022,
2023-04-12T18:00:00-07:00,1.10022,1.10036,1.09839,1.09899,
2023-04-12T22:00:00-07:00,1.09899,1.1025,1.09769,1.10148,
2023-04-13T02:00:00-07:00,1.10148,1.10535,1.10084,1.10487,
2023-04-13T06:00:00-07:00,1.10487,1.10677,1.10433,1.10557,
2023-04-13T10:00:00-07:00,1.10557,1.10598,1.10441,1.10462,
2023-04-13T14:00:00-07:00,1.10462,1.1059,1.10456,1.10544,
2023-04-13T18:00:00-07:00,1.10544,1.10754,1.10531,1.10691,
2023-04-13T22:00:00-07:00,1.10691,1.10758,1.1054,1.10592,
2023-04-14T02:00:00-07:00,1.10592,1.10742,1.10186,1.10348,
2023-04-14T06:00:00-07:00,1.10348,1.10365,1.09724,1.09778,
2023-04-14T10:00:00-07:00,1.09778,1.09994,1.09753,1.09943,
2023-04-16T14:00:00-07:00,1.09943,1.09959,1.09728,1.09728,
2023-04-16T18:00:00-07:00,1.09728,1.09848,1.09617,1.09846,
2023-04-16T22:00:00-07:00,1.09846,1.09998,1.09643,1.09649,
2023-04-17T02:00:00-07:00,1.09649,1.0985,1.09518,1.09537,
2023-04-17T06:00:00-07:00,1.09537,1.09571,1.09092,1.09119,
2023-04-17T10:00:00-07:00,1.09119,1.09313,1.09118,1.09263,
2023-04-17T14:00:00-07:00,1.09263,1.09291,1.09225,1.09254,
2023-04-17T18:00:00-07:00,1.09254,1.0939,1.09236,1.09371,
2023-04-17T22:00:00-07:00,1.09371,1.0983,1.09343,1.09811,
2023-04-18T02:00:00-07:00,1.09811,1.09829,1.09545,1.09561,
2023-04-18T06:00:00-07:00,1.09561,1.09711,1.09431,1.09704,
2023-04-18T10:00:00-07:00,1.09704,1.09749,1.09673,1.0972,
2023-04-18T14:00:00-07:00,1.0972,1.09829,1.09684,1.09829,
2023-04-18T18:00:00-07:00,1.09829,1.09841,1.09651,1.09686,
2023-04-18T22:00:00-07:00,1.09686,1.09725,1.09466,1.09558,
2023-04-19T02:00:00-07:00,1.09558,1.09633,1.09173,1.09496,
2023-04-19T06:00:00-07:00,1.09496,1.09795,1.09474,1.09659,
2023-04-19T10:00:00-07:00,1.09659,1.09669,1.09518,1.09549,
2023-04-19T14:00:00-07:00,1.09549,1.09597,1.09477,1.09568,
2023-04-19T18:00:00-07:00,1.09568,1.09619,1.09493,1.09592,
2023-04-19T22:00:00-07:00,1.09592,1.09785,1.095,1.09714,
2023-04-20T02:00:00-07:00,1.09714,1.09851,1.09335,1.09777,
2023-04-20T06:00:00-07:00,1.09777,1.09898,1.09633,1.09672,
2023-04-20T10:00:00-07:00,1.09672,1.09727,1.09564,1.09697,
2023-04-20T14:00:00-07:00,1.09697,1.09721,1.0962,1.09701,
2023-04-20T18:00:00-07:00,1.09701,1.09734,1.09587,1.09605,
2023-04-20T22:00:00-07:00,1.09605,1.09722,1.09382,1.09598,
2023-04-21T02:00:00-07:00,1.09598,1.09901,1.09491,1.09881,
2023-04-21T06:00:00-07:00,1.09881,1.09938,1.09426,1.09793,
2023-04-21T10:00:00-07:00,1.09793,1.09929,1.09721,1.099,
2023-04-23T14:00:00-07:00,1.09895,1.09963,1.09845,1.0995,
2023-04-23T18:00:00-07:00,1.0995,1.0995,1.09795,1.09805,
2023-04-23T22:00:00-07:00,1.09805,1.10095,1.0966,1.10087,
2023-04-24T02:00:00-07:00,1.10087,1.10249,1.09992,1.1023,
2023-04-24T06:00:00-07:00,1.1023,1.10369,1.10129,1.10339,
2023-04-24T10:00:00-07:00,1.10339,1.10501,1.10336,1.10464,
2023-04-24T14:00:00-07:00,1.10464,1.10666,1.10434,1.10592,
2023-04-24T18:00:00-07:00,1.10592,1.10673,1.10509,1.10513,
2023-04-24T22:00:00-07:00,1.10513,1.10566,1.10247,1.10399,
2023-04-25T02:00:00-07:00,1.10399,1.10441,1.10096,1.10174,
2023-04-25T06:00:00-07:00,1.10174,1.10188,1.09654,1.09683,
2023-04-25T10:00:00-07:00,1.09683,1.09762,1.09643,1.09725,
2023-04-25T14:00:00-07:00,1.09725,1.09804,1.09668,1.09783,
2023-04-25T18:00:00-07:00,1.09783,1.09819,1.09685,1.09812,
2023-04-25T22:00:00-07:00,1.09812,1.10433,1.09799,1.1042,
2023-04-26T02:00:00-07:00,1.1042,1.10629,1.10314,1.1054,
2023-04-26T06:00:00-07:00,1.1054,1.10955,1.1033,1.10411,
2023-04-26T10:00:00-07:00,1.10411,1.10423,1.10324,1.10414,
2023-04-26T14:00:00-07:00,1.10414,1.10475,1.10351,1.10457,
2023-04-26T18:00:00-07:00,1.10457,1.1055,1.10391,1.10508,
2023-04-26T22:00:00-07:00,1.10508,1.10636,1.10401,1.10531,
2023-04-27T02:00:00-07:00,1.10531,1.10577,1.10009,1.10132,
2023-04-27T06:00:00-07:00,1.10132,1.1027,1.09921,1.10086,
2023-04-27T10:00:00-07:00,1.10086,1.103,1.10055,1.10287,
2023-04-27T14:00:00-07:00,1.10287,1.10392,1.10254,1.10347,
2023-04-27T18:00:00-07:00,1.10347,1.10348,1.10083,1.10137,
2023-04-27T22:00:00-07:00,1.10137,1.10365,1.09768,1.09911,
2023-04-28T02:00:00-07:00,1.09911,1.09987,1.09626,1.09845,
2023-04-28T06:00:00-07:00,1.09845,1.10451,1.09828,1.1031,
2023-04-28T10:00:00-07:00,1.1031,1.10311,1.1012,1.10167,
2023-04-30T14:00:00-07:00,1.10167,1.10267,1.10046,1.10057,
2023-04-30T18:00:00-07:00,1.10057,1.10143,1.10009,1.10065,
2023-04-30T22:00:00-07:00,1.10065,1.1009,1.09916,1.09923,
2023-05-01T02:00:00-07:00,1.09923,1.10338,1.09884,1.1033,
2023-05-01T06:00:00-07:00,1.1033,1.10356,1.09645,1.09675,
2023-05-01T10:00:00-07:00,1.09675,1.0977,1.09655,1.09761,
2023-05-01T14:00:00-07:00,1.09761,1.09793,1.09674,1.09791,
2023-05-01T18:00:00-07:00,1.09791,1.09945,1.09787,1.09846,
2023-05-01T22:00:00-07:00,1.09846,1.10068,1.096,1.09719,
2023-05-02T02:00:00-07:00,1.09719,1.09817,1.09481,1.09552,
2023-05-02T06:00:00-07:00,1.09552,1.10032,1.09422,1.1,
2023-05-02T10:00:00-07:00,1.1,1.1008,1.09947,1.09984,
2023-05-02T14:00:00-07:00,1.09984,1.10205,1.09984,1.10174,
2023-05-02T18:00:00-07:00,1.10174,1.103,1.1013,1.10217,
2023-05-02T22:00:00-07:00,1.10217,1.10469,1.10145,1.10397,
2023-05-03T02:00:00-07:00,1.10397,1.10469,1.10223,1.10386,
2023-05-03T06:00:00-07:00,1.10386,1.10595,1.10298,1.1047,
2023-05-03T10:00:00-07:00,1.1047,1.10915,1.10375,1.10637,
2023-05-03T14:00:00-07:00,1.10637,1.10874,1.10567,1.1076,
2023-05-03T18:00:00-07:00,1.1076,1.10877,1.10715,1.10817,
2023-05-03T22:00:00-07:00,1.10817,1.10915,1.10373,1.10403,
2023-05-04T02:00:00-07:00,1.10403,1.10841,1.10015,1.10096,
2023-05-04T06:00:00-07:00,1.10096,1.10553,1.09862,1.10248,
2023-05-04T10:00:00-07:00,1.10248,1.10317,1.10115,1.10129,
2023-05-04T14:00:00-07:00,1.10129,1.10297,1.10097,1.10252,
2023-05-04T18:00:00-07:00,1.10252,1.1045,1.10251,1.10419,
2023-05-04T22:00:00-07:00,1.10419,1.10479,1.10242,1.10284,
2023-05-05T02:00:00-07:00,1.10284,1.10319,1.09668,1.0976,
2023-05-05T06:00:00-07:00,1.0976,1.10366,1.0976,1.10324,
2023-05-05T10:00:00-07:00,1.10324,1.10346,1.10098,1.10181,
2023-05-07T14:00:00-07:00,1.10181,1.10254,1.10144,1.10243,
2023-05-07T18:00:00-07:00,1.10243,1.10444,1.10187,1.10437,
2023-05-07T22:00:00-07:00,1.10437,1.10538,1.10359,1.10361,
2023-05-08T02:00:00-07:00,1.10361,1.10514,1.1023,1.10371,
2023-05-08T06:00:00-07:00,1.10371,1.10444,1.10117,1.10272,
2023-05-08T10:00:00-07:00,1.10272,1.10294,1.1,1.1004,
2023-05-08T14:00:00-07:00,1.1004,1.10068,1.09852,1.09899,
2023-05-08T18:00:00-07:00,1.09899,1.09954,1.09851,1.0989,
2023-05-08T22:00:00-07:00,1.0989,1.10009,1.09728,1.0979,
2023-05-09T02:00:00-07:00,1.0979,1.09844,1.09499,1.09501,
2023-05-09T06:00:00-07:00,1.09501,1.09646,1.09412,1.09553,
2023-05-09T10:00:00-07:00,1.09553,1.09725,1.09544,1.09621,
2023-05-09T14:00:00-07:00,1.09621,1.09721,1.09466,1.09692,
2023-05-09T18:00:00-07:00,1.09692,1.09775,1.09685,1.09721,
2023-05-09T22:00:00-07:00,1.09721,1.09826,1.09504,1.09521,
2023-05-10T02:00:00-07:00,1.09521,1.10059,1.09416,1.10009,
2023-05-10T06:00:00-07:00,1.10009,1.1007,1.09643,1.09705,
2023-05-10T10:00:00-07:00,1.09705,1.0985,1.09618,1.09809,
2023-05-10T14:00:00-07:00,1.09809,1.09932,1.09779,1.09929,
2023-05-10T18:00:00-07:00,1.09929,1.09983,1.09697,1.09753,
2023-05-10T22:00:00-07:00,1.09753,1.09824,1.09182,1.09285,
2023-05-11T02:00:00-07:00,1.09285,1.0948,1.09179,1.09328,
2023-05-11T06:00:00-07:00,1.09328,1.09332,1.09002,1.09253,
2023-05-11T10:00:00-07:00,1.09253,1.09259,1.09108,1.09158,
2023-05-11T14:00:00-07:00,1.09158,1.09217,1.09116,1.09215,
2023-05-11T18:00:00-07:00,1.09215,1.0927,1.09151,1.09263,
2023-05-11T22:00:00-07:00,1.09263,1.09355,1.09047,1.09136,
2023-05-12T02:00:00-07:00,1.09136,1.09174,1.08814,1.08872,
2023-05-12T06:00:00-07:00,1.08872,1.08975,1.08486,1.08518,
2023-05-12T10:00:00-07:00,1.08518,1.0857,1.0848,1.08498,
2023-05-14T14:00:00-07:00,1.08498,1.08624,1.08458,1.08532,
2023-05-14T18:00:00-07:00,1.08532,1.08645,1.08526,1.08632,
2023-05-14T22:00:00-07:00,1.08632,1.08802,1.08603,1.08687,
2023-05-15T02:00:00-07:00,1.08687,1.08908,1.08556,1.08791,
2023-05-15T06:00:00-07:00,1.08791,1.08819,1.08641,1.08789,
2023-05-15T10:00:00-07:00,1.08789,1.0879,1.0873,1.08741,
2023-05-15T14:00:00-07:00,1.08741,1.08822,1.08733,1.08818,
2023-05-15T18:00:00-07:00,1.08818,1.08848,1.08683,1.0883,
2023-05-15T22:00:00-07:00,1.0883,1.08979,1.08629,1.08913,
2023-05-16T02:00:00-07:00,1.08913,1.09047,1.08683,1.08816,
2023-05-16T06:00:00-07:00,1.08816,1.08893,1.0855,1.08669,
2023-05-16T10:00:00-07:00,1.08669,1.08712,1.08582,1.08629,
2023-05-16T14:00:00-07:00,1.08629,1.0872,1.08597,1.08706,
2023-05-16T18:00:00-07:00,1.08706,1.08737,1.08623,1.08647,
2023-05-16T22:00:00-07:00,1.08647,1.08655,1.08273,1.08293,
2023-05-17T02:00:00-07:00,1.08293,1.08416,1.08138,1.0824,
2023-05-17T06:00:00-07:00,1.0824,1.08455,1.08104,1.08419,
2023-05-17T10:00:00-07:00,1.08419,1.08493,1.08365,1.084,
2023-05-17T14:00:00-07:00,1.084,1.08446,1.08348,1.08423,
2023-05-17T18:00:00-07:00,1.08423,1.08481,1.08327,1.08329,
2023-05-17T22:00:00-07:00,1.08329,1.0836,1.08093,1.08166,
2023-05-18T02:00:00-07:00,1.08166,1.08201,1.07853,1.079,
2023-05-18T06:00:00-07:00,1.079,1.07951,1.07627,1.07632,
2023-05-18T10:00:00-07:00,1.07632,1.0775,1.07626,1.07702,
2023-05-18T14:00:00-07:00,1.07702,1.07803,1.07687,1.0774,
2023-05-18T18:00:00-07:00,1.0774,1.0776,1.076,1.07636,
2023-05-18T22:00:00-07:00,1.07636,1.07945,1.07614,1.07883,
2023-05-19T02:00:00-07:00,1.07883,1.08236,1.07877,1.08059,
2023-05-19T06:00:00-07:00,1.08059,1.08266,1.07822,1.08209,
2023-05-19T10:00:00-07:00,1.08209,1.0829,1.07978,1.08049,
2023-05-21T14:00:00-07:00,1.08049,1.08251,1.08049,1.08236,
2023-05-21T18:00:00-07:00,1.08236,1.08301,1.08179,1.08185,
2023-05-21T22:00:00-07:00,1.08185,1.08244,1.07956,1.08106,
2023-05-22T02:00:00-07:00,1.08106,1.08314,1.08082,1.08194,
2023-05-22T06:00:00-07:00,1.08194,1.08243,1.07962,1.08099,
2023-05-22T10:00:00-07:00,1.08099,1.08217,1.08082,1.08129,
2023-05-22T14:00:00-07:00,1.08129,1.08206,1.08066,1.08117,
2023-05-22T18:00:00-07:00,1.08117,1.08121,1.08029,1.08103,
2023-05-22T22:00:00-07:00,1.08103,1.08131,1.07855,1.08033,
2023-05-23T02:00:00-07:00,1.08033,1.08038,1.07632,1.07639,
2023-05-23T06:00:00-07:00,1.07639,1.07957,1.07603,1.0767,
2023-05-23T10:00:00-07:00,1.0767,1.07809,1.07644,1.07701,
2023-05-23T14:00:00-07:00,1.07701,1.07751,1.07679,1.07726,
2023-05-23T18:00:00-07:00,1.07726,1.07824,1.07678,1.07801,
2023-05-23T22:00:00-07:00,1.07801,1.07948,1.07703,1.07777,
2023-05-24T02:00:00-07:00,1.07777,1.08013,1.07482,1.07897,
2023-05-24T06:00:00-07:00,1.07897,1.07941,1.07496,1.07561,
2023-05-24T10:00:00-07:00,1.07561,1.07661,1.0749,1.07497,
2023-05-24T14:00:00-07:00,1.07497,1.07569,1.07423,1.07507,
2023-05-24T18:00:00-07:00,1.07507,1.07536,1.0733,1.07344,
2023-05-24T22:00:00-07:00,1.07344,1.0744,1.07141,1.07231,
2023-05-25T02:00:00-07:00,1.07231,1.07403,1.07149,1.07185,
2023-05-25T06:00:00-07:00,1.07185,1.07327,1.07072,1.07125,
2023-05-25T10:00:00-07:00,1.07125,1.07294,1.07114,1.07252,
2023-05-25T14:00:00-07:00,1.07252,1.07287,1.07191,1.07253,
2023-05-25T18:00:00-07:00,1.07253,1.07411,1.07245,1.07399,
2023-05-25T22:00:00-07:00,1.07399,1.07444,1.07254,1.07319,
2023-05-26T02:00:00-07:00,1.07319,1.07589,1.07257,1.0742,
2023-05-26T06:00:00-07:00,1.0742,1.07506,1.07019,1.07198,
2023-05-26T10:00:00-07:00,1.07198,1.07328,1.07188,1.07274,
2023-05-28T14:00:00-07:00,1.07274,1.07294,1.07171,1.072,
2023-05-28T18:00:00-07:00,1.072,1.07363,1.07185,1.07361,
2023-05-28T22:00:00-07:00,1.07361,1.07435,1.07155,1.07242,
2023-05-29T02:00:00-07:00,1.07242,1.07242,1.07099,1.07149,
2023-05-29T06:00:00-07:00,1.07149,1.07158,1.0706,1.07128,
2023-05-29T10:00:00-07:00,1.07128,1.0715,1.07057,1.07072,
2023-05-29T14:00:00-07:00,1.07072,1.07198,1.07042,1.07138,
2023-05-29T18:00:00-07:00,1.07138,1.07264,1.07014,1.07082,
2023-05-29T22:00:00-07:00,1.07082,1.07084,1.06725,1.07049,
2023-05-30T02:00:00-07:00,1.07049,1.07466,1.06972,1.07225,
2023-05-30T06:00:00-07:00,1.07225,1.07409,1.07164,1.07208,
2023-05-30T10:00:00-07:00,1.07208,1.0735,1.07143,1.0735,
2023-05-30T14:00:00-07:00,1.0735,1.07359,1.07274,1.07351,
2023-05-30T18:00:00-07:00,1.07351,1.07356,1.06942,1.06983,
2023-05-30T22:00:00-07:00,1.06983,1.0699,1.06588,1.06602,
2023-05-31T02:00:00-07:00,1.06602,1.06874,1.066,1.06808,
2023-05-31T06:00:00-07:00,1.06808,1.07053,1.06351,1.06381,
2023-05-31T10:00:00-07:00,1.06381,1.06922,1.06356,1.06892,
2023-05-31T14:00:00-07:00,1.06892,1.06972,1.06842,1.06866,
2023-05-31T18:00:00-07:00,1.06866,1.06941,1.06803,1.06818,
2023-05-31T22:00:00-07:00,1.06818,1.0687,1.06618,1.06868,
2023-06-01T02:00:00-07:00,1.06868,1.07153,1.06829,1.07081,
2023-06-01T06:00:00-07:00,1.07081,1.0764,1.0703,1.07599,
2023-06-01T10:00:00-07:00,1.07599,1.07685,1.07557,1.07623,
2023-06-01T14:00:00-07:00,1.07623,1.07656,1.07583,1.07618,
2023-06-01T18:00:00-07:00,1.07618,1.07692,1.07589,1.07632,
2023-06-01T22:00:00-07:00,1.07632,1.0779,1.07602,1.07742,
2023-06-02T02:00:00-07:00,1.07742,1.0777,1.07353,1.07475,
2023-06-02T06:00:00-07:00,1.07475,1.07711,1.07087,1.071,
2023-06-02T10:00:00-07:00,1.071,1.07159,1.07054,1.07079,
2023-06-04T14:00:00-07:00,1.07079,1.07129,1.06904,1.06939,
2023-06-04T18:00:00-07:00,1.06939,1.07048,1.06908,1.07,
2023-06-04T22:00:00-07:00,1.07,1.07038,1.06834,1.06961,
2023-06-05T02:00:00-07:00,1.06961,1.06992,1.06746,1.06789,
2023-06-05T06:00:00-07:00,1.06789,1.07226,1.06778,1.07116,
2023-06-05T10:00:00-07:00,1.07116,1.07176,1.07074,1.07138,
2023-06-05T14:00:00-07:00,1.07138,1.07173,1.07077,1.07161,
2023-06-05T18:00:00-07:00,1.07161,1.07247,1.0713,1.07236,
2023-06-05T22:00:00-07:00,1.07236,1.07329,1.06953,1.06994,
2023-06-06T02:00:00-07:00,1.06994,1.07012,1.0667,1.06707,
2023-06-06T06:00:00-07:00,1.06707,1.0698,1.06693,1.06886,
2023-06-06T10:00:00-07:00,1.06886,1.06964,1.06823,1.06929,
2023-06-06T14:00:00-07:00,1.06929,1.07046,1.06913,1.07005,
2023-06-06T18:00:00-07:00,1.07005,1.07016,1.06888,1.06906,
2023-06-06T22:00:00-07:00,1.06906,1.06934,1.06684,1.06931,
2023-06-07T02:00:00-07:00,1.06931,1.07232,1.06901,1.07162,
2023-06-07T06:00:00-07:00,1.07162,1.07397,1.0693,1.06933,
2023-06-07T10:00:00-07:00,1.06933,1.07054,1.06911,1.06986,
2023-06-07T14:00:00-07:00,1.06986,1.07101,1.06958,1.07087,
2023-06-07T18:00:00-07:00,1.07087,1.07136,1.0703,1.07116,
2023-06-07T22:00:00-07:00,1.07116,1.07301,1.0701,1.07268,
2023-06-08T02:00:00-07:00,1.07268,1.07591,1.07211,1.07471,
2023-06-08T06:00:00-07:00,1.07471,1.0787,1.07422,1.07849,
2023-06-08T10:00:00-07:00,1.07849,1.07859,1.07737,1.07825,
2023-06-08T14:00:00-07:00,1.07825,1.07852,1.07809,1.07821,
2023-06-08T18:00:00-07:00,1.07821,1.07851,1.07747,1.07753,
2023-06-08T22:00:00-07:00,1.07753,1.0784,1.07593,1.07634,
2023-06-09T02:00:00-07:00,1.07634,1.07841,1.07566,1.07669,
2023-06-09T06:00:00-07:00,1.07669,1.07751,1.07437,1.07484,
2023-06-09T10:00:00-07:00,1.07484,1.07523,1.0743,1.07477,
2023-06-11T14:00:00-07:00,1.07477,1.07517,1.07433,1.07455,
2023-06-11T18:00:00-07:00,1.07455,1.07461,1.07331,1.0741,
2023-06-11T22:00:00-07:00,1.0741,1.0784,1.07407,1.07772,
2023-06-12T02:00:00-07:00,1.07772,1.07902,1.07607,1.07662,
2023-06-12T06:00:00-07:00,1.07662,1.07716,1.07432,1.07487,
2023-06-12T10:00:00-07:00,1.07487,1.07635,1.0745,1.07572,
2023-06-12T14:00:00-07:00,1.07572,1.07669,1.07551,1.07606,
2023-06-12T18:00:00-07:00,1.07606,1.07832,1.07593,1.07822,
2023-06-12T22:00:00-07:00,1.07822,1.08083,1.07814,1.08077,
2023-06-13T02:00:00-07:00,1.08077,1.08236,1.07851,1.08142,
2023-06-13T06:00:00-07:00,1.08142,1.0818,1.07782,1.08024,
2023-06-13T10:00:00-07:00,1.08024,1.08043,1.0783,1.07931,
2023-06-13T14:00:00-07:00,1.07931,1.07961,1.07859,1.079,
2023-06-13T18:00:00-07:00,1.079,1.07961,1.07847,1.07897,
2023-06-13T22:00:00-07:00,1.07897,1.08048,1.07741,1.08022,
2023-06-14T02:00:00-07:00,1.08022,1.08334,1.07967,1.08312,
2023-06-14T06:00:00-07:00,1.08312,1.08642,1.08274,1.08624,
2023-06-14T10:00:00-07:00,1.08624,1.0863,1.08013,1.08318,
2023-06-14T14:00:00-07:00,1.08318,1.08446,1.08275,1.08384,
2023-06-14T18:00:00-07:00,1.08384,1.08384,1.08083,1.08117,
2023-06-14T22:00:00-07:00,1.08117,1.08374,1.08039,1.08329,
2023-06-15T02:00:00-07:00,1.08329,1.08811,1.08145,1.08646,
2023-06-15T06:00:00-07:00,1.08646,1.09452,1.08586,1.09439,
2023-06-15T10:00:00-07:00,1.09439,1.09527,1.09395,1.09447,
2023-06-15T14:00:00-07:00,1.09447,1.09513,1.094,1.09421,
2023-06-15T18:00:00-07:00,1.09421,1.09484,1.09356,1.09389,
2023-06-15T22:00:00-07:00,1.09389,1.09626,1.09341,1.09507,
2023-06-16T02:00:00-07:00,1.09507,1.09707,1.09397,1.0951,
2023-06-16T06:00:00-07:00,1.0951,1.09671,1.09179,1.0934,
2023-06-16T10:00:00-07:00,1.0934,1.09457,1.09322,1.09415,
2023-06-18T14:00:00-07:00,1.09415,1.09463,1.09348,1.09368,
2023-06-18T18:00:00-07:00,1.09368,1.09409,1.09323,1.09347,
2023-06-18T22:00:00-07:00,1.09347,1.09415,1.09252,1.09295,
2023-06-19T02:00:00-07:00,1.09295,1.09296,1.09071,1.0926,
2023-06-19T06:00:00-07:00,1.0926,1.09291,1.09124,1.09163,
2023-06-19T10:00:00-07:00,1.09163,1.09227,1.09159,1.09214,
2023-06-19T14:00:00-07:00,1.09214,1.09263,1.0917,1.09202,
2023-06-19T18:00:00-07:00,1.09202,1.09239,1.09107,1.09137,
2023-06-19T22:00:00-07:00,1.09137,1.09463,1.09118,1.0938,
2023-06-20T02:00:00-07:00,1.0938,1.09401,1.09122,1.09195,
2023-06-20T06:00:00-07:00,1.09195,1.09246,1.08926,1.09151,
2023-06-20T10:00:00-07:00,1.09151,1.09186,1.09099,1.0918,
2023-06-20T14:00:00-07:00,1.0918,1.09225,1.09146,1.09161,
2023-06-20T18:00:00-07:00,1.09161,1.09212,1.09118,1.09164,
2023-06-20T22:00:00-07:00,1.09164,1.09338,1.09058,1.0925,
2023-06-21T02:00:00-07:00,1.0925,1.09299,1.09083,1.09252,
2023-06-21T06:00:00-07:00,1.09252,1.09738,1.09108,1.09707,
2023-06-21T10:00:00-07:00,1.09707,1.0991,1.09673,1.09864,
2023-06-21T14:00:00-07:00,1.09864,1.09925,1.09836,1.09884,
2023-06-21T18:00:00-07:00,1.09884,1.0995,1.09866,1.09872,
2023-06-21T22:00:00-07:00,1.09872,1.10036,1.098,1.0993,
2023-06-22T02:00:00-07:00,1.0993,1.10118,1.09803,1.09826,
2023-06-22T06:00:00-07:00,1.09826,1.0989,1.09487,1.09546,
2023-06-22T10:00:00-07:00,1.09546,1.09616,1.095,1.09557,
2023-06-22T14:00:00-07:00,1.09557,1.09594,1.09529,1.09552,
2023-06-22T18:00:00-07:00,1.09552,1.09563,1.09289,1.09331,
2023-06-22T22:00:00-07:00,1.09331,1.09341,1.08486,1.08492,
2023-06-23T02:00:00-07:00,1.08492,1.08956,1.08446,1.08873,
2023-06-23T06:00:00-07:00,1.08873,1.09028,1.08789,1.08859,
2023-06-23T10:00:00-07:00,1.08859,1.08964,1.08859,1.08939,
2023-06-25T14:00:00-07:00,1.08939,1.09094,1.08939,1.09055,
2023-06-25T18:00:00-07:00,1.09055,1.09099,1.08999,1.09026,
2023-06-25T22:00:00-07:00,1.09026,1.09111,1.08877,1.08921,
2023-06-26T02:00:00-07:00,1.08921,1.09202,1.08908,1.09175,
2023-06-26T06:00:00-07:00,1.09175,1.09201,1.09001,1.09087,
2023-06-26T10:00:00-07:00,1.09087,1.09154,1.09042,1.09059,
2023-06-26T14:00:00-07:00,1.09059,1.09121,1.09023,1.09046,
2023-06-26T18:00:00-07:00,1.09046,1.09352,1.09039,1.09233,
2023-06-26T22:00:00-07:00,1.09233,1.0944,1.09165,1.09397,
2023-06-27T02:00:00-07:00,1.09397,1.09721,1.09261,1.09655,
2023-06-27T06:00:00-07:00,1.09655,1.09768,1.09425,1.09589,
2023-06-27T10:00:00-07:00,1.09589,1.0964,1.09551,1.09609,
2023-06-27T14:00:00-07:00,1.09609,1.09629,1.0953,1.09547,
2023-06-27T18:00:00-07:00,1.09547,1.09564,1.09423,1.09488,
2023-06-27T22:00:00-07:00,1.09488,1.09606,1.09361,1.09529,
2023-06-28T02:00:00-07:00,1.09529,1.09623,1.09261,1.09279,
2023-06-28T06:00:00-07:00,1.09279,1.09444,1.0897,1.09109,
2023-06-28T10:00:00-07:00,1.09109,1.09239,1.091,1.09132,
2023-06-28T14:00:00-07:00,1.09132,1.0919,1.09013,1.09071,
2023-06-28T18:00:00-07:00,1.09071,1.09147,1.08808,1.08854,
2023-06-28T22:00:00-07:00,1.08854,1.09219,1.0884,1.09145,
2023-06-29T02:00:00-07:00,1.09145,1.09414,1.08733,1.08807,
2023-06-29T06:00:00-07:00,1.08807,1.08966,1.08603,1.08708,
2023-06-29T10:00:00-07:00,1.08708,1.08751,1.08627,1.08651,
2023-06-29T14:00:00-07:00,1.08651,1.08741,1.08626,1.08721,
2023-06-29T18:00:00-07:00,1.08721,1.08755,1.08603,1.08701,
2023-06-29T22:00:00-07:00,1.08701,1.08757,1.08354,1.08391,
2023-06-30T02:00:00-07:00,1.08391,1.08978,1.08361,1.0897,
2023-06-30T06:00:00-07:00,1.0897,1.09319,1.08964,1.09184,
2023-06-30T10:00:00-07:00,1.09184,1.09231,1.09081,1.09113,
2023-07-02T14:00:00-07:00,1.09113,1.09134,1.09006,1.09018,
2023-07-02T18:00:00-07:00,1.09018,1.09184,1.09014,1.09176,
2023-07-02T22:00:00-07:00,1.09176,1.09183,1.08704,1.08865,
2023-07-03T02:00:00-07:00,1.08865,1.09097,1.08761,1.0909,
2023-07-03T06:00:00-07:00,1.0909,1.09341,1.09018,1.09157,
2023-07-03T10:00:00-07:00,1.09157,1.09165,1.09085,1.09115,
2023-07-03T14:00:00-07:00,1.09115,1.09156,1.09088,1.091,
2023-07-03T18:00:00-07:00,1.091,1.09165,1.09007,1.09008,
2023-07-03T22:00:00-07:00,1.09008,1.0915,1.08922,1.08954,
2023-07-04T02:00:00-07:00,1.08954,1.0904,1.08898,1.09008,
2023-07-04T06:00:00-07:00,1.09008,1.09076,1.0892,1.08944,
2023-07-04T10:00:00-07:00,1.08944,1.08974,1.08769,1.08796,
2023-07-04T14:00:00-07:00,1.08796,1.08909,1.08774,1.08868,
2023-07-04T18:00:00-07:00,1.08868,1.08873,1.08751,1.08758,
2023-07-04T22:00:00-07:00,1.08758,1.0908,1.08664,1.08881,
2023-07-05T02:00:00-07:00,1.08881,1.09021,1.08755,1.08943,
2023-07-05T06:00:00-07:00,1.08943,1.09015,1.08592,1.08608,
2023-07-05T10:00:00-07:00,1.08608,1.08656,1.0851,1.08542,
2023-07-05T14:00:00-07:00,1.08542,1.08578,1.08465,1.08491,
2023-07-05T18:00:00-07:00,1.08491,1.08537,1.08338,1.08433,
2023-07-05T22:00:00-07:00,1.08433,1.08751,1.08417,1.08642,
2023-07-06T02:00:00-07:00,1.08642,1.09007,1.08585,1.08739,
2023-07-06T06:00:00-07:00,1.08739,1.08878,1.08338,1.08725,
2023-07-06T10:00:00-07:00,1.08725,1.08927,1.08724,1.0887,
2023-07-06T14:00:00-07:00,1.0887,1.08951,1.08826,1.08852,
2023-07-06T18:00:00-07:00,1.08852,1.08953,1.08835,1.08911,
2023-07-06T22:00:00-07:00,1.08911,1.09003,1.08671,1.08779,
2023-07-07T02:00:00-07:00,1.08779,1.09315,1.08701,1.09123,
2023-07-07T06:00:00-07:00,1.09123,1.09728,1.08954,1.09719,
2023-07-07T10:00:00-07:00,1.09719,1.09733,1.09633,1.09682,
2023-07-09T14:00:00-07:00,1.09682,1.09699,1.09571,1.09642,
2023-07-09T18:00:00-07:00,1.09642,1.09696,1.09527,1.09531,
2023-07-09T22:00:00-07:00,1.09531,1.09657,1.09452,1.09649,
2023-07-10T02:00:00-07:00,1.09649,1.09733,1.09436,1.0947,
2023-07-10T06:00:00-07:00,1.0947,1.09929,1.0947,1.09894,
2023-07-10T10:00:00-07:00,1.09894,1.10016,1.09876,1.10014,
2023-07-10T14:00:00-07:00,1.10014,1.10089,1.09959,1.10069,
2023-07-10T18:00:00-07:00,1.10069,1.10202,1.10058,1.10199,
2023-07-10T22:00:00-07:00,1.10199,1.1027,1.10024,1.10028,
2023-07-11T02:00:00-07:00,1.10028,1.10127,1.09771,1.0982,
2023-07-11T06:00:00-07:00,1.0982,1.1003,1.09785,1.10026,
2023-07-11T10:00:00-07:00,1.10026,1.10093,1.09976,1.10084,
2023-07-11T14:00:00-07:00,1.10084,1.10218,1.10032,1.10188,
2023-07-11T18:00:00-07:00,1.10188,1.1037,1.10186,1.10363,
2023-07-11T22:00:00-07:00,1.10363,1.10364,1.10208,1.10223,
2023-07-12T02:00:00-07:00,1.10223,1.10718,1.10137,1.1058,
2023-07-12T06:00:00-07:00,1.1058,1.11336,1.10565,1.11321,
2023-07-12T10:00:00-07:00,1.11321,1.11405,1.11247,1.11293,
2023-07-12T14:00:00-07:00,1.11293,1.11451,1.11285,1.11385,
2023-07-12T18:00:00-07:00,1.11385,1.11489,1.11365,1.11411,
2023-07-12T22:00:00-07:00,1.11411,1.11701,1.113,1.11609,
2023-07-13T02:00:00-07:00,1.11609,1.119,1.11551,1.11797,
2023-07-13T06:00:00-07:00,1.11797,1.1209,1.11764,1.1206,
2023-07-13T10:00:00-07:00,1.1206,1.12281,1.12025,1.1226,
2023-07-13T14:00:00-07:00,1.1226,1.12298,1.12136,1.12228,
2023-07-13T18:00:00-07:00,1.12228,1.12432,1.12222,1.12332,
2023-07-13T22:00:00-07:00,1.12332,1.12361,1.12043,1.12314,
2023-07-14T02:00:00-07:00,1.12314,1.1245,1.12103,1.12259,
2023-07-14T06:00:00-07:00,1.12259,1.12445,1.12154,1.12396,
2023-07-14T10:00:00-07:00,1.12396,1.12397,1.12245,1.12284,
2023-07-16T14:00:00-07:00,1.12284,1.12366,1.12232,1.12248,
2023-07-16T18:00:00-07:00,1.12248,1.12286,1.12147,1.12271,
2023-07-16T22:00:00-07:00,1.12271,1.1249,1.12222,1.12381,
2023-07-17T02:00:00-07:00,1.12381,1.12449,1.12209,1.12355,
2023-07-17T06:00:00-07:00,1.12355,1.12384,1.12035,1.12331,
2023-07-17T10:00:00-07:00,1.12331,1.12463,1.12322,1.12379,
2023-07-17T14:00:00-07:00,1.12379,1.12467,1.12328,1.12418,
2023-07-17T18:00:00-07:00,1.12418,1.12564,1.12389,1.12518,
2023-07-17T22:00:00-07:00,1.12518,1.12758,1.12283,1.12372,
2023-07-18T02:00:00-07:00,1.12372,1.12699,1.12232,1.12398,
2023-07-18T06:00:00-07:00,1.12398,1.1246,1.12091,1.12148,
2023-07-18T10:00:00-07:00,1.12148,1.12318,1.12093,1.12284,
2023-07-18T14:00:00-07:00,1.12284,1.12329,1.12253,1.12297,
2023-07-18T18:00:00-07:00,1.12297,1.12314,1.12163,1.12217,
2023-07-18T22:00:00-07:00,1.12217,1.12372,1.11961,1.12325,
2023-07-19T02:00:00-07:00,1.12325,1.12402,1.12088,1.12171,
2023-07-19T06:00:00-07:00,1.12171,1.12246,1.11744,1.11922,
2023-07-19T10:00:00-07:00,1.11922,1.1205,1.11903,1.1202,
2023-07-19T14:00:00-07:00,1.1202,1.12203,1.11982,1.12183,
2023-07-19T18:00:00-07:00,1.12183,1.12292,1.12156,1.12214,
2023-07-19T22:00:00-07:00,1.12214,1.12232,1.11981,1.12085,
2023-07-20T02:00:00-07:00,1.12085,1.12168,1.11771,1.11828,
2023-07-20T06:00:00-07:00,1.11828,1.11887,1.11185,1.11242,
2023-07-20T10:00:00-07:00,1.11242,1.11348,1.1122,1.11298,
2023-07-20T14:00:00-07:00,1.11298,1.11382,1.11279,1.11377,
2023-07-20T18:00:00-07:00,1.11377,1.11419,1.1131,1.11396,
2023-07-20T22:00:00-07:00,1.11396,1.1145,1.11215,1.11284,
2023-07-21T02:00:00-07:00,1.11284,1.11345,1.11175,1.11283,
2023-07-21T06:00:00-07:00,1.11283,1.11381,1.1108,1.11235,
2023-07-21T10:00:00-07:00,1.11235,1.11302,1.11193,1.11265,
2023-07-23T14:00:00-07:00,1.11265,1.11329,1.11228,1.11299,
2023-07-23T18:00:00-07:00,1.11299,1.11314,1.11169,1.11201,
2023-07-23T22:00:00-07:00,1.11201,1.1147,1.10659,1.1071,
2023-07-24T02:00:00-07:00,1.1071,1.11091,1.10693,1.10881,
2023-07-24T06:00:00-07:00,1.10881,1.11043,1.10691,1.10815,
2023-07-24T10:00:00-07:00,1.10815,1.10846,1.10604,1.10641,
2023-07-24T14:00:00-07:00,1.10641,1.10703,1.106,1.10675,
2023-07-24T18:00:00-07:00,1.10675,1.10817,1.10671,1.10703,
2023-07-24T22:00:00-07:00,1.10703,1.1087,1.10529,1.10649,
2023-07-25T02:00:00-07:00,1.10649,1.10676,1.10396,1.10487,
2023-07-25T06:00:00-07:00,1.10487,1.10548,1.1021,1.10424,
2023-07-25T10:00:00-07:00,1.10424,1.10562,1.10356,1.10554,
2023-07-25T14:00:00-07:00,1.10554,1.10581,1.10442,1.10458,
2023-07-25T18:00:00-07:00,1.10458,1.10533,1.10378,1.10483,
2023-07-25T22:00:00-07:00,1.10483,1.10777,1.10476,1.10756,
2023-07-26T02:00:00-07:00,1.10756,1.10863,1.10575,1.10683,
2023-07-26T06:00:00-07:00,1.10683,1.10825,1.10576,1.10719,
2023-07-26T10:00:00-07:00,1.10719,1.11068,1.10568,1.10861,
2023-07-26T14:00:00-07:00,1.10861,1.10897,1.10775,1.10867,
2023-07-26T18:00:00-07:00,1.10867,1.1118,1.10866,1.10961,
2023-07-26T22:00:00-07:00,1.10961,1.11394,1.10881,1.1139,
2023-07-27T02:00:00-07:00,1.1139,1.11498,1.10478,1.10593,
2023-07-27T06:00:00-07:00,1.10593,1.10655,1.0984,1.09902,
2023-07-27T10:00:00-07:00,1.09902,1.101,1.0966,1.09775,
2023-07-27T14:00:00-07:00,1.09775,1.09837,1.09762,1.09802,
2023-07-27T18:00:00-07:00,1.09802,1.09883,1.09598,1.09729,
2023-07-27T22:00:00-07:00,1.09729,1.09914,1.09437,1.09597,
2023-07-28T02:00:00-07:00,1.09597,1.10334,1.09566,1.10093,
2023-07-28T06:00:00-07:00,1.10093,1.10476,1.09932,1.10255,
2023-07-28T10:00:00-07:00,1.10255,1.10299,1.10145,1.10169,
2023-07-30T14:00:00-07:00,1.10169,1.10285,1.10169,1.10223,
2023-07-30T18:00:00-07:00,1.10223,1.10267,1.10058,1.10059,
2023-07-30T22:00:00-07:00,1.10059,1.10361,1.10053,1.10344,
2023-07-31T02:00:00-07:00,1.10344,1.10404,1.10188,1.10283,
2023-07-31T06:00:00-07:00,1.10283,1.10459,1.10039,1.10072,
2023-07-31T10:00:00-07:00,1.10072,1.10114,1.09935,1.09969,
2023-07-31T14:00:00-07:00,1.09969,1.10031,1.09884,1.0989,
2023-07-31T18:00:00-07:00,1.0989,1.09912,1.09806,1.09903,
2023-07-31T22:00:00-07:00,1.09903,1.10005,1.09702,1.09749,
2023-08-01T02:00:00-07:00,1.09749,1.09847,1.09525,1.09565,
2023-08-01T06:00:00-07:00,1.09565,1.09891,1.09561,1.09722,
2023-08-01T10:00:00-07:00,1.09722,1.09855,1.09626,1.09848,
2023-08-01T14:00:00-07:00,1.09848,1.102,1.09825,1.09963,
2023-08-01T18:00:00-07:00,1.09963,1.10073,1.09805,1.09893,
2023-08-01T22:00:00-07:00,1.09893,1.10008,1.09761,1.09844,
2023-08-02T02:00:00-07:00,1.09844,1.09873,1.09576,1.09599,
2023-08-02T06:00:00-07:00,1.09599,1.0968,1.09181,1.09506,
2023-08-02T10:00:00-07:00,1.09506,1.09577,1.09348,1.09379,
2023-08-02T14:00:00-07:00,1.09379,1.09459,1.09366,1.094,
2023-08-02T18:00:00-07:00,1.094,1.09494,1.09225,1.09234,
2023-08-02T22:00:00-07:00,1.09234,1.09433,1.09124,1.09249,
2023-08-03T02:00:00-07:00,1.09249,1.09562,1.09217,1.09381,
2023-08-03T06:00:00-07:00,1.09381,1.09629,1.09156,1.09552,
2023-08-03T10:00:00-07:00,1.09552,1.0957,1.09386,1.09495,
2023-08-03T14:00:00-07:00,1.09495,1.09556,1.09439,1.09555,
2023-08-03T18:00:00-07:00,1.09555,1.09615,1.09494,1.09504,
2023-08-03T22:00:00-07:00,1.09504,1.09585,1.0938,1.09404,
2023-08-04T02:00:00-07:00,1.09404,1.09979,1.09352,1.09897,
2023-08-04T06:00:00-07:00,1.09897,1.1042,1.09866,1.10341,
2023-08-04T10:00:00-07:00,1.10341,1.10391,1.10038,1.10081,
2023-08-06T14:00:00-07:00,1.10081,1.10177,1.10011,1.101,
2023-08-06T18:00:00-07:00,1.101,1.10101,1.09919,1.09966,
2023-08-06T22:00:00-07:00,1.09966,1.09976,1.09708,1.09747,
2023-08-07T02:00:00-07:00,1.09747,1.09962,1.09655,1.09957,
2023-08-07T06:00:00-07:00,1.09957,1.10118,1.09858,1.10007,
2023-08-07T10:00:00-07:00,1.10007,1.10102,1.09956,1.10024,
2023-08-07T14:00:00-07:00,1.10024,1.10062,1.09897,1.09919,
2023-08-07T18:00:00-07:00,1.09919,1.09927,1.09768,1.09923,
2023-08-07T22:00:00-07:00,1.09923,1.10113,1.09737,1.09855,
2023-08-08T02:00:00-07:00,1.09855,1.09865,1.09348,1.09432,
2023-08-08T06:00:00-07:00,1.09432,1.09578,1.09291,1.09484,
2023-08-08T10:00:00-07:00,1.09484,1.0962,1.0948,1.09564,
2023-08-08T14:00:00-07:00,1.09564,1.09654,1.09519,1.09578,
2023-08-08T18:00:00-07:00,1.09578,1.09709,1.09553,1.09669,
2023-08-08T22:00:00-07:00,1.09669,1.09888,1.09669,1.09838,
2023-08-09T02:00:00-07:00,1.09838,1.09872,1.09622,1.09816,
2023-08-09T06:00:00-07:00,1.09816,1.09954,1.09717,1.09786,
2023-08-09T10:00:00-07:00,1.09786,1.09917,1.09712,1.09742,
2023-08-09T14:00:00-07:00,1.09742,1.09792,1.09673,1.0971,
2023-08-09T18:00:00-07:00,1.0971,1.09882,1.09678,1.09794,
2023-08-09T22:00:00-07:00,1.09794,1.10264,1.09787,1.10185,
2023-08-10T02:00:00-07:00,1.10185,1.1065,1.1011,1.10422,
2023-08-10T06:00:00-07:00,1.10422,1.10457,1.10079,1.10134,
2023-08-10T10:00:00-07:00,1.10134,1.10143,1.09762,1.09808,
2023-08-10T14:00:00-07:00,1.09808,1.09892,1.09791,1.09881,
2023-08-10T18:00:00-07:00,1.09881,1.0998,1.09839,1.09853,
2023-08-10T22:00:00-07:00,1.09853,1.10033,1.09841,1.09996,
2023-08-11T02:00:00-07:00,1.09996,1.10052,1.0966,1.09684,
2023-08-11T06:00:00-07:00,1.09684,1.09837,1.09457,1.09464,
2023-08-11T10:00:00-07:00,1.09464,1.09558,1.09431,1.09475,
2023-08-13T14:00:00-07:00,1.09475,1.09547,1.09362,1.09372,
2023-08-13T18:00:00-07:00,1.09372,1.09409,1.09293,1.09356,
2023-08-13T22:00:00-07:00,1.09356,1.09603,1.09262,1.09463,
2023-08-14T02:00:00-07:00,1.09463,1.09532,1.09022,1.09058,
2023-08-14T06:00:00-07:00,1.09058,1.0936,1.08748,1.09285,
2023-08-14T10:00:00-07:00,1.09285,1.09313,1.09029,1.09058,
2023-08-14T14:00:00-07:00,1.09058,1.09106,1.09016,1.09075,
2023-08-14T18:00:00-07:00,1.09075,1.09177,1.09005,1.09103,
2023-08-14T22:00:00-07:00,1.09103,1.09344,1.09063,1.09281,
2023-08-15T02:00:00-07:00,1.09281,1.09449,1.08972,1.09219,
2023-08-15T06:00:00-07:00,1.09219,1.09525,1.0915,1.0918,
2023-08-15T10:00:00-07:00,1.0918,1.09212,1.08991,1.09048,
2023-08-15T14:00:00-07:00,1.09048,1.09096,1.08992,1.09031,
2023-08-15T18:00:00-07:00,1.09031,1.09136,1.08989,1.09135,
2023-08-15T22:00:00-07:00,1.09135,1.09347,1.09107,1.09281,
2023-08-16T02:00:00-07:00,1.09281,1.09326,1.09023,1.09024,
2023-08-16T06:00:00-07:00,1.09024,1.09236,1.08863,1.08869,
2023-08-16T10:00:00-07:00,1.08869,1.09003,1.08716,1.08792,
2023-08-16T14:00:00-07:00,1.08792,1.08868,1.08664,1.08696,
2023-08-16T18:00:00-07:00,1.08696,1.08707,1.08619,1.08685,
2023-08-16T22:00:00-07:00,1.08685,1.08869,1.08627,1.08731,
2023-08-17T02:00:00-07:00,1.08731,1.09184,1.08639,1.09064,
2023-08-17T06:00:00-07:00,1.09064,1.09182,1.08669,1.0878,
2023-08-17T10:00:00-07:00,1.0878,1.08785,1.08565,1.08722,
2023-08-17T14:00:00-07:00,1.08722,1.08922,1.08677,1.08898,
2023-08-17T18:00:00-07:00,1.08898,1.0894,1.08803,1.08825,
2023-08-17T22:00:00-07:00,1.08825,1.08874,1.08637,1.08677,
2023-08-18T02:00:00-07:00,1.08677,1.08763,1.0845,1.08557,
2023-08-18T06:00:00-07:00,1.08557,1.08816,1.08531,1.08732,
2023-08-18T10:00:00-07:00,1.08732,1.08814,1.08684,1.08721,
2023-08-20T14:00:00-07:00,1.08721,1.08843,1.08704,1.08798,
2023-08-20T18:00:00-07:00,1.08798,1.0884,1.08697,1.08813,
2023-08-20T22:00:00-07:00,1.08813,1.08897,1.08724,1.08861,
2023-08-21T02:00:00-07:00,1.08861,1.09138,1.08857,1.08984,
2023-08-21T06:00:00-07:00,1.08984,1.09044,1.08753,1.09017,
2023-08-21T10:00:00-07:00,1.09017,1.09034,1.08929,1.08959,
2023-08-21T14:00:00-07:00,1.08959,1.09017,1.08922,1.09005,
2023-08-21T18:00:00-07:00,1.09005,1.0917,1.08981,1.09092,
2023-08-21T22:00:00-07:00,1.09092,1.09304,1.09048,1.091,
2023-08-22T02:00:00-07:00,1.091,1.09125,1.08649,1.08662,
2023-08-22T06:00:00-07:00,1.08662,1.08713,1.0833,1.08495,
2023-08-22T10:00:00-07:00,1.08495,1.08554,1.08435,1.08456,
2023-08-22T14:00:00-07:00,1.08456,1.08536,1.08437,1.08473,
2023-08-22T18:00:00-07:00,1.08473,1.08609,1.08446,1.08607,
2023-08-22T22:00:00-07:00,1.08607,1.08715,1.08119,1.08189,
2023-08-23T02:00:00-07:00,1.08189,1.08206,1.08025,1.08043,
2023-08-23T06:00:00-07:00,1.08043,1.08684,1.08035,1.08629,
2023-08-23T10:00:00-07:00,1.08629,1.08702,1.08558,1.08635,
2023-08-23T14:00:00-07:00,1.08635,1.08754,1.08612,1.08697,
2023-08-23T18:00:00-07:00,1.08697,1.08711,1.08585,1.08698,
2023-08-23T22:00:00-07:00,1.08698,1.08766,1.08521,1.08621,
2023-08-24T02:00:00-07:00,1.08621,1.08635,1.08143,1.08209,
2023-08-24T06:00:00-07:00,1.08209,1.08489,1.08181,1.08213,
2023-08-24T10:00:00-07:00,1.08213,1.08242,1.08051,1.08104,
2023-08-24T14:00:00-07:00,1.08104,1.08162,1.0793,1.07947,
2023-08-24T18:00:00-07:00,1.07947,1.07952,1.0777,1.07827,
2023-08-24T22:00:00-07:00,1.07827,1.07922,1.07661,1.07865,
2023-08-25T02:00:00-07:00,1.07865,1.08173,1.07848,1.08128,
2023-08-25T06:00:00-07:00,1.08128,1.08417,1.0766,1.07964,
2023-08-25T10:00:00-07:00,1.07964,1.08127,1.07909,1.07956,
2023-08-27T14:00:00-07:00,1.07956,1.08048,1.07935,1.08024,
2023-08-27T18:00:00-07:00,1.08024,1.08114,1.08014,1.08077,
2023-08-27T22:00:00-07:00,1.08077,1.0821,1.07995,1.08007,
2023-08-28T02:00:00-07:00,1.08007,1.08221,1.08002,1.08103,
2023-08-28T06:00:00-07:00,1.08103,1.08141,1.0799,1.08077,
2023-08-28T10:00:00-07:00,1.08077,1.08201,1.0804,1.08191,
2023-08-28T14:00:00-07:00,1.08191,1.08317,1.08148,1.08239,
2023-08-28T18:00:00-07:00,1.08239,1.08384,1.08236,1.08244,
2023-08-28T22:00:00-07:00,1.08244,1.08297,1.08084,1.08102,
2023-08-29T02:00:00-07:00,1.08102,1.08163,1.07863,1.07924,
2023-08-29T06:00:00-07:00,1.07924,1.08642,1.07823,1.08628,
2023-08-29T10:00:00-07:00,1.08628,1.08919,1.08604,1.08801,
2023-08-29T14:00:00-07:00,1.08801,1.0885,1.08672,1.087,
2023-08-29T18:00:00-07:00,1.087,1.08724,1.08606,1.08608,
2023-08-29T22:00:00-07:00,1.08608,1.08768,1.08552,1.08674,
2023-08-30T02:00:00-07:00,1.08674,1.09259,1.08662,1.09212,
2023-08-30T06:00:00-07:00,1.09212,1.09456,1.09132,1.09259,
2023-08-30T10:00:00-07:00,1.09259,1.09329,1.09169,1.09233,
2023-08-30T14:00:00-07:00,1.09233,1.09341,1.09209,1.09332,
2023-08-30T18:00:00-07:00,1.09332,1.09396,1.09183,1.09188,
2023-08-30T22:00:00-07:00,1.09188,1.09246,1.08771,1.08781,
2023-08-31T02:00:00-07:00,1.08781,1.08853,1.08575,1.08744,
2023-08-31T06:00:00-07:00,1.08744,1.08748,1.08352,1.08387,
2023-08-31T10:00:00-07:00,1.08387,1.08543,1.08366,1.08434,
2023-08-31T14:00:00-07:00,1.08434,1.08453,1.08364,1.08378,
2023-08-31T18:00:00-07:00,1.08378,1.08542,1.08378,1.08466,
2023-08-31T22:00:00-07:00,1.08466,1.08597,1.08285,1.08486,
2023-09-01T02:00:00-07:00,1.08486,1.08818,1.08325,1.0864,
2023-09-01T06:00:00-07:00,1.0864,1.08813,1.07801,1.0784,
2023-09-01T10:00:00-07:00,1.0784,1.07892,1.07722,1.07756,
2023-09-03T14:00:00-07:00,1.07756,1.07814,1.07717,1.07788,
2023-09-03T18:00:00-07:00,1.07788,1.07874,1.07748,1.07869,
2023-09-03T22:00:00-07:00,1.07869,1.08069,1.07836,1.07979,
2023-09-04T02:00:00-07:00,1.07979,1.08089,1.07925,1.07974,
2023-09-04T06:00:00-07:00,1.07974,1.08054,1.07834,1.07939,
2023-09-04T10:00:00-07:00,1.07939,1.0797,1.0793,1.07953,
2023-09-04T14:00:00-07:00,1.07953,1.0798,1.07888,1.07932,
2023-09-04T18:00:00-07:00,1.07932,1.07985,1.07809,1.07923,
2023-09-04T22:00:00-07:00,1.07923,1.07937,1.0742,1.07484,
2023-09-05T02:00:00-07:00,1.07484,1.07572,1.07168,1.07439,
2023-09-05T06:00:00-07:00,1.07439,1.07487,1.07067,1.07296,
2023-09-05T10:00:00-07:00,1.07296,1.07314,1.07191,1.07221,
2023-09-05T14:00:00-07:00,1.07221,1.07284,1.07152,1.07194,
2023-09-05T18:00:00-07:00,1.07194,1.07361,1.07135,1.0736,
2023-09-05T22:00:00-07:00,1.0736,1.07482,1.07243,1.07341,
2023-09-06T02:00:00-07:00,1.07341,1.07489,1.07247,1.0737,
2023-09-06T06:00:00-07:00,1.0737,1.07403,1.07027,1.07209,
2023-09-06T10:00:00-07:00,1.07209,1.07296,1.07201,1.07274,
2023-09-06T14:00:00-07:00,1.07274,1.07277,1.07192,1.07223,
2023-09-06T18:00:00-07:00,1.07223,1.0732,1.07181,1.07192,
2023-09-06T22:00:00-07:00,1.07192,1.07257,1.0708,1.07105,
2023-09-07T02:00:00-07:00,1.07105,1.07179,1.06864,1.06935,
2023-09-07T06:00:00-07:00,1.06935,1.07099,1.06865,1.07041,
2023-09-07T10:00:00-07:00,1.07041,1.07095,1.0694,1.06965,
2023-09-07T14:00:00-07:00,1.06965,1.07152,1.06943,1.07143,
2023-09-07T18:00:00-07:00,1.07143,1.0723,1.07049,1.07135,
2023-09-07T22:00:00-07:00,1.07135,1.07281,1.07077,1.07118,
2023-09-08T02:00:00-07:00,1.07118,1.07137,1.06942,1.07024,
2023-09-08T06:00:00-07:00,1.07024,1.07437,1.06995,1.07046,
2023-09-08T10:00:00-07:00,1.07046,1.07108,1.06971,1.06998,
2023-09-10T14:00:00-07:00,1.06998,1.0721,1.06998,1.07134,
2023-09-10T18:00:00-07:00,1.07134,1.07377,1.07103,1.07355,
2023-09-10T22:00:00-07:00,1.07355,1.07414,1.07223,1.07287,
2023-09-11T02:00:00-07:00,1.07287,1.07345,1.07155,1.07276,
2023-09-11T06:00:00-07:00,1.07276,1.07593,1.07223,1.07512,
2023-09-11T10:00:00-07:00,1.07512,1.07524,1.07442,1.07504,
2023-09-11T14:00:00-07:00,1.07504,1.07537,1.07424,1.0744,
2023-09-11T18:00:00-07:00,1.0744,1.07691,1.07377,1.07392,
2023-09-11T22:00:00-07:00,1.07392,1.07409,1.07122,1.07145,
2023-09-12T02:00:00-07:00,1.07145,1.07261,1.07058,1.07075,
2023-09-12T06:00:00-07:00,1.07075,1.07376,1.07055,1.07233,
2023-09-12T10:00:00-07:00,1.07233,1.07648,1.07233,1.07541,
2023-09-12T14:00:00-07:00,1.07541,1.07642,1.07526,1.07594,
2023-09-12T18:00:00-07:00,1.07594,1.0765,1.07447,1.07524,
2023-09-12T22:00:00-07:00,1.07524,1.07547,1.07312,1.07352,
2023-09-13T02:00:00-07:00,1.07352,1.07614,1.0711,1.07479,
2023-09-13T06:00:00-07:00,1.07479,1.0756,1.07273,1.07407,
2023-09-13T10:00:00-07:00,1.07407,1.07493,1.0728,1.07298,
2023-09-13T14:00:00-07:00,1.07298,1.07425,1.0729,1.07401,
2023-09-13T18:00:00-07:00,1.07401,1.0749,1.07319,1.07472,
2023-09-13T22:00:00-07:00,1.07472,1.07522,1.07322,1.07341,
2023-09-14T02:00:00-07:00,1.07341,1.07476,1.06553,1.06768,
2023-09-14T06:00:00-07:00,1.06768,1.06974,1.06453,1.06486,
2023-09-14T10:00:00-07:00,1.06486,1.06509,1.06319,1.06431,
2023-09-14T14:00:00-07:00,1.06431,1.06443,1.06344,1.06424,
2023-09-14T18:00:00-07:00,1.06424,1.06537,1.06333,1.06535,
2023-09-14T22:00:00-07:00,1.06535,1.0669,1.06488,1.06657,
2023-09-15T02:00:00-07:00,1.06657,1.06695,1.06453,1.06506,
2023-09-15T06:00:00-07:00,1.06506,1.0688,1.06499,1.06723,
2023-09-15T10:00:00-07:00,1.06723,1.06765,1.06571,1.06607,
2023-09-17T14:00:00-07:00,1.06607,1.0672,1.06607,1.06717,
2023-09-17T18:00:00-07:00,1.06717,1.0674,1.06611,1.06688,
2023-09-17T22:00:00-07:00,1.06688,1.06778,1.06563,1.06641,
2023-09-18T02:00:00-07:00,1.06641,1.0675,1.06562,1.06568,
2023-09-18T06:00:00-07:00,1.06568,1.06989,1.06547,1.06923,
2023-09-18T10:00:00-07:00,1.06923,1.06982,1.0678,1.0692,
2023-09-18T14:00:00-07:00,1.0692,1.06968,1.06868,1.06886,
2023-09-18T18:00:00-07:00,1.06886,1.06897,1.06789,1.06801,
2023-09-18T22:00:00-07:00,1.06801,1.06954,1.06751,1.06867,
2023-09-19T02:00:00-07:00,1.06867,1.0718,1.06821,1.06998,
2023-09-19T06:00:00-07:00,1.06998,1.07015,1.06785,1.06848,
2023-09-19T10:00:00-07:00,1.06848,1.06918,1.06762,1.06793,
2023-09-19T14:00:00-07:00,1.06793,1.06861,1.06784,1.0685,
2023-09-19T18:00:00-07:00,1.0685,1.06899,1.06783,1.06786,
2023-09-19T22:00:00-07:00,1.06786,1.06971,1.0673,1.06964,
2023-09-20T02:00:00-07:00,1.06964,1.07051,1.06923,1.06981,
2023-09-20T06:00:00-07:00,1.06981,1.0737,1.06973,1.07353,
2023-09-20T10:00:00-07:00,1.07353,1.07355,1.06502,1.06609,
2023-09-20T14:00:00-07:00,1.06609,1.06647,1.06299,1.06314,
2023-09-20T18:00:00-07:00,1.06314,1.06415,1.06169,1.06371,
2023-09-20T22:00:00-07:00,1.06371,1.06637,1.06328,1.06556,
2023-09-21T02:00:00-07:00,1.06556,1.06648,1.06247,1.06423,
2023-09-21T06:00:00-07:00,1.06423,1.06736,1.06379,1.06558,
2023-09-21T10:00:00-07:00,1.06558,1.0671,1.06556,1.06615,
2023-09-21T14:00:00-07:00,1.06615,1.06638,1.06536,1.06575,
2023-09-21T18:00:00-07:00,1.06575,1.06577,1.06411,1.06548,
2023-09-21T22:00:00-07:00,1.06548,1.0668,1.0615,1.06465,
2023-09-22T02:00:00-07:00,1.06465,1.06608,1.06341,1.06557,
2023-09-22T06:00:00-07:00,1.06557,1.06719,1.06422,1.06557,
2023-09-22T10:00:00-07:00,1.06557,1.06616,1.06394,1.06458,
2023-09-24T14:00:00-07:00,1.06458,1.06558,1.06448,1.06547,
2023-09-24T18:00:00-07:00,1.06547,1.0655,1.06432,1.06489,
2023-09-24T22:00:00-07:00,1.06489,1.06532,1.06243,1.06258,
2023-09-25T02:00:00-07:00,1.06258,1.06436,1.06193,1.06222,
2023-09-25T06:00:00-07:00,1.06222,1.06246,1.05755,1.05892,
2023-09-25T10:00:00-07:00,1.05892,1.05988,1.05856,1.05933,
2023-09-25T14:00:00-07:00,1.05933,1.05967,1.05808,1.05844,
2023-09-25T18:00:00-07:00,1.05844,1.0593,1.05784,1.05927,
2023-09-25T22:00:00-07:00,1.05927,1.06002,1.05701,1.05962,
2023-09-26T02:00:00-07:00,1.05962,1.06091,1.05896,1.06058,
2023-09-26T06:00:00-07:00,1.06058,1.06066,1.05677,1.05692,
2023-09-26T10:00:00-07:00,1.05692,1.05763,1.05621,1.05724,
2023-09-26T14:00:00-07:00,1.05724,1.05743,1.0556,1.05599,
2023-09-26T18:00:00-07:00,1.05599,1.05701,1.05572,1.05603,
2023-09-26T22:00:00-07:00,1.05603,1.05741,1.0555,1.056,
2023-09-27T02:00:00-07:00,1.056,1.05638,1.05345,1.05467,
2023-09-27T06:00:00-07:00,1.05467,1.0549,1.05008,1.05031,
2023-09-27T10:00:00-07:00,1.05031,1.05187,1.0488,1.05024,
2023-09-27T14:00:00-07:00,1.05024,1.05155,1.05023,1.05153,
2023-09-27T18:00:00-07:00,1.05153,1.05162,1.0497,1.05043,
2023-09-27T22:00:00-07:00,1.05043,1.05243,1.04911,1.05167,
2023-09-28T02:00:00-07:00,1.05167,1.05575,1.05153,1.05182,
2023-09-28T06:00:00-07:00,1.05182,1.05789,1.05178,1.05579,
2023-09-28T10:00:00-07:00,1.05579,1.05675,1.05499,1.05655,
2023-09-28T14:00:00-07:00,1.05655,1.05677,1.0558,1.05642,
2023-09-28T18:00:00-07:00,1.05642,1.0583,1.05621,1.05802,
2023-09-28T22:00:00-07:00,1.05802,1.06162,1.05743,1.06095,
2023-09-29T02:00:00-07:00,1.06095,1.06172,1.05884,1.05998,
2023-09-29T06:00:00-07:00,1.05998,1.06075,1.057,1.05779,
2023-09-29T10:00:00-07:00,1.05779,1.05797,1.05641,1.05705,
2023-10-01T14:00:00-07:00,1.05705,1.05729,1.05579,1.05642,
2023-10-01T18:00:00-07:00,1.05642,1.05714,1.05641,1.05688,
2023-10-01T22:00:00-07:00,1.05688,1.05919,1.05601,1.05623,
2023-10-02T02:00:00-07:00,1.05623,1.05628,1.0525,1.05296,
2023-10-02T06:00:00-07:00,1.05296,1.05327,1.04884,1.04894,
2023-10-02T10:00:00-07:00,1.04894,1.05054,1.04771,1.04776,
2023-10-02T14:00:00-07:00,1.04776,1.04855,1.04647,1.04726,
2023-10-02T18:00:00-07:00,1.04726,1.04748,1.04599,1.04635,
2023-10-02T22:00:00-07:00,1.04635,1.04935,1.04609,1.04853,
2023-10-03T02:00:00-07:00,1.04853,1.04913,1.04622,1.04662,
2023-10-03T06:00:00-07:00,1.04662,1.0486,1.04484,1.04624,
2023-10-03T10:00:00-07:00,1.04624,1.04796,1.04595,1.04666,
2023-10-03T14:00:00-07:00,1.04666,1.04758,1.04631,1.04715,
2023-10-03T18:00:00-07:00,1.04715,1.04719,1.04572,1.04701,
2023-10-03T22:00:00-07:00,1.04701,1.04889,1.04514,1.04861,
2023-10-04T02:00:00-07:00,1.04861,1.05321,1.04849,1.05252,
2023-10-04T06:00:00-07:00,1.05252,1.0526,1.0483,1.05124,
2023-10-04T10:00:00-07:00,1.05124,1.05196,1.04979,1.05041,
2023-10-04T14:00:00-07:00,1.05041,1.05222,1.05023,1.05205,
2023-10-04T18:00:00-07:00,1.05205,1.0529,1.05202,1.05207,
2023-10-04T22:00:00-07:00,1.05207,1.05262,1.05016,1.05042,
2023-10-05T02:00:00-07:00,1.05042,1.05299,1.05002,1.05153,
2023-10-05T06:00:00-07:00,1.05153,1.054,1.05081,1.05361,
2023-10-05T10:00:00-07:00,1.05361,1.05519,1.0529,1.05493,
2023-10-05T14:00:00-07:00,1.05493,1.0551,1.05413,1.05418,
2023-10-05T18:00:00-07:00,1.05418,1.05475,1.05383,1.05406,
2023-10-05T22:00:00-07:00,1.05406,1.05534,1.05315,1.05484,
2023-10-06T02:00:00-07:00,1.05484,1.05684,1.04826,1.04964,
2023-10-06T06:00:00-07:00,1.04964,1.06001,1.04885,1.05793,
2023-10-06T10:00:00-07:00,1.05793,1.05996,1.05773,1.05871,
2023-10-08T14:00:00-07:00,1.05871,1.05871,1.05504,1.05738,
2023-10-08T18:00:00-07:00,1.05738,1.05743,1.05479,1.05502,
2023-10-08T22:00:00-07:00,1.05502,1.05587,1.05196,1.05418,
2023-10-09T02:00:00-07:00,1.05418,1.05451,1.05226,1.05332,
2023-10-09T06:00:00-07:00,1.05332,1.05578,1.05327,1.05354,
2023-10-09T10:00:00-07:00,1.05354,1.05724,1.05354,1.05669,
2023-10-09T14:00:00-07:00,1.05669,1.05837,1.05624,1.05728,
2023-10-09T18:00:00-07:00,1.05728,1.05808,1.05607,1.05616,
2023-10-09T22:00:00-07:00,1.05616,1.06097,1.05545,1.06045,
2023-10-10T02:00:00-07:00,1.06045,1.06113,1.0572,1.05935,
2023-10-10T06:00:00-07:00,1.05935,1.06199,1.05848,1.06173,
2023-10-10T10:00:00-07:00,1.06173,1.06186,1.05925,1.06055,
2023-10-10T14:00:00-07:00,1.06055,1.06144,1.06024,1.06107,
2023-10-10T18:00:00-07:00,1.06107,1.06124,1.06014,1.06029,
2023-10-10T22:00:00-07:00,1.06029,1.06284,1.05934,1.06086,
2023-10-11T02:00:00-07:00,1.06086,1.06149,1.05812,1.06146,
2023-10-11T06:00:00-07:00,1.06146,1.06348,1.05997,1.06074,
2023-10-11T10:00:00-07:00,1.06074,1.06204,1.05849,1.062,
2023-10-11T14:00:00-07:00,1.062,1.06281,1.06142,1.06226,
2023-10-11T18:00:00-07:00,1.06226,1.06319,1.06202,1.06311,
2023-10-11T22:00:00-07:00,1.06311,1.06399,1.06194,1.06264,
2023-10-12T02:00:00-07:00,1.06264,1.06278,1.0572,1.05817,
2023-10-12T06:00:00-07:00,1.05817,1.05863,1.05444,1.05487,
2023-10-12T10:00:00-07:00,1.05487,1.05492,1.05257,1.05284,
2023-10-12T14:00:00-07:00,1.05284,1.05397,1.05273,1.05391,
2023-10-12T18:00:00-07:00,1.05391,1.05502,1.05376,1.05499,
2023-10-12T22:00:00-07:00,1.05499,1.05585,1.05316,1.05538,
2023-10-13T02:00:00-07:00,1.05538,1.05549,1.05139,1.05376,
2023-10-13T06:00:00-07:00,1.05376,1.05413,1.04955,1.05092,
2023-10-13T10:00:00-07:00,1.05092,1.05159,1.05008,1.05087,
2023-10-15T14:00:00-07:00,1.05087,1.05256,1.05087,1.05177,
2023-10-15T18:00:00-07:00,1.05177,1.0527,1.05177,1.0526,
2023-10-15T22:00:00-07:00,1.0526,1.05429,1.05231,1.05409,
2023-10-16T02:00:00-07:00,1.05409,1.05461,1.05261,1.05418,
2023-10-16T06:00:00-07:00,1.05418,1.05555,1.05257,1.05474,
2023-10-16T10:00:00-07:00,1.05474,1.05629,1.05437,1.05604,
2023-10-16T14:00:00-07:00,1.05604,1.05622,1.0553,1.05557,
2023-10-16T18:00:00-07:00,1.05557,1.0556,1.05456,1.05475,
2023-10-16T22:00:00-07:00,1.05475,1.05549,1.05329,1.0536,
2023-10-17T02:00:00-07:00,1.0536,1.05794,1.0536,1.05473,
2023-10-17T06:00:00-07:00,1.05473,1.0595,1.05399,1.05797,
2023-10-17T10:00:00-07:00,1.05797,1.05813,1.0564,1.05772,
2023-10-17T14:00:00-07:00,1.05772,1.05789,1.05606,1.05645,
2023-10-17T18:00:00-07:00,1.05645,1.05792,1.05614,1.05756,
2023-10-17T22:00:00-07:00,1.05756,1.05944,1.05706,1.05833,
2023-10-18T02:00:00-07:00,1.05833,1.05869,1.05492,1.05571,
2023-10-18T06:00:00-07:00,1.05571,1.05643,1.05233,1.05369,
2023-10-18T10:00:00-07:00,1.05369,1.05538,1.05317,1.05366,
2023-10-18T14:00:00-07:00,1.05366,1.05399,1.05327,1.05391,
2023-10-18T18:00:00-07:00,1.05391,1.05421,1.05306,1.05336,
2023-10-18T22:00:00-07:00,1.05336,1.05483,1.05283,1.05359,
2023-10-19T02:00:00-07:00,1.05359,1.05797,1.05352,1.05764,
2023-10-19T06:00:00-07:00,1.05764,1.06166,1.05562,1.05965,
2023-10-19T10:00:00-07:00,1.05965,1.06067,1.05782,1.05826,
2023-10-19T14:00:00-07:00,1.05826,1.05867,1.05738,1.05762,
2023-10-19T18:00:00-07:00,1.05762,1.05802,1.05684,1.05754,
2023-10-19T22:00:00-07:00,1.05754,1.05955,1.05649,1.05879,
2023-10-20T02:00:00-07:00,1.05879,1.05992,1.05654,1.05839,
2023-10-20T06:00:00-07:00,1.05839,1.06009,1.05722,1.05896,
2023-10-20T10:00:00-07:00,1.05896,1.06038,1.05865,1.05948,
2023-10-22T14:00:00-07:00,1.05948,1.05985,1.05841,1.05872,
2023-10-22T18:00:00-07:00,1.05872,1.05873,1.05734,1.05763,
2023-10-22T22:00:00-07:00,1.05763,1.06105,1.05715,1.06027,
2023-10-23T02:00:00-07:00,1.06027,1.06188,1.05905,1.06098,
2023-10-23T06:00:00-07:00,1.06098,1.06647,1.05911,1.06646,
2023-10-23T10:00:00-07:00,1.06646,1.06779,1.06597,1.06697,
2023-10-23T14:00:00-07:00,1.06697,1.06735,1.06657,1.06724,
2023-10-23T18:00:00-07:00,1.06724,1.06873,1.06679,1.06791,
2023-10-23T22:00:00-07:00,1.06791,1.06943,1.06443,1.06503,
2023-10-24T02:00:00-07:00,1.06503,1.06513,1.06124,1.06159,
2023-10-24T06:00:00-07:00,1.06159,1.06244,1.0583,1.05869,
2023-10-24T10:00:00-07:00,1.05869,1.05945,1.05845,1.05901,
2023-10-24T14:00:00-07:00,1.05901,1.05989,1.05892,1.05927,
2023-10-24T18:00:00-07:00,1.05927,1.06065,1.05919,1.06062,
2023-10-24T22:00:00-07:00,1.06062,1.06069,1.05784,1.05852,
2023-10-25T02:00:00-07:00,1.05852,1.05853,1.0566,1.05749,
2023-10-25T06:00:00-07:00,1.05749,1.05958,1.0567,1.05746,
2023-10-25T10:00:00-07:00,1.05746,1.05768,1.05657,1.05664,
2023-10-25T14:00:00-07:00,1.05664,1.05709,1.05577,1.05598,
2023-10-25T18:00:00-07:00,1.05598,1.05615,1.05415,1.05457,
2023-10-25T22:00:00-07:00,1.05457,1.05526,1.05331,1.05456,
2023-10-26T02:00:00-07:00,1.05456,1.05592,1.05219,1.05592,
2023-10-26T06:00:00-07:00,1.05592,1.05604,1.0525,1.05286,
2023-10-26T10:00:00-07:00,1.05286,1.05647,1.05282,1.05626,
2023-10-26T14:00:00-07:00,1.05626,1.05659,1.05562,1.0558,
2023-10-26T18:00:00-07:00,1.0558,1.0568,1.05526,1.05673,
2023-10-26T22:00:00-07:00,1.05673,1.057,1.05521,1.0562,
2023-10-27T02:00:00-07:00,1.0562,1.05695,1.05354,1.0556,
2023-10-27T06:00:00-07:00,1.0556,1.05972,1.05555,1.0583,
2023-10-27T10:00:00-07:00,1.0583,1.05831,1.05575,1.05652,
2023-10-29T14:00:00-07:00,1.05652,1.05742,1.05553,1.05626,
2023-10-29T18:00:00-07:00,1.05626,1.05659,1.05585,1.0561,
2023-10-29T22:00:00-07:00,1.0561,1.05677,1.05472,1.056,
2023-10-30T02:00:00-07:00,1.056,1.06086,1.05598,1.0607,
2023-10-30T06:00:00-07:00,1.0607,1.06252,1.05909,1.06073,
2023-10-30T10:00:00-07:00,1.06073,1.06217,1.06003,1.06151,
2023-10-30T14:00:00-07:00,1.06151,1.06187,1.06096,1.06116,
2023-10-30T18:00:00-07:00,1.06116,1.06127,1.05906,1.05939,
2023-10-30T22:00:00-07:00,1.05939,1.06458,1.05928,1.06454,
2023-10-31T02:00:00-07:00,1.06454,1.06748,1.06214,1.06243,
2023-10-31T06:00:00-07:00,1.06243,1.06258,1.05575,1.05677,
2023-10-31T10:00:00-07:00,1.05677,1.05858,1.0566,1.05746,
2023-10-31T14:00:00-07:00,1.05746,1.05807,1.05688,1.05736,
2023-10-31T18:00:00-07:00,1.05736,1.05767,1.05659,1.05673,
2023-10-31T22:00:00-07:00,1.05673,1.05777,1.05572,1.05584,
2023-11-01T02:00:00-07:00,1.05584,1.05627,1.0537,1.05386,
2023-11-01T06:00:00-07:00,1.05386,1.05709,1.05217,1.0534,
2023-11-01T10:00:00-07:00,1.0534,1.05759,1.05169,1.05705,
2023-11-01T14:00:00-07:00,1.05705,1.06021,1.05673,1.06018,
2023-11-01T18:00:00-07:00,1.06018,1.06023,1.05933,1.05962,
2023-11-01T22:00:00-07:00,1.05962,1.06101,1.05912,1.06005,
2023-11-02T02:00:00-07:00,1.06005,1.06677,1.0599,1.06643,
2023-11-02T06:00:00-07:00,1.06643,1.0667,1.06106,1.06155,
2023-11-02T10:00:00-07:00,1.06155,1.06326,1.0614,1.06218,
2023-11-02T14:00:00-07:00,1.06218,1.06254,1.0615,1.06183,
2023-11-02T18:00:00-07:00,1.06183,1.0629,1.06148,1.06265,
2023-11-02T22:00:00-07:00,1.06265,1.06338,1.06198,1.06272,
2023-11-03T02:00:00-07:00,1.06272,1.07193,1.06242,1.07096,
2023-11-03T06:00:00-07:00,1.07096,1.07395,1.06935,1.07393,
2023-11-03T10:00:00-07:00,1.07393,1.07468,1.07225,1.07317,
2023-11-05T14:00:00-08:00,1.07317,1.07337,1.07224,1.07285,
2023-11-05T18:00:00-08:00,1.07285,1.0739,1.07266,1.07357,
2023-11-05T22:00:00-08:00,1.07357,1.07564,1.07316,1.07473,
2023-11-06T02:00:00-08:00,1.07473,1.07558,1.07351,1.07375,
2023-11-06T06:00:00-08:00,1.07375,1.07495,1.07261,1.07356,
2023-11-06T10:00:00-08:00,1.07356,1.0737,1.07163,1.07175,
2023-11-06T14:00:00-08:00,1.07175,1.07224,1.0708,1.07106,
2023-11-06T18:00:00-08:00,1.07106,1.07141,1.07052,1.07106,
2023-11-06T22:00:00-08:00,1.07106,1.07117,1.06831,1.06838,
2023-11-07T02:00:00-08:00,1.06838,1.06977,1.06656,1.06762,
2023-11-07T06:00:00-08:00,1.06762,1.06929,1.06642,1.06775,
2023-11-07T10:00:00-08:00,1.06775,1.0705,1.06763,1.07,
2023-11-07T14:00:00-08:00,1.07,1.07026,1.06865,1.06919,
2023-11-07T18:00:00-08:00,1.06919,1.06994,1.06854,1.06861,
2023-11-07T22:00:00-08:00,1.06861,1.06882,1.06603,1.06652,
2023-11-08T02:00:00-08:00,1.06652,1.0678,1.06594,1.06694,
2023-11-08T06:00:00-08:00,1.06694,1.07161,1.06689,1.07079,
2023-11-08T10:00:00-08:00,1.07079,1.07143,1.07001,1.07089,
2023-11-08T14:00:00-08:00,1.07089,1.07149,1.07024,1.07122,
2023-11-08T18:00:00-08:00,1.07122,1.07158,1.07023,1.07026,
2023-11-08T22:00:00-08:00,1.07026,1.07099,1.06936,1.0698,
2023-11-09T02:00:00-08:00,1.0698,1.07089,1.06805,1.07076,
2023-11-09T06:00:00-08:00,1.07076,1.07254,1.06999,1.07049,
2023-11-09T10:00:00-08:00,1.07049,1.07057,1.06601,1.06677,
2023-11-09T14:00:00-08:00,1.06677,1.06751,1.0663,1.0672,
2023-11-09T18:00:00-08:00,1.0672,1.06745,1.06659,1.06693,
2023-11-09T22:00:00-08:00,1.06693,1.06801,1.06562,1.06773,
2023-11-10T02:00:00-08:00,1.06773,1.06928,1.06693,1.06887,
2023-11-10T06:00:00-08:00,1.06887,1.06897,1.06624,1.06794,
2023-11-10T10:00:00-08:00,1.06794,1.06876,1.0673,1.06867,
2023-11-12T14:00:00-08:00,1.06867,1.06907,1.06811,1.06868,
2023-11-12T18:00:00-08:00,1.06868,1.06892,1.06815,1.06858,
2023-11-12T22:00:00-08:00,1.06858,1.07015,1.06836,1.06898,
2023-11-13T02:00:00-08:00,1.06898,1.06997,1.06651,1.06727,
2023-11-13T06:00:00-08:00,1.06727,1.07063,1.06681,1.06959,
2023-11-13T10:00:00-08:00,1.06959,1.07057,1.06901,1.06982,
2023-11-13T14:00:00-08:00,1.06982,1.07025,1.06947,1.06989,
2023-11-13T18:00:00-08:00,1.06989,1.07024,1.06929,1.06957,
2023-11-13T22:00:00-08:00,1.06957,1.07178,1.06943,1.07158,
2023-11-14T02:00:00-08:00,1.07158,1.08002,1.0715,1.07894,
2023-11-14T06:00:00-08:00,1.07894,1.08738,1.07887,1.0873,
2023-11-14T10:00:00-08:00,1.0873,1.08876,1.08678,1.08791,
2023-11-14T14:00:00-08:00,1.08791,1.08831,1.08657,1.08721,
2023-11-14T18:00:00-08:00,1.08721,1.08839,1.08707,1.08727,
2023-11-14T22:00:00-08:00,1.08727,1.08795,1.08439,1.08522,
2023-11-15T02:00:00-08:00,1.08522,1.08861,1.08402,1.08592,
2023-11-15T06:00:00-08:00,1.08592,1.08689,1.08315,1.08541,
2023-11-15T10:00:00-08:00,1.08541,1.08548,1.08411,1.08477,
2023-11-15T14:00:00-08:00,1.08477,1.0856,1.0842,1.08439,
2023-11-15T18:00:00-08:00,1.08439,1.08441,1.08302,1.08382,
2023-11-15T22:00:00-08:00,1.08382,1.08609,1.0834,1.0851,
2023-11-16T02:00:00-08:00,1.0851,1.08816,1.08392,1.08812,
2023-11-16T06:00:00-08:00,1.08812,1.08956,1.08463,1.08599,
2023-11-16T10:00:00-08:00,1.08599,1.08657,1.08449,1.08523,
2023-11-16T14:00:00-08:00,1.08523,1.08572,1.08476,1.0853,
2023-11-16T18:00:00-08:00,1.0853,1.08571,1.0848,1.08533,
2023-11-16T22:00:00-08:00,1.08533,1.08586,1.0825,1.0853,
2023-11-17T02:00:00-08:00,1.0853,1.08776,1.08517,1.08711,
2023-11-17T06:00:00-08:00,1.08711,1.08933,1.08585,1.08904,
2023-11-17T10:00:00-08:00,1.08904,1.09164,1.08884,1.09164,
2023-11-19T14:00:00-08:00,1.09164,1.09164,1.08975,1.09084,
2023-11-19T18:00:00-08:00,1.09084,1.09359,1.09082,1.09187,
2023-11-19T22:00:00-08:00,1.09187,1.09403,1.09131,1.09368,
2023-11-20T02:00:00-08:00,1.09368,1.09369,1.09207,1.09265,
2023-11-20T06:00:00-08:00,1.09265,1.09517,1.09188,1.09377,
2023-11-20T10:00:00-08:00,1.09377,1.09519,1.0937,1.094,
2023-11-20T14:00:00-08:00,1.094,1.09575,1.09366,1.09523,
2023-11-20T18:00:00-08:00,1.09523,1.09653,1.09483,1.09561,
2023-11-20T22:00:00-08:00,1.09561,1.09639,1.09426,1.09438,
2023-11-21T02:00:00-08:00,1.09438,1.09614,1.09391,1.0945,
2023-11-21T06:00:00-08:00,1.0945,1.09595,1.09188,1.0921,
2023-11-21T10:00:00-08:00,1.0921,1.09217,1.09002,1.09108,
2023-11-21T14:00:00-08:00,1.09108,1.09231,1.0909,1.09135,
2023-11-21T18:00:00-08:00,1.09135,1.09205,1.09051,1.09074,
2023-11-21T22:00:00-08:00,1.09074,1.09199,1.08827,1.09027,
2023-11-22T02:00:00-08:00,1.09027,1.09178,1.08912,1.08961,
2023-11-22T06:00:00-08:00,1.08961,1.08986,1.08524,1.08787,
2023-11-22T10:00:00-08:00,1.08787,1.08896,1.08776,1.08884,
2023-11-22T14:00:00-08:00,1.08884,1.08961,1.08836,1.08952,
2023-11-22T18:00:00-08:00,1.08952,1.09119,1.08948,1.09107,
2023-11-22T22:00:00-08:00,1.09107,1.09306,1.08956,1.09231,
2023-11-23T02:00:00-08:00,1.09231,1.09243,1.08968,1.09018,
2023-11-23T06:00:00-08:00,1.09018,1.09106,1.08871,1.09058,
2023-11-23T10:00:00-08:00,1.09058,1.09074,1.09028,1.09051,
2023-11-23T14:00:00-08:00,1.09051,1.09104,1.09013,1.09021,
2023-11-23T18:00:00-08:00,1.09021,1.09122,1.0895,1.09119,
2023-11-23T22:00:00-08:00,1.09119,1.09209,1.09015,1.0903,
2023-11-24T02:00:00-08:00,1.0903,1.09283,1.09018,1.09221,
2023-11-24T06:00:00-08:00,1.09221,1.09454,1.09172,1.09406,
2023-11-24T10:00:00-08:00,1.09406,1.09489,1.09373,1.09396,
2023-11-26T14:00:00-08:00,1.09396,1.09499,1.09268,1.09469,
2023-11-26T18:00:00-08:00,1.09469,1.09508,1.09381,1.09496,
2023-11-26T22:00:00-08:00,1.09496,1.09593,1.09393,1.09486,
2023-11-27T02:00:00-08:00,1.09486,1.09567,1.09436,1.09438,
2023-11-27T06:00:00-08:00,1.09438,1.0945,1.09251,1.09344,
2023-11-27T10:00:00-08:00,1.09344,1.09576,1.09323,1.09537,
2023-11-27T14:00:00-08:00,1.09537,1.09619,1.09502,1.09578,
2023-11-27T18:00:00-08:00,1.09578,1.0963,1.09499,1.09511,
2023-11-27T22:00:00-08:00,1.09511,1.09552,1.09345,1.09537,
2023-11-28T02:00:00-08:00,1.09537,1.09741,1.09453,1.09725,
2023-11-28T06:00:00-08:00,1.09725,1.10091,1.09641,1.0987,
2023-11-28T10:00:00-08:00,1.0987,1.09956,1.09733,1.09928,
2023-11-28T14:00:00-08:00,1.09928,1.10173,1.09914,1.1006,
2023-11-28T18:00:00-08:00,1.1006,1.10087,1.09968,1.10021,
2023-11-28T22:00:00-08:00,1.10021,1.10047,1.09719,1.09746,
2023-11-29T02:00:00-08:00,1.09746,1.09951,1.0969,1.09728,
2023-11-29T06:00:00-08:00,1.09728,1.09911,1.096,1.0976,
2023-11-29T10:00:00-08:00,1.0976,1.0995,1.09685,1.09692,
2023-11-29T14:00:00-08:00,1.09692,1.09839,1.09682,1.09697,
2023-11-29T18:00:00-08:00,1.09697,1.0978,1.09652,1.09724,
2023-11-29T22:00:00-08:00,1.09724,1.0982,1.09202,1.09251,
2023-11-30T02:00:00-08:00,1.09251,1.09496,1.09092,1.09158,
2023-11-30T06:00:00-08:00,1.09158,1.09226,1.08882,1.08902,
2023-11-30T10:00:00-08:00,1.08902,1.09001,1.08794,1.0888,
2023-11-30T14:00:00-08:00,1.0888,1.09103,1.08851,1.09071,
2023-11-30T18:00:00-08:00,1.09071,1.09129,1.08983,1.09108,
2023-11-30T22:00:00-08:00,1.09108,1.09121,1.0886,1.08979,
2023-12-01T02:00:00-08:00,1.08979,1.09039,1.08664,1.08677,
2023-12-01T06:00:00-08:00,1.08677,1.08856,1.08289,1.08818,
2023-12-01T10:00:00-08:00,1.08818,1.0893,1.08702,1.08835,
2023-12-03T14:00:00-08:00,1.08826,1.0895,1.08665,1.08732,
2023-12-03T18:00:00-08:00,1.08732,1.08861,1.08685,1.08694,
2023-12-03T22:00:00-08:00,1.08694,1.0881,1.085,1.08747,
2023-12-04T02:00:00-08:00,1.08747,1.0879,1.08534,1.08546,
2023-12-04T06:00:00-08:00,1.08546,1.08553,1.08041,1.08257,
2023-12-04T10:00:00-08:00,1.08257,1.0837,1.08152,1.08363,
2023-12-04T14:00:00-08:00,1.08363,1.08463,1.08324,1.08392,
2023-12-04T18:00:00-08:00,1.08392,1.08475,1.08347,1.08474,
2023-12-04T22:00:00-08:00,1.08474,1.08475,1.08041,1.08321,
2023-12-05T02:00:00-08:00,1.08321,1.08398,1.08123,1.08287,
2023-12-05T06:00:00-08:00,1.08287,1.08389,1.07821,1.07921,
2023-12-05T10:00:00-08:00,1.07921,1.0799,1.07781,1.07966,
2023-12-05T14:00:00-08:00,1.07966,1.07989,1.0788,1.07921,
2023-12-05T18:00:00-08:00,1.07921,1.08019,1.07882,1.08013,
2023-12-05T22:00:00-08:00,1.08013,1.08014,1.07751,1.07911,
2023-12-06T02:00:00-08:00,1.07911,1.07998,1.07726,1.07982,
2023-12-06T06:00:00-08:00,1.07982,1.0805,1.07809,1.07817,
2023-12-06T10:00:00-08:00,1.07817,1.07844,1.07588,1.0764,
2023-12-06T14:00:00-08:00,1.0764,1.07724,1.0764,1.07673,
2023-12-06T18:00:00-08:00,1.07673,1.07711,1.0757,1.07617,
2023-12-06T22:00:00-08:00,1.07617,1.07848,1.07552,1.07798,
2023-12-07T02:00:00-08:00,1.07798,1.0798,1.07595,1.07904,
2023-12-07T06:00:00-08:00,1.07904,1.08176,1.07673,1.08138,
2023-12-07T10:00:00-08:00,1.08138,1.08138,1.07907,1.07941,
2023-12-07T14:00:00-08:00,1.07941,1.08006,1.07853,1.07883,
2023-12-07T18:00:00-08:00,1.07883,1.07958,1.07824,1.07838,
2023-12-07T22:00:00-08:00,1.07838,1.07914,1.07724,1.07769,
2023-12-08T02:00:00-08:00,1.07769,1.07899,1.07237,1.0747,
2023-12-08T06:00:00-08:00,1.0747,1.07857,1.07305,1.07561,
2023-12-08T10:00:00-08:00,1.07561,1.07666,1.0753,1.07636,
2023-12-10T14:00:00-08:00,1.07636,1.0774,1.07593,1.07675,
2023-12-10T18:00:00-08:00,1.07675,1.07684,1.0761,1.07682,
2023-12-10T22:00:00-08:00,1.07682,1.0771,1.07514,1.0767,
2023-12-11T02:00:00-08:00,1.0767,1.07791,1.07523,1.07636,
2023-12-11T06:00:00-08:00,1.07636,1.07638,1.07416,1.07441,
2023-12-11T10:00:00-08:00,1.07441,1.07699,1.07426,1.07647,
2023-12-11T14:00:00-08:00,1.07647,1.07699,1.07607,1.07649,
2023-12-11T18:00:00-08:00,1.07649,1.0771,1.07612,1.07692,
2023-12-11T22:00:00-08:00,1.07692,1.07978,1.07686,1.07934,
2023-12-12T02:00:00-08:00,1.07934,1.08282,1.07736,1.07764,
2023-12-12T06:00:00-08:00,1.07764,1.08003,1.07672,1.07882,
2023-12-12T10:00:00-08:00,1.07882,1.07993,1.07868,1.07944,
2023-12-12T14:00:00-08:00,1.07944,1.08,1.07913,1.07934,
2023-12-12T18:00:00-08:00,1.07934,1.0794,1.07842,1.07903,
2023-12-12T22:00:00-08:00,1.07903,1.0793,1.07803,1.07873,
2023-12-13T02:00:00-08:00,1.07873,1.08037,1.07732,1.08005,
2023-12-13T06:00:00-08:00,1.08005,1.08095,1.07827,1.07842,
2023-12-13T10:00:00-08:00,1.07842,1.08967,1.078,1.08742,
2023-12-13T14:00:00-08:00,1.08742,1.08982,1.08736,1.08966,
2023-12-13T18:00:00-08:00,1.08966,1.09154,1.08931,1.0894,
2023-12-13T22:00:00-08:00,1.0894,1.09131,1.088,1.09042,
2023-12-14T02:00:00-08:00,1.09042,1.09515,1.08982,1.0944,
2023-12-14T06:00:00-08:00,1.0944,1.10093,1.09359,1.1005,
2023-12-14T10:00:00-08:00,1.1005,1.10061,1.09795,1.09929,
2023-12-14T14:00:00-08:00,1.09929,1.09966,1.0977,1.09848,
2023-12-14T18:00:00-08:00,1.09848,1.10039,1.09837,1.09844,
2023-12-14T22:00:00-08:00,1.09844,1.09994,1.09463,1.09605,
2023-12-15T02:00:00-08:00,1.09605,1.09695,1.09042,1.09165,
2023-12-15T06:00:00-08:00,1.09165,1.09284,1.09016,1.09105,
2023-12-15T10:00:00-08:00,1.09105,1.0911,1.08887,1.08947,
2023-12-17T14:00:00-08:00,1.08947,1.09014,1.08921,1.08976,
2023-12-17T18:00:00-08:00,1.08976,1.0916,1.08975,1.09155,
2023-12-17T22:00:00-08:00,1.09155,1.09301,1.09117,1.09197,
2023-12-18T02:00:00-08:00,1.09197,1.09292,1.09072,1.09213,
2023-12-18T06:00:00-08:00,1.09213,1.09313,1.0911,1.09276,
2023-12-18T10:00:00-08:00,1.09276,1.09281,1.09131,1.09235,
2023-12-18T14:00:00-08:00,1.09235,1.0926,1.09177,1.09188,
2023-12-18T18:00:00-08:00,1.09188,1.09293,1.09149,1.0928,
2023-12-18T22:00:00-08:00,1.0928,1.09495,1.09231,1.09415,
2023-12-19T02:00:00-08:00,1.09415,1.0974,1.09305,1.09622,
2023-12-19T06:00:00-08:00,1.09622,1.09876,1.09592,1.09751,
2023-12-19T10:00:00-08:00,1.09751,1.09821,1.09694,1.09813,
2023-12-19T14:00:00-08:00,1.09813,1.09866,1.0968,1.097,
2023-12-19T18:00:00-08:00,1.097,1.09729,1.09645,1.0965,
2023-12-19T22:00:00-08:00,1.0965,1.09714,1.09509,1.09645,
2023-12-20T02:00:00-08:00,1.09645,1.09653,1.0934,1.09607,
2023-12-20T06:00:00-08:00,1.09607,1.09756,1.09498,1.0958,
2023-12-20T10:00:00-08:00,1.0958,1.09639,1.09299,1.09409,
2023-12-20T14:00:00-08:00,1.09409,1.09536,1.0938,1.09524,
2023-12-20T18:00:00-08:00,1.09524,1.0956,1.09453,1.09546,
2023-12-20T22:00:00-08:00,1.09546,1.0955,1.09353,1.09439,
2023-12-21T02:00:00-08:00,1.09439,1.10024,1.094,1.09911,
2023-12-21T06:00:00-08:00,1.09911,1.10013,1.09754,1.09863,
2023-12-21T10:00:00-08:00,1.09863,1.10128,1.09785,1.10113,
2023-12-21T14:00:00-08:00,1.10113,1.10127,1.09972,1.09981,
2023-12-21T18:00:00-08:00,1.09981,1.10051,1.09957,1.0997,
2023-12-21T22:00:00-08:00,1.0997,1.10137,1.09938,1.10044,
2023-12-22T02:00:00-08:00,1.10044,1.1038,1.10019,1.1029,
2023-12-22T06:00:00-08:00,1.1029,1.10404,1.10002,1.10159,
2023-12-22T10:00:00-08:00,1.10159,1.10194,1.10022,1.10129,
2023-12-25T14:00:00-08:00,1.10129,1.10231,1.10129,1.10222,
2023-12-25T18:00:00-08:00,1.10222,1.10289,1.10197,1.10268,
2023-12-25T22:00:00-08:00,1.10268,1.10268,1.10098,1.10144,
2023-12-26T02:00:00-08:00,1.10144,1.10246,1.10086,1.10177,
2023-12-26T06:00:00-08:00,1.10177,1.10378,1.1014,1.10353,
2023-12-26T10:00:00-08:00,1.10353,1.10452,1.10341,1.10424,
2023-12-26T14:00:00-08:00,1.10424,1.10447,1.1032,1.10363,
2023-12-26T18:00:00-08:00,1.10363,1.10441,1.10286,1.10436,
2023-12-26T22:00:00-08:00,1.10436,1.10549,1.10366,1.10545,
2023-12-27T02:00:00-08:00,1.10545,1.10741,1.10486,1.10705,
2023-12-27T06:00:00-08:00,1.10705,1.11228,1.10689,1.11055,
2023-12-27T10:00:00-08:00,1.11055,1.11142,1.1099,1.11052,
2023-12-27T14:00:00-08:00,1.11052,1.11222,1.1101,1.1122,
2023-12-27T18:00:00-08:00,1.1122,1.11226,1.11085,1.11094,
2023-12-27T22:00:00-08:00,1.11094,1.11395,1.11044,1.11295,
2023-12-28T02:00:00-08:00,1.11295,1.11324,1.10725,1.10732,
2023-12-28T06:00:00-08:00,1.10732,1.11136,1.10661,1.10739,
2023-12-28T10:00:00-08:00,1.10739,1.1074,1.10553,1.10609,
2023-12-28T14:00:00-08:00,1.10609,1.10845,1.10609,1.1079,
2023-12-28T18:00:00-08:00,1.1079,1.10794,1.1061,1.10663,
2023-12-28T22:00:00-08:00,1.10663,1.10776,1.10444,1.10493,
2023-12-29T02:00:00-08:00,1.10493,1.10805,1.10467,1.10487,
2023-12-29T06:00:00-08:00,1.10487,1.10787,1.10426,1.10642,
2023-12-29T10:00:00-08:00,1.10642,1.10642,1.10342,1.10379,
2024-01-01T14:00:00-08:00,1.10379,1.10461,1.10343,1.10349,
2024-01-01T18:00:00-08:00,1.10349,1.1036,1.10167,1.10334,
2024-01-01T22:00:00-08:00,1.10334,1.1039,1.10108,1.10152,
2024-01-02T02:00:00-08:00,1.10152,1.10171,1.09492,1.09529,
2024-01-02T06:00:00-08:00,1.09529,1.09684,1.09409,1.09507,
2024-01-02T10:00:00-08:00,1.09507,1.0956,1.09385,1.09422,
2024-01-02T14:00:00-08:00,1.09422,1.09549,1.09397,1.09514,
2024-01-02T18:00:00-08:00,1.09514,1.09629,1.09486,1.09514,
2024-01-02T22:00:00-08:00,1.09514,1.09656,1.0935,1.09365,
2024-01-03T02:00:00-08:00,1.09365,1.09392,1.09102,1.09217,
2024-01-03T06:00:00-08:00,1.09217,1.09388,1.08981,1.09068,
2024-01-03T10:00:00-08:00,1.09068,1.09259,1.08929,1.09214,
2024-01-03T14:00:00-08:00,1.09214,1.09278,1.09165,1.0918,
2024-01-03T18:00:00-08:00,1.0918,1.09309,1.09161,1.09266,
2024-01-03T22:00:00-08:00,1.09266,1.09692,1.09209,1.09675,
2024-01-04T02:00:00-08:00,1.09675,1.09722,1.09328,1.09471,
2024-01-04T06:00:00-08:00,1.09471,1.09653,1.09382,1.09505,
2024-01-04T10:00:00-08:00,1.09505,1.09544,1.09431,1.09448,
2024-01-04T14:00:00-08:00,1.09448,1.0956,1.09433,1.09516,
2024-01-04T18:00:00-08:00,1.09516,1.09544,1.09342,1.09374,
2024-01-04T22:00:00-08:00,1.09374,1.09376,1.09028,1.09129,
2024-01-05T02:00:00-08:00,1.09129,1.0928,1.08772,1.09212,
2024-01-05T06:00:00-08:00,1.09212,1.09985,1.09212,1.09463,
2024-01-05T10:00:00-08:00,1.09463,1.09599,1.09353,1.09421,
2024-01-07T14:00:00-08:00,1.09421,1.09532,1.09349,1.0948,
2024-01-07T18:00:00-08:00,1.0948,1.09481,1.09306,1.09375,
2024-01-07T22:00:00-08:00,1.09375,1.09524,1.09227,1.09371,
2024-01-08T02:00:00-08:00,1.09371,1.09564,1.09344,1.09509,
2024-01-08T06:00:00-08:00,1.09509,1.09789,1.09495,1.09647,
2024-01-08T10:00:00-08:00,1.09647,1.09658,1.0949,1.09503,
2024-01-08T14:00:00-08:00,1.09503,1.0962,1.09493,1.09616,
2024-01-08T18:00:00-08:00,1.09616,1.09666,1.09481,1.09498,
2024-01-08T22:00:00-08:00,1.09498,1.09631,1.09381,1.09442,
2024-01-09T02:00:00-08:00,1.09442,1.0948,1.09287,1.0946,
2024-01-09T06:00:00-08:00,1.0946,1.09514,1.09103,1.09341,
2024-01-09T10:00:00-08:00,1.09341,1.09401,1.09201,1.09313,
2024-01-09T14:00:00-08:00,1.09313,1.09365,1.0926,1.09324,
2024-01-09T18:00:00-08:00,1.09324,1.09361,1.09279,1.09324,
2024-01-09T22:00:00-08:00,1.09324,1.0952,1.09229,1.09473,
2024-01-10T02:00:00-08:00,1.09473,1.09555,1.09405,1.09406,
2024-01-10T06:00:00-08:00,1.09406,1.09693,1.09321,1.09672,
2024-01-10T10:00:00-08:00,1.09672,1.09732,1.09593,1.09728,
2024-01-10T14:00:00-08:00,1.09728,1.09804,1.09702,1.0979,
2024-01-10T18:00:00-08:00,1.0979,1.0985,1.09758,1.09784,
2024-01-10T22:00:00-08:00,1.09784,1.09886,1.09591,1.0964,
2024-01-11T02:00:00-08:00,1.0964,1.10001,1.09356,1.09394,
2024-01-11T06:00:00-08:00,1.09394,1.09739,1.09304,1.09509,
2024-01-11T10:00:00-08:00,1.09509,1.09831,1.095,1.09722,
2024-01-11T14:00:00-08:00,1.09722,1.09849,1.09705,1.09828,
2024-01-11T18:00:00-08:00,1.09828,1.09855,1.09733,1.09757,
2024-01-11T22:00:00-08:00,1.09757,1.0983,1.0961,1.09626,
2024-01-12T02:00:00-08:00,1.09626,1.09697,1.09361,1.09553,
2024-01-12T06:00:00-08:00,1.09553,1.0987,1.09471,1.09497,
2024-01-12T10:00:00-08:00,1.09497,1.09636,1.09483,1.09503,
2024-01-14T14:00:00-08:00,1.09503,1.09563,1.09409,1.09548,
2024-01-14T18:00:00-08:00,1.09548,1.09677,1.09548,1.09641,
2024-01-14T22:00:00-08:00,1.09641,1.09667,1.0943,1.09468,
2024-01-15T02:00:00-08:00,1.09468,1.09591,1.09336,1.09507,
2024-01-15T06:00:00-08:00,1.09507,1.09526,1.09382,1.09482,
2024-01-15T10:00:00-08:00,1.09482,1.09536,1.09477,1.09504,
2024-01-15T14:00:00-08:00,1.09504,1.09513,1.09155,1.09277,
2024-01-15T18:00:00-08:00,1.09277,1.09277,1.09126,1.09155,
2024-01-15T22:00:00-08:00,1.09155,1.09267,1.0884,1.08863,
2024-01-16T02:00:00-08:00,1.08863,1.08981,1.08717,1.08742,
2024-01-16T06:00:00-08:00,1.08742,1.08948,1.08622,1.08632,
2024-01-16T10:00:00-08:00,1.08632,1.08777,1.08629,1.08754,
2024-01-16T14:00:00-08:00,1.08754,1.08824,1.08724,1.08775,
2024-01-16T18:00:00-08:00,1.08775,1.08846,1.08609,1.08649,
2024-01-16T22:00:00-08:00,1.08649,1.08817,1.08555,1.08765,
2024-01-17T02:00:00-08:00,1.08765,1.0884,1.08514,1.08639,
2024-01-17T06:00:00-08:00,1.08639,1.0871,1.08445,1.08671,
2024-01-17T10:00:00-08:00,1.08671,1.08828,1.08565,1.08826,
2024-01-17T14:00:00-08:00,1.08826,1.0901,1.08802,1.08962,
2024-01-17T18:00:00-08:00,1.08962,1.0903,1.08905,1.0895,
2024-01-17T22:00:00-08:00,1.0895,1.0907,1.08768,1.08848,
2024-01-18T02:00:00-08:00,1.08848,1.08962,1.08507,1.08527,
2024-01-18T06:00:00-08:00,1.08527,1.08702,1.08467,1.08598,
2024-01-18T10:00:00-08:00,1.08598,1.08776,1.08543,1.08763,
2024-01-18T14:00:00-08:00,1.08763,1.08875,1.08716,1.08856,
2024-01-18T18:00:00-08:00,1.08856,1.08898,1.08796,1.0881,
2024-01-18T22:00:00-08:00,1.0881,1.08865,1.08681,1.0883,
2024-01-19T02:00:00-08:00,1.0883,1.08931,1.08731,1.08806,
2024-01-19T06:00:00-08:00,1.08806,1.08936,1.08657,1.08898,
2024-01-19T10:00:00-08:00,1.08898,1.08983,1.08859,1.08972,
2024-01-21T14:00:00-08:00,1.08971,1.09051,1.08889,1.0902,
2024-01-21T18:00:00-08:00,1.0902,1.09094,1.08985,1.09017,
2024-01-21T22:00:00-08:00,1.09017,1.09096,1.08872,1.0897,
2024-01-22T02:00:00-08:00,1.0897,1.08996,1.088,1.08917,
2024-01-22T06:00:00-08:00,1.08917,1.09001,1.08818,1.08964,
2024-01-22T10:00:00-08:00,1.08964,1.08964,1.08803,1.08827,
2024-01-22T14:00:00-08:00,1.08827,1.08887,1.08758,1.08885,
2024-01-22T18:00:00-08:00,1.08885,1.09081,1.0885,1.09069,
2024-01-22T22:00:00-08:00,1.09069,1.09161,1.08836,1.08877,
2024-01-23T02:00:00-08:00,1.08877,1.08885,1.08602,1.08741,
2024-01-23T06:00:00-08:00,1.08741,1.08741,1.08216,1.08316,
2024-01-23T10:00:00-08:00,1.08316,1.08561,1.08304,1.08544,
2024-01-23T14:00:00-08:00,1.08544,1.08601,1.08482,1.08581,
2024-01-23T18:00:00-08:00,1.08581,1.08662,1.08533,1.08622,
2024-01-23T22:00:00-08:00,1.08622,1.09078,1.08604,1.09028,
2024-01-24T02:00:00-08:00,1.09028,1.09273,1.08875,1.0925,
2024-01-24T06:00:00-08:00,1.0925,1.09325,1.08907,1.09055,
2024-01-24T10:00:00-08:00,1.09055,1.09061,1.08778,1.08853,
2024-01-24T14:00:00-08:00,1.08853,1.08867,1.08703,1.08776,
2024-01-24T18:00:00-08:00,1.08776,1.0882,1.08746,1.08784,
2024-01-24T22:00:00-08:00,1.08784,1.08999,1.08757,1.0896,
2024-01-25T02:00:00-08:00,1.0896,1.0902,1.08668,1.08794,
2024-01-25T06:00:00-08:00,1.08794,1.08794,1.08242,1.08378,
2024-01-25T10:00:00-08:00,1.08378,1.08482,1.08217,1.08459,
2024-01-25T14:00:00-08:00,1.08459,1.0848,1.08375,1.08445,
2024-01-25T18:00:00-08:00,1.08445,1.08489,1.0838,1.08426,
2024-01-25T22:00:00-08:00,1.08426,1.08507,1.0813,1.08442,
2024-01-26T02:00:00-08:00,1.08442,1.08861,1.08442,1.08721,
2024-01-26T06:00:00-08:00,1.08721,1.08804,1.08552,1.08638,
2024-01-26T10:00:00-08:00,1.08638,1.08661,1.08522,1.08533,
2024-01-28T14:00:00-08:00,1.08533,1.08533,1.08414,1.08441,
2024-01-28T18:00:00-08:00,1.08441,1.08477,1.08395,1.084,
2024-01-28T22:00:00-08:00,1.084,1.08502,1.08231,1.08252,
2024-01-29T02:00:00-08:00,1.08252,1.0837,1.08139,1.08204,
2024-01-29T06:00:00-08:00,1.08204,1.08227,1.07959,1.08117,
2024-01-29T10:00:00-08:00,1.08117,1.08406,1.08093,1.08337,
2024-01-29T14:00:00-08:00,1.08337,1.08422,1.08304,1.08351,
2024-01-29T18:00:00-08:00,1.08351,1.08362,1.08219,1.08225,
2024-01-29T22:00:00-08:00,1.08225,1.08323,1.0812,1.0827,
2024-01-30T02:00:00-08:00,1.0827,1.085,1.08231,1.08348,
2024-01-30T06:00:00-08:00,1.08348,1.08575,1.0828,1.0839,
2024-01-30T10:00:00-08:00,1.0839,1.08487,1.08316,1.08456,
2024-01-30T14:00:00-08:00,1.08456,1.08483,1.08314,1.08314,
2024-01-30T18:00:00-08:00,1.08314,1.08315,1.0816,1.08204,
2024-01-30T22:00:00-08:00,1.08204,1.08368,1.08061,1.08223,
2024-01-31T02:00:00-08:00,1.08223,1.08629,1.08215,1.08577,
2024-01-31T06:00:00-08:00,1.08577,1.08876,1.08419,1.08497,
2024-01-31T10:00:00-08:00,1.08497,1.08643,1.0795,1.08185,
2024-01-31T14:00:00-08:00,1.08185,1.08205,1.08019,1.08091,
2024-01-31T18:00:00-08:00,1.08091,1.0822,1.08027,1.08028,
2024-01-31T22:00:00-08:00,1.08028,1.08051,1.078,1.07985,
2024-02-01T02:00:00-08:00,1.07985,1.08274,1.07915,1.08137,
2024-02-01T06:00:00-08:00,1.08137,1.08748,1.08064,1.08728,
2024-02-01T10:00:00-08:00,1.08728,1.08749,1.0863,1.08719,
2024-02-01T14:00:00-08:00,1.08719,1.08799,1.08658,1.08717,
2024-02-01T18:00:00-08:00,1.08717,1.08826,1.08712,1.08776,
2024-02-01T22:00:00-08:00,1.08776,1.08977,1.08736,1.08908,
2024-02-02T02:00:00-08:00,1.08908,1.08951,1.08037,1.08074,
2024-02-02T06:00:00-08:00,1.08074,1.08171,1.07807,1.07836,
2024-02-02T10:00:00-08:00,1.07836,1.07975,1.07806,1.07875,
2024-02-04T14:00:00-08:00,1.07875,1.07875,1.07673,1.07785,
2024-02-04T18:00:00-08:00,1.07785,1.07824,1.07734,1.07821,
2024-02-04T22:00:00-08:00,1.07821,1.07862,1.07521,1.07538,
2024-02-05T02:00:00-08:00,1.07538,1.07587,1.07362,1.07375,
2024-02-05T06:00:00-08:00,1.07375,1.0745,1.07234,1.07394,
2024-02-05T10:00:00-08:00,1.07394,1.07467,1.07369,1.07427,
2024-02-05T14:00:00-08:00,1.07427,1.07474,1.07386,1.07455,
2024-02-05T18:00:00-08:00,1.07455,1.07543,1.07435,1.07537,
2024-02-05T22:00:00-08:00,1.07537,1.07625,1.07255,1.07293,
2024-02-06T02:00:00-08:00,1.07293,1.0744,1.07226,1.07306,
2024-02-06T06:00:00-08:00,1.07306,1.07553,1.0729,1.0751,
2024-02-06T10:00:00-08:00,1.0751,1.07575,1.07435,1.07546,
2024-02-06T14:00:00-08:00,1.07546,1.07651,1.07521,1.07636,
2024-02-06T18:00:00-08:00,1.07636,1.07667,1.07567,1.07628,
2024-02-06T22:00:00-08:00,1.07628,1.07735,1.07569,1.07694,
2024-02-07T02:00:00-08:00,1.07694,1.07841,1.07624,1.07702,
2024-02-07T06:00:00-08:00,1.07702,1.078,1.07558,1.0765,
2024-02-07T10:00:00-08:00,1.0765,1.07755,1.07646,1.07714,
2024-02-07T14:00:00-08:00,1.07714,1.07799,1.07699,1.07788,
2024-02-07T18:00:00-08:00,1.07788,1.07885,1.07785,1.07827,
2024-02-07T22:00:00-08:00,1.07827,1.0789,1.07684,1.07831,
2024-02-08T02:00:00-08:00,1.07831,1.07856,1.07416,1.07441,
2024-02-08T06:00:00-08:00,1.07441,1.07768,1.07436,1.07735,
2024-02-08T10:00:00-08:00,1.07735,1.07829,1.07726,1.07775,
2024-02-08T14:00:00-08:00,1.07775,1.07793,1.07722,1.07744,
2024-02-08T18:00:00-08:00,1.07744,1.07784,1.07695,1.07712,
2024-02-08T22:00:00-08:00,1.07712,1.0785,1.07661,1.07672,
2024-02-09T02:00:00-08:00,1.07672,1.07948,1.07622,1.07831,
2024-02-09T06:00:00-08:00,1.07831,1.0795,1.07751,1.07856,
2024-02-09T10:00:00-08:00,1.07856,1.0791,1.07797,1.07838,
2024-02-11T14:00:00-08:00,1.07838,1.08,1.07782,1.07959,
2024-02-11T18:00:00-08:00,1.07959,1.0798,1.07895,1.07916,
2024-02-11T22:00:00-08:00,1.07916,1.08058,1.07668,1.07692,
2024-02-12T02:00:00-08:00,1.07692,1.07789,1.07611,1.07639,
2024-02-12T06:00:00-08:00,1.07639,1.07826,1.07559,1.07826,
2024-02-12T10:00:00-08:00,1.07826,1.07863,1.0768,1.07714,
2024-02-12T14:00:00-08:00,1.07714,1.07765,1.07656,1.0767,
2024-02-12T18:00:00-08:00,1.0767,1.07681,1.07607,1.07668,
2024-02-12T22:00:00-08:00,1.07668,1.07778,1.0757,1.07668,
2024-02-13T02:00:00-08:00,1.07668,1.07979,1.0703,1.07087,
2024-02-13T06:00:00-08:00,1.07087,1.0727,1.07007,1.07153,
2024-02-13T10:00:00-08:00,1.07153,1.07204,1.07006,1.07085,
2024-02-13T14:00:00-08:00,1.07085,1.07145,1.07034,1.07117,
2024-02-13T18:00:00-08:00,1.07117,1.07152,1.07083,1.07142,
2024-02-13T22:00:00-08:00,1.07142,1.07188,1.0695,1.07002,
2024-02-14T02:00:00-08:00,1.07002,1.07169,1.06963,1.07088,
2024-02-14T06:00:00-08:00,1.07088,1.07346,1.07066,1.07308,
2024-02-14T10:00:00-08:00,1.07308,1.07339,1.07252,1.07269,
2024-02-14T14:00:00-08:00,1.07269,1.07356,1.07263,1.07285,
2024-02-14T18:00:00-08:00,1.07285,1.07323,1.07247,1.07292,
2024-02-14T22:00:00-08:00,1.07292,1.07416,1.07272,1.07332,
2024-02-15T02:00:00-08:00,1.07332,1.07729,1.07309,1.07665,
2024-02-15T06:00:00-08:00,1.07665,1.078495,1.075525,1.07626,
2024-02-15T10:00:00-08:00,1.07626,1.0774,1.076045,1.07723,
2024-02-15T14:00:00-08:00,1.07723,1.0777,1.076135,1.0765,
2024-02-15T18:00:00-08:00,1.0765,1.07651,1.07575,1.076025,
2024-02-15T22:00:00-08:00,1.076025,1.077185,1.07587,1.076615,
2024-02-16T02:00:00-08:00,1.076615,1.07801,1.073205,1.074645,
2024-02-16T06:00:00-08:00,1.074645,1.07781,1.074105,1.07778,
2024-02-16T10:00:00-08:00,1.07778,1.078755,1.0773,1.07772,
2024-02-18T14:00:00-08:00,1.07772,1.07891,1.07728,1.07804,
2024-02-18T18:00:00-08:00,1.07804,1.07834,1.07749,1.078185,
2024-02-18T22:00:00-08:00,1.078185,1.07896,1.077235,1.0775,
2024-02-19T02:00:00-08:00,1.0775,1.078185,1.076755,1.07703,
2024-02-19T06:00:00-08:00,1.07703,1.07767,1.0762,1.0776,
2024-02-19T10:00:00-08:00,1.0776,1.078385,1.0776,1.077925,
2024-02-19T14:00:00-08:00,1.077925,1.078075,1.07651,1.07661,
2024-02-19T18:00:00-08:00,1.07661,1.07711,1.076175,1.07681,
2024-02-19T22:00:00-08:00,1.07681,1.079905,1.076745,1.07979,
2024-02-20T02:00:00-08:00,1.07979,1.08249,1.079365,1.082315,
2024-02-20T06:00:00-08:00,1.082315,1.0839,1.08092,1.08119,
2024-02-20T10:00:00-08:00,1.08119,1.08132,1.08044,1.08078,
2024-02-20T14:00:00-08:00,1.08078,1.08128,1.080555,1.0812,
2024-02-20T18:00:00-08:00,1.0812,1.081915,1.0812,1.08152,
2024-02-20T22:00:00-08:00,1.08152,1.08154,1.079,1.07999,
2024-02-21T02:00:00-08:00,1.07999,1.081155,1.07943,1.08102,
2024-02-21T06:00:00-08:00,1.08102,1.08201,1.08009,1.08076,
2024-02-21T10:00:00-08:00,1.08076,1.082435,1.08,1.08188,
2024-02-21T14:00:00-08:00,1.08188,1.083215,1.08159,1.08267,
2024-02-21T18:00:00-08:00,1.08267,1.083805,1.081915,1.08335,
2024-02-21T22:00:00-08:00,1.08335,1.08881,1.083305,1.085305,
2024-02-22T02:00:00-08:00,1.085305,1.085895,1.082125,1.08231,
2024-02-22T06:00:00-08:00,1.08231,1.082455,1.080285,1.08203,
2024-02-22T10:00:00-08:00,1.08203,1.08263,1.081445,1.08228,
2024-02-22T14:00:00-08:00,1.08228,1.08321,1.08149,1.08272,
2024-02-22T18:00:00-08:00,1.08272,1.083065,1.08212,1.08228,
2024-02-22T22:00:00-08:00,1.08228,1.08326,1.081405,1.08175,
2024-02-23T02:00:00-08:00,1.08175,1.08397,1.081715,1.0832,
2024-02-23T06:00:00-08:00,1.0832,1.0837,1.081185,1.08249,
2024-02-23T10:00:00-08:00,1.08249,1.08297,1.08177,1.082125,
2024-02-25T14:00:00-08:00,1.082125,1.083225,1.08126,1.08166,
2024-02-25T18:00:00-08:00,1.08166,1.08243,1.08143,1.08232,
2024-02-25T22:00:00-08:00,1.08232,1.084045,1.08221,1.08401,
2024-02-26T02:00:00-08:00,1.08401,1.08598,1.08385,1.08581,
2024-02-26T06:00:00-08:00,1.08581,1.08589,1.08387,1.08453,
2024-02-26T10:00:00-08:00,1.08453,1.08527,1.083985,1.08508,
2024-02-26T14:00:00-08:00,1.08508,1.08516,1.08455,1.08502,
2024-02-26T18:00:00-08:00,1.08502,1.085555,1.08483,1.08521,
2024-02-26T22:00:00-08:00,1.08521,1.086595,1.08472,1.085295,
2024-02-27T02:00:00-08:00,1.085295,1.086315,1.08419,1.084805,
2024-02-27T06:00:00-08:00,1.084805,1.0858,1.0833,1.08509,
2024-02-27T10:00:00-08:00,1.08509,1.08568,1.08408,1.08443,
2024-02-27T14:00:00-08:00,1.08443,1.084685,1.0838,1.08396,
2024-02-27T18:00:00-08:00,1.08396,1.08404,1.082555,1.08269,
2024-02-27T22:00:00-08:00,1.08269,1.08295,1.07967,1.08,
2024-02-28T02:00:00-08:00,1.08,1.083085,1.07994,1.082775,
2024-02-28T06:00:00-08:00,1.082775,1.08459,1.08214,1.083845,
2024-02-28T10:00:00-08:00,1.083845,1.08405,1.08325,1.08382,
2024-02-28T14:00:00-08:00,1.08382,1.084075,1.082795,1.08291,
2024-02-28T18:00:00-08:00,1.08291,1.0838,1.08287,1.08355,
2024-02-28T22:00:00-08:00,1.08355,1.08521,1.08259,1.08506,
2024-02-29T02:00:00-08:00,1.08506,1.08544,1.082195,1.08379,
2024-02-29T06:00:00-08:00,1.08379,1.0856,1.07959,1.07999,
2024-02-29T10:00:00-08:00,1.07999,1.08114,1.079835,1.08052,
2024-02-29T14:00:00-08:00,1.08052,1.082135,1.08015,1.08213,
2024-02-29T18:00:00-08:00,1.08213,1.0822,1.08112,1.08122,
2024-02-29T22:00:00-08:00,1.08122,1.082,1.080825,1.081545,
2024-03-01T02:00:00-08:00,1.081545,1.08249,1.07984,1.08129,
2024-03-01T06:00:00-08:00,1.08129,1.084175,1.07982,1.08376,
2024-03-01T10:00:00-08:00,1.08376,1.08433,1.083155,1.08384,
2024-03-03T14:00:00-08:00,1.08384,1.08482,1.08383,1.08402,
2024-03-03T18:00:00-08:00,1.08402,1.08469,1.08386,1.08444,
2024-03-03T22:00:00-08:00,1.08444,1.0858,1.08378,1.08491,
2024-03-04T02:00:00-08:00,1.08491,1.08576,1.08401,1.08488,
2024-03-04T06:00:00-08:00,1.08488,1.086695,1.084505,1.08581,
2024-03-04T10:00:00-08:00,1.08581,1.08609,1.0855,1.085535,
2024-03-04T14:00:00-08:00,1.085535,1.08581,1.084765,1.084955,
2024-03-04T18:00:00-08:00,1.084955,1.08549,1.08486,1.08529,
2024-03-04T22:00:00-08:00,1.08529,1.085595,1.08415,1.085145,
2024-03-05T02:00:00-08:00,1.085145,1.0855,1.084205,1.08462,
2024-03-05T06:00:00-08:00,1.08462,1.087615,1.084045,1.086,
2024-03-05T10:00:00-08:00,1.086,1.08601,1.084905,1.085655,
2024-03-05T14:00:00-08:00,1.085655,1.0859,1.084215,1.0844,
2024-03-05T18:00:00-08:00,1.0844,1.085695,1.08439,1.085525,
2024-03-05T22:00:00-08:00,1.085525,1.08778,1.08549,1.087645,
2024-03-06T02:00:00-08:00,1.087645,1.0885,1.08676,1.08848,
2024-03-06T06:00:00-08:00,1.08848,1.091535,1.08815,1.09024,
2024-03-06T10:00:00-08:00,1.09024,1.09079,1.0893,1.089875,
2024-03-06T14:00:00-08:00,1.089875,1.090765,1.089645,1.0898,
2024-03-06T18:00:00-08:00,1.0898,1.090575,1.089365,1.09005,
2024-03-06T22:00:00-08:00,1.09005,1.090445,1.08877,1.090175,
2024-03-07T02:00:00-08:00,1.090175,1.0902,1.086785,1.08724,
2024-03-07T06:00:00-08:00,1.08724,1.094215,1.08693,1.093705,
2024-03-07T10:00:00-08:00,1.093705,1.09492,1.09366,1.09479,
2024-03-07T14:00:00-08:00,1.09479,1.095595,1.094485,1.0948,
2024-03-07T18:00:00-08:00,1.0948,1.0951,1.094415,1.09467,
2024-03-07T22:00:00-08:00,1.09467,1.09512,1.09262,1.09353,
2024-03-08T02:00:00-08:00,1.09353,1.098135,1.091815,1.095815,
2024-03-08T06:00:00-08:00,1.095815,1.09666,1.093695,1.09394,
2024-03-08T10:00:00-08:00,1.09394,1.0944,1.09334,1.09391,
2024-03-10T14:00:00-07:00,1.09391,1.09468,1.093595,1.09423,
2024-03-10T18:00:00-07:00,1.09423,1.094585,1.0937,1.09387,
2024-03-10T22:00:00-07:00,1.09387,1.09482,1.09354,1.09446,
2024-03-11T02:00:00-07:00,1.09446,1.09451,1.092945,1.09296,
2024-03-11T06:00:00-07:00,1.09296,1.09318,1.091455,1.09272,
2024-03-11T10:00:00-07:00,1.09272,1.093035,1.09183,1.09257,
2024-03-11T14:00:00-07:00,1.09257,1.09324,1.09209,1.09287,
2024-03-11T18:00:00-07:00,1.09287,1.09382,1.092685,1.0937,
2024-03-11T22:00:00-07:00,1.0937,1.09396,1.092135,1.09249,
2024-03-12T02:00:00-07:00,1.09249,1.09437,1.0903,1.092015,
2024-03-12T06:00:00-07:00,1.092015,1.09232,1.090235,1.091765,
2024-03-12T10:00:00-07:00,1.091765,1.09275,1.09128,1.09265,
2024-03-12T14:00:00-07:00,1.09265,1.09298,1.09258,1.09269,
2024-03-12T18:00:00-07:00,1.09269,1.09308,1.09221,1.09235,
2024-03-12T22:00:00-07:00,1.09235,1.09329,1.092085,1.09278,
2024-03-13T02:00:00-07:00,1.09278,1.09475,1.092005,1.09366,
2024-03-13T06:00:00-07:00,1.09366,1.09496,1.09314,1.09492,
2024-03-13T10:00:00-07:00,1.09492,1.09639,1.09457,1.09476,
2024-03-13T14:00:00-07:00,1.09476,1.09549,1.09461,1.09487,
2024-03-13T18:00:00-07:00,1.09487,1.0953,1.093905,1.09425,
2024-03-13T22:00:00-07:00,1.09425,1.094425,1.09318,1.09379,
2024-03-14T02:00:00-07:00,1.09379,1.09455,1.092395,1.093,
2024-03-14T06:00:00-07:00,1.093,1.093115,1.08829,1.08872,
2024-03-14T10:00:00-07:00,1.08872,1.0892,1.08807,1.08831,
2024-03-14T14:00:00-07:00,1.08831,1.088645,1.087615,1.0878,
2024-03-14T18:00:00-07:00,1.0878,1.088035,1.087305,1.08765,
2024-03-14T22:00:00-07:00,1.08765,1.0887,1.08733,1.0883,
2024-03-15T02:00:00-07:00,1.0883,1.08998,1.08825,1.08872,
2024-03-15T06:00:00-07:00,1.08872,1.08949,1.08814,1.08858,
2024-03-15T10:00:00-07:00,1.08858,1.08915,1.08834,1.0889,
2024-03-17T14:00:00-07:00,1.0889,1.08927,1.08806,1.08854,
2024-03-17T18:00:00-07:00,1.08854,1.08918,1.08829,1.08877,
2024-03-17T22:00:00-07:00,1.08877,1.0898,1.08853,1.0894,
2024-03-18T02:00:00-07:00,1.0894,1.09062,1.08899,1.089225,
2024-03-18T06:00:00-07:00,1.089225,1.08936,1.08694,1.08725,
2024-03-18T10:00:00-07:00,1.08725,1.087525,1.086615,1.087265,
2024-03-18T14:00:00-07:00,1.087265,1.08746,1.08692,1.08694,
2024-03-18T18:00:00-07:00,1.08694,1.087665,1.08668,1.087065,
2024-03-18T22:00:00-07:00,1.087065,1.08723,1.084245,1.084755,
2024-03-19T02:00:00-07:00,1.084755,1.085615,1.083465,1.085165,
2024-03-19T06:00:00-07:00,1.085165,1.086555,1.08494,1.08634,
2024-03-19T10:00:00-07:00,1.08634,1.08677,1.08597,1.086575,
2024-03-19T14:00:00-07:00,1.086575,1.08674,1.085845,1.08643,
2024-03-19T18:00:00-07:00,1.08643,1.08712,1.08622,1.08667,
2024-03-19T22:00:00-07:00,1.08667,1.08721,1.085005,1.08523,
2024-03-20T02:00:00-07:00,1.08523,1.08525,1.083645,1.08423,
2024-03-20T06:00:00-07:00,1.08423,1.086135,1.083725,1.08607,
2024-03-20T10:00:00-07:00,1.08607,1.09229,1.08587,1.09222,
2024-03-20T14:00:00-07:00,1.09222,1.09377,1.09198,1.09336,
2024-03-20T18:00:00-07:00,1.09336,1.0939,1.093275,1.09333,
2024-03-20T22:00:00-07:00,1.09333,1.09426,1.08872,1.08918,
2024-03-21T02:00:00-07:00,1.08918,1.09238,1.088915,1.09116,
2024-03-21T06:00:00-07:00,1.09116,1.091185,1.08557,1.0861,
2024-03-21T10:00:00-07:00,1.0861,1.08663,1.085545,1.086015,
2024-03-21T14:00:00-07:00,1.086015,1.08682,1.08588,1.086525,
2024-03-21T18:00:00-07:00,1.086525,1.08659,1.08312,1.08335,
2024-03-21T22:00:00-07:00,1.08335,1.08421,1.080825,1.08117,
2024-03-22T02:00:00-07:00,1.08117,1.083135,1.081155,1.08265,
2024-03-22T06:00:00-07:00,1.08265,1.08318,1.08058,1.08059,
2024-03-22T10:00:00-07:00,1.08059,1.08108,1.08018,1.08079,
2024-03-24T14:00:00-07:00,1.08079,1.081065,1.08026,1.08036,
2024-03-24T18:00:00-07:00,1.08036,1.08221,1.08021,1.08131,
2024-03-24T22:00:00-07:00,1.08131,1.08239,1.080715,1.08139,
2024-03-25T02:00:00-07:00,1.08139,1.08342,1.081155,1.083065,
2024-03-25T06:00:00-07:00,1.083065,1.08425,1.082925,1.08367,
2024-03-25T10:00:00-07:00,1.08367,1.08409,1.08333,1.08375,
2024-03-25T14:00:00-07:00,1.08375,1.0843,1.08351,1.08427,
2024-03-25T18:00:00-07:00,1.08427,1.084545,1.08358,1.08402,
2024-03-25T22:00:00-07:00,1.08402,1.08529,1.08387,1.08496,
2024-03-26T02:00:00-07:00,1.08496,1.086435,1.08456,1.085205,
2024-03-26T06:00:00-07:00,1.085205,1.08586,1.082435,1.08283,
2024-03-26T10:00:00-07:00,1.08283,1.08359,1.08269,1.083105,
2024-03-26T14:00:00-07:00,1.083105,1.083355,1.08275,1.08296,
2024-03-26T18:00:00-07:00,1.08296,1.08309,1.082055,1.08299,
2024-03-26T22:00:00-07:00,1.08299,1.083375,1.082125,1.082865,
2024-03-27T02:00:00-07:00,1.082865,1.083915,1.081505,1.08189,
2024-03-27T06:00:00-07:00,1.08189,1.08258,1.081085,1.08232,
2024-03-27T10:00:00-07:00,1.08232,1.08292,1.08175,1.08274,
2024-03-27T14:00:00-07:00,1.08274,1.082775,1.0808,1.08176,
2024-03-27T18:00:00-07:00,1.08176,1.082605,1.0815,1.08236,
2024-03-27T22:00:00-07:00,1.08236,1.082665,1.078975,1.07921,
2024-03-28T02:00:00-07:00,1.07921,1.0809,1.077505,1.08082,
2024-03-28T06:00:00-07:00,1.08082,1.081885,1.079295,1.07994,
2024-03-28T10:00:00-07:00,1.07994,1.0802,1.07848,1.07885,
2024-03-28T14:00:00-07:00,1.07885,1.079495,1.07839,1.078435,
2024-03-28T18:00:00-07:00,1.078435,1.078505,1.07739,1.07768,
2024-03-28T22:00:00-07:00,1.07768,1.0782,1.07682,1.07787,
2024-03-29T02:00:00-07:00,1.07787,1.080555,1.0773,1.07985,
2024-03-29T06:00:00-07:00,1.07985,1.08035,1.078715,1.07881,
2024-03-29T10:00:00-07:00,1.07881,1.0796,1.07877,1.07922,
2024-03-31T14:00:00-07:00,1.07922,1.07989,1.078565,1.07914,
2024-03-31T18:00:00-07:00,1.07914,1.07947,1.07842,1.07868,
2024-03-31T22:00:00-07:00,1.07868,1.07923,1.078275,1.07899,
2024-04-01T02:00:00-07:00,1.07899,1.0791,1.077715,1.078185,
2024-04-01T06:00:00-07:00,1.078185,1.078305,1.07309,1.07366,
2024-04-01T10:00:00-07:00,1.07366,1.07442,1.07366,1.074325,
2024-04-01T14:00:00-07:00,1.074325,1.07447,1.073105,1.07372,
2024-04-01T18:00:00-07:00,1.07372,1.07383,1.072935,1.07333,
2024-04-01T22:00:00-07:00,1.07333,1.07429,1.072465,1.07315,
2024-04-02T02:00:00-07:00,1.07315,1.075615,1.073115,1.074895,
2024-04-02T06:00:00-07:00,1.074895,1.077915,1.0748,1.07682,
2024-04-02T10:00:00-07:00,1.07682,1.07699,1.07603,1.07694,
2024-04-02T14:00:00-07:00,1.07694,1.07739,1.076595,1.07689,
2024-04-02T18:00:00-07:00,1.07689,1.07795,1.076585,1.07748,
2024-04-02T22:00:00-07:00,1.07748,1.07775,1.07641,1.077175,
2024-04-03T02:00:00-07:00,1.077175,1.07865,1.076515,1.077835,
2024-04-03T06:00:00-07:00,1.077835,1.08362,1.077785,1.08308,
2024-04-03T10:00:00-07:00,1.08308,1.0837,1.08256,1.08361,
2024-04-03T14:00:00-07:00,1.08361,1.08437,1.083345,1.08432,
2024-04-03T18:00:00-07:00,1.08432,1.08449,1.08384,1.08427,
2024-04-03T22:00:00-07:00,1.08427,1.08627,1.083905,1.08619,
2024-04-04T02:00:00-07:00,1.08619,1.08703,1.08507,1.08697,
2024-04-04T06:00:00-07:00,1.08697,1.087665,1.08581,1.08588,
2024-04-04T10:00:00-07:00,1.08588,1.08619,1.08318,1.083715,
2024-04-04T14:00:00-07:00,1.083715,1.084415,1.08346,1.08417,
2024-04-04T18:00:00-07:00,1.08417,1.08432,1.08234,1.08265,
2024-04-04T22:00:00-07:00,1.08265,1.084645,1.082255,1.083765,
2024-04-05T02:00:00-07:00,1.083765,1.084785,1.080025,1.08094,
2024-04-05T06:00:00-07:00,1.08094,1.08445,1.07915,1.08358,
2024-04-05T10:00:00-07:00,1.08358,1.0839,1.083065,1.08373,
2024-04-07T14:00:00-07:00,1.08373,1.083945,1.08231,1.08271,
2024-04-07T18:00:00-07:00,1.08271,1.08434,1.0827,1.083225,
2024-04-07T22:00:00-07:00,1.083225,1.08379,1.082225,1.082355,
2024-04-08T02:00:00-07:00,1.082355,1.08356,1.0821,1.08343,
2024-04-08T06:00:00-07:00,1.08343,1.085895,1.08343,1.08502,
2024-04-08T10:00:00-07:00,1.08502,1.08623,1.08495,1.085925,
2024-04-08T14:00:00-07:00,1.085925,1.08636,1.085585,1.08587,
2024-04-08T18:00:00-07:00,1.08587,1.086235,1.085395,1.08566,
2024-04-08T22:00:00-07:00,1.08566,1.08628,1.08491,1.08577,
2024-04-09T02:00:00-07:00,1.08577,1.088405,1.08565,1.08807,
2024-04-09T06:00:00-07:00,1.08807,1.08852,1.085235,1.08546,
2024-04-09T10:00:00-07:00,1.08546,1.08592,1.08477,1.085705,
2024-04-09T14:00:00-07:00,1.085705,1.08599,1.085475,1.08573,
2024-04-09T18:00:00-07:00,1.08573,1.0859,1.08505,1.08527,
2024-04-09T22:00:00-07:00,1.08527,1.08607,1.084795,1.08604,
2024-04-10T02:00:00-07:00,1.08604,1.08665,1.077835,1.07809,
2024-04-10T06:00:00-07:00,1.07809,1.078125,1.072885,1.073615,
2024-04-10T10:00:00-07:00,1.073615,1.075445,1.07291,1.074255,
2024-04-10T14:00:00-07:00,1.074255,1.07461,1.073835,1.07427,
2024-04-10T18:00:00-07:00,1.07427,1.0749,1.07412,1.07463,
2024-04-10T22:00:00-07:00,1.07463,1.07499,1.07267,1.07406,
2024-04-11T02:00:00-07:00,1.07406,1.074695,1.071505,1.07415,
2024-04-11T06:00:00-07:00,1.07415,1.075655,1.069925,1.071765,
2024-04-11T10:00:00-07:00,1.071765,1.073465,1.07153,1.072595,
2024-04-11T14:00:00-07:00,1.072595,1.073035,1.072245,1.0726,
2024-04-11T18:00:00-07:00,1.0726,1.072835,1.07108,1.07113,
2024-04-11T22:00:00-07:00,1.07113,1.07142,1.067065,1.06711,
2024-04-12T02:00:00-07:00,1.06711,1.06749,1.063135,1.06384,
2024-04-12T06:00:00-07:00,1.06384,1.065095,1.062265,1.064185,
2024-04-12T10:00:00-07:00,1.064185,1.06507,1.06372,1.06413,
2024-04-14T14:00:00-07:00,1.06413,1.065175,1.063375,1.064565,
2024-04-14T18:00:00-07:00,1.064565,1.06548,1.06392,1.06525,
2024-04-14T22:00:00-07:00,1.06525,1.06649,1.065,1.06564,
2024-04-15T02:00:00-07:00,1.06564,1.066525,1.063105,1.06473,
2024-04-15T06:00:00-07:00,1.06473,1.066075,1.06219,1.06361,
2024-04-15T10:00:00-07:00,1.06361,1.06396,1.06203,1.06244,
2024-04-15T14:00:00-07:00,1.06244,1.06286,1.061805,1.06184,
2024-04-15T18:00:00-07:00,1.06184,1.06193,1.06061,1.06141,
2024-04-15T22:00:00-07:00,1.06141,1.06248,1.060235,1.06163,
2024-04-16T02:00:00-07:00,1.06163,1.065375,1.06163,1.063895,
2024-04-16T06:00:00-07:00,1.063895,1.064495,1.061875,1.06252,
2024-04-16T10:00:00-07:00,1.06252,1.063505,1.060125,1.06189,
2024-04-16T14:00:00-07:00,1.06189,1.06254,1.06127,1.06224,
2024-04-16T18:00:00-07:00,1.06224,1.063575,1.062035,1.0625,
2024-04-16T22:00:00-07:00,1.0625,1.0649,1.060615,1.06405,
2024-04-17T02:00:00-07:00,1.06405,1.064925,1.063155,1.0635,
2024-04-17T06:00:00-07:00,1.0635,1.065635,1.062995,1.06498,
2024-04-17T10:00:00-07:00,1.06498,1.067965,1.064795,1.06729,
2024-04-17T14:00:00-07:00,1.06729,1.067525,1.066435,1.066995,
2024-04-17T18:00:00-07:00,1.066995,1.06804,1.06646,1.06784,
2024-04-17T22:00:00-07:00,1.06784,1.06901,1.06749,1.06786,
2024-04-18T02:00:00-07:00,1.06786,1.06814,1.065985,1.06628,
2024-04-18T06:00:00-07:00,1.06628,1.066855,1.064635,1.06535,
2024-04-18T10:00:00-07:00,1.06535,1.06548,1.06414,1.064325,
2024-04-18T14:00:00-07:00,1.064325,1.06459,1.063605,1.063885,
2024-04-18T18:00:00-07:00,1.063885,1.064335,1.061045,1.06349,
2024-04-18T22:00:00-07:00,1.06349,1.06594,1.06271,1.064585,
2024-04-19T02:00:00-07:00,1.064585,1.067375,1.06431,1.06655,
2024-04-19T06:00:00-07:00,1.06655,1.067775,1.06402,1.06534,
2024-04-19T10:00:00-07:00,1.06534,1.065855,1.064655,1.0656,
2024-04-21T14:00:00-07:00,1.0656,1.0665,1.06529,1.06534,
2024-04-21T18:00:00-07:00,1.06534,1.06707,1.06533,1.06654,
2024-04-21T22:00:00-07:00,1.06654,1.066935,1.06474,1.06569,
2024-04-22T02:00:00-07:00,1.06569,1.0662,1.06309,1.06398,
2024-04-22T06:00:00-07:00,1.06398,1.065095,1.062395,1.06488,
2024-04-22T10:00:00-07:00,1.06488,1.06609,1.06482,1.06546,
2024-04-22T14:00:00-07:00,1.06546,1.06594,1.065175,1.06588,
2024-04-22T18:00:00-07:00,1.06588,1.06607,1.065345,1.06552,
2024-04-22T22:00:00-07:00,1.06552,1.069515,1.06386,1.06709,
2024-04-23T02:00:00-07:00,1.06709,1.06781,1.06533,1.067205,
2024-04-23T06:00:00-07:00,1.067205,1.071135,1.066015,1.07001,
2024-04-23T10:00:00-07:00,1.07001,1.07078,1.06994,1.07012,
2024-04-23T14:00:00-07:00,1.07012,1.07107,1.06996,1.07096,
2024-04-23T18:00:00-07:00,1.07096,1.071435,1.07044,1.07054,
2024-04-23T22:00:00-07:00,1.07054,1.07057,1.06808,1.06835,
2024-04-24T02:00:00-07:00,1.06835,1.069305,1.0678,1.068685,
2024-04-24T06:00:00-07:00,1.068685,1.07026,1.06811,1.06906,
2024-04-24T10:00:00-07:00,1.06906,1.070665,1.06871,1.069895,
2024-04-24T14:00:00-07:00,1.069895,1.07047,1.06944,1.070335,
2024-04-24T18:00:00-07:00,1.070335,1.071,1.069705,1.07092,
2024-04-24T22:00:00-07:00,1.07092,1.0729,1.07078,1.072565,
2024-04-25T02:00:00-07:00,1.072565,1.07403,1.068555,1.069225,
2024-04-25T06:00:00-07:00,1.069225,1.07352,1.067835,1.07312,
2024-04-25T10:00:00-07:00,1.07312,1.07388,1.072305,1.07298,
2024-04-25T14:00:00-07:00,1.07298,1.07313,1.072275,1.072745,
2024-04-25T18:00:00-07:00,1.072745,1.072935,1.07186,1.072255,
2024-04-25T22:00:00-07:00,1.072255,1.07529,1.07215,1.0741,
2024-04-26T02:00:00-07:00,1.0741,1.07433,1.07102,1.071635,
2024-04-26T06:00:00-07:00,1.071635,1.072395,1.067405,1.069455,
2024-04-26T10:00:00-07:00,1.069455,1.07072,1.069095,1.069265,
2024-04-28T14:00:00-07:00,1.069265,1.07111,1.06924,1.07099,
2024-04-28T18:00:00-07:00,1.07099,1.07336,1.07076,1.07291,
2024-04-28T22:00:00-07:00,1.07291,1.07338,1.070125,1.070465,
2024-04-29T02:00:00-07:00,1.070465,1.07273,1.069725,1.070355,
2024-04-29T06:00:00-07:00,1.070355,1.07291,1.06902,1.072615,
2024-04-29T10:00:00-07:00,1.072615,1.07298,1.071515,1.072085,
2024-04-29T14:00:00-07:00,1.072085,1.072405,1.07103,1.07152,
2024-04-29T18:00:00-07:00,1.07152,1.07181,1.07024,1.070565,
2024-04-29T22:00:00-07:00,1.070565,1.07124,1.068995,1.07112,
2024-04-30T02:00:00-07:00,1.07112,1.07355,1.068975,1.070045,
2024-04-30T06:00:00-07:00,1.070045,1.071975,1.067595,1.067905,
2024-04-30T10:00:00-07:00,1.067905,1.068315,1.066495,1.066555,
2024-04-30T14:00:00-07:00,1.066555,1.067415,1.065795,1.06617,
2024-04-30T18:00:00-07:00,1.06617,1.06634,1.0655,1.0656,
2024-04-30T22:00:00-07:00,1.0656,1.06706,1.06495,1.06694,
2024-05-01T02:00:00-07:00,1.06694,1.06849,1.06668,1.06843,
2024-05-01T06:00:00-07:00,1.06843,1.06925,1.06708,1.06717,
2024-05-01T10:00:00-07:00,1.06717,1.07328,1.06709,1.07122,
2024-05-01T14:00:00-07:00,1.07122,1.07211,1.07063,1.07117,
2024-05-01T18:00:00-07:00,1.07117,1.0721,1.0707,1.07177,
2024-05-01T22:00:00-07:00,1.07177,1.072825,1.07,1.07043,
2024-05-02T02:00:00-07:00,1.07043,1.07123,1.069345,1.07012,
2024-05-02T06:00:00-07:00,1.07012,1.07216,1.067425,1.07168,
2024-05-02T10:00:00-07:00,1.07168,1.07304,1.0714,1.0725,
2024-05-02T14:00:00-07:00,1.0725,1.07317,1.07237,1.07315,
2024-05-02T18:00:00-07:00,1.07315,1.07395,1.073095,1.07324,
2024-05-02T22:00:00-07:00,1.07324,1.07442,1.07245,1.074255,
2024-05-03T02:00:00-07:00,1.074255,1.081295,1.07388,1.07937,
2024-05-03T06:00:00-07:00,1.07937,1.079825,1.075155,1.07635,
2024-05-03T10:00:00-07:00,1.07635,1.07695,1.07591,1.07621,
2024-05-05T14:00:00-07:00,1.07621,1.0769,1.075525,1.07675,
2024-05-05T18:00:00-07:00,1.07675,1.07717,1.07622,1.07631,
2024-05-05T22:00:00-07:00,1.07631,1.077625,1.075765,1.07687,
2024-05-06T02:00:00-07:00,1.07687,1.07909,1.07662,1.07875,
2024-05-06T06:00:00-07:00,1.07875,1.0789,1.07713,1.07743,
2024-05-06T10:00:00-07:00,1.07743,1.077665,1.07663,1.0769,
2024-05-06T14:00:00-07:00,1.0769,1.07763,1.07661,1.07751,
2024-05-06T18:00:00-07:00,1.07751,1.077695,1.076075,1.07659,
2024-05-06T22:00:00-07:00,1.07659,1.076965,1.07542,1.07638,
2024-05-07T02:00:00-07:00,1.07638,1.07792,1.075525,1.07756,
2024-05-07T06:00:00-07:00,1.07756,1.07875,1.076615,1.07704,
2024-05-07T10:00:00-07:00,1.07704,1.07708,1.07479,1.075475,
2024-05-07T14:00:00-07:00,1.075475,1.07565,1.074695,1.07481,
2024-05-07T18:00:00-07:00,1.07481,1.07489,1.073805,1.07415,
2024-05-07T22:00:00-07:00,1.07415,1.07491,1.07351,1.07442,
2024-05-08T02:00:00-07:00,1.07442,1.075385,1.073985,1.0749,
2024-05-08T06:00:00-07:00,1.0749,1.07576,1.074425,1.07458,
2024-05-08T10:00:00-07:00,1.07458,1.074865,1.074085,1.07484,
2024-05-08T14:00:00-07:00,1.07484,1.07532,1.074235,1.07433,
2024-05-08T18:00:00-07:00,1.07433,1.07516,1.07423,1.07454,
2024-05-08T22:00:00-07:00,1.07454,1.074655,1.072615,1.07281,
2024-05-09T02:00:00-07:00,1.07281,1.07624,1.072395,1.075945,
2024-05-09T06:00:00-07:00,1.075945,1.078185,1.07507,1.07759,
2024-05-09T10:00:00-07:00,1.07759,1.078455,1.077355,1.07821,
2024-05-09T14:00:00-07:00,1.07821,1.07859,1.07766,1.07792,
2024-05-09T18:00:00-07:00,1.07792,1.07827,1.07732,1.0774,
2024-05-09T22:00:00-07:00,1.0774,1.07868,1.07716,1.07809,
2024-05-10T02:00:00-07:00,1.07809,1.07863,1.076625,1.077005,
2024-05-10T06:00:00-07:00,1.077005,1.07902,1.07603,1.0776,
2024-05-10T10:00:00-07:00,1.0776,1.07776,1.07685,1.07723,
2024-05-12T14:00:00-07:00,1.07723,1.07754,1.076795,1.07694,
2024-05-12T18:00:00-07:00,1.07694,1.077325,1.076585,1.07697,
2024-05-12T22:00:00-07:00,1.07697,1.07846,1.07688,1.07838,
2024-05-13T02:00:00-07:00,1.07838,1.07998,1.077735,1.07983,
2024-05-13T06:00:00-07:00,1.07983,1.08069,1.078935,1.07935,
2024-05-13T10:00:00-07:00,1.07935,1.07941,1.07868,1.078965,
2024-05-13T14:00:00-07:00,1.078965,1.07938,1.07854,1.07877,
2024-05-13T18:00:00-07:00,1.07877,1.07898,1.07844,1.07855,
2024-05-13T22:00:00-07:00,1.07855,1.07895,1.07754,1.078385,
2024-05-14T02:00:00-07:00,1.078385,1.081045,1.076715,1.080315,
2024-05-14T06:00:00-07:00,1.080315,1.082575,1.08008,1.0817,
2024-05-14T10:00:00-07:00,1.0817,1.08231,1.081555,1.08189,
2024-05-14T14:00:00-07:00,1.08189,1.08223,1.08131,1.0817,
2024-05-14T18:00:00-07:00,1.0817,1.08279,1.08165,1.08214,
2024-05-14T22:00:00-07:00,1.08214,1.08347,1.08212,1.08299,
2024-05-15T02:00:00-07:00,1.08299,1.086955,1.082195,1.086125,
2024-05-15T06:00:00-07:00,1.086125,1.08746,1.083175,1.0872,
2024-05-15T10:00:00-07:00,1.0872,1.08862,1.087165,1.08848,
2024-05-15T14:00:00-07:00,1.08848,1.08951,1.087885,1.08938,
2024-05-15T18:00:00-07:00,1.08938,1.0894,1.08814,1.088475,
2024-05-15T22:00:00-07:00,1.088475,1.08852,1.086625,1.08734,
2024-05-16T02:00:00-07:00,1.08734,1.0875,1.086065,1.08634,
2024-05-16T06:00:00-07:00,1.08634,1.08758,1.085445,1.08735,
2024-05-16T10:00:00-07:00,1.08735,1.08755,1.08647,1.08671,
2024-05-16T14:00:00-07:00,1.08671,1.08692,1.08599,1.0863,
2024-05-16T18:00:00-07:00,1.0863,1.08639,1.08544,1.08562,
2024-05-16T22:00:00-07:00,1.08562,1.08685,1.08416,1.08443,
2024-05-17T02:00:00-07:00,1.08443,1.08468,1.08357,1.0843,
2024-05-17T06:00:00-07:00,1.0843,1.087855,1.0843,1.08686,
2024-05-17T10:00:00-07:00,1.08686,1.08769,1.08682,1.08682,
2024-05-19T14:00:00-07:00,1.08682,1.08773,1.086475,1.08753,
2024-05-19T18:00:00-07:00,1.08753,1.08824,1.087165,1.08808,
2024-05-19T22:00:00-07:00,1.08808,1.08846,1.086945,1.08746,
2024-05-20T02:00:00-07:00,1.08746,1.08752,1.085435,1.085755,
2024-05-20T06:00:00-07:00,1.085755,1.08699,1.08574,1.0866,
2024-05-20T10:00:00-07:00,1.0866,1.087065,1.085665,1.085675,
2024-05-20T14:00:00-07:00,1.085675,1.08619,1.085605,1.08615,
2024-05-20T18:00:00-07:00,1.08615,1.08616,1.085105,1.08587,
2024-05-20T22:00:00-07:00,1.08587,1.086965,1.08567,1.086665,
2024-05-21T02:00:00-07:00,1.086665,1.08749,1.08548,1.08571,
2024-05-21T06:00:00-07:00,1.08571,1.086185,1.084275,1.08541,
2024-05-21T10:00:00-07:00,1.08541,1.08566,1.08465,1.08539,
2024-05-21T14:00:00-07:00,1.08539,1.086,1.085335,1.08576,
2024-05-21T18:00:00-07:00,1.08576,1.08636,1.085285,1.08535,
2024-05-21T22:00:00-07:00,1.08535,1.086355,1.08462,1.08486,
2024-05-22T02:00:00-07:00,1.08486,1.08499,1.082195,1.08321,
2024-05-22T06:00:00-07:00,1.08321,1.08444,1.083175,1.08425,
2024-05-22T10:00:00-07:00,1.08425,1.08471,1.08175,1.082265,
2024-05-22T14:00:00-07:00,1.082265,1.082885,1.08217,1.08257,
2024-05-22T18:00:00-07:00,1.08257,1.08325,1.0822,1.08267,
2024-05-22T22:00:00-07:00,1.08267,1.08448,1.08124,1.08387,
2024-05-23T02:00:00-07:00,1.08387,1.08545,1.08336,1.08527,
2024-05-23T06:00:00-07:00,1.08527,1.08611,1.0818,1.08183,
2024-05-23T10:00:00-07:00,1.08183,1.082015,1.08048,1.08148,
2024-05-23T14:00:00-07:00,1.08148,1.081535,1.08075,1.081035,
2024-05-23T18:00:00-07:00,1.081035,1.081395,1.08056,1.08093,
2024-05-23T22:00:00-07:00,1.08093,1.082825,1.08075,1.08248,
2024-05-24T02:00:00-07:00,1.08248,1.085385,1.082365,1.085125,
2024-05-24T06:00:00-07:00,1.085125,1.085795,1.08421,1.08471,
2024-05-24T10:00:00-07:00,1.08471,1.08535,1.08457,1.08469,
2024-05-26T14:00:00-07:00,1.08469,1.085145,1.084405,1.08486,
2024-05-26T18:00:00-07:00,1.08486,1.08521,1.084725,1.08486,
2024-05-26T22:00:00-07:00,1.08486,1.085345,1.084425,1.08495,
2024-05-27T02:00:00-07:00,1.08495,1.08675,1.084075,1.084915,
2024-05-27T06:00:00-07:00,1.084915,1.08621,1.08445,1.08599,
2024-05-27T10:00:00-07:00,1.08599,1.086085,1.08573,1.085845,
2024-05-27T14:00:00-07:00,1.085845,1.086835,1.085485,1.08652,
2024-05-27T18:00:00-07:00,1.08652,1.088025,1.08643,1.08761,
2024-05-27T22:00:00-07:00,1.08761,1.08801,1.086705,1.08701,
2024-05-28T02:00:00-07:00,1.08701,1.08891,1.08672,1.08765,
2024-05-28T06:00:00-07:00,1.08765,1.08802,1.085785,1.0875,
2024-05-28T10:00:00-07:00,1.0875,1.087575,1.085515,1.08568,
2024-05-28T14:00:00-07:00,1.08568,1.0861,1.08477,1.08513,
2024-05-28T18:00:00-07:00,1.08513,1.085705,1.08441,1.08477,
2024-05-28T22:00:00-07:00,1.08477,1.085885,1.082915,1.08373,
2024-05-29T02:00:00-07:00,1.08373,1.085855,1.083545,1.084625,
2024-05-29T06:00:00-07:00,1.084625,1.084695,1.080745,1.081545,
2024-05-29T10:00:00-07:00,1.081545,1.0816,1.08,1.080165,
2024-05-29T14:00:00-07:00,1.080165,1.080715,1.079535,1.07965,
2024-05-29T18:00:00-07:00,1.07965,1.08046,1.07921,1.079595,
2024-05-29T22:00:00-07:00,1.079595,1.081865,1.078835,1.08151,
2024-05-30T02:00:00-07:00,1.08151,1.08329,1.080835,1.082915,
2024-05-30T06:00:00-07:00,1.082915,1.08452,1.08255,1.084,
2024-05-30T10:00:00-07:00,1.084,1.08433,1.08269,1.083215,
2024-05-30T14:00:00-07:00,1.083215,1.083505,1.08294,1.08321,
2024-05-30T18:00:00-07:00,1.08321,1.08337,1.08112,1.08184,
2024-05-30T22:00:00-07:00,1.08184,1.08386,1.08146,1.08342,
2024-05-31T02:00:00-07:00,1.08342,1.088245,1.08342,1.08803,
2024-05-31T06:00:00-07:00,1.08803,1.088085,1.083985,1.08474,
2024-05-31T10:00:00-07:00,1.08474,1.08528,1.08406,1.08485,
2024-06-02T14:00:00-07:00,1.08485,1.08577,1.08449,1.08564,
2024-06-02T18:00:00-07:00,1.08564,1.08587,1.08493,1.0852,
2024-06-02T22:00:00-07:00,1.0852,1.085875,1.083345,1.08401,
2024-06-03T02:00:00-07:00,1.08401,1.085,1.082785,1.08444,
2024-06-03T06:00:00-07:00,1.08444,1.08906,1.08444,1.08852,
2024-06-03T10:00:00-07:00,1.08852,1.09047,1.08813,1.09043,
2024-06-03T14:00:00-07:00,1.09043,1.09161,1.090105,1.09129,
2024-06-03T18:00:00-07:00,1.09129,1.09139,1.090515,1.09093,
2024-06-03T22:00:00-07:00,1.09093,1.09109,1.087405,1.0881,
2024-06-04T02:00:00-07:00,1.0881,1.08821,1.0859,1.08646,
2024-06-04T06:00:00-07:00,1.08646,1.08836,1.08621,1.08804,
2024-06-04T10:00:00-07:00,1.08804,1.08878,1.087825,1.087915,
2024-06-04T14:00:00-07:00,1.087915,1.08862,1.08784,1.08843,
2024-06-04T18:00:00-07:00,1.08843,1.088615,1.08767,1.08806,
2024-06-04T22:00:00-07:00,1.08806,1.088235,1.087005,1.08759,
2024-06-05T02:00:00-07:00,1.08759,1.08844,1.08598,1.08841,
2024-06-05T06:00:00-07:00,1.08841,1.089175,1.08545,1.08644,
2024-06-05T10:00:00-07:00,1.08644,1.08774,1.08606,1.08688,
2024-06-05T14:00:00-07:00,1.08688,1.088245,1.08688,1.0882,
2024-06-05T18:00:00-07:00,1.0882,1.0896,1.0882,1.08874,
2024-06-05T22:00:00-07:00,1.08874,1.088835,1.087125,1.08774,
2024-06-06T02:00:00-07:00,1.08774,1.090205,1.086195,1.088165,
2024-06-06T06:00:00-07:00,1.088165,1.08914,1.0872,1.0882,
2024-06-06T10:00:00-07:00,1.0882,1.089435,1.08811,1.08896,
2024-06-06T14:00:00-07:00,1.08896,1.089345,1.08868,1.08895,
2024-06-06T18:00:00-07:00,1.08895,1.0898,1.088725,1.08954,
2024-06-06T22:00:00-07:00,1.08954,1.08986,1.08832,1.08891,
2024-06-07T02:00:00-07:00,1.08891,1.0904,1.08241,1.083325,
2024-06-07T06:00:00-07:00,1.083325,1.08357,1.08032,1.08052,
2024-06-07T10:00:00-07:00,1.08052,1.080725,1.07997,1.0801,
2024-06-09T14:00:00-07:00,1.0801,1.0801,1.07653,1.0778,
2024-06-09T18:00:00-07:00,1.0778,1.07802,1.07481,1.07543,
2024-06-09T22:00:00-07:00,1.07543,1.076825,1.07479,1.07568,
2024-06-10T02:00:00-07:00,1.07568,1.07605,1.073275,1.07414,
2024-06-10T06:00:00-07:00,1.07414,1.07589,1.07332,1.075415,
2024-06-10T10:00:00-07:00,1.075415,1.076665,1.075035,1.076495,
2024-06-10T14:00:00-07:00,1.076495,1.07683,1.075855,1.07637,
2024-06-10T18:00:00-07:00,1.07637,1.07707,1.07624,1.07685,
2024-06-10T22:00:00-07:00,1.07685,1.07736,1.074355,1.074535,
2024-06-11T02:00:00-07:00,1.074535,1.07565,1.072385,1.07325,
2024-06-11T06:00:00-07:00,1.07325,1.0739,1.071945,1.07375,
2024-06-11T10:00:00-07:00,1.07375,1.07494,1.07367,1.074075,
2024-06-11T14:00:00-07:00,1.074075,1.07429,1.07349,1.07362,
2024-06-11T18:00:00-07:00,1.07362,1.07433,1.073465,1.07368,
2024-06-11T22:00:00-07:00,1.07368,1.0754,1.07357,1.07467,
2024-06-12T02:00:00-07:00,1.07467,1.08302,1.07442,1.082665,
2024-06-12T06:00:00-07:00,1.082665,1.08524,1.081755,1.08441,
2024-06-12T10:00:00-07:00,1.08441,1.08459,1.080375,1.080875,
2024-06-12T14:00:00-07:00,1.080875,1.081575,1.08074,1.081295,
2024-06-12T18:00:00-07:00,1.081295,1.08158,1.080315,1.08039,
2024-06-12T22:00:00-07:00,1.08039,1.08164,1.08004,1.08063,
2024-06-13T02:00:00-07:00,1.08063,1.081635,1.078055,1.079345,
2024-06-13T06:00:00-07:00,1.079345,1.080775,1.073285,1.07352,
2024-06-13T10:00:00-07:00,1.07352,1.074395,1.073515,1.073725,
2024-06-13T14:00:00-07:00,1.073725,1.0741,1.07352,1.073645,
2024-06-13T18:00:00-07:00,1.073645,1.0745,1.0735,1.07364,
2024-06-13T22:00:00-07:00,1.07364,1.07374,1.068955,1.06919,
2024-06-14T02:00:00-07:00,1.06919,1.070595,1.067175,1.06893,
2024-06-14T06:00:00-07:00,1.06893,1.07019,1.066765,1.07006,
2024-06-14T10:00:00-07:00,1.07006,1.07076,1.069465,1.070335,
2024-06-16T14:00:00-07:00,1.070335,1.07094,1.07005,1.07041,
2024-06-16T18:00:00-07:00,1.07041,1.07055,1.06989,1.07041,
2024-06-16T22:00:00-07:00,1.07041,1.071235,1.06864,1.07072,
2024-06-17T02:00:00-07:00,1.07072,1.07178,1.07021,1.07137,
2024-06-17T06:00:00-07:00,1.07137,1.07278,1.07118,1.072515,
2024-06-17T10:00:00-07:00,1.072515,1.07379,1.072335,1.07346,
2024-06-17T14:00:00-07:00,1.07346,1.07411,1.07312,1.07361,
2024-06-17T18:00:00-07:00,1.07361,1.073695,1.072025,1.07216,
2024-06-17T22:00:00-07:00,1.07216,1.073525,1.071495,1.071955,
2024-06-18T02:00:00-07:00,1.071955,1.073405,1.071005,1.07312,
2024-06-18T06:00:00-07:00,1.07312,1.076155,1.073,1.07394,
2024-06-18T10:00:00-07:00,1.07394,1.07434,1.07322,1.074005,
2024-06-18T14:00:00-07:00,1.074005,1.074135,1.073675,1.07376,
2024-06-18T18:00:00-07:00,1.07376,1.07425,1.073525,1.07359,
2024-06-18T22:00:00-07:00,1.07359,1.074185,1.07249,1.07404,
2024-06-19T02:00:00-07:00,1.07404,1.07535,1.073255,1.074595,
2024-06-19T06:00:00-07:00,1.074595,1.07509,1.07409,1.07471,
2024-06-19T10:00:00-07:00,1.07471,1.07474,1.07426,1.07444,
2024-06-19T14:00:00-07:00,1.07444,1.07489,1.074375,1.07463,
2024-06-19T18:00:00-07:00,1.07463,1.074815,1.073885,1.07427,
2024-06-19T22:00:00-07:00,1.07427,1.074355,1.07126,1.07168,
2024-06-20T02:00:00-07:00,1.07168,1.073235,1.071285,1.071915,
2024-06-20T06:00:00-07:00,1.071915,1.073075,1.07035,1.07072,
2024-06-20T10:00:00-07:00,1.07072,1.07178,1.070175,1.07021,
2024-06-20T14:00:00-07:00,1.07021,1.07078,1.07013,1.07068,
2024-06-20T18:00:00-07:00,1.07068,1.07187,1.070505,1.07185,
2024-06-20T22:00:00-07:00,1.07185,1.07207,1.067105,1.069105,
2024-06-21T02:00:00-07:00,1.069105,1.069825,1.067665,1.069475,
2024-06-21T06:00:00-07:00,1.069475,1.0698,1.067815,1.06923,
2024-06-21T10:00:00-07:00,1.06923,1.06969,1.06907,1.06923,
2024-06-23T14:00:00-07:00,1.069255,1.06956,1.06848,1.06918,
2024-06-23T18:00:00-07:00,1.06918,1.06947,1.068375,1.06945,
2024-06-23T22:00:00-07:00,1.06945,1.071785,1.06945,1.071345,
2024-06-24T02:00:00-07:00,1.071345,1.0736,1.07132,1.07347,
2024-06-24T06:00:00-07:00,1.07347,1.07465,1.072345,1.07278,
2024-06-24T10:00:00-07:00,1.07278,1.073835,1.072195,1.073325,
2024-06-24T14:00:00-07:00,1.073325,1.07363,1.07309,1.07341,
2024-06-24T18:00:00-07:00,1.07341,1.07401,1.07323,1.07396,
2024-06-24T22:00:00-07:00,1.07396,1.07443,1.07209,1.07343,
2024-06-25T02:00:00-07:00,1.07343,1.073525,1.07022,1.0705,
2024-06-25T06:00:00-07:00,1.0705,1.07131,1.06907,1.07047,
2024-06-25T10:00:00-07:00,1.07047,1.07177,1.07044,1.071455,
2024-06-25T14:00:00-07:00,1.071455,1.07154,1.070625,1.07115,
2024-06-25T18:00:00-07:00,1.07115,1.0718,1.07076,1.07104,
2024-06-25T22:00:00-07:00,1.07104,1.07113,1.06853,1.06949,
2024-06-26T02:00:00-07:00,1.06949,1.06996,1.06771,1.06771,
2024-06-26T06:00:00-07:00,1.06771,1.06958,1.066605,1.06821,
2024-06-26T10:00:00-07:00,1.06821,1.069095,1.0675,1.06809,
2024-06-26T14:00:00-07:00,1.06809,1.06824,1.06771,1.06783,
2024-06-26T18:00:00-07:00,1.06783,1.06948,1.067785,1.06945,
2024-06-26T22:00:00-07:00,1.06945,1.0699,1.06806,1.0688,
2024-06-27T02:00:00-07:00,1.0688,1.072225,1.06873,1.071955,
2024-06-27T06:00:00-07:00,1.071955,1.07265,1.070035,1.07067,
2024-06-27T10:00:00-07:00,1.07067,1.07085,1.070125,1.07038,
2024-06-27T14:00:00-07:00,1.07038,1.07109,1.06977,1.06977,
2024-06-27T18:00:00-07:00,1.06977,1.069915,1.068545,1.068665,
2024-06-27T22:00:00-07:00,1.068665,1.0704,1.06862,1.06977,
2024-06-28T02:00:00-07:00,1.06977,1.072015,1.069205,1.07047,
2024-06-28T06:00:00-07:00,1.07047,1.072225,1.069265,1.07161,
2024-06-28T10:00:00-07:00,1.07161,1.07248,1.07062,1.071375,
2024-06-30T14:00:00-07:00,1.071385,1.074985,1.071385,1.074585,
2024-06-30T18:00:00-07:00,1.074585,1.076155,1.074285,1.07549,
2024-06-30T22:00:00-07:00,1.07549,1.07765,1.07496,1.07684,
2024-07-01T02:00:00-07:00,1.07684,1.07687,1.073985,1.07482,
2024-07-01T06:00:00-07:00,1.07482,1.076985,1.07199,1.07315,
2024-07-01T10:00:00-07:00,1.07315,1.074275,1.072425,1.074035,
2024-07-01T14:00:00-07:00,1.074035,1.074195,1.07329,1.07348,
2024-07-01T18:00:00-07:00,1.07348,1.07365,1.07282,1.07296,
2024-07-01T22:00:00-07:00,1.07296,1.073585,1.071205,1.072075,
2024-07-02T02:00:00-07:00,1.072075,1.07337,1.071,1.073175,
2024-07-02T06:00:00-07:00,1.073175,1.074685,1.07242,1.0732,
2024-07-02T10:00:00-07:00,1.0732,1.074725,1.07317,1.074505,
2024-07-02T14:00:00-07:00,1.074505,1.07545,1.07439,1.07481,
2024-07-02T18:00:00-07:00,1.07481,1.07481,1.07405,1.07425,
2024-07-02T22:00:00-07:00,1.07425,1.076365,1.07363,1.07583,
2024-07-03T02:00:00-07:00,1.07583,1.077845,1.075265,1.07746,
2024-07-03T06:00:00-07:00,1.07746,1.081695,1.0772,1.07959,
2024-07-03T10:00:00-07:00,1.07959,1.07959,1.077815,1.07877,
2024-07-03T14:00:00-07:00,1.07877,1.079375,1.07842,1.07926,
2024-07-03T18:00:00-07:00,1.07926,1.07951,1.07836,1.07868,
2024-07-03T22:00:00-07:00,1.07868,1.08032,1.07849,1.0802,
2024-07-04T02:00:00-07:00,1.0802,1.0803,1.0794,1.07972,
2024-07-04T06:00:00-07:00,1.07972,1.08139,1.07949,1.08122,
2024-07-04T10:00:00-07:00,1.08122,1.08138,1.081085,1.08125,
2024-07-04T14:00:00-07:00,1.08125,1.08181,1.08094,1.08149,
2024-07-04T18:00:00-07:00,1.08149,1.082455,1.08139,1.08221,
2024-07-04T22:00:00-07:00,1.08221,1.08307,1.081645,1.08282,
2024-07-05T02:00:00-07:00,1.08282,1.08422,1.080015,1.082965,
2024-07-05T06:00:00-07:00,1.082965,1.08342,1.08107,1.08256,
2024-07-05T10:00:00-07:00,1.08256,1.08427,1.0825,1.08398,
2024-07-07T14:00:00-07:00,1.08398,1.08398,1.080325,1.08217,
2024-07-07T18:00:00-07:00,1.08217,1.08364,1.082015,1.08289,
2024-07-07T22:00:00-07:00,1.08289,1.08431,1.08147,1.08385,
2024-07-08T02:00:00-07:00,1.08385,1.08446,1.082365,1.08438,
2024-07-08T06:00:00-07:00,1.08438,1.084515,1.08286,1.08325,
2024-07-08T10:00:00-07:00,1.08325,1.08338,1.08224,1.082385,
2024-07-08T14:00:00-07:00,1.082385,1.08335,1.082385,1.08271,
2024-07-08T18:00:00-07:00,1.08271,1.08312,1.081925,1.08296,
2024-07-08T22:00:00-07:00,1.08296,1.08308,1.08153,1.082255,
2024-07-09T02:00:00-07:00,1.082255,1.08285,1.08121,1.08157,
2024-07-09T06:00:00-07:00,1.08157,1.082825,1.080545,1.081,
2024-07-09T10:00:00-07:00,1.081,1.08167,1.080655,1.081345,
2024-07-09T14:00:00-07:00,1.081345,1.08169,1.08113,1.08122,
2024-07-09T18:00:00-07:00,1.08122,1.08212,1.0811,1.08185,
2024-07-09T22:00:00-07:00,1.08185,1.08251,1.08119,1.08156,
2024-07-10T02:00:00-07:00,1.08156,1.082825,1.081345,1.08271,
2024-07-10T06:00:00-07:00,1.08271,1.0829,1.08199,1.0827,
2024-07-10T10:00:00-07:00,1.0827,1.083065,1.081745,1.08299,
2024-07-10T14:00:00-07:00,1.08299,1.08368,1.082745,1.08353,
2024-07-10T18:00:00-07:00,1.08353,1.08402,1.083255,1.08365,
2024-07-10T22:00:00-07:00,1.08365,1.08479,1.08322,1.08474,
2024-07-11T02:00:00-07:00,1.08474,1.089975,1.084325,1.0887,
2024-07-11T06:00:00-07:00,1.0887,1.08991,1.086395,1.08669,
2024-07-11T10:00:00-07:00,1.08669,1.087,1.08599,1.086805,
2024-07-11T14:00:00-07:00,1.086805,1.087465,1.086415,1.08699,
2024-07-11T18:00:00-07:00,1.08699,1.08723,1.08635,1.08698,
2024-07-11T22:00:00-07:00,1.08698,1.08873,1.086175,1.08868,
2024-07-12T02:00:00-07:00,1.08868,1.089305,1.0874,1.08905,
2024-07-12T06:00:00-07:00,1.08905,1.091105,1.08869,1.090455,
2024-07-12T10:00:00-07:00,1.090455,1.09115,1.09011,1.09069,
2024-07-14T14:00:00-07:00,1.09069,1.09069,1.08833,1.088835,
2024-07-14T18:00:00-07:00,1.088835,1.08958,1.088615,1.08938,
2024-07-14T22:00:00-07:00,1.08938,1.09093,1.088385,1.09085,
2024-07-15T02:00:00-07:00,1.09085,1.09204,1.09021,1.09074,
2024-07-15T06:00:00-07:00,1.09074,1.092245,1.09001,1.090625,
2024-07-15T10:00:00-07:00,1.090625,1.09064,1.08933,1.08945,
2024-07-15T14:00:00-07:00,1.08945,1.08987,1.089095,1.08914,
2024-07-15T18:00:00-07:00,1.08914,1.08947,1.08887,1.08925,
2024-07-15T22:00:00-07:00,1.08925,1.090285,1.088355,1.09003,
2024-07-16T02:00:00-07:00,1.09003,1.09056,1.087555,1.088075,
2024-07-16T06:00:00-07:00,1.088075,1.08892,1.087155,1.0889,
2024-07-16T10:00:00-07:00,1.0889,1.0903,1.08878,1.08994,
2024-07-16T14:00:00-07:00,1.08994,1.090305,1.089595,1.089765,
2024-07-16T18:00:00-07:00,1.089765,1.090695,1.08957,1.09031,
2024-07-16T22:00:00-07:00,1.09031,1.094385,1.089515,1.0942,
2024-07-17T02:00:00-07:00,1.0942,1.094505,1.092895,1.09425,
2024-07-17T06:00:00-07:00,1.09425,1.094825,1.09238,1.09298,
2024-07-17T10:00:00-07:00,1.09298,1.094015,1.09283,1.09392,
2024-07-17T14:00:00-07:00,1.09392,1.0941,1.093665,1.093715,
2024-07-17T18:00:00-07:00,1.093715,1.09392,1.093165,1.09336,
2024-07-17T22:00:00-07:00,1.09336,1.09387,1.092625,1.09308,
2024-07-18T02:00:00-07:00,1.09308,1.093705,1.09238,1.09286,
2024-07-18T06:00:00-07:00,1.09286,1.09291,1.090495,1.091615,
2024-07-18T10:00:00-07:00,1.091615,1.09165,1.089375,1.08965,
2024-07-18T14:00:00-07:00,1.08965,1.09019,1.089085,1.08921,
2024-07-18T18:00:00-07:00,1.08921,1.08948,1.088615,1.08871,
2024-07-18T22:00:00-07:00,1.08871,1.08906,1.08762,1.0879,
2024-07-19T02:00:00-07:00,1.0879,1.08942,1.08775,1.0889,
2024-07-19T06:00:00-07:00,1.0889,1.08912,1.08793,1.0885,
2024-07-19T10:00:00-07:00,1.0885,1.08854,1.08757,1.08832,
2024-07-21T14:00:00-07:00,1.088595,1.09028,1.08829,1.0894,
2024-07-21T18:00:00-07:00,1.0894,1.08954,1.088475,1.08875,
2024-07-21T22:00:00-07:00,1.08875,1.08926,1.087885,1.08882,
2024-07-22T02:00:00-07:00,1.08882,1.08956,1.087525,1.087815,
2024-07-22T06:00:00-07:00,1.087815,1.08869,1.087305,1.08864,
2024-07-22T10:00:00-07:00,1.08864,1.089185,1.08859,1.08913,
2024-07-22T14:00:00-07:00,1.08913,1.089415,1.088715,1.088985,
2024-07-22T18:00:00-07:00,1.088985,1.08968,1.088745,1.08909,
2024-07-22T22:00:00-07:00,1.08909,1.08914,1.0868,1.08779,
2024-07-23T02:00:00-07:00,1.08779,1.08784,1.085475,1.085605,
2024-07-23T06:00:00-07:00,1.085605,1.0858,1.084385,1.08535,
2024-07-23T10:00:00-07:00,1.08535,1.08566,1.08493,1.08534,
2024-07-23T14:00:00-07:00,1.08534,1.085495,1.08458,1.08468,
2024-07-23T18:00:00-07:00,1.08468,1.08505,1.084175,1.0847,
2024-07-23T22:00:00-07:00,1.0847,1.085385,1.08257,1.08351,
2024-07-24T02:00:00-07:00,1.08351,1.085945,1.083235,1.08582,
2024-07-24T06:00:00-07:00,1.08582,1.08666,1.08475,1.0851,
2024-07-24T10:00:00-07:00,1.0851,1.0855,1.0836,1.083985,
2024-07-24T14:00:00-07:00,1.083985,1.08423,1.08349,1.08395,
2024-07-24T18:00:00-07:00,1.08395,1.08441,1.083635,1.084,
2024-07-24T22:00:00-07:00,1.084,1.085795,1.082825,1.084615,
2024-07-25T02:00:00-07:00,1.084615,1.0859,1.08362,1.08498,
2024-07-25T06:00:00-07:00,1.08498,1.086475,1.08303,1.08621,
2024-07-25T10:00:00-07:00,1.08621,1.087005,1.08436,1.08457,
2024-07-25T14:00:00-07:00,1.08457,1.085555,1.08438,1.08541,
2024-07-25T18:00:00-07:00,1.08541,1.08606,1.08521,1.08584,
2024-07-25T22:00:00-07:00,1.08584,1.08608,1.08421,1.08516,
2024-07-26T02:00:00-07:00,1.08516,1.086555,1.084845,1.08606,
2024-07-26T06:00:00-07:00,1.08606,1.08683,1.08514,1.08654,
2024-07-26T10:00:00-07:00,1.08654,1.08656,1.08551,1.085625,
2024-07-28T14:00:00-07:00,1.085625,1.086655,1.08509,1.086345,
2024-07-28T18:00:00-07:00,1.086345,1.08701,1.085825,1.08591,
2024-07-28T22:00:00-07:00,1.08591,1.08631,1.08317,1.083235,
2024-07-29T02:00:00-07:00,1.083235,1.08421,1.0815,1.08162,
2024-07-29T06:00:00-07:00,1.08162,1.082385,1.08028,1.08215,
2024-07-29T10:00:00-07:00,1.08215,1.08261,1.081945,1.08211,
2024-07-29T14:00:00-07:00,1.08211,1.08241,1.081545,1.08172,
2024-07-29T18:00:00-07:00,1.08172,1.08253,1.08143,1.08242,
2024-07-29T22:00:00-07:00,1.08242,1.08348,1.081605,1.082865,
2024-07-30T02:00:00-07:00,1.082865,1.08358,1.08017,1.0802,
2024-07-30T06:00:00-07:00,1.0802,1.081675,1.079825,1.08139,
2024-07-30T10:00:00-07:00,1.08139,1.081775,1.080855,1.081555,
2024-07-30T14:00:00-07:00,1.081555,1.082015,1.08121,1.082005,
2024-07-30T18:00:00-07:00,1.082005,1.08303,1.08166,1.08256,
2024-07-30T22:00:00-07:00,1.08256,1.08277,1.080655,1.08229,
2024-07-31T02:00:00-07:00,1.08229,1.084835,1.082205,1.08409,
2024-07-31T06:00:00-07:00,1.08409,1.084945,1.080435,1.08093,
2024-07-31T10:00:00-07:00,1.08093,1.0833,1.0802,1.082565,
2024-07-31T14:00:00-07:00,1.082565,1.0831,1.082185,1.082775,
2024-07-31T18:00:00-07:00,1.082775,1.08355,1.08243,1.08269,
2024-07-31T22:00:00-07:00,1.08269,1.08298,1.078135,1.078445,
2024-08-01T02:00:00-07:00,1.078445,1.08084,1.077755,1.07966,
2024-08-01T06:00:00-07:00,1.07966,1.08183,1.078025,1.07864,
2024-08-01T10:00:00-07:00,1.07864,1.079555,1.07826,1.079175,
2024-08-01T14:00:00-07:00,1.079175,1.079335,1.07819,1.0791,
2024-08-01T18:00:00-07:00,1.0791,1.07987,1.07846,1.07976,
2024-08-01T22:00:00-07:00,1.07976,1.081535,1.078615,1.08146,
2024-08-02T02:00:00-07:00,1.08146,1.089705,1.08146,1.089115,
2024-08-02T06:00:00-07:00,1.089115,1.092665,1.088455,1.091205,
2024-08-02T10:00:00-07:00,1.091205,1.09168,1.09072,1.09097,
2024-08-04T14:00:00-07:00,1.09097,1.092375,1.0903,1.091675,
2024-08-04T18:00:00-07:00,1.091675,1.093985,1.091195,1.09325,
2024-08-04T22:00:00-07:00,1.09325,1.0975,1.089275,1.095095,
2024-08-05T02:00:00-07:00,1.095095,1.100885,1.093305,1.099115,
2024-08-05T06:00:00-07:00,1.099115,1.100325,1.094765,1.09599,
2024-08-05T10:00:00-07:00,1.09599,1.096445,1.09473,1.09524,
2024-08-05T14:00:00-07:00,1.09524,1.09631,1.09439,1.096275,
2024-08-05T18:00:00-07:00,1.096275,1.09631,1.09497,1.095205,
2024-08-05T22:00:00-07:00,1.095205,1.09551,1.09185,1.09279,
2024-08-06T02:00:00-07:00,1.09279,1.09279,1.090375,1.090525,
2024-08-06T06:00:00-07:00,1.090525,1.0935,1.090525,1.092785,
2024-08-06T10:00:00-07:00,1.092785,1.09337,1.092265,1.09324,
2024-08-06T14:00:00-07:00,1.09324,1.09324,1.092325,1.09297,
2024-08-06T18:00:00-07:00,1.09297,1.093045,1.091095,1.09117,
2024-08-06T22:00:00-07:00,1.09117,1.0928,1.090545,1.091895,
2024-08-07T02:00:00-07:00,1.091895,1.092665,1.09084,1.09219,
2024-08-07T06:00:00-07:00,1.09219,1.09367,1.09124,1.09222,
2024-08-07T10:00:00-07:00,1.09222,1.09273,1.09175,1.092225,
2024-08-07T14:00:00-07:00,1.092225,1.0934,1.091975,1.09283,
2024-08-07T18:00:00-07:00,1.09283,1.09379,1.092355,1.09317,
2024-08-07T22:00:00-07:00,1.09317,1.094515,1.093,1.093705,
2024-08-08T02:00:00-07:00,1.093705,1.093975,1.089165,1.08976,
2024-08-08T06:00:00-07:00,1.08976,1.091475,1.088135,1.09087,
2024-08-08T10:00:00-07:00,1.09087,1.091925,1.09075,1.09184,
2024-08-08T14:00:00-07:00,1.09184,1.091965,1.091165,1.091305,
2024-08-08T18:00:00-07:00,1.091305,1.09246,1.09119,1.092015,
2024-08-08T22:00:00-07:00,1.092015,1.09292,1.09131,1.091765,
2024-08-09T02:00:00-07:00,1.091765,1.0926,1.0909,1.09119,
2024-08-09T06:00:00-07:00,1.09119,1.093135,1.09098,1.09187,
2024-08-09T10:00:00-07:00,1.09187,1.09236,1.09147,1.09162,
2024-08-11T14:00:00-07:00,1.09162,1.092005,1.091025,1.09183,
2024-08-11T18:00:00-07:00,1.09183,1.09231,1.09129,1.09191,
2024-08-11T22:00:00-07:00,1.09191,1.09286,1.091585,1.09207,
2024-08-12T02:00:00-07:00,1.09207,1.09301,1.09176,1.092,
2024-08-12T06:00:00-07:00,1.092,1.09395,1.091515,1.09229,
2024-08-12T10:00:00-07:00,1.09229,1.09351,1.092215,1.093125,
2024-08-12T14:00:00-07:00,1.093125,1.09365,1.09293,1.093005,
2024-08-12T18:00:00-07:00,1.093005,1.09394,1.09293,1.09394,
2024-08-12T22:00:00-07:00,1.09394,1.09412,1.09206,1.092345,
2024-08-13T02:00:00-07:00,1.092345,1.094665,1.091375,1.09409,
2024-08-13T06:00:00-07:00,1.09409,1.09741,1.09381,1.09725,
2024-08-13T10:00:00-07:00,1.09725,1.09998,1.09698,1.09927,
2024-08-13T14:00:00-07:00,1.09927,1.09985,1.098345,1.0992,
2024-08-13T18:00:00-07:00,1.0992,1.09966,1.09888,1.09929,
2024-08-13T22:00:00-07:00,1.09929,1.102005,1.098645,1.10195,
2024-08-14T02:00:00-07:00,1.10195,1.10356,1.100405,1.101695,
2024-08-14T06:00:00-07:00,1.101695,1.104735,1.10155,1.10185,
2024-08-14T10:00:00-07:00,1.10185,1.10186,1.10109,1.10127,
2024-08-14T14:00:00-07:00,1.10127,1.101575,1.10093,1.10099,
2024-08-14T18:00:00-07:00,1.10099,1.10122,1.10034,1.10118,
2024-08-14T22:00:00-07:00,1.10118,1.101565,1.10052,1.10062,
2024-08-15T02:00:00-07:00,1.10062,1.10143,1.095185,1.095655,
2024-08-15T06:00:00-07:00,1.095655,1.09896,1.09496,1.097805,
2024-08-15T10:00:00-07:00,1.097805,1.09801,1.097065,1.09728,
2024-08-15T14:00:00-07:00,1.09728,1.09772,1.097095,1.097575,
2024-08-15T18:00:00-07:00,1.097575,1.098265,1.097435,1.09822,
2024-08-15T22:00:00-07:00,1.09822,1.09899,1.09768,1.09809,
2024-08-16T02:00:00-07:00,1.09809,1.09951,1.097885,1.09939,
2024-08-16T06:00:00-07:00,1.09939,1.10047,1.09827,1.10039,
2024-08-16T10:00:00-07:00,1.10039,1.102975,1.10038,1.10285,
2024-08-18T14:00:00-07:00,1.10285,1.103605,1.10228,1.10304,
2024-08-18T18:00:00-07:00,1.10304,1.10419,1.102765,1.10397,
2024-08-18T22:00:00-07:00,1.10397,1.10506,1.10356,1.10373,
2024-08-19T02:00:00-07:00,1.10373,1.104445,1.103095,1.10389,
2024-08-19T06:00:00-07:00,1.10389,1.10741,1.10303,1.10737,
2024-08-19T10:00:00-07:00,1.10737,1.10865,1.10705,1.108485,
2024-08-19T14:00:00-07:00,1.108485,1.108765,1.10801,1.10821,
2024-08-19T18:00:00-07:00,1.10821,1.10873,1.1075,1.10771,
2024-08-19T22:00:00-07:00,1.10771,1.1089,1.10719,1.107985,
2024-08-20T02:00:00-07:00,1.107985,1.109855,1.107505,1.109835,
2024-08-20T06:00:00-07:00,1.109835,1.111915,1.109265,1.1115,
2024-08-20T10:00:00-07:00,1.1115,1.113065,1.11089,1.112985,
2024-08-20T14:00:00-07:00,1.112985,1.11327,1.11252,1.11278,
2024-08-20T18:00:00-07:00,1.11278,1.11282,1.111665,1.11191,
2024-08-20T22:00:00-07:00,1.11191,1.112885,1.111055,1.11185,
2024-08-21T02:00:00-07:00,1.11185,1.112995,1.111,1.112485,
2024-08-21T06:00:00-07:00,1.112485,1.11483,1.109935,1.114635,
2024-08-21T10:00:00-07:00,1.114635,1.11741,1.11455,1.11499,
2024-08-21T14:00:00-07:00,1.11499,1.11581,1.11453,1.114755,
2024-08-21T18:00:00-07:00,1.114755,1.11492,1.11406,1.11435,
2024-08-21T22:00:00-07:00,1.11435,1.116515,1.11274,1.11426,
2024-08-22T02:00:00-07:00,1.11426,1.114615,1.112545,1.114025,
2024-08-22T06:00:00-07:00,1.114025,1.114165,1.109805,1.111045,
2024-08-22T10:00:00-07:00,1.111045,1.11135,1.109875,1.111215,
2024-08-22T14:00:00-07:00,1.111215,1.11225,1.110985,1.11198,
2024-08-22T18:00:00-07:00,1.11198,1.11288,1.11182,1.11278,
2024-08-22T22:00:00-07:00,1.11278,1.1132,1.111245,1.11228,
2024-08-23T02:00:00-07:00,1.11228,1.11272,1.111095,1.111425,
2024-08-23T06:00:00-07:00,1.111425,1.119605,1.11056,1.1174,
2024-08-23T10:00:00-07:00,1.1174,1.1201,1.117315,1.11917,
2024-08-25T14:00:00-07:00,1.11917,1.12017,1.11864,1.119375,
2024-08-25T18:00:00-07:00,1.119375,1.12003,1.118175,1.11834,
2024-08-25T22:00:00-07:00,1.11834,1.11894,1.117585,1.11805,
2024-08-26T02:00:00-07:00,1.11805,1.118285,1.11585,1.11612,
2024-08-26T06:00:00-07:00,1.11612,1.1179,1.115005,1.11712,
2024-08-26T10:00:00-07:00,1.11712,1.11755,1.115865,1.11614,
2024-08-26T14:00:00-07:00,1.11614,1.1167,1.11587,1.11611,
2024-08-26T18:00:00-07:00,1.11611,1.11707,1.115975,1.11685,
2024-08-26T22:00:00-07:00,1.11685,1.11741,1.116135,1.116685,
2024-08-27T02:00:00-07:00,1.116685,1.11788,1.11505,1.11586,
2024-08-27T06:00:00-07:00,1.11586,1.11718,1.115265,1.116585,
2024-08-27T10:00:00-07:00,1.116585,1.11906,1.11645,1.11839,
2024-08-27T14:00:00-07:00,1.11839,1.118555,1.11746,1.11799,
2024-08-27T18:00:00-07:00,1.11799,1.11799,1.11583,1.11597,
2024-08-27T22:00:00-07:00,1.11597,1.11609,1.113525,1.11414,
2024-08-28T02:00:00-07:00,1.11414,1.114565,1.110505,1.111185,
2024-08-28T06:00:00-07:00,1.111185,1.113775,1.11102,1.11148,
2024-08-28T10:00:00-07:00,1.11148,1.112015,1.110535,1.111995,
2024-08-28T14:00:00-07:00,1.111995,1.11326,1.111905,1.113135,
2024-08-28T18:00:00-07:00,1.113135,1.11372,1.112735,1.11356,
2024-08-28T22:00:00-07:00,1.11356,1.113995,1.107195,1.10849,
2024-08-29T02:00:00-07:00,1.10849,1.11001,1.10728,1.10843,
2024-08-29T06:00:00-07:00,1.10843,1.10896,1.105565,1.10818,
2024-08-29T10:00:00-07:00,1.10818,1.10854,1.10747,1.107755,
2024-08-29T14:00:00-07:00,1.107755,1.10832,1.107545,1.10807,
2024-08-29T18:00:00-07:00,1.10807,1.10822,1.10699,1.10741,
2024-08-29T22:00:00-07:00,1.10741,1.109505,1.10735,1.1075,
2024-08-30T02:00:00-07:00,1.1075,1.10883,1.105775,1.106795,
2024-08-30T06:00:00-07:00,1.106795,1.108015,1.104395,1.10496,
2024-08-30T10:00:00-07:00,1.10496,1.10568,1.10468,1.104715,
2024-09-01T14:00:00-07:00,1.104715,1.10558,1.104205,1.10535,
2024-09-01T18:00:00-07:00,1.10535,1.10557,1.104395,1.10485,
2024-09-01T22:00:00-07:00,1.10485,1.10775,1.10455,1.106745,
2024-09-02T02:00:00-07:00,1.106745,1.10729,1.105845,1.10681,
2024-09-02T06:00:00-07:00,1.10681,1.1072,1.10601,1.10659,
2024-09-02T10:00:00-07:00,1.10659,1.10729,1.10659,1.10714,
2024-09-02T14:00:00-07:00,1.10714,1.1073,1.105905,1.10606,
2024-09-02T18:00:00-07:00,1.10606,1.10703,1.10541,1.10543,
2024-09-02T22:00:00-07:00,1.10543,1.106775,1.10481,1.104865,
2024-09-03T02:00:00-07:00,1.104865,1.10526,1.103315,1.104795,
2024-09-03T06:00:00-07:00,1.104795,1.10695,1.103605,1.10393,
2024-09-03T10:00:00-07:00,1.10393,1.10445,1.10264,1.104365,
2024-09-03T14:00:00-07:00,1.104365,1.10514,1.10394,1.10483,
2024-09-03T18:00:00-07:00,1.10483,1.10572,1.104765,1.10563,
2024-09-03T22:00:00-07:00,1.10563,1.10629,1.10469,1.105175,
2024-09-04T02:00:00-07:00,1.105175,1.105855,1.104,1.10527,
2024-09-04T06:00:00-07:00,1.10527,1.109515,1.104995,1.10846,
2024-09-04T10:00:00-07:00,1.10846,1.10863,1.106535,1.108245,
2024-09-04T14:00:00-07:00,1.108245,1.10866,1.10758,1.10792,
2024-09-04T18:00:00-07:00,1.10792,1.10856,1.107475,1.10769,
2024-09-04T22:00:00-07:00,1.10769,1.110025,1.10767,1.1099,
2024-09-05T02:00:00-07:00,1.1099,1.111975,1.108725,1.109245,
2024-09-05T06:00:00-07:00,1.109245,1.110845,1.107635,1.1101,
2024-09-05T10:00:00-07:00,1.1101,1.11134,1.10995,1.11104,
2024-09-05T14:00:00-07:00,1.11104,1.11147,1.11068,1.11135,
2024-09-05T18:00:00-07:00,1.11135,1.111775,1.11093,1.111595,
2024-09-05T22:00:00-07:00,1.111595,1.1121,1.11109,1.11175,
2024-09-06T02:00:00-07:00,1.11175,1.11555,1.10794,1.112095,
2024-09-06T06:00:00-07:00,1.112095,1.113515,1.106565,1.10769,
2024-09-06T10:00:00-07:00,1.10769,1.10897,1.106965,1.10853,
2024-09-08T14:00:00-07:00,1.10853,1.109115,1.10821,1.108335,
2024-09-08T18:00:00-07:00,1.108335,1.10911,1.10746,1.10758,
2024-09-08T22:00:00-07:00,1.10758,1.1076,1.104565,1.10478,
2024-09-09T02:00:00-07:00,1.10478,1.105905,1.103575,1.10397,
2024-09-09T06:00:00-07:00,1.10397,1.10522,1.103415,1.10488,
2024-09-09T10:00:00-07:00,1.10488,1.10538,1.103375,1.103465,
2024-09-09T14:00:00-07:00,1.103465,1.10398,1.102835,1.10308,
2024-09-09T18:00:00-07:00,1.10308,1.10407,1.103065,1.10401,
2024-09-09T22:00:00-07:00,1.10401,1.104985,1.103365,1.10379,
2024-09-10T02:00:00-07:00,1.10379,1.1044,1.102655,1.10299,
2024-09-10T06:00:00-07:00,1.10299,1.10349,1.101505,1.10268,
2024-09-10T10:00:00-07:00,1.10268,1.1028,1.101825,1.101975,
2024-09-10T14:00:00-07:00,1.101975,1.10239,1.10168,1.102015,
2024-09-10T18:00:00-07:00,1.102015,1.104725,1.10183,1.10467,
2024-09-10T22:00:00-07:00,1.10467,1.105195,1.103665,1.1044,
2024-09-11T02:00:00-07:00,1.1044,1.10549,1.10035,1.101645,
2024-09-11T06:00:00-07:00,1.101645,1.10263,1.1002,1.10159,
2024-09-11T10:00:00-07:00,1.10159,1.10266,1.1011,1.1012,
2024-09-11T14:00:00-07:00,1.1012,1.10163,1.10061,1.10068,
2024-09-11T18:00:00-07:00,1.10068,1.1017,1.10067,1.10164,
2024-09-11T22:00:00-07:00,1.10164,1.102385,1.100555,1.101555,
2024-09-12T02:00:00-07:00,1.101555,1.103235,1.101035,1.10252,
2024-09-12T06:00:00-07:00,1.10252,1.10481,1.102475,1.10461,
2024-09-12T10:00:00-07:00,1.10461,1.10751,1.10426,1.10745,
2024-09-12T14:00:00-07:00,1.10745,1.10874,1.107035,1.10871,
2024-09-12T18:00:00-07:00,1.10871,1.10903,1.107945,1.10845,
2024-09-12T22:00:00-07:00,1.10845,1.109415,1.10731,1.109285,
2024-09-13T02:00:00-07:00,1.109285,1.110085,1.107935,1.10931,
2024-09-13T06:00:00-07:00,1.10931,1.11019,1.1077,1.1084,
2024-09-13T10:00:00-07:00,1.1084,1.108595,1.10728,1.107425,
2024-09-15T14:00:00-07:00,1.107425,1.109255,1.107425,1.10896,
2024-09-15T18:00:00-07:00,1.10896,1.1105,1.10868,1.10972,
2024-09-15T22:00:00-07:00,1.10972,1.11262,1.10958,1.11228,
2024-09-16T02:00:00-07:00,1.11228,1.11328,1.111605,1.112485,
2024-09-16T06:00:00-07:00,1.112485,1.113765,1.11166,1.112905,
2024-09-16T10:00:00-07:00,1.112905,1.113345,1.11162,1.11329,
2024-09-16T14:00:00-07:00,1.11329,1.113325,1.1122,1.11231,
2024-09-16T18:00:00-07:00,1.11231,1.11298,1.11219,1.11245,
2024-09-16T22:00:00-07:00,1.11245,1.11463,1.111575,1.11448,
2024-09-17T02:00:00-07:00,1.11448,1.11449,1.11178,1.11249,
2024-09-17T06:00:00-07:00,1.11249,1.112825,1.111175,1.11195,
2024-09-17T10:00:00-07:00,1.11195,1.112355,1.111085,1.11137,
2024-09-17T14:00:00-07:00,1.11137,1.11286,1.111325,1.11269,
2024-09-17T18:00:00-07:00,1.11269,1.11306,1.112,1.11202,
2024-09-17T22:00:00-07:00,1.11202,1.11334,1.111525,1.11297,
2024-09-18T02:00:00-07:00,1.11297,1.113995,1.11181,1.11224,
2024-09-18T06:00:00-07:00,1.11224,1.11398,1.110825,1.11244,
2024-09-18T10:00:00-07:00,1.11244,1.11893,1.109675,1.111895,
2024-09-18T14:00:00-07:00,1.111895,1.112415,1.107905,1.108165,
2024-09-18T18:00:00-07:00,1.108165,1.11214,1.10684,1.11203,
2024-09-18T22:00:00-07:00,1.11203,1.11692,1.11202,1.11628,
2024-09-19T02:00:00-07:00,1.11628,1.1179,1.112565,1.112595,
2024-09-19T06:00:00-07:00,1.112595,1.11583,1.11165,1.115555,
2024-09-19T10:00:00-07:00,1.115555,1.1168,1.115235,1.11619,
2024-09-19T14:00:00-07:00,1.11619,1.1164,1.11573,1.11604,
2024-09-19T18:00:00-07:00,1.11604,1.11694,1.11573,1.11651,
2024-09-19T22:00:00-07:00,1.11651,1.1182,1.11524,1.11644,
2024-09-20T02:00:00-07:00,1.11644,1.117695,1.115415,1.11744,
2024-09-20T06:00:00-07:00,1.11744,1.117625,1.113605,1.11739,
2024-09-20T10:00:00-07:00,1.11739,1.117435,1.115605,1.116345,
2024-09-22T14:00:00-07:00,1.11627,1.116615,1.11562,1.115905,
2024-09-22T18:00:00-07:00,1.115905,1.11651,1.115575,1.11637,
2024-09-22T22:00:00-07:00,1.11637,1.11673,1.108315,1.10925,
2024-09-23T02:00:00-07:00,1.10925,1.112585,1.109225,1.112245,
2024-09-23T06:00:00-07:00,1.112245,1.11435,1.11153,1.11253,
2024-09-23T10:00:00-07:00,1.11253,1.11286,1.110965,1.11114,
2024-09-23T14:00:00-07:00,1.11114,1.11158,1.11044,1.11058,
2024-09-23T18:00:00-07:00,1.11058,1.11178,1.11034,1.11169,
2024-09-23T22:00:00-07:00,1.11169,1.114485,1.11044,1.11403,
2024-09-24T02:00:00-07:00,1.11403,1.114785,1.11221,1.114095,
2024-09-24T06:00:00-07:00,1.114095,1.11636,1.113255,1.11586,
2024-09-24T10:00:00-07:00,1.11586,1.118105,1.11548,1.11797,
2024-09-24T14:00:00-07:00,1.11797,1.119405,1.11775,1.119325,
2024-09-24T18:00:00-07:00,1.119325,1.11988,1.11853,1.11958,
2024-09-24T22:00:00-07:00,1.11958,1.11965,1.11823,1.118485,
2024-09-25T02:00:00-07:00,1.118485,1.120795,1.117825,1.11977,
2024-09-25T06:00:00-07:00,1.11977,1.1214,1.113285,1.11346,
2024-09-25T10:00:00-07:00,1.11346,1.113895,1.112155,1.113285,
2024-09-25T14:00:00-07:00,1.113285,1.1137,1.1129,1.11367,
2024-09-25T18:00:00-07:00,1.11367,1.11454,1.113165,1.11417,
2024-09-25T22:00:00-07:00,1.11417,1.11581,1.112585,1.114145,
2024-09-26T02:00:00-07:00,1.114145,1.11655,1.113755,1.115125,
2024-09-26T06:00:00-07:00,1.115125,1.11893,1.112585,1.11693,
2024-09-26T10:00:00-07:00,1.11693,1.11842,1.116845,1.11769,
2024-09-26T14:00:00-07:00,1.11769,1.11785,1.11681,1.11694,
2024-09-26T18:00:00-07:00,1.11694,1.11733,1.11626,1.11647,
2024-09-26T22:00:00-07:00,1.11647,1.117605,1.11249,1.11446,
2024-09-27T02:00:00-07:00,1.11446,1.120165,1.11372,1.119975,
2024-09-27T06:00:00-07:00,1.119975,1.120295,1.114635,1.11518,
2024-09-27T10:00:00-07:00,1.11518,1.1168,1.11504,1.11639,
2024-09-29T14:00:00-07:00,1.11639,1.117395,1.11595,1.11709,
2024-09-29T18:00:00-07:00,1.11709,1.117265,1.11563,1.116175,
2024-09-29T22:00:00-07:00,1.116175,1.1209,1.115615,1.12056,
2024-09-30T02:00:00-07:00,1.12056,1.12059,1.11832,1.119,
2024-09-30T06:00:00-07:00,1.119,1.11913,1.1135,1.11485,
2024-09-30T10:00:00-07:00,1.11485,1.11624,1.111375,1.113505,
2024-09-30T14:00:00-07:00,1.113505,1.11428,1.11273,1.113225,
2024-09-30T18:00:00-07:00,1.113225,1.11435,1.11314,1.11407,
2024-09-30T22:00:00-07:00,1.11407,1.114415,1.109805,1.11029,
2024-10-01T02:00:00-07:00,1.11029,1.11146,1.107025,1.10712,
2024-10-01T06:00:00-07:00,1.10712,1.108685,1.104825,1.10545,
2024-10-01T10:00:00-07:00,1.10545,1.10774,1.10459,1.10678,
2024-10-01T14:00:00-07:00,1.10678,1.10721,1.10634,1.10657,
2024-10-01T18:00:00-07:00,1.10657,1.1074,1.10605,1.10631,
2024-10-01T22:00:00-07:00,1.10631,1.10829,1.105415,1.10725,
2024-10-02T02:00:00-07:00,1.10725,1.107745,1.10511,1.105355,
2024-10-02T06:00:00-07:00,1.105355,1.10658,1.10327,1.10468,
2024-10-02T10:00:00-07:00,1.10468,1.10534,1.10368,1.104475,
2024-10-02T14:00:00-07:00,1.104475,1.104935,1.103735,1.10392,
2024-10-02T18:00:00-07:00,1.10392,1.10408,1.103215,1.1033,
2024-10-02T22:00:00-07:00,1.1033,1.10463,1.1025,1.103775,
2024-10-03T02:00:00-07:00,1.103775,1.10469,1.102825,1.10323,
2024-10-03T06:00:00-07:00,1.10323,1.104385,1.100835,1.10304,
2024-10-03T10:00:00-07:00,1.10304,1.10363,1.10251,1.10307,
2024-10-03T14:00:00-07:00,1.10307,1.10398,1.10307,1.10348,
2024-10-03T18:00:00-07:00,1.10348,1.10362,1.102535,1.10278,
2024-10-03T22:00:00-07:00,1.10278,1.103565,1.10212,1.10256,
2024-10-04T02:00:00-07:00,1.10256,1.103695,1.09591,1.09611,
2024-10-04T06:00:00-07:00,1.09611,1.098165,1.09513,1.09597,
2024-10-04T10:00:00-07:00,1.09597,1.0978,1.09578,1.0976,
2024-10-06T14:00:00-07:00,1.0976,1.0976,1.096325,1.09701,
2024-10-06T18:00:00-07:00,1.09701,1.09777,1.09684,1.09686,
2024-10-06T22:00:00-07:00,1.09686,1.0979,1.095825,1.09701,
2024-10-07T02:00:00-07:00,1.09701,1.09836,1.095425,1.097725,
2024-10-07T06:00:00-07:00,1.097725,1.09849,1.09697,1.098405,
2024-10-07T10:00:00-07:00,1.098405,1.0987,1.096575,1.09745,
2024-10-07T14:00:00-07:00,1.09745,1.09841,1.0973,1.09819,
2024-10-07T18:00:00-07:00,1.09819,1.098685,1.097275,1.09856,
2024-10-07T22:00:00-07:00,1.09856,1.099725,1.09786,1.0994,
2024-10-08T02:00:00-07:00,1.0994,1.09948,1.09715,1.09761,
2024-10-08T06:00:00-07:00,1.09761,1.098405,1.096095,1.09758,
2024-10-08T10:00:00-07:00,1.09758,1.098105,1.09658,1.098105,
2024-10-08T14:00:00-07:00,1.098105,1.09811,1.09737,1.09756,
2024-10-08T18:00:00-07:00,1.09756,1.09774,1.09621,1.09634,
2024-10-08T22:00:00-07:00,1.09634,1.09761,1.09511,1.095775,
2024-10-09T02:00:00-07:00,1.095775,1.09708,1.09528,1.09568,
2024-10-09T06:00:00-07:00,1.09568,1.09599,1.093985,1.09415,
2024-10-09T10:00:00-07:00,1.09415,1.09426,1.093625,1.0939,
2024-10-09T14:00:00-07:00,1.0939,1.0943,1.0937,1.094055,
2024-10-09T18:00:00-07:00,1.094055,1.09462,1.09384,1.0941,
2024-10-09T22:00:00-07:00,1.0941,1.094315,1.092825,1.09331,
2024-10-10T02:00:00-07:00,1.09331,1.095495,1.090835,1.09441,
2024-10-10T06:00:00-07:00,1.09441,1.094985,1.090305,1.090605,
2024-10-10T10:00:00-07:00,1.090605,1.09379,1.090015,1.09367,
2024-10-10T14:00:00-07:00,1.09367,1.09379,1.09311,1.09374,
2024-10-10T18:00:00-07:00,1.09374,1.09407,1.09296,1.09357,
2024-10-10T22:00:00-07:00,1.09357,1.095385,1.09323,1.094965,
2024-10-11T02:00:00-07:00,1.094965,1.09512,1.09261,1.093305,
2024-10-11T06:00:00-07:00,1.093305,1.095245,1.09281,1.09449,
2024-10-11T10:00:00-07:00,1.09449,1.09475,1.093245,1.09362,
2024-10-13T14:00:00-07:00,1.09362,1.09362,1.09153,1.092155,
2024-10-13T18:00:00-07:00,1.092155,1.09293,1.091805,1.092385,
2024-10-13T22:00:00-07:00,1.092385,1.09317,1.09225,1.09269,
2024-10-14T02:00:00-07:00,1.09269,1.09368,1.09073,1.09096,
2024-10-14T06:00:00-07:00,1.09096,1.092745,1.09008,1.09017,
2024-10-14T10:00:00-07:00,1.09017,1.09096,1.08883,1.09088,
2024-10-14T14:00:00-07:00,1.09088,1.09105,1.09042,1.09075,
2024-10-14T18:00:00-07:00,1.09075,1.0909,1.08915,1.0893,
2024-10-14T22:00:00-07:00,1.0893,1.09163,1.088505,1.091045,
2024-10-15T02:00:00-07:00,1.091045,1.09151,1.08973,1.09102,
2024-10-15T06:00:00-07:00,1.09102,1.09168,1.088935,1.08895,
2024-10-15T10:00:00-07:00,1.08895,1.089255,1.0882,1.089135,
2024-10-15T14:00:00-07:00,1.089135,1.08941,1.08821,1.08854,
2024-10-15T18:00:00-07:00,1.08854,1.089575,1.08844,1.08895,
2024-10-15T22:00:00-07:00,1.08895,1.08904,1.08753,1.08834,
2024-10-16T02:00:00-07:00,1.08834,1.090145,1.088255,1.08889,
2024-10-16T06:00:00-07:00,1.08889,1.08975,1.08661,1.086825,
2024-10-16T10:00:00-07:00,1.086825,1.08685,1.08533,1.086195,
2024-10-16T14:00:00-07:00,1.086195,1.08706,1.08563,1.08633,
2024-10-16T18:00:00-07:00,1.08633,1.08652,1.085125,1.08535,
2024-10-16T22:00:00-07:00,1.08535,1.08584,1.084895,1.08518,
2024-10-17T02:00:00-07:00,1.08518,1.08738,1.08334,1.08429,
2024-10-17T06:00:00-07:00,1.08429,1.08447,1.081105,1.08248,
2024-10-17T10:00:00-07:00,1.08248,1.08321,1.082105,1.083145,
2024-10-17T14:00:00-07:00,1.083145,1.083335,1.082535,1.0829,
2024-10-17T18:00:00-07:00,1.0829,1.08406,1.082755,1.08404,
2024-10-17T22:00:00-07:00,1.08404,1.08487,1.083465,1.08378,
2024-10-18T02:00:00-07:00,1.08378,1.08601,1.083425,1.08594,
2024-10-18T06:00:00-07:00,1.08594,1.08683,1.085135,1.086675,
2024-10-18T10:00:00-07:00,1.086675,1.08696,1.08592,1.086655,
2024-10-20T14:00:00-07:00,1.086655,1.08719,1.086125,1.08649,
2024-10-20T18:00:00-07:00,1.08649,1.08683,1.08584,1.08588,
2024-10-20T22:00:00-07:00,1.08588,1.08636,1.084625,1.08555,
2024-10-21T02:00:00-07:00,1.08555,1.085915,1.08448,1.085745,
2024-10-21T06:00:00-07:00,1.085745,1.0858,1.081715,1.08188,
2024-10-21T10:00:00-07:00,1.08188,1.08231,1.081115,1.081535,
2024-10-21T14:00:00-07:00,1.081535,1.081845,1.081375,1.08163,
2024-10-21T18:00:00-07:00,1.08163,1.08215,1.081505,1.08203,
2024-10-21T22:00:00-07:00,1.08203,1.08382,1.081815,1.08271,
2024-10-22T02:00:00-07:00,1.08271,1.08308,1.0811,1.08118,
2024-10-22T06:00:00-07:00,1.08118,1.081865,1.08008,1.08077,
2024-10-22T10:00:00-07:00,1.08077,1.08089,1.07926,1.07983,
2024-10-22T14:00:00-07:00,1.07983,1.080105,1.07923,1.079525,
2024-10-22T18:00:00-07:00,1.079525,1.08055,1.07938,1.08022,
2024-10-22T22:00:00-07:00,1.08022,1.08068,1.077945,1.078825,
2024-10-23T02:00:00-07:00,1.078825,1.07894,1.076125,1.07743,
2024-10-23T06:00:00-07:00,1.07743,1.07863,1.076965,1.07733,
2024-10-23T10:00:00-07:00,1.07733,1.07866,1.076725,1.078245,
2024-10-23T14:00:00-07:00,1.078245,1.07899,1.07794,1.07889,
2024-10-23T18:00:00-07:00,1.07889,1.07937,1.078125,1.07931,
2024-10-23T22:00:00-07:00,1.07931,1.08081,1.077055,1.08031,
2024-10-24T02:00:00-07:00,1.08031,1.08053,1.07886,1.07966,
2024-10-24T06:00:00-07:00,1.07966,1.08114,1.079515,1.08109,
2024-10-24T10:00:00-07:00,1.08109,1.08299,1.08108,1.082765,
2024-10-24T14:00:00-07:00,1.082765,1.082885,1.08201,1.08219,
2024-10-24T18:00:00-07:00,1.08219,1.08277,1.082015,1.08219,
2024-10-24T22:00:00-07:00,1.08219,1.083725,1.081375,1.08238,
2024-10-25T02:00:00-07:00,1.08238,1.08394,1.08211,1.08385,
2024-10-25T06:00:00-07:00,1.08385,1.08387,1.08025,1.080515,
2024-10-25T10:00:00-07:00,1.080515,1.080665,1.07931,1.07953,
2024-10-27T14:00:00-07:00,1.07953,1.08017,1.07874,1.07942,
2024-10-27T18:00:00-07:00,1.07942,1.079605,1.078215,1.07879,
2024-10-27T22:00:00-07:00,1.07879,1.08215,1.07821,1.08192,
2024-10-28T02:00:00-07:00,1.08192,1.08263,1.08086,1.08156,
2024-10-28T06:00:00-07:00,1.08156,1.082765,1.08137,1.08157,
2024-10-28T10:00:00-07:00,1.08157,1.08191,1.080995,1.08122,
2024-10-28T14:00:00-07:00,1.08122,1.081945,1.08109,1.08158,
2024-10-28T18:00:00-07:00,1.08158,1.081815,1.08062,1.08088,
2024-10-28T22:00:00-07:00,1.08088,1.08205,1.080555,1.08186,
2024-10-29T02:00:00-07:00,1.08186,1.08264,1.077215,1.077755,
2024-10-29T06:00:00-07:00,1.077755,1.081215,1.076895,1.07991,
2024-10-29T10:00:00-07:00,1.07991,1.08188,1.07981,1.081845,
2024-10-29T14:00:00-07:00,1.081845,1.082605,1.0813,1.082185,
2024-10-29T18:00:00-07:00,1.082185,1.082595,1.08132,1.08167,
2024-10-29T22:00:00-07:00,1.08167,1.084475,1.08141,1.083455,
2024-10-30T02:00:00-07:00,1.083455,1.08595,1.080815,1.081405,
2024-10-30T06:00:00-07:00,1.081405,1.08669,1.08114,1.08613,
2024-10-30T10:00:00-07:00,1.08613,1.08714,1.085375,1.08559,
2024-10-30T14:00:00-07:00,1.08559,1.08602,1.08529,1.08535,
2024-10-30T18:00:00-07:00,1.08535,1.08583,1.08441,1.084795,
2024-10-30T22:00:00-07:00,1.084795,1.08637,1.08466,1.08563,
2024-10-31T02:00:00-07:00,1.08563,1.088685,1.085435,1.087985,
2024-10-31T06:00:00-07:00,1.087985,1.088825,1.084645,1.08581,
2024-10-31T10:00:00-07:00,1.08581,1.08852,1.08555,1.088355,
2024-10-31T14:00:00-07:00,1.088355,1.08875,1.088055,1.08867,
2024-10-31T18:00:00-07:00,1.08867,1.08887,1.08752,1.08773,
2024-10-31T22:00:00-07:00,1.08773,1.08782,1.085745,1.08624,
2024-11-01T02:00:00-07:00,1.08624,1.090585,1.08524,1.088625,
2024-11-01T06:00:00-07:00,1.088625,1.088975,1.08464,1.085255,
2024-11-01T10:00:00-07:00,1.085255,1.085295,1.083185,1.083385,
2024-11-03T14:00:00-08:00,1.083385,1.08914,1.083385,1.088845,
2024-11-03T18:00:00-08:00,1.088845,1.0905,1.08849,1.0899,
2024-11-03T22:00:00-08:00,1.0899,1.09023,1.08872,1.08963,
2024-11-04T02:00:00-08:00,1.08963,1.091475,1.089335,1.09051,
2024-11-04T06:00:00-08:00,1.09051,1.090985,1.08799,1.08889,
2024-11-04T10:00:00-08:00,1.08889,1.088925,1.08741,1.08782,
2024-11-04T14:00:00-08:00,1.08782,1.08809,1.08725,1.08776,
2024-11-04T18:00:00-08:00,1.08776,1.08801,1.08744,1.08787,
2024-11-04T22:00:00-08:00,1.08787,1.08977,1.0877,1.0892,
2024-11-05T02:00:00-08:00,1.0892,1.09019,1.088955,1.089295,
2024-11-05T06:00:00-08:00,1.089295,1.09306,1.089005,1.09303,
2024-11-05T10:00:00-08:00,1.09303,1.093655,1.092425,1.093015,
2024-11-05T14:00:00-08:00,1.093015,1.09371,1.082155,1.08366,
2024-11-05T18:00:00-08:00,1.08366,1.083935,1.07189,1.076005,
2024-11-05T22:00:00-08:00,1.076005,1.07814,1.070285,1.075535,
2024-11-06T02:00:00-08:00,1.075535,1.07618,1.068255,1.070975,
2024-11-06T06:00:00-08:00,1.070975,1.074535,1.06985,1.07274,
2024-11-06T10:00:00-08:00,1.07274,1.075825,1.072605,1.07295,
2024-11-06T14:00:00-08:00,1.07295,1.07374,1.071285,1.07177,
2024-11-06T18:00:00-08:00,1.07177,1.0748,1.071745,1.074625,
2024-11-06T22:00:00-08:00,1.074625,1.077165,1.07412,1.07465,
2024-11-07T02:00:00-08:00,1.07465,1.07948,1.074645,1.07924,
2024-11-07T06:00:00-08:00,1.07924,1.08247,1.07812,1.08048,
2024-11-07T10:00:00-08:00,1.08048,1.080955,1.0767,1.080525,
2024-11-07T14:00:00-08:00,1.080525,1.08054,1.07792,1.0787,
2024-11-07T18:00:00-08:00,1.0787,1.078995,1.07766,1.07818,
2024-11-07T22:00:00-08:00,1.07818,1.078935,1.07611,1.07792,
2024-11-08T02:00:00-08:00,1.07792,1.079735,1.074455,1.075285,
2024-11-08T06:00:00-08:00,1.075285,1.07657,1.06869,1.070925,
2024-11-08T10:00:00-08:00,1.070925,1.07217,1.06998,1.071865,
2024-11-10T14:00:00-08:00,1.071865,1.0728,1.070865,1.07204,
2024-11-10T18:00:00-08:00,1.07204,1.07272,1.07079,1.07176,
2024-11-10T22:00:00-08:00,1.07176,1.07221,1.0668,1.068155,
2024-11-11T02:00:00-08:00,1.068155,1.06886,1.06368,1.0648,
2024-11-11T06:00:00-08:00,1.0648,1.06577,1.062865,1.06492,
2024-11-11T10:00:00-08:00,1.06492,1.0658,1.06459,1.06558,
2024-11-11T14:00:00-08:00,1.06558,1.06633,1.064795,1.06484,
2024-11-11T18:00:00-08:00,1.06484,1.06521,1.06379,1.064005,
2024-11-11T22:00:00-08:00,1.064005,1.064005,1.06165,1.06261,
2024-11-12T02:00:00-08:00,1.06261,1.06298,1.060645,1.06229,
2024-11-12T06:00:00-08:00,1.06229,1.062615,1.0595,1.060685,
2024-11-12T10:00:00-08:00,1.060685,1.062675,1.060645,1.06231,
2024-11-12T14:00:00-08:00,1.06231,1.06292,1.061105,1.062795,
2024-11-12T18:00:00-08:00,1.062795,1.06296,1.06096,1.06131,
2024-11-12T22:00:00-08:00,1.06131,1.062985,1.059335,1.062695,
2024-11-13T02:00:00-08:00,1.062695,1.06542,1.06101,1.063665,
2024-11-13T06:00:00-08:00,1.063665,1.063805,1.055575,1.0569,
2024-11-13T10:00:00-08:00,1.0569,1.0576,1.05565,1.05623,
2024-11-13T14:00:00-08:00,1.05623,1.05687,1.05512,1.055615,
2024-11-13T18:00:00-08:00,1.055615,1.05578,1.053415,1.054725,
2024-11-13T22:00:00-08:00,1.054725,1.05581,1.051785,1.05205,
2024-11-14T02:00:00-08:00,1.05205,1.05451,1.04962,1.053055,
2024-11-14T06:00:00-08:00,1.053055,1.058255,1.05296,1.05593,
2024-11-14T10:00:00-08:00,1.05593,1.05606,1.051205,1.052945,
2024-11-14T14:00:00-08:00,1.052945,1.05417,1.05236,1.05321,
2024-11-14T18:00:00-08:00,1.05321,1.054615,1.05319,1.054025,
2024-11-14T22:00:00-08:00,1.054025,1.05801,1.053375,1.05623,
2024-11-15T02:00:00-08:00,1.05623,1.059285,1.05542,1.055855,
2024-11-15T06:00:00-08:00,1.055855,1.056335,1.052325,1.05489,
2024-11-15T10:00:00-08:00,1.05489,1.05548,1.05165,1.05408,
2024-11-17T14:00:00-08:00,1.05408,1.055055,1.05304,1.054225,
2024-11-17T18:00:00-08:00,1.054225,1.054665,1.05304,1.053815,
2024-11-17T22:00:00-08:00,1.053815,1.05712,1.053625,1.05663,
2024-11-18T02:00:00-08:00,1.05663,1.05687,1.05325,1.056785,
2024-11-18T06:00:00-08:00,1.056785,1.05926,1.056055,1.05911,
2024-11-18T10:00:00-08:00,1.05911,1.06073,1.05873,1.05986,
2024-11-18T14:00:00-08:00,1.05986,1.06001,1.05872,1.05932,
2024-11-18T18:00:00-08:00,1.05932,1.06009,1.05827,1.05835,
2024-11-18T22:00:00-08:00,1.05835,1.05964,1.05237,1.054965,
2024-11-19T02:00:00-08:00,1.054965,1.059725,1.054355,1.05769,
2024-11-19T06:00:00-08:00,1.05769,1.060125,1.056565,1.05803,
2024-11-19T10:00:00-08:00,1.05803,1.0598,1.05711,1.05957,
2024-11-19T14:00:00-08:00,1.05957,1.06099,1.059265,1.060015,
2024-11-19T18:00:00-08:00,1.060015,1.06035,1.05867,1.05872,
2024-11-19T22:00:00-08:00,1.05872,1.05957,1.055305,1.05556,
2024-11-20T02:00:00-08:00,1.05556,1.056795,1.054225,1.05567,
2024-11-20T06:00:00-08:00,1.05567,1.0557,1.050685,1.05322,
2024-11-20T10:00:00-08:00,1.05322,1.054455,1.052565,1.054375,
2024-11-20T14:00:00-08:00,1.054375,1.05498,1.054135,1.05457,
2024-11-20T18:00:00-08:00,1.05457,1.0555,1.05457,1.05468,
2024-11-20T22:00:00-08:00,1.05468,1.05546,1.051395,1.051685,
2024-11-21T02:00:00-08:00,1.051685,1.05393,1.051385,1.053295,
2024-11-21T06:00:00-08:00,1.053295,1.054465,1.046225,1.04875,
2024-11-21T10:00:00-08:00,1.04875,1.04894,1.047175,1.047425,
2024-11-21T14:00:00-08:00,1.047425,1.047825,1.046645,1.04717,
2024-11-21T18:00:00-08:00,1.04717,1.04783,1.046155,1.046465,
2024-11-21T22:00:00-08:00,1.046465,1.049815,1.033305,1.040205,
2024-11-22T02:00:00-08:00,1.040205,1.043755,1.038495,1.042955,
2024-11-22T06:00:00-08:00,1.042955,1.04349,1.039205,1.04191,
2024-11-22T10:00:00-08:00,1.04191,1.04255,1.04081,1.04171,
2024-11-24T14:00:00-08:00,1.04171,1.050175,1.04171,1.047795,
2024-11-24T18:00:00-08:00,1.047795,1.04895,1.047455,1.04793,
2024-11-24T22:00:00-08:00,1.04793,1.04972,1.0449,1.04896,
2024-11-25T02:00:00-08:00,1.04896,1.053025,1.04741,1.05286,
2024-11-25T06:00:00-08:00,1.05286,1.053035,1.046675,1.04862,
2024-11-25T10:00:00-08:00,1.04862,1.05108,1.048575,1.049425,
2024-11-25T14:00:00-08:00,1.049425,1.05008,1.04251,1.04542,
2024-11-25T18:00:00-08:00,1.04542,1.04907,1.04513,1.04753,
2024-11-25T22:00:00-08:00,1.04753,1.051905,1.04699,1.05074,
2024-11-26T02:00:00-08:00,1.05074,1.054475,1.050025,1.050365,
2024-11-26T06:00:00-08:00,1.050365,1.051015,1.046375,1.04705,
2024-11-26T10:00:00-08:00,1.04705,1.04904,1.04572,1.04889,
2024-11-26T14:00:00-08:00,1.04889,1.04966,1.048475,1.0487,
2024-11-26T18:00:00-08:00,1.0487,1.04883,1.04744,1.0477,
2024-11-26T22:00:00-08:00,1.0477,1.054025,1.047545,1.051655,
2024-11-27T02:00:00-08:00,1.051655,1.057385,1.051035,1.057285,
2024-11-27T06:00:00-08:00,1.057285,1.05877,1.05331,1.05766,
2024-11-27T10:00:00-08:00,1.05766,1.05787,1.05594,1.05662,
2024-11-27T14:00:00-08:00,1.05662,1.05698,1.054745,1.05573,
2024-11-27T18:00:00-08:00,1.05573,1.056125,1.054885,1.055005,
2024-11-27T22:00:00-08:00,1.055005,1.05565,1.052755,1.053205,
2024-11-28T02:00:00-08:00,1.053205,1.05564,1.053005,1.0534,
2024-11-28T06:00:00-08:00,1.0534,1.05571,1.053155,1.05529,
2024-11-28T10:00:00-08:00,1.05529,1.05572,1.055225,1.05545,
2024-11-28T14:00:00-08:00,1.05545,1.057495,1.0551,1.055985,
2024-11-28T18:00:00-08:00,1.055985,1.05769,1.055905,1.056815,
2024-11-28T22:00:00-08:00,1.056815,1.059725,1.055195,1.05577,
2024-11-29T02:00:00-08:00,1.05577,1.057335,1.05482,1.05629,
2024-11-29T06:00:00-08:00,1.05629,1.05679,1.05415,1.056735,
2024-11-29T10:00:00-08:00,1.056735,1.05846,1.056735,1.057745,
2024-12-01T14:00:00-08:00,1.057745,1.05776,1.052805,1.05306,
2024-12-01T18:00:00-08:00,1.05306,1.05321,1.051515,1.05221,
2024-12-01T22:00:00-08:00,1.05221,1.05372,1.0496,1.05137,
2024-12-02T02:00:00-08:00,1.05137,1.053825,1.04951,1.050575,
2024-12-02T06:00:00-08:00,1.050575,1.051475,1.04606,1.048755,
2024-12-02T10:00:00-08:00,1.048755,1.0516,1.048475,1.049765,
2024-12-02T14:00:00-08:00,1.049765,1.05018,1.04843,1.04879,
2024-12-02T18:00:00-08:00,1.04879,1.049455,1.048065,1.049155,
2024-12-02T22:00:00-08:00,1.049155,1.053085,1.048355,1.05205,
2024-12-03T02:00:00-08:00,1.05205,1.052985,1.050635,1.0524,
2024-12-03T06:00:00-08:00,1.0524,1.053035,1.049215,1.05285,
2024-12-03T10:00:00-08:00,1.05285,1.053515,1.050295,1.05087,
2024-12-03T14:00:00-08:00,1.05087,1.051275,1.04972,1.05062,
2024-12-03T18:00:00-08:00,1.05062,1.05202,1.0488,1.05151,
2024-12-03T22:00:00-08:00,1.05151,1.05291,1.048255,1.050305,
2024-12-04T02:00:00-08:00,1.050305,1.05124,1.047925,1.048355,
2024-12-04T06:00:00-08:00,1.048355,1.054405,1.04724,1.05374,
2024-12-04T10:00:00-08:00,1.05374,1.053895,1.050495,1.0512,
2024-12-04T14:00:00-08:00,1.0512,1.05159,1.050795,1.05124,
2024-12-04T18:00:00-08:00,1.05124,1.0529,1.05106,1.05267,
2024-12-04T22:00:00-08:00,1.05267,1.05465,1.052135,1.052875,
2024-12-05T02:00:00-08:00,1.052875,1.056835,1.052335,1.056715,
2024-12-05T06:00:00-08:00,1.056715,1.058965,1.055105,1.056765,
2024-12-05T10:00:00-08:00,1.056765,1.05888,1.0557,1.05865,
2024-12-05T14:00:00-08:00,1.05865,1.05892,1.05661,1.05687,
2024-12-05T18:00:00-08:00,1.05687,1.05804,1.056835,1.05723,
2024-12-05T22:00:00-08:00,1.05723,1.05941,1.05675,1.05774,
2024-12-06T02:00:00-08:00,1.05774,1.062975,1.057155,1.06043,
2024-12-06T06:00:00-08:00,1.06043,1.060735,1.05443,1.055125,
2024-12-06T10:00:00-08:00,1.055125,1.05696,1.05423,1.05678,
2024-12-08T14:00:00-08:00,1.05678,1.05695,1.05512,1.0552,
2024-12-08T18:00:00-08:00,1.0552,1.055655,1.05321,1.053725,
2024-12-08T22:00:00-08:00,1.053725,1.05751,1.053665,1.05662,
2024-12-09T02:00:00-08:00,1.05662,1.058555,1.055785,1.05761,
2024-12-09T06:00:00-08:00,1.05761,1.05945,1.056665,1.056695,
2024-12-09T10:00:00-08:00,1.056695,1.056765,1.05472,1.055345,
2024-12-09T14:00:00-08:00,1.055345,1.055745,1.054525,1.055305,
2024-12-09T18:00:00-08:00,1.055305,1.05628,1.054905,1.056205,
2024-12-09T22:00:00-08:00,1.056205,1.056825,1.05232,1.053135,
2024-12-10T02:00:00-08:00,1.053135,1.05379,1.05158,1.052305,
2024-12-10T06:00:00-08:00,1.052305,1.05312,1.049845,1.05096,
2024-12-10T10:00:00-08:00,1.05096,1.053135,1.05087,1.05269,
2024-12-10T14:00:00-08:00,1.05269,1.05357,1.052555,1.053475,
2024-12-10T18:00:00-08:00,1.053475,1.053955,1.052055,1.05242,
2024-12-10T22:00:00-08:00,1.05242,1.05285,1.04881,1.050055,
2024-12-11T02:00:00-08:00,1.050055,1.053745,1.048715,1.052425,
2024-12-11T06:00:00-08:00,1.052425,1.05293,1.048025,1.04878,
2024-12-11T10:00:00-08:00,1.04878,1.05001,1.048155,1.04959,
2024-12-11T14:00:00-08:00,1.04959,1.05089,1.049085,1.05063,
2024-12-11T18:00:00-08:00,1.05063,1.05096,1.050095,1.05065,
2024-12-11T22:00:00-08:00,1.05065,1.053095,1.05044,1.051005,
2024-12-12T02:00:00-08:00,1.051005,1.051425,1.046955,1.048485,
2024-12-12T06:00:00-08:00,1.048485,1.052115,1.04637,1.05007,
2024-12-12T10:00:00-08:00,1.05007,1.050245,1.046415,1.04686,
2024-12-12T14:00:00-08:00,1.04686,1.048065,1.046335,1.04653,
2024-12-12T18:00:00-08:00,1.04653,1.04669,1.04564,1.04653,
2024-12-12T22:00:00-08:00,1.04653,1.04941,1.045335,1.048715,
2024-12-13T02:00:00-08:00,1.048715,1.05243,1.04835,1.051035,
2024-12-13T06:00:00-08:00,1.051035,1.05105,1.048225,1.049645,
2024-12-13T10:00:00-08:00,1.049645,1.050475,1.04892,1.05029,
2024-12-15T14:00:00-08:00,1.05029,1.052135,1.048575,1.0519,
2024-12-15T18:00:00-08:00,1.0519,1.0523,1.05098,1.05198,
2024-12-15T22:00:00-08:00,1.05198,1.052485,1.050025,1.050525,
2024-12-16T02:00:00-08:00,1.050525,1.050835,1.048335,1.050745,
2024-12-16T06:00:00-08:00,1.050745,1.052065,1.047475,1.05112,
2024-12-16T10:00:00-08:00,1.05112,1.05226,1.05058,1.05117,
2024-12-16T14:00:00-08:00,1.05117,1.05345,1.050875,1.05215,
2024-12-16T18:00:00-08:00,1.05215,1.0527,1.050275,1.050475,
2024-12-16T22:00:00-08:00,1.050475,1.05093,1.04805,1.048555,
2024-12-17T02:00:00-08:00,1.048555,1.050675,1.047915,1.050495,
2024-12-17T06:00:00-08:00,1.050495,1.051595,1.049455,1.049985,
2024-12-17T10:00:00-08:00,1.049985,1.050435,1.048525,1.049115,
2024-12-17T14:00:00-08:00,1.049115,1.050295,1.04908,1.050225,
2024-12-17T18:00:00-08:00,1.050225,1.05059,1.049605,1.05024,
2024-12-17T22:00:00-08:00,1.05024,1.051285,1.048755,1.04943,
2024-12-18T02:00:00-08:00,1.04943,1.05036,1.048255,1.049205,
2024-12-18T06:00:00-08:00,1.049205,1.050325,1.04672,1.047545,
2024-12-18T10:00:00-08:00,1.047545,1.04926,1.034425,1.03531,
2024-12-18T14:00:00-08:00,1.03531,1.03801,1.034745,1.03781,
2024-12-18T18:00:00-08:00,1.03781,1.039095,1.03725,1.038215,
2024-12-18T22:00:00-08:00,1.038215,1.042245,1.037735,1.04126,
2024-12-19T02:00:00-08:00,1.04126,1.04159,1.03859,1.039905,
2024-12-19T06:00:00-08:00,1.039905,1.040725,1.035475,1.036155,
2024-12-19T10:00:00-08:00,1.036155,1.03774,1.03554,1.03628,
2024-12-19T14:00:00-08:00,1.03628,1.036925,1.035885,1.03635,
2024-12-19T18:00:00-08:00,1.03635,1.03667,1.03566,1.036635,
2024-12-19T22:00:00-08:00,1.036635,1.03985,1.03431,1.03829,
2024-12-20T02:00:00-08:00,1.03829,1.041925,1.03796,1.04076,
2024-12-20T06:00:00-08:00,1.04076,1.0445,1.038605,1.04286,
2024-12-20T10:00:00-08:00,1.04286,1.04476,1.0422,1.04294,
2024-12-22T14:00:00-08:00,1.04294,1.04463,1.042695,1.043595,
2024-12-22T18:00:00-08:00,1.043595,1.04454,1.04359,1.04404,
2024-12-22T22:00:00-08:00,1.04404,1.04423,1.040735,1.04079,
2024-12-23T02:00:00-08:00,1.04079,1.04098,1.03857,1.03996,
2024-12-23T06:00:00-08:00,1.03996,1.041795,1.038425,1.03977,
2024-12-23T10:00:00-08:00,1.03977,1.041435,1.039765,1.04048,
2024-12-23T14:00:00-08:00,1.04048,1.04088,1.039815,1.040285,
2024-12-23T18:00:00-08:00,1.040285,1.04088,1.038875,1.0397,
2024-12-23T22:00:00-08:00,1.0397,1.040555,1.03902,1.03921,
2024-12-24T02:00:00-08:00,1.03921,1.04037,1.038915,1.04026,
2024-12-24T06:00:00-08:00,1.04026,1.04101,1.038365,1.038855,
2024-12-24T10:00:00-08:00,1.038855,1.04039,1.038685,1.04007,
2024-12-25T14:00:00-08:00,1.04007,1.04091,1.0393,1.039725,
2024-12-25T18:00:00-08:00,1.039725,1.04043,1.03967,1.039785,
2024-12-25T22:00:00-08:00,1.039785,1.04005,1.03905,1.03992,
2024-12-26T02:00:00-08:00,1.03992,1.04059,1.039275,1.04027,
2024-12-26T06:00:00-08:00,1.04027,1.04229,1.039515,1.041175,
2024-12-26T10:00:00-08:00,1.041175,1.043015,1.041175,1.04215,
2024-12-26T14:00:00-08:00,1.04215,1.04246,1.041215,1.041315,
2024-12-26T18:00:00-08:00,1.041315,1.04141,1.040675,1.040935,
2024-12-26T22:00:00-08:00,1.040935,1.04259,1.04051,1.041685,
2024-12-27T02:00:00-08:00,1.041685,1.04442,1.04117,1.043855,
2024-12-27T06:00:00-08:00,1.043855,1.043985,1.041445,1.042125,
2024-12-27T10:00:00-08:00,1.042125,1.04306,1.04208,1.0426,
2024-12-29T14:00:00-08:00,1.0426,1.043435,1.04252,1.04254,
2024-12-29T18:00:00-08:00,1.04254,1.04276,1.0421,1.042525,
2024-12-29T22:00:00-08:00,1.042525,1.043955,1.04094,1.043405,
2024-12-30T02:00:00-08:00,1.043405,1.045845,1.03851,1.03881,
2024-12-30T06:00:00-08:00,1.03881,1.040895,1.03717,1.03943,
2024-12-30T10:00:00-08:00,1.03943,1.040725,1.039375,1.040705,
2024-12-30T14:00:00-08:00,1.040705,1.04134,1.039715,1.04122,
2024-12-30T18:00:00-08:00,1.04122,1.041505,1.04026,1.04039,
2024-12-30T22:00:00-08:00,1.04039,1.042455,1.039965,1.041865,
2024-12-31T02:00:00-08:00,1.041865,1.042005,1.03835,1.0393,
2024-12-31T06:00:00-08:00,1.0393,1.03943,1.03441,1.03491,
2024-12-31T10:00:00-08:00,1.03491,1.03648,1.03456,1.035395,
2025-01-01T14:00:00-08:00,1.035395,1.036085,1.03444,1.0358,
2025-01-01T18:00:00-08:00,1.0358,1.03759,1.03578,1.0364,
2025-01-01T22:00:00-08:00,1.0364,1.037245,1.03463,1.03518,
2025-01-02T02:00:00-08:00,1.03518,1.03571,1.031155,1.03135,
2025-01-02T06:00:00-08:00,1.03135,1.03239,1.022405,1.02649,
2025-01-02T10:00:00-08:00,1.02649,1.026855,1.0248,1.02653,
2025-01-02T14:00:00-08:00,1.02653,1.027355,1.026085,1.02676,
2025-01-02T18:00:00-08:00,1.02676,1.02747,1.02647,1.02719,
2025-01-02T22:00:00-08:00,1.02719,1.03001,1.02689,1.02903,
2025-01-03T02:00:00-08:00,1.02903,1.03029,1.027915,1.02933,
2025-01-03T06:00:00-08:00,1.02933,1.03059,1.02731,1.0298,
2025-01-03T10:00:00-08:00,1.0298,1.031005,1.029245,1.03092,
2025-01-05T14:00:00-08:00,1.03092,1.031365,1.02957,1.031235,
2025-01-05T18:00:00-08:00,1.031235,1.031835,1.03086,1.0309,
2025-01-05T22:00:00-08:00,1.0309,1.036895,1.03078,1.035565,
2025-01-06T02:00:00-08:00,1.035565,1.04366,1.032865,1.041685,
2025-01-06T06:00:00-08:00,1.041685,1.04238,1.03524,1.038745,
2025-01-06T10:00:00-08:00,1.038745,1.039235,1.037725,1.03902,
2025-01-06T14:00:00-08:00,1.03902,1.03932,1.03762,1.03813,
2025-01-06T18:00:00-08:00,1.03813,1.040325,1.038015,1.03968,
2025-01-06T22:00:00-08:00,1.03968,1.043435,1.039635,1.0428,
2025-01-07T02:00:00-08:00,1.0428,1.04345,1.038665,1.03966,
2025-01-07T06:00:00-08:00,1.03966,1.03977,1.035415,1.036705,
2025-01-07T10:00:00-08:00,1.036705,1.03696,1.03397,1.034025,
2025-01-07T14:00:00-08:00,1.034025,1.03531,1.03392,1.0353,
2025-01-07T18:00:00-08:00,1.0353,1.0356,1.034635,1.03549,
2025-01-07T22:00:00-08:00,1.03549,1.03576,1.03155,1.031965,
2025-01-08T02:00:00-08:00,1.031965,1.03214,1.027325,1.03033,
2025-01-08T06:00:00-08:00,1.03033,1.031465,1.028915,1.030545,
2025-01-08T10:00:00-08:00,1.030545,1.032435,1.030535,1.03184,
2025-01-08T14:00:00-08:00,1.03184,1.031915,1.030495,1.03144,
2025-01-08T18:00:00-08:00,1.03144,1.032165,1.030555,1.03068,
2025-01-08T22:00:00-08:00,1.03068,1.031755,1.02837,1.03059,
2025-01-09T02:00:00-08:00,1.03059,1.031895,1.029615,1.030805,
2025-01-09T06:00:00-08:00,1.030805,1.03147,1.02911,1.02975,
2025-01-09T10:00:00-08:00,1.02975,1.03037,1.029395,1.02999,
2025-01-09T14:00:00-08:00,1.02999,1.03045,1.02923,1.03019,
2025-01-09T18:00:00-08:00,1.03019,1.03039,1.02848,1.02859,
2025-01-09T22:00:00-08:00,1.02859,1.0312,1.028125,1.03,
2025-01-10T02:00:00-08:00,1.03,1.031185,1.021335,1.025655,
2025-01-10T06:00:00-08:00,1.025655,1.027855,1.022765,1.02446,
2025-01-10T10:00:00-08:00,1.02446,1.024905,1.023485,1.024505,
2025-01-12T14:00:00-08:00,1.024505,1.025005,1.02366,1.02419,
2025-01-12T18:00:00-08:00,1.02419,1.02453,1.020765,1.02196,
2025-01-12T22:00:00-08:00,1.02196,1.023135,1.01775,1.019335,
2025-01-13T02:00:00-08:00,1.019335,1.022095,1.01861,1.02085,
2025-01-13T06:00:00-08:00,1.02085,1.02196,1.019175,1.0218,
2025-01-13T10:00:00-08:00,1.0218,1.024695,1.0207,1.02451,
2025-01-13T14:00:00-08:00,1.02451,1.02776,1.024,1.02492,
2025-01-13T18:00:00-08:00,1.02492,1.02552,1.023855,1.024485,
2025-01-13T22:00:00-08:00,1.024485,1.02749,1.024485,1.02596,
2025-01-14T02:00:00-08:00,1.02596,1.027335,1.023955,1.02532,
2025-01-14T06:00:00-08:00,1.02532,1.03044,1.024365,1.028825,
2025-01-14T10:00:00-08:00,1.028825,1.030865,1.02867,1.03081,
2025-01-14T14:00:00-08:00,1.03081,1.03085,1.0298,1.03002,
2025-01-14T18:00:00-08:00,1.03002,1.03053,1.029265,1.02934,
2025-01-14T22:00:00-08:00,1.02934,1.03171,1.02867,1.03099,
2025-01-15T02:00:00-08:00,1.03099,1.035455,1.029345,1.03443,
2025-01-15T06:00:00-08:00,1.03443,1.034575,1.02589,1.028565,
2025-01-15T10:00:00-08:00,1.028565,1.0299,1.02845,1.0288,
2025-01-15T14:00:00-08:00,1.0288,1.03,1.02846,1.02894,
2025-01-15T18:00:00-08:00,1.02894,1.02938,1.02809,1.02825,
2025-01-15T22:00:00-08:00,1.02825,1.030155,1.028165,1.02862,
2025-01-16T02:00:00-08:00,1.02862,1.02962,1.02608,1.02816,
2025-01-16T06:00:00-08:00,1.02816,1.031515,1.02679,1.02966,
2025-01-16T10:00:00-08:00,1.02966,1.030785,1.02935,1.03023,
2025-01-16T14:00:00-08:00,1.03023,1.03096,1.02981,1.030505,
2025-01-16T18:00:00-08:00,1.030505,1.03094,1.028755,1.02934,
2025-01-16T22:00:00-08:00,1.02934,1.030415,1.02777,1.029665,
2025-01-17T02:00:00-08:00,1.029665,1.031005,1.028555,1.02903,
2025-01-17T06:00:00-08:00,1.02903,1.033055,1.026525,1.02809,
2025-01-17T10:00:00-08:00,1.02809,1.02921,1.02691,1.027125,
2025-01-19T14:00:00-08:00,1.027125,1.029285,1.02664,1.02907,
2025-01-19T18:00:00-08:00,1.02907,1.030725,1.0287,1.03025,
2025-01-19T22:00:00-08:00,1.03025,1.03189,1.02995,1.03063,
2025-01-20T02:00:00-08:00,1.03063,1.040005,1.03063,1.039815,
2025-01-20T06:00:00-08:00,1.039815,1.043015,1.035345,1.03855,
2025-01-20T10:00:00-08:00,1.03855,1.04343,1.038335,1.04166,
2025-01-20T14:00:00-08:00,1.04166,1.043455,1.03529,1.03702,
2025-01-20T18:00:00-08:00,1.03702,1.040085,1.03692,1.03788,
2025-01-20T22:00:00-08:00,1.03788,1.03863,1.0342,1.035365,
2025-01-21T02:00:00-08:00,1.035365,1.03779,1.0343,1.03778,
2025-01-21T06:00:00-08:00,1.03778,1.043005,1.03729,1.04213,
2025-01-21T10:00:00-08:00,1.04213,1.043545,1.04159,1.04269,
2025-01-21T14:00:00-08:00,1.04269,1.04339,1.03925,1.04098,
2025-01-21T18:00:00-08:00,1.04098,1.042155,1.04062,1.04158,
2025-01-21T22:00:00-08:00,1.04158,1.04474,1.039995,1.04466,
2025-01-22T02:00:00-08:00,1.04466,1.04574,1.042225,1.04317,
2025-01-22T06:00:00-08:00,1.04317,1.043215,1.04121,1.04171,
2025-01-22T10:00:00-08:00,1.04171,1.04231,1.0408,1.04087,
2025-01-22T14:00:00-08:00,1.04087,1.0416,1.040195,1.040365,
2025-01-22T18:00:00-08:00,1.040365,1.041285,1.0397,1.04054,
2025-01-22T22:00:00-08:00,1.04054,1.041485,1.03901,1.04117,
2025-01-23T02:00:00-08:00,1.04117,1.042035,1.03942,1.041065,
2025-01-23T06:00:00-08:00,1.041065,1.04381,1.037225,1.043545,
2025-01-23T10:00:00-08:00,1.043545,1.04371,1.041295,1.04154,
2025-01-23T14:00:00-08:00,1.04154,1.04233,1.041165,1.0416,
2025-01-23T18:00:00-08:00,1.0416,1.0454,1.0416,1.04513,
2025-01-23T22:00:00-08:00,1.04513,1.051525,1.044735,1.049445,
2025-01-24T02:00:00-08:00,1.049445,1.04979,1.04637,1.04687,
2025-01-24T06:00:00-08:00,1.04687,1.05216,1.046725,1.051115,
2025-01-24T10:00:00-08:00,1.051115,1.05119,1.04883,1.04938,
2025-01-26T14:00:00-08:00,1.04938,1.04938,1.046125,1.04628,
2025-01-26T18:00:00-08:00,1.04628,1.04775,1.0456,1.0463,
2025-01-26T22:00:00-08:00,1.0463,1.04938,1.045405,1.048885,
2025-01-27T02:00:00-08:00,1.048885,1.053335,1.04888,1.051995,
2025-01-27T06:00:00-08:00,1.051995,1.05245,1.04848,1.048885,
2025-01-27T10:00:00-08:00,1.048885,1.04943,1.047925,1.04922,
2025-01-27T14:00:00-08:00,1.04922,1.049505,1.04283,1.043795,
2025-01-27T18:00:00-08:00,1.043795,1.04417,1.04248,1.04365,
2025-01-27T22:00:00-08:00,1.04365,1.04443,1.04194,1.04352,
2025-01-28T02:00:00-08:00,1.04352,1.043725,1.041395,1.0425,
2025-01-28T06:00:00-08:00,1.0425,1.044115,1.042115,1.0428,
2025-01-28T10:00:00-08:00,1.0428,1.043835,1.04226,1.043085,
2025-01-28T14:00:00-08:00,1.043085,1.04346,1.042665,1.04273,
2025-01-28T18:00:00-08:00,1.04273,1.04427,1.04259,1.04405,
2025-01-28T22:00:00-08:00,1.04405,1.044365,1.0402,1.04039,
2025-01-29T02:00:00-08:00,1.04039,1.04085,1.038235,1.038785,
2025-01-29T06:00:00-08:00,1.038785,1.04286,1.03864,1.042125,
2025-01-29T10:00:00-08:00,1.042125,1.042895,1.03885,1.0421,
2025-01-29T14:00:00-08:00,1.0421,1.0429,1.04171,1.04202,
2025-01-29T18:00:00-08:00,1.04202,1.042765,1.04176,1.0422,
2025-01-29T22:00:00-08:00,1.0422,1.04291,1.04021,1.04076,
2025-01-30T02:00:00-08:00,1.04076,1.045995,1.039035,1.045715,
2025-01-30T06:00:00-08:00,1.045715,1.04677,1.040945,1.04172,
2025-01-30T10:00:00-08:00,1.04172,1.043235,1.038635,1.03904,
2025-01-30T14:00:00-08:00,1.03904,1.040255,1.03773,1.038885,
2025-01-30T18:00:00-08:00,1.038885,1.039505,1.038285,1.03888,
2025-01-30T22:00:00-08:00,1.03888,1.04128,1.03654,1.03837,
2025-01-31T02:00:00-08:00,1.03837,1.039545,1.037205,1.03822,
2025-01-31T06:00:00-08:00,1.03822,1.04342,1.036045,1.042015,
2025-01-31T10:00:00-08:00,1.042015,1.042185,1.035015,1.03612,
2025-02-02T14:00:00-08:00,1.03612,1.03612,1.021085,1.02378,
2025-02-02T18:00:00-08:00,1.02378,1.024335,1.021225,1.02403,
2025-02-02T22:00:00-08:00,1.02403,1.025445,1.021295,1.02308,
2025-02-03T02:00:00-08:00,1.02308,1.028795,1.023,1.02639,
2025-02-03T06:00:00-08:00,1.02639,1.033545,1.02427,1.027995,
2025-02-03T10:00:00-08:00,1.027995,1.035005,1.02703,1.034425,
2025-02-03T14:00:00-08:00,1.034425,1.035135,1.030875,1.032205,
2025-02-03T18:00:00-08:00,1.032205,1.032415,1.027225,1.02933,
2025-02-03T22:00:00-08:00,1.02933,1.03496,1.02923,1.033885,
2025-02-04T02:00:00-08:00,1.033885,1.03435,1.03202,1.03406,
2025-02-04T06:00:00-08:00,1.03406,1.038745,1.03402,1.037675,
2025-02-04T10:00:00-08:00,1.037675,1.03878,1.037445,1.037885,
2025-02-04T14:00:00-08:00,1.037885,1.03867,1.03698,1.037345,
2025-02-04T18:00:00-08:00,1.037345,1.038625,1.037315,1.03778,
2025-02-04T22:00:00-08:00,1.03778,1.04177,1.037425,1.040405,
2025-02-05T02:00:00-08:00,1.040405,1.043055,1.040155,1.04078,
2025-02-05T06:00:00-08:00,1.04078,1.044275,1.040625,1.04199,
2025-02-05T10:00:00-08:00,1.04199,1.042175,1.03969,1.04025,
2025-02-05T14:00:00-08:00,1.04025,1.040585,1.039515,1.040265,
2025-02-05T18:00:00-08:00,1.040265,1.04056,1.03853,1.03865,
2025-02-05T22:00:00-08:00,1.03865,1.03927,1.035625,1.03595,
2025-02-06T02:00:00-08:00,1.03595,1.03678,1.03526,1.03603,
2025-02-06T06:00:00-08:00,1.03603,1.038055,1.035985,1.037925,
2025-02-06T10:00:00-08:00,1.037925,1.03965,1.037385,1.038305,
2025-02-06T14:00:00-08:00,1.038305,1.03911,1.03744,1.03839,
2025-02-06T18:00:00-08:00,1.03839,1.03863,1.03739,1.03753,
2025-02-06T22:00:00-08:00,1.03753,1.040005,1.037265,1.039105,
2025-02-07T02:00:00-08:00,1.039105,1.041195,1.03495,1.03637,
2025-02-07T06:00:00-08:00,1.03637,1.03889,1.030525,1.03218,
2025-02-07T10:00:00-08:00,1.03218,1.03385,1.0321,1.03273,
2025-02-09T14:00:00-08:00,1.03273,1.03273,1.028585,1.03031,
2025-02-09T18:00:00-08:00,1.03031,1.03217,1.029865,1.03163,
2025-02-09T22:00:00-08:00,1.03163,1.03349,1.030675,1.032705,
2025-02-10T02:00:00-08:00,1.032705,1.033655,1.030855,1.032155,
2025-02-10T06:00:00-08:00,1.032155,1.03236,1.03043,1.03125,
2025-02-10T10:00:00-08:00,1.03125,1.03162,1.030505,1.030705,
2025-02-10T14:00:00-08:00,1.030705,1.03097,1.02984,1.03021,
2025-02-10T18:00:00-08:00,1.03021,1.030605,1.02921,1.030485,
2025-02-10T22:00:00-08:00,1.030485,1.0322,1.03,1.031795,
2025-02-11T02:00:00-08:00,1.031795,1.032875,1.03145,1.03225,
2025-02-11T06:00:00-08:00,1.03225,1.035145,1.03219,1.03456,
2025-02-11T10:00:00-08:00,1.03456,1.038165,1.03421,1.03615,
2025-02-11T14:00:00-08:00,1.03615,1.036765,1.035415,1.03606,
2025-02-11T18:00:00-08:00,1.03606,1.03678,1.03549,1.03585,
2025-02-11T22:00:00-08:00,1.03585,1.038015,1.035705,1.03736,
2025-02-12T02:00:00-08:00,1.03736,1.03857,1.031725,1.033315,
2025-02-12T06:00:00-08:00,1.033315,1.042745,1.03254,1.04264,
2025-02-12T10:00:00-08:00,1.04264,1.04298,1.038085,1.03827,
2025-02-12T14:00:00-08:00,1.03827,1.040195,1.03826,1.03999,
2025-02-12T18:00:00-08:00,1.03999,1.04385,1.03967,1.04351,
2025-02-12T22:00:00-08:00,1.04351,1.044015,1.04104,1.042315,
2025-02-13T02:00:00-08:00,1.042315,1.042915,1.03759,1.03926,
2025-02-13T06:00:00-08:00,1.03926,1.044535,1.038225,1.04256,
2025-02-13T10:00:00-08:00,1.04256,1.04669,1.037295,1.046375,
2025-02-13T14:00:00-08:00,1.046375,1.046925,1.04562,1.045935,
2025-02-13T18:00:00-08:00,1.045935,1.0464,1.04472,1.04528,
2025-02-13T22:00:00-08:00,1.04528,1.04879,1.045185,1.04814,
2025-02-14T02:00:00-08:00,1.04814,1.049795,1.045715,1.048835,
2025-02-14T06:00:00-08:00,1.048835,1.051415,1.048735,1.05074,
2025-02-14T10:00:00-08:00,1.05074,1.050815,1.04887,1.04921,
2025-02-16T14:00:00-08:00,1.04921,1.05066,1.04849,1.050545,
2025-02-16T18:00:00-08:00,1.050545,1.050545,1.04847,1.048995,
2025-02-16T22:00:00-08:00,1.048995,1.04955,1.04711,1.04742,
2025-02-17T02:00:00-08:00,1.04742,1.04894,1.04671,1.047435,
2025-02-17T06:00:00-08:00,1.047435,1.04848,1.04713,1.04826,
2025-02-17T10:00:00-08:00,1.04826,1.04854,1.047935,1.0484,
2025-02-17T14:00:00-08:00,1.0484,1.048645,1.04627,1.046625,
2025-02-17T18:00:00-08:00,1.046625,1.047255,1.04523,1.045525,
2025-02-17T22:00:00-08:00,1.045525,1.046935,1.045475,1.046405,
2025-02-18T02:00:00-08:00,1.046405,1.04673,1.044195,1.044465,
2025-02-18T06:00:00-08:00,1.044465,1.046955,1.043915,1.0446,
2025-02-18T10:00:00-08:00,1.0446,1.04498,1.04352,1.04463,
2025-02-18T14:00:00-08:00,1.04463,1.045235,1.044115,1.044665,
2025-02-18T18:00:00-08:00,1.044665,1.04565,1.044475,1.045635,
2025-02-18T22:00:00-08:00,1.045635,1.04615,1.04284,1.042915,
2025-02-19T02:00:00-08:00,1.042915,1.04354,1.04189,1.043405,
2025-02-19T06:00:00-08:00,1.043405,1.044155,1.04009,1.04097,
2025-02-19T10:00:00-08:00,1.04097,1.043265,1.04086,1.0423,
2025-02-19T14:00:00-08:00,1.0423,1.043275,1.041865,1.042135,
2025-02-19T18:00:00-08:00,1.042135,1.04377,1.042025,1.04277,
2025-02-19T22:00:00-08:00,1.04277,1.0442,1.042365,1.04371,
2025-02-20T02:00:00-08:00,1.04371,1.04549,1.043075,1.044825,
2025-02-20T06:00:00-08:00,1.044825,1.049475,1.0442,1.04894,
2025-02-20T10:00:00-08:00,1.04894,1.05036,1.048545,1.05012,
2025-02-20T14:00:00-08:00,1.05012,1.05057,1.04846,1.048695,
2025-02-20T18:00:00-08:00,1.048695,1.0505,1.04865,1.049295,
2025-02-20T22:00:00-08:00,1.049295,1.04998,1.046665,1.04694,
2025-02-21T02:00:00-08:00,1.04694,1.04779,1.045945,1.04754,
2025-02-21T06:00:00-08:00,1.04754,1.049265,1.044935,1.046315,
2025-02-21T10:00:00-08:00,1.046315,1.046805,1.0451,1.04609,
2025-02-23T14:00:00-08:00,1.04609,1.05207,1.04609,1.051815,
2025-02-23T18:00:00-08:00,1.051815,1.05284,1.051025,1.051645,
2025-02-23T22:00:00-08:00,1.051645,1.051645,1.0469,1.047215,
2025-02-24T02:00:00-08:00,1.047215,1.048135,1.046025,1.046695,
2025-02-24T06:00:00-08:00,1.046695,1.04839,1.04529,1.04725,
2025-02-24T10:00:00-08:00,1.04725,1.04859,1.0462,1.046765,
2025-02-24T14:00:00-08:00,1.046765,1.047045,1.045985,1.04653,
2025-02-24T18:00:00-08:00,1.04653,1.04783,1.04652,1.04769,
2025-02-24T22:00:00-08:00,1.04769,1.048025,1.04563,1.04732,
2025-02-25T02:00:00-08:00,1.04732,1.050965,1.046525,1.05003,
2025-02-25T06:00:00-08:00,1.05003,1.05194,1.048395,1.050235,
2025-02-25T10:00:00-08:00,1.050235,1.05192,1.050225,1.05131,
2025-02-25T14:00:00-08:00,1.05131,1.05251,1.051255,1.05154,
2025-02-25T18:00:00-08:00,1.05154,1.0517,1.04905,1.04916,
2025-02-25T22:00:00-08:00,1.04916,1.051175,1.04872,1.04971,
2025-02-26T02:00:00-08:00,1.04971,1.05022,1.0475,1.04843,
2025-02-26T06:00:00-08:00,1.04843,1.05288,1.04793,1.04924,
2025-02-26T10:00:00-08:00,1.04924,1.05006,1.04786,1.04849,
2025-02-26T14:00:00-08:00,1.04849,1.04927,1.047305,1.04785,
2025-02-26T18:00:00-08:00,1.04785,1.04806,1.045915,1.046505,
2025-02-26T22:00:00-08:00,1.046505,1.04853,1.046405,1.04843,
2025-02-27T02:00:00-08:00,1.04843,1.048965,1.04193,1.04233,
2025-02-27T06:00:00-08:00,1.04233,1.044165,1.040045,1.04073,
2025-02-27T10:00:00-08:00,1.04073,1.04178,1.039695,1.039835,
2025-02-27T14:00:00-08:00,1.039835,1.040435,1.038455,1.03849,
2025-02-27T18:00:00-08:00,1.03849,1.03918,1.038065,1.0389,
2025-02-27T22:00:00-08:00,1.0389,1.040805,1.038275,1.039545,
2025-02-28T02:00:00-08:00,1.039545,1.041635,1.03925,1.040695,
2025-02-28T06:00:00-08:00,1.040695,1.042,1.039005,1.03965,
2025-02-28T10:00:00-08:00,1.03965,1.039825,1.036,1.03766,
2025-03-02T14:00:00-08:00,1.03766,1.04232,1.03766,1.041965,
2025-03-02T18:00:00-08:00,1.041965,1.042335,1.04102,1.04145,
2025-03-02T22:00:00-08:00,1.04145,1.0429,1.038865,1.04275,
2025-03-03T02:00:00-08:00,1.04275,1.047645,1.042735,1.047205,
2025-03-03T06:00:00-08:00,1.047205,1.050375,1.04688,1.04906,
2025-03-03T10:00:00-08:00,1.04906,1.050365,1.04668,1.04872,
2025-03-03T14:00:00-08:00,1.04872,1.049605,1.04767,1.048845,
2025-03-03T18:00:00-08:00,1.048845,1.049015,1.04713,1.048345,
2025-03-03T22:00:00-08:00,1.048345,1.05273,1.04791,1.05121,
2025-03-04T02:00:00-08:00,1.05121,1.055965,1.050255,1.05391,
2025-03-04T06:00:00-08:00,1.05391,1.05487,1.04965,1.054175,
2025-03-04T10:00:00-08:00,1.054175,1.062745,1.05378,1.06263,
2025-03-04T14:00:00-08:00,1.06263,1.06372,1.06088,1.061295,
2025-03-04T18:00:00-08:00,1.061295,1.06326,1.060215,1.063155,
2025-03-04T22:00:00-08:00,1.063155,1.072225,1.06245,1.07118,
2025-03-05T02:00:00-08:00,1.07118,1.072275,1.067645,1.071585,
2025-03-05T06:00:00-08:00,1.071585,1.078795,1.071405,1.078525,
2025-03-05T10:00:00-08:00,1.078525,1.079675,1.076395,1.078895,
2025-03-05T14:00:00-08:00,1.078895,1.08202,1.07863,1.08154,
2025-03-05T18:00:00-08:00,1.08154,1.081935,1.078425,1.08104,
2025-03-05T22:00:00-08:00,1.08104,1.082215,1.07806,1.079995,
2025-03-06T02:00:00-08:00,1.079995,1.084495,1.07828,1.082605,
2025-03-06T06:00:00-08:00,1.082605,1.08538,1.079165,1.079725,
2025-03-06T10:00:00-08:00,1.079725,1.081165,1.076575,1.07848,
2025-03-06T14:00:00-08:00,1.07848,1.07965,1.07814,1.07901,
2025-03-06T18:00:00-08:00,1.07901,1.08177,1.078475,1.081345,
2025-03-06T22:00:00-08:00,1.081345,1.087135,1.08082,1.086155,
2025-03-07T02:00:00-08:00,1.086155,1.08887,1.08412,1.084495,
2025-03-07T06:00:00-08:00,1.084495,1.088675,1.083205,1.08433,
2025-03-07T10:00:00-08:00,1.08433,1.08514,1.082575,1.08332,
2025-03-09T14:00:00-07:00,1.08332,1.086715,1.08314,1.08643,
2025-03-09T18:00:00-07:00,1.08643,1.08713,1.083025,1.08309,
2025-03-09T22:00:00-07:00,1.08309,1.084495,1.080515,1.081,
2025-03-10T02:00:00-07:00,1.081,1.08747,1.08088,1.0844,
2025-03-10T06:00:00-07:00,1.0844,1.085095,1.08209,1.083035,
2025-03-10T10:00:00-07:00,1.083035,1.084575,1.081775,1.08344,
2025-03-10T14:00:00-07:00,1.08344,1.08535,1.08312,1.085155,
2025-03-10T18:00:00-07:00,1.085155,1.086155,1.08438,1.08545,
2025-03-10T22:00:00-07:00,1.08545,1.091935,1.083575,1.091715,
2025-03-11T02:00:00-07:00,1.091715,1.092095,1.088125,1.091815,
2025-03-11T06:00:00-07:00,1.091815,1.093075,1.08952,1.09253,
2025-03-11T10:00:00-07:00,1.09253,1.09473,1.091015,1.0919,
2025-03-11T14:00:00-07:00,1.0919,1.09222,1.09057,1.09089,
2025-03-11T18:00:00-07:00,1.09089,1.091545,1.089595,1.0899,
2025-03-11T22:00:00-07:00,1.0899,1.092165,1.08876,1.092145,
2025-03-12T02:00:00-07:00,1.092145,1.09312,1.087625,1.087815,
2025-03-12T06:00:00-07:00,1.087815,1.09279,1.08758,1.09058,
2025-03-12T10:00:00-07:00,1.09058,1.091435,1.087985,1.08877,
2025-03-12T14:00:00-07:00,1.08877,1.08919,1.08828,1.08916,
2025-03-12T18:00:00-07:00,1.08916,1.089715,1.08818,1.08935,
2025-03-12T22:00:00-07:00,1.08935,1.08936,1.085935,1.08735,
2025-03-13T02:00:00-07:00,1.08735,1.088545,1.08263,1.083475,
2025-03-13T06:00:00-07:00,1.083475,1.087835,1.082255,1.087275,
2025-03-13T10:00:00-07:00,1.087275,1.08737,1.084655,1.08525,
2025-03-13T14:00:00-07:00,1.08525,1.08586,1.084805,1.08492,
2025-03-13T18:00:00-07:00,1.08492,1.08495,1.083435,1.08411,
2025-03-13T22:00:00-07:00,1.08411,1.08568,1.083075,1.085395,
2025-03-14T02:00:00-07:00,1.085395,1.091285,1.084705,1.08947,
2025-03-14T06:00:00-07:00,1.08947,1.089815,1.086555,1.088315,
2025-03-14T10:00:00-07:00,1.088315,1.08882,1.08734,1.087815,
2025-03-16T14:00:00-07:00,1.087815,1.088545,1.087485,1.087955,
2025-03-16T18:00:00-07:00,1.087955,1.089385,1.08744,1.08822,
2025-03-16T22:00:00-07:00,1.08822,1.088695,1.086865,1.08838,
2025-03-17T02:00:00-07:00,1.08838,1.09119,1.08771,1.090185,
2025-03-17T06:00:00-07:00,1.090185,1.092975,1.089715,1.09213,
2025-03-17T10:00:00-07:00,1.09213,1.092785,1.091165,1.09224,
2025-03-17T14:00:00-07:00,1.09224,1.09234,1.091515,1.091605,
2025-03-17T18:00:00-07:00,1.091605,1.091925,1.090645,1.09111,
2025-03-17T22:00:00-07:00,1.09111,1.095475,1.09036,1.09516,
2025-03-18T02:00:00-07:00,1.09516,1.095325,1.089265,1.09116,
2025-03-18T06:00:00-07:00,1.09116,1.094,1.089675,1.093875,
2025-03-18T10:00:00-07:00,1.093875,1.09518,1.093865,1.09449,
2025-03-18T14:00:00-07:00,1.09449,1.094675,1.093195,1.09347,
2025-03-18T18:00:00-07:00,1.09347,1.094515,1.092825,1.09301,
2025-03-18T22:00:00-07:00,1.09301,1.093635,1.08732,1.090725,
2025-03-19T02:00:00-07:00,1.090725,1.091765,1.089145,1.090115,
2025-03-19T06:00:00-07:00,1.090115,1.09039,1.087545,1.08852,
2025-03-19T10:00:00-07:00,1.08852,1.09134,1.08606,1.09031,
2025-03-19T14:00:00-07:00,1.09031,1.09166,1.090295,1.091235,
2025-03-19T18:00:00-07:00,1.091235,1.09174,1.09003,1.09034,
2025-03-19T22:00:00-07:00,1.09034,1.09035,1.08632,1.086555,
2025-03-20T02:00:00-07:00,1.086555,1.086855,1.083105,1.08339,
2025-03-20T06:00:00-07:00,1.08339,1.08524,1.081475,1.08488,
2025-03-20T10:00:00-07:00,1.08488,1.085925,1.083915,1.08516,
2025-03-20T14:00:00-07:00,1.08516,1.08589,1.08499,1.08532,
2025-03-20T18:00:00-07:00,1.08532,1.08557,1.082765,1.08305,
2025-03-20T22:00:00-07:00,1.08305,1.08456,1.08201,1.0836,
2025-03-21T02:00:00-07:00,1.0836,1.08612,1.082475,1.083215,
2025-03-21T06:00:00-07:00,1.083215,1.083605,1.07969,1.081825,
2025-03-21T10:00:00-07:00,1.081825,1.08271,1.080525,1.08152,
2025-03-23T14:00:00-07:00,1.08152,1.08401,1.08128,1.083725,
2025-03-23T18:00:00-07:00,1.083725,1.08376,1.081715,1.082295,
2025-03-23T22:00:00-07:00,1.082295,1.085825,1.08184,1.08431,
2025-03-24T02:00:00-07:00,1.08431,1.08549,1.08216,1.08298,
2025-03-24T06:00:00-07:00,1.08298,1.083075,1.07816,1.079205,
2025-03-24T10:00:00-07:00,1.079205,1.08133,1.07842,1.080085,
2025-03-24T14:00:00-07:00,1.080085,1.08038,1.07951,1.080035,
2025-03-24T18:00:00-07:00,1.080035,1.08089,1.079435,1.08036,
2025-03-24T22:00:00-07:00,1.08036,1.080725,1.077705,1.079055,
2025-03-25T02:00:00-07:00,1.079055,1.083025,1.078765,1.08253,
2025-03-25T06:00:00-07:00,1.08253,1.08277,1.079725,1.080665,
2025-03-25T10:00:00-07:00,1.080665,1.081705,1.078995,1.07913,
2025-03-25T14:00:00-07:00,1.07913,1.07941,1.078365,1.07845,
2025-03-25T18:00:00-07:00,1.07845,1.07972,1.077815,1.07842,
2025-03-25T22:00:00-07:00,1.07842,1.07999,1.07779,1.07994,
2025-03-26T02:00:00-07:00,1.07994,1.080275,1.078185,1.07844,
2025-03-26T06:00:00-07:00,1.07844,1.079545,1.076765,1.078765,
2025-03-26T10:00:00-07:00,1.078765,1.07894,1.07439,1.07537,
2025-03-26T14:00:00-07:00,1.07537,1.07576,1.073315,1.075565,
2025-03-26T18:00:00-07:00,1.075565,1.0787,1.075525,1.07805,
2025-03-26T22:00:00-07:00,1.07805,1.07826,1.07542,1.0776,
2025-03-27T02:00:00-07:00,1.0776,1.07997,1.07613,1.07871,
2025-03-27T06:00:00-07:00,1.07871,1.08213,1.07765,1.07991,
2025-03-27T10:00:00-07:00,1.07991,1.08089,1.078825,1.0801,
2025-03-27T14:00:00-07:00,1.0801,1.080145,1.078835,1.07951,
2025-03-27T18:00:00-07:00,1.07951,1.079895,1.07845,1.07885,
2025-03-27T22:00:00-07:00,1.07885,1.07999,1.077535,1.07784,
2025-03-28T02:00:00-07:00,1.07784,1.079205,1.076465,1.078905,
2025-03-28T06:00:00-07:00,1.078905,1.08448,1.078495,1.082175,
2025-03-28T10:00:00-07:00,1.082175,1.083635,1.08121,1.08274,
2025-03-30T14:00:00-07:00,1.08274,1.084155,1.080535,1.084155,
2025-03-30T18:00:00-07:00,1.084155,1.084585,1.082915,1.083435,
2025-03-30T22:00:00-07:00,1.083435,1.084945,1.08117,1.082755,
2025-03-31T02:00:00-07:00,1.082755,1.08306,1.08011,1.080375,
2025-03-31T06:00:00-07:00,1.080375,1.08215,1.07841,1.08118,
2025-03-31T10:00:00-07:00,1.08118,1.08199,1.080725,1.0816,
2025-03-31T14:00:00-07:00,1.0816,1.082665,1.08141,1.08254,
2025-03-31T18:00:00-07:00,1.08254,1.08302,1.081705,1.08251,
2025-03-31T22:00:00-07:00,1.08251,1.08256,1.079895,1.08178,
2025-04-01T02:00:00-07:00,1.08178,1.082935,1.077835,1.07873,
2025-04-01T06:00:00-07:00,1.07873,1.081255,1.07793,1.07998,
2025-04-01T10:00:00-07:00,1.07998,1.080475,1.07853,1.07927,
2025-04-01T14:00:00-07:00,1.07927,1.08082,1.07891,1.07906,
2025-04-01T18:00:00-07:00,1.07906,1.0802,1.078715,1.07928,
2025-04-01T22:00:00-07:00,1.07928,1.08019,1.078025,1.07975,
2025-04-02T02:00:00-07:00,1.07975,1.081955,1.0786,1.081925,
2025-04-02T06:00:00-07:00,1.081925,1.08731,1.081485,1.08523,
2025-04-02T10:00:00-07:00,1.08523,1.092445,1.081075,1.085595,
2025-04-02T14:00:00-07:00,1.085595,1.091095,1.0805,1.089085,
2025-04-02T18:00:00-07:00,1.089085,1.092465,1.08868,1.09069,
2025-04-02T22:00:00-07:00,1.09069,1.10208,1.090665,1.10093,
2025-04-03T02:00:00-07:00,1.10093,1.11466,1.100365,1.108185,
2025-04-03T06:00:00-07:00,1.108185,1.113525,1.1033,1.103895,
2025-04-03T10:00:00-07:00,1.103895,1.10531,1.10159,1.10519,
2025-04-03T14:00:00-07:00,1.10519,1.10716,1.103685,1.10607,
2025-04-03T18:00:00-07:00,1.10607,1.109875,1.10573,1.10875,
2025-04-03T22:00:00-07:00,1.10875,1.110785,1.09755,1.09963,
2025-04-04T02:00:00-07:00,1.09963,1.108985,1.09646,1.10198,
2025-04-04T06:00:00-07:00,1.10198,1.10481,1.09602,1.09714,
2025-04-04T10:00:00-07:00,1.09714,1.09769,1.09247,1.09593,
2025-04-06T14:00:00-07:00,1.09593,1.100155,1.088145,1.09671,
2025-04-06T18:00:00-07:00,1.09671,1.098765,1.092,1.098495,
2025-04-06T22:00:00-07:00,1.098495,1.105035,1.0968,1.09922,
2025-04-07T02:00:00-07:00,1.09922,1.099655,1.093515,1.09738,
2025-04-07T06:00:00-07:00,1.09738,1.098285,1.09009,1.09322,
2025-04-07T10:00:00-07:00,1.09322,1.095235,1.09019,1.090575,
2025-04-07T14:00:00-07:00,1.090575,1.095065,1.09052,1.094005,
2025-04-07T18:00:00-07:00,1.094005,1.09804,1.093825,1.09761,
2025-04-07T22:00:00-07:00,1.09761,1.0992,1.09215,1.09367,
2025-04-08T02:00:00-07:00,1.09367,1.096865,1.091125,1.094845,
2025-04-08T06:00:00-07:00,1.094845,1.095575,1.088825,1.092985,
2025-04-08T10:00:00-07:00,1.092985,1.097805,1.09262,1.095725,
2025-04-08T14:00:00-07:00,1.095725,1.101665,1.095185,1.101485,
2025-04-08T18:00:00-07:00,1.101485,1.1069,1.100965,1.10684,
2025-04-08T22:00:00-07:00,1.10684,1.108975,1.099805,1.102765,
2025-04-09T02:00:00-07:00,1.102765,1.109515,1.10094,1.10756,
2025-04-09T06:00:00-07:00,1.10756,1.108195,1.10137,1.102025,
2025-04-09T10:00:00-07:00,1.102025,1.10634,1.09135,1.09487,
2025-04-09T14:00:00-07:00,1.09487,1.09868,1.09431,1.098645,
2025-04-09T18:00:00-07:00,1.098645,1.098935,1.09614,1.098285,
2025-04-09T22:00:00-07:00,1.098285,1.1048,1.09628,1.103765,
2025-04-10T02:00:00-07:00,1.103765,1.113165,1.10336,1.10973,
2025-04-10T06:00:00-07:00,1.10973,1.122895,1.109105,1.11969,
2025-04-10T10:00:00-07:00,1.11969,1.124155,1.115885,1.12004,
2025-04-10T14:00:00-07:00,1.12004,1.138525,1.11913,1.13101,
2025-04-10T18:00:00-07:00,1.13101,1.135455,1.127575,1.132265,
2025-04-10T22:00:00-07:00,1.132265,1.14738,1.124635,1.14274,
2025-04-11T02:00:00-07:00,1.14274,1.14274,1.13203,1.13955,
2025-04-11T06:00:00-07:00,1.13955,1.14123,1.12769,1.130605,
2025-04-11T10:00:00-07:00,1.130605,1.13627,1.12823,1.13587,
2025-04-13T14:00:00-07:00,1.13587,1.137075,1.131645,1.13655,
2025-04-13T18:00:00-07:00,1.13655,1.14089,1.135815,1.13676,
2025-04-13T22:00:00-07:00,1.13676,1.14247,1.1353,1.13877,
2025-04-14T02:00:00-07:00,1.13877,1.140775,1.133455,1.133895,
2025-04-14T06:00:00-07:00,1.133895,1.13819,1.1296,1.133075,
2025-04-14T10:00:00-07:00,1.133075,1.136985,1.132855,1.135045,
2025-04-14T14:00:00-07:00,1.135045,1.13615,1.131735,1.13288,
2025-04-14T18:00:00-07:00,1.13288,1.136335,1.131595,1.135705,
2025-04-14T22:00:00-07:00,1.135705,1.137895,1.13208,1.13469,
2025-04-15T02:00:00-07:00,1.13469,1.135615,1.130895,1.131285,
2025-04-15T06:00:00-07:00,1.131285,1.13296,1.12642,1.127445,
2025-04-15T10:00:00-07:00,1.127445,1.12899,1.126635,1.128155,
2025-04-15T14:00:00-07:00,1.128155,1.132185,1.12813,1.131705,
2025-04-15T18:00:00-07:00,1.131705,1.1348,1.131655,1.13464,
2025-04-15T22:00:00-07:00,1.13464,1.139235,1.13383,1.13696,
2025-04-16T02:00:00-07:00,1.13696,1.13778,1.134065,1.13517,
2025-04-16T06:00:00-07:00,1.13517,1.138705,1.134985,1.1375,
2025-04-16T10:00:00-07:00,1.1375,1.141285,1.13596,1.139955,
2025-04-16T14:00:00-07:00,1.139955,1.14094,1.1365,1.136805,
2025-04-16T18:00:00-07:00,1.136805,1.138195,1.13555,1.136235,
2025-04-16T22:00:00-07:00,1.136235,1.138865,1.134345,1.13787,
2025-04-17T02:00:00-07:00,1.13787,1.13809,1.13354,1.135655,
2025-04-17T06:00:00-07:00,1.135655,1.13859,1.13387,1.13507,
2025-04-17T10:00:00-07:00,1.13507,1.137675,1.134115,1.13644,
2025-04-17T14:00:00-07:00,1.13644,1.138625,1.136195,1.137495,
2025-04-17T18:00:00-07:00,1.137495,1.137865,1.136845,1.13697,
2025-04-17T22:00:00-07:00,1.13697,1.13766,1.13595,1.137135,
2025-04-18T02:00:00-07:00,1.137135,1.13867,1.136785,1.13827,
2025-04-18T06:00:00-07:00,1.13827,1.139785,1.137745,1.13943,
2025-04-18T10:00:00-07:00,1.13943,1.139695,1.139065,1.13941,
2025-04-20T14:00:00-07:00,1.13941,1.148615,1.13941,1.14664,
2025-04-20T18:00:00-07:00,1.14664,1.153285,1.1465,1.151745,
2025-04-20T22:00:00-07:00,1.151745,1.15677,1.15049,1.15584,
2025-04-21T02:00:00-07:00,1.15584,1.15732,1.15133,1.154265,
2025-04-21T06:00:00-07:00,1.154265,1.15429,1.14817,1.150975,
2025-04-21T10:00:00-07:00,1.150975,1.1527,1.149365,1.15143,
2025-04-21T14:00:00-07:00,1.15143,1.15255,1.148215,1.14905,
2025-04-21T18:00:00-07:00,1.14905,1.154085,1.14858,1.15304,
2025-04-21T22:00:00-07:00,1.15304,1.15474,1.14833,1.14999,
2025-04-22T02:00:00-07:00,1.14999,1.15079,1.146155,1.14701,
2025-04-22T06:00:00-07:00,1.14701,1.149225,1.143325,1.143405,
2025-04-22T10:00:00-07:00,1.143405,1.145415,1.141765,1.14221,
2025-04-22T14:00:00-07:00,1.14221,1.142945,1.130805,1.13977,
2025-04-22T18:00:00-07:00,1.13977,1.141535,1.1371,1.13902,
2025-04-22T22:00:00-07:00,1.13902,1.141525,1.13711,1.141305,
2025-04-23T02:00:00-07:00,1.141305,1.143995,1.13863,1.140555,
2025-04-23T06:00:00-07:00,1.140555,1.14123,1.132825,1.13399,
2025-04-23T10:00:00-07:00,1.13399,1.134415,1.13106,1.13146,
2025-04-23T14:00:00-07:00,1.13146,1.134735,1.13146,1.134385,
2025-04-23T18:00:00-07:00,1.134385,1.135765,1.133235,1.133925,
2025-04-23T22:00:00-07:00,1.133925,1.1393,1.13307,1.138055,
2025-04-24T02:00:00-07:00,1.138055,1.139475,1.13579,1.13765,
2025-04-24T06:00:00-07:00,1.13765,1.13876,1.134785,1.138025,
2025-04-24T10:00:00-07:00,1.138025,1.13979,1.136395,1.13892,
2025-04-24T14:00:00-07:00,1.13892,1.13941,1.134685,1.13473,
2025-04-24T18:00:00-07:00,1.13473,1.135935,1.13157,1.13351,
2025-04-24T22:00:00-07:00,1.13351,1.13684,1.132175,1.135065,
2025-04-25T02:00:00-07:00,1.135065,1.136685,1.133435,1.135235,
2025-04-25T06:00:00-07:00,1.135235,1.13889,1.13331,1.13686,
2025-04-25T10:00:00-07:00,1.13686,1.13828,1.13573,1.13646,
2025-04-27T14:00:00-07:00,1.13646,1.13665,1.134005,1.136395,
2025-04-27T18:00:00-07:00,1.136395,1.137265,1.13433,1.13723,
2025-04-27T22:00:00-07:00,1.13723,1.138085,1.13296,1.134385,
2025-04-28T02:00:00-07:00,1.134385,1.13729,1.13412,1.13512,
2025-04-28T06:00:00-07:00,1.13512,1.142235,1.133955,1.14117,
2025-04-28T10:00:00-07:00,1.14117,1.142515,1.140035,1.14219,
2025-04-28T14:00:00-07:00,1.14219,1.14227,1.13994,1.13999,
2025-04-28T18:00:00-07:00,1.13999,1.141995,1.137405,1.137815,
2025-04-28T22:00:00-07:00,1.137815,1.14122,1.13761,1.13853,
2025-04-29T02:00:00-07:00,1.13853,1.14146,1.13702,1.14106,
2025-04-29T06:00:00-07:00,1.14106,1.14189,1.137905,1.14033,
2025-04-29T10:00:00-07:00,1.14033,1.140475,1.137605,1.13859,
2025-04-29T14:00:00-07:00,1.13859,1.139595,1.137695,1.13826,
2025-04-29T18:00:00-07:00,1.13826,1.13866,1.13552,1.137335,
2025-04-29T22:00:00-07:00,1.137335,1.139955,1.136235,1.137155,
2025-04-30T02:00:00-07:00,1.137155,1.138875,1.13561,1.13737,
2025-04-30T06:00:00-07:00,1.13737,1.137935,1.132345,1.13556,
2025-04-30T10:00:00-07:00,1.13556,1.13648,1.13172,1.132865,
2025-04-30T14:00:00-07:00,1.132865,1.133195,1.131885,1.13219,
2025-04-30T18:00:00-07:00,1.13219,1.13223,1.12997,1.13028,
2025-04-30T22:00:00-07:00,1.13028,1.13311,1.12878,1.131985,
2025-05-01T02:00:00-07:00,1.131985,1.134125,1.130825,1.131525,
2025-05-01T06:00:00-07:00,1.131525,1.13277,1.126595,1.129075,
2025-05-01T10:00:00-07:00,1.129075,1.129425,1.127515,1.12904,
2025-05-01T14:00:00-07:00,1.12904,1.129945,1.127445,1.12823,
2025-05-01T18:00:00-07:00,1.12823,1.131555,1.12787,1.13043,
2025-05-01T22:00:00-07:00,1.13043,1.133785,1.130255,1.13324,
2025-05-02T02:00:00-07:00,1.13324,1.135525,1.13045,1.131895,
2025-05-02T06:00:00-07:00,1.131895,1.138105,1.13149,1.132,
2025-05-02T10:00:00-07:00,1.132,1.13203,1.12925,1.12983,
2025-05-04T14:00:00-07:00,1.12983,1.13278,1.12948,1.13226,
2025-05-04T18:00:00-07:00,1.13226,1.13468,1.13226,1.133745,
2025-05-04T22:00:00-07:00,1.133745,1.134745,1.131145,1.132655,
2025-05-05T02:00:00-07:00,1.132655,1.136345,1.132655,1.135995,
2025-05-05T06:00:00-07:00,1.135995,1.1365,1.129935,1.130225,
2025-05-05T10:00:00-07:00,1.130225,1.132115,1.129725,1.13148,
2025-05-05T14:00:00-07:00,1.13148,1.131995,1.128105,1.128625,
2025-05-05T18:00:00-07:00,1.128625,1.13274,1.12799,1.132445,
2025-05-05T22:00:00-07:00,1.132445,1.134955,1.13136,1.13273,
2025-05-06T02:00:00-07:00,1.13273,1.134395,1.13054,1.134045,
2025-05-06T06:00:00-07:00,1.134045,1.13697,1.132645,1.13489,
2025-05-06T10:00:00-07:00,1.13489,1.138125,1.13489,1.13699,
2025-05-06T14:00:00-07:00,1.13699,1.137485,1.132535,1.134115,
2025-05-06T18:00:00-07:00,1.134115,1.135175,1.132665,1.134375,
2025-05-06T22:00:00-07:00,1.134375,1.137835,1.13431,1.135835,
2025-05-07T02:00:00-07:00,1.135835,1.13729,1.134725,1.13592,
2025-05-07T06:00:00-07:00,1.13592,1.13711,1.1337,1.134885,
2025-05-07T10:00:00-07:00,1.134885,1.136505,1.129185,1.13015,
2025-05-07T14:00:00-07:00,1.13015,1.13225,1.13,1.13103,
2025-05-07T18:00:00-07:00,1.13103,1.13364,1.130835,1.1318,
2025-05-07T22:00:00-07:00,1.1318,1.131845,1.127045,1.128805,
2025-05-08T02:00:00-07:00,1.128805,1.13203,1.127535,1.129975,
2025-05-08T06:00:00-07:00,1.129975,1.131645,1.122065,1.122615,
2025-05-08T10:00:00-07:00,1.122615,1.12307,1.121205,1.122915,
2025-05-08T14:00:00-07:00,1.122915,1.12334,1.121315,1.12271,
2025-05-08T18:00:00-07:00,1.12271,1.122995,1.11968,1.122805,
2025-05-08T22:00:00-07:00,1.122805,1.125945,1.121845,1.12566,
2025-05-09T02:00:00-07:00,1.12566,1.12609,1.124245,1.125405,
2025-05-09T06:00:00-07:00,1.125405,1.129295,1.125325,1.12586,
2025-05-09T10:00:00-07:00,1.12586,1.126645,1.12472,1.12481,
2025-05-11T14:00:00-07:00,1.12481,1.12481,1.11943,1.123875,
2025-05-11T18:00:00-07:00,1.123875,1.124285,1.12224,1.12275,
2025-05-11T22:00:00-07:00,1.12275,1.123575,1.108265,1.113775,
2025-05-12T02:00:00-07:00,1.113775,1.114195,1.10721,1.11135,
2025-05-12T06:00:00-07:00,1.11135,1.113465,1.108365,1.108455,
2025-05-12T10:00:00-07:00,1.108455,1.109685,1.106555,1.10869,
2025-05-12T14:00:00-07:00,1.10869,1.11066,1.10854,1.11045,
2025-05-12T18:00:00-07:00,1.11045,1.11174,1.10992,1.111685,
2025-05-12T22:00:00-07:00,1.111685,1.11246,1.110155,1.111205,
2025-05-13T02:00:00-07:00,1.111205,1.113135,1.10971,1.11307,
2025-05-13T06:00:00-07:00,1.11307,1.118305,1.11275,1.1176,
2025-05-13T10:00:00-07:00,1.1176,1.11949,1.11678,1.11857,
2025-05-13T14:00:00-07:00,1.11857,1.11975,1.118235,1.11923,
2025-05-13T18:00:00-07:00,1.11923,1.120105,1.118305,1.1189,
2025-05-13T22:00:00-07:00,1.1189,1.12523,1.118015,1.123875,
2025-05-14T02:00:00-07:00,1.123875,1.12659,1.120955,1.122545,
2025-05-14T06:00:00-07:00,1.122545,1.1235,1.117585,1.118895,
2025-05-14T10:00:00-07:00,1.118895,1.11971,1.116465,1.1175,
2025-05-14T14:00:00-07:00,1.1175,1.11946,1.117005,1.119165,
2025-05-14T18:00:00-07:00,1.119165,1.12015,1.11889,1.1193,
2025-05-14T22:00:00-07:00,1.1193,1.122845,1.11857,1.120995,
2025-05-15T02:00:00-07:00,1.120995,1.121395,1.117955,1.12098,
2025-05-15T06:00:00-07:00,1.12098,1.122385,1.117265,1.11809,
2025-05-15T10:00:00-07:00,1.11809,1.11892,1.11703,1.11858,
2025-05-15T14:00:00-07:00,1.11858,1.120825,1.11813,1.12049,
2025-05-15T18:00:00-07:00,1.12049,1.12088,1.119635,1.12033,
2025-05-15T22:00:00-07:00,1.12033,1.121965,1.11971,1.11991,
2025-05-16T02:00:00-07:00,1.11991,1.12089,1.118825,1.11973,
2025-05-16T06:00:00-07:00,1.11973,1.120605,1.11311,1.114485,
2025-05-16T10:00:00-07:00,1.114485,1.11662,1.113955,1.11635,
2025-05-18T14:00:00-07:00,1.11635,1.11988,1.11635,1.119745,
2025-05-18T18:00:00-07:00,1.119745,1.119905,1.117255,1.118395,
2025-05-18T22:00:00-07:00,1.118395,1.125915,1.117635,1.125745,
2025-05-19T02:00:00-07:00,1.125745,1.12883,1.125505,1.125725,
2025-05-19T06:00:00-07:00,1.125725,1.12652,1.122925,1.123535,
2025-05-19T10:00:00-07:00,1.123535,1.12448,1.12241,1.12421,
2025-05-19T14:00:00-07:00,1.12421,1.12443,1.1218,1.1228,
2025-05-19T18:00:00-07:00,1.1228,1.125155,1.12266,1.12424,
2025-05-19T22:00:00-07:00,1.12424,1.127785,1.124185,1.12584,
2025-05-20T02:00:00-07:00,1.12584,1.12672,1.12238,1.12345,
2025-05-20T06:00:00-07:00,1.12345,1.126995,1.122485,1.12567,
2025-05-20T10:00:00-07:00,1.12567,1.128595,1.12549,1.12829,
2025-05-20T14:00:00-07:00,1.12829,1.130135,1.12805,1.129555,
2025-05-20T18:00:00-07:00,1.129555,1.133985,1.128685,1.1329,
2025-05-20T22:00:00-07:00,1.1329,1.135315,1.13123,1.132275,
2025-05-21T02:00:00-07:00,1.132275,1.136215,1.131485,1.133475,
2025-05-21T06:00:00-07:00,1.133475,1.13545,1.132355,1.13406,
2025-05-21T10:00:00-07:00,1.13406,1.136295,1.131565,1.13298,
2025-05-21T14:00:00-07:00,1.13298,1.134365,1.131115,1.132745,
2025-05-21T18:00:00-07:00,1.132745,1.13449,1.13174,1.133315,
2025-05-21T22:00:00-07:00,1.133315,1.134205,1.12955,1.13021,
2025-05-22T02:00:00-07:00,1.13021,1.131495,1.128495,1.12951,
2025-05-22T06:00:00-07:00,1.12951,1.13091,1.12659,1.126935,
2025-05-22T10:00:00-07:00,1.126935,1.128595,1.125595,1.12805,
2025-05-22T14:00:00-07:00,1.12805,1.130035,1.12791,1.12971,
2025-05-22T18:00:00-07:00,1.12971,1.1321,1.129515,1.131805,
2025-05-22T22:00:00-07:00,1.131805,1.134475,1.13083,1.1342,
2025-05-23T02:00:00-07:00,1.1342,1.13757,1.12978,1.133365,
2025-05-23T06:00:00-07:00,1.133365,1.135985,1.131095,1.13583,
2025-05-23T10:00:00-07:00,1.13583,1.136945,1.135185,1.13642,
2025-05-25T14:00:00-07:00,1.13642,1.13978,1.136245,1.1397,
2025-05-25T18:00:00-07:00,1.1397,1.141885,1.138825,1.140935,
2025-05-25T22:00:00-07:00,1.140935,1.141845,1.13828,1.13847,
2025-05-26T02:00:00-07:00,1.13847,1.1387,1.1369,1.13752,
2025-05-26T06:00:00-07:00,1.13752,1.13855,1.13731,1.13835,
2025-05-26T10:00:00-07:00,1.13835,1.138845,1.13786,1.13865,
2025-05-26T14:00:00-07:00,1.13865,1.14031,1.138275,1.14001,
2025-05-26T18:00:00-07:00,1.14001,1.140735,1.137775,1.13785,
2025-05-26T22:00:00-07:00,1.13785,1.13929,1.133715,1.134885,
2025-05-27T02:00:00-07:00,1.134885,1.136795,1.13407,1.13669,
2025-05-27T06:00:00-07:00,1.13669,1.137565,1.13232,1.13318,
2025-05-27T10:00:00-07:00,1.13318,1.13389,1.132655,1.13277,
2025-05-27T14:00:00-07:00,1.13277,1.13455,1.13271,1.13346,
2025-05-27T18:00:00-07:00,1.13346,1.13389,1.130065,1.130625,
2025-05-27T22:00:00-07:00,1.130625,1.133435,1.129545,1.133225,
2025-05-28T02:00:00-07:00,1.133225,1.13408,1.130755,1.13112,
2025-05-28T06:00:00-07:00,1.13112,1.132485,1.128385,1.12942,
2025-05-28T10:00:00-07:00,1.12942,1.1301,1.128445,1.12912,
2025-05-28T14:00:00-07:00,1.12912,1.129735,1.121045,1.12348,
2025-05-28T18:00:00-07:00,1.12348,1.125715,1.122375,1.1248,
2025-05-28T22:00:00-07:00,1.1248,1.12828,1.1231,1.127205,
2025-05-29T02:00:00-07:00,1.127205,1.134995,1.12681,1.134955,
2025-05-29T06:00:00-07:00,1.134955,1.137985,1.13392,1.13715,
2025-05-29T10:00:00-07:00,1.13715,1.138465,1.13609,1.13674,
2025-05-29T14:00:00-07:00,1.13674,1.13849,1.136455,1.137255,
2025-05-29T18:00:00-07:00,1.137255,1.138995,1.134565,1.1346,
2025-05-29T22:00:00-07:00,1.1346,1.13546,1.132345,1.132415,
2025-05-30T02:00:00-07:00,1.132415,1.135855,1.13233,1.134625,
2025-05-30T06:00:00-07:00,1.134625,1.135865,1.131265,1.13505,
2025-05-30T10:00:00-07:00,1.13505,1.13673,1.13451,1.1348,
2025-06-01T14:00:00-07:00,1.1348,1.13748,1.134685,1.13688,
2025-06-01T18:00:00-07:00,1.13688,1.13822,1.135435,1.136545,
2025-06-01T22:00:00-07:00,1.136545,1.143685,1.136385,1.14203,
2025-06-02T02:00:00-07:00,1.14203,1.14371,1.140925,1.14186,
2025-06-02T06:00:00-07:00,1.14186,1.145005,1.140455,1.141875,
2025-06-02T10:00:00-07:00,1.141875,1.14465,1.141635,1.14427,
2025-06-02T14:00:00-07:00,1.14427,1.145475,1.143695,1.14435,
2025-06-02T18:00:00-07:00,1.14435,1.14435,1.141615,1.14254,
2025-06-02T22:00:00-07:00,1.14254,1.143255,1.14056,1.141175,
2025-06-03T02:00:00-07:00,1.141175,1.14182,1.13772,1.138215,
2025-06-03T06:00:00-07:00,1.138215,1.13951,1.13642,1.13734,
2025-06-03T10:00:00-07:00,1.13734,1.13818,1.136775,1.137065,
2025-06-03T14:00:00-07:00,1.137065,1.138925,1.137065,1.138285,
2025-06-03T18:00:00-07:00,1.138285,1.139335,1.136485,1.13667,
2025-06-03T22:00:00-07:00,1.13667,1.14041,1.135725,1.13996,
2025-06-04T02:00:00-07:00,1.13996,1.14111,1.13749,1.14093,
2025-06-04T06:00:00-07:00,1.14093,1.14346,1.139305,1.14331,
2025-06-04T10:00:00-07:00,1.14331,1.14337,1.14103,1.141855,
2025-06-04T14:00:00-07:00,1.141855,1.142965,1.141645,1.142915,
2025-06-04T18:00:00-07:00,1.142915,1.14349,1.140785,1.141055,
2025-06-04T22:00:00-07:00,1.141055,1.142525,1.140485,1.1413,
2025-06-05T02:00:00-07:00,1.1413,1.14488,1.14096,1.14296,
2025-06-05T06:00:00-07:00,1.14296,1.149495,1.141845,1.144785,
2025-06-05T10:00:00-07:00,1.144785,1.14483,1.14313,1.14448,
2025-06-05T14:00:00-07:00,1.14448,1.14574,1.144335,1.145035,
2025-06-05T18:00:00-07:00,1.145035,1.14526,1.143315,1.143985,
2025-06-05T22:00:00-07:00,1.143985,1.14424,1.14117,1.141475,
2025-06-06T02:00:00-07:00,1.141475,1.143135,1.138615,1.139685,
2025-06-06T06:00:00-07:00,1.139685,1.141645,1.13717,1.13873,
2025-06-06T10:00:00-07:00,1.13873,1.140215,1.13848,1.13955,
2025-06-08T14:00:00-07:00,1.13955,1.141145,1.1391,1.13941,
2025-06-08T18:00:00-07:00,1.13941,1.142545,1.1394,1.14184,
2025-06-08T22:00:00-07:00,1.14184,1.14362,1.141215,1.142845,
2025-06-09T02:00:00-07:00,1.142845,1.14394,1.13947,1.14005,
2025-06-09T06:00:00-07:00,1.14005,1.142575,1.138655,1.14246,
2025-06-09T10:00:00-07:00,1.14246,1.14311,1.141855,1.142035,
2025-06-09T14:00:00-07:00,1.142035,1.14357,1.1419,1.14243,
2025-06-09T18:00:00-07:00,1.14243,1.142835,1.13862,1.139985,
2025-06-09T22:00:00-07:00,1.139985,1.14148,1.1373,1.14083,
2025-06-10T02:00:00-07:00,1.14083,1.14405,1.140345,1.14323,
2025-06-10T06:00:00-07:00,1.14323,1.14477,1.14157,1.14237,
2025-06-10T10:00:00-07:00,1.14237,1.143645,1.141655,1.14245,
2025-06-10T14:00:00-07:00,1.14245,1.143955,1.14205,1.14211,
2025-06-10T18:00:00-07:00,1.14211,1.14271,1.14063,1.141575,
2025-06-10T22:00:00-07:00,1.141575,1.143865,1.140545,1.143095,
2025-06-11T02:00:00-07:00,1.143095,1.148935,1.142665,1.146065,
2025-06-11T06:00:00-07:00,1.146065,1.14963,1.145305,1.14897,
2025-06-11T10:00:00-07:00,1.14897,1.149965,1.14793,1.14876,
2025-06-11T14:00:00-07:00,1.14876,1.152675,1.148505,1.15214,
2025-06-11T18:00:00-07:00,1.15214,1.152925,1.15067,1.15154,
2025-06-11T22:00:00-07:00,1.15154,1.154735,1.15059,1.15443,
2025-06-12T02:00:00-07:00,1.15443,1.163165,1.15402,1.16099,
2025-06-12T06:00:00-07:00,1.16099,1.161735,1.156695,1.157615,
2025-06-12T10:00:00-07:00,1.157615,1.158785,1.156375,1.158465,
2025-06-12T14:00:00-07:00,1.158465,1.161485,1.15395,1.155885,
2025-06-12T18:00:00-07:00,1.155885,1.15604,1.151425,1.15253,
2025-06-12T22:00:00-07:00,1.15253,1.15605,1.151195,1.152885,
2025-06-13T02:00:00-07:00,1.152885,1.153585,1.1489,1.15164,
2025-06-13T06:00:00-07:00,1.15164,1.15696,1.150125,1.155455,
2025-06-13T10:00:00-07:00,1.155455,1.15555,1.15334,1.15501,
2025-06-15T14:00:00-07:00,1.15501,1.15501,1.152635,1.15347,
2025-06-15T18:00:00-07:00,1.15347,1.154425,1.152365,1.15359,
2025-06-15T22:00:00-07:00,1.15359,1.158665,1.15358,1.157875,
2025-06-16T02:00:00-07:00,1.157875,1.15861,1.15698,1.158405,
2025-06-16T06:00:00-07:00,1.158405,1.161475,1.15784,1.158405,
2025-06-16T10:00:00-07:00,1.158405,1.15852,1.155465,1.156005,
2025-06-16T14:00:00-07:00,1.156005,1.156605,1.154265,1.155,
2025-06-16T18:00:00-07:00,1.155,1.15673,1.154585,1.156115,
2025-06-16T22:00:00-07:00,1.156115,1.157245,1.15455,1.15516,
2025-06-17T02:00:00-07:00,1.15516,1.15803,1.154765,1.15505,
2025-06-17T06:00:00-07:00,1.15505,1.156955,1.149865,1.150285,
2025-06-17T10:00:00-07:00,1.150285,1.15087,1.147475,1.14804,
2025-06-17T14:00:00-07:00,1.14804,1.14969,1.14747,1.149235,
2025-06-17T18:00:00-07:00,1.149235,1.150805,1.148935,1.15058,
2025-06-17T22:00:00-07:00,1.15058,1.152345,1.14985,1.15023,
2025-06-18T02:00:00-07:00,1.15023,1.15168,1.14918,1.15061,
2025-06-18T06:00:00-07:00,1.15061,1.15304,1.148425,1.150315,
2025-06-18T10:00:00-07:00,1.150315,1.15296,1.14608,1.148085,
2025-06-18T14:00:00-07:00,1.148085,1.1489,1.147115,1.14811,
2025-06-18T18:00:00-07:00,1.14811,1.148225,1.14505,1.146925,
2025-06-18T22:00:00-07:00,1.146925,1.147935,1.144625,1.14766,
2025-06-19T02:00:00-07:00,1.14766,1.14875,1.146765,1.14777,
2025-06-19T06:00:00-07:00,1.14777,1.14847,1.14547,1.14566,
2025-06-19T10:00:00-07:00,1.14566,1.150025,1.145545,1.149485,
2025-06-19T14:00:00-07:00,1.149485,1.1524,1.149175,1.15228,
2025-06-19T18:00:00-07:00,1.15228,1.15325,1.151105,1.152725,
2025-06-19T22:00:00-07:00,1.152725,1.15297,1.151015,1.152275,
2025-06-20T02:00:00-07:00,1.152275,1.153505,1.150555,1.151285,
2025-06-20T06:00:00-07:00,1.151285,1.15372,1.14951,1.15361,
2025-06-20T10:00:00-07:00,1.15361,1.1544,1.151395,1.152195,
2025-06-22T14:00:00-07:00,1.152195,1.152195,1.145645,1.14894,
2025-06-22T18:00:00-07:00,1.14894,1.150685,1.147245,1.149075,
2025-06-22T22:00:00-07:00,1.149075,1.15212,1.14804,1.14818,
2025-06-23T02:00:00-07:00,1.14818,1.1483,1.145375,1.146785,
2025-06-23T06:00:00-07:00,1.146785,1.15574,1.14649,1.15448,
2025-06-23T10:00:00-07:00,1.15448,1.158175,1.154065,1.15766,
2025-06-23T14:00:00-07:00,1.15766,1.16089,1.15744,1.159915,
2025-06-23T18:00:00-07:00,1.159915,1.16144,1.158665,1.160635,
2025-06-23T22:00:00-07:00,1.160635,1.162235,1.15802,1.15926,
2025-06-24T02:00:00-07:00,1.15926,1.161805,1.159195,1.16007,
2025-06-24T06:00:00-07:00,1.16007,1.164165,1.158215,1.16241,
2025-06-24T10:00:00-07:00,1.16241,1.163265,1.160845,1.160935,
2025-06-24T14:00:00-07:00,1.160935,1.162695,1.16046,1.16253,
2025-06-24T18:00:00-07:00,1.16253,1.163195,1.16113,1.1614,
2025-06-24T22:00:00-07:00,1.1614,1.162265,1.15902,1.16101,
2025-06-25T02:00:00-07:00,1.16101,1.161345,1.159025,1.15928,
2025-06-25T06:00:00-07:00,1.15928,1.1636,1.159025,1.16311,
2025-06-25T10:00:00-07:00,1.16311,1.166525,1.16272,1.165915,
2025-06-25T14:00:00-07:00,1.165915,1.168905,1.16549,1.168245,
2025-06-25T18:00:00-07:00,1.168245,1.17177,1.166735,1.168005,
2025-06-25T22:00:00-07:00,1.168005,1.174545,1.16718,1.17278,
2025-06-26T02:00:00-07:00,1.17278,1.173095,1.168995,1.17069,
2025-06-26T06:00:00-07:00,1.17069,1.174035,1.16903,1.172945,
2025-06-26T10:00:00-07:00,1.172945,1.173225,1.169405,1.17008,
2025-06-26T14:00:00-07:00,1.17008,1.17058,1.168095,1.16919,
2025-06-26T18:00:00-07:00,1.16919,1.170965,1.1685,1.16852,
2025-06-26T22:00:00-07:00,1.16852,1.172695,1.16836,1.170955,
2025-06-27T02:00:00-07:00,1.170955,1.174965,1.170135,1.17469,
2025-06-27T06:00:00-07:00,1.17469,1.17537,1.17056,1.172235,
2025-06-27T10:00:00-07:00,1.172235,1.1724,1.168815,1.17209,
2025-06-29T14:00:00-07:00,1.17209,1.17388,1.1716,1.1718,
2025-06-29T18:00:00-07:00,1.1718,1.173475,1.17118,1.17305,
2025-06-29T22:00:00-07:00,1.17305,1.17509,1.17136,1.17297,
2025-06-30T02:00:00-07:00,1.17297,1.173305,1.17079,1.17134,
2025-06-30T06:00:00-07:00,1.17134,1.177175,1.17107,1.176275,
2025-06-30T10:00:00-07:00,1.176275,1.178865,1.176055,1.17874,
2025-06-30T14:00:00-07:00,1.17874,1.1798,1.177855,1.179755,
2025-06-30T18:00:00-07:00,1.179755,1.18075,1.17781,1.17864,
2025-06-30T22:00:00-07:00,1.17864,1.181745,1.176745,1.18046,
2025-07-01T02:00:00-07:00,1.18046,1.18299,1.17969,1.18038,
2025-07-01T06:00:00-07:00,1.18038,1.181175,1.176135,1.17655,
2025-07-01T10:00:00-07:00,1.17655,1.18069,1.176545,1.180635,
2025-07-01T14:00:00-07:00,1.180635,1.18082,1.17993,1.18077,
2025-07-01T18:00:00-07:00,1.18077,1.181015,1.178825,1.17963,
2025-07-01T22:00:00-07:00,1.17963,1.179835,1.17702,1.177575,
2025-07-02T02:00:00-07:00,1.177575,1.17884,1.174685,1.17567,
2025-07-02T06:00:00-07:00,1.17567,1.179415,1.175065,1.178845,
2025-07-02T10:00:00-07:00,1.178845,1.180345,1.178835,1.17991,
2025-07-02T14:00:00-07:00,1.17991,1.18089,1.17886,1.18067,
2025-07-02T18:00:00-07:00,1.18067,1.181015,1.17877,1.178955,
2025-07-02T22:00:00-07:00,1.178955,1.181005,1.1787,1.179795,
2025-07-03T02:00:00-07:00,1.179795,1.18001,1.171755,1.173845,
2025-07-03T06:00:00-07:00,1.173845,1.17898,1.173385,1.17523,
2025-07-03T10:00:00-07:00,1.17523,1.175995,1.174445,1.17566,
2025-07-03T14:00:00-07:00,1.17566,1.17715,1.175295,1.1767,
2025-07-03T18:00:00-07:00,1.1767,1.17802,1.175605,1.178015,
2025-07-03T22:00:00-07:00,1.178015,1.17855,1.176765,1.17747,
2025-07-04T02:00:00-07:00,1.17747,1.178225,1.17638,1.176665,
2025-07-04T06:00:00-07:00,1.176665,1.17876,1.176645,1.17745,
2025-07-04T10:00:00-07:00,1.17745,1.178365,1.17722,1.17752,
2025-07-06T14:00:00-07:00,1.17752,1.179035,1.177365,1.178,
2025-07-06T18:00:00-07:00,1.178,1.17809,1.17641,1.176605,
2025-07-06T22:00:00-07:00,1.176605,1.177395,1.172345,1.172435,
2025-07-07T02:00:00-07:00,1.172435,1.17362,1.1718,1.17225,
2025-07-07T06:00:00-07:00,1.17225,1.174555,1.168745,1.16944,
2025-07-07T10:00:00-07:00,1.16944,1.172385,1.168675,1.170845,
2025-07-07T14:00:00-07:00,1.170845,1.17479,1.170795,1.17436,
2025-07-07T18:00:00-07:00,1.17436,1.17502,1.173095,1.174165,
2025-07-07T22:00:00-07:00,1.174165,1.17653,1.173185,1.17489,
2025-07-08T02:00:00-07:00,1.17489,1.175065,1.171395,1.172105,
2025-07-08T06:00:00-07:00,1.172105,1.17222,1.168275,1.170875,
2025-07-08T10:00:00-07:00,1.170875,1.17298,1.17076,1.172555,
2025-07-08T14:00:00-07:00,1.172555,1.172945,1.17178,1.17247,
2025-07-08T18:00:00-07:00,1.17247,1.172585,1.170155,1.17126,
2025-07-08T22:00:00-07:00,1.17126,1.172855,1.170245,1.171335,
2025-07-09T02:00:00-07:00,1.171335,1.17198,1.16896,1.17155,
2025-07-09T06:00:00-07:00,1.17155,1.172465,1.17005,1.17052,
2025-07-09T10:00:00-07:00,1.17052,1.172385,1.1704,1.17205,
2025-07-09T14:00:00-07:00,1.17205,1.17496,1.17163,1.1744,
2025-07-09T18:00:00-07:00,1.1744,1.174475,1.17304,1.17351,
2025-07-09T22:00:00-07:00,1.17351,1.17435,1.17262,1.172775,
2025-07-10T02:00:00-07:00,1.172775,1.17345,1.17018,1.170655,
2025-07-10T06:00:00-07:00,1.170655,1.171475,1.166265,1.16855,
2025-07-10T10:00:00-07:00,1.16855,1.17008,1.168165,1.17007,
2025-07-10T14:00:00-07:00,1.17007,1.170755,1.166485,1.16748,
2025-07-10T18:00:00-07:00,1.16748,1.168605,1.16687,1.16765,
2025-07-10T22:00:00-07:00,1.16765,1.16959,1.16703,1.168215,
2025-07-11T02:00:00-07:00,1.168215,1.170115,1.168135,1.168865,
2025-07-11T06:00:00-07:00,1.168865,1.171405,1.16743,1.16915,
2025-07-11T10:00:00-07:00,1.16915,1.169595,1.16788,1.169,
2025-07-13T14:00:00-07:00,1.169,1.169405,1.166195,1.16935,
2025-07-13T18:00:00-07:00,1.16935,1.169795,1.16728,1.1675,
2025-07-13T22:00:00-07:00,1.1675,1.168895,1.165435,1.16826,
2025-07-14T02:00:00-07:00,1.16826,1.16972,1.167965,1.168575,
2025-07-14T06:00:00-07:00,1.168575,1.16959,1.16602,1.166245,
2025-07-14T10:00:00-07:00,1.166245,1.1673,1.165915,1.166465,
2025-07-14T14:00:00-07:00,1.166465,1.167735,1.16605,1.16724,
2025-07-14T18:00:00-07:00,1.16724,1.168,1.16654,1.16761,
2025-07-14T22:00:00-07:00,1.16761,1.16928,1.167185,1.1687,
2025-07-15T02:00:00-07:00,1.1687,1.169125,1.16625,1.167815,
2025-07-15T06:00:00-07:00,1.167815,1.16792,1.15937,1.15962,
2025-07-15T10:00:00-07:00,1.15962,1.160545,1.159295,1.16015,
2025-07-15T14:00:00-07:00,1.16015,1.16135,1.15985,1.160815,
2025-07-15T18:00:00-07:00,1.160815,1.16199,1.16062,1.16197,
2025-07-15T22:00:00-07:00,1.16197,1.16285,1.16127,1.162555,
2025-07-16T02:00:00-07:00,1.162555,1.162645,1.1593,1.15987,
2025-07-16T06:00:00-07:00,1.15987,1.17216,1.156215,1.16391,
2025-07-16T10:00:00-07:00,1.16391,1.165875,1.16204,1.16414,
2025-07-16T14:00:00-07:00,1.16414,1.16427,1.161725,1.162395,
2025-07-16T18:00:00-07:00,1.162395,1.162905,1.161375,1.162435,
2025-07-16T22:00:00-07:00,1.162435,1.16275,1.15733,1.160165,
2025-07-17T02:00:00-07:00,1.160165,1.160485,1.155705,1.15872,
2025-07-17T06:00:00-07:00,1.15872,1.16027,1.157785,1.158625,
2025-07-17T10:00:00-07:00,1.158625,1.16004,1.15799,1.15963,
2025-07-17T14:00:00-07:00,1.15963,1.16277,1.159335,1.16247,
2025-07-17T18:00:00-07:00,1.16247,1.163435,1.161845,1.16193,
2025-07-17T22:00:00-07:00,1.16193,1.164585,1.1612,1.16356,
2025-07-18T02:00:00-07:00,1.16356,1.165855,1.163215,1.16563,
2025-07-18T06:00:00-07:00,1.16563,1.167195,1.162645,1.16286,
2025-07-18T10:00:00-07:00,1.16286,1.16299,1.16171,1.162275,
2025-07-20T14:00:00-07:00,1.162275,1.163655,1.16189,1.161915,
2025-07-20T18:00:00-07:00,1.161915,1.163025,1.161455,1.16293,
2025-07-20T22:00:00-07:00,1.16293,1.165225,1.162785,1.16423,
2025-07-21T02:00:00-07:00,1.16423,1.16733,1.16337,1.16652,
2025-07-21T06:00:00-07:00,1.16652,1.171685,1.165795,1.17001,
2025-07-21T10:00:00-07:00,1.17001,1.17017,1.1686,1.1696,
2025-07-21T14:00:00-07:00,1.1696,1.1696,1.168355,1.16885,
2025-07-21T18:00:00-07:00,1.16885,1.16958,1.168255,1.168845,
2025-07-21T22:00:00-07:00,1.168845,1.170345,1.168185,1.16986,
2025-07-22T02:00:00-07:00,1.16986,1.17094,1.168305,1.16906,
2025-07-22T06:00:00-07:00,1.16906,1.17605,1.167895,1.17552,
2025-07-22T10:00:00-07:00,1.17552,1.17556,1.17419,1.175455,
2025-07-22T14:00:00-07:00,1.175455,1.17561,1.173355,1.17473,
2025-07-22T18:00:00-07:00,1.17473,1.17489,1.173055,1.1735,
2025-07-22T22:00:00-07:00,1.1735,1.17529,1.172725,1.17328,
2025-07-23T02:00:00-07:00,1.17328,1.173945,1.17203,1.17251,
2025-07-23T06:00:00-07:00,1.17251,1.17609,1.171105,1.17512,
2025-07-23T10:00:00-07:00,1.17512,1.17753,1.17456,1.17725,
2025-07-23T14:00:00-07:00,1.17725,1.177915,1.17622,1.17672,
2025-07-23T18:00:00-07:00,1.17672,1.178005,1.176695,1.17743,
2025-07-23T22:00:00-07:00,1.17743,1.177835,1.17551,1.1758,
2025-07-24T02:00:00-07:00,1.1758,1.175945,1.173195,1.173605,
2025-07-24T06:00:00-07:00,1.173605,1.178885,1.17306,1.17626,
2025-07-24T10:00:00-07:00,1.17626,1.177805,1.174535,1.17484,
2025-07-24T14:00:00-07:00,1.17484,1.17589,1.173645,1.17545,
2025-07-24T18:00:00-07:00,1.17545,1.17586,1.17341,1.17402,
2025-07-24T22:00:00-07:00,1.17402,1.17609,1.173735,1.174335,
2025-07-25T02:00:00-07:00,1.174335,1.17437,1.171145,1.171835,
2025-07-25T06:00:00-07:00,1.171835,1.17387,1.170305,1.1729,
2025-07-25T10:00:00-07:00,1.1729,1.17471,1.172875,1.17408,
2025-07-27T14:00:00-07:00,1.17408,1.17704,1.17408,1.17639,
2025-07-27T18:00:00-07:00,1.17639,1.176995,1.174575,1.174745,
2025-07-27T22:00:00-07:00,1.174745,1.17478,1.167065,1.16792,
2025-07-28T02:00:00-07:00,1.16792,1.16846,1.164385,1.16581,
2025-07-28T06:00:00-07:00,1.16581,1.166225,1.15985,1.15993,
2025-07-28T10:00:00-07:00,1.15993,1.160175,1.15852,1.15886,
2025-07-28T14:00:00-07:00,1.15886,1.159775,1.158455,1.15853,
2025-07-28T18:00:00-07:00,1.15853,1.15992,1.157475,1.158885,
2025-07-28T22:00:00-07:00,1.158885,1.15904,1.152695,1.15693,
2025-07-29T02:00:00-07:00,1.15693,1.158845,1.152485,1.152485,
2025-07-29T06:00:00-07:00,1.152485,1.155155,1.151905,1.15415,
2025-07-29T10:00:00-07:00,1.15415,1.156055,1.153765,1.154635,
2025-07-29T14:00:00-07:00,1.154635,1.156785,1.154605,1.156725,
2025-07-29T18:00:00-07:00,1.156725,1.157265,1.15505,1.15513,
2025-07-29T22:00:00-07:00,1.15513,1.156865,1.154015,1.155695,
2025-07-30T02:00:00-07:00,1.155695,1.15606,1.1469,1.147295,
2025-07-30T06:00:00-07:00,1.147295,1.148515,1.14581,1.147395,
2025-07-30T10:00:00-07:00,1.147395,1.15033,1.140105,1.14047,
2025-07-30T14:00:00-07:00,1.14047,1.14374,1.140395,1.14344,
2025-07-30T18:00:00-07:00,1.14344,1.1438,1.14077,1.14358,
2025-07-30T22:00:00-07:00,1.14358,1.146075,1.14309,1.145025,
2025-07-31T02:00:00-07:00,1.145025,1.1451,1.142095,1.14288,
2025-07-31T06:00:00-07:00,1.14288,1.14498,1.140615,1.14227,
2025-07-31T10:00:00-07:00,1.14227,1.143315,1.140965,1.141485,
2025-07-31T14:00:00-07:00,1.141485,1.142895,1.141165,1.14245,
2025-07-31T18:00:00-07:00,1.14245,1.14289,1.14051,1.14193,
2025-07-31T22:00:00-07:00,1.14193,1.143795,1.140555,1.14065,
2025-08-01T02:00:00-07:00,1.14065,1.15588,1.139165,1.15456,
2025-08-01T06:00:00-07:00,1.15456,1.158825,1.15361,1.15394,
2025-08-01T10:00:00-07:00,1.15394,1.159715,1.151655,1.15859,
2025-08-03T14:00:00-07:00,1.15859,1.159675,1.1556,1.155805,
2025-08-03T18:00:00-07:00,1.155805,1.158595,1.15503,1.15746,
2025-08-03T22:00:00-07:00,1.15746,1.15833,1.154965,1.155815,
2025-08-04T02:00:00-07:00,1.155815,1.15884,1.155505,1.15754,
2025-08-04T06:00:00-07:00,1.15754,1.158835,1.1557,1.15721,
2025-08-04T10:00:00-07:00,1.15721,1.157765,1.156305,1.15716,
2025-08-04T14:00:00-07:00,1.15716,1.158805,1.156865,1.157205,
2025-08-04T18:00:00-07:00,1.157205,1.157405,1.15542,1.15584,
2025-08-04T22:00:00-07:00,1.15584,1.156245,1.153135,1.153685,
2025-08-05T02:00:00-07:00,1.153685,1.154845,1.15276,1.15372,
2025-08-05T06:00:00-07:00,1.15372,1.158615,1.15323,1.158285,
2025-08-05T10:00:00-07:00,1.158285,1.158325,1.156645,1.157515,
2025-08-05T14:00:00-07:00,1.157515,1.15854,1.157105,1.157385,
2025-08-05T18:00:00-07:00,1.157385,1.158615,1.15645,1.158305,
2025-08-05T22:00:00-07:00,1.158305,1.158815,1.15705,1.157515,
2025-08-06T02:00:00-07:00,1.157515,1.162865,1.15744,1.16237,
2025-08-06T06:00:00-07:00,1.16237,1.16485,1.161735,1.16347,
2025-08-06T10:00:00-07:00,1.16347,1.166855,1.163295,1.16599,
2025-08-06T14:00:00-07:00,1.16599,1.16661,1.165105,1.16526,
2025-08-06T18:00:00-07:00,1.16526,1.167645,1.16496,1.167135,
2025-08-06T22:00:00-07:00,1.167135,1.169885,1.166815,1.168275,
2025-08-07T02:00:00-07:00,1.168275,1.168485,1.163425,1.16511,
2025-08-07T06:00:00-07:00,1.16511,1.16587,1.161105,1.16382,
2025-08-07T10:00:00-07:00,1.16382,1.16716,1.161935,1.16654,
2025-08-07T14:00:00-07:00,1.16654,1.167945,1.1662,1.167285,
2025-08-07T18:00:00-07:00,1.167285,1.16739,1.165515,1.16584,
2025-08-07T22:00:00-07:00,1.16584,1.16647,1.163465,1.16371,
2025-08-08T02:00:00-07:00,1.16371,1.165405,1.1629,1.16418,
2025-08-08T06:00:00-07:00,1.16418,1.16679,1.16415,1.16565,
2025-08-08T10:00:00-07:00,1.16565,1.166685,1.163645,1.1642,
2025-08-10T14:00:00-07:00,1.1642,1.16518,1.1642,1.164755,
2025-08-10T18:00:00-07:00,1.164755,1.16757,1.16454,1.167205,
2025-08-10T22:00:00-07:00,1.167205,1.1674,1.16441,1.165495,
2025-08-11T02:00:00-07:00,1.165495,1.165815,1.16143,1.16203,
2025-08-11T06:00:00-07:00,1.16203,1.16278,1.159015,1.160755,
2025-08-11T10:00:00-07:00,1.160755,1.161965,1.15986,1.16154,
2025-08-11T14:00:00-07:00,1.16154,1.16199,1.16105,1.161525,
2025-08-11T18:00:00-07:00,1.161525,1.162795,1.161445,1.16277,
2025-08-11T22:00:00-07:00,1.16277,1.16292,1.160815,1.16151,
2025-08-12T02:00:00-07:00,1.16151,1.165575,1.15988,1.164245,
2025-08-12T06:00:00-07:00,1.164245,1.16974,1.161765,1.16799,
2025-08-12T10:00:00-07:00,1.16799,1.16807,1.166465,1.16749,
2025-08-12T14:00:00-07:00,1.16749,1.16808,1.166975,1.168,
2025-08-12T18:00:00-07:00,1.168,1.16878,1.16706,1.16842,
2025-08-12T22:00:00-07:00,1.16842,1.172085,1.16765,1.171415,
2025-08-13T02:00:00-07:00,1.171415,1.17304,1.169735,1.169905,
2025-08-13T06:00:00-07:00,1.169905,1.17236,1.169305,1.1707,
2025-08-13T10:00:00-07:00,1.1707,1.17109,1.1696,1.170565,
2025-08-13T14:00:00-07:00,1.170565,1.171495,1.17021,1.17112,
2025-08-13T18:00:00-07:00,1.17112,1.17153,1.169905,1.1704,
2025-08-13T22:00:00-07:00,1.1704,1.17066,1.166795,1.16685,
2025-08-14T02:00:00-07:00,1.16685,1.169745,1.164955,1.166385,
2025-08-14T06:00:00-07:00,1.166385,1.167155,1.16311,1.16343,
2025-08-14T10:00:00-07:00,1.16343,1.16505,1.163125,1.164785,
2025-08-14T14:00:00-07:00,1.164785,1.165335,1.16463,1.16523,
2025-08-14T18:00:00-07:00,1.16523,1.16647,1.164835,1.1663,
2025-08-14T22:00:00-07:00,1.1663,1.16854,1.166135,1.168235,
2025-08-15T02:00:00-07:00,1.168235,1.169995,1.16737,1.16941,
2025-08-15T06:00:00-07:00,1.16941,1.171545,1.168185,1.17038,
2025-08-15T10:00:00-07:00,1.17038,1.17082,1.16987,1.170365,
2025-08-17T14:00:00-07:00,1.170365,1.171645,1.17002,1.170175,
2025-08-17T18:00:00-07:00,1.170175,1.171045,1.16936,1.17085,
2025-08-17T22:00:00-07:00,1.17085,1.170915,1.16712,1.16819,
2025-08-18T02:00:00-07:00,1.16819,1.16884,1.16662,1.167645,
2025-08-18T06:00:00-07:00,1.167645,1.16847,1.165605,1.1658,
2025-08-18T10:00:00-07:00,1.1658,1.16706,1.165675,1.166065,
2025-08-18T14:00:00-07:00,1.166065,1.167505,1.165565,1.165855,
2025-08-18T18:00:00-07:00,1.165855,1.166245,1.16392,1.16608,
2025-08-18T22:00:00-07:00,1.16608,1.16845,1.16511,1.16751,
2025-08-19T02:00:00-07:00,1.16751,1.1693,1.16726,1.16756,
2025-08-19T06:00:00-07:00,1.16756,1.16784,1.16545,1.16563,
2025-08-19T10:00:00-07:00,1.16563,1.16609,1.16424,1.164685,
2025-08-19T14:00:00-07:00,1.164685,1.16522,1.163155,1.163885,
2025-08-19T18:00:00-07:00,1.163885,1.16424,1.162195,1.16345,
2025-08-19T22:00:00-07:00,1.16345,1.164695,1.16232,1.163795,
2025-08-20T02:00:00-07:00,1.163795,1.167375,1.16351,1.16712,
2025-08-20T06:00:00-07:00,1.16712,1.1672,1.16463,1.165975,
2025-08-20T10:00:00-07:00,1.165975,1.167265,1.164705,1.16525,
2025-08-20T14:00:00-07:00,1.16525,1.16557,1.164135,1.164685,
2025-08-20T18:00:00-07:00,1.164685,1.165065,1.164135,1.164555,
2025-08-20T22:00:00-07:00,1.164555,1.166145,1.162505,1.165485,
2025-08-21T02:00:00-07:00,1.165485,1.166285,1.163675,1.16468,
2025-08-21T06:00:00-07:00,1.16468,1.16501,1.160115,1.16112,
2025-08-21T10:00:00-07:00,1.16112,1.16187,1.16035,1.160565,
2025-08-21T14:00:00-07:00,1.160565,1.16167,1.16034,1.16148,
2025-08-21T18:00:00-07:00,1.16148,1.161585,1.158305,1.15846,
2025-08-21T22:00:00-07:00,1.15846,1.159965,1.15833,1.159935,
2025-08-22T02:00:00-07:00,1.159935,1.16137,1.159355,1.160865,
2025-08-22T06:00:00-07:00,1.160865,1.173225,1.15975,1.172195,
2025-08-22T10:00:00-07:00,1.172195,1.174275,1.1715,1.17187,
2025-08-24T14:00:00-07:00,1.17187,1.17284,1.169545,1.1698,
2025-08-24T18:00:00-07:00,1.1698,1.1708,1.169365,1.1706,
2025-08-24T22:00:00-07:00,1.1706,1.172065,1.16947,1.17042,
2025-08-25T02:00:00-07:00,1.17042,1.17047,1.168525,1.16999,
2025-08-25T06:00:00-07:00,1.16999,1.170915,1.165135,1.165475,
2025-08-25T10:00:00-07:00,1.165475,1.165595,1.160285,1.161855,
2025-08-25T14:00:00-07:00,1.161855,1.166005,1.16101,1.164795,
2025-08-25T18:00:00-07:00,1.164795,1.165035,1.16237,1.163195,
2025-08-25T22:00:00-07:00,1.163195,1.164445,1.160215,1.161815,
2025-08-26T02:00:00-07:00,1.161815,1.16607,1.16177,1.164625,
2025-08-26T06:00:00-07:00,1.164625,1.166545,1.163725,1.1649,
2025-08-26T10:00:00-07:00,1.1649,1.16529,1.16335,1.164245,
2025-08-26T14:00:00-07:00,1.164245,1.164835,1.163375,1.16369,
2025-08-26T18:00:00-07:00,1.16369,1.164085,1.16122,1.16143,
2025-08-26T22:00:00-07:00,1.16143,1.1624,1.15771,1.158895,
2025-08-27T02:00:00-07:00,1.158895,1.15984,1.1574,1.15863,
2025-08-27T06:00:00-07:00,1.15863,1.164085,1.158215,1.16382,
2025-08-27T10:00:00-07:00,1.16382,1.164285,1.16279,1.163845,
2025-08-27T14:00:00-07:00,1.163845,1.164945,1.163335,1.16457,
2025-08-27T18:00:00-07:00,1.16457,1.1655,1.16389,1.16398,
2025-08-27T22:00:00-07:00,1.16398,1.16497,1.1629,1.16425,
2025-08-28T02:00:00-07:00,1.16425,1.168725,1.16425,1.166955,
2025-08-28T06:00:00-07:00,1.166955,1.169015,1.16587,1.16894,
2025-08-28T10:00:00-07:00,1.16894,1.16974,1.1678,1.16828,
2025-08-28T14:00:00-07:00,1.16828,1.16828,1.167275,1.16748,
2025-08-28T18:00:00-07:00,1.16748,1.167655,1.165625,1.16649,
2025-08-28T22:00:00-07:00,1.16649,1.169035,1.166135,1.167575,
2025-08-29T02:00:00-07:00,1.167575,1.16826,1.1651,1.16586,
2025-08-29T06:00:00-07:00,1.16586,1.170885,1.16534,1.17017,
2025-08-29T10:00:00-07:00,1.17017,1.17031,1.168115,1.16874,
2025-08-31T14:00:00-07:00,1.16874,1.169805,1.168675,1.169715,
2025-08-31T18:00:00-07:00,1.169715,1.17146,1.16881,1.17084,
2025-08-31T22:00:00-07:00,1.17084,1.173645,1.17083,1.17353,
2025-09-01T02:00:00-07:00,1.17353,1.17363,1.170655,1.17076,
2025-09-01T06:00:00-07:00,1.17076,1.171635,1.16966,1.170485,
2025-09-01T10:00:00-07:00,1.170485,1.17139,1.170125,1.17114,
2025-09-01T14:00:00-07:00,1.17114,1.17184,1.17032,1.17046,
2025-09-01T18:00:00-07:00,1.17046,1.170695,1.168985,1.16934,
2025-09-01T22:00:00-07:00,1.16934,1.170685,1.16339,1.16452,
2025-09-02T02:00:00-07:00,1.16452,1.16532,1.161295,1.161725,
2025-09-02T06:00:00-07:00,1.161725,1.168275,1.161505,1.164415,
2025-09-02T10:00:00-07:00,1.164415,1.16484,1.16296,1.16406,
2025-09-02T14:00:00-07:00,1.16406,1.164435,1.162885,1.16332,
2025-09-02T18:00:00-07:00,1.16332,1.163555,1.16219,1.163185,
2025-09-02T22:00:00-07:00,1.163185,1.165765,1.160825,1.165655,
2025-09-03T02:00:00-07:00,1.165655,1.16648,1.163975,1.164835,
2025-09-03T06:00:00-07:00,1.164835,1.168215,1.16387,1.167525,
2025-09-03T10:00:00-07:00,1.167525,1.167725,1.16557,1.1661,
2025-09-03T14:00:00-07:00,1.1661,1.166335,1.165475,1.165875,
2025-09-03T18:00:00-07:00,1.165875,1.166945,1.165045,1.16517,
2025-09-03T22:00:00-07:00,1.16517,1.16614,1.16439,1.16576,
2025-09-04T02:00:00-07:00,1.16576,1.165985,1.16302,1.1646,
2025-09-04T06:00:00-07:00,1.1646,1.16558,1.163135,1.16397,
2025-09-04T10:00:00-07:00,1.16397,1.16526,1.163455,1.16487,
2025-09-04T14:00:00-07:00,1.16487,1.166095,1.164775,1.16597,
2025-09-04T18:00:00-07:00,1.16597,1.167465,1.16597,1.1667,
2025-09-04T22:00:00-07:00,1.1667,1.16845,1.166515,1.16834,
2025-09-05T02:00:00-07:00,1.16834,1.175015,1.16778,1.173435,
2025-09-05T06:00:00-07:00,1.173435,1.175965,1.171425,1.1739,
2025-09-05T10:00:00-07:00,1.1739,1.17392,1.17131,1.17174,
2025-09-07T14:00:00-07:00,1.17174,1.172125,1.170385,1.1713,
2025-09-07T18:00:00-07:00,1.1713,1.17176,1.17062,1.17131,
2025-09-07T22:00:00-07:00,1.17131,1.17429,1.17121,1.17314,
2025-09-08T02:00:00-07:00,1.17314,1.174185,1.172005,1.173775,
2025-09-08T06:00:00-07:00,1.173775,1.175645,1.173505,1.17407,
2025-09-08T10:00:00-07:00,1.17407,1.17656,1.1735,1.176315,
2025-09-08T14:00:00-07:00,1.176315,1.17745,1.175905,1.17716,
2025-09-08T18:00:00-07:00,1.17716,1.177805,1.17635,1.1773,
2025-09-08T22:00:00-07:00,1.1773,1.17801,1.174435,1.175945,
2025-09-09T02:00:00-07:00,1.175945,1.177245,1.17276,1.17374,
2025-09-09T06:00:00-07:00,1.17374,1.17626,1.17157,1.171895,
2025-09-09T10:00:00-07:00,1.171895,1.17237,1.170375,1.170865,
2025-09-09T14:00:00-07:00,1.170865,1.17138,1.169605,1.169715,
2025-09-09T18:00:00-07:00,1.169715,1.171555,1.16892,1.1715,
2025-09-09T22:00:00-07:00,1.1715,1.17185,1.168275,1.170005,
2025-09-10T02:00:00-07:00,1.170005,1.172755,1.169125,1.17004,
2025-09-10T06:00:00-07:00,1.17004,1.17307,1.1696,1.170565,
2025-09-10T10:00:00-07:00,1.170565,1.171225,1.16935,1.169525,
2025-09-10T14:00:00-07:00,1.169525,1.17069,1.16938,1.1694,
2025-09-10T18:00:00-07:00,1.1694,1.1703,1.169305,1.16995,
2025-09-10T22:00:00-07:00,1.16995,1.169965,1.168375,1.16921,
2025-09-11T02:00:00-07:00,1.16921,1.172085,1.16608,1.17151,
2025-09-11T06:00:00-07:00,1.17151,1.17462,1.1714,1.173655,
2025-09-11T10:00:00-07:00,1.173655,1.17397,1.17277,1.173325,
2025-09-11T14:00:00-07:00,1.173325,1.17408,1.17272,1.17331,
2025-09-11T18:00:00-07:00,1.17331,1.17346,1.172095,1.17257,
2025-09-11T22:00:00-07:00,1.17257,1.174775,1.17157,1.17174,
2025-09-12T02:00:00-07:00,1.17174,1.17355,1.170135,1.17123,
2025-09-12T06:00:00-07:00,1.17123,1.17318,1.170345,1.1727,
2025-09-12T10:00:00-07:00,1.1727,1.17418,1.172685,1.17345,
2025-09-14T14:00:00-07:00,1.17345,1.1737,1.1722,1.172685,
2025-09-14T18:00:00-07:00,1.172685,1.17356,1.17228,1.17342,
2025-09-14T22:00:00-07:00,1.17342,1.17443,1.17163,1.17372,
2025-09-15T02:00:00-07:00,1.17372,1.17711,1.17362,1.17696,
2025-09-15T06:00:00-07:00,1.17696,1.17746,1.175085,1.175825,
2025-09-15T10:00:00-07:00,1.175825,1.1773,1.175805,1.176155,
2025-09-15T14:00:00-07:00,1.176155,1.17663,1.175745,1.17621,
2025-09-15T18:00:00-07:00,1.17621,1.1787,1.175805,1.17769,
2025-09-15T22:00:00-07:00,1.17769,1.180385,1.17738,1.17951,
2025-09-16T02:00:00-07:00,1.17951,1.18214,1.179045,1.18048,
2025-09-16T06:00:00-07:00,1.18048,1.18719,1.18041,1.186465,
2025-09-16T10:00:00-07:00,1.186465,1.187845,1.185805,1.18669,
2025-09-16T14:00:00-07:00,1.18669,1.1873,1.185795,1.185835,
2025-09-16T18:00:00-07:00,1.185835,1.18594,1.185125,1.18541,
2025-09-16T22:00:00-07:00,1.18541,1.18598,1.183815,1.184835,
2025-09-17T02:00:00-07:00,1.184835,1.18499,1.18329,1.184355,
2025-09-17T06:00:00-07:00,1.184355,1.185935,1.18423,1.185325,
2025-09-17T10:00:00-07:00,1.185325,1.19188,1.180795,1.18132,
2025-09-17T14:00:00-07:00,1.18132,1.18289,1.18124,1.18254,
2025-09-17T18:00:00-07:00,1.18254,1.182885,1.179375,1.179505,
2025-09-17T22:00:00-07:00,1.179505,1.18389,1.178045,1.182775,
2025-09-18T02:00:00-07:00,1.182775,1.184835,1.17954,1.179575,
2025-09-18T06:00:00-07:00,1.179575,1.179615,1.175025,1.178705,
2025-09-18T10:00:00-07:00,1.178705,1.179395,1.178145,1.17876,
2025-09-18T14:00:00-07:00,1.17876,1.179085,1.17754,1.17867,
2025-09-18T18:00:00-07:00,1.17867,1.17926,1.177035,1.177415,
2025-09-18T22:00:00-07:00,1.177415,1.177815,1.17513,1.176095,
2025-09-19T02:00:00-07:00,1.176095,1.176885,1.17289,1.173605,
2025-09-19T06:00:00-07:00,1.173605,1.17679,1.17355,1.175325,
2025-09-19T10:00:00-07:00,1.175325,1.17553,1.174065,1.17472,
2025-09-21T14:00:00-07:00,1.17472,1.175005,1.172615,1.17346,
2025-09-21T18:00:00-07:00,1.17346,1.17411,1.17265,1.173065,
2025-09-21T22:00:00-07:00,1.173065,1.17692,1.172985,1.176245,
2025-09-22T02:00:00-07:00,1.176245,1.17875,1.17617,1.17833,
2025-09-22T06:00:00-07:00,1.17833,1.179045,1.17628,1.178815,
2025-09-22T10:00:00-07:00,1.178815,1.18039,1.178565,1.180305,
2025-09-22T14:00:00-07:00,1.180305,1.180765,1.179575,1.18065,
2025-09-22T18:00:00-07:00,1.18065,1.182005,1.17967,1.179785,
2025-09-22T22:00:00-07:00,1.179785,1.180555,1.17795,1.180285,
2025-09-23T02:00:00-07:00,1.180285,1.18125,1.17845,1.179695,
2025-09-23T06:00:00-07:00,1.179695,1.180945,1.17842,1.180505,
2025-09-23T10:00:00-07:00,1.180505,1.18184,1.1803,1.1815,
2025-09-23T14:00:00-07:00,1.1815,1.181935,1.180335,1.180385,
2025-09-23T18:00:00-07:00,1.180385,1.18054,1.179495,1.18031,
2025-09-23T22:00:00-07:00,1.18031,1.180515,1.176645,1.17721,
2025-09-24T02:00:00-07:00,1.17721,1.17749,1.173955,1.17427,
2025-09-24T06:00:00-07:00,1.17427,1.174625,1.17282,1.17327,
2025-09-24T10:00:00-07:00,1.17327,1.174075,1.17318,1.173795,
2025-09-24T14:00:00-07:00,1.173795,1.17484,1.173795,1.17474,
2025-09-24T18:00:00-07:00,1.17474,1.175375,1.17408,1.17522,
2025-09-24T22:00:00-07:00,1.17522,1.17524,1.173055,1.174275,
2025-09-25T02:00:00-07:00,1.174275,1.1754,1.16879,1.16981,
2025-09-25T06:00:00-07:00,1.16981,1.17103,1.166685,1.16709,
2025-09-25T10:00:00-07:00,1.16709,1.167225,1.16455,1.16662,
2025-09-25T14:00:00-07:00,1.16662,1.167145,1.16581,1.167135,
2025-09-25T18:00:00-07:00,1.167135,1.16821,1.16657,1.168,
2025-09-25T22:00:00-07:00,1.168,1.16879,1.166855,1.16806,
2025-09-26T02:00:00-07:00,1.16806,1.16862,1.166175,1.168305,
2025-09-26T06:00:00-07:00,1.168305,1.17048,1.167825,1.169275,
2025-09-26T10:00:00-07:00,1.169275,1.17075,1.169085,1.17025,
2025-09-28T14:00:00-07:00,1.17025,1.17234,1.170165,1.17216,
2025-09-28T18:00:00-07:00,1.17216,1.17331,1.171445,1.17271,
2025-09-28T22:00:00-07:00,1.17271,1.17334,1.17079,1.17237,
2025-09-29T02:00:00-07:00,1.17237,1.17513,1.17094,1.174985,
2025-09-29T06:00:00-07:00,1.174985,1.175465,1.172275,1.172935,
2025-09-29T10:00:00-07:00,1.172935,1.1733,1.17202,1.172655,
2025-09-29T14:00:00-07:00,1.172655,1.17326,1.17127,1.17208,
2025-09-29T18:00:00-07:00,1.17208,1.17288,1.171225,1.17286,
2025-09-29T22:00:00-07:00,1.17286,1.176165,1.172825,1.17556,
2025-09-30T02:00:00-07:00,1.17556,1.17584,1.1733,1.173715,
2025-09-30T06:00:00-07:00,1.173715,1.175915,1.171655,1.17567,
2025-09-30T10:00:00-07:00,1.17567,1.17616,1.173315,1.173355,
2025-09-30T14:00:00-07:00,1.173355,1.174275,1.17298,1.17362,
2025-09-30T18:00:00-07:00,1.17362,1.175875,1.17305,1.17582,
2025-09-30T22:00:00-07:00,1.17582,1.177875,1.174205,1.174975,
2025-10-01T02:00:00-07:00,1.174975,1.176895,1.1716,1.17491,
2025-10-01T06:00:00-07:00,1.17491,1.176345,1.171555,1.172295,
2025-10-01T10:00:00-07:00,1.172295,1.174205,1.17216,1.17305,
2025-10-01T14:00:00-07:00,1.17305,1.17375,1.172465,1.17299,
2025-10-01T18:00:00-07:00,1.17299,1.1742,1.17239,1.17345,
2025-10-01T22:00:00-07:00,1.17345,1.175685,1.17296,1.17538,
2025-10-02T02:00:00-07:00,1.17538,1.17586,1.173445,1.173755,
2025-10-02T06:00:00-07:00,1.173755,1.1744,1.16832,1.17149,
2025-10-02T10:00:00-07:00,1.17149,1.17269,1.17124,1.171555,
2025-10-02T14:00:00-07:00,1.171555,1.172605,1.171375,1.172425,
2025-10-02T18:00:00-07:00,1.172425,1.17294,1.171635,1.1718,
2025-10-02T22:00:00-07:00,1.1718,1.17447,1.171505,1.174035,
2025-10-03T02:00:00-07:00,1.174035,1.174295,1.172705,1.17395,
2025-10-03T06:00:00-07:00,1.17395,1.175935,1.17326,1.17397,
2025-10-03T10:00:00-07:00,1.17397,1.174455,1.17269,1.1742,
2025-10-05T14:00:00-07:00,1.1742,1.1742,1.17064,1.17162,
2025-10-05T18:00:00-07:00,1.17162,1.173085,1.17102,1.17204,
2025-10-05T22:00:00-07:00,1.17204,1.17254,1.165185,1.166785,
2025-10-06T02:00:00-07:00,1.166785,1.16897,1.16526,1.16892,
2025-10-06T06:00:00-07:00,1.16892,1.17211,1.16838,1.171215,
2025-10-06T10:00:00-07:00,1.171215,1.1717,1.170845,1.17107,
2025-10-06T14:00:00-07:00,1.17107,1.171495,1.17043,1.17088,
2025-10-06T18:00:00-07:00,1.17088,1.1709,1.16944,1.16985,
2025-10-06T22:00:00-07:00,1.16985,1.16999,1.166515,1.16661,
2025-10-07T02:00:00-07:00,1.16661,1.1676,1.165395,1.16669,
2025-10-07T06:00:00-07:00,1.16669,1.16813,1.16547,1.167015,
2025-10-07T10:00:00-07:00,1.167015,1.16795,1.16477,1.16571,
2025-10-07T14:00:00-07:00,1.16571,1.166125,1.16457,1.16474,
2025-10-07T18:00:00-07:00,1.16474,1.16474,1.1616,1.16193,
2025-10-07T22:00:00-07:00,1.16193,1.163565,1.1607,1.161465,
2025-10-08T02:00:00-07:00,1.161465,1.163795,1.160595,1.163255,
2025-10-08T06:00:00-07:00,1.163255,1.16448,1.15984,1.16054,
2025-10-08T10:00:00-07:00,1.16054,1.16325,1.159965,1.162975,
2025-10-08T14:00:00-07:00,1.162975,1.164115,1.16247,1.163705,
2025-10-08T18:00:00-07:00,1.163705,1.16479,1.163665,1.16456,
2025-10-08T22:00:00-07:00,1.16456,1.164845,1.160315,1.161245,
2025-10-09T02:00:00-07:00,1.161245,1.162745,1.160495,1.161515,
2025-10-09T06:00:00-07:00,1.161515,1.162325,1.15472,1.15581,
2025-10-09T10:00:00-07:00,1.15581,1.15671,1.15421,1.156445,
2025-10-09T14:00:00-07:00,1.156445,1.157065,1.155705,1.156775,
2025-10-09T18:00:00-07:00,1.156775,1.15742,1.15626,1.15736,
2025-10-09T22:00:00-07:00,1.15736,1.158955,1.156105,1.157895,
2025-10-10T02:00:00-07:00,1.157895,1.15835,1.15592,1.1572,
2025-10-10T06:00:00-07:00,1.1572,1.16309,1.15619,1.16059,
2025-10-10T10:00:00-07:00,1.16059,1.162925,1.15971,1.16245,
2025-10-12T14:00:00-07:00,1.16245,1.16245,1.1592,1.16159,
2025-10-12T18:00:00-07:00,1.16159,1.162765,1.16099,1.16203,
2025-10-12T22:00:00-07:00,1.16203,1.162995,1.158165,1.15855,
2025-10-13T02:00:00-07:00,1.15855,1.15982,1.15618,1.15685,
2025-10-13T06:00:00-07:00,1.15685,1.157935,1.155765,1.157555,
2025-10-13T10:00:00-07:00,1.157555,1.157775,1.15652,1.157025,
2025-10-13T14:00:00-07:00,1.157025,1.157425,1.155515,1.15612,
2025-10-13T18:00:00-07:00,1.15612,1.15928,1.156075,1.1592,
2025-10-13T22:00:00-07:00,1.1592,1.159375,1.15423,1.155915,
2025-10-14T02:00:00-07:00,1.155915,1.156525,1.154655,1.15557,
2025-10-14T06:00:00-07:00,1.15557,1.1615,1.15543,1.16095,
2025-10-14T10:00:00-07:00,1.16095,1.161235,1.160005,1.160675,
2025-10-14T14:00:00-07:00,1.160675,1.16141,1.160175,1.16105,
2025-10-14T18:00:00-07:00,1.16105,1.1626,1.16072,1.16186,
2025-10-14T22:00:00-07:00,1.16186,1.164565,1.161765,1.163275,
2025-10-15T02:00:00-07:00,1.163275,1.16396,1.16138,1.161775,
2025-10-15T06:00:00-07:00,1.161775,1.164735,1.16105,1.16401,
2025-10-15T10:00:00-07:00,1.16401,1.16478,1.1627,1.16474,
2025-10-15T14:00:00-07:00,1.16474,1.16671,1.164285,1.166325,
2025-10-15T18:00:00-07:00,1.166325,1.167535,1.165575,1.165615,
2025-10-15T22:00:00-07:00,1.165615,1.166805,1.164315,1.165895,
2025-10-16T02:00:00-07:00,1.165895,1.16639,1.164635,1.16607,
2025-10-16T06:00:00-07:00,1.16607,1.167905,1.16501,1.167695,
2025-10-16T10:00:00-07:00,1.167695,1.169435,1.16768,1.16874,
2025-10-16T14:00:00-07:00,1.16874,1.171135,1.168355,1.170685,
2025-10-16T18:00:00-07:00,1.170685,1.171235,1.169535,1.171,
2025-10-16T22:00:00-07:00,1.171,1.172855,1.169165,1.169725,
2025-10-17T02:00:00-07:00,1.169725,1.17079,1.1667,1.167655,
2025-10-17T06:00:00-07:00,1.167655,1.16814,1.16567,1.167105,
2025-10-17T10:00:00-07:00,1.167105,1.16759,1.165065,1.16535,
2025-10-19T14:00:00-07:00,1.16535,1.166745,1.165175,1.16666,
2025-10-19T18:00:00-07:00,1.16666,1.1674,1.165665,1.167145,
2025-10-19T22:00:00-07:00,1.167145,1.16756,1.165365,1.166345,
2025-10-20T02:00:00-07:00,1.166345,1.16679,1.164455,1.16535,
2025-10-20T06:00:00-07:00,1.16535,1.16645,1.164635,1.16499,
2025-10-20T10:00:00-07:00,1.16499,1.1653,1.16385,1.1642,
2025-10-20T14:00:00-07:00,1.1642,1.16553,1.16419,1.16532,
2025-10-20T18:00:00-07:00,1.16532,1.16532,1.163195,1.163595,
2025-10-20T22:00:00-07:00,1.163595,1.163775,1.161275,1.16213,
2025-10-21T02:00:00-07:00,1.16213,1.16272,1.160205,1.16112,
2025-10-21T06:00:00-07:00,1.16112,1.16246,1.159775,1.160895,
2025-10-21T10:00:00-07:00,1.160895,1.16101,1.159905,1.159945,
2025-10-21T14:00:00-07:00,1.159945,1.1608,1.159895,1.160475,
2025-10-21T18:00:00-07:00,1.160475,1.16111,1.160145,1.16092,
2025-10-21T22:00:00-07:00,1.16092,1.16158,1.15898,1.15976,
2025-10-22T02:00:00-07:00,1.15976,1.16021,1.157705,1.158305,
2025-10-22T06:00:00-07:00,1.158305,1.16226,1.158185,1.161955,
2025-10-22T10:00:00-07:00,1.161955,1.162065,1.16048,1.161105,
2025-10-22T14:00:00-07:00,1.161105,1.16147,1.15977,1.16042,
2025-10-22T18:00:00-07:00,1.16042,1.16056,1.15907,1.1599,
2025-10-22T22:00:00-07:00,1.1599,1.160625,1.159065,1.15963,
2025-10-23T02:00:00-07:00,1.15963,1.16061,1.158535,1.16008,
2025-10-23T06:00:00-07:00,1.16008,1.162,1.15981,1.160695,
2025-10-23T10:00:00-07:00,1.160695,1.16202,1.16043,1.16183,
2025-10-23T14:00:00-07:00,1.16183,1.162165,1.16148,1.16181,
2025-10-23T18:00:00-07:00,1.16181,1.16188,1.160575,1.16077,
2025-10-23T22:00:00-07:00,1.16077,1.162795,1.16009,1.161025,
2025-10-24T02:00:00-07:00,1.161025,1.165055,1.160535,1.163435,
2025-10-24T06:00:00-07:00,1.163435,1.16435,1.16182,1.162565,
2025-10-24T10:00:00-07:00,1.162565,1.16361,1.162105,1.16282,
2025-10-26T14:00:00-07:00,1.16282,1.163765,1.162575,1.16349,
2025-10-26T18:00:00-07:00,1.16349,1.164785,1.162085,1.16244,
2025-10-26T22:00:00-07:00,1.16244,1.163325,1.16177,1.16282,
2025-10-27T02:00:00-07:00,1.16282,1.165155,1.16262,1.164145,
2025-10-27T06:00:00-07:00,1.164145,1.1643,1.163155,1.163865,
2025-10-27T10:00:00-07:00,1.163865,1.16521,1.16352,1.164495,
2025-10-27T14:00:00-07:00,1.164495,1.16589,1.164495,1.165565,
2025-10-27T18:00:00-07:00,1.165565,1.16677,1.165385,1.16662,
2025-10-27T22:00:00-07:00,1.16662,1.1668,1.164885,1.165235,
2025-10-28T02:00:00-07:00,1.165235,1.1665,1.1635,1.16404,
2025-10-28T06:00:00-07:00,1.16404,1.16679,1.162565,1.16679,
2025-10-28T10:00:00-07:00,1.16679,1.166875,1.1651,1.1651,
2025-10-28T14:00:00-07:00,1.1651,1.166085,1.164855,1.16545,
2025-10-28T18:00:00-07:00,1.16545,1.16561,1.163155,1.16342,
2025-10-28T22:00:00-07:00,1.16342,1.1638,1.162315,1.162335,
2025-10-29T02:00:00-07:00,1.162335,1.16489,1.16187,1.16339,
2025-10-29T06:00:00-07:00,1.16339,1.166595,1.163165,1.165725,
2025-10-29T10:00:00-07:00,1.165725,1.165905,1.15777,1.160125,
2025-10-29T14:00:00-07:00,1.160125,1.16156,1.159695,1.16122,
2025-10-29T18:00:00-07:00,1.16122,1.163745,1.160695,1.16322,
2025-10-29T22:00:00-07:00,1.16322,1.163425,1.160685,1.16173,
2025-10-30T02:00:00-07:00,1.16173,1.162855,1.155325,1.15551,
2025-10-30T06:00:00-07:00,1.15551,1.158625,1.15471,1.15694,
2025-10-30T10:00:00-07:00,1.15694,1.15724,1.156035,1.15648,
2025-10-30T14:00:00-07:00,1.15648,1.157715,1.156395,1.157395,
2025-10-30T18:00:00-07:00,1.157395,1.15777,1.1565,1.15722,
2025-10-30T22:00:00-07:00,1.15722,1.15734,1.1555,1.15708,
2025-10-31T02:00:00-07:00,1.15708,1.157695,1.155335,1.155595,
2025-10-31T06:00:00-07:00,1.155595,1.155635,1.15222,1.153025,
2025-10-31T10:00:00-07:00,1.153025,1.153975,1.15215,1.15374,
2025-11-02T14:00:00-08:00,1.15374,1.15387,1.152165,1.152705,
2025-11-02T18:00:00-08:00,1.152705,1.15377,1.152645,1.15352,
2025-11-02T22:00:00-08:00,1.15352,1.154145,1.150975,1.151455,
2025-11-03T02:00:00-08:00,1.151455,1.15223,1.150585,1.15111,
2025-11-03T06:00:00-08:00,1.15111,1.15379,1.150515,1.152715,
2025-11-03T10:00:00-08:00,1.152715,1.15312,1.15161,1.152025,
2025-11-03T14:00:00-08:00,1.152025,1.152115,1.149835,1.150995,
2025-11-03T18:00:00-08:00,1.150995,1.151775,1.1505,1.15127,
2025-11-03T22:00:00-08:00,1.15127,1.153375,1.150005,1.15012,
2025-11-04T02:00:00-08:00,1.15012,1.150995,1.147685,1.14922,
2025-11-04T06:00:00-08:00,1.14922,1.149675,1.1473,1.148405,
2025-11-04T10:00:00-08:00,1.148405,1.148725,1.14753,1.148225,
2025-11-04T14:00:00-08:00,1.148225,1.14982,1.147975,1.148955,
2025-11-04T18:00:00-08:00,1.148955,1.14944,1.148525,1.14919,
2025-11-04T22:00:00-08:00,1.14919,1.149555,1.14815,1.14845,
2025-11-05T02:00:00-08:00,1.14845,1.14936,1.147295,1.147365,
2025-11-05T06:00:00-08:00,1.147365,1.149315,1.146865,1.14806,
2025-11-05T10:00:00-08:00,1.14806,1.14944,1.14788,1.149235,
2025-11-05T14:00:00-08:00,1.149235,1.1509,1.149005,1.15075,
2025-11-05T18:00:00-08:00,1.15075,1.1511,1.150325,1.151015,
2025-11-05T22:00:00-08:00,1.151015,1.15239,1.150545,1.15137,
2025-11-06T02:00:00-08:00,1.15137,1.154415,1.15102,1.153565,
2025-11-06T06:00:00-08:00,1.153565,1.15429,1.151915,1.15408,
2025-11-06T10:00:00-08:00,1.15408,1.155245,1.15393,1.154715,
2025-11-06T14:00:00-08:00,1.154715,1.15517,1.15363,1.153815,
2025-11-06T18:00:00-08:00,1.153815,1.154315,1.153245,1.15341,
2025-11-06T22:00:00-08:00,1.15341,1.15424,1.152965,1.15383,
2025-11-07T02:00:00-08:00,1.15383,1.156975,1.15375,1.156765,
2025-11-07T06:00:00-08:00,1.156765,1.159115,1.15655,1.158035,
2025-11-07T10:00:00-08:00,1.158035,1.158375,1.155545,1.15664,
2025-11-09T14:00:00-08:00,1.15664,1.15664,1.15416,1.155825,
2025-11-09T18:00:00-08:00,1.155825,1.156655,1.15514,1.1562,
2025-11-09T22:00:00-08:00,1.1562,1.15831,1.155165,1.15683,
2025-11-10T02:00:00-08:00,1.15683,1.157805,1.1554,1.15681,
2025-11-10T06:00:00-08:00,1.15681,1.15686,1.154115,1.15606,
2025-11-10T10:00:00-08:00,1.15606,1.1565,1.15554,1.155715,
2025-11-10T14:00:00-08:00,1.155715,1.156055,1.15472,1.15547,
2025-11-10T18:00:00-08:00,1.15547,1.156535,1.1552,1.15617,
2025-11-10T22:00:00-08:00,1.15617,1.156855,1.15496,1.15648,
2025-11-11T02:00:00-08:00,1.15648,1.16059,1.15626,1.1601,
2025-11-11T06:00:00-08:00,1.1601,1.160515,1.159055,1.159505,
2025-11-11T10:00:00-08:00,1.159505,1.15956,1.15811,1.158235,
2025-11-11T14:00:00-08:00,1.158235,1.15872,1.15746,1.15755,
2025-11-11T18:00:00-08:00,1.15755,1.15816,1.157025,1.15763,
2025-11-11T22:00:00-08:00,1.15763,1.158845,1.15683,1.157015,
2025-11-12T02:00:00-08:00,1.157015,1.158035,1.15653,1.15721,
2025-11-12T06:00:00-08:00,1.15721,1.15979,1.1563,1.159315,
2025-11-12T10:00:00-08:00,1.159315,1.15945,1.158415,1.15936,
2025-11-12T14:00:00-08:00,1.15936,1.159445,1.15791,1.15894,
2025-11-12T18:00:00-08:00,1.15894,1.15931,1.158015,1.15819,
2025-11-12T22:00:00-08:00,1.15819,1.16349,1.158125,1.16166,
2025-11-13T02:00:00-08:00,1.16166,1.162485,1.160465,1.16205,
2025-11-13T06:00:00-08:00,1.16205,1.1656,1.161705,1.16512,
2025-11-13T10:00:00-08:00,1.16512,1.16519,1.16308,1.163335,
2025-11-13T14:00:00-08:00,1.163335,1.164055,1.162345,1.16334,
2025-11-13T18:00:00-08:00,1.16334,1.16483,1.16298,1.164795,
2025-11-13T22:00:00-08:00,1.164795,1.16487,1.16204,1.162155,
2025-11-14T02:00:00-08:00,1.162155,1.165375,1.16089,1.16377,
2025-11-14T06:00:00-08:00,1.16377,1.163845,1.160625,1.161415,
2025-11-14T10:00:00-08:00,1.161415,1.16237,1.160985,1.16217,
2025-11-16T14:00:00-08:00,1.16217,1.16247,1.16052,1.16065,
2025-11-16T18:00:00-08:00,1.16065,1.16066,1.15964,1.160045,
2025-11-16T22:00:00-08:00,1.160045,1.161505,1.159505,1.16014,
2025-11-17T02:00:00-08:00,1.16014,1.160835,1.158855,1.159135,
2025-11-17T06:00:00-08:00,1.159135,1.160195,1.158185,1.15939,
2025-11-17T10:00:00-08:00,1.15939,1.15955,1.15826,1.15914,
2025-11-17T14:00:00-08:00,1.15914,1.15945,1.15846,1.15909,
2025-11-17T18:00:00-08:00,1.15909,1.160385,1.15882,1.159785,
2025-11-17T22:00:00-08:00,1.159785,1.16065,1.15875,1.158935,
2025-11-18T02:00:00-08:00,1.158935,1.160195,1.157975,1.15969,
2025-11-18T06:00:00-08:00,1.15969,1.160785,1.157155,1.15757,
2025-11-18T10:00:00-08:00,1.15757,1.158715,1.1575,1.1581,
2025-11-18T14:00:00-08:00,1.1581,1.15852,1.157605,1.157685,
2025-11-18T18:00:00-08:00,1.157685,1.15909,1.15726,1.158905,
2025-11-18T22:00:00-08:00,1.158905,1.15974,1.156555,1.15734,
2025-11-19T02:00:00-08:00,1.15734,1.1591,1.15676,1.15728,
2025-11-19T06:00:00-08:00,1.15728,1.15738,1.15261,1.15331,
2025-11-19T10:00:00-08:00,1.15331,1.1539,1.1518,1.15375,
2025-11-19T14:00:00-08:00,1.15375,1.154215,1.15225,1.15229,
2025-11-19T18:00:00-08:00,1.15229,1.152375,1.15102,1.15157,
2025-11-19T22:00:00-08:00,1.15157,1.15279,1.15115,1.15275,
2025-11-20T02:00:00-08:00,1.15275,1.153985,1.15016,1.15277,
2025-11-20T06:00:00-08:00,1.15277,1.155005,1.15201,1.15288,
2025-11-20T10:00:00-08:00,1.15288,1.15408,1.15239,1.152795,
2025-11-20T14:00:00-08:00,1.152795,1.15384,1.152345,1.15326,
2025-11-20T18:00:00-08:00,1.15326,1.154215,1.153235,1.153515,
2025-11-20T22:00:00-08:00,1.153515,1.155255,1.1525,1.15253,
2025-11-21T02:00:00-08:00,1.15253,1.152715,1.149655,1.152075,
2025-11-21T06:00:00-08:00,1.152075,1.152355,1.14911,1.15073,
2025-11-21T10:00:00-08:00,1.15073,1.152095,1.150205,1.151515,
2025-11-23T14:00:00-08:00,1.151515,1.15196,1.15019,1.15105,
2025-11-23T18:00:00-08:00,1.15105,1.152835,1.151045,1.152255,
2025-11-23T22:00:00-08:00,1.152255,1.15346,1.150975,1.15299,
2025-11-24T02:00:00-08:00,1.15299,1.155065,1.15298,1.153855,
2025-11-24T06:00:00-08:00,1.153855,1.154125,1.15116,1.151805,
2025-11-24T10:00:00-08:00,1.151805,1.15293,1.15173,1.152075,
2025-11-24T14:00:00-08:00,1.152075,1.15301,1.15188,1.152585,
2025-11-24T18:00:00-08:00,1.152585,1.153035,1.15117,1.151685,
2025-11-24T22:00:00-08:00,1.151685,1.15369,1.151485,1.15342,
2025-11-25T02:00:00-08:00,1.15342,1.15629,1.152475,1.15584,
2025-11-25T06:00:00-08:00,1.15584,1.158415,1.155,1.15824,
2025-11-25T10:00:00-08:00,1.15824,1.15859,1.155815,1.15702,
2025-11-25T14:00:00-08:00,1.15702,1.158315,1.15633,1.157735,
2025-11-25T18:00:00-08:00,1.157735,1.159175,1.157475,1.159105,
2025-11-25T22:00:00-08:00,1.159105,1.15959,1.156585,1.157205,
2025-11-26T02:00:00-08:00,1.157205,1.158395,1.154845,1.155235,
2025-11-26T06:00:00-08:00,1.155235,1.160095,1.15472,1.15931,
2025-11-26T10:00:00-08:00,1.15931,1.15975,1.15893,1.15954,
2025-11-26T14:00:00-08:00,1.15954,1.161265,1.158975,1.160925,
2025-11-26T18:00:00-08:00,1.160925,1.16135,1.16001,1.160235,
2025-11-26T22:00:00-08:00,1.160235,1.160545,1.15766,1.15777,
2025-11-27T02:00:00-08:00,1.15777,1.1597,1.15771,1.159505,
2025-11-27T06:00:00-08:00,1.159505,1.160155,1.15905,1.1595,
2025-11-27T10:00:00-08:00,1.1595,1.159725,1.15913,1.159575,
2025-11-27T14:00:00-08:00,1.159575,1.16021,1.158165,1.158315,
2025-11-27T18:00:00-08:00,1.158315,1.159395,1.15806,1.15888,
2025-11-27T22:00:00-08:00,1.15888,1.15903,1.15667,1.156895,
2025-11-28T02:00:00-08:00,1.156895,1.157865,1.155545,1.15747,
2025-11-28T06:00:00-08:00,1.15747,1.16076,1.157125,1.160275,
2025-11-28T10:00:00-08:00,1.160275,1.16047,1.159585,1.159955,
2025-11-30T14:00:00-08:00,1.159955,1.16159,1.159325,1.16052,
2025-11-30T18:00:00-08:00,1.16052,1.160585,1.15895,1.159795,
2025-11-30T22:00:00-08:00,1.159795,1.162375,1.159055,1.16223,
2025-12-01T02:00:00-08:00,1.16223,1.16521,1.161915,1.16451,
2025-12-01T06:00:00-08:00,1.16451,1.16452,1.16179,1.162075,
2025-12-01T10:00:00-08:00,1.162075,1.162365,1.160655,1.16096,
2025-12-01T14:00:00-08:00,1.16096,1.161115,1.16038,1.16094,
2025-12-01T18:00:00-08:00,1.16094,1.161425,1.16072,1.16101,
2025-12-01T22:00:00-08:00,1.16101,1.161645,1.16024,1.16103,
2025-12-02T02:00:00-08:00,1.16103,1.161965,1.15984,1.161765,
2025-12-02T06:00:00-08:00,1.161765,1.162345,1.159125,1.160735,
2025-12-02T10:00:00-08:00,1.160735,1.162605,1.16057,1.162425,
2025-12-02T14:00:00-08:00,1.162425,1.163775,1.1621,1.163705,
2025-12-02T18:00:00-08:00,1.163705,1.164385,1.16355,1.16427,
2025-12-02T22:00:00-08:00,1.16427,1.16529,1.163575,1.164585,
2025-12-03T02:00:00-08:00,1.164585,1.167555,1.164505,1.166645,
2025-12-03T06:00:00-08:00,1.166645,1.16709,1.16546,1.16686,
2025-12-03T10:00:00-08:00,1.16686,1.167795,1.166425,1.16711,
2025-12-03T14:00:00-08:00,1.16711,1.16747,1.165895,1.16633,
2025-12-03T18:00:00-08:00,1.16633,1.166395,1.165335,1.165965,
2025-12-03T22:00:00-08:00,1.165965,1.16821,1.16531,1.167765,
2025-12-04T02:00:00-08:00,1.167765,1.168095,1.16522,1.1665,
2025-12-04T06:00:00-08:00,1.1665,1.167705,1.165305,1.16562,
2025-12-04T10:00:00-08:00,1.16562,1.16599,1.164105,1.16442,
2025-12-04T14:00:00-08:00,1.16442,1.165375,1.16411,1.165355,
2025-12-04T18:00:00-08:00,1.165355,1.16593,1.164655,1.16593,
2025-12-04T22:00:00-08:00,1.16593,1.167195,1.16483,1.165465,
2025-12-05T02:00:00-08:00,1.165465,1.1657,1.16416,1.165175,
2025-12-05T06:00:00-08:00,1.165175,1.16603,1.1628,1.164425,
2025-12-05T10:00:00-08:00,1.164425,1.16487,1.16398,1.16409,
2025-12-07T14:00:00-08:00,1.16409,1.16533,1.163915,1.165175,
2025-12-07T18:00:00-08:00,1.165175,1.165635,1.164885,1.16562,
2025-12-07T22:00:00-08:00,1.16562,1.1672,1.16479,1.16488,
2025-12-08T02:00:00-08:00,1.16488,1.165745,1.16456,1.164835,
2025-12-08T06:00:00-08:00,1.164835,1.165485,1.16164,1.16391,
2025-12-08T10:00:00-08:00,1.16391,1.164205,1.16343,1.163745,
2025-12-08T14:00:00-08:00,1.163745,1.16476,1.163365,1.164725,
2025-12-08T18:00:00-08:00,1.164725,1.16505,1.16437,1.164905,
2025-12-08T22:00:00-08:00,1.164905,1.165725,1.163365,1.16524,
2025-12-09T02:00:00-08:00,1.16524,1.165425,1.1629,1.163455,
2025-12-09T06:00:00-08:00,1.163455,1.16412,1.161515,1.16241,
2025-12-09T10:00:00-08:00,1.16241,1.16321,1.161695,1.162795,
2025-12-09T14:00:00-08:00,1.162795,1.16294,1.16225,1.16239,
2025-12-09T18:00:00-08:00,1.16239,1.1631,1.16219,1.16299,
2025-12-09T22:00:00-08:00,1.16299,1.165785,1.16288,1.16366,
2025-12-10T02:00:00-08:00,1.16366,1.164245,1.162755,1.164005,
2025-12-10T06:00:00-08:00,1.164005,1.166025,1.16339,1.165875,
2025-12-10T10:00:00-08:00,1.165875,1.16998,1.164625,1.169535,
2025-12-10T14:00:00-08:00,1.169535,1.170745,1.168725,1.170185,
2025-12-10T18:00:00-08:00,1.170185,1.170625,1.168475,1.16855,
2025-12-10T22:00:00-08:00,1.16855,1.17067,1.168225,1.17022,
2025-12-11T02:00:00-08:00,1.17022,1.17366,1.16989,1.173115,
2025-12-11T06:00:00-08:00,1.173115,1.17628,1.17304,1.17553,
2025-12-11T10:00:00-08:00,1.17553,1.17594,1.173655,1.173805,
2025-12-11T14:00:00-08:00,1.173805,1.17464,1.17326,1.17349,
2025-12-11T18:00:00-08:00,1.17349,1.17396,1.17313,1.17387,
2025-12-11T22:00:00-08:00,1.17387,1.174345,1.172695,1.17329,
2025-12-12T02:00:00-08:00,1.17329,1.173515,1.171955,1.17275,
2025-12-12T06:00:00-08:00,1.17275,1.17482,1.17232,1.17479,
2025-12-12T10:00:00-08:00,1.17479,1.17499,1.173535,1.17405,
2025-12-14T14:00:00-08:00,1.17405,1.174245,1.17285,1.174145,
2025-12-14T18:00:00-08:00,1.174145,1.174495,1.17319,1.17344,
2025-12-14T22:00:00-08:00,1.17344,1.17436,1.17265,1.174345,
2025-12-15T02:00:00-08:00,1.174345,1.176005,1.173905,1.17474,
2025-12-15T06:00:00-08:00,1.17474,1.176895,1.174415,1.174585,
2025-12-15T10:00:00-08:00,1.174585,1.17541,1.173835,1.175275,
2025-12-15T14:00:00-08:00,1.175275,1.17581,1.174665,1.175195,
2025-12-15T18:00:00-08:00,1.175195,1.175935,1.174935,1.17506,
2025-12-15T22:00:00-08:00,1.17506,1.176415,1.17445,1.175615,
2025-12-16T02:00:00-08:00,1.175615,1.179475,1.17517,1.177575,
2025-12-16T06:00:00-08:00,1.177575,1.18043,1.176125,1.176405,
2025-12-16T10:00:00-08:00,1.176405,1.176405,1.173465,1.174705,
2025-12-16T14:00:00-08:00,1.174705,1.175235,1.17451,1.17472,
2025-12-16T18:00:00-08:00,1.17472,1.174805,1.17249,1.172925,
2025-12-16T22:00:00-08:00,1.172925,1.17306,1.170315,1.171615,
2025-12-17T02:00:00-08:00,1.171615,1.17333,1.17078,1.173185,
2025-12-17T06:00:00-08:00,1.173185,1.17583,1.17282,1.17495,
2025-12-17T10:00:00-08:00,1.17495,1.17557,1.17386,1.174055,
2025-12-17T14:00:00-08:00,1.174055,1.17459,1.173525,1.17386,
2025-12-17T18:00:00-08:00,1.17386,1.17469,1.173695,1.1746,
2025-12-17T22:00:00-08:00,1.1746,1.174975,1.171735,1.172215,
2025-12-18T02:00:00-08:00,1.172215,1.176305,1.171215,1.174695,
2025-12-18T06:00:00-08:00,1.174695,1.175575,1.171525,1.17189,
2025-12-18T10:00:00-08:00,1.17189,1.17278,1.171535,1.17217,
2025-12-18T14:00:00-08:00,1.17217,1.17289,1.171865,1.17244,
2025-12-18T18:00:00-08:00,1.17244,1.17286,1.17156,1.17199,
2025-12-18T22:00:00-08:00,1.17199,1.17217,1.170345,1.17123,
2025-12-19T02:00:00-08:00,1.17123,1.17195,1.170255,1.17194,
2025-12-19T06:00:00-08:00,1.17194,1.1738,1.170835,1.17194,
2025-12-19T10:00:00-08:00,1.17194,1.17275,1.170625,1.171075,
2025-12-21T14:00:00-08:00,1.171075,1.171945,1.17062,1.171725,
2025-12-21T18:00:00-08:00,1.171725,1.172215,1.17136,1.17175,
2025-12-21T22:00:00-08:00,1.17175,1.173835,1.171295,1.173015,
2025-12-22T02:00:00-08:00,1.173015,1.175455,1.17287,1.175075,
2025-12-22T06:00:00-08:00,1.175075,1.17695,1.17451,1.175825,
2025-12-22T10:00:00-08:00,1.175825,1.17625,1.17489,1.17606,
2025-12-22T14:00:00-08:00,1.17606,1.17763,1.17567,1.17731,
2025-12-22T18:00:00-08:00,1.17731,1.17806,1.177255,1.177515,
2025-12-22T22:00:00-08:00,1.177515,1.179295,1.176865,1.179265,
2025-12-23T02:00:00-08:00,1.179265,1.18021,1.177435,1.177475,
2025-12-23T06:00:00-08:00,1.177475,1.178055,1.176395,1.177085,
2025-12-23T10:00:00-08:00,1.177085,1.17972,1.17697,1.179465,
2025-12-23T14:00:00-08:00,1.179465,1.18065,1.17904,1.18053,
2025-12-23T18:00:00-08:00,1.18053,1.180805,1.1786,1.179915,
2025-12-23T22:00:00-08:00,1.179915,1.1804,1.17797,1.179975,
2025-12-24T02:00:00-08:00,1.179975,1.18001,1.17838,1.178545,
2025-12-24T06:00:00-08:00,1.178545,1.178705,1.177265,1.177665,
2025-12-24T10:00:00-08:00,1.177665,1.17823,1.177425,1.17792,
2025-12-25T14:00:00-08:00,1.17792,1.179225,1.17768,1.178725,
2025-12-25T18:00:00-08:00,1.178725,1.17937,1.178,1.178625,
2025-12-25T22:00:00-08:00,1.178625,1.1788,1.17665,1.177025,
2025-12-26T02:00:00-08:00,1.177025,1.179685,1.176905,1.17914,
2025-12-26T06:00:00-08:00,1.17914,1.179455,1.176145,1.17702,
2025-12-26T10:00:00-08:00,1.17702,1.178165,1.176595,1.17721,
2025-12-28T14:00:00-08:00,1.17721,1.178635,1.177015,1.17842,
2025-12-28T18:00:00-08:00,1.17842,1.17854,1.175395,1.17561,
2025-12-28T22:00:00-08:00,1.17561,1.17892,1.175425,1.177635,
2025-12-29T02:00:00-08:00,1.177635,1.17802,1.175565,1.17698,
2025-12-29T06:00:00-08:00,1.17698,1.178885,1.174945,1.17521,
2025-12-29T10:00:00-08:00,1.17521,1.177485,1.17507,1.17727,
2025-12-29T14:00:00-08:00,1.17727,1.177535,1.176605,1.17751,
2025-12-29T18:00:00-08:00,1.17751,1.1779,1.17706,1.17753,
2025-12-29T22:00:00-08:00,1.17753,1.17799,1.17643,1.176895,
2025-12-30T02:00:00-08:00,1.176895,1.17775,1.175535,1.17636,
2025-12-30T06:00:00-08:00,1.17636,1.176665,1.17453,1.1756,
2025-12-30T10:00:00-08:00,1.1756,1.175945,1.174335,1.17481,
2025-12-30T14:00:00-08:00,1.17481,1.174915,1.17418,1.17425,
2025-12-30T18:00:00-08:00,1.17425,1.17438,1.17331,1.173855,
2025-12-30T22:00:00-08:00,1.173855,1.174,1.172,1.173525,
2025-12-31T02:00:00-08:00,1.173525,1.175945,1.17287,1.1742,
2025-12-31T06:00:00-08:00,1.1742,1.174895,1.17203,1.173605,
2025-12-31T10:00:00-08:00,1.173605,1.175315,1.17303,1.17458,
2026-01-01T14:00:00-08:00,1.17458,1.17629,1.17458,1.176095,
2026-01-01T18:00:00-08:00,1.176095,1.1765,1.175095,1.175135,
2026-01-01T22:00:00-08:00,1.175135,1.175155,1.17207,1.17216,
2026-01-02T02:00:00-08:00,1.17216,1.17292,1.17132,1.17216,
2026-01-02T06:00:00-08:00,1.17216,1.17546,1.17158,1.17308,
2026-01-02T10:00:00-08:00,1.17308,1.173145,1.17143,1.17208,
2026-01-04T14:00:00-08:00,1.17208,1.172485,1.169955,1.170045,
2026-01-04T18:00:00-08:00,1.170045,1.17018,1.16722,1.168545,
2026-01-04T22:00:00-08:00,1.168545,1.169495,1.16738,1.16826,
2026-01-05T02:00:00-08:00,1.16826,1.169095,1.165915,1.16746,
2026-01-05T06:00:00-08:00,1.16746,1.17198,1.16733,1.17145,
2026-01-05T10:00:00-08:00,1.17145,1.172895,1.17134,1.172155,
2026-01-05T14:00:00-08:00,1.172155,1.17255,1.17108,1.17255,
2026-01-05T18:00:00-08:00,1.17255,1.173835,1.17222,1.172885,
2026-01-05T22:00:00-08:00,1.172885,1.1743,1.170805,1.17133,
2026-01-06T02:00:00-08:00,1.17133,1.171735,1.169715,1.171115,
2026-01-06T06:00:00-08:00,1.171115,1.17177,1.1684,1.17007,
2026-01-06T10:00:00-08:00,1.17007,1.17023,1.168395,1.168855,
2026-01-06T14:00:00-08:00,1.168855,1.170065,1.16853,1.16958,
2026-01-06T18:00:00-08:00,1.16958,1.17027,1.16908,1.16932,
2026-01-06T22:00:00-08:00,1.16932,1.16997,1.16729,1.168435,
2026-01-07T02:00:00-08:00,1.168435,1.16947,1.16811,1.16917,
2026-01-07T06:00:00-08:00,1.16917,1.169865,1.168005,1.1688,
2026-01-07T10:00:00-08:00,1.1688,1.169055,1.167375,1.16739,
2026-01-07T14:00:00-08:00,1.16739,1.167815,1.16729,1.167475,
2026-01-07T18:00:00-08:00,1.167475,1.1683,1.167265,1.168245,
2026-01-07T22:00:00-08:00,1.168245,1.16831,1.166895,1.167685,
2026-01-08T02:00:00-08:00,1.167685,1.16821,1.16583,1.16628,
2026-01-08T06:00:00-08:00,1.16628,1.167395,1.164365,1.16507,
2026-01-08T10:00:00-08:00,1.16507,1.16627,1.164265,1.16594,
2026-01-08T14:00:00-08:00,1.16594,1.16622,1.16482,1.16491,
2026-01-08T18:00:00-08:00,1.16491,1.16593,1.164615,1.165115,
2026-01-08T22:00:00-08:00,1.165115,1.16532,1.164,1.16425,
2026-01-09T02:00:00-08:00,1.16425,1.166075,1.16256,1.16452,
2026-01-09T06:00:00-08:00,1.16452,1.16526,1.16181,1.163175,
2026-01-09T10:00:00-08:00,1.163175,1.164,1.162965,1.163385,
2026-01-11T14:00:00-08:00,1.163385,1.16715,1.16217,1.16561,
2026-01-11T18:00:00-08:00,1.16561,1.167115,1.1653,1.166925,
2026-01-11T22:00:00-08:00,1.166925,1.16959,1.16642,1.16818,
2026-01-12T02:00:00-08:00,1.16818,1.16985,1.167565,1.1693,
2026-01-12T06:00:00-08:00,1.1693,1.1693,1.16662,1.16686,
2026-01-12T10:00:00-08:00,1.16686,1.16739,1.1663,1.16672,
2026-01-12T14:00:00-08:00,1.16672,1.167145,1.165635,1.16585,
2026-01-12T18:00:00-08:00,1.16585,1.16677,1.165665,1.16628,
2026-01-12T22:00:00-08:00,1.16628,1.16727,1.165375,1.1672,
2026-01-13T02:00:00-08:00,1.1672,1.167765,1.16502,1.16685,
2026-01-13T06:00:00-08:00,1.16685,1.16733,1.16342,1.164615,
2026-01-13T10:00:00-08:00,1.164615,1.165455,1.164155,1.164235,
2026-01-13T14:00:00-08:00,1.164235,1.16458,1.163685,1.16383,
2026-01-13T18:00:00-08:00,1.16383,1.16491,1.16363,1.164205,
2026-01-13T22:00:00-08:00,1.164205,1.16539,1.16411,1.16519,
2026-01-14T02:00:00-08:00,1.16519,1.166015,1.164385,1.165015,
2026-01-14T06:00:00-08:00,1.165015,1.166175,1.164555,1.16469,
2026-01-14T10:00:00-08:00,1.16469,1.16478,1.163535,1.16438,
2026-01-14T14:00:00-08:00,1.16438,1.16471,1.163325,1.16387,
2026-01-14T18:00:00-08:00,1.16387,1.16417,1.163365,1.16352,
2026-01-14T22:00:00-08:00,1.16352,1.16399,1.162595,1.16358,
2026-01-15T02:00:00-08:00,1.16358,1.16411,1.15988,1.16013,
2026-01-15T06:00:00-08:00,1.16013,1.16139,1.1593,1.16089,
2026-01-15T10:00:00-08:00,1.16089,1.16176,1.160285,1.160845,
2026-01-15T14:00:00-08:00,1.160845,1.161035,1.16025,1.160695,
2026-01-15T18:00:00-08:00,1.160695,1.161435,1.16061,1.16067,
2026-01-15T22:00:00-08:00,1.16067,1.16153,1.16043,1.16084,
2026-01-16T02:00:00-08:00,1.16084,1.16235,1.16082,1.161865,
2026-01-16T06:00:00-08:00,1.161865,1.162745,1.158435,1.15957,
2026-01-16T10:00:00-08:00,1.15957,1.16024,1.158945,1.15979,
2026-01-18T14:00:00-08:00,1.15979,1.163795,1.157815,1.16227,
2026-01-18T18:00:00-08:00,1.16227,1.163765,1.161575,1.162765,
2026-01-18T22:00:00-08:00,1.162765,1.16415,1.16113,1.162435,
2026-01-19T02:00:00-08:00,1.162435,1.16357,1.16202,1.163195,
2026-01-19T06:00:00-08:00,1.163195,1.164745,1.163025,1.164585,
2026-01-19T10:00:00-08:00,1.164585,1.16489,1.16418,1.16456,
2026-01-19T14:00:00-08:00,1.16456,1.16474,1.163245,1.164385,
2026-01-19T18:00:00-08:00,1.164385,1.167255,1.16406,1.166325,
2026-01-19T22:00:00-08:00,1.166325,1.173295,1.166225,1.172625,
2026-01-20T02:00:00-08:00,1.172625,1.176885,1.171535,1.173345,
2026-01-20T06:00:00-08:00,1.173345,1.174285,1.171535,1.173155,
2026-01-20T10:00:00-08:00,1.173155,1.17342,1.171085,1.172435,
2026-01-20T14:00:00-08:00,1.172435,1.17344,1.171665,1.17291,
2026-01-20T18:00:00-08:00,1.17291,1.17318,1.171065,1.17175,
2026-01-20T22:00:00-08:00,1.17175,1.17255,1.17013,1.170365,
2026-01-21T02:00:00-08:00,1.170365,1.17431,1.17015,1.17395,
2026-01-21T06:00:00-08:00,1.17395,1.174075,1.16947,1.170285,
2026-01-21T10:00:00-08:00,1.170285,1.17055,1.16763,1.168425,
2026-01-21T14:00:00-08:00,1.168425,1.16903,1.166985,1.16889,
2026-01-21T18:00:00-08:00,1.16889,1.16974,1.16834,1.168845,
2026-01-21T22:00:00-08:00,1.168845,1.16975,1.168415,1.169265,
2026-01-22T02:00:00-08:00,1.169265,1.17187,1.168665,1.17139,
2026-01-22T06:00:00-08:00,1.17139,1.175085,1.171085,1.17466,
2026-01-22T10:00:00-08:00,1.17466,1.175655,1.174125,1.175445,
2026-01-22T14:00:00-08:00,1.175445,1.175945,1.17471,1.17494,
2026-01-22T18:00:00-08:00,1.17494,1.175405,1.17431,1.1751,
2026-01-22T22:00:00-08:00,1.1751,1.17531,1.17283,1.17355,
2026-01-23T02:00:00-08:00,1.17355,1.17474,1.17301,1.173425,
2026-01-23T06:00:00-08:00,1.173425,1.179895,1.17319,1.17943,
2026-01-23T10:00:00-08:00,1.17943,1.18337,1.17774,1.18302,
2026-01-25T14:00:00-08:00,1.18302,1.18978,1.18302,1.18579,
2026-01-25T18:00:00-08:00,1.18579,1.18766,1.18555,1.18651,
2026-01-25T22:00:00-08:00,1.18651,1.186755,1.183675,1.186365,
2026-01-26T02:00:00-08:00,1.186365,1.186535,1.1835,1.18559,
2026-01-26T06:00:00-08:00,1.18559,1.19072,1.18526,1.18789,
2026-01-26T10:00:00-08:00,1.18789,1.18904,1.187065,1.187975,
2026-01-26T14:00:00-08:00,1.187975,1.188285,1.187165,1.187875,
2026-01-26T18:00:00-08:00,1.187875,1.189945,1.187005,1.18769,
2026-01-26T22:00:00-08:00,1.18769,1.18899,1.18504,1.188895,
2026-01-27T02:00:00-08:00,1.188895,1.19387,1.187415,1.19235,
2026-01-27T06:00:00-08:00,1.19235,1.199025,1.191835,1.198,
2026-01-27T10:00:00-08:00,1.198,1.208265,1.19712,1.204195,
2026-01-27T14:00:00-08:00,1.204195,1.20466,1.199285,1.199305,
2026-01-27T18:00:00-08:00,1.199305,1.200505,1.1975,1.19971,
2026-01-27T22:00:00-08:00,1.19971,1.20258,1.19706,1.198685,
2026-01-28T02:00:00-08:00,1.198685,1.19949,1.195195,1.19575,
2026-01-28T06:00:00-08:00,1.19575,1.197765,1.191845,1.194105,
2026-01-28T10:00:00-08:00,1.194105,1.195455,1.18958,1.195435,
2026-01-28T14:00:00-08:00,1.195435,1.19854,1.19523,1.19614,
2026-01-28T18:00:00-08:00,1.19614,1.19937,1.195335,1.198135,
2026-01-28T22:00:00-08:00,1.198135,1.19967,1.19516,1.19559,
2026-01-29T02:00:00-08:00,1.19559,1.19709,1.1938,1.19562,
2026-01-29T06:00:00-08:00,1.19562,1.197265,1.190615,1.19561,
2026-01-29T10:00:00-08:00,1.19561,1.19716,1.194585,1.197035,
2026-01-29T14:00:00-08:00,1.197035,1.19747,1.19143,1.191715,
2026-01-29T18:00:00-08:00,1.191715,1.193525,1.189465,1.19249,
2026-01-29T22:00:00-08:00,1.19249,1.19432,1.189835,1.19084,
2026-01-30T02:00:00-08:00,1.19084,1.195475,1.190185,1.191265,
2026-01-30T06:00:00-08:00,1.191265,1.192115,1.186665,1.18724,
2026-01-30T10:00:00-08:00,1.18724,1.188505,1.18497,1.18497,
2026-02-01T14:00:00-08:00,1.18497,1.187475,1.18399,1.187065,
2026-02-01T18:00:00-08:00,1.187065,1.18748,1.184105,1.18507,
2026-02-01T22:00:00-08:00,1.18507,1.18666,1.18432,1.186235,
2026-02-02T02:00:00-08:00,1.186235,1.18715,1.181805,1.18208,
2026-02-02T06:00:00-08:00,1.18208,1.18299,1.179025,1.18001,
2026-02-02T10:00:00-08:00,1.18001,1.18013,1.177595,1.179095,
2026-02-02T14:00:00-08:00,1.179095,1.1815,1.178705,1.18141,
2026-02-02T18:00:00-08:00,1.18141,1.18167,1.18008,1.18089,
2026-02-02T22:00:00-08:00,1.18089,1.18246,1.17922,1.17922,
2026-02-03T02:00:00-08:00,1.17922,1.18068,1.178265,1.179615,
2026-02-03T06:00:00-08:00,1.179615,1.182905,1.17801,1.181635,
2026-02-03T10:00:00-08:00,1.181635,1.18254,1.18058,1.18201,
2026-02-03T14:00:00-08:00,1.18201,1.183205,1.18088,1.182605,
2026-02-03T18:00:00-08:00,1.182605,1.18362,1.1819,1.18329,
2026-02-03T22:00:00-08:00,1.18329,1.183805,1.181135,1.18141,
2026-02-04T02:00:00-08:00,1.18141,1.182725,1.180465,1.182245,
2026-02-04T06:00:00-08:00,1.182245,1.182575,1.179065,1.179775,
2026-02-04T10:00:00-08:00,1.179775,1.18098,1.179455,1.18073,
2026-02-04T14:00:00-08:00,1.18073,1.18083,1.17996,1.180385,
2026-02-04T18:00:00-08:00,1.180385,1.180535,1.178285,1.17901,
2026-02-04T22:00:00-08:00,1.17901,1.180895,1.17804,1.17808,
2026-02-05T02:00:00-08:00,1.17808,1.181545,1.17804,1.18119,
2026-02-05T06:00:00-08:00,1.18119,1.18219,1.17819,1.180105,
2026-02-05T10:00:00-08:00,1.180105,1.18029,1.1775,1.17774,
2026-02-05T14:00:00-08:00,1.17774,1.17883,1.17657,1.17851,
2026-02-05T18:00:00-08:00,1.17851,1.18014,1.178475,1.17984,
2026-02-05T22:00:00-08:00,1.17984,1.180185,1.17858,1.179205,
2026-02-06T02:00:00-08:00,1.179205,1.18113,1.178575,1.18104,
2026-02-06T06:00:00-08:00,1.18104,1.18262,1.180515,1.18181,
2026-02-06T10:00:00-08:00,1.18181,1.182405,1.181345,1.18156,
2026-02-08T14:00:00-08:00,1.18156,1.183365,1.180975,1.182565,
2026-02-08T18:00:00-08:00,1.182565,1.18364,1.181615,1.18333,
2026-02-08T22:00:00-08:00,1.18333,1.186995,1.183305,1.186215,
2026-02-09T02:00:00-08:00,1.186215,1.19058,1.185515,1.19037,
2026-02-09T06:00:00-08:00,1.19037,1.192665,1.1893,1.19087,
2026-02-09T10:00:00-08:00,1.19087,1.19224,1.19035,1.19142,
2026-02-09T14:00:00-08:00,1.19142,1.19154,1.189665,1.19058,
2026-02-09T18:00:00-08:00,1.19058,1.19171,1.19038,1.19072,
2026-02-09T22:00:00-08:00,1.19072,1.192,1.18994,1.191455,
2026-02-10T02:00:00-08:00,1.191455,1.19176,1.188845,1.190555,
2026-02-10T06:00:00-08:00,1.190555,1.19287,1.189325,1.189575,
2026-02-10T10:00:00-08:00,1.189575,1.190345,1.18866,1.1895,
2026-02-10T14:00:00-08:00,1.1895,1.19021,1.188655,1.189775,
2026-02-10T18:00:00-08:00,1.189775,1.191925,1.18977,1.191845,
2026-02-10T22:00:00-08:00,1.191845,1.19257,1.19103,1.1918,
2026-02-11T02:00:00-08:00,1.1918,1.192725,1.183315,1.1862,
2026-02-11T06:00:00-08:00,1.1862,1.189365,1.18512,1.188585,
2026-02-11T10:00:00-08:00,1.188585,1.189095,1.18688,1.18718,
2026-02-11T14:00:00-08:00,1.18718,1.188255,1.18669,1.188075,
2026-02-11T18:00:00-08:00,1.188075,1.188465,1.185835,1.18646,
2026-02-11T22:00:00-08:00,1.18646,1.188795,1.18525,1.188715,
2026-02-12T02:00:00-08:00,1.188715,1.188735,1.186705,1.1885,
2026-02-12T06:00:00-08:00,1.1885,1.189,1.186005,1.18652,
2026-02-12T10:00:00-08:00,1.18652,1.18728,1.185625,1.18707,
2026-02-12T14:00:00-08:00,1.18707,1.18736,1.186325,1.186725,
2026-02-12T18:00:00-08:00,1.186725,1.18713,1.185805,1.185955,
2026-02-12T22:00:00-08:00,1.185955,1.186655,1.184715,1.186075,
2026-02-13T02:00:00-08:00,1.186075,1.18848,1.1853,1.187435,
2026-02-13T06:00:00-08:00,1.187435,1.188295,1.18476,1.1875,
2026-02-13T10:00:00-08:00,1.1875,1.18807,1.186445,1.18687,
2026-02-15T14:00:00-08:00,1.18687,1.18776,1.18591,1.18655,
2026-02-15T18:00:00-08:00,1.18655,1.18691,1.186095,1.186485,
2026-02-15T22:00:00-08:00,1.186485,1.18705,1.185695,1.186455,
2026-02-16T02:00:00-08:00,1.186455,1.186775,1.184925,1.18546,
2026-02-16T06:00:00-08:00,1.18546,1.18636,1.184635,1.18482,
2026-02-16T10:00:00-08:00,1.18482,1.18552,1.18482,1.185105,
2026-02-16T14:00:00-08:00,1.185105,1.18522,1.184085,1.184445,
2026-02-16T18:00:00-08:00,1.184445,1.184745,1.183565,1.18415,
2026-02-16T22:00:00-08:00,1.18415,1.184995,1.182885,1.18467,
2026-02-17T02:00:00-08:00,1.18467,1.18473,1.18159,1.18223,
2026-02-17T06:00:00-08:00,1.18223,1.184225,1.1805,1.18395,
2026-02-17T10:00:00-08:00,1.18395,1.185555,1.18388,1.18554,
2026-02-17T14:00:00-08:00,1.18554,1.185755,1.184255,1.18464,
2026-02-17T18:00:00-08:00,1.18464,1.184745,1.18394,1.18458,
2026-02-17T22:00:00-08:00,1.18458,1.18465,1.182855,1.183615,
2026-02-18T02:00:00-08:00,1.183615,1.18487,1.182365,1.182385,
2026-02-18T06:00:00-08:00,1.182385,1.182775,1.18021,1.180625,
2026-02-18T10:00:00-08:00,1.180625,1.18075,1.17821,1.17832,
2026-02-18T14:00:00-08:00,1.17832,1.17953,1.17832,1.179465,
2026-02-18T18:00:00-08:00,1.179465,1.17957,1.17848,1.17918,
2026-02-18T22:00:00-08:00,1.17918,1.18077,1.17899,1.18,
2026-02-19T02:00:00-08:00,1.18,1.180315,1.175145,1.17655,
2026-02-19T06:00:00-08:00,1.17655,1.177555,1.174205,1.17659,
2026-02-19T10:00:00-08:00,1.17659,1.177825,1.175905,1.17734,
2026-02-19T14:00:00-08:00,1.17734,1.177595,1.175525,1.1759,
2026-02-19T18:00:00-08:00,1.1759,1.17599,1.175025,1.175545,
2026-02-19T22:00:00-08:00,1.175545,1.17682,1.174345,1.17669,
2026-02-20T02:00:00-08:00,1.17669,1.178255,1.17571,1.17694,
2026-02-20T06:00:00-08:00,1.17694,1.180755,1.175545,1.178015,
2026-02-20T10:00:00-08:00,1.178015,1.1799,1.17768,1.178205,
2026-02-22T14:00:00-08:00,1.178205,1.183475,1.178205,1.18263,
2026-02-22T18:00:00-08:00,1.18263,1.183135,1.18151,1.181985,
2026-02-22T22:00:00-08:00,1.181985,1.183395,1.180035,1.180085,
2026-02-23T02:00:00-08:00,1.180085,1.180145,1.177455,1.179595,
2026-02-23T06:00:00-08:00,1.179595,1.18101,1.17882,1.17988,
2026-02-23T10:00:00-08:00,1.17988,1.1801,1.178425,1.178515,
2026-02-23T14:00:00-08:00,1.178515,1.17964,1.177165,1.17818,
2026-02-23T18:00:00-08:00,1.17818,1.17855,1.17681,1.178005,
2026-02-23T22:00:00-08:00,1.178005,1.17931,1.177165,1.17877,
2026-02-24T02:00:00-08:00,1.17877,1.17912,1.176815,1.177225,
2026-02-24T06:00:00-08:00,1.177225,1.179025,1.176605,1.17856,
2026-02-24T10:00:00-08:00,1.17856,1.17868,1.17718,1.177255,
2026-02-24T14:00:00-08:00,1.177255,1.178215,1.177215,1.17784,
2026-02-24T18:00:00-08:00,1.17784,1.180565,1.17781,1.180095,
2026-02-24T22:00:00-08:00,1.180095,1.1808,1.17856,1.178805,
2026-02-25T02:00:00-08:00,1.178805,1.179025,1.17711,1.177365,
2026-02-25T06:00:00-08:00,1.177365,1.18144,1.177305,1.180745,
2026-02-25T10:00:00-08:00,1.180745,1.1813,1.18028,1.18102,
2026-02-25T14:00:00-08:00,1.18102,1.182895,1.180635,1.18274,
2026-02-25T18:00:00-08:00,1.18274,1.1829,1.181265,1.181975,
2026-02-25T22:00:00-08:00,1.181975,1.182225,1.179675,1.179735,
2026-02-26T02:00:00-08:00,1.179735,1.18169,1.17933,1.18069,
2026-02-26T06:00:00-08:00,1.18069,1.1816,1.177395,1.177625,
2026-02-26T10:00:00-08:00,1.177625,1.18038,1.177415,1.179735,
2026-02-26T14:00:00-08:00,1.179735,1.18059,1.178895,1.179025,
2026-02-26T18:00:00-08:00,1.179025,1.181325,1.179025,1.18085,
2026-02-26T22:00:00-08:00,1.18085,1.182185,1.1793,1.179535,
2026-02-27T02:00:00-08:00,1.179535,1.18083,1.179045,1.17928,
2026-02-27T06:00:00-08:00,1.17928,1.18269,1.17909,1.18166,
2026-02-27T10:00:00-08:00,1.18166,1.182605,1.18113,1.1818,
2026-03-01T14:00:00-08:00,1.1818,1.1818,1.175605,1.179205,
2026-03-01T18:00:00-08:00,1.179205,1.1796,1.17663,1.17665,
2026-03-01T22:00:00-08:00,1.17665,1.17667,1.169815,1.173305,
2026-03-02T02:00:00-08:00,1.173305,1.17474,1.16954,1.16987,
2026-03-02T06:00:00-08:00,1.16987,1.172385,1.167185,1.17072,
2026-03-02T10:00:00-08:00,1.17072,1.171355,1.167855,1.168925,
2026-03-02T14:00:00-08:00,1.168925,1.170695,1.16829,1.169695,
2026-03-02T18:00:00-08:00,1.169695,1.169905,1.166515,1.166675,
2026-03-02T22:00:00-08:00,1.166675,1.167165,1.15987,1.160545,
2026-03-03T02:00:00-08:00,1.160545,1.161545,1.15821,1.15906,
2026-03-03T06:00:00-08:00,1.15906,1.16061,1.15303,1.15906,
2026-03-03T10:00:00-08:00,1.15906,1.162595,1.158995,1.161245,
2026-03-03T14:00:00-08:00,1.161245,1.162055,1.15748,1.15939,
2026-03-03T18:00:00-08:00,1.15939,1.161055,1.1587,1.15953,
2026-03-03T22:00:00-08:00,1.15953,1.16282,1.15898,1.160875,
2026-03-04T02:00:00-08:00,1.160875,1.165475,1.16085,1.16312,
2026-03-04T06:00:00-08:00,1.16312,1.16462,1.161675,1.1633,
2026-03-04T10:00:00-08:00,1.1633,1.16438,1.16234,1.16334,
2026-03-04T14:00:00-08:00,1.16334,1.164745,1.162725,1.16282,
2026-03-04T18:00:00-08:00,1.16282,1.163195,1.15941,1.159465,
2026-03-04T22:00:00-08:00,1.159465,1.164465,1.15816,1.162295,
2026-03-05T02:00:00-08:00,1.162295,1.16317,1.15896,1.15974,
2026-03-05T06:00:00-08:00,1.15974,1.16092,1.15589,1.15879,
2026-03-05T10:00:00-08:00,1.15879,1.16105,1.157,1.1609,
2026-03-05T14:00:00-08:00,1.1609,1.162035,1.160325,1.161515,
2026-03-05T18:00:00-08:00,1.161515,1.162135,1.16058,1.160645,
2026-03-05T22:00:00-08:00,1.160645,1.161815,1.157175,1.157435,
2026-03-06T02:00:00-08:00,1.157435,1.15932,1.155055,1.1555,
2026-03-06T06:00:00-08:00,1.1555,1.161315,1.1546,1.159585,
2026-03-06T10:00:00-08:00,1.159585,1.16215,1.159295,1.16183,
2026-03-08T14:00:00-07:00,1.16183,1.16183,1.151625,1.151755,
2026-03-08T18:00:00-07:00,1.151755,1.15296,1.150725,1.15259,
2026-03-08T22:00:00-07:00,1.15259,1.15715,1.15154,1.153475,
2026-03-09T02:00:00-07:00,1.153475,1.15732,1.153105,1.15535,
2026-03-09T06:00:00-07:00,1.15535,1.159935,1.154755,1.158765,
2026-03-09T10:00:00-07:00,1.158765,1.16378,1.15754,1.16366,
2026-03-09T14:00:00-07:00,1.16366,1.164575,1.161185,1.162625,
2026-03-09T18:00:00-07:00,1.162625,1.162975,1.160685,1.16119,
2026-03-09T22:00:00-07:00,1.16119,1.16636,1.161155,1.16459,
2026-03-10T02:00:00-07:00,1.16459,1.1659,1.162045,1.163455,
2026-03-10T06:00:00-07:00,1.163455,1.165525,1.162705,1.16519,
2026-03-10T10:00:00-07:00,1.16519,1.16674,1.160615,1.161135,
2026-03-10T14:00:00-07:00,1.161135,1.16249,1.1603,1.161805,
2026-03-10T18:00:00-07:00,1.161805,1.163535,1.16125,1.16337,
2026-03-10T22:00:00-07:00,1.16337,1.16455,1.16036,1.16125,
2026-03-11T02:00:00-07:00,1.16125,1.161385,1.157755,1.15826,
2026-03-11T06:00:00-07:00,1.15826,1.161275,1.156315,1.157105,
2026-03-11T10:00:00-07:00,1.157105,1.157645,1.156085,1.15671,
2026-03-11T14:00:00-07:00,1.15671,1.15753,1.15341,1.15459,
2026-03-11T18:00:00-07:00,1.15459,1.15556,1.15319,1.15332,
2026-03-11T22:00:00-07:00,1.15332,1.155605,1.153275,1.15473,
2026-03-12T02:00:00-07:00,1.15473,1.156625,1.15327,1.15393,
2026-03-12T06:00:00-07:00,1.15393,1.15504,1.151095,1.1522,
2026-03-12T10:00:00-07:00,1.1522,1.153185,1.151005,1.151165,
2026-03-12T14:00:00-07:00,1.151165,1.152835,1.15108,1.15235,
2026-03-12T18:00:00-07:00,1.15235,1.15297,1.15,1.150325,
2026-03-12T22:00:00-07:00,1.150325,1.15066,1.143285,1.144525,
2026-03-13T02:00:00-07:00,1.144525,1.148845,1.144525,1.14779,
2026-03-13T06:00:00-07:00,1.14779,1.14903,1.143445,1.144205,
2026-03-13T10:00:00-07:00,1.144205,1.14462,1.141095,1.14167,
2026-03-15T14:00:00-07:00,1.14167,1.14555,1.14167,1.14549,
2026-03-15T18:00:00-07:00,1.14549,1.145655,1.14398,1.144165,
2026-03-15T22:00:00-07:00,1.144165,1.144555,1.14143,1.14449,
2026-03-16T02:00:00-07:00,1.14449,1.148795,1.144095,1.147385,
2026-03-16T06:00:00-07:00,1.147385,1.150225,1.147385,1.149365,
2026-03-16T10:00:00-07:00,1.149365,1.152495,1.149055,1.15047,
2026-03-16T14:00:00-07:00,1.15047,1.151125,1.148925,1.14926,
2026-03-16T18:00:00-07:00,1.14926,1.150295,1.14865,1.149715,
2026-03-16T22:00:00-07:00,1.149715,1.151815,1.14661,1.151045,
2026-03-17T02:00:00-07:00,1.151045,1.15249,1.15041,1.15242,
2026-03-17T06:00:00-07:00,1.15242,1.154375,1.15182,1.15281,
2026-03-17T10:00:00-07:00,1.15281,1.15473,1.152645,1.15401,
2026-03-17T14:00:00-07:00,1.15401,1.15449,1.153215,1.15327,
2026-03-17T18:00:00-07:00,1.15327,1.15426,1.15322,1.15417,
2026-03-17T22:00:00-07:00,1.15417,1.154935,1.151785,1.15325,
2026-03-18T02:00:00-07:00,1.15325,1.15554,1.15056,1.15075,
2026-03-18T06:00:00-07:00,1.15075,1.152975,1.14907,1.15108,
2026-03-18T10:00:00-07:00,1.15108,1.152515,1.145005,1.145205,
2026-03-18T14:00:00-07:00,1.145205,1.147445,1.145115,1.14741,
2026-03-18T18:00:00-07:00,1.14741,1.14914,1.146705,1.1469,
2026-03-18T22:00:00-07:00,1.1469,1.147685,1.1443,1.145105,
2026-03-19T02:00:00-07:00,1.145105,1.14899,1.145105,1.14872,
2026-03-19T06:00:00-07:00,1.14872,1.1539,1.146965,1.153585,
2026-03-19T10:00:00-07:00,1.153585,1.16162,1.15358,1.15887,
2026-03-19T14:00:00-07:00,1.15887,1.159505,1.157115,1.157395,
2026-03-19T18:00:00-07:00,1.157395,1.157715,1.15551,1.15557,
2026-03-19T22:00:00-07:00,1.15557,1.15809,1.15525,1.156795,
2026-03-20T02:00:00-07:00,1.156795,1.15801,1.153525,1.15645,
2026-03-20T06:00:00-07:00,1.15645,1.156655,1.152465,1.15594,
2026-03-20T10:00:00-07:00,1.15594,1.15722,1.154695,1.15722,
2026-03-22T14:00:00-07:00,1.15722,1.15722,1.153685,1.154435,
2026-03-22T18:00:00-07:00,1.154435,1.156185,1.15428,1.15505,
2026-03-22T22:00:00-07:00,1.15505,1.155255,1.152045,1.15297,
2026-03-23T02:00:00-07:00,1.15297,1.161975,1.14845,1.16128,
2026-03-23T06:00:00-07:00,1.16128,1.163985,1.15766,1.1591,
2026-03-23T10:00:00-07:00,1.1591,1.16375,1.158675,1.16138,
2026-03-23T14:00:00-07:00,1.16138,1.16179,1.15812,1.158855,
2026-03-23T18:00:00-07:00,1.158855,1.159605,1.15757,1.158025,
2026-03-23T22:00:00-07:00,1.158025,1.161775,1.15758,1.15883,
2026-03-24T02:00:00-07:00,1.15883,1.16008,1.157875,1.158475,
2026-03-24T06:00:00-07:00,1.158475,1.16067,1.15675,1.158275,
2026-03-24T10:00:00-07:00,1.158275,1.162835,1.155715,1.16074,
2026-03-24T14:00:00-07:00,1.16074,1.163085,1.160235,1.162355,
2026-03-24T18:00:00-07:00,1.162355,1.162445,1.15973,1.159795,
2026-03-24T22:00:00-07:00,1.159795,1.161665,1.15871,1.16027,
2026-03-25T02:00:00-07:00,1.16027,1.161375,1.15865,1.159125,
2026-03-25T06:00:00-07:00,1.159125,1.15989,1.155515,1.156765,
2026-03-25T10:00:00-07:00,1.156765,1.158395,1.155605,1.15588,
2026-03-25T14:00:00-07:00,1.15588,1.156485,1.15541,1.155815,
2026-03-25T18:00:00-07:00,1.155815,1.15725,1.15548,1.15694,
2026-03-25T22:00:00-07:00,1.15694,1.157,1.154755,1.155985,
2026-03-26T02:00:00-07:00,1.155985,1.15652,1.152235,1.15351,
2026-03-26T06:00:00-07:00,1.15351,1.155505,1.153105,1.15357,
2026-03-26T10:00:00-07:00,1.15357,1.155895,1.15195,1.15271,
2026-03-26T14:00:00-07:00,1.15271,1.15405,1.152445,1.15306,
2026-03-26T18:00:00-07:00,1.15306,1.154385,1.152995,1.15428,
2026-03-26T22:00:00-07:00,1.15428,1.15464,1.151585,1.15209,
2026-03-27T02:00:00-07:00,1.15209,1.15262,1.150175,1.15151,
2026-03-27T06:00:00-07:00,1.15151,1.154785,1.151425,1.151915,
2026-03-27T10:00:00-07:00,1.151915,1.152935,1.15064,1.15076,
2026-03-29T14:00:00-07:00,1.15076,1.151275,1.14875,1.15069,
2026-03-29T18:00:00-07:00,1.15069,1.152135,1.15015,1.151375,
2026-03-29T22:00:00-07:00,1.151375,1.15201,1.14906,1.14963,
2026-03-30T02:00:00-07:00,1.14963,1.150035,1.147295,1.14828,
2026-03-30T06:00:00-07:00,1.14828,1.1488,1.144315,1.14601,
2026-03-30T10:00:00-07:00,1.14601,1.14663,1.145385,1.14655,
2026-03-30T14:00:00-07:00,1.14655,1.147625,1.144725,1.14749,
2026-03-30T18:00:00-07:00,1.14749,1.149095,1.14663,1.14691,
2026-03-30T22:00:00-07:00,1.14691,1.147585,1.14608,1.146735,
2026-03-31T02:00:00-07:00,1.146735,1.150995,1.14576,1.15032,
2026-03-31T06:00:00-07:00,1.15032,1.15596,1.150065,1.154045,
2026-03-31T10:00:00-07:00,1.154045,1.15636,1.15384,1.155315,
2026-03-31T14:00:00-07:00,1.155315,1.15789,1.155025,1.157465,
2026-03-31T18:00:00-07:00,1.157465,1.15758,1.155495,1.156545,
2026-03-31T22:00:00-07:00,1.156545,1.161085,1.15621,1.159645,
2026-04-01T02:00:00-07:00,1.159645,1.162355,1.158085,1.160475,
2026-04-01T06:00:00-07:00,1.160475,1.162715,1.159875,1.16191,
2026-04-01T10:00:00-07:00,1.16191,1.16236,1.157635,1.158895,
2026-04-01T14:00:00-07:00,1.158895,1.1598,1.15849,1.15958,
2026-04-01T18:00:00-07:00,1.15958,1.160575,1.153225,1.153705,
2026-04-01T22:00:00-07:00,1.153705,1.15391,1.15153,1.152545,
2026-04-02T02:00:00-07:00,1.152545,1.1532,1.15091,1.152455,
2026-04-02T06:00:00-07:00,1.152455,1.156395,1.152045,1.153925,
2026-04-02T10:00:00-07:00,1.153925,1.154935,1.153215,1.15387,
2026-04-02T14:00:00-07:00,1.15387,1.15453,1.153455,1.153815,
2026-04-02T18:00:00-07:00,1.153815,1.15399,1.15322,1.1534,
2026-04-02T22:00:00-07:00,1.1534,1.154645,1.15294,1.154315,
2026-04-03T02:00:00-07:00,1.154315,1.154915,1.151785,1.153105,
2026-04-03T06:00:00-07:00,1.153105,1.15388,1.151875,1.15192,
2026-04-03T10:00:00-07:00,1.15192,1.15313,1.151405,1.15155,
2026-04-05T14:00:00-07:00,1.15155,1.15241,1.150515,1.151195,
2026-04-05T18:00:00-07:00,1.151195,1.152885,1.15064,1.152435,
2026-04-05T22:00:00-07:00,1.152435,1.156895,1.152215,1.155545,
2026-04-06T02:00:00-07:00,1.155545,1.15605,1.153775,1.15534,
2026-04-06T06:00:00-07:00,1.15534,1.157165,1.153555,1.15452,
2026-04-06T10:00:00-07:00,1.15452,1.155275,1.15341,1.154135,
2026-04-06T14:00:00-07:00,1.154135,1.1548,1.153655,1.15377,
2026-04-06T18:00:00-07:00,1.15377,1.15403,1.15243,1.15383,
2026-04-06T22:00:00-07:00,1.15383,1.157575,1.15302,1.15736,
2026-04-07T02:00:00-07:00,1.15736,1.157545,1.154605,1.156035,
2026-04-07T06:00:00-07:00,1.156035,1.158345,1.1556,1.15716,
2026-04-07T10:00:00-07:00,1.15716,1.160495,1.156645,1.159465,
2026-04-07T14:00:00-07:00,1.159465,1.1697,1.158855,1.16719,
2026-04-07T18:00:00-07:00,1.16719,1.16883,1.166605,1.167645,
2026-04-07T22:00:00-07:00,1.167645,1.17087,1.16691,1.16812,
2026-04-08T02:00:00-07:00,1.16812,1.171805,1.167755,1.171425,
2026-04-08T06:00:00-07:00,1.171425,1.172185,1.167715,1.168185,
2026-04-08T10:00:00-07:00,1.168185,1.168545,1.16434,1.166305,
2026-04-08T14:00:00-07:00,1.166305,1.16678,1.165295,1.165725,
2026-04-08T18:00:00-07:00,1.165725,1.16712,1.16505,1.16666,
2026-04-08T22:00:00-07:00,1.16666,1.1675,1.16543,1.16721,
2026-04-09T02:00:00-07:00,1.16721,1.169025,1.16686,1.16861,
2026-04-09T06:00:00-07:00,1.16861,1.17141,1.167425,1.171065,
2026-04-09T10:00:00-07:00,1.171065,1.172345,1.16953,1.16994,
2026-04-09T14:00:00-07:00,1.16994,1.170375,1.16855,1.1688,
2026-04-09T18:00:00-07:00,1.1688,1.16968,1.16862,1.169205,
2026-04-09T22:00:00-07:00,1.169205,1.16937,1.16774,1.168605,
2026-04-10T02:00:00-07:00,1.168605,1.17257,1.16847,1.172085,
2026-04-10T06:00:00-07:00,1.172085,1.17397,1.171365,1.17204,
2026-04-10T10:00:00-07:00,1.17204,1.17355,1.17189,1.17245,
2026-04-12T14:00:00-07:00,1.17245,1.17245,1.16641,1.16878,
2026-04-12T18:00:00-07:00,1.16878,1.169025,1.16806,1.168625,
2026-04-12T22:00:00-07:00,1.168625,1.17002,1.16781,1.168615,
2026-04-13T02:00:00-07:00,1.168615,1.16998,1.16807,1.16985,
2026-04-13T06:00:00-07:00,1.16985,1.17316,1.169645,1.17251,
2026-04-13T10:00:00-07:00,1.17251,1.176575,1.17248,1.1759,
2026-04-13T14:00:00-07:00,1.1759,1.17679,1.175445,1.17665,
2026-04-13T18:00:00-07:00,1.17665,1.177,1.17562,1.17668,
2026-04-13T22:00:00-07:00,1.17668,1.17968,1.17581,1.17827,
2026-04-14T02:00:00-07:00,1.17827,1.180615,1.178195,1.18046,
2026-04-14T06:00:00-07:00,1.18046,1.181125,1.178765,1.17942,
2026-04-14T10:00:00-07:00,1.17942,1.179965,1.17906,1.17957,
2026-04-14T14:00:00-07:00,1.17957,1.1802,1.178945,1.17941,
2026-04-14T18:00:00-07:00,1.17941,1.17969,1.177895,1.17886,
2026-04-14T22:00:00-07:00,1.17886,1.17994,1.178285,1.178945,
2026-04-15T02:00:00-07:00,1.178945,1.179295,1.177205,1.178815,
2026-04-15T06:00:00-07:00,1.178815,1.18082,1.17841,1.180095,
2026-04-15T10:00:00-07:00,1.180095,1.180495,1.179275,1.17991,
2026-04-15T14:00:00-07:00,1.17991,1.18086,1.179815,1.18075,
2026-04-15T18:00:00-07:00,1.18075,1.1824,1.17969,1.180955,
2026-04-15T22:00:00-07:00,1.180955,1.18101,1.177645,1.17864,
2026-04-16T02:00:00-07:00,1.17864,1.17888,1.177265,1.178155,
2026-04-16T06:00:00-07:00,1.178155,1.17873,1.1767,1.177495,
2026-04-16T10:00:00-07:00,1.177495,1.17859,1.17682,1.178185,
2026-04-16T14:00:00-07:00,1.178185,1.17874,1.17771,1.17791,
2026-04-16T18:00:00-07:00,1.17791,1.17854,1.17731,1.17827,
2026-04-16T22:00:00-07:00,1.17827,1.179565,1.17722,1.179395,
2026-04-17T02:00:00-07:00,1.179395,1.18375,1.1791,1.183535,
2026-04-17T06:00:00-07:00,1.183535,1.184925,1.17919,1.179895,
2026-04-17T10:00:00-07:00,1.179895,1.179895,1.17605,1.17646,
2026-04-19T14:00:00-07:00,1.17646,1.17646,1.172895,1.175465,
2026-04-19T18:00:00-07:00,1.175465,1.176265,1.175065,1.175915,
2026-04-19T22:00:00-07:00,1.175915,1.177205,1.174715,1.176115,
2026-04-20T02:00:00-07:00,1.176115,1.17756,1.175525,1.176505,
2026-04-20T06:00:00-07:00,1.176505,1.178965,1.17612,1.17858,
2026-04-20T10:00:00-07:00,1.17858,1.179045,1.177865,1.178845,
2026-04-20T14:00:00-07:00,1.178845,1.17911,1.178085,1.1783,
2026-04-20T18:00:00-07:00,1.1783,1.17863,1.17734,1.17756,
2026-04-20T22:00:00-07:00,1.17756,1.17823,1.17569,1.17653,
2026-04-21T02:00:00-07:00,1.17653,1.176865,1.175415,1.17593,
2026-04-21T06:00:00-07:00,1.17593,1.177605,1.174055,1.17416,
2026-04-21T10:00:00-07:00,1.17416,1.176365,1.1719,1.174315,
2026-04-21T14:00:00-07:00,1.174315,1.175345,1.173435,1.174385,
2026-04-21T18:00:00-07:00,1.174385,1.17486,1.173765,1.173955,
2026-04-21T22:00:00-07:00,1.173955,1.176265,1.17391,1.17537,
2026-04-22T02:00:00-07:00,1.17537,1.175745,1.17248,1.17278,
2026-04-22T06:00:00-07:00,1.17278,1.17434,1.171015,1.17128,
2026-04-22T10:00:00-07:00,1.17128,1.171695,1.17031,1.1705,
2026-04-22T14:00:00-07:00,1.1705,1.171365,1.169235,1.171175,
2026-04-22T18:00:00-07:00,1.171175,1.1713,1.169495,1.170025,
2026-04-22T22:00:00-07:00,1.170025,1.17121,1.169545,1.17017,
2026-04-23T02:00:00-07:00,1.17017,1.17024,1.16792,1.169205,
2026-04-23T06:00:00-07:00,1.169205,1.171655,1.1683,1.17023,
2026-04-23T10:00:00-07:00,1.17023,1.17028,1.166915,1.168325,
2026-04-23T14:00:00-07:00,1.168325,1.169085,1.167985,1.168545,
2026-04-23T18:00:00-07:00,1.168545,1.168945,1.1673,1.16792,
2026-04-23T22:00:00-07:00,1.16792,1.169605,1.16762,1.168995,
2026-04-24T02:00:00-07:00,1.168995,1.17188,1.168415,1.170895,
2026-04-24T06:00:00-07:00,1.170895,1.17202,1.16986,1.17192,
2026-04-24T10:00:00-07:00,1.17192,1.172325,1.17111,1.1722,
2026-04-26T14:00:00-07:00,1.1722,1.1722,1.16935,1.17161,
2026-04-26T18:00:00-07:00,1.17161,1.17327,1.17161,1.172685,
2026-04-26T22:00:00-07:00,1.172685,1.175095,1.17167,1.174855,
2026-04-27T02:00:00-07:00,1.174855,1.1755,1.173795,1.17444,
2026-04-27T06:00:00-07:00,1.17444,1.175405,1.17252,1.17262,
2026-04-27T10:00:00-07:00,1.17262,1.17301,1.17189,1.17208,
2026-04-27T14:00:00-07:00,1.17208,1.172715,1.17172,1.171885,
2026-04-27T18:00:00-07:00,1.171885,1.171885,1.170795,1.17126,
2026-04-27T22:00:00-07:00,1.17126,1.17135,1.16859,1.17022,
2026-04-28T02:00:00-07:00,1.17022,1.17023,1.16774,1.1697,
2026-04-28T06:00:00-07:00,1.1697,1.1717,1.16885,1.17106,
2026-04-28T10:00:00-07:00,1.17106,1.17179,1.170655,1.17122,
2026-04-28T14:00:00-07:00,1.17122,1.17207,1.171175,1.171585,
2026-04-28T18:00:00-07:00,1.171585,1.1717,1.17045,1.17056,
2026-04-28T22:00:00-07:00,1.17056,1.170825,1.16936,1.17003,
2026-04-29T02:00:00-07:00,1.17003,1.17099,1.169335,1.1699,
2026-04-29T06:00:00-07:00,1.1699,1.170415,1.168235,1.16847,
2026-04-29T10:00:00-07:00,1.16847,1.16907,1.16613,1.167735,
2026-04-29T14:00:00-07:00,1.167735,1.16895,1.167105,1.16794,
2026-04-29T18:00:00-07:00,1.16794,1.16819,1.165505,1.166015,
2026-04-29T22:00:00-07:00,1.166015,1.169755,1.16579,1.167995,
2026-04-30T02:00:00-07:00,1.167995,1.17197,1.16733,1.169275,
2026-04-30T06:00:00-07:00,1.169275,1.173575,1.168185,1.17255,
2026-04-30T10:00:00-07:00,1.17255,1.17418,1.17221,1.1731,
2026-04-30T14:00:00-07:00,1.1731,1.173625,1.172425,1.17278,
2026-04-30T18:00:00-07:00,1.17278,1.173645,1.172515,1.17268,
2026-04-30T22:00:00-07:00,1.17268,1.174825,1.17189,1.17436,
2026-05-01T02:00:00-07:00,1.17436,1.176895,1.173085,1.17576,
2026-05-01T06:00:00-07:00,1.17576,1.17852,1.173775,1.173825,
2026-05-01T10:00:00-07:00,1.173825,1.174055,1.17155,1.17207,
2026-05-03T14:00:00-07:00,1.17207,1.175005,1.17207,1.172715,
2026-05-03T18:00:00-07:00,1.172715,1.173915,1.172015,1.17292,
2026-05-03T22:00:00-07:00,1.17292,1.173735,1.171145,1.171915,
2026-05-04T02:00:00-07:00,1.171915,1.17238,1.16888,1.170915,
2026-05-04T06:00:00-07:00,1.170915,1.171795,1.1681,1.16824,
2026-05-04T10:00:00-07:00,1.16824,1.170235,1.16815,1.16908,
2026-05-04T14:00:00-07:00,1.16908,1.1694,1.168515,1.16864,
2026-05-04T18:00:00-07:00,1.16864,1.169155,1.167705,1.16778,
2026-05-04T22:00:00-07:00,1.16778,1.16967,1.167665,1.168895,
2026-05-05T02:00:00-07:00,1.168895,1.16977,1.16811,1.169245,
2026-05-05T06:00:00-07:00,1.169245,1.171365,1.169165,1.169935,
2026-05-05T10:00:00-07:00,1.169935,1.17042,1.16923,1.169305,
2026-05-05T14:00:00-07:00,1.169305,1.17256,1.16919,1.17203,
2026-05-05T18:00:00-07:00,1.17203,1.174305,1.171565,1.173725,
2026-05-05T22:00:00-07:00,1.173725,1.17709,1.172445,1.17628,
2026-05-06T02:00:00-07:00,1.17628,1.17967,1.175185,1.17537,
2026-05-06T06:00:00-07:00,1.17537,1.1763,1.174195,1.17445,
2026-05-06T10:00:00-07:00,1.17445,1.17557,1.17427,1.174795,
2026-05-06T14:00:00-07:00,1.174795,1.17542,1.174575,1.17487,
2026-05-06T18:00:00-07:00,1.17487,1.176355,1.174655,1.17509,
2026-05-06T22:00:00-07:00,1.17509,1.177425,1.17451,1.177185,
2026-05-07T02:00:00-07:00,1.177185,1.177845,1.17624,1.177295,
2026-05-07T06:00:00-07:00,1.177295,1.177795,1.175655,1.176055,
2026-05-07T10:00:00-07:00,1.176055,1.176105,1.172305,1.17249,
2026-05-07T14:00:00-07:00,1.17249,1.173485,1.172315,1.17271,
2026-05-07T18:00:00-07:00,1.17271,1.1736,1.17245,1.173535,
2026-05-07T22:00:00-07:00,1.173535,1.17658,1.1733,1.176395,
2026-05-08T02:00:00-07:00,1.176395,1.1779,1.175805,1.17743,
2026-05-08T06:00:00-07:00,1.17743,1.17871,1.176635,1.17712,
2026-05-08T10:00:00-07:00,1.17712,1.178805,1.17707,1.17857,
2026-05-10T14:00:00-07:00,1.17857,1.17857,1.17465,1.17701,
2026-05-10T18:00:00-07:00,1.17701,1.17712,1.17503,1.17507,
2026-05-10T22:00:00-07:00,1.17507,1.178225,1.174885,1.17714,
2026-05-11T02:00:00-07:00,1.17714,1.17747,1.17635,1.177445,
2026-05-11T06:00:00-07:00,1.177445,1.178795,1.177235,1.17733,
2026-05-11T10:00:00-07:00,1.17733,1.17834,1.17709,1.17834,
2026-05-11T14:00:00-07:00,1.17834,1.17879,1.176635,1.17672,
2026-05-11T18:00:00-07:00,1.17672,1.17691,1.17547,1.175725,
2026-05-11T22:00:00-07:00,1.175725,1.1768,1.17395,1.174485,
2026-05-12T02:00:00-07:00,1.174485,1.17517,1.173495,1.17478,
2026-05-12T06:00:00-07:00,1.17478,1.175,1.172175,1.17285,
2026-05-12T10:00:00-07:00,1.17285,1.17469,1.17274,1.173895,
2026-05-12T14:00:00-07:00,1.173895,1.174135,1.1733,1.173815,
2026-05-12T18:00:00-07:00,1.173815,1.174185,1.173195,1.17346,
2026-05-12T22:00:00-07:00,1.17346,1.173705,1.170035,1.170285,
2026-05-13T02:00:00-07:00,1.170285,1.171735,1.169535,1.170185,
2026-05-13T06:00:00-07:00,1.170185,1.171805,1.170105,1.17087,
2026-05-13T10:00:00-07:00,1.17087,1.17142,1.170415,1.17103,
2026-05-13T14:00:00-07:00,1.17103,1.17188,1.17103,1.17172,
2026-05-13T18:00:00-07:00,1.17172,1.17178,1.17097,1.171455,
2026-05-13T22:00:00-07:00,1.171455,1.17215,1.17048,1.171115,
2026-05-14T02:00:00-07:00,1.171115,1.17133,1.16963,1.16973,
2026-05-14T06:00:00-07:00,1.16973,1.17003,1.167075,1.16765,
2026-05-14T10:00:00-07:00,1.16765,1.168085,1.16658,1.16692,
2026-05-14T14:00:00-07:00,1.16692,1.167385,1.16523,1.165555,
2026-05-14T18:00:00-07:00,1.165555,1.16575,1.164575,1.16474,
2026-05-14T22:00:00-07:00,1.16474,1.164905,1.163045,1.163305,
2026-05-15T02:00:00-07:00,1.163305,1.165545,1.161735,1.16264,
2026-05-15T06:00:00-07:00,1.16264,1.163795,1.16191,1.16299,
2026-05-15T10:00:00-07:00,1.16299,1.16357,1.161695,1.1625,
2026-05-17T14:00:00-07:00,1.1625,1.1625,1.16085,1.161165,
2026-05-17T18:00:00-07:00,1.161165,1.162625,1.160855,1.162075,
2026-05-17T22:00:00-07:00,1.162075,1.16453,1.16169,1.164165,
2026-05-18T02:00:00-07:00,1.164165,1.165735,1.162645,1.165125,
2026-05-18T06:00:00-07:00,1.165125,1.16563,1.16333,1.165155,
2026-05-18T10:00:00-07:00,1.165155,1.16609,1.16287,1.16567,
2026-05-18T14:00:00-07:00,1.16567,1.166175,1.16438,1.164455,
2026-05-18T18:00:00-07:00,1.164455,1.16527,1.16354,1.16367,
2026-05-18T22:00:00-07:00,1.16367,1.16459,1.16224,1.162335,
2026-05-19T02:00:00-07:00,1.162335,1.162675,1.16111,1.16164,
2026-05-19T06:00:00-07:00,1.16164,1.16181,1.15921,1.160705,
2026-05-19T10:00:00-07:00,1.160705,1.161475,1.160265,1.16062,
2026-05-19T14:00:00-07:00,1.16062,1.161305,1.160085,1.160135,
2026-05-19T18:00:00-07:00,1.160135,1.16069,1.159365,1.15972,
2026-05-19T22:00:00-07:00,1.15972,1.160605,1.15836,1.15903,
2026-05-20T02:00:00-07:00,1.15903,1.16056,1.15875,1.15954,
2026-05-20T06:00:00-07:00,1.15954,1.164535,1.158275,1.162565,
2026-05-20T10:00:00-07:00,1.162565,1.16357,1.16161,1.16234,
2026-05-20T14:00:00-07:00,1.16234,1.162915,1.16224,1.162855,
2026-05-20T18:00:00-07:00,1.162855,1.163545,1.161575,1.162225,
2026-05-20T22:00:00-07:00,1.162225,1.16355,1.1594,1.16237,
2026-05-21T02:00:00-07:00,1.16237,1.163355,1.159345,1.159735,
2026-05-21T06:00:00-07:00,1.159735,1.160115,1.157635,1.15953,
2026-05-21T10:00:00-07:00,1.15953,1.16302,1.15928,1.161745,
2026-05-21T14:00:00-07:00,1.161745,1.162255,1.161245,1.16145,
2026-05-21T18:00:00-07:00,1.16145,1.161595,1.160875,1.16154,
2026-05-21T22:00:00-07:00,1.16154,1.161705,1.16015,1.160775,
2026-05-22T02:00:00-07:00,1.160775,1.160815,1.159335,1.160445,
2026-05-22T06:00:00-07:00,1.160445,1.161845,1.158835,1.16112,
2026-05-22T10:00:00-07:00,1.16112,1.16191,1.159825,1.16033,
2026-05-24T14:00:00-07:00,1.16033,1.1649,1.16033,1.16367,
2026-05-24T18:00:00-07:00,1.16367,1.164705,1.163555,1.16422,
2026-05-24T22:00:00-07:00,1.16422,1.16453,1.16296,1.16438,
2026-05-25T02:00:00-07:00,1.16438,1.16529,1.16403,1.16484,
2026-05-25T06:00:00-07:00,1.16484,1.164985,1.16367,1.16411,
2026-05-25T10:00:00-07:00,1.16411,1.16444,1.16403,1.16436,
2026-05-25T14:00:00-07:00,1.16436,1.16453,1.1634,1.16389,
2026-05-25T18:00:00-07:00,1.16389,1.163985,1.162945,1.162975,
2026-05-25T22:00:00-07:00,1.162975,1.164225,1.162415,1.163645,
2026-05-26T02:00:00-07:00,1.163645,1.16452,1.16313,1.1632,
2026-05-26T06:00:00-07:00,1.1632,1.16331,1.16164,1.1624,
2026-05-26T10:00:00-07:00,1.1624,1.16331,1.16214,1.16317,
2026-05-26T14:00:00-07:00,1.16317,1.164065,1.162755,1.16382,
2026-05-26T18:00:00-07:00,1.16382,1.164255,1.16328,1.164145,
2026-05-26T22:00:00-07:00,1.164145,1.16495,1.163725,1.16449,
2026-05-27T02:00:00-07:00,1.16449,1.16613,1.163295,1.16439,
2026-05-27T06:00:00-07:00,1.16439,1.165235,1.16225,1.163245,
2026-05-27T10:00:00-07:00,1.163245,1.1633,1.162225,1.162585,
2026-05-27T14:00:00-07:00,1.162585,1.163125,1.161605,1.162075,
2026-05-27T18:00:00-07:00,1.162075,1.16213,1.158625,1.15918,
2026-05-27T22:00:00-07:00,1.15918,1.16177,1.15891,1.16157,
2026-05-28T02:00:00-07:00,1.16157,1.16382,1.160345,1.16367,
2026-05-28T06:00:00-07:00,1.16367,1.16611,1.16269,1.16569,
2026-05-28T10:00:00-07:00,1.16569,1.16575,1.164495,1.16518,
2026-05-28T14:00:00-07:00,1.16518,1.165575,1.16475,1.164875,
2026-05-28T18:00:00-07:00,1.164875,1.165655,1.163435,1.16392,
2026-05-28T22:00:00-07:00,1.16392,1.16546,1.162495,1.16282,
2026-05-29T02:00:00-07:00,1.16282,1.16492,1.162675,1.164895,
2026-05-29T06:00:00-07:00,1.164895,1.168585,1.164045,1.167215,
2026-05-29T10:00:00-07:00,1.167215,1.16734,1.165875,1.16593,
2026-05-31T14:00:00-07:00,1.16593,1.16618,1.16449,1.16478,
2026-05-31T18:00:00-07:00,1.16478,1.16492,1.16416,1.16483,
2026-05-31T22:00:00-07:00,1.16483,1.166495,1.16479,1.1658,
2026-06-01T02:00:00-07:00,1.1658,1.16607,1.16417,1.164745,
2026-06-01T06:00:00-07:00,1.164745,1.164825,1.160685,1.16299,
2026-06-01T10:00:00-07:00,1.16299,1.16378,1.16252,1.16313,
2026-06-01T14:00:00-07:00,1.16313,1.163695,1.162935,1.163145,
2026-06-01T18:00:00-07:00,1.163145,1.163895,1.162865,1.163795,
2026-06-01T22:00:00-07:00,1.163795,1.16526,1.163635,1.16438,
2026-06-02T02:00:00-07:00,1.16438,1.16557,1.16385,1.16505,
2026-06-02T06:00:00-07:00,1.16505,1.16524,1.162685,1.16285,
2026-06-02T10:00:00-07:00,1.16285,1.163475,1.16136,1.163185,
2026-06-02T14:00:00-07:00,1.163185,1.16335,1.161975,1.162885,
2026-06-02T18:00:00-07:00,1.162885,1.16336,1.16245,1.162565,
2026-06-02T22:00:00-07:00,1.162565,1.162725,1.160515,1.16082,
2026-06-03T02:00:00-07:00,1.16082,1.16231,1.15967,1.16005,
2026-06-03T06:00:00-07:00,1.16005,1.1613,1.15949,1.16002,
2026-06-03T10:00:00-07:00,1.16002,1.16035,1.15954,1.15973,
2026-06-03T14:00:00-07:00,1.15973,1.161265,1.159455,1.16068,
2026-06-03T18:00:00-07:00,1.16068,1.161305,1.16027,1.16099,
2026-06-03T22:00:00-07:00,1.16099,1.161515,1.159865,1.16131,
2026-06-04T02:00:00-07:00,1.16131,1.16453,1.16131,1.1637,
2026-06-04T06:00:00-07:00,1.1637,1.164,1.16224,1.16235,
2026-06-04T10:00:00-07:00,1.16235,1.16241,1.160815,1.161045,
2026-06-04T14:00:00-07:00,1.161045,1.161665,1.16103,1.161295,
2026-06-04T18:00:00-07:00,1.161295,1.161715,1.160985,1.16162,
2026-06-04T22:00:00-07:00,1.16162,1.163995,1.161295,1.163675,
2026-06-05T02:00:00-07:00,1.163675,1.16445,1.15863,1.15866,
2026-06-05T06:00:00-07:00,1.15866,1.15998,1.152255,1.15323,
2026-06-05T10:00:00-07:00,1.15323,1.1533,1.151805,1.15218,
2026-06-07T14:00:00-07:00,1.15218,1.15336,1.150885,1.153345,
2026-06-07T18:00:00-07:00,1.153345,1.15349,1.15119,1.153145,
2026-06-07T22:00:00-07:00,1.153145,1.153985,1.150795,1.15083,
2026-06-08T02:00:00-07:00,1.15083,1.15439,1.14998,1.154215,
2026-06-08T06:00:00-07:00,1.154215,1.155475,1.153185,1.15391,
2026-06-08T10:00:00-07:00,1.15391,1.15421,1.152765,1.15354,
2026-06-08T14:00:00-07:00,1.15354,1.153935,1.15272,1.15313,
2026-06-08T18:00:00-07:00,1.15313,1.15483,1.153055,1.15456,
2026-06-08T22:00:00-07:00,1.15456,1.155355,1.153655,1.15507,
2026-06-09T02:00:00-07:00,1.15507,1.15751,1.155025,1.157365,
2026-06-09T06:00:00-07:00,1.157365,1.15783,1.15286,1.154105,
2026-06-09T10:00:00-07:00,1.154105,1.155325,1.15396,1.15426,
2026-06-09T14:00:00-07:00,1.15426,1.154555,1.153315,1.154235,
2026-06-09T18:00:00-07:00,1.154235,1.15523,1.153545,1.15464,
2026-06-09T22:00:00-07:00,1.15464,1.155875,1.15454,1.15537,
2026-06-10T02:00:00-07:00,1.15537,1.15649,1.15355,1.15485,
2026-06-10T06:00:00-07:00,1.15485,1.157325,1.153455,1.15539,
2026-06-10T10:00:00-07:00,1.15539,1.15577,1.153495,1.153545,
2026-06-10T14:00:00-07:00,1.153545,1.154305,1.15258,1.154245,
2026-06-10T18:00:00-07:00,1.154245,1.155625,1.154165,1.15484,
2026-06-10T22:00:00-07:00,1.15484,1.15555,1.153065,1.153225,
2026-06-11T02:00:00-07:00,1.153225,1.15435,1.15164,1.153975,
2026-06-11T06:00:00-07:00,1.153975,1.154055,1.15073,1.15091,
2026-06-11T10:00:00-07:00,1.15091,1.15899,1.150295,1.157865,
2026-06-11T14:00:00-07:00,1.157865,1.15866,1.15662,1.15698,
2026-06-11T18:00:00-07:00,1.15698,1.157535,1.15616,1.15716,
2026-06-11T22:00:00-07:00,1.15716,1.15858,1.15571,1.157685,
2026-06-12T02:00:00-07:00,1.157685,1.15896,1.15601,1.15635,
2026-06-12T06:00:00-07:00,1.15635,1.158365,1.156175,1.157465,
2026-06-12T10:00:00-07:00,1.157465,1.15787,1.15659,1.15677,
2026-06-14T14:00:00-07:00,1.15677,1.16176,1.15677,1.159895,
2026-06-14T18:00:00-07:00,1.159895,1.16136,1.159425,1.16127,
2026-06-14T22:00:00-07:00,1.16127,1.16221,1.159715,1.160165,
2026-06-15T02:00:00-07:00,1.160165,1.16198,1.160065,1.161545,
2026-06-15T06:00:00-07:00,1.161545,1.16206,1.15967,1.16036,
2026-06-15T10:00:00-07:00,1.16036,1.160415,1.158365,1.159005,
2026-06-15T14:00:00-07:00,1.159005,1.15959,1.158555,1.159325,
2026-06-15T18:00:00-07:00,1.159325,1.15952,1.157575,1.157905,
2026-06-15T22:00:00-07:00,1.157905,1.16067,1.157485,1.16058,
2026-06-16T02:00:00-07:00,1.16058,1.161305,1.159145,1.159965,
2026-06-16T06:00:00-07:00,1.159965,1.161975,1.158805,1.16133,
2026-06-16T10:00:00-07:00,1.16133,1.161415,1.16059,1.16083,
2026-06-16T14:00:00-07:00,1.16083,1.161675,1.160805,1.161475,
2026-06-16T18:00:00-07:00,1.161475,1.161605,1.16084,1.16123,
2026-06-16T22:00:00-07:00,1.16123,1.16151,1.15981,1.160215,
2026-06-17T02:00:00-07:00,1.160215,1.16061,1.15854,1.16023,
2026-06-17T06:00:00-07:00,1.16023,1.16029,1.15811,1.159165,
2026-06-17T10:00:00-07:00,1.159165,1.15964,1.14781,1.15011,
2026-06-17T14:00:00-07:00,1.15011,1.15208,1.15005,1.15156,
2026-06-17T18:00:00-07:00,1.15156,1.15264,1.1513,1.15232,
2026-06-17T22:00:00-07:00,1.15232,1.152845,1.14822,1.14827,
2026-06-18T02:00:00-07:00,1.14827,1.148595,1.145335,1.14695,
2026-06-18T06:00:00-07:00,1.14695,1.14876,1.14616,1.146535,
2026-06-18T10:00:00-07:00,1.146535,1.147365,1.145115,1.14581,
2026-06-18T14:00:00-07:00,1.14581,1.14681,1.14572,1.146205,
2026-06-18T18:00:00-07:00,1.146205,1.146345,1.14274,1.142875,
2026-06-18T22:00:00-07:00,1.142875,1.1466,1.141785,1.14644,
2026-06-19T02:00:00-07:00,1.14644,1.147485,1.145255,1.14712,
2026-06-19T06:00:00-07:00,1.14712,1.14761,1.14569,1.14689,
2026-06-19T10:00:00-07:00,1.14689,1.14808,1.14678,1.1474,
2026-06-21T14:00:00-07:00,1.1474,1.1474,1.145745,1.14666,
2026-06-21T18:00:00-07:00,1.14666,1.147375,1.145285,1.14562,
2026-06-21T22:00:00-07:00,1.14562,1.14635,1.144165,1.14509,
2026-06-22T02:00:00-07:00,1.14509,1.146365,1.14474,1.1455,
2026-06-22T06:00:00-07:00,1.1455,1.14551,1.14254,1.143105,
2026-06-22T10:00:00-07:00,1.143105,1.143365,1.14191,1.14288,
2026-06-22T14:00:00-07:00,1.14288,1.142945,1.14226,1.1427,
2026-06-22T18:00:00-07:00,1.1427,1.1432,1.14189,1.1421,
2026-06-22T22:00:00-07:00,1.1421,1.143915,1.14046,1.140845,
2026-06-23T02:00:00-07:00,1.140845,1.14127,1.138275,1.13889,
2026-06-23T06:00:00-07:00,1.13889,1.14002,1.137575,1.13795,
2026-06-23T10:00:00-07:00,1.13795,1.13829,1.13761,1.13818,
2026-06-23T14:00:00-07:00,1.13818,1.13844,1.13734,1.13764,
2026-06-23T18:00:00-07:00,1.13764,1.1377,1.136125,1.13632,
2026-06-23T22:00:00-07:00,1.13632,1.13751,1.13379,1.13528,
2026-06-24T02:00:00-07:00,1.13528,1.13539,1.132525,1.13292,
2026-06-24T06:00:00-07:00,1.13292,1.136805,1.132455,1.135955,
2026-06-24T10:00:00-07:00,1.135955,1.13613,1.134905,1.136015,
2026-06-24T14:00:00-07:00,1.136015,1.136325,1.13477,1.13535,
2026-06-24T18:00:00-07:00,1.13535,1.13712,1.13533,1.136725,
2026-06-24T22:00:00-07:00,1.136725,1.13724,1.13447,1.13677,
2026-06-25T02:00:00-07:00,1.13677,1.13741,1.133335,1.135365,
2026-06-25T06:00:00-07:00,1.135365,1.13882,1.134935,1.137395,
2026-06-25T10:00:00-07:00,1.137395,1.138055,1.136855,1.136975,
2026-06-25T14:00:00-07:00,1.136975,1.137465,1.136035,1.136495,
2026-06-25T18:00:00-07:00,1.136495,1.137735,1.135435,1.1377,
2026-06-25T22:00:00-07:00,1.1377,1.14076,1.137145,1.14013,
2026-06-26T02:00:00-07:00,1.14013,1.143405,1.13939,1.142735,
2026-06-26T06:00:00-07:00,1.142735,1.142995,1.138305,1.139,
2026-06-26T10:00:00-07:00,1.139,1.13933,1.13808,1.13838,
2026-06-28T14:00:00-07:00,1.13838,1.1393,1.13812,1.13876,
2026-06-28T18:00:00-07:00,1.13876,1.139345,1.138105,1.138285,
2026-06-28T22:00:00-07:00,1.138285,1.141505,1.13825,1.139605,
2026-06-29T02:00:00-07:00,1.139605,1.141175,1.13945,1.14027,
2026-06-29T06:00:00-07:00,1.14027,1.143085,1.14007,1.1426,
2026-06-29T10:00:00-07:00,1.1426,1.14292,1.142145,1.142175,
2026-06-29T14:00:00-07:00,1.142175,1.14267,1.14125,1.14163,
2026-06-29T18:00:00-07:00,1.14163,1.141745,1.13889,1.138905,
2026-06-29T22:00:00-07:00,1.138905,1.14094,1.13826,1.139375,
2026-06-30T02:00:00-07:00,1.139375,1.14029,1.13864,1.13962,
2026-06-30T06:00:00-07:00,1.13962,1.14367,1.13911,1.14142,
2026-06-30T10:00:00-07:00,1.14142,1.14275,1.14141,1.1422,
2026-06-30T14:00:00-07:00,1.1422,1.142335,1.140855,1.140965,
2026-06-30T18:00:00-07:00,1.140965,1.14109,1.140175,1.14087,
2026-06-30T22:00:00-07:00,1.14087,1.14106,1.13931,1.13966,
2026-07-01T02:00:00-07:00,1.13966,1.140055,1.1369,1.137125,
2026-07-01T06:00:00-07:00,1.137125,1.141175,1.13618,1.13824,
2026-07-01T10:00:00-07:00,1.13824,1.1386,1.1374,1.137705,
2026-07-01T14:00:00-07:00,1.137705,1.13834,1.137505,1.13766,
2026-07-01T18:00:00-07:00,1.13766,1.13886,1.13763,1.13869,
2026-07-01T22:00:00-07:00,1.13869,1.142115,1.138155,1.14203,
2026-07-02T02:00:00-07:00,1.14203,1.147285,1.13955,1.14516,
2026-07-02T06:00:00-07:00,1.14516,1.145835,1.143365,1.14378,
2026-07-02T10:00:00-07:00,1.14378,1.14378,1.14262,1.143185,
2026-07-02T14:00:00-07:00,1.143185,1.143615,1.14207,1.14306,
2026-07-02T18:00:00-07:00,1.14306,1.144625,1.14301,1.144615,
2026-07-02T22:00:00-07:00,1.144615,1.146245,1.14456,1.145285,
2026-07-03T02:00:00-07:00,1.145285,1.14573,1.14404,1.14471,
2026-07-03T06:00:00-07:00,1.14471,1.1448,1.143485,1.14376,
2026-07-03T10:00:00-07:00,1.14376,1.14422,1.14342,1.14367,
2026-07-05T14:00:00-07:00,1.14367,1.14418,1.143275,1.143845,
2026-07-05T18:00:00-07:00,1.143845,1.143885,1.142755,1.143295,
2026-07-05T22:00:00-07:00,1.143295,1.14333,1.14153,1.142065,
2026-07-06T02:00:00-07:00,1.142065,1.142145,1.140985,1.14133,
2026-07-06T06:00:00-07:00,1.14133,1.14322,1.140845,1.14307,
2026-07-06T10:00:00-07:00,1.14307,1.14451,1.14302,1.14417,
2026-07-06T14:00:00-07:00,1.14417,1.1448,1.143815,1.143875,
2026-07-06T18:00:00-07:00,1.143875,1.144735,1.14356,1.14357,
2026-07-06T22:00:00-07:00,1.14357,1.14374,1.142495,1.14281,
2026-07-07T02:00:00-07:00,1.14281,1.14424,1.142345,1.143655,
2026-07-07T06:00:00-07:00,1.143655,1.1442,1.1418,1.14236,
2026-07-07T10:00:00-07:00,1.14236,1.143005,1.14083,1.141235,
2026-07-07T14:00:00-07:00,1.141235,1.14148,1.140015,1.140805,
2026-07-07T18:00:00-07:00,1.140805,1.14166,1.13987,1.14146,
2026-07-07T22:00:00-07:00,1.14146,1.14317,1.140065,1.14103,
2026-07-08T02:00:00-07:00,1.14103,1.141495,1.139305,1.139615,
2026-07-08T06:00:00-07:00,1.139615,1.14149,1.139125,1.14142,
2026-07-08T10:00:00-07:00,1.14142,1.143045,1.14142,1.14173,
2026-07-08T14:00:00-07:00,1.14173,1.14303,1.1416,1.14258,
2026-07-08T18:00:00-07:00,1.14258,1.143035,1.141995,1.142685,
2026-07-08T22:00:00-07:00,1.142685,1.14494,1.142545,1.142665,
2026-07-09T02:00:00-07:00,1.142665,1.143615,1.14211,1.142485,
2026-07-09T06:00:00-07:00,1.142485,1.144605,1.14239,1.14369,
2026-07-09T10:00:00-07:00,1.14369,1.144075,1.14255,1.143,
2026-07-09T14:00:00-07:00,1.143,1.14422,1.142945,1.144025,
2026-07-09T18:00:00-07:00,1.144025,1.1461,1.14381,1.14428,
2026-07-09T22:00:00-07:00,1.14428,1.144755,1.14304,1.143065,
2026-07-10T02:00:00-07:00,1.143065,1.144185,1.142335,1.142925,
2026-07-10T06:00:00-07:00,1.142925,1.144135,1.14118,1.14296,
2026-07-10T10:00:00-07:00,1.14296,1.14313,1.14115,1.1414,
2026-07-12T14:00:00-07:00,1.1414,1.1414,1.138845,1.13956,
2026-07-12T18:00:00-07:00,1.13956,1.140515,1.13844,1.140395,
2026-07-12T22:00:00-07:00,1.140395,1.144595,1.13957,1.143605,
2026-07-13T02:00:00-07:00,1.143605,1.14374,1.14205,1.143095,
2026-07-13T06:00:00-07:00,1.143095,1.14333,1.13828,1.13888,
2026-07-13T10:00:00-07:00,1.13888,1.13909,1.137755,1.13818,
2026-07-13T14:00:00-07:00,1.13818,1.138955,1.137825,1.13848,
2026-07-13T18:00:00-07:00,1.13848,1.139675,1.138455,1.13907,
2026-07-13T22:00:00-07:00,1.13907,1.140595,1.13842,1.13996,
2026-07-14T02:00:00-07:00,1.13996,1.14625,1.13899,1.14461,
2026-07-14T06:00:00-07:00,1.14461,1.14591,1.14242,1.1432,
2026-07-14T10:00:00-07:00,1.1432,1.143345,1.141605,1.14195,
2026-07-14T14:00:00-07:00,1.14195,1.143415,1.141745,1.14332,
2026-07-14T18:00:00-07:00,1.14332,1.14424,1.143235,1.1437,
2026-07-14T22:00:00-07:00,1.1437,1.14439,1.141985,1.14244,
2026-07-15T02:00:00-07:00,1.14244,1.143025,1.140605,1.14284,
2026-07-15T06:00:00-07:00,1.14284,1.14423,1.142365,1.14422,
2026-07-15T10:00:00-07:00,1.14422,1.14827,1.14421,1.146345,
2026-07-15T14:00:00-07:00,1.146345,1.14747,1.146325,1.147385,
2026-07-15T18:00:00-07:00,1.147385,1.14741,1.14603,1.14663,
2026-07-15T22:00:00-07:00,1.14663,1.14764,1.146225,1.146595,
2026-07-16T02:00:00-07:00,1.146595,1.14707,1.144695,1.144765,
2026-07-16T06:00:00-07:00,1.144765,1.145915,1.143415,1.143485,
2026-07-16T10:00:00-07:00,1.143485,1.144455,1.1431,1.144335,
2026-07-16T14:00:00-07:00,1.144335,1.14469,1.143935,1.14469,
2026-07-16T18:00:00-07:00,1.14469,1.144825,1.14346,1.14363,
2026-07-16T22:00:00-07:00,1.14363,1.145225,1.14357,1.14413,
2026-07-17T02:00:00-07:00,1.14413,1.14425,1.14245,1.14292,
2026-07-17T06:00:00-07:00,1.14292,1.14445,1.14245,1.143835,
2026-07-17T10:00:00-07:00,1.143835,1.14425,1.14333,1.143895,
2026-07-19T14:00:00-07:00,1.143895,1.143895,1.142385,1.14334,
2026-07-19T18:00:00-07:00,1.14334,1.14452,1.14312,1.14445,
2026-07-19T22:00:00-07:00,1.14445,1.144965,1.143415,1.143895,
2026-07-20T02:00:00-07:00,1.143895,1.14405,1.1417,1.14237,
2026-07-20T06:00:00-07:00,1.14237,1.14247,1.140245,1.14117,
2026-07-20T10:00:00-07:00,1.14117,1.1419,1.14113,1.14145,
2026-07-20T14:00:00-07:00,1.14145,1.141845,1.141025,1.14133,
2026-07-20T18:00:00-07:00,1.14133,1.14182,1.1409,1.1418,
2026-07-20T22:00:00-07:00,1.1418,1.14278,1.14159,1.1421,
2026-07-21T02:00:00-07:00,1.1421,1.14288,1.14134,1.14173,
2026-07-21T06:00:00-07:00,1.14173,1.141965,1.14026,1.140815,
2026-07-21T10:00:00-07:00,1.140815,1.14106,1.139735,1.139855,
2026-07-21T14:00:00-07:00,1.139855,1.14073,1.139655,1.140395,
2026-07-21T18:00:00-07:00,1.140395,1.14102,1.13987,1.140839,
2026-07-21T22:00:00-07:00,1.140839,1.14184,1.14035,1.14101,
2026-07-22T02:00:00-07:00,1.141009,1.141375,1.14005,1.140785,
2026-07-22T06:00:00-07:00,1.140785,1.14217,1.140615,1.14094,
2026-07-22T10:00:00-07:00,1.14094,1.14128,1.140805,1.1412,